Price,Adj Close,Close,High,Low,Open,Volume,RSI,MACD,SMA20,SMA50,Return_20D,Volatility
Ticker,AAPL,,AAPL,AAPL,AAPL,AAPL,,,,,,
Date,,,,,,,,,,,,
2018-01-02,40.26707077026367,43.06499862670898,43.07500076293945,42.314998626708984,42.540000915527344,102223600,,,,,,
2018-01-03,40.260066986083984,43.057498931884766,43.63750076293945,42.9900016784668,43.13249969482422,118071600,,,,,,
2018-01-04,40.44707107543945,43.25749969482422,43.36750030517578,43.02000045776367,43.1349983215332,89738400,,,,,,
2018-01-05,40.907562255859375,43.75,43.842498779296875,43.26250076293945,43.36000061035156,94640000,,,,,,
2018-01-08,40.75563430786133,43.587501525878906,43.90250015258789,43.48249816894531,43.587501525878906,82271200,,,,,,
2018-01-09,40.7509651184082,43.58250045776367,43.76499938964844,43.352500915527344,43.63750076293945,86336000,,,,,,
2018-01-10,40.741615295410156,43.5724983215332,43.57500076293945,43.25,43.290000915527344,95839600,,,,,,
2018-01-11,40.9730224609375,43.81999969482422,43.872501373291016,43.622501373291016,43.647499084472656,74670800,,,,,,
2018-01-12,41.396121978759766,44.272499084472656,44.34000015258789,43.912498474121094,44.04499816894531,101672400,,,,,,
2018-01-16,41.18574142456055,44.04750061035156,44.84749984741211,44.03499984741211,44.474998474121094,118263600,,,,,,
2018-01-17,41.865989685058594,44.775001525878906,44.8125,43.76750183105469,44.037498474121094,137547200,,,,,,
2018-01-18,41.90337371826172,44.81499862670898,45.025001525878906,44.5625,44.842498779296875,124773600,84.31752110420399,,,,,
2018-01-19,41.71637725830078,44.6150016784668,44.89500045776367,44.352500915527344,44.65250015258789,129700400,75.89633830615611,,,,,
2018-01-22,41.37508773803711,44.25,44.44499969482422,44.150001525878906,44.32500076293945,108434400,63.44277550650531,,,,,
2018-01-23,41.384429931640625,44.2599983215332,44.86000061035156,44.20500183105469,44.32500076293945,130756400,63.61887811936369,,,,,
2018-01-24,40.725242614746094,43.55500030517578,44.32500076293945,43.29999923706055,44.3125,204420400,46.580099068368575,,,,,
2018-01-25,39.99824905395508,42.77750015258789,43.73749923706055,42.63249969482422,43.627498626708984,166116000,35.33909392598869,,,,,
2018-01-26,40.09175491333008,42.87749862670898,43.0,42.51499938964844,43.0,156572000,37.43053090314933,,,,,
2018-01-29,39.261924743652344,41.9900016784668,42.540000915527344,41.76750183105469,42.540000915527344,202561600,28.59160162759666,,,,,
2018-01-30,39.03050231933594,41.74250030517578,41.842498779296875,41.17499923706055,41.38249969482422,184192800,26.69816606431087,,43.583499908447266,,,0.8399605599667227
2018-01-31,39.13802719116211,41.85749816894531,42.11000061035156,41.625,41.717498779296875,129915600,29.049238187221945,,43.523124885559085,,-0.028039022321360796,0.9188802299113608
2018-02-01,39.2198371887207,41.94499969482422,42.154998779296875,41.689998626708984,41.79249954223633,188923200,30.8662255916951,,43.46749992370606,,-0.025837525742507195,0.9801789719173731
2018-02-02,37.518089294433594,40.125,41.70000076293945,40.025001525878906,41.5,346375200,19.61460971810338,,43.310874938964844,,-0.07241518157368265,1.2331355722140094
2018-02-05,36.58071517944336,39.122501373291016,40.970001220703125,39.0,39.775001525878906,290954000,16.127302176130172,,43.07950000762939,,-0.10577139718191964,1.5418853561575443
2018-02-06,38.1094970703125,40.75749969482422,40.93000030517578,38.5,38.70750045776367,272975200,36.08574019706316,,42.93799991607666,,-0.06492691097181724,1.6206556985411382
2018-02-07,37.29368209838867,39.8849983215332,40.849998474121094,39.76750183105469,40.772499084472656,206434400,31.74455184763096,-0.8751670822429958,42.75312480926514,,-0.0848391463866045,1.7490724557942154
2018-02-08,36.26748275756836,38.78749847412109,40.25,38.75749969482422,40.0724983215332,217562000,27.296207890652383,-1.0216304497504467,42.51387481689453,,-0.1098169724421656,1.9471415318647174
2018-02-09,36.71109390258789,39.102500915527344,39.47249984741211,37.560001373291016,39.26750183105469,282690400,30.314529623354588,-1.099610039226718,42.27799987792969,,-0.10765629420700518,2.062887765381925
2018-02-12,38.18977355957031,40.6775016784668,40.97249984741211,39.377498626708984,39.625,243278000,43.0461357633885,-1.0225329041462743,42.098250007629396,,-0.08120159196675447,2.0364052409604203
2018-02-13,38.57234573364258,41.084999084472656,41.1875,40.412498474121094,40.48749923706055,130196800,45.804991620101724,-0.9179851231437937,41.95012493133545,,-0.06725697224197758,1.9944694395322526
2018-02-14,39.28351974487305,41.84249877929688,41.8849983215332,40.720001220703125,40.7599983215332,162579600,50.595832001856856,-0.7651857735046548,41.80349979400635,,-0.06549419646333465,1.8803965924856545
2018-02-15,40.60260009765625,43.247501373291016,43.272499084472656,42.25,42.4474983215332,204588800,58.01022074145331,-0.5246711385285323,41.72512493133545,,-0.034977067978392395,1.7781583985335896
2018-02-16,40.47114181518555,43.10749816894531,43.70500183105469,42.942501068115234,43.09000015258789,160704400,57.0907809825495,-0.341422934964811,41.649749755859375,,-0.033789161779838595,1.678361330021572
2018-02-20,40.33501052856445,42.962501525878906,43.564998626708984,42.85499954223633,43.01250076293945,135722000,56.09908356190295,-0.2055282292268501,41.58537483215332,,-0.029096010714600995,1.596050579425692
2018-02-21,40.15194320678711,42.76750183105469,43.529998779296875,42.752498626708984,43.20750045776367,149886400,54.72238492108787,-0.1122713473471677,41.5107500076294,,-0.033721114936246854,1.4961812395931795
2018-02-22,40.487579345703125,43.125,43.48749923706055,42.9275016784668,42.95000076293945,123967600,56.81477603364804,-0.009409020746687702,41.4892499923706,,-0.009872581842794381,1.468085155966752
2018-02-23,41.19171905517578,43.875,43.912498474121094,43.3849983215332,43.41749954223633,135249600,60.897380450845965,0.13111740631348567,41.54412498474121,,0.025656007094788436,1.5376365289159788
2018-02-26,42.00615310668945,44.74250030517578,44.84749984741211,44.0525016784668,44.087501525878906,152648800,65.0169585930726,0.30892454694372873,41.637375068664554,,0.0434960466025196,1.6733201106957063
2018-02-27,41.870033264160156,44.59749984741211,45.119998931884766,44.540000915527344,44.775001525878906,155712400,63.80692034825717,0.4331446400153993,41.76774997711182,,0.062098072510496705,1.7990939899539067
2018-02-28,41.80664825439453,44.52999877929688,45.154998779296875,44.51250076293945,44.814998626708984,151128400,63.217082211198985,0.5201472529140361,41.90712490081787,,0.06677842615420593,1.902061458151954
2018-03-01,41.07435607910156,43.75,44.94499969482422,43.165000915527344,44.6349983215332,195208000,56.695114242762926,0.5201619643532354,42.001749992370605,,0.04521297052719597,1.9460292322248274
2018-03-02,41.358360290527344,44.0525016784668,44.07500076293945,43.11249923706055,43.20000076293945,153816000,58.48398286375256,0.53837690676189,42.10712509155273,,0.05024441528134349,1.9991294069906285
2018-03-05,41.50152587890625,44.20500183105469,44.435001373291016,43.630001068115234,43.8025016784668,113605600,59.394634240539816,0.5586777780091623,42.31112518310547,,0.10168228862441597,1.9943841619131346
2018-03-06,41.46632385253906,44.16749954223633,44.5625,44.032501220703125,44.477500915527344,95154000,59.051597767739494,0.565224685114714,42.563375091552736,,0.12895387543879133,1.885959188526998
2018-03-07,41.081398010253906,43.75749969482422,43.962501525878906,43.567501068115234,43.73500061035156,126814000,55.29180054333892,0.531206180801405,42.713375091552734,,0.07360608532080715,1.8537976210248097
2018-03-08,41.529693603515625,44.23500061035156,44.279998779296875,43.76750183105469,43.869998931884766,95096400,58.59800167637918,0.536591115916508,42.93087520599365,,0.10906361970359835,1.7571545455989945
2018-03-09,42.24321746826172,44.994998931884766,45.0,44.34749984741211,44.4900016784668,128740800,63.255546003390556,0.5953217304347831,43.24125022888184,,0.16003869035032792,1.5188401523976605
2018-03-12,42.6515998840332,45.43000030517578,45.59749984741211,45.0525016784668,45.0724983215332,128828400,65.63826822499439,0.6692524156853139,43.557625198364256,,0.16181827866503107,1.2458383639680235
2018-03-13,42.24087142944336,44.99250030517578,45.875,44.810001373291016,45.647499084472656,126774000,61.33070476064149,0.6846482241786376,43.77337512969971,,0.10607826067629889,1.0839242976676453
2018-03-14,41.88176727294922,44.61000061035156,45.130001068115234,44.45249938964844,45.08000183105469,117473600,57.76166030441289,0.6583954121668683,43.949625205993655,43.080149993896484,0.08579777545160305,0.8936689727676599
2018-03-15,41.93105697631836,44.66249847412109,45.060001373291016,44.51750183105469,44.625,90975200,58.121870910050575,0.6345117518638546,44.09062519073486,43.112099990844726,0.06739558528037781,0.755500079391503
2018-03-16,41.78318405151367,44.505001068115234,44.779998779296875,44.404998779296875,44.662498474121094,157618800,56.563389800359595,0.5960046836047468,44.153500175476076,43.141050033569336,0.029076817270207167,0.7336502591167804
2018-03-19,41.1447639465332,43.82500076293945,44.36750030517578,43.415000915527344,44.33000183105469,133787200,50.29305975537337,0.5047982133751248,44.18937530517578,43.15240005493164,0.01664449630507736,0.6964066612597218
2018-03-20,41.13068771362305,43.810001373291016,44.20000076293945,43.73500061035156,43.810001373291016,78597600,50.16096971918473,0.42639093395403904,44.231750297546384,43.15360008239746,0.019726501421282627,0.6414397879356066
2018-03-21,40.19889450073242,42.817501068115234,43.772499084472656,42.814998626708984,43.7599983215332,148219600,42.253056780913965,0.28092775981860996,44.23425025939942,43.13820007324219,0.0011690941701028024,0.6355025920079909
2018-03-22,39.63088607788086,42.212501525878906,43.16999816894531,42.150001525878906,42.5,165963200,38.29032987315563,0.11549735779828296,44.18862533569336,43.11080009460449,-0.021159384907155743,0.7429955895165236
2018-03-23,38.71316909790039,41.23500061035156,42.47999954223633,41.23500061035156,42.09749984741211,164115200,32.91849353300691,-0.09340684625172457,44.05662536621094,43.06405014038086,-0.06017092625979348,0.9938194478314909
2018-03-26,40.55094528198242,43.192501068115234,43.275001525878906,41.61000061035156,42.01750183105469,150164800,48.500022934338524,-0.09985988303621696,43.97912540435791,43.05150016784668,-0.03464266025565055,0.9979459507510713
2018-03-27,39.511192321777344,42.084999084472656,43.787498474121094,41.72999954223633,43.41999816894531,163690400,42.48702660298336,-0.19212541330853838,43.85350036621094,43.00775016784668,-0.05633725593443206,1.0714407626983244
2018-03-28,39.074615478515625,41.619998931884766,42.505001068115234,41.29750061035156,41.8125,166674000,40.23169408737021,-0.29931778779319274,43.708000373840335,42.959200134277346,-0.06534920114942933,1.1679760823545255
2018-03-29,39.3797492980957,41.94499969482422,42.9375,41.724998474121094,41.95249938964844,153594000,42.52798361682373,-0.35396340166727924,43.617750358581546,42.90260009765625,-0.041257149832589324,1.2325134902778718
2018-04-02,39.1215705871582,41.66999816894531,42.23500061035156,41.11750030517578,41.65999984741211,150347200,41.08944546028701,-0.4146805895114767,43.49862518310547,42.839700088500976,-0.0540832737925091,1.3014893149988775
2018-04-03,39.522918701171875,42.09749984741211,42.1875,41.220001220703125,41.90999984741211,121112000,44.2466654585189,-0.4234226331070303,43.39325008392334,42.789350051879886,-0.04767564520633105,1.3263666300931758
2018-04-04,40.278690338134766,42.90250015258789,43.002498626708984,41.192501068115234,41.220001220703125,138422000,49.71202555137954,-0.3612299348489856,43.33000011444092,42.76240005493164,-0.02864095551614254,1.3176350906411065
2018-04-05,40.55799102783203,43.20000076293945,43.557498931884766,43.02000045776367,43.14500045776367,107732800,51.60030831434406,-0.2846546389794682,43.30212516784668,42.741200103759766,-0.012740648706459523,1.3140072517803867
2018-04-06,39.520572662353516,42.095001220703125,43.119998931884766,42.04999923706055,42.74250030517578,140021200,44.86214084528227,-0.3095639331748572,43.19512519836426,42.712000122070314,-0.04837796677112849,1.3211557512080403
2018-04-09,39.91254425048828,42.51250076293945,43.272499084472656,42.462501525878906,42.470001220703125,116070800,47.643996436384256,-0.29224716106207893,43.071000289916995,42.70670013427734,-0.05517275759253637,1.2582755255409734
2018-04-10,40.66361618041992,43.3125,43.5,42.88249969482422,43.25,113634400,52.580916447418815,-0.21153183452943836,42.965125274658206,42.71540016174316,-0.04661017589591643,1.1320949217732585
2018-04-11,40.4734992980957,43.11000061035156,43.47999954223633,42.92499923706055,43.057498931884766,89726400,51.263223140652734,-0.16203650910368594,42.87100028991699,42.73780014038086,-0.04184029965117686,1.0281482695569681
2018-04-12,40.87250518798828,43.53499984741211,43.75,43.2599983215332,43.352500915527344,91557200,53.87577195955315,-0.0875084772911805,42.81725025177002,42.77365013122559,-0.024097752706374154,0.9581693176802534
2018-04-13,41.01099395751953,43.682498931884766,43.959999084472656,43.462501525878906,43.69499969482422,100497200,54.78172862326693,-0.016354012838647236,42.7682502746582,42.810150146484375,-0.02194233586829375,0.880770437465328
2018-04-16,41.26682662963867,43.95500183105469,44.04750061035156,43.70750045776367,43.75749969482422,86313600,56.482359798539754,0.0613182804734862,42.740750312805176,42.85035018920898,-0.012358144564894369,0.8308627629645924
2018-04-17,41.83481979370117,44.560001373291016,44.73500061035156,44.102500915527344,44.122501373291016,106421600,60.07269335156089,0.16973592925286596,42.77750034332276,42.93905021667481,0.016771262921987606,0.8951150991659804
2018-04-18,41.740928649902344,44.459999084472656,44.70500183105469,44.220001220703125,44.45249938964844,83018000,59.20322376794268,0.24476682842780662,42.81000022888183,43.04580017089844,0.014836742542946313,0.9449870107768379
2018-04-19,40.55799102783203,43.20000076293945,43.84749984741211,43.165000915527344,43.439998626708984,139235200,49.48483765663631,0.2002496687596107,42.829125213623044,43.094650192260744,0.008933255918315508,0.9490088295676788
2018-04-20,38.896240234375,41.43000030517578,42.80500030517578,41.35749816894531,42.650001525878906,261964400,39.640690447750934,0.021892886989881788,42.79000015258789,43.125550231933595,-0.018537191410544662,0.9909710214702292
2018-04-23,38.78358459472656,41.310001373291016,41.72999954223633,41.022499084472656,41.70750045776367,146062000,39.07318060333101,-0.12766738830187307,42.79375019073486,43.17600028991699,0.001818861691022411,0.9849001898970114
2018-04-24,38.243751525878906,40.73500061035156,41.58250045776367,40.30500030517578,41.41749954223633,134768000,36.38516225374763,-0.28925834988115895,42.67087516784668,43.208650283813476,-0.05689646112153024,1.081130535101439
2018-04-25,38.410404205322266,40.91249847412109,41.35499954223633,40.602500915527344,40.654998779296875,113528400,37.80749403373739,-0.3984051899074643,42.6122501373291,43.213350219726564,-0.027860297869987782,1.1445045209850637
2018-04-26,38.54417419433594,41.05500030517578,41.432498931884766,40.842498779296875,41.029998779296875,111852000,38.98693798836902,-0.46801119839200567,42.584000205993654,43.21275024414062,-0.013575171581182932,1.1768026437673
2018-04-27,38.09822082519531,40.58000183105469,41.08250045776367,40.157501220703125,41.0,142623200,36.50201708540713,-0.5551039756429219,42.515750312805174,43.18750030517578,-0.03254256463704219,1.2529323848740008
2018-04-30,38.78826904296875,41.31499862670898,41.814998626708984,40.459999084472656,40.532501220703125,169709600,42.59869335894239,-0.5583808632871055,42.49800033569336,43.14885025024414,-0.008519307843428248,1.2679689177106268
2018-05-01,39.6895751953125,42.275001525878906,42.29999923706055,41.317501068115234,41.602500915527344,214277600,49.42853345444998,-0.4780034828661499,42.5068754196167,43.13220031738281,0.004216442285412958,1.2656371566817766
2018-05-02,41.44285583496094,44.14250183105469,44.4375,43.45000076293945,43.807498931884766,266157600,59.51902907007351,-0.2606080353101703,42.56887550354004,43.155800323486325,0.028902783615327277,1.3154303969548282
2018-05-03,41.5179557800293,44.22249984741211,44.375,43.61000061035156,43.970001220703125,136272800,59.888246182376875,-0.08093246642941665,42.62000045776367,43.18490028381348,0.02366895987071005,1.3603533715474334
2018-05-04,43.146854400634766,45.95750045776367,46.0625,44.54249954223633,44.5625,224805200,66.9325316107994,0.19916590507419585,42.813125419616696,43.24155029296875,0.0917567199204854,1.5437139366748631
2018-05-07,43.45901870727539,46.290000915527344,46.91749954223633,46.1875,46.29499816894531,169805600,68.0891265415774,0.4428707522553381,43.002000427246095,43.289850311279295,0.08885622075380128,1.725395672502567
2018-05-08,43.667903900146484,46.51250076293945,46.55500030517578,45.91749954223633,46.247501373291016,113611200,68.87369361676748,0.6465099137747998,43.162000465393064,43.32525032043457,0.07388169149643753,1.8956739765943418
2018-05-09,43.97537612915039,46.84000015258789,46.849998474121094,46.30500030517578,46.63750076293945,92844800,70.04125691953223,0.8248139384839348,43.348500442504886,43.370100326538086,0.08652283668353,2.0661093562797737
2018-05-10,44.60440444946289,47.5099983215332,47.592498779296875,46.912498474121094,46.935001373291016,111957200,72.32811589055699,1.0085583822775206,43.54725036621094,43.42970031738281,0.0913058111416849,2.266467242854215
2018-05-11,44.43476104736328,47.147499084472656,47.51499938964844,46.86249923706055,47.372501373291016,104848800,69.2481756164041,1.112106843463927,43.72050037384033,43.49765029907226,0.0793223885380494,2.4055176579518944
2018-05-14,44.33108139038086,47.03749847412109,47.38249969482422,46.96500015258789,47.252498626708984,83115200,68.29775844473791,1.1717859954940195,43.87462520599365,43.55735023498535,0.07012846125940975,2.517477695900293
2018-05-15,43.92818832397461,46.61000061035156,46.76750183105469,46.275001525878906,46.69499969482422,94780800,64.58771176436406,1.1710870856386109,43.97712516784668,43.60545021057129,0.04600536745695227,2.5876081040852235
2018-05-16,44.338165283203125,47.04499816894531,47.1150016784668,46.5,46.51750183105469,76732400,66.57725159226077,1.191894444863209,44.10637512207031,43.66300018310547,0.058142130852527396,2.676045440810778
2018-05-17,44.05778121948242,46.747501373291016,47.227500915527344,46.59000015258789,47.0,69176000,63.93182388620328,1.1708817261423832,44.28375015258789,43.722800216674806,0.08211806823380674,2.7298347761007706
2018-05-18,43.897552490234375,46.57749938964844,46.95249938964844,46.532501220703125,46.79750061035156,73190800,62.40583416780505,1.1275139765845807,44.54112510681152,43.76965019226074,0.12424569265160224,2.688968890828763
2018-05-21,44.20856857299805,46.907501220703125,47.317501068115234,46.727500915527344,47.0,73603200,64.19254790588123,1.1070121652877063,44.82100009918213,43.80790023803711,0.1354998707657069,2.6255174459928203
2018-05-22,44.09783172607422,46.790000915527344,47.220001220703125,46.69499969482422,47.095001220703125,60962800,63.043645417791545,1.0689607256503493,45.12375011444092,43.83510025024414,0.14864367778202725,2.4743092207970094
2018-05-23,44.38056945800781,47.09000015258789,47.125,46.439998626708984,46.587501525878906,80233600,64.77701264840482,1.050898018627045,45.432625198364256,43.877050247192386,0.15099301946505017,2.300404298188339
2018-05-24,44.33108139038086,47.03749847412109,47.209999084472656,46.5525016784668,47.192501068115234,92936000,64.20941849350304,1.0205821112111266,45.731750106811525,43.92560020446777,0.1457191115448877,2.079572869555663
2018-05-25,44.43241500854492,47.14500045776367,47.412498474121094,46.912498474121094,47.057498931884766,69844000,64.88784446299495,0.9937754233415248,46.060000038146974,43.975250244140625,0.16177916043574414,1.7086413344389912
2018-05-29,44.272186279296875,46.97499847412109,47.1875,46.717498779296875,46.900001525878906,90056400,62.858662290898586,0.9478865447104781,46.34300003051758,44.024650192260744,0.13699624919636522,1.3016194935736347
2018-05-30,44.177940368652344,46.875,47.0,46.69499969482422,46.93000030517578,74762000,61.637628509818086,0.8931545074518681,46.57299995422363,44.08565017700195,0.1088113142066991,0.8845595291222262
2018-05-31,44.029502868652344,46.71749877929688,47.057498931884766,46.53499984741211,46.80500030517578,109931200,59.67153140860954,0.827530682792009,46.70174980163574,44.14380012512207,0.0583337337357408,0.6746731750771386
2018-06-01,44.82353210449219,47.560001373291016,47.564998626708984,46.9375,46.997501373291016,93770000,65.93164497809845,0.8338936403965818,46.86862487792969,44.23865013122558,0.07547066623087373,0.37567227971459677
2018-06-04,45.19814682006836,47.95750045776367,48.35499954223633,47.837501525878906,47.90999984741211,105064800,68.42223072323786,0.8610851308379068,46.968624877929685,44.35355010986328,0.043518467716451736,0.3864116902250608
2018-06-05,45.5468635559082,48.32749938964844,48.48500061035156,48.09000015258789,48.26750183105469,86264000,70.5783203828514,0.902091653461234,47.07049980163574,44.49540008544922,0.04401595234010114,0.45971417591225855
2018-06-06,45.70473098754883,48.494998931884766,48.52000045776367,47.97999954223633,48.407501220703125,83734400,71.52614815133835,0.9373008109831318,47.169624710083006,44.60145004272461,0.04262291075359559,0.5398208885488467
2018-06-07,45.582210540771484,48.3650016784668,48.54999923706055,48.084999084472656,48.53499984741211,85388800,69.65075203818222,0.9438346912648612,47.24587478637695,44.72705009460449,0.03255767551048239,0.5956295876280626
2018-06-08,45.167518615722656,47.92499923706055,48.0,47.442501068115234,47.79249954223633,106627200,63.57474340039704,0.9030979674843564,47.26662483215332,44.85315010070801,0.008735022736030107,0.6123103357130685
2018-06-11,45.056793212890625,47.807498931884766,47.99250030517578,47.5525016784668,47.837501525878906,73234000,62.01883240439449,0.8515167724572876,47.299624824523924,44.97040008544922,0.013998618383333827,0.6232397889158913
2018-06-12,45.304176330566406,48.06999969482422,48.15250015258789,47.787498474121094,47.84749984741211,67644400,64.13084975226155,0.8223404922294577,47.351249885559085,45.0984001159668,0.021950598016414302,0.6428388164166634
2018-06-13,44.93191146850586,47.67499923706055,48.220001220703125,47.61000061035156,48.10499954223633,86553600,58.82961665837545,0.758600173571466,47.40449981689453,45.209950103759766,0.022849144234348362,0.6219766954851063
2018-06-14,44.95547866821289,47.70000076293945,47.89250183105469,47.55500030517578,47.88750076293945,86440400,59.06029573623298,0.7020105849657057,47.437249946594235,45.3059001159668,0.013922895514671518,0.6192896244098918
2018-06-15,44.49365997314453,47.209999084472656,47.540000915527344,47.064998626708984,47.50749969482422,246876800,52.81444305837043,0.6105854390867336,47.46037483215332,45.38610008239746,0.009893527944701885,0.6005290558925127
2018-06-18,44.47010803222656,47.185001373291016,47.30500030517578,46.79999923706055,46.970001220703125,73939600,52.50935852338451,0.5300036932572496,47.49074993133545,45.48790008544922,0.013042820924336507,0.5680055760620014
2018-06-19,43.75147247314453,46.42250061035156,46.58250045776367,45.86249923706055,46.28499984741211,134314000,44.13461442046959,0.4000036469938806,47.46649990081787,45.56610008239746,-0.010339510690829612,0.6034633651305563
2018-06-20,43.94232177734375,46.625,46.79999923706055,46.432498931884766,46.587501525878906,82514800,46.571718935187846,0.30974711024104096,47.4582498550415,45.63235008239746,-0.0035264140264760213,0.6142304800107439
2018-06-21,43.69728469848633,46.3650016784668,47.087501525878906,46.23500061035156,46.8125,102847600,43.92231552936664,0.21476281095065985,47.42199993133545,45.69745010375976,-0.01539601766344978,0.6570109813134676
2018-06-22,43.57005310058594,46.22999954223633,46.537498474121094,46.17499923706055,46.529998779296875,108801600,42.56816926790054,0.12712807202442633,47.38162498474121,45.75135009765625,-0.017167131715752793,0.7049459103000291
2018-06-25,42.92210388183594,45.54249954223633,46.22999954223633,45.182498931884766,45.849998474121094,126652400,36.41162321128567,0.0021763184836487426,47.301499938964845,45.78855010986328,-0.033990898291813454,0.8156371987533553
2018-06-26,43.454593658447266,46.10749816894531,46.63249969482422,45.6349983215332,45.747501373291016,98276800,43.62734856895938,-0.050674040347686855,47.258124923706056,45.8316000366211,-0.018467276920800524,0.855982843565923
2018-06-27,43.390987396240234,46.040000915527344,46.81999969482422,46.00749969482422,46.307498931884766,101141200,42.99959382792973,-0.09688793098280968,47.21637496948242,45.86120002746582,-0.017813313802083286,0.8951214607288008
2018-06-28,43.70671463012695,46.375,46.5525016784668,45.95000076293945,46.025001525878906,69460800,47.07032664158179,-0.10526768549988219,47.199250030517575,45.899500045776364,-0.007331273896210022,0.9083465393413437
2018-06-29,43.61482238769531,46.27750015258789,46.79750061035156,45.727500915527344,46.5724983215332,90950800,46.03976785140153,-0.11841115409741576,47.13512496948242,45.961050033569336,-0.02696596265077822,0.9266242102165615
2018-07-02,44.102542877197266,46.79499816894531,46.82500076293945,45.85499954223633,45.95500183105469,70925200,52.04154886544049,-0.08607743555018743,47.07699985504151,46.06834999084472,-0.02424026018291292,0.9086088362920621
2018-07-03,43.33443832397461,45.97999954223633,46.98749923706055,45.8849983215332,46.9474983215332,55819200,43.7823443674921,-0.12477794610621373,46.9596248626709,46.16174995422363,-0.048574825452585624,0.8900015716702524
2018-07-05,43.683143615722656,46.34999847412109,46.602500915527344,46.06999969482422,46.314998626708984,66416800,47.83029029604097,-0.12416130372931633,46.85237483978271,46.27404991149902,-0.04423137447175762,0.8218775874707014
2018-07-06,44.28867721557617,46.99250030517578,47.10749816894531,46.29999923706055,46.35499954223633,69940800,54.02149797643487,-0.07100952840711017,46.78374977111817,46.395649948120116,-0.028377986677545874,0.7423851957641778
2018-07-09,44.903629302978516,47.64500045776367,47.66999816894531,47.32500076293945,47.375,79026400,59.303568689193014,0.023494120025077336,46.76974983215332,46.527449951171874,-0.005842436802384943,0.7220935292540098
2018-07-10,44.84944152832031,47.587501525878906,47.81999969482422,47.54499816894531,47.6775016784668,63756400,58.66400333042864,0.09268089138114277,46.75874996185303,46.66759994506836,-0.004601734265984203,0.7069704427114517
2018-07-11,44.26747131347656,46.970001220703125,47.44499969482422,46.90250015258789,47.125,75326000,52.15836179928994,0.09657157517735726,46.70375003814697,46.78069999694824,-0.022883263596931824,0.6391230970503018
2018-07-12,45.009666442871094,47.75749969482422,47.852500915527344,47.32749938964844,47.38249969482422,72164400,58.48181135542975,0.16133969203957577,46.70787506103515,46.89034996032715,0.0017304763310732607,0.6459514136348684
2018-07-13,45.08034896850586,47.83250045776367,47.959999084472656,47.724998474121094,47.77000045776367,50055600,59.03712594018102,0.21622828101750713,46.71450004577637,46.964149932861325,0.0027777713355334743,0.6572431422593545
2018-07-16,44.98139190673828,47.727500915527344,48.162498474121094,47.60499954223633,47.880001068115234,60172400,57.87015053798193,0.2483919894569624,46.7403751373291,47.03424995422363,0.010961699663004199,0.687277752417849
2018-07-17,45.108619689941406,47.86249923706055,47.967498779296875,47.29999923706055,47.4375,62138000,58.99249328986595,0.28152989505795745,46.77425003051758,47.07234992980957,0.014358330911335537,0.72595430145154
2018-07-18,44.861228942871094,47.59999847412109,47.95000076293945,47.48249816894531,47.94499969482422,65573600,55.875445354357616,0.28334409191760557,46.83312492370605,47.098549880981444,0.025364809053542325,0.7434624219679736
2018-07-19,45.20994186401367,47.970001220703125,48.13750076293945,47.42250061035156,47.42250061035156,81147200,59.15171486048573,0.31105236733934305,46.900374984741205,47.12769989013672,0.02884721116789546,0.7834038886172731
2018-07-20,45.106266021728516,47.86000061035156,48.10749816894531,47.54249954223633,47.94499969482422,82704800,57.778185294400934,0.3204413963472561,46.97512493133544,47.14809989929199,0.032244125477495444,0.8007633553860242
2018-07-23,45.14631271362305,47.90250015258789,47.9900016784668,47.38999938964844,47.66999816894531,63957600,58.18220785150049,0.32753599627433516,47.058749961853025,47.155949935913085,0.03617782017980642,0.8061659459632005
2018-07-24,45.47382354736328,48.25,48.415000915527344,48.01250076293945,48.11249923706055,74791600,61.4319675652273,0.3570826251130441,47.19412498474121,47.17799995422363,0.059449974967946684,0.7643952029009524
2018-07-25,45.902645111083984,48.70500183105469,48.712501525878906,48.10749816894531,48.26499938964844,66839600,65.2408890481531,0.4124588179897515,47.32400016784668,47.21135002136231,0.05633581879874949,0.7902811039626306
2018-07-26,45.75892639160156,48.5525016784668,48.9900016784668,48.40250015258789,48.65250015258789,76304000,62.995328854242466,0.438979084362046,47.44962520599365,47.25020004272461,0.05457212669368339,0.7749794265445169
2018-07-27,44.997867584228516,47.744998931884766,48.79750061035156,47.525001525878906,48.747501373291016,96096000,52.65960612407276,0.39033828667155746,47.518125152587885,47.2642000579834,0.029541755943606862,0.7344833691177142
2018-07-30,44.74576950073242,47.477500915527344,48.04999923706055,47.26750183105469,47.974998474121094,84118000,49.747767263163304,0.32644222692916713,47.57812519073486,47.278800048828124,0.025930544194970873,0.6743554590226212
2018-07-31,44.83530044555664,47.5724983215332,48.03499984741211,47.334999084472656,47.57500076293945,157492000,50.78848353202905,0.28023921277328867,47.61700019836425,47.29870002746582,0.016615026883447293,0.6487586860667834
2018-08-01,47.47657012939453,50.375,50.439998626708984,49.32749938964844,49.782501220703125,271742800,70.31793136159058,0.46440804825223836,47.83675022125244,47.368050003051756,0.09558504787992672,0.7933227633012618
2018-08-02,48.86433029174805,51.84749984741211,52.095001220703125,50.087501525878906,50.14500045776367,249616000,75.76087886591257,0.7208718468027797,48.111625289916994,47.46919998168946,0.11860844777288349,1.1314270185394835
2018-08-03,49.005714416503906,51.997501373291016,52.185001373291016,51.369998931884766,51.75749969482422,133789600,76.23888330488516,0.9255558922124578,48.36187534332275,47.56735000610352,0.10650637943527297,1.3939248882319388
2018-08-06,49.26016616821289,52.26750183105469,52.3125,51.76750183105469,52.0,101701600,77.11375256381204,1.0969117376147253,48.593000411987305,47.671950073242186,0.09701965219601094,1.6317433041066347
2018-08-07,48.79835891723633,51.77750015258789,52.375,51.689998626708984,52.33000183105469,102349600,71.9371225922133,1.1795760211990398,48.802500343322755,47.76460006713867,0.08804830033849109,1.7598047762953795
2018-08-08,48.83135223388672,51.8125,51.95249938964844,51.130001068115234,51.51250076293945,90102000,72.08128894633091,1.2336910343854512,49.0446252822876,47.86135009765625,0.10309769328177976,1.8262832451700666
2018-08-09,49.21540451049805,52.220001220703125,52.44499969482422,51.79999923706055,52.38249969482422,93970400,73.7708115861033,1.2945368995376043,49.267750358581544,47.968250122070316,0.09344085336114305,1.930387517942432
2018-08-10,49.06881332397461,51.88249969482422,52.275001525878906,51.66749954223633,51.84000015258789,98444800,69.99288052435003,1.3005324055036596,49.47025032043457,48.07155014038086,0.08467044788170153,1.9835954933257867
2018-08-13,49.38563919067383,52.21749877929688,52.73749923706055,51.92499923706055,52.32749938964844,103563600,71.55028000896013,1.3171324308138637,49.694750213623045,48.16470008850098,0.09407569593296672,2.029526326734873
2018-08-14,49.59370803833008,52.4375,52.63999938964844,52.064998626708984,52.540000915527344,82992000,72.55759219256117,1.3326780473857696,49.92350025177002,48.254300079345704,0.09558633242864523,2.0695736435797665
2018-08-15,49.709571838378906,52.560001373291016,52.685001373291016,52.08250045776367,52.30500030517578,115230400,73.12813013082044,1.339442636616205,50.17150039672852,48.338950119018556,0.1042017449195205,2.0736690401423807
2018-08-16,50.43780517578125,53.33000183105469,53.45249938964844,52.86750030517578,52.9375,114001600,76.44333806595739,1.390902762853493,50.439500427246095,48.43565017700195,0.1117365118606306,2.12001756241865
2018-08-17,51.44505310058594,54.39500045776367,54.48749923706055,53.290000915527344,53.36000061035156,141708000,80.10016999133991,1.5003269372457737,50.766250419616696,48.55625015258789,0.13654408199064383,2.2034884408482873
2018-08-20,50.94378662109375,53.8650016784668,54.79499816894531,53.77750015258789,54.525001525878906,121150800,73.94800181814404,1.526681280233177,51.064375495910646,48.67505020141601,0.12447161436012832,2.1989888516040614
2018-08-21,50.844486236572266,53.7599983215332,54.29750061035156,53.50749969482422,54.20000076293945,104639200,72.75573085754056,1.5215548563199732,51.33987541198731,48.79410018920898,0.11419685640483324,2.172836568695762
2018-08-22,50.84686279296875,53.76250076293945,54.09000015258789,53.459999084472656,53.525001525878906,76072400,72.76699996257761,1.5003983958013478,51.59275035858154,48.907950210571286,0.10383941570165511,2.144157255159978
2018-08-23,50.950897216796875,53.872501373291016,54.26250076293945,53.650001525878906,53.662498474121094,75532800,73.29000270931566,1.475499241567782,51.858750343322754,49.0319002532959,0.10957210258814865,2.0760517838680297
2018-08-24,51.10930252075195,54.040000915527344,54.224998474121094,53.77750015258789,54.150001525878906,73905600,74.10549399825138,1.4525383378701022,52.17350044250488,49.15870025634766,0.13184631112094736,1.8882375528192847
2018-08-27,51.53016662597656,54.48500061035156,54.685001373291016,54.08250045776367,54.287498474121094,82100400,76.18573404975395,1.4534944335588094,52.5238754272461,49.30420028686523,0.1475962205191057,1.598992263757918
2018-08-28,51.946311950683594,54.92499923706055,55.1349983215332,54.72999954223633,54.752498626708984,91107200,78.06233732099045,1.4727790777981582,52.89150047302246,49.459000244140626,0.15455360081854908,1.1948363850342785
2018-08-29,52.721832275390625,55.744998931884766,55.872501373291016,54.852500915527344,55.037498474121094,109019200,81.05809080527388,1.5365174034668385,53.1600004196167,49.64545021057129,0.10660047507463544,1.2029105087818546
2018-08-30,53.20655059814453,56.25749969482422,57.064998626708984,55.599998474121094,55.8125,195175200,82.65256164296594,1.6098279200119237,53.380500411987306,49.83810020446777,0.08505713603145382,1.345407768862254
2018-08-31,53.82130432128906,56.907501220703125,57.217498779296875,56.5,56.627498626708984,173360400,84.44138814321639,1.70077129065141,53.62600040435791,50.0489501953125,0.09442761128391797,1.5168173512559413
2018-09-04,53.99390411376953,57.09000015258789,57.29499816894531,56.657501220703125,57.102500915527344,109560400,84.91182381751291,1.767199529557459,53.86712532043457,50.26615020751953,0.09226571296866393,1.6655157892939456
2018-09-05,53.64159393310547,56.71749877929688,57.41749954223633,56.275001525878906,57.247501373291016,133332000,79.62001790843453,1.7693902108360504,54.11412525177002,50.48965019226074,0.09540821036455704,1.7051443870743954
2018-09-06,52.750205993652344,55.775001525878906,56.837501525878906,55.32500076293945,56.557498931884766,137160000,68.06213695809416,1.675757599475844,54.31225032806397,50.683000259399414,0.07647771340658926,1.6530480700470216
2018-09-07,52.324615478515625,55.32500076293945,56.342498779296875,55.1775016784668,55.462501525878906,150479200,63.33480374593891,1.5474042664722418,54.46750030517578,50.86870025634766,0.05945996686429256,1.5908438099267204
2018-09-10,51.62239456176758,54.58250045776367,55.462501525878906,54.11750030517578,55.23749923706055,158066000,56.376878901188086,1.3699775081052792,54.60250034332275,51.03285026550293,0.052040683830212764,1.469897833858289
2018-09-11,52.927555084228516,55.962501525878906,56.07500076293945,54.13999938964844,54.502498626708984,142996000,64.2401086382664,1.325441215580753,54.789750480651854,51.22655029296875,0.07171930548436833,1.386238979837497
2018-09-12,52.27023696899414,55.26750183105469,56.25,54.959999084472656,56.23500061035156,197114800,58.51911033037382,1.2200017946074055,54.93125057220459,51.396000366210934,0.05396904564585814,1.2733344164476856
2018-09-13,53.5328369140625,56.602500915527344,57.087501525878906,55.64250183105469,55.880001068115234,166825600,64.97209650270582,1.2299850607587786,55.133375549316405,51.608450393676755,0.07691208973770247,1.1955926741106055
2018-09-14,52.92517852783203,55.959999084472656,56.709999084472656,55.630001068115234,56.4375,127997200,60.124337090050844,1.1725360769384494,55.264875411987305,51.800650405883786,0.0493155290290368,1.1296180171530656
2018-09-17,51.5159912109375,54.470001220703125,55.73749923706055,54.317501068115234,55.537498474121094,148780400,50.68045342108853,0.995303726386048,55.26862545013428,51.950200424194335,0.001378817213131267,1.1266989911642837
2018-09-18,51.601112365722656,54.560001373291016,55.462501525878906,54.279998779296875,54.4474983215332,126286800,51.17927682242925,0.8522834784231108,55.30337543487549,52.08850044250488,0.01290262087009375,1.0912908551036262
2018-09-19,51.631839752197266,54.59249877929688,54.904998779296875,53.82500076293945,54.625,108495200,51.3705338403978,0.733110331028989,55.345000457763675,52.228600387573245,0.01548550006985816,1.044183859921035
2018-09-20,52.024322509765625,55.00749969482422,55.56999969482422,54.787498474121094,55.060001373291016,106435200,53.85657351132613,0.6644920084570956,55.40725040435791,52.38935035705566,0.023157385058676372,0.9800155502772289
2018-09-21,51.46397399902344,54.415000915527344,55.34000015258789,54.3224983215332,55.19499969482422,384986800,49.93184806260788,0.5558937960314196,55.43437538146973,52.522500381469726,0.010070064103340215,0.9420740910904989
2018-09-24,52.20402908325195,55.1974983215332,55.314998626708984,54.157501220703125,54.20500183105469,110773600,54.63384816537091,0.5268961999259432,55.49225025177002,52.66980033874512,0.021419270658695977,0.8857767583486522
2018-09-25,52.53505325317383,55.54750061035156,55.70500183105469,54.92499923706055,54.9375,98217600,56.59725773735558,0.5260931810034535,55.54537525177002,52.826200332641605,0.01950077981274978,0.8534593474260164
2018-09-26,52.11654281616211,55.10499954223633,55.9375,54.939998626708984,55.25,95938800,53.447792240949354,0.4841694407330053,55.55437526702881,52.971050338745115,0.0032772017783539997,0.8475012391512539
2018-09-27,53.18764114379883,56.23749923706055,56.61000061035156,55.8849983215332,55.95500183105469,120724800,59.6382146906814,0.5361474610115593,55.579000282287595,53.14380035400391,0.008834878726566409,0.8603885843707381
2018-09-28,53.374427795410156,56.435001373291016,56.459999084472656,56.005001068115234,56.1974983215332,91717600,60.621672335164355,0.5865161947637176,55.58787536621094,53.31310035705567,0.003155164723453341,0.8686318001040407
2018-10-01,53.73381423950195,56.81499862670898,57.35499954223633,56.587501525878906,56.98749923706055,94403200,62.51421320426633,0.6496081038762327,55.58325023651123,53.49220031738281,-0.0016254903485464212,0.8614520832507492
2018-10-02,54.211421966552734,57.31999969482422,57.5,56.657501220703125,56.8125,99152800,64.92668028017683,0.7319211309351061,55.594750213623044,53.68055030822754,0.004028718543030108,0.8838686650737567
2018-10-03,54.87109375,58.01750183105469,58.36750030517578,57.44499969482422,57.51250076293945,114619200,67.99081148215276,0.8437116088037726,55.659750366210936,53.87590034484863,0.02292066962995798,1.009635504479397
2018-10-04,53.90641784667969,56.997501373291016,58.087501525878906,56.682498931884766,57.69499969482422,128168000,59.76769406685561,0.8403142360439091,55.720875358581544,54.04175033569336,0.021918418896768488,1.0530527756928705
2018-10-05,53.03158950805664,56.0724983215332,57.102500915527344,55.14500045776367,56.9900016784668,134322000,53.4538644605757,0.7542868289146867,55.75825023651123,54.192150268554684,0.013511026629654754,1.05152688986539
2018-10-08,52.90863800048828,55.942501068115234,56.20000076293945,55.04999923706055,55.5525016784668,118655600,52.61267764627189,0.6679204261457485,55.82625026702881,54.3561003112793,0.024916421910790687,1.0148255734440166
2018-10-09,53.64159393310547,56.71749877929688,56.817501068115234,55.5625,55.90999984741211,107564000,56.96104287597711,0.6544659915219384,55.864000129699704,54.54090026855469,0.013491127680717474,1.034021439466521
2018-10-10,51.156593322753906,54.09000015258789,56.587501525878906,54.01250076293945,56.3650016784668,167962400,42.66631871415091,0.4268654358652739,55.805125045776364,54.67125030517578,-0.02130549852002106,1.1011177717167484
2018-10-11,50.704994201660156,53.61249923706055,54.875,53.08000183105469,53.630001068115234,212497600,40.66886688794363,0.2055901077062785,55.65562496185303,54.736000289916994,-0.05282455068423619,1.1868033303605445
2018-10-12,52.516136169433594,55.52750015258789,55.720001220703125,54.209999084472656,55.10499954223633,161351600,50.647666346997354,0.18264694519976388,55.63400001525879,54.809600296020506,-0.007728715849903756,1.1849041788499948
2018-10-15,51.393043518066406,54.34000015258789,55.45750045776367,54.317501068115234,55.290000915527344,123164000,45.533487802625025,0.06786074158128486,55.627499961853026,54.85645027160645,-0.0023866544006212465,1.1919611832483903
2018-10-16,52.52558898925781,55.53749847412109,55.747501373291016,54.189998626708984,54.73249816894531,116736000,50.915970397904445,0.07268212061695323,55.67637481689453,54.92185020446777,0.017916002130245356,1.165635805430997
2018-10-17,52.29861068725586,55.29750061035156,55.65999984741211,54.834999084472656,55.57500076293945,91541600,49.85266362059481,0.05648613932577007,55.71162490844726,54.992250213623045,0.012913895623367866,1.1415441252409004
2018-10-18,51.07620620727539,54.005001068115234,54.935001373291016,53.25,54.46500015258789,130325200,44.46687978793287,-0.05995211308162851,55.661499977111816,55.036100234985355,-0.01822476266455919,1.1948543018132416
2018-10-19,51.85409927368164,54.82749938964844,55.314998626708984,54.35749816894531,54.51499938964844,132314800,48.2949739987127,-0.08488304743141839,55.68212490081787,55.08825019836426,0.007580602171843198,1.1756106715116912
2018-10-22,52.17092514038086,55.16249847412109,55.84000015258789,54.73500061035156,54.9474983215332,115168400,49.81244317854379,-0.07672492888791993,55.68037490844726,55.1538501739502,-0.0006340839435917678,1.1763958343171874
2018-10-23,52.662723541259766,55.682498931884766,55.8125,53.67499923706055,53.95750045776367,155071200,52.15952067673441,-0.027977364408151573,55.68712482452393,55.223150177001955,0.0024303221576102985,1.1759805253941134
2018-10-24,50.856319427490234,53.772499084472656,56.057498931884766,53.6349983215332,55.650001525878906,163702000,44.01688552603951,-0.1418306579636237,55.620499801635745,55.24985015869141,-0.024181117300297816,1.2463381676083525
2018-10-25,51.9699592590332,54.95000076293945,55.345001220703125,54.1875,54.4275016784668,119423200,49.274301119216986,-0.13548389471242217,55.55612487792969,55.29765014648437,-0.022893949617031173,1.2460424883827095
2018-10-26,51.14240646362305,54.07500076293945,55.04750061035156,53.16749954223633,53.974998474121094,189033600,45.83003541225557,-0.1987679531941069,55.43812484741211,55.31255012512207,-0.04181803052933886,1.2699490329621523
2018-10-29,50.18244552612305,53.060001373291016,54.92250061035156,51.522499084472656,54.79750061035156,183742000,42.149499903619954,-0.3270529309144692,55.250374984741214,55.28585014343262,-0.06609165439023212,1.331744602026357
2018-10-30,50.43308639526367,53.32500076293945,53.79499816894531,52.317501068115234,52.787498474121094,146640000,43.42692194032186,-0.40269445296370776,55.050625038146975,55.27505012512207,-0.06969642276961663,1.3043055955606402
2018-10-31,51.74769592285156,54.71500015258789,55.11249923706055,54.154998779296875,54.220001220703125,153435600,49.70088618210378,-0.34648550094527764,54.88549995422363,55.29415016174316,-0.05692250741997795,1.1023422178134497
2018-11-01,52.54214859008789,55.55500030517578,55.59000015258789,54.20249938964844,54.76250076293945,233292800,53.086806014047596,-0.23149003632615006,54.81337490081787,55.33000015258789,-0.02530814567936812,0.9992536477294176
2018-11-02,49.056983947753906,51.869998931884766,53.412498474121094,51.35749816894531,52.38750076293945,365314800,40.277584693949265,-0.43271603500587474,54.60324993133545,55.289950103759764,-0.07494760382443266,1.1508959769951728
2018-11-05,47.66434860229492,50.397499084472656,51.09749984741211,49.54249954223633,51.07500076293945,264654800,36.488815210165384,-0.7029048704031453,54.32599983215332,55.217100067138674,-0.09911966533085492,1.442294657025488
2018-11-06,48.17978286743164,50.942501068115234,51.18000030517578,50.42250061035156,50.47999954223633,127531600,38.78404870946494,-0.8631050262739279,54.03724994659424,55.146250076293946,-0.10182038763122692,1.5145840217497295
2018-11-07,49.640995025634766,52.48749923706055,52.51499938964844,51.032501220703125,51.49250030517578,133697600,44.866855118489084,-0.8555342970115305,53.957124900817874,55.09750007629395,-0.029626565187773846,1.5535337415763266
2018-11-08,49.467796325683594,52.122501373291016,52.529998779296875,51.6875,52.494998931884766,101450400,43.76056421384556,-0.8689697740780318,53.88262500762939,55.02505012512207,-0.027791986663056822,1.6057781618438842
2018-11-09,48.51396942138672,51.11750030517578,51.502498626708984,50.5625,51.38750076293945,137463200,40.77901918598736,-0.9497643809276113,53.66212501525879,54.9222501373291,-0.07942010418789902,1.6695388906576336
2018-11-12,46.070125579833984,48.54249954223633,49.962501525878906,48.4474983215332,49.75,204542000,34.32582209825516,-1.207654639395507,53.37224998474121,54.75495010375977,-0.1066893742008107,2.0135114869930786
2018-11-13,45.60983657836914,48.057498931884766,49.29499816894531,47.86249923706055,47.907501220703125,187531600,33.258273963378485,-1.4346324730448856,52.998250007629395,54.574300079345704,-0.1346837676839513,2.268678026056177
2018-11-14,44.32147979736328,46.70000076293945,48.619998931884766,46.48249816894531,48.474998474121094,243204000,30.40770343657948,-1.7044054733066218,52.56837501525879,54.37395011901855,-0.15547718707927782,2.600370821380956
2018-11-15,45.415283203125,47.852500915527344,47.99250030517578,46.724998474121094,47.09749984741211,185915200,35.464950317452846,-1.80440532774049,52.2607500076294,54.215500106811525,-0.11392463717995094,2.7792421436474215
2018-11-16,45.918277740478516,48.38249969482422,48.74250030517578,47.3650016784668,47.625,147713200,37.70682839882788,-1.8199106634613997,51.938500022888185,54.07665008544922,-0.11755049503572745,2.838970096919477
2018-11-19,44.09844970703125,46.46500015258789,47.67499923706055,46.247501373291016,47.5,167701200,33.21160491327255,-1.9642819222990724,51.503625106811526,53.9143000793457,-0.15767049285509682,2.981680769181499
2018-11-20,41.991512298583984,44.244998931884766,45.36750030517578,43.877498626708984,44.592498779296875,271300800,28.913865598766193,-2.232102442728845,50.93175010681152,53.67995002746582,-0.2054056520342461,3.2249180419269967
2018-11-21,41.94406509399414,44.19499969482422,45.067501068115234,44.13750076293945,44.932498931884766,124496800,28.82339858781421,-2.4204848130563974,50.4528751373291,53.45849998474121,-0.17811147989612475,3.481752113347319
2018-11-23,40.87872314453125,43.0724983215332,44.150001525878906,43.025001525878906,43.73500061035156,94496000,26.796333713720102,-2.630038234822777,49.859000015258786,53.18789993286133,-0.21615108783432313,3.6815430663292914
2018-11-26,41.43156433105469,43.65499877929688,43.73749923706055,42.564998626708984,43.560001373291016,179994000,29.56459788772078,-2.7177790474412333,49.33799991607666,52.94179992675781,-0.19269536452385905,3.7892338803505017
2018-11-27,41.34140396118164,43.560001373291016,43.692501068115234,42.720001220703125,42.877498626708984,165549600,29.369536213623192,-2.7631281490038404,48.86299991607666,52.72359992980957,-0.17904258865666078,3.8921449025931447
2018-11-28,42.93109893798828,45.23500061035156,45.3224983215332,43.73249816894531,44.182498931884766,184250000,37.233080478937346,-2.6335512592488683,48.458499908447266,52.53709991455078,-0.15171120556664652,3.8238005976029763
2018-11-29,42.601287841796875,44.88750076293945,45.70000076293945,44.42499923706055,45.665000915527344,167080000,36.329411592259554,-2.52973970941391,47.967124938964844,52.342999954223636,-0.17961252603932631,3.6025343533477137
2018-11-30,42.37114334106445,44.64500045776367,45.08250045776367,44.25749969482422,45.0724983215332,158126000,35.6786364383549,-2.4389216852049387,47.421624946594235,52.13574996948242,-0.19638195999425956,3.1961825522256175
2018-12-03,43.851688385009766,46.20500183105469,46.23500061035156,45.3025016784668,46.1150016784668,163210000,42.779652066667474,-2.215529429220787,47.13837509155273,51.97154998779297,-0.10921529241342964,3.0277975869260865
2018-12-04,41.922698974609375,44.17250061035156,45.59749984741211,44.067501068115234,45.23749923706055,165377200,37.04181739786132,-2.1773956573323616,46.82712516784668,51.751050033569335,-0.12351800361536192,2.9949132160116814
2018-12-06,41.455299377441406,43.68000030517578,43.69499969482422,42.60499954223633,42.939998626708984,172393600,35.78918688663097,-2.1619929184328655,46.464000129699706,51.51370002746582,-0.14256270521992553,2.9087117648769047
2018-12-07,39.977108001708984,42.122501373291016,43.622501373291016,42.07500076293945,43.372501373291016,169126400,32.09305318919834,-2.2495320786085955,45.94575023651123,51.25405006408691,-0.19747555159669294,2.6944962365929492
2018-12-10,40.24048614501953,42.400001525878906,42.522499084472656,40.83250045776367,41.25,248104000,33.41255009427577,-2.2703444331995684,45.459625244140625,50.97730010986328,-0.18653172029833132,2.38017711150322
2018-12-11,40.01033020019531,42.157501220703125,42.9474983215332,41.75,42.915000915527344,189126800,32.81252750212539,-2.2801222916743242,45.01162528991699,50.691750106811526,-0.1752824185646933,2.083999346405406
2018-12-12,40.121856689453125,42.275001525878906,42.97999954223633,42.255001068115234,42.599998474121094,142510800,33.43627239553834,-2.2524254636656025,44.69825038909912,50.40095016479492,-0.12911362363827472,1.9944128843438669
2018-12-13,40.560794830322266,42.73749923706055,43.14250183105469,42.38750076293945,42.622501373291016,127594400,35.95655175783804,-2.1681625990782862,44.43225040435791,50.10930015563965,-0.11070071920231683,1.8739326334836819
2018-12-14,39.262939453125,41.369998931884766,42.27000045776367,41.31999969482422,42.25,162814800,32.0879378902051,-2.1865246229731525,44.16575031280517,49.77635009765625,-0.11413279965692236,1.9130451503425248
2018-12-17,38.897552490234375,40.98500061035156,42.087501525878906,40.682498931884766,41.36249923706055,177151600,31.07427298124759,-2.2067052813267836,43.82237529754639,49.45610008239746,-0.1435139266242068,1.83104807259092
2018-12-18,39.40292739868164,41.51750183105469,41.88249969482422,41.09749984741211,41.345001220703125,135366000,34.171772314266704,-2.1548899700511512,43.47912540435791,49.16500015258789,-0.1418901029725821,1.5536595378763844
2018-12-19,38.17388153076172,40.22249984741211,41.86249923706055,39.772499084472656,41.5,196189200,30.573385048756933,-2.193041779341719,43.16700038909912,48.85060012817383,-0.13434844043206362,1.5492786561915042
2018-12-20,37.2105827331543,39.20750045776367,40.52750015258789,38.82500076293945,40.099998474121094,259092000,28.077741268424205,-2.278909481187007,42.91512546539307,48.500400161743165,-0.1138546411059096,1.759960556379778
2018-12-21,35.76325988769531,37.682498931884766,39.540000915527344,37.407501220703125,39.21500015258789,382978400,24.801964278707686,-2.441866811122381,42.589500427246094,48.1722501373291,-0.1473583167306175,2.0834363204607933
2018-12-24,34.837921142578125,36.70750045776367,37.88750076293945,36.647499084472656,37.037498474121094,148676800,22.957795424913826,-2.6194900469147697,42.271250534057614,47.83415016174317,-0.14777405796745913,2.4582022518788778
2018-12-26,37.291263580322266,39.29249954223633,39.307498931884766,36.68000030517578,37.07500076293945,234330000,36.44970231713198,-2.522591059137028,42.05312557220459,47.509450149536136,-0.09993126466720792,2.5216852781331056
2018-12-27,37.04924392700195,39.03749847412109,39.192501068115234,37.51750183105469,38.959999084472656,212468400,35.78397029436853,-2.4382675378601064,41.82700042724609,47.203400115966794,-0.103822377332222,2.58151033605745
2018-12-28,37.06822204589844,39.057498931884766,39.630001068115234,38.63750076293945,39.375,169165600,35.882885270911984,-2.342820098202047,41.51812534332275,46.873800125122074,-0.13656464231489673,2.5211454542022294
2018-12-31,37.42649841308594,39.435001373291016,39.84000015258789,39.119998931884766,39.63249969482422,140014000,37.82944553790748,-2.21122638122727,41.24550037384033,46.55655014038086,-0.12147032686101766,2.4308060272495813
2019-01-02,37.46920394897461,39.47999954223633,39.712501525878906,38.557498931884766,38.72249984741211,148158800,38.07079655764004,-2.079337132157633,40.987250328063965,46.26605010986328,-0.11569046617915668,2.3225901097818746
2019-01-03,33.73699188232422,35.54750061035156,36.43000030517578,35.5,35.994998931884766,365248800,27.883307753977874,-2.2660125682544816,40.45437526702881,45.880450134277346,-0.23065687259728984,2.2847423115552026
2019-01-04,35.177207946777344,37.06499862670898,37.13750076293945,35.95000076293945,36.13249969482422,234428400,35.10038723789849,-2.26539077393997,40.099000167846675,45.5185001373291,-0.16090331960914583,2.228032999530194
2019-01-07,35.09891128540039,36.98249816894531,37.20750045776367,36.474998474121094,37.17499923706055,219111200,34.89592490453289,-2.2456684271739604,39.76412506103515,45.14450012207031,-0.15333109179115234,2.1638742773489925
2019-01-08,35.76799774169922,37.6875,37.95500183105469,37.130001068115234,37.38999938964844,164101200,38.20837679144663,-2.1483853207953842,39.5423749923706,44.822800140380856,-0.10528817683422653,2.136544884548726
2019-01-09,36.375404357910156,38.32749938964844,38.63249969482422,37.407501220703125,37.8224983215332,180396400,41.136321056326146,-1.996629256842553,39.338749885559075,44.49035011291504,-0.09604957522807656,2.0418295004949076
2019-01-10,36.49167251586914,38.45000076293945,38.49250030517578,37.71500015258789,38.125,143122800,41.70570515676214,-1.8452062566529506,39.153374862670894,44.17785011291504,-0.0879440277627972,1.9381152592429862
2019-01-11,36.13338851928711,38.0724983215332,38.42499923706055,37.877498626708984,38.220001220703125,108092800,40.408541998785275,-1.7356561662843646,38.943249702453606,43.87810005187988,-0.099408706153993,1.8051128236747243
2019-01-14,35.59005355834961,37.5,37.817501068115234,37.30500030517578,37.712501525878906,129756800,38.45513553893471,-1.6757161477271936,38.68137474060058,43.561600036621094,-0.12255043768491636,1.5931644127921734
2019-01-15,36.31846237182617,38.26750183105469,38.34749984741211,37.51250076293945,37.567501068115234,114843600,42.47028354026376,-1.5484328971184596,38.526249885559075,43.23265007019043,-0.07499388883084823,1.4633523230803034
2019-01-16,36.76213836669922,38.73500061035156,38.970001220703125,38.25,38.27000045776367,122278800,44.831243793783365,-1.3937702437674986,38.41374988555908,42.896250076293946,-0.054898132645915254,1.3461758144786893
2019-01-17,36.980445861816406,38.96500015258789,39.415000915527344,38.314998626708984,38.54999923706055,119284800,46.005273171545326,-1.2383648368466922,38.28612480163574,42.63815010070801,-0.061480136470001945,1.14193820975482
2019-01-18,37.208213806152344,39.20500183105469,39.470001220703125,38.994998931884766,39.375,135004000,47.26636148231235,-1.0833506110698252,38.23524990081786,42.41430015563965,-0.025296737403627256,1.071630734458536
2019-01-22,36.37303161621094,38.32500076293945,39.182498931884766,38.154998779296875,39.102500915527344,121576000,43.27530484122713,-1.0197543585749855,38.19112491607665,42.16195014953613,-0.022508440592250767,1.047385214810991
2019-01-23,36.5201416015625,38.47999954223633,38.78499984741211,37.92499923706055,38.537498474121094,92522400,44.169509492782396,-0.9459425275473663,38.23099994659423,41.881800155639645,0.021163686935761206,1.042169997562191
2019-01-24,36.23067092895508,38.17499923706055,38.619998931884766,37.935001373291016,38.52750015258789,101766000,42.7416905827136,-0.9016632822543116,38.30437488555908,41.602850112915036,0.03997817233525347,0.9790074330720474
2019-01-25,37.431243896484375,39.43999862670898,39.532501220703125,38.58000183105469,38.869998931884766,134142000,49.96591517237801,-0.7557845685940237,38.311749839782706,41.369300079345706,0.0037538737975704173,0.9873627465315931
2019-01-28,37.084835052490234,39.07500076293945,39.08250045776367,38.415000915527344,38.9474983215332,104768400,48.080920272436344,-0.6619958382652129,38.313624954223634,41.179950103759765,0.0009606734622924495,0.9888480603287335
2019-01-29,36.70045852661133,38.66999816894531,39.532501220703125,38.52750015258789,39.0625,166348800,46.006906979499504,-0.6132784264086695,38.29424991607666,40.99220008850098,-0.009921289727620408,0.9772338720611202
2019-01-30,39.208370208740234,41.3125,41.537498474121094,40.057498931884766,40.8125,244439200,58.565545609275894,-0.3573227191844097,38.38812484741211,40.884450073242185,0.047609954642491736,1.164767977813824
2019-01-31,39.49071502685547,41.61000061035156,42.25,41.13999938964844,41.52750015258789,162958400,59.70198240434517,-0.1289833247306973,38.49462490081787,40.75960006713867,0.053951395461302454,1.3521610822714423
2019-02-01,39.50969696044922,41.630001068115234,42.244998931884766,41.48249816894531,41.7400016784668,130672400,59.78184484263724,0.05298043478803294,38.798749923706055,40.624550094604494,0.17110908934037483,1.338373989740119
2019-02-04,40.63197326660156,42.8125,42.915000915527344,41.81999969482422,41.852500915527344,125982000,64.28811442693018,0.2892712673272726,39.08612499237061,40.55150009155273,0.15506546839986624,1.5472600792701106
2019-02-05,41.3271598815918,43.54499816894531,43.77000045776367,43.087501525878906,43.21500015258789,144406400,66.77177709300067,0.5295357761861084,39.41424999237061,40.537500076293945,0.17744880213394065,1.7590255254603295
2019-02-06,41.34140396118164,43.560001373291016,43.89250183105469,43.212501525878906,43.662498474121094,112958400,66.82267306169626,0.7129394415795929,39.70787506103515,40.52480010986328,0.15582093196128732,1.9367705152009707
2019-02-07,40.55842208862305,42.73500061035156,43.48500061035156,42.584999084472656,43.099998474121094,126966800,61.26557814522878,0.7826950793419485,39.92825012207031,40.51805015563965,0.11499579390492443,2.0203864832088496
2019-02-08,40.60608673095703,42.602500915527344,42.665000915527344,42.10499954223633,42.247501373291016,95280000,60.39685083231141,0.8178575540205841,40.135875129699706,40.497000198364255,0.10799740104531641,2.073155522028143
2019-02-11,40.3725471496582,42.35749816894531,42.8025016784668,42.3125,42.76250076293945,83973600,58.73829894268839,0.8165418087677168,40.35012512207031,40.47295013427734,0.11254842829656342,2.070107122110135
2019-02-12,40.720458984375,42.72249984741211,42.75,42.42499923706055,42.525001525878906,89134000,60.47948797723356,0.8353225774784363,40.61125011444092,40.42270011901856,0.1392666625976562,2.0204578667689725
2019-02-13,40.55127716064453,42.54499816894531,43.119998931884766,42.47999954223633,42.84749984741211,89960800,59.17179490084842,0.8263578312917232,40.82512493133545,40.37585006713867,0.11177882362886216,1.98539571307949
2019-02-14,40.69900894165039,42.70000076293945,42.814998626708984,42.345001220703125,42.4275016784668,87342800,59.985443556538286,0.8222818657798285,41.02337493896484,40.336950073242186,0.10236220705075394,1.9635441239736433
2019-02-15,40.60846710205078,42.60499954223633,42.92499923706055,42.4375,42.8125,98507200,59.206650592180765,0.8021392670374397,41.20537490844727,40.26495002746582,0.09341715322453759,1.9311403074715654
2019-02-19,40.729984283447266,42.73249816894531,42.86000061035156,42.372501373291016,42.4275016784668,75891200,59.95801861632521,0.7873876710988199,41.3817497253418,40.2361499786377,0.08997567078536539,1.8996565664543767
2019-02-20,40.99209976196289,43.00749969482422,43.33000183105469,42.747501373291016,42.79750061035156,104457600,61.60087264989728,0.7887945177002251,41.615874671936034,40.22269996643067,0.12217870420534416,1.7883874723036528
2019-02-21,40.76095199584961,42.76499938964844,43.092498779296875,42.57500076293945,42.95000076293945,68998800,59.29076436576975,0.7615628829414334,41.83012466430664,40.23554992675781,0.11135654621588076,1.6437597928294636
2019-02-22,41.21607971191406,43.24250030517578,43.25,42.845001220703125,42.89500045776367,75652800,62.28960352934432,0.7696400183953642,42.0834997177124,40.25239990234375,0.13274397300303464,1.4269559721416616
2019-02-25,41.516326904296875,43.557498931884766,43.967498779296875,43.48749923706055,43.540000915527344,87493600,64.16497404748367,0.792325527580843,42.28937473297119,40.280399856567385,0.1043990985939689,1.3183871488194328
2019-02-26,41.540157318115234,43.58250045776367,43.82500076293945,43.29249954223633,43.4275016784668,68280800,64.31665605574702,0.8030641476386577,42.514749717712405,40.306549835205075,0.11535507631005193,1.108551574073424
2019-02-27,41.66883087158203,43.71749877929688,43.75,43.182498931884766,43.3025016784668,111341600,65.17384856649736,0.8130949650981307,42.76712474822998,40.32614982604981,0.13052756269342325,0.678212548893388
2019-02-28,41.25897979736328,43.28749847412109,43.727500915527344,43.22999954223633,43.58000183105469,112861600,60.212238041599036,0.777385809531296,42.865874671936034,40.36449981689453,0.04780631707403549,0.5937967788042776
2019-03-01,41.692657470703125,43.74250030517578,43.787498474121094,43.22249984741211,43.56999969482422,103544800,63.38836255651605,0.7768458957151338,42.97249965667724,40.419649810791014,0.05124969150550074,0.5459502951503009
2019-03-04,41.90235137939453,43.962501525878906,44.4375,43.49250030517578,43.92250061035156,109744800,64.8494517920843,0.785119896562378,43.08912467956543,40.4685498046875,0.056029315347535524,0.49037826925417005
2019-03-05,41.826087951660156,43.88249969482422,44.0,43.6349983215332,43.98500061035156,78949600,63.85154830378398,0.7762732281213829,43.14262466430664,40.541749801635746,0.024992693601733507,0.51629366522733
2019-03-06,41.58543014526367,43.630001068115234,43.872501373291016,43.48500061035156,43.66749954223633,83241600,60.67791560645433,0.7403533184871591,43.146874809265135,40.63019981384277,0.001952070335153655,0.5201160737573446
2019-03-07,41.10409927368164,43.125,43.61000061035156,43.005001068115234,43.467498779296875,99185600,54.81025468570008,0.6634888787988871,43.12512474060058,40.73904983520508,-0.00998625710690948,0.510945331974942
2019-03-08,41.20179748535156,43.227500915527344,43.26750183105469,42.375,42.58000183105469,95997600,55.74568219349316,0.6038830360789191,43.149749755859375,40.86944984436035,0.011524518501035974,0.502959333384489
2019-03-11,42.629119873046875,44.72499847412109,44.779998779296875,43.837501525878906,43.872501373291016,128044000,66.61768878010321,0.6697599384957869,43.25587463378906,40.97809982299805,0.04982096151590376,0.596616387664251
2019-03-12,43.108062744140625,45.227500915527344,45.66749954223633,44.842498779296875,45.0,129870400,69.33968435305206,0.753825969179637,43.39937477111816,41.10189987182617,0.0677566634161173,0.7045511934837297
2019-03-13,43.29869079589844,45.4275016784668,45.82500076293945,45.22999954223633,45.5625,124130000,70.37508005508295,0.827053535913663,43.534624862670896,41.22929992675781,0.06331562620904396,0.8182376004565325
2019-03-14,43.780029296875,45.932498931884766,46.025001525878906,45.63999938964844,45.974998474121094,94318000,72.86666112308495,0.9152851307965904,43.70399990081787,41.359249877929685,0.07962159851289119,0.9436051703620107
2019-03-15,44.349525451660156,46.52999877929688,46.83250045776367,45.935001373291016,46.212501525878906,156171600,75.49294915542951,1.0216456544352113,43.895499801635744,41.5002498626709,0.08969550229333012,1.1041127608599806
2019-03-18,44.80226516723633,47.005001068115234,47.09749984741211,46.4474983215332,46.45000076293945,104879200,77.36836520784829,1.1312257839787847,44.115499877929686,41.729399871826175,0.10327430050825326,1.2606982468066028
2019-03-19,44.44722366333008,46.63249969482422,47.247501373291016,46.47999954223633,47.087501525878906,126585600,72.6717086072984,1.174472490635246,44.31049995422363,41.92074989318848,0.09126546991144857,1.3349538741612377
2019-03-20,44.83562088012695,47.040000915527344,47.372501373291016,46.182498931884766,46.557498931884766,124140800,74.49570678141191,1.227478156013241,44.51212501525879,42.12189994812012,0.09376274485420555,1.4290086293731916
2019-03-21,46.48694610595703,48.772499084472656,49.08250045776367,47.45249938964844,47.505001068115234,204136800,80.46532611808563,1.3932234383077144,44.8125,42.34359992980957,0.14047702047385924,1.6558204234955929
2019-03-22,45.524269104003906,47.76250076293945,49.42250061035156,47.69499969482422,48.834999084472656,169630800,70.15599092972766,1.4266339963556405,45.038500022888186,42.53229995727539,0.10452680640260437,1.736741799358228
2019-03-25,44.973838806152344,47.185001373291016,47.994998931884766,46.650001525878906,47.877498626708984,175381200,65.02591364109239,1.3904840948388255,45.21987514495849,42.706999969482425,0.08328077897858499,1.7631511054558004
2019-03-26,44.509178161621094,46.6974983215332,48.220001220703125,46.14500045776367,47.915000915527344,199202000,60.97265126708188,1.3074264175006647,45.37562503814697,42.879499969482424,0.07147359217694071,1.7484210680654872
2019-03-27,44.90949249267578,47.11750030517578,47.439998626708984,46.63750076293945,47.1875,119393600,63.106328935752494,1.2609577240647525,45.54562511444092,43.071849975585934,0.07777209631876336,1.7440016693414453
2019-03-28,44.96907424926758,47.18000030517578,47.38999938964844,46.88249969482422,47.23749923706055,83121600,63.426761423052824,1.2151664944603766,45.740250205993654,43.25009994506836,0.08992207838902444,1.6952528525232828
2019-03-29,45.26215362548828,47.48749923706055,47.52000045776367,47.1349983215332,47.45750045776367,94256000,65.03576488707111,1.1899719530749806,45.92750015258789,43.42514991760254,0.08561465178618621,1.6696105140852053
2019-04-01,45.56953811645508,47.810001373291016,47.91999816894531,47.095001220703125,47.90999984741211,111448000,66.69088792378585,1.1823983722236235,46.1198751449585,43.6020499420166,0.08751776431892178,1.652857407727629
2019-04-02,46.23197555541992,48.505001068115234,48.6150016784668,47.76250076293945,47.772499084472656,91062800,69.9880285982356,1.2184316008049834,46.351000213623045,43.788049926757814,0.10533815086737697,1.6467098842119978
2019-04-03,46.548885345458984,48.837501525878906,49.125,48.287498474121094,48.3125,93087200,71.44435496645836,1.2593017554318777,46.61137523651123,43.9982999420166,0.11935595531234844,1.6049981929418147
2019-04-04,46.629920959472656,48.92250061035156,49.092498779296875,48.28499984741211,48.6974983215332,76457200,71.8207982553377,1.283752068440151,46.90125026702881,44.2071499633789,0.1344347967617754,1.459096734376251
2019-04-05,46.94206237792969,49.25,49.275001525878906,48.98249816894531,49.11249923706055,74106400,73.28226249585961,1.314403950815283,47.20237522125244,44.428649978637694,0.1393210099339648,1.2702459060403266
2019-04-08,47.68074035644531,50.025001525878906,50.057498931884766,49.084999084472656,49.10499954223633,103526800,76.40132369608787,1.3852634795175902,47.46737537384033,44.64035003662109,0.1185020286769718,1.279026987603459
2019-04-09,47.537776947021484,49.875,50.712501525878906,49.807498931884766,50.08000183105469,143072800,74.58638655600768,1.4130277921969494,47.69975032806396,44.8563500213623,0.10275825527377513,1.272832461580742
2019-04-10,47.804656982421875,50.15499877929688,50.185001373291016,49.54499816894531,49.66999816894531,86781200,75.74466538824346,1.4410136629614598,47.93612518310547,45.086050033569336,0.1040668521524919,1.2676047993545578
2019-04-11,47.40671157836914,49.73749923706055,50.25,49.61000061035156,50.212501525878906,83603200,70.5792163531786,1.413213300071945,48.12637519836426,45.254550018310546,0.08283895702731914,1.2362112232468851
2019-04-12,47.38766098022461,49.71749877929688,50.03499984741211,49.0525016784668,49.79999923706055,111042800,70.3317727624044,1.3737319159913568,48.285750198364255,45.416699981689455,0.06850419264180707,1.2249896744375763
2019-04-15,47.47343826293945,49.807498931884766,49.962501525878906,49.502498626708984,49.64500045776367,70146400,70.82740823949185,1.3343236424481475,48.42587509155273,45.58024993896484,0.05962127007950535,1.2310478101496498
2019-04-16,47.47819900512695,49.8125,50.342498779296875,49.63999938964844,49.8650016784668,102785600,70.8565433089468,1.2886411926277788,48.58487510681152,45.72024993896484,0.06819279099311792,1.1919689313484607
2019-04-17,48.40275573730469,50.782501220703125,50.845001220703125,49.65250015258789,49.8849983215332,115627200,75.88679941057983,1.315543744504069,48.77200012207031,45.865,0.07955995391871751,1.2298399034780259
2019-04-18,48.576698303222656,50.96500015258789,51.037498474121094,50.630001068115234,50.779998779296875,96783200,76.70159370407339,1.336187610261149,48.881625175476074,46.01309997558594,0.04495363389761686,1.3239993920683952
2019-04-22,48.736351013183594,51.13249969482422,51.23500061035156,50.584999084472656,50.70750045776367,77758000,77.45458395721775,1.3504961567704612,49.05012512207031,46.18104995727539,0.07055742220473649,1.387020005639163
2019-04-23,49.43928527832031,51.869998931884766,51.9375,50.974998474121094,51.10749816894531,93292000,80.45051070769622,1.4051481348350592,49.284375,46.366399917602536,0.0992899739798605,1.4496498129518844
2019-04-24,49.36304473876953,51.790000915527344,52.119998931884766,51.76250076293945,51.84000015258789,70162400,79.22076784520047,1.4255719438675882,49.53900012969971,46.55504997253418,0.10905300662853445,1.4182598338347774
2019-04-25,48.91505813598633,51.31999969482422,51.939998626708984,51.279998779296875,51.70750045776367,74172800,72.23465554819799,1.3878346946618478,49.74912509918213,46.72699996948242,0.08919190030093338,1.350302230572967
2019-04-26,48.68153381347656,51.07500076293945,51.25,50.529998779296875,51.224998474121094,74596400,68.82737712479474,1.3229086194396373,49.94387512207031,46.89760002136231,0.08255617703623419,1.2363358171838799
2019-04-29,48.755409240722656,51.15250015258789,51.49250030517578,50.96500015258789,51.099998474121094,88818800,69.32035912558742,1.2631470175772108,50.12712516784668,47.066650009155275,0.07717822531002172,1.1191486236509869
2019-04-30,47.816566467285156,50.16749954223633,50.849998474121094,49.77750015258789,50.76499938964844,186139600,56.98524812426837,1.1233548646646128,50.24500007629395,47.21790000915527,0.049309728116057494,0.97743102393765
2019-05-01,50.163673400878906,52.630001068115234,53.82749938964844,52.307498931884766,52.470001220703125,259309200,70.91787674010324,1.1974682014594507,50.451250076293945,47.41585006713867,0.08504277722223508,1.0250008641096666
2019-05-02,49.837215423583984,52.28749847412109,53.162498474121094,52.032501220703125,52.459999084472656,127985200,67.63640841299164,1.2145657005503523,50.62374992370606,47.60145004272461,0.07064237195700995,1.0294200846899355
2019-05-03,50.45677185058594,52.9375,52.959999084472656,52.557498931884766,52.72249984741211,83569600,70.43256411147759,1.2659719460557781,50.824499893188474,47.80490005493164,0.0820685643529615,1.0708478610530212
2019-05-06,49.677574157714844,52.119998931884766,52.209999084472656,50.875,51.0724983215332,129772400,63.05393821887396,1.2266067033849595,50.96799983978271,47.98245002746582,0.05827408998750783,1.0406225576187862
2019-05-07,48.338417053222656,50.71500015258789,51.85499954223633,50.20750045776367,51.470001220703125,155054800,52.813486144670826,1.0697068903697868,51.00249977111817,48.125600051879886,0.013793075575460723,1.0189253615949976
2019-05-08,48.34794998168945,50.72499847412109,51.334999084472656,50.4375,50.474998474121094,105358000,52.87214322442851,0.9353868814304036,51.04499969482422,48.26845001220703,0.017042575922227243,0.9866369065827278
2019-05-09,47.828487396240234,50.18000030517578,50.41999816894531,49.165000915527344,50.099998474121094,139634400,49.27635776207627,0.7760150902209446,51.04624977111816,48.39770004272461,0.0004984852255487393,0.9854650621014428
2019-05-10,47.165897369384766,49.29499816894531,49.712501525878906,48.192501068115234,49.35499954223633,164834800,44.03871951893831,0.5717092134177051,51.024124717712404,48.51785003662109,-0.0088967293270249,1.0207311682210982
2019-05-13,44.42464065551758,46.43000030517578,47.369998931884766,45.712501525878906,46.9275016784668,229722400,32.131855949506985,0.17657846367380614,50.85974979400635,48.57160003662109,-0.06612356926310348,1.4263364130718643
2019-05-14,45.12789535522461,47.165000915527344,47.42499923706055,46.352500915527344,46.602500915527344,146118800,36.84911995252804,-0.0763766729199844,50.72762489318848,48.63565002441406,-0.053054220208310854,1.6359300157419423
2019-05-15,45.668487548828125,47.72999954223633,47.9375,46.505001068115234,46.567501068115234,106178800,40.28510494773795,-0.22861939179111346,50.62349987030029,48.712600021362306,-0.04180678459751408,1.7588952435580534
2019-05-16,45.467567443847656,47.52000045776367,48.11750030517578,47.209999084472656,47.477500915527344,132125600,39.426458626582416,-0.3620445897615667,50.46037483215332,48.79040000915527,-0.0642445859206594,1.8897893044796517
2019-05-17,45.2092170715332,47.25,47.724998474121094,46.689998626708984,46.73249816894531,131516400,38.29625195043807,-0.4839926350613126,50.274624824523926,48.87290000915527,-0.07289316474963747,2.0159439115187587
2019-05-20,43.79552459716797,45.772499084472656,46.087501525878906,45.06999969482422,45.880001068115234,154449200,32.76167818258487,-0.6918837107078986,50.00662479400635,48.92379997253418,-0.10482571050392275,2.2397517930200337
2019-05-21,44.635135650634766,46.650001525878906,47.0,46.17499923706055,46.30500030517578,113459200,38.45092406473349,-0.7768764246697373,49.74562492370605,48.962300033569335,-0.10063615796215297,2.31409424969409
2019-05-22,43.72138595581055,45.69499969482422,46.4275016784668,45.63750076293945,46.165000915527344,118994400,34.98179481511437,-0.9107953474912591,49.440874862670896,48.971650009155276,-0.11768683361570975,2.4291676210042996
2019-05-23,42.975067138671875,44.915000915527344,45.1349983215332,44.45249938964844,44.95000076293945,146118800,32.40983092513176,-1.0675602711558412,49.12062492370605,48.961399993896485,-0.12480512114934483,2.585561892207287
2019-05-24,42.810020446777344,44.74250030517578,45.53499984741211,44.654998779296875,45.04999923706055,94858800,31.852077887531493,-1.191976595979149,48.80399990081787,48.93760002136231,-0.12398434387021295,2.7179794916375
2019-05-28,42.63301086425781,44.557498931884766,45.147499084472656,44.477500915527344,44.72999954223633,111792800,31.231316815828748,-1.2906279389838247,48.474249839782715,48.898150024414065,-0.12892822835697648,2.816338167623184
2019-05-29,42.4296875,44.345001220703125,44.837501525878906,44.0,44.10499954223633,113924800,30.49613378030557,-1.370162250902446,48.18312492370605,48.84495002746582,-0.11606116259853061,2.9307083577175077
2019-05-30,42.649749755859375,44.57500076293945,44.807498931884766,44.16749954223633,44.48749923706055,84873600,32.35229480097283,-1.3985135317895967,47.780374908447264,48.80380004882812,-0.15304959418014774,2.839492904152199
2019-05-31,41.877140045166016,43.76750183105469,44.497501373291016,43.747501373291016,44.057498931884766,108174400,29.385177774866804,-1.4692044668596367,47.35437507629395,48.73835006713867,-0.16294519515564976,2.7658742737057596
2019-06-03,41.45375061035156,43.32500076293945,44.47999954223633,42.567501068115234,43.900001525878906,161584400,27.87640644609303,-1.5431452622557913,46.87375011444092,48.62940010070801,-0.18158203989724764,2.5730968012687385
2019-06-04,42.97029495239258,44.90999984741211,44.95750045776367,43.630001068115234,43.86000061035156,123872000,39.79962884311419,-1.4570517104600214,46.51325016021728,48.57235008239746,-0.1383345977020327,2.288756269267438
2019-06-05,43.663978576660156,45.6349983215332,46.247501373291016,45.28499984741211,46.06999969482422,119093600,44.332860886026076,-1.3151602835054135,46.25925006866455,48.541350021362305,-0.10016763907661086,2.069273993021387
2019-06-06,44.305030822753906,46.30500030517578,46.36750030517578,45.537498474121094,45.77000045776367,90105200,48.21388043312177,-1.1355567533386548,46.03825016021729,48.533500061035156,-0.0871364869769351,1.783526479792924
2019-06-07,45.48429870605469,47.53749847412109,47.97999954223633,46.442501068115234,46.627498626708984,122737600,54.49835411274194,-0.8835819768723283,45.90612506866455,48.54190002441406,-0.05266045864854518,1.5420915022590453
2019-06-10,46.06557846069336,48.14500045776367,48.842498779296875,47.904998779296875,47.95249938964844,104883600,57.252055717090386,-0.6276348344856544,45.84862518310547,48.56120002746582,-0.023328892461671913,1.4261625951219166
2019-06-11,46.5989875793457,48.70249938964844,49.0,48.400001525878906,48.71500015258789,107731600,59.664504963918404,-0.3754810635823773,45.9622501373291,48.58550003051758,0.04894462781684128,1.5592380655566358
2019-06-12,46.450679779052734,48.54750061035156,48.99250030517578,48.34749984741211,48.48749923706055,73012800,58.6731004083653,-0.18601027887462607,46.031375122070315,48.60025001525879,0.029311982783595925,1.6437215294317584
2019-06-13,46.44111251831055,48.53749847412109,49.1974983215332,48.400001525878906,48.67499923706055,86698400,58.605426404849126,-0.03624262333138972,46.07175006866455,48.60089996337891,0.01691805865554641,1.696704475534732
2019-06-14,46.103824615478516,48.185001373291016,48.397499084472656,47.57500076293945,47.88750076293945,75046000,56.14754420239382,0.053390302436334025,46.10500011444092,48.58784996032715,0.013994126875449098,1.7327132062141473
2019-06-17,46.37891387939453,48.47249984741211,48.7400016784668,48.04249954223633,48.224998474121094,58676400,57.70555769853287,0.14594144389436536,46.16612510681152,48.578849945068356,0.025873012643642612,1.7956513405363745
2019-06-18,47.46968078613281,49.61249923706055,50.0724983215332,48.8025016784668,49.01250076293945,106204000,63.277017481761376,0.30772999385317235,46.35812511444092,48.58609992980957,0.08389317230639315,1.9500092326397507
2019-06-19,47.33094787597656,49.46749877929688,49.970001220703125,49.32749938964844,49.91999816894531,84496800,62.15547805301247,0.4194135221889965,46.498999977111815,48.57494987487793,0.0603965093517731,2.0702692724647154
2019-06-20,47.71126937866211,49.8650016784668,50.15250015258789,49.50749969482422,50.092498779296875,86056000,64.03729142268446,0.5338448537569533,46.70750007629395,48.57474990844727,0.09125729317194642,2.1914713577165332
2019-06-21,47.54861831665039,49.69499969482422,50.212501525878906,49.537498474121094,49.70000076293945,191202400,62.603549915515615,0.6038539170736712,46.94650001525879,48.56554992675781,0.10642321455779835,2.2456750108763153
2019-06-24,47.50078201293945,49.64500045776367,50.040000915527344,49.54249954223633,49.6349983215332,72881600,62.162729145234586,0.647834253558301,47.19162502288818,48.56369995117188,0.10957143921661383,2.2599561402807335
2019-06-25,46.78077697753906,48.89250183105469,49.814998626708984,48.8224983215332,49.60749816894531,84281200,55.79498939297931,0.6148806751286457,47.40837516784668,48.54720001220703,0.09729008591341404,2.201140643421548
2019-06-26,47.79259490966797,49.95000076293945,50.247501373291016,49.337501525878906,49.442501068115234,104270000,61.72823862479788,0.6664140464223891,47.68862514495849,48.550050048828126,0.1263952957029022,2.1467255633503
2019-06-27,47.77824783325195,49.935001373291016,50.39250183105469,49.89250183105469,50.0724983215332,83598800,61.60194139495959,0.6979982002968441,47.95662517547608,48.552500076293946,0.12024678673270994,2.0707899748933483
2019-06-28,47.342899322509766,49.47999954223633,49.875,49.26250076293945,49.66999816894531,124442400,57.74245574199313,0.6784927821907374,48.24225006103516,48.52645004272461,0.1305191631277527,1.8441305873924247
2019-07-01,48.211204528808594,50.38750076293945,51.122501373291016,50.162498474121094,50.79249954223633,109012000,62.75462918391278,0.7278719077512648,48.595375061035156,48.514900054931644,0.16301211484435374,1.4963877460785788
2019-07-02,48.49346923828125,50.682498931884766,50.782501220703125,50.34000015258789,50.352500915527344,67740800,64.23947876930863,0.781797037747296,48.88400001525879,48.50590003967285,0.12853482752361423,1.2907027410380525
2019-07-03,48.89532470703125,51.102500915527344,51.11000061035156,50.67250061035156,50.81999969482422,45448000,66.2994620590894,0.8486411350120022,49.15737514495849,48.4905500793457,0.11980941810212054,1.1360923970169272
2019-07-05,48.85226821899414,51.057498931884766,51.27000045776367,50.724998474121094,50.837501525878906,69062000,65.86168029903547,0.8877508406124477,49.39500007629395,48.47590003967285,0.1026346743415909,0.9965342251446332
2019-07-08,47.84523391723633,50.005001068115234,50.349998474121094,49.602500915527344,50.20249938964844,101354400,56.470066849167374,0.8243155856042534,49.51837520599365,48.449600067138675,0.05190644592578697,0.9027994278379919
2019-07-09,48.13705062866211,50.310001373291016,50.377498626708984,49.70249938964844,49.79999923706055,82312000,58.324666692447224,0.7895521983542579,49.62662525177002,48.434300079345704,0.04496834344049172,0.858151062417885
2019-07-10,48.61307144165039,50.807498931884766,50.932498931884766,50.38999938964844,50.462501525878906,71588400,61.2265007844247,0.7930045953726648,49.73187522888183,48.42740005493164,0.04322159167633477,0.8678753414716152
2019-07-11,48.25905227661133,50.4375,51.09749984741211,50.4275016784668,50.82749938964844,80767200,57.99236311573431,0.7571567911156762,49.82637519836426,48.43280006408691,0.03893093085919741,0.834376626883752
2019-07-12,48.62981414794922,50.82500076293945,51.0,50.54999923706055,50.61249923706055,70380800,60.35431868560492,0.7513540789423772,49.94075031280518,48.396700057983395,0.0471285575221394,0.8046548533105468
2019-07-15,49.08668899536133,51.3025016784668,51.467498779296875,51.0,51.022499084472656,67789600,63.107105224747535,0.7763365959547315,50.096625328063965,48.377000122070314,0.06469856213190472,0.7464897243204984
2019-07-16,48.91685485839844,51.125,51.52750015258789,50.875,51.147499084472656,67467200,61.40039131429586,0.7729029742952065,50.22925033569336,48.34075012207031,0.05472175276574909,0.6749531873751176
2019-07-17,48.64177322387695,50.837501525878906,51.272499084472656,50.817501068115234,51.01250076293945,56430000,58.634388409483606,0.7384704525603425,50.290500450134275,48.31510017395019,0.024691404538299988,0.6716135464655888
2019-07-18,49.1943359375,51.415000915527344,51.470001220703125,50.92499923706055,51.0,74162400,62.30752298672667,0.7491461153034393,50.3878755569458,48.32910018920899,0.039369327018521805,0.6870134327217603
2019-07-19,48.45998001098633,50.647499084472656,51.625,50.59000015258789,51.4474983215332,83717200,55.28178395426845,0.6877477435758266,50.42700042724609,48.32755020141602,0.015692316848828325,0.6778896763133484
2019-07-22,49.567481994628906,51.80500030517578,51.807498931884766,50.90250015258789,50.912498474121094,89111600,62.203716279331246,0.724142304773224,50.532500457763675,48.360050201416016,0.04245901244207717,0.7208039121015086
2019-07-23,49.954986572265625,52.209999084472656,52.227500915527344,51.8224983215332,52.1150016784668,73420800,64.28671778873058,0.7767118230937626,50.66075038909912,48.41835021972656,0.05166680638650001,0.7803167983236533
2019-07-24,49.91432571411133,52.16749954223633,52.287498474121094,51.79249954223633,51.91749954223633,59966400,63.88881176237413,0.8056570739859268,50.824500274658206,48.53310020446777,0.06698363938295104,0.7318434314946917
2019-07-25,49.51964569091797,51.755001068115234,52.310001373291016,51.682498931884766,52.22249984741211,55638400,60.0065845503217,0.7862478387267089,50.914750289916995,48.62490020751953,0.03613614169381574,0.7296171448008708
2019-07-26,49.69186782836914,51.935001373291016,52.432498931884766,51.78499984741211,51.869998931884766,70475600,61.11691545115133,0.7764400822985849,51.01475028991699,48.709000244140626,0.040052066586499624,0.7253125175890569
2019-07-29,50.155921936035156,52.41999816894531,52.65999984741211,52.11000061035156,52.1150016784668,86693600,64.01577019832291,0.7985968256928757,51.16175022125244,48.80700019836426,0.05941791944034658,0.6951928495411875
2019-07-30,49.94063949584961,52.19499969482422,52.540000915527344,51.82749938964844,52.189998626708984,135742800,61.71699805535383,0.7889066828303868,51.25212516784668,48.905900192260745,0.03587197032034983,0.7066361564524087
2019-07-31,50.959632873535156,53.2599983215332,55.342498779296875,52.82500076293945,54.10499954223633,277125600,67.64034293159419,0.8572814564182565,51.3810001373291,49.05565017700195,0.050855807112283324,0.8227765537920251
2019-08-01,49.856903076171875,52.10749816894531,54.50749969482422,51.685001373291016,53.474998474121094,216071600,57.30690943742964,0.8091445123684835,51.43125,49.16480010986328,0.019666302732995966,0.8354639584451787
2019-08-02,48.802040100097656,51.005001068115234,51.60749816894531,50.407501220703125,51.38249969482422,163448400,49.51418016859431,0.6742608756550936,51.42862510681152,49.2710001373291,-0.0010282106422715431,0.8367814586443221
2019-08-05,46.24734878540039,48.334999084472656,49.662498474121094,48.14500045776367,49.497501373291016,209572000,36.55123976603402,0.347907316849394,51.34512500762939,49.339400100708005,-0.03339669928949218,1.043986091164591
2019-08-06,47.122833251953125,49.25,49.51750183105469,48.5099983215332,49.07749938964844,143299200,42.14154348460459,0.16124397695141113,51.29212493896485,49.429550094604494,-0.021069396628038195,1.1232031246680323
2019-08-07,47.61079788208008,49.7599983215332,49.88999938964844,48.45500183105469,48.852500915527344,133457600,45.047770157730675,0.053843859068713584,51.239749908447266,49.53360008239746,-0.02061704733303049,1.1704206768393026
2019-08-08,48.66090774536133,50.85749816894531,50.88249969482422,49.84749984741211,50.04999923706055,108038000,50.77764852397944,0.05663470771123258,51.26074981689453,49.66385002136231,0.008327101243029711,1.1589809091643077
2019-08-09,48.25992965698242,50.247501373291016,50.689998626708984,49.8224983215332,50.32500076293945,98478800,47.794688152555565,0.009515147219858022,51.23187484741211,49.77730003356933,-0.011362506266198391,1.1774552869268808
2019-08-12,48.13745880126953,50.119998931884766,50.51250076293945,49.787498474121094,49.904998779296875,89927600,47.170917620987936,-0.03768145700630754,51.17274971008301,49.90434997558594,-0.023049611771239653,1.2031314922779965
2019-08-13,50.17600631713867,52.24250030517578,53.03499984741211,50.119998931884766,50.255001068115234,188874000,57.18769449617454,0.09508691370018596,51.228624725341795,50.08269996643067,0.02185819667825495,1.226519000663761
2019-08-14,48.68252182006836,50.6875,51.61000061035156,50.647499084472656,50.790000915527344,146189600,49.745874148168,0.07397849701802528,51.22112464904785,50.19824996948242,-0.002950607747757794,1.2294915917420852
2019-08-15,48.44000244140625,50.435001373291016,51.28499984741211,49.91749954223633,50.8650016784668,108909600,48.63905927870117,0.0364551633327892,51.17212467193603,50.29425003051758,-0.019060576189552703,1.2408342641772308
2019-08-16,49.58293151855469,51.625,51.790000915527344,50.959999084472656,51.06999969482422,110481600,53.850491798065654,0.10156976199683498,51.2209997177124,50.40065002441406,0.019300082594345236,1.23833105865417
2019-08-19,50.50736618041992,52.587501525878906,53.182498931884766,52.50749969482422,52.654998779296875,97654400,57.59805984709738,0.22820873153882104,51.26012477874756,50.50165008544922,0.015104743096101103,1.269717488330381
2019-08-20,50.5097541809082,52.59000015258789,53.337501525878906,52.58000183105469,52.720001220703125,107537200,57.607683816437365,0.3250259487631624,51.27912483215332,50.590550079345704,0.007278319762090257,1.2873995571643022
2019-08-21,51.057220458984375,53.15999984741211,53.412498474121094,52.900001525878906,53.247501373291016,86141600,59.84665332383386,0.4426459555914164,51.32874984741211,50.67970008850098,0.01902526120448278,1.341440371405047
2019-08-22,51.013999938964844,53.1150016784668,53.61000061035156,52.6875,53.29750061035156,89014800,59.57913095611049,0.5261643867165873,51.396749877929686,50.77105010986328,0.026277665583692267,1.3974847433205113
2019-08-23,48.656105041503906,50.65999984741211,53.01250076293945,50.25,52.35749816894531,187272000,47.18613522715583,0.3897622777223546,51.332999801635744,50.8135001373291,-0.024549946898328345,1.4007162273020348
2019-08-26,49.58053207397461,51.622501373291016,51.79750061035156,51.26499938964844,51.46500015258789,104174400,51.45002019030841,0.35523354165484733,51.293124961853025,50.8822501373291,-0.015213598311927257,1.3793316209714146
2019-08-27,49.02107620239258,51.040000915527344,52.13750076293945,50.88249969482422,51.96500015258789,103493200,48.8781343999431,0.27766559463898943,51.235375022888185,50.933600158691405,-0.022128533117156235,1.3636744350519068
2019-08-28,49.35001754760742,51.38249969482422,51.43000030517578,50.83000183105469,51.025001525878906,63755200,50.446642113251436,0.24105054624126154,51.141500091552736,50.96900016784668,-0.035251571270701776,1.2789561418857844
2019-08-29,50.185611724853516,52.25249862670898,52.33000183105469,51.665000915527344,52.125,83962000,54.283676054060095,0.2790181519347996,51.148750114440915,51.02470016479492,0.0027827177058767916,1.2851164527907397
2019-08-30,50.12078857421875,52.185001373291016,52.61249923706055,51.79999923706055,52.540000915527344,84573600,53.93474210688547,0.3002007612290498,51.207750129699704,51.07110015869141,0.023134992264776777,1.305101215969447
2019-09-03,49.390846252441406,51.42499923706055,51.744998931884766,51.05500030517578,51.60749816894531,80092000,50.03478853248386,0.25274878030754167,51.3622501373291,51.10570014953613,0.06392883440812014,1.116375433318393
2019-09-04,50.22882843017578,52.29750061035156,52.369998931884766,51.83000183105469,52.09749984741211,76752400,54.135017004761714,0.2822922235482892,51.51462516784668,51.15875015258789,0.06187818498175757,1.016400197299967
2019-09-05,51.210880279541016,53.31999969482422,53.49250030517578,52.877498626708984,53.0,95654800,58.43933462716445,0.38378866902477426,51.69262523651123,51.24730010986328,0.07154343837166999,1.0046025447205285
2019-09-06,51.206085205078125,53.31499862670898,53.60499954223633,53.127498626708984,53.51250076293945,77449200,58.41046120671572,0.45853607051397205,51.815500259399414,51.31460006713867,0.04832130061923223,1.0464977168875222
2019-09-09,51.42458724975586,53.54249954223633,54.11000061035156,52.76750183105469,53.709999084472656,109237600,59.3933297011534,0.5300215883551118,51.98025016784668,51.386750030517575,0.0655753635283598,1.0460212166254037
2019-09-10,52.032047271728516,54.17499923706055,54.19499969482422,52.9275016784668,53.46500015258789,127111600,62.07669237143855,0.6304444445031763,52.18300018310547,51.48065002441406,0.08090583383065719,1.0593763003506396
2019-09-11,53.686431884765625,55.897499084472656,55.9275016784668,54.432498931884766,54.51750183105469,177158400,68.23325458134275,0.8393461635636967,52.36575012207031,51.590849990844724,0.06996217175567998,1.3465217528886846
2019-09-12,53.566368103027344,55.772499084472656,56.60499954223633,55.71500015258789,56.20000076293945,128906800,67.37840774024826,0.9834788931573968,52.62000007629395,51.69264999389648,0.10032057379970705,1.4858251300591698
2019-09-13,52.52428436279297,54.6875,55.1974983215332,54.255001068115234,55.0,159053200,60.31489340040439,0.9986430262069845,52.832625007629396,51.76434997558594,0.0843164173870925,1.4607496164836116
2019-09-16,52.8004150390625,54.97499847412109,55.032501220703125,54.38999938964844,54.432498931884766,84632400,61.4675954218489,1.0220775611334716,53.00012493133545,51.842699966430665,0.06489101160525101,1.5063423952203983
2019-09-17,52.992523193359375,55.17499923706055,55.20500183105469,54.779998779296875,54.9900016784668,73274800,62.288225190477064,1.0447448210267964,53.12949981689453,51.94609992980957,0.04920366315384461,1.5784293287587845
2019-09-18,53.48954391479492,55.692501068115234,55.712501525878906,54.86000061035156,55.26499938964844,101360000,64.40086529204254,1.0918803436937097,53.284624862670896,52.05374992370606,0.05899412258082437,1.6722815127726356
2019-09-19,53.0549430847168,55.2400016784668,55.939998626708984,55.092498779296875,55.502498626708984,88242400,61.17382086315191,1.0802699859970488,53.38862495422363,52.1423999786377,0.0391271978371901,1.727877164520029
2019-09-20,52.279380798339844,54.432498931884766,55.63999938964844,54.36750030517578,55.345001220703125,221652400,55.80028272843084,0.9944466093165119,53.45449981689453,52.22229995727539,0.02480461662024358,1.741953586475913
2019-09-23,52.517093658447266,54.68000030517578,54.959999084472656,54.412498474121094,54.73749923706055,76662000,57.04571331643892,0.9356170464325686,53.65549983978271,52.29939994812012,0.07935255566269062,1.630922322759163
2019-09-24,52.26737976074219,54.41999816894531,55.622501373291016,54.29750061035156,55.25749969482422,124763200,55.28341712557939,0.8581222948847937,53.79537467956543,52.36174987792969,0.05419142275623434,1.5660597613968124
2019-09-25,53.07174301147461,55.25749969482422,55.375,54.28499984741211,54.63750076293945,87613600,59.611602772939406,0.8544371007806078,54.006249618530276,52.44439987182617,0.08263124419368562,1.455564287974109
2019-09-26,52.79801940917969,54.97249984741211,55.23500061035156,54.70750045776367,55.0,75334000,57.56951889763478,0.8190776349421185,54.18574962615967,52.52709983825684,0.06986814915408868,1.3310038024377928
2019-09-27,52.54110336303711,54.70500183105469,55.2400016784668,54.31999969482422,55.1349983215332,101408000,55.64282565082332,0.7607012585792674,54.30837478637695,52.592899856567385,0.046935615880617565,1.2542826875825803
2019-09-30,53.777671813964844,55.99250030517578,56.14500045776367,55.1974983215332,55.224998474121094,103909600,62.200075708195634,0.8090022521441895,54.49874973297119,52.699799880981445,0.07296155660989401,1.2029347414787002
2019-10-01,53.926544189453125,56.147499084472656,57.05500030517578,56.04999923706055,56.26750183105469,139223200,62.91091308040876,0.8499900870219363,54.7348747253418,52.78664985656738,0.0918327645595518,1.0169438199407288
2019-10-02,52.5747184753418,54.7400016784668,55.89500045776367,54.48249816894531,55.76499938964844,138449200,53.13867474501931,0.7601375709966689,54.85699977874756,52.83724990844726,0.046703973222608886,0.8401210145046408
2019-10-03,53.021324157714844,55.20500183105469,55.2400016784668,53.782501220703125,54.60749816894531,114426000,55.59287980740875,0.7181717934511482,54.95124988555908,52.897999954223636,0.035352628413714005,0.7605862551515506
2019-10-04,54.507606506347656,56.75249862670898,56.872501373291016,55.97249984741211,56.40999984741211,138478800,62.61073707803183,0.800555366897008,55.12312488555908,52.99794990539551,0.06447529004113917,0.7597678354495152
2019-10-07,54.51961135864258,56.76499938964844,57.48249816894531,56.459999084472656,56.567501068115234,122306000,62.66206971871572,0.8569749754221618,55.28424987792969,53.094549865722655,0.060185831348237295,0.748537038417889
2019-10-08,53.88092803955078,56.09999847412109,57.01499938964844,56.08250045776367,56.45500183105469,111820000,58.09287194244268,0.8383637697468487,55.380499839782715,53.168149871826174,0.03553298134139471,0.721678378014184
2019-10-09,54.51240158081055,56.75749969482422,56.9474983215332,56.40999984741211,56.75749969482422,74770400,61.11218255974294,0.8666785775530741,55.42349987030029,53.25939987182617,0.015385314628332925,0.7775614470169435
2019-10-10,55.24716567993164,57.522499084472656,57.61000061035156,56.82500076293945,56.98249816894531,113013600,64.33211297192034,0.9400114571731848,55.510999870300296,53.34464988708496,0.031377471490912745,0.9066510535005022
2019-10-11,56.71662902832031,59.0525016784668,59.40999984741211,58.07749938964844,58.23749923706055,166795600,69.7303935462109,1.1088051001893433,55.72924995422363,53.48354995727539,0.07981717354910711,1.1816520006390008
2019-10-14,56.63499069213867,58.96749877929688,59.532501220703125,58.66749954223633,58.724998474121094,96427600,69.10462826996992,1.2216340182860037,55.92887496948242,53.642799911499026,0.07262392753053426,1.3697883967429119
2019-10-15,56.50293731689453,58.83000183105469,59.412498474121094,58.720001220703125,59.09749984741211,87360000,68.04096584381124,1.2851425705727806,56.11162509918213,53.85269996643066,0.06624381775322452,1.5014088302250115
2019-10-16,56.274818420410156,58.59249877929688,58.810001373291016,58.29999923706055,58.342498779296875,73903200,66.14701903058796,1.301308371562392,56.25662498474121,54.0395499420166,0.05207160130292543,1.5958649026237595
2019-10-17,56.49333572387695,58.81999969482422,59.037498474121094,58.380001068115234,58.772499084472656,67585200,67.09194579579287,1.3172923813078583,56.43562488555908,54.22074996948242,0.06480807218644502,1.6746634953213588
2019-10-18,56.7646598815918,59.102500915527344,59.39500045776367,58.5724983215332,58.647499084472656,97433600,68.27610370081496,1.3373392967906526,56.66912498474121,54.38565002441406,0.08579437055584171,1.705945128926474
2019-10-21,57.749107360839844,60.12749862670898,60.247501373291016,59.33000183105469,59.380001068115234,87247200,72.18673315727769,1.4195714349208188,56.941499900817874,54.583249969482424,0.09962506018891815,1.803719785590716
2019-10-22,57.617042541503906,59.9900016784668,60.54999923706055,59.904998779296875,60.290000915527344,82293600,70.92372393081979,1.456852453995836,57.22000007629394,54.780650024414065,0.10235214437585194,1.8238022945626118
2019-10-23,58.39020538330078,60.79499816894531,60.810001373291016,60.30500030517578,60.525001525878906,75828800,73.81258931793381,1.5336751667110704,57.496875,54.95169998168945,0.10021261375747281,1.9275680141052625
2019-10-24,58.48625183105469,60.89500045776367,61.20000076293945,60.45249938964844,61.127498626708984,69275200,74.1561054355806,1.5843635126277604,57.793000030517575,55.15584999084473,0.1077356974267265,1.9737199259100082
2019-10-25,59.206581115722656,61.64500045776367,61.682498931884766,60.720001220703125,60.790000915527344,73477200,76.6318967204591,1.6658502393416725,58.13999996185303,55.38004997253418,0.12686223186943235,2.0119358566921988
2019-10-28,59.79965591430664,62.26250076293945,62.3125,61.68000030517578,61.85499954223633,96572800,78.46140366683643,1.7599683516888973,58.453499984741214,55.59279998779297,0.11197929050480515,2.143870635457267
2019-10-29,58.41661071777344,60.8224983215332,62.4375,60.64250183105469,62.24250030517578,142839600,65.5693473129557,1.6987790044790856,58.687249946594235,55.75749992370606,0.0832628222679539,2.134049484015392
2019-10-30,58.409423828125,60.81499862670898,61.32500076293945,60.3025016784668,61.189998626708984,124522000,65.50897581136496,1.6308810615853773,58.99099979400635,55.92199989318848,0.11097911512545533,1.9685747310619635
2019-10-31,59.73002624511719,62.18999862670898,62.29249954223633,59.314998626708984,61.810001373291016,139162000,70.81464210140149,1.6687857381035727,59.340249633789064,56.10259986877441,0.1265283319259849,1.8791199915208263
2019-11-01,61.42521286010742,63.95500183105469,63.98249816894531,62.290000915527344,62.3849983215332,151125200,75.932539656345,1.8202636093621862,59.70037479400635,56.31939987182617,0.1269107683120767,2.0403357161225957
2019-11-04,61.82859420776367,64.375,64.4625015258789,63.845001220703125,64.3324966430664,103272000,76.96756960094912,1.9517032358269617,60.080874824523924,56.59369987487793,0.1340614937404423,2.169604783834929
2019-11-05,61.7397575378418,64.28250122070312,64.54750061035156,64.08000183105469,64.26249694824219,79897600,76.19043474351102,2.0250625478332154,60.48999996185303,56.846899871826174,0.14585566789911097,2.1508276710279493
2019-11-06,61.76616668701172,64.30999755859375,64.37249755859375,63.842498779296875,64.19249725341797,75864400,76.26714653264602,2.061653596469462,60.867624855041505,57.1122998046875,0.13306607768802503,2.1238488638783934
2019-11-07,62.479026794433594,64.85749816894531,65.0875015258789,64.52749633789062,64.68499755859375,94940400,77.80085009104731,2.1105024314521827,61.234374809265134,57.38179977416992,0.12751530620568308,2.1489661896016603
2019-11-08,62.650020599365234,65.03500366210938,65.11000061035156,64.2125015258789,64.67250061035156,69986400,78.29068470018291,2.1388829833126763,61.53349990844727,57.63744987487793,0.1013081887066618,2.2435609714062354
2019-11-11,63.14613342285156,65.55000305175781,65.61750030517578,64.56999969482422,64.57499694824219,81821200,79.69086556292793,2.1778262959580843,61.86262512207031,57.904749908447265,0.1116293620846609,2.3285326122113306
2019-11-12,63.08833694458008,65.48999786376953,65.69750213623047,65.2300033569336,65.38749694824219,87388800,79.05111192515686,2.1787321664138872,62.195624923706056,58.18604988098144,0.11320747620985494,2.348151232697153
2019-11-13,63.692832946777344,66.11750030517578,66.19499969482422,65.26750183105469,65.28250122070312,102734400,80.7880596650228,2.204670212194692,62.571875,58.46244987487793,0.12842943521189754,2.3432970038607834
2019-11-14,63.25210952758789,65.66000366210938,66.22000122070312,65.5250015258789,65.9375,89182800,75.85018998774898,2.163372137365876,62.91387519836426,58.70924995422363,0.11628704526985967,2.26472333307701
2019-11-15,64.00349426269531,66.44000244140625,66.44499969482422,65.75250244140625,65.91999816894531,100206400,78.28690567759858,2.168584407146291,63.2807502746582,58.971750030517576,0.12414874856761271,2.2084230705286902
2019-11-18,64.3261947631836,66.7750015258789,66.85749816894531,66.05750274658203,66.44999694824219,86703200,79.25504533825337,2.1746784553692606,63.6131254196167,59.23640007019043,0.11055678434986604,2.2091061281368427
2019-11-19,64.13114929199219,66.57250213623047,67.0,66.34750366210938,66.9749984741211,76167200,77.01950856696297,2.138516536650407,63.942250442504886,59.48435012817383,0.10972662566413027,2.129829090195193
2019-11-20,63.38455581665039,65.79750061035156,66.5199966430664,65.0999984741211,66.38500213623047,106234400,68.99801866342152,2.023990506682047,64.1923755645752,59.682350158691406,0.08228476999875256,2.0322760366467967
2019-11-21,63.10038375854492,65.50250244140625,66.00250244140625,65.29499816894531,65.92250061035156,121395200,66.17290488040216,1.887664099278929,64.42275066375733,59.87695022583008,0.07566305852708388,1.8953553757229893
2019-11-22,63.044986724853516,65.44499969482422,65.79499816894531,65.20999908447266,65.64749908447266,65325200,65.60898604300485,1.7547567051556427,64.61275062561035,60.09210021972656,0.06164326723728597,1.7897686585274377
2019-11-25,64.15038299560547,66.59249877929688,66.61000061035156,65.62999725341797,65.67749786376953,84020400,70.93243916960425,1.7221681415109344,64.82925052642823,60.32445022583008,0.06954423550771938,1.75199809786986
2019-11-26,63.649478912353516,66.07250213623047,66.79000091552734,65.625,66.73500061035156,105207600,65.95048931599476,1.6355287296186418,65.09175071716308,60.54240028381348,0.0863168064380313,1.4944446899483288
2019-11-27,64.5044174194336,66.95999908447266,66.99500274658203,66.32749938964844,66.3949966430664,65235600,69.84350642294821,1.619807821817858,65.39900074005126,60.76775024414062,0.10104416010074346,1.1640588175236306
2019-11-29,64.36235046386719,66.8125,67.0,66.4749984741211,66.6500015258789,46617600,68.44291622575537,1.5772652141320407,65.63012580871582,60.99920021057129,0.07432869392773678,0.9284263803133178
2019-12-02,63.6181755065918,66.04000091552734,67.0625,65.86250305175781,66.81749725341797,94487200,61.488333139143,1.464335720299104,65.73437576293945,61.23135025024414,0.03260103236304257,0.8436178834765605
2019-12-03,62.48384094238281,64.86250305175781,64.88249969482422,64.07250213623047,64.57749938964844,114430400,52.698377620876585,1.2652391565646326,65.75875091552734,61.435000305175784,0.007572862939927205,0.80858902876913
2019-12-04,63.035362243652344,65.43499755859375,65.82749938964844,65.16999816894531,65.26750183105469,67181600,55.99233632022382,1.1405022179269224,65.81637573242188,61.65530029296875,0.01792861690203562,0.7356199968549578
2019-12-05,63.96014404296875,66.3949966430664,66.47250366210938,65.68250274658203,65.94750213623047,74424400,60.90832194848276,1.106357794474377,65.92062568664551,61.87805023193359,0.032421072362395664,0.654131192065257
2019-12-06,65.19558715820312,67.67749786376953,67.75,66.82499694824219,66.87000274658203,106075600,66.3210100434527,1.1693061892103884,66.06162567138672,62.132150192260745,0.043479933306685536,0.7140914185225047
2019-12-09,64.28287506103516,66.7300033569336,67.69999694824219,66.22750091552734,67.5,128042400,59.73993243385335,1.1297156980541274,66.14637565612793,62.37265022277832,0.02606288305341886,0.6858620894240657
2019-12-10,64.6585464477539,67.12000274658203,67.51750183105469,66.46499633789062,67.1500015258789,90420400,61.43621217517061,1.1169343164301182,66.22487564086914,62.595200271606444,0.02395117653289125,0.7036287068292263
2019-12-11,65.2100601196289,67.69249725341797,67.7750015258789,67.125,67.20249938964844,78756800,63.84440141666804,1.1398608947180975,66.33500061035156,62.826100234985354,0.0336310804930855,0.7531719401334961
2019-12-12,65.37625885009766,67.86499786376953,68.13999938964844,66.83000183105469,66.94499969482422,137310400,64.56249016102733,1.15859417830832,66.42237548828125,63.088600158691406,0.026430181881164527,0.8245888699203864
2019-12-13,66.26490020751953,68.7874984741211,68.82499694824219,67.73249816894531,67.86499786376953,133587600,68.19989640312724,1.2336576921656501,66.57875022888183,63.360250091552736,0.047631657593350196,0.9581375582590123
2019-12-16,67.39922332763672,69.96499633789062,70.19750213623047,69.24500274658203,69.25,128186000,72.13190169676238,1.3723408138968551,66.75499992370605,63.624500045776365,0.05305529450564195,1.2197639265581686
2019-12-17,67.53168487548828,70.10250091552734,70.44249725341797,69.69999694824219,69.89250183105469,114158400,72.55861220899027,1.4763254959319596,66.92137489318847,63.89125007629394,0.049831513494744684,1.4312380895550183
2019-12-18,67.37032318115234,69.93499755859375,70.4749984741211,69.77999877929688,69.94999694824219,116028400,71.12982101067597,1.527608662831625,67.08949966430664,64.1679500579834,0.05050877335934367,1.578061727604886
2019-12-19,67.437744140625,70.00499725341797,70.29499816894531,69.73750305175781,69.875,98369200,71.38342423950712,1.5559631577067279,67.29987449645996,64.43290000915528,0.06394614695143086,1.6742792753131186
2019-12-20,67.29806518554688,69.86000061035156,70.6624984741211,69.63999938964844,70.55750274658203,275978000,70.01152776105187,1.5488797601396698,67.51774940490722,64.67965003967285,0.0665241480330192,1.7111910386327103
2019-12-23,68.3962631225586,71.0,71.0625,70.09249877929688,70.13249969482422,98572000,74.2084652839826,1.6166191605347109,67.79549942016601,64.91860000610352,0.08488043901106623,1.8052875127494166
2019-12-24,68.46129608154297,71.06749725341797,71.22250366210938,70.7300033569336,71.17250061035156,48478800,74.43658519613668,1.656652726238974,68.01924934387208,65.16059997558594,0.06719973805086199,1.9218915542793424
2019-12-26,69.81958770751953,72.47750091552734,72.49500274658203,71.17500305175781,71.20500183105469,93121200,78.67899408354155,1.7816177467597214,68.33949928283691,65.43354995727539,0.09693894694786698,2.10531479955601
2019-12-27,69.79307556152344,72.44999694824219,73.49250030517578,72.02999877929688,72.77999877929688,146266000,78.40565556725662,1.857027429301553,68.61399917602539,65.71069992065429,0.08198921652976265,2.2676306221550098
2019-12-30,70.20733642578125,72.87999725341797,73.17250061035156,71.30500030517578,72.36499786376953,144114400,79.59896309365195,1.9292484023121403,68.9173740386963,65.99189987182618,0.09081380360588165,2.4150126762362363
2019-12-31,70.72029876708984,73.4124984741211,73.41999816894531,72.37999725341797,72.48249816894531,100805600,80.99925780429265,2.006324778803176,69.28599891662597,66.27809982299804,0.11163684821906661,2.513360299308865
2020-01-02,72.3338623046875,75.0875015258789,75.1500015258789,73.79750061035156,74.05999755859375,135480400,84.58373654331848,2.177466630281927,69.79724884033203,66.57729988098144,0.15764113305898686,2.604502246188024
2020-01-03,71.63063049316406,74.35749816894531,75.1449966430664,74.125,74.2874984741211,146322800,77.70369512036322,2.228503805898413,70.24337387084961,66.86464981079102,0.13635670426000868,2.58203605803204
2020-01-06,72.20142364501953,74.94999694824219,74.98999786376953,73.1875,73.44750213623047,118387200,79.18367411297777,2.2903590021697937,70.6711238861084,67.14774978637695,0.12885007512187552,2.6193026983774597
2020-01-07,71.86184692382812,74.59750366210938,75.2249984741211,74.37000274658203,74.95999908447266,108872000,75.95355287549727,2.2846009707003674,71.01712417602539,67.42179985046387,0.10224972873951943,2.659783561239262
2020-01-08,73.01783752441406,75.79750061035156,76.11000061035156,74.29000091552734,74.29000091552734,132079200,79.08192786939323,2.3497806060675543,71.47049903869629,67.70484985351563,0.13588336276437207,2.663358997823565
2020-01-09,74.56880187988281,77.40750122070312,77.60749816894531,76.55000305175781,76.80999755859375,170108400,82.39181421871578,2.5025022425107153,71.98487396240235,68.00774986267089,0.1532702332114395,2.770195580718074
2020-01-10,74.73738861083984,77.5824966430664,78.1675033569336,77.0625,77.6500015258789,140644800,82.71201409251228,2.6075971509950477,72.47937393188477,68.34294982910156,0.1461018545766395,2.845346755485264
2020-01-13,76.33409118652344,79.23999786376953,79.26750183105469,77.7874984741211,77.91000366210938,121532000,85.41700139549354,2.7924425795104213,73.04812393188476,68.71144981384278,0.16761217649831628,3.0067293230565895
2020-01-14,75.30333709716797,78.16999816894531,79.39250183105469,78.0425033569336,79.17500305175781,161954400,77.03716389008108,2.820085687968003,73.51724891662597,69.0310498046875,0.13639832677378227,3.038759308831487
2020-01-15,74.98062896728516,77.83499908447266,78.875,77.38749694824219,77.9625015258789,121923600,74.57053845920854,2.7828820916965924,73.91074905395507,69.30864974975586,0.1124848589796883,3.0640077433119655
2020-01-16,75.91985321044922,78.80999755859375,78.92500305175781,78.02249908447266,78.39749908447266,108829200,76.88980920023374,2.799797874984236,74.3461238861084,69.59734970092774,0.12421092727574479,3.112653147425278
2020-01-17,76.7603759765625,79.68250274658203,79.68499755859375,78.75,79.06749725341797,137816400,78.7569612728859,2.850746006516516,74.83349914550782,69.90534973144531,0.13937950279931743,3.148531768961838
2020-01-21,76.24017333984375,79.14250183105469,79.75499725341797,79.0,79.29750061035156,110843200,74.7325960221172,2.8150985036975698,75.29037437438964,70.20199981689453,0.13052646148329905,3.073059232048533
2020-01-22,76.51229858398438,79.42500305175781,79.99749755859375,79.32749938964844,79.6449966430664,101832400,75.4396514823583,2.777624363782138,75.76862449645996,70.49334991455078,0.13691672427481993,2.9241453931673287
2020-01-23,76.88077545166016,79.80750274658203,79.88999938964844,78.9124984741211,79.4800033569336,104472000,76.40249218830917,2.7471232399166468,76.20899963378906,70.78879989624023,0.12404933445890176,2.82987866605035
2020-01-24,76.65921783447266,79.57749938964844,80.8324966430664,79.37999725341797,80.0625,146537600,74.51090008609123,2.6735722541137505,76.63449974060059,71.06934982299805,0.1197453472420007,2.650191543094494
2020-01-27,74.40502166748047,77.23750305175781,77.94249725341797,76.22000122070312,77.51499938964844,161940000,58.61185272457445,2.3988124034778764,76.87249984741212,71.3042999267578,0.06567558312721422,2.464451276936257
2020-01-28,76.5099105834961,79.42250061035156,79.5999984741211,78.04750061035156,78.1500015258789,162234000,65.92365947509927,2.3305096202922613,77.22112503051758,71.57039993286133,0.09623883996973093,2.2931254638177854
2020-01-29,78.11141967773438,81.08499908447266,81.9625015258789,80.34500122070312,81.11250305175781,216229200,70.23272225196278,2.3830584904295193,77.63137512207031,71.8788998413086,0.11258235648012294,2.207977081292213
2020-01-30,77.99822235107422,80.96749877929688,81.02249908447266,79.6875,80.13500213623047,126743200,69.56318957010073,2.387698652199049,78.00912513732911,72.1694497680664,0.10291163578690932,2.091398329044306
2020-01-31,74.53987884521484,77.37750244140625,80.66999816894531,77.07250213623047,80.23249816894531,199588400,52.953350708374735,2.077742391278491,78.12362518310547,72.38149978637695,0.030497764194991728,1.9828985951886688
2020-02-03,74.33518981933594,77.16500091552734,78.37249755859375,75.55500030517578,76.07499694824219,173788400,52.15944013806633,1.79426950226744,78.26400032043458,72.59334976196288,0.03775682097591826,1.7924842237171443
2020-02-04,76.78926086425781,79.7125015258789,79.91000366210938,78.40750122070312,78.82749938964844,136616400,59.91775055286898,1.7549472646684023,78.5021255493164,72.87164978027344,0.06354242523752918,1.6388130982977456
2020-02-05,77.41542053222656,80.36250305175781,81.19000244140625,79.73750305175781,80.87999725341797,118826800,61.627663141748634,1.7559918183042953,78.79037551879883,73.16884979248047,0.07728139825913072,1.4064069659446385
2020-02-06,78.32096862792969,81.30249786376953,81.30500030517578,80.06500244140625,80.64250183105469,105425600,64.01822595303867,1.8117842391390155,79.06562538146973,73.48599975585938,0.07262768836821198,1.3262499415898668
2020-02-07,77.25638580322266,80.00749969482422,80.8499984741211,79.5,80.59249877929688,117684000,58.601703673005645,1.7315444386903494,79.19562530517578,73.75429977416992,0.03358845632683605,1.2818488113934008
2020-02-10,77.62328338623047,80.38749694824219,80.38749694824219,78.4625015258789,78.54499816894531,109348800,59.67974680269326,1.679258969224719,79.33587532043457,74.04059967041016,0.03615506623975695,1.249095751408911
2020-02-11,77.15497589111328,79.90249633789062,80.9749984741211,79.67749786376953,80.9000015258789,94323200,57.617436047491275,1.5804682083421113,79.36900024414062,74.29944961547852,0.0083606573950199,1.2551889228085356
2020-02-12,78.98722839355469,81.80000305175781,81.80500030517578,80.36750030517578,80.36750030517578,113730400,63.00395457741705,1.6364250627928243,79.55050048828124,74.59919967651368,0.046437315694534576,1.3327416796478655
2020-02-13,78.42477416992188,81.21749877929688,81.55500030517578,80.8375015258789,81.04750061035156,94747600,60.46348170821071,1.6151496072197915,79.71962547302246,74.90274963378906,0.043457310138248495,1.318126268515217
2020-02-14,78.44406127929688,81.23750305175781,81.49500274658203,80.7125015258789,81.18499755859375,80113600,60.52235337557643,1.5816703220843067,79.84100074768067,75.23024963378906,0.030801999344807207,1.3415146700769094
2020-02-18,77.00772857666016,79.75,79.9375,78.65249633789062,78.83999633789062,152531200,54.074432854350356,1.4187541678113291,79.84437561035156,75.51654968261718,0.0008470774773807754,1.3411798089028466
2020-02-19,78.12300872802734,80.90499877929688,81.14250183105469,80.0,80.0,93984000,57.83111403821736,1.3670818222956456,79.93250045776367,75.8067497253418,0.022269917016328078,1.3505062841330797
2020-02-20,77.32154083251953,80.07499694824219,81.1624984741211,79.55249786376953,80.65750122070312,100566000,54.3881215180446,1.2448075386046753,79.96500015258789,76.05469970703125,0.00818374405425959,1.3454622425338185
2020-02-21,75.57138061523438,78.26249694824219,80.11250305175781,77.625,79.65499877929688,129554000,47.708471992652825,0.9902358629082926,79.8877498626709,76.28534957885742,-0.01935915478079553,1.3982971572155023
2020-02-24,71.981689453125,74.54499816894531,76.04499816894531,72.30750274658203,74.31500244140625,222195200,37.52809909139925,0.4829477714882131,79.63612480163575,76.43384948730468,-0.0632402533291686,1.8400786701666092
2020-02-25,69.54354858398438,72.0199966430664,75.63249969482422,71.53250122070312,75.23750305175781,230673600,32.46134140480382,-0.12142846483968128,79.37524948120117,76.52039947509766,-0.06755146402383161,2.4625917445711414
2020-02-26,70.64672088623047,73.1624984741211,74.47000122070312,71.625,71.63249969482422,198054800,36.63036827996671,-0.5024190627350578,79.06224937438965,76.6263494873047,-0.07881900076329973,2.8271192793861184
2020-02-27,66.02867126464844,68.37999725341797,71.5,68.23999786376953,70.2750015258789,320605600,28.656223911005824,-1.1767004654415416,78.42699928283692,76.61819946289063,-0.15668745112544036,3.6549001382258646
2020-02-28,65.99005126953125,68.33999633789062,69.60250091552734,64.09249877929688,64.31500244140625,426510000,28.600143582654468,-1.694764880020685,77.79562416076661,76.58569946289063,-0.1559576698278231,4.237231005044645
2020-03-02,72.13377380371094,74.70249938964844,75.36000061035156,69.43000030517578,70.56999969482422,341397200,46.5259103412614,-1.5737921422428087,77.66187400817871,76.67769943237305,-0.03457081150665786,4.292976014885611
2020-03-03,69.8428726196289,72.33000183105469,76.0,71.44999694824219,75.9175033569336,319475600,42.26480985238292,-1.6503370430483244,77.42012405395508,76.72559951782226,-0.06265792816830962,4.455489431789235
2020-03-04,73.08251190185547,75.68499755859375,75.8499984741211,73.28250122070312,74.11000061035156,219178400,49.331782402322915,-1.4238658726159201,77.21874885559082,76.83919952392579,-0.05052537419086789,4.437406577398926
2020-03-05,70.71192169189453,73.2300033569336,74.88749694824219,72.85250091552734,73.87999725341797,187572800,44.99196964112245,-1.426044796510837,76.86212387084962,76.90659957885742,-0.08875407589321227,4.458016068907012
2020-03-06,69.7728500366211,72.25749969482422,72.70500183105469,70.30750274658203,70.5,226176800,43.36453217871882,-1.4890793475766912,76.40987396240234,76.9317495727539,-0.11125117193940481,4.442612325112903
2020-03-09,64.25436401367188,66.5425033569336,69.52249908447266,65.75,65.9375,286744800,35.28677694194886,-1.9773929704078625,75.73662414550782,76.84124969482421,-0.16829667705216,4.868567640810369
2020-03-10,68.88207244873047,71.33499908447266,71.61000061035156,67.34249877929688,69.28500366210938,285290000,44.60543988072163,-1.9551331243276593,75.28399925231933,76.81839965820312,-0.11261076917966506,4.8341023553707085
2020-03-11,66.4897689819336,68.85749816894531,70.30500030517578,67.96499633789062,69.34750366210938,255598800,41.29493570695177,-2.113047755283219,74.73174934387207,76.74654968261719,-0.13823095241278027,4.909025885144676
2020-03-12,59.923580169677734,62.057498931884766,67.5,62.0,63.98500061035156,418474000,33.86567255453785,-2.7551398097827757,73.74462413787842,76.53009971618653,-0.2413508971067061,5.375677471429944
2020-03-13,67.1029281616211,69.49250030517578,69.9800033569336,63.23749923706055,66.22250366210938,370732000,45.426471630702714,-2.6337002579197986,73.15837421417237,76.45169975280761,-0.14436542186534207,5.152532231219321
2020-03-16,58.47034454345703,60.5525016784668,64.7699966430664,60.0,60.48749923706055,322423600,37.04167377416541,-3.221703915338182,72.1241241455078,76.16099975585938,-0.25462379561459747,5.509157042228705
2020-03-17,61.04129409790039,63.21500015258789,64.40249633789062,59.599998474121094,61.877498626708984,324056000,40.56048101115063,-3.4332829263162807,71.29737415313721,75.93814979553223,-0.20733542128416438,5.545095565491439
2020-03-18,59.54700469970703,61.66749954223633,62.5,59.279998779296875,59.942501068115234,300233600,39.189479470724976,-3.6833715684916655,70.33549919128419,75.67249984741211,-0.23777887061761271,5.458636695992648
2020-03-19,59.09074783325195,61.19499969482422,63.209999084472656,60.65250015258789,61.84749984741211,271857200,38.75869551020268,-3.8750265145081926,69.39149932861328,75.4044497680664,-0.23577893191330834,5.316339147385535
2020-03-20,55.33934783935547,57.310001373291016,62.95750045776367,57.0,61.79499816894531,401693200,35.32078748568479,-4.290938073196045,68.34387454986572,75.0346997833252,-0.2677207652703416,5.536117855104514
2020-03-23,54.1637077331543,56.09249877929688,57.125,53.15250015258789,57.02000045776367,336752800,34.2941688882925,-4.6650178423647475,67.4212495803833,74.60839973449707,-0.2475350438379319,5.968958979379817
2020-03-24,59.597686767578125,61.720001220703125,61.92250061035156,58.57500076293945,59.09000015258789,287531200,42.59896463953387,-4.456020112429023,66.90624980926513,74.2911498260498,-0.1430157720419013,5.995578272799507
2020-03-25,59.2693977355957,61.380001068115234,64.5625,61.07500076293945,62.6875,303602000,42.25149629930429,-4.2686171155356405,66.31712493896484,73.93394989013672,-0.1610455855355123,5.926966177060962
2020-03-26,62.388328552246094,64.61000061035156,64.66999816894531,61.59000015258789,61.630001068115234,252087200,46.699408980714395,-3.8154824152779554,66.12862510681153,73.66274993896485,-0.0551330329700761,5.917849097032139
2020-03-27,59.805301666259766,61.935001373291016,63.967498779296875,61.76250076293945,63.1875,204216800,43.69762629468258,-3.6303713224167637,65.80837535858154,73.34474998474121,-0.09372249499300023,5.96499852226352
2020-03-30,61.51202392578125,63.70249938964844,63.880001068115234,62.349998474121094,62.685001373291016,167976400,46.16021095333109,-3.302972518187417,65.25837535858155,73.0426000213623,-0.1472507625564704,5.597566253847541
2020-03-31,61.386497497558594,63.5724983215332,65.62249755859375,63.0,63.900001525878906,197002000,46.0008422947133,-3.019193226652959,64.82050018310547,72.72039993286133,-0.12107705361292376,5.352430822040944
2020-04-01,58.15651321411133,60.227500915527344,62.18000030517578,59.782501220703125,61.625,176218400,41.984272544845204,-3.0292896633754083,64.04762535095215,72.34209991455079,-0.20423461903529205,4.7872276743567035
2020-04-02,59.1269645690918,61.23249816894531,61.287498474121094,59.224998474121094,60.084999084472656,165934000,43.57827741311853,-2.9225074364508146,63.447750091552734,71.97824981689453,-0.16383319183409994,4.303274738258616
2020-04-03,58.2772102355957,60.352500915527344,61.42499923706055,59.74250030517578,60.70000076293945,129880000,42.47773600429522,-2.8757404305979293,62.85250015258789,71.58914978027343,-0.1647579674023737,3.816361766879914
2020-04-06,63.36117172241211,65.61750030517578,65.77749633789062,62.345001220703125,62.724998474121094,201820400,50.52779858583526,-2.386327692016472,62.80625,71.30994979858399,-0.013900935568896489,3.7746665676502533
2020-04-07,62.62730407714844,64.85749816894531,67.92500305175781,64.75,67.69999694824219,202887200,49.451957940154536,-2.0363169966788206,62.48237495422363,71.06234970092774,-0.09080396717825556,3.2451113308367048
2020-04-08,64.230224609375,66.51750183105469,66.84249877929688,65.30750274658203,65.68499755859375,168895200,51.86284521423778,-1.606464256668474,62.3653751373291,70.80424972534179,-0.03398317394787309,3.0387885155899395
2020-04-09,64.69371032714844,66.99749755859375,67.51750183105469,66.17500305175781,67.17500305175781,161834800,52.56731645981588,-1.2130875019658873,62.61237506866455,70.52249969482422,0.07960357268234741,3.208476177525742
2020-04-13,65.9635009765625,68.3125,68.42500305175781,66.4574966430664,67.07749938964844,131022800,54.53056933082861,-0.786161502221006,62.55337505340576,70.26939971923828,-0.016980253984153926,3.0837242451295497
2020-04-14,69.29487609863281,71.76249694824219,72.0625,69.51249694824219,70.0,194994800,59.29119206004711,-0.1675027828776905,63.11387481689453,70.157099609375,0.18512852415743875,3.6649045459960767
2020-04-15,68.66239929199219,71.10749816894531,71.5824966430664,70.15750122070312,70.5999984741211,131154400,58.04856109539468,0.2668595907137927,63.508499717712404,70.03594955444336,0.12485166491033084,4.078003852557565
2020-04-16,69.2079849243164,71.67250061035156,72.05000305175781,70.5875015258789,71.84500122070312,157125200,58.849721152985076,0.6492022765661574,64.00874977111816,69.87514953613281,0.16224106932149507,4.4380461538969564
2020-04-17,68.26890563964844,70.69999694824219,71.73750305175781,69.21499633789062,71.17250061035156,215250000,56.83769111748587,0.8637815556660797,64.48399963378907,69.6818994140625,0.15532310320808596,4.625826641758333
2020-04-20,66.85191345214844,69.23249816894531,70.41999816894531,69.2125015258789,69.48750305175781,130015200,53.846013497823414,0.9049901303370262,65.08012447357177,69.44049942016602,0.20803518600525983,4.41612989104507
2020-04-21,64.78546142578125,67.09249877929688,69.3125,66.35749816894531,69.06999969482422,180991600,49.73489360406624,0.7562505708014271,65.63012447357178,69.18219940185547,0.19610465283924872,3.8917192507263287
2020-04-22,66.65149688720703,69.0250015258789,69.4749984741211,68.05000305175781,68.40249633789062,116862400,53.20912623975142,0.785258250997444,65.99537448883056,68.95494949340821,0.11835709916877679,3.8479801309650177
2020-04-23,66.3931884765625,68.75749969482422,70.4375,68.71749877929688,68.96749877929688,124814400,52.66647863078924,0.7776970765825695,66.36424942016602,68.73204956054687,0.12019384976096625,3.734183206816338
2020-04-24,68.3099594116211,70.74250030517578,70.75250244140625,69.25,69.30000305175781,126161200,56.23339703429831,0.9212580618230959,66.67087440490722,68.51089950561523,0.09491564211255699,3.83302597598758
2020-04-27,68.35822296142578,70.7925033569336,71.13500213623047,69.98750305175781,70.44999694824219,117087600,56.32268662370236,1.0272247972734476,67.11374950408936,68.30239959716796,0.14301286489455545,3.7681926373849093
2020-04-28,67.25016784667969,69.6449966430664,71.4574966430664,69.55000305175781,71.2699966430664,112004800,53.619214819545824,1.0070019057391733,67.41087436676025,68.07054946899414,0.09328515066684528,3.7190205300190233
2020-04-29,69.45902252197266,71.93250274658203,72.4175033569336,70.97250366210938,71.18250274658203,137280800,57.95207577403937,1.162161074125379,67.8288745880127,67.91419952392579,0.13150347470640678,3.7346786601192394
2020-04-30,70.92436218261719,73.44999694824219,73.63249969482422,72.0875015258789,72.48999786376953,183064000,60.58278049300999,1.3915341928039737,68.48999938964843,67.76509948730468,0.21954249855494057,3.479890228197691
2020-05-01,69.78251647949219,72.26750183105469,74.75,71.4625015258789,71.5625,240616800,57.56066971067856,1.4610544423314593,69.0417495727539,67.60894958496094,0.18021482043183878,3.125386034606833
2020-05-04,70.76985931396484,73.29000091552734,73.42250061035156,71.58000183105469,72.2925033569336,133568000,59.44457220267487,1.5804385597558621,69.68862457275391,67.50949966430665,0.2143655988358797,2.510696814293368
2020-05-05,71.83203125,74.38999938964844,75.25,73.61499786376953,73.76499938964844,147751200,61.42825846141808,1.7437115948785902,70.12724952697754,67.5063996887207,0.13369145492701273,2.5282551371321444
2020-05-06,72.5731430053711,75.15750122070312,75.80999755859375,74.71749877929688,75.11499786376953,142333600,62.79564044018525,1.9129859240773754,70.64224967956542,67.56914978027343,0.15880974972126816,2.446028535291022
2020-05-07,73.32391357421875,75.93499755859375,76.2925033569336,75.49250030517578,75.80500030517578,115215200,64.18092374642848,2.0858303522662425,71.11312446594238,67.62459976196288,0.1415792155192208,2.515669109715447
2020-05-08,75.06912994384766,77.53250122070312,77.5875015258789,76.07250213623047,76.41000366210938,133838400,66.90741236433796,2.3249158191663497,71.63987464904785,67.80764984130859,0.15724473369913272,2.7044206334793675
2020-05-11,76.2503662109375,78.75250244140625,79.26249694824219,76.80999755859375,77.0250015258789,145946400,68.85704257425765,2.583060760193561,72.16187477111816,68.0158999633789,0.15282711716605668,3.01777451811642
2020-05-12,75.37897491455078,77.85250091552734,79.92250061035156,77.72750091552734,79.4574966430664,162301200,65.77831049779704,2.684079486738,72.46637496948242,68.07889999389648,0.08486332313210188,3.271902823608538
2020-05-13,74.4688491821289,76.9124984741211,78.98750305175781,75.80249786376953,78.0374984741211,200622400,62.62862751266973,2.657651462502642,72.75662498474121,68.17054992675781,0.081636964520726,3.3999859155120054
2020-05-14,74.92631530761719,77.38500213623047,77.44750213623047,75.38249969482422,76.12750244140625,158929200,63.57284123769021,2.6443517189822074,73.04225006103516,68.20455001831054,0.07970283549802448,3.5411349355303936
2020-05-15,74.48335266113281,76.92749786376953,76.9749984741211,75.05249786376953,75.0875015258789,166348400,61.94097719739193,2.5673005623641103,73.35362510681152,68.27849990844726,0.08808346795384381,3.59768206417367
2020-05-18,76.2382583618164,78.73999786376953,79.125,77.58000183105469,78.2925033569336,135178400,65.69765310674677,2.6222627551862274,73.82900009155273,68.40814987182617,0.1373271216015266,3.652199807031942
2020-05-19,75.7977294921875,78.28500366210938,79.62999725341797,78.25250244140625,78.75749969482422,101729600,63.99011073753164,2.5991451322769734,74.38862533569336,68.64299987792968,0.16682200076689102,3.4154803529965023
2020-05-20,77.2718505859375,79.80750274658203,79.87999725341797,79.12999725341797,79.16999816894531,111504800,67.07398502324811,2.6728660654282095,74.92775039672851,68.81244995117187,0.15621153179780145,3.3750420674548147
2020-05-21,76.69576263427734,79.2125015258789,80.22250366210938,78.96749877929688,79.66500091552734,102688800,64.74054454228823,2.6527001343033874,75.45050048828125,69.01955001831055,0.15205616663576405,3.1726546707328778
2020-05-22,77.18955993652344,79.72250366210938,79.80750274658203,78.8375015258789,78.94249725341797,81803200,65.83760301337955,2.6473543457504434,75.89950065612793,69.37285011291505,0.12693929841601292,3.10603604135127
2020-05-26,76.66669464111328,79.18250274658203,81.05999755859375,79.125,80.875,125522000,63.581835088813556,2.5699197734717387,76.31900062561036,69.56665016174317,0.11851536521241979,2.942240595705396
2020-05-27,77.00074005126953,79.52749633789062,79.67749786376953,78.27249908447266,79.03500366210938,112945200,64.42056223936616,2.5074856825489746,76.81312561035156,69.94615005493164,0.14189820046187163,2.5685111425955993
2020-05-28,77.03463745117188,79.5625,80.86000061035156,78.90750122070312,79.19249725341797,133560800,64.50987167645701,2.4327870637601023,77.19462547302246,70.27310005187988,0.1060716221747271,2.36393380211508
2020-05-29,76.95960235595703,79.48500061035156,80.2874984741211,79.11750030517578,79.8125,153532400,64.12607394336091,2.340356148283931,77.49637565612792,70.62945007324218,0.08216479118933173,2.2428598920958933
2020-06-01,77.90604400634766,80.4625015258789,80.5875015258789,79.30249786376953,79.4375,80791200,66.8083795472042,2.319245320038007,77.90612564086913,71.01480010986329,0.11339813176304747,1.9691952619312345
2020-06-02,78.26671600341797,80.83499908447266,80.86000061035156,79.73249816894531,80.1875,87642800,67.79652974829517,2.305990256199962,78.2833755493164,71.48530006408691,0.1029471698007145,1.7486869045522746
2020-06-03,78.69757080078125,81.27999877929688,81.55000305175781,80.57499694824219,81.16500091552734,104491200,68.98447021700784,2.3048246945897546,78.62787551879883,71.98905006408691,0.09261996835837039,1.6148648337638976
2020-06-04,78.0197982788086,80.58000183105469,81.40499877929688,80.19499969482422,81.09750366210938,87560400,64.92714845987902,2.2218054844132524,78.89900054931641,72.36625007629395,0.07214849512396859,1.448140439574206
2020-06-05,80.24187469482422,82.875,82.9375,80.80750274658203,80.8375015258789,137250400,70.95807911150479,2.3145190000664684,79.24600067138672,72.79615005493164,0.09139399044625152,1.5297089528878507
2020-06-08,80.71630096435547,83.36499786376953,83.4000015258789,81.83000183105469,82.5625,95654400,72.0626534254667,2.3998696581573995,79.53762550354004,73.17125,0.07522647343033206,1.7288471482640557
2020-06-09,83.26518249511719,85.99749755859375,86.40249633789062,83.00250244140625,83.03500366210938,147712400,77.10154115106914,2.6493908655575638,79.89987525939941,73.65249992370606,0.09199701460379561,2.2393416303590037
2020-06-10,85.40739440917969,88.20999908447266,88.69249725341797,86.52249908447266,86.9749984741211,166651600,80.31507719240028,2.991188048741108,80.41775016784668,74.14264991760254,0.1330400185882732,2.854183408703397
2020-06-11,81.30693054199219,83.9749984741211,87.76499938964844,83.87000274658203,87.32749938964844,201662400,62.29409736669788,2.887055445010816,80.77087516784668,74.5506999206543,0.09182512777655161,2.834507071631608
2020-06-12,82.0089111328125,84.69999694824219,86.94999694824219,83.55500030517578,86.18000030517578,200146000,63.791902531158705,2.8304037910778135,81.13662490844726,75.04014984130859,0.09452729353336742,2.8465360368019033
2020-06-15,83.02310943603516,85.74749755859375,86.41999816894531,83.1449966430664,83.3125,138808800,65.89959568925534,2.8373245805192795,81.57762489318847,75.53044982910156,0.11465340664587198,2.8433334509656194
2020-06-16,85.22341918945312,88.0199966430664,88.30000305175781,86.18000030517578,87.86499786376953,165428800,69.98201270185312,2.9916946464439604,82.04162483215332,76.08379974365235,0.11785622340697133,3.101378852030077
2020-06-17,85.10482788085938,87.89749908447266,88.8499984741211,87.77249908447266,88.7874984741211,114406400,69.49901519697222,3.0687745834892013,82.52224960327149,76.52939971923828,0.1227884648744777,3.2307040305243047
2020-06-18,85.13868713378906,87.93250274658203,88.36250305175781,87.30500030517578,87.85250091552734,96820400,69.56365821790487,3.096985372356869,82.92849960327149,76.99089981079102,0.1018074707311647,3.378817369037413
2020-06-19,84.65216064453125,87.43000030517578,89.13999938964844,86.2874984741211,88.66000366210938,264476000,67.35668106065282,3.0437088968292585,83.33937454223633,77.40914978027344,0.1037399226258775,3.4027096942347232
2020-06-22,86.86698913574219,89.71749877929688,89.86499786376953,87.7874984741211,87.83499908447266,135445200,71.75042430798379,3.1497604379061244,83.8391242980957,77.8635498046875,0.12537231845539654,3.573248186555916
2020-06-23,88.72113037109375,91.63249969482422,93.09500122070312,90.56749725341797,91.0,212155600,74.807489317679,3.349718152092109,84.46162414550781,78.32994979858398,0.1572316675577623,3.7967881443712654
2020-06-24,87.15503692626953,90.01499938964844,92.19750213623047,89.62999725341797,91.25,192623200,68.10365553604558,3.3391753892654776,84.9859992980957,78.6949998474121,0.1318726671238244,3.8036781189487856
2020-06-25,88.31205749511719,91.20999908447266,91.25,89.39250183105469,90.17500305175781,137522400,70.22649078380485,3.3881897200936635,85.56837425231933,79.09704986572265,0.14639433256210732,3.8212149788492837
2020-06-26,85.59861755371094,88.40750122070312,91.33000183105469,88.25499725341797,91.10250091552734,205256800,60.120873668388185,3.1644183295290844,86.01449928283691,79.43174987792969,0.11225389119754947,3.5872922686586857
2020-06-29,87.57136535644531,90.44499969482422,90.5425033569336,87.81999969482422,88.3125,130646000,64.15898975814412,3.115572607455036,86.51362419128418,79.82664993286133,0.1240639798619072,3.4665832709751547
2020-06-30,88.3023910522461,91.1999969482422,91.49500274658203,90.0,90.0199966430664,140223200,65.55100035939944,3.102025767271357,87.03187408447266,80.26599990844727,0.12822413535179367,3.3456211711424957
2020-07-01,88.13534545898438,91.02749633789062,91.83999633789062,90.97750091552734,91.27999877929688,110737200,64.93050147498606,3.042300692600577,87.51924896240234,80.74469985961915,0.11992492255150689,3.1689337541706344
2020-07-02,88.13534545898438,91.02749633789062,92.61750030517578,90.91000366210938,91.9625015258789,114041600,64.93050147498606,2.9608374495667533,88.04162368774413,81.18474975585937,0.129653689121779,2.805050177356827
2020-07-06,90.49299621582031,93.4625015258789,93.94499969482422,92.46749877929688,92.5,118655600,69.63594037396122,3.0575166621909915,88.57099876403808,81.67884979248046,0.12775265792915724,2.7775886951539905
2020-07-07,90.21221160888672,93.17250061035156,94.65499877929688,93.05750274658203,93.85250091552734,112424400,68.45785162093412,3.0752850131543426,89.06137390136719,82.12744979858398,0.1176453307491101,2.6739188527556044
2020-07-08,92.31327056884766,95.34249877929688,95.375,94.08999633789062,94.18000030517578,117092000,72.24207101616447,3.227265369828899,89.52862396240235,82.61844970703125,0.1086659668711405,2.9158887576148365
2020-07-09,92.71023559570312,95.75250244140624,96.31749725341797,94.67250061035156,96.26249694824219,125642800,72.90354172484336,3.3422671907555497,89.90574913024902,83.14059982299804,0.08550621738144049,3.2093544325197687
2020-07-10,92.87240600585938,95.91999816894533,95.9800033569336,94.70500183105469,95.33499908447266,90257200,73.18467182970298,3.4076413000515515,90.50299911499023,83.62034973144532,0.1422447146397432,3.158633939121052
2020-07-13,92.44398498535156,95.47750091552734,99.95500183105469,95.25749969482422,97.26499938964844,191649200,71.08634778646896,3.384727886263775,91.0418743133545,84.06089981079101,0.12724326275797848,3.0333714376303527
2020-07-14,93.9737777709961,97.05750274658205,97.25499725341797,93.87750244140625,94.83999633789062,170989200,73.9575629831765,3.45424341598698,91.60737457275391,84.55669982910156,0.13189895343896008,3.0486153254749047
2020-07-15,94.62008666992188,97.7249984741211,99.24749755859375,96.48999786376953,98.98999786376953,153198000,75.083280037787,3.522590075192184,92.09262466430664,85.04539978027344,0.11025905704597849,3.215372135398287
2020-07-16,93.45577239990234,96.52249908447266,97.40499877929688,95.90499877929688,96.5625,110577600,69.2737947100975,3.4400686736836406,92.52387466430665,85.48804977416992,0.09812565874839119,3.201471034504722
2020-07-17,93.26698303222656,96.32749938964844,97.14749908447266,95.83999633789062,96.98750305175781,92186800,68.35022827238343,3.320656560963812,92.94362449645996,85.91144973754882,0.09547091667867624,3.1170328793091167
2020-07-20,95.23246002197266,98.35749816894533,98.5,96.0625,96.4175033569336,90318000,72.46570090633297,3.3511950469424363,93.48999938964843,86.35989974975585,0.1249856779781191,3.0568426382373164
2020-07-21,93.9181137084961,97.0,99.25,96.74250030517578,99.17250061035156,103433200,66.2608114945024,3.2286405020019373,93.8541244506836,86.7492497253418,0.08117146955487375,3.017301457402792
2020-07-22,94.18195343017578,97.27249908447266,97.9749984741211,96.60250091552734,96.69249725341797,89001600,66.87398200543177,3.117566178636096,94.13612442016601,87.11964965820313,0.06155020771486175,3.061967397617507
2020-07-23,89.8951416015625,92.84500122070312,97.07749938964844,92.01000213623047,96.99749755859375,197004400,50.739055195059656,2.6418236036341227,94.27762451171876,87.41949966430664,0.031439225131852044,2.9237694183169363
2020-07-24,89.67243194580078,92.61499786376952,92.97000122070312,89.1449966430664,90.98750305175781,185438800,50.06329939553923,2.2206367189212415,94.34787445068359,87.73354965209961,0.015403999489087106,2.862419156737646
2020-07-27,91.79769134521484,94.80999755859376,94.90499877929688,93.4800033569336,93.70999908447266,121214000,56.07556992160537,2.0404402838310745,94.66799926757812,88.08204956054688,0.07242028390676092,2.49790808094203
2020-07-28,90.28968811035156,93.25250244140624,94.55000305175781,93.24749755859375,94.36750030517578,103625600,51.35117725467355,1.7517632352089265,94.80837440490723,88.40854965209961,0.03104099459400711,2.3206980928579255
2020-07-29,92.02040100097656,95.04000091552734,95.2300033569336,93.7125015258789,93.75,90329200,55.93922655917076,1.6482211154467308,95.00037460327148,88.73454971313477,0.04210530806776691,2.1597165332138633
2020-07-30,93.13382720947266,96.19000244140624,96.29750061035156,93.76750183105469,94.1875,158130000,58.64166732510299,1.6400532388889388,95.25849990844726,89.0926496887207,0.05671369982925367,1.9590816026527382
2020-07-31,102.88390350341797,106.26000213623048,106.41500091552734,100.82499694824219,102.88500213623047,374336800,73.79711793142879,2.4182686589633846,96.02012519836425,89.62169967651367,0.16733961067980352,2.9420026494695173
2020-08-03,105.47632598876953,108.9375,111.63749694824219,107.89250183105469,108.19999694824219,308151200,76.28543310387187,3.214012550901174,96.79387512207032,90.2161996459961,0.1655744092173288,4.057452961931193
2020-08-04,106.18070983886719,109.66500091552734,110.79000091552734,108.38749694824219,109.13249969482422,173071600,76.92657978078418,3.8588659574939186,97.61850013732911,90.81504959106445,0.17701038608105635,4.876079981579552
2020-08-05,106.56558990478516,110.0625,110.39250183105469,108.89749908447266,109.37750244140625,121776800,77.28789549316448,4.351826633699801,98.35450019836426,91.43264953613281,0.15439076392131956,5.575255445419748
2020-08-06,110.28355407714844,113.90249633789062,114.4124984741211,109.79750061035156,110.40499877929688,202428800,80.46963482665359,4.994780413992558,99.26199989318847,92.12014953613281,0.1895511180774716,6.525596040763583
2020-08-07,107.77619934082031,111.1125030517578,113.67500305175781,110.2925033569336,113.20500183105469,198045600,72.52041460473724,5.219034989242758,100.0216251373291,92.75114959716797,0.15838725159328804,6.984228508850868
2020-08-10,109.34268951416016,112.72750091552734,113.7750015258789,110.0,112.5999984741211,212403600,74.1144687120543,5.464088574491683,100.88412513732911,93.41599960327149,0.1806708369468295,7.443547536946617
2020-08-11,106.09087371826172,109.375,112.48249816894531,109.10749816894531,111.97000122070312,187902400,65.60657796021262,5.326377338055011,101.5,93.9942495727539,0.12690927444917932,7.617802828843787
2020-08-12,109.61671447753906,113.01000213623048,113.2750015258789,110.29750061035156,110.49749755859375,165598000,69.67181417609446,5.447756142733496,102.26425018310547,94.63774963378906,0.1564083284806299,7.977387201372369
2020-08-13,111.5566635131836,115.01000213623048,116.0425033569336,113.92749786376953,114.43000030517578,210082000,71.65685073433247,5.640314965285199,103.18862533569336,95.31234970092774,0.1915356857428474,8.339924660044893
2020-08-14,111.45723724365234,114.90750122070312,115.0,113.04499816894531,114.83000183105469,165565200,71.39892410843896,5.718726334817433,104.1176254272461,95.9988996887207,0.19288367235505488,8.567160994868551
2020-08-17,111.16625213623047,114.60749816894533,116.0875015258789,113.9625015258789,116.0625,119561600,70.59795969494868,5.691057206136179,104.9301254272461,96.6335496520996,0.1652136370130921,8.76050930336686
2020-08-18,112.09256744384766,115.5625,116.0,114.00749969482422,114.35250091552734,105633600,71.68682302470849,5.680706243337426,105.85825042724609,97.27749969482421,0.19136597938144329,8.85888231421215
2020-08-19,112.23322296142578,115.7074966430664,117.1624984741211,115.61000061035156,115.98249816894531,145538000,71.8572353837694,5.619425805339873,106.78000030517578,97.87169967651367,0.18951911107562447,8.877577281629563
2020-08-20,114.72364807128906,118.2750015258789,118.39250183105469,115.73249816894531,115.75,126907200,74.75477716716452,5.712190229978219,108.05150032043457,98.4729997253418,0.2738973554938706,8.593243359384315
2020-08-21,120.63560485839844,124.37000274658205,124.86750030517578,119.25,119.26249694824219,338054800,80.01509743456525,6.205983648882267,109.63925056457519,99.28089981079101,0.3428710858420796,8.52433573217116
2020-08-24,122.07844543457031,125.85749816894533,128.78500366210938,123.9375,128.69749450683594,345937600,81.05273578261813,6.640795977740538,111.19162559509277,100.10404983520507,0.327470745805724,8.508661654159702
2020-08-25,121.07697296142578,124.8249969482422,125.18000030517578,123.05249786376953,124.69750213623047,211495600,78.02446707617236,6.823417551374092,112.77025032043457,100.88559982299805,0.33856994375753136,7.9132290774603575
2020-08-26,122.7234878540039,126.52249908447266,126.99250030517578,125.0824966430664,126.18000030517578,163022400,79.38795781407825,7.024150663505665,114.34437522888183,101.65564987182617,0.3312552384856069,7.308862362965888
2020-08-27,121.25642395019531,125.01000213623048,127.48500061035156,123.8324966430664,127.14250183105469,155552400,74.92707886250126,6.980717867583678,115.78537521362304,102.39789993286132,0.2996153338532228,6.314622290135497
2020-08-28,121.05999755859375,124.80750274658205,126.44249725341797,124.57749938964844,126.01249694824219,187630000,74.32491577619568,6.8509831859340125,116.71275024414062,103.13539993286133,0.17454828004400724,6.203056134245252
2020-08-31,125.1653823852539,129.0399932861328,131.0,126.0,127.58000183105469,225702700,78.25798875199705,7.008899895079367,117.71787490844727,103.96759979248047,0.1845323537453385,6.498506288001632
2020-09-01,130.15109252929688,134.17999267578125,134.8000030517578,130.52999877929688,132.75999450683594,151948100,81.88681869629794,7.462778750762595,118.94362449645996,104.85684967041016,0.22354435376458248,7.176292828026828
2020-09-02,127.45458221435547,131.39999389648438,137.97999572753906,127.0,137.58999633789062,200119000,74.63151829840501,7.5115696467441495,120.01049919128418,105.65219955444336,0.19386706549900623,7.36994869059234
2020-09-03,117.25041198730469,120.87999725341795,128.83999633789062,120.5,126.91000366210938,257599600,54.83278573441458,6.624992187490847,120.35937423706055,106.26949951171875,0.061258542524201154,7.229401891286471
2020-09-04,117.3280029296875,120.95999908447266,123.69999694824219,110.88999938964844,120.06999969482422,332607200,54.93070426628687,5.86126364397208,120.85174903869628,106.86449951171875,0.08862635403081276,6.894041084394321
2020-09-08,109.43243408203125,112.81999969482422,118.98999786376953,112.68000030517578,113.94999694824219,231366600,44.38673921608374,4.546761117038429,120.85637397766114,107.35274948120117,0.0008205520263080412,6.888332657272871
2020-09-09,113.79730987548828,117.31999969482422,119.13999938964844,115.26000213623047,117.26000213623047,176940500,50.090305899066486,3.8240396373378474,121.25362396240234,107.89024948120117,0.0726399972098215,6.403375971411049
2020-09-10,110.08230590820312,113.48999786376952,120.5,112.5,120.36000061035156,182274400,45.786281824787444,2.9086988489146393,121.27762374877929,108.33604949951172,0.004247373847143354,6.37167383769411
2020-09-11,108.63703918457031,112.0,115.2300033569336,110.0,114.56999969482422,180860300,44.195288601763885,2.0395437138787855,121.12712364196777,108.7554995727539,-0.02617165533711674,6.560265312702784
2020-09-14,111.89617156982422,115.36000061035156,115.93000030517578,112.80000305175781,114.72000122070312,140150100,48.53797268997825,1.6033732868117454,121.14974861145019,109.24214965820312,0.003937944736778443,6.5384301419489885
2020-09-15,112.07075500488281,115.54000091552734,118.83000183105469,113.61000061035156,118.33000183105469,184642000,48.767983047707425,1.2577312581913418,121.1963737487793,109.6836996459961,0.008136489858694862,6.492485761866039
2020-09-16,108.76314544677734,112.12999725341795,116.0,112.04000091552734,115.2300033569336,154679000,44.69265180619854,0.7005728951074701,121.02474861145019,110.06284957885742,-0.029702565681618553,6.691568149056273
2020-09-17,107.02686309814453,110.33999633789062,112.19999694824219,108.70999908447266,109.72000122070312,178011000,42.67660294791844,0.11327697754830979,120.75637359619141,110.36279953002929,-0.04638852676705474,7.015827449610955
2020-09-18,103.63198852539062,106.83999633789062,110.87999725341797,106.08999633789062,110.4000015258789,287104900,38.974527523744015,-0.6273483365228003,120.18462333679199,110.58454940795899,-0.09668150530935538,7.664632523594595
2020-09-21,106.77471923828125,110.08000183105467,110.19000244140625,103.0999984741211,104.54000091552734,195713800,43.831963118876125,-0.941999089271718,119.47012329101562,110.86774948120117,-0.11489909624465366,7.91587682204889
2020-09-22,108.45276641845703,111.80999755859376,112.86000061035156,109.16000366210938,112.68000030517578,183055400,46.2902523560165,-1.0397799447639358,118.76774826049805,111.1943994140625,-0.1116143321989036,7.942468680622051
2020-09-23,103.9035873413086,107.12000274658205,112.11000061035156,106.7699966430664,111.62000274658203,150718700,41.0455394772769,-1.4786701733042094,117.88249855041504,111.3956494140625,-0.14183853101956334,8.21385139171476
2020-09-24,104.97056579589844,108.22000122070312,110.25,105.0,105.16999816894531,167743300,42.68574850603932,-1.7179299307969984,116.96737365722656,111.60554946899414,-0.14465804893365153,8.220145065418086
2020-09-25,108.90863800048828,112.27999877929688,112.44000244140625,107.66999816894531,108.43000030517578,149981400,48.39279298518082,-1.5619321585653694,116.33087348937988,111.92069946289062,-0.10183187856489273,8.055824549111936
2020-09-28,111.50814819335938,114.95999908447266,115.31999969482422,112.77999877929688,115.01000213623047,137672400,51.80433235567086,-1.2081226869332369,115.83849830627442,112.29334945678711,-0.07890153592852867,7.807578170249686
2020-09-29,110.66429901123047,114.08999633789062,115.30999755859375,113.56999969482422,114.55000305175781,99382200,50.63414875194057,-0.98655568253929,115.0909984588623,112.60799942016601,-0.1158555310452638,7.166478727928657
2020-09-30,112.3326416015625,115.80999755859376,117.26000213623047,113.62000274658203,113.79000091552734,142675200,52.8993542337965,-0.6645124257923527,114.17249870300293,112.9841993713379,-0.1369056202110165,5.596353856522179
2020-10-01,113.2832260131836,116.79000091552734,117.72000122070312,115.83000183105469,117.63999938964844,116120400,54.189184282403794,-0.32644963575610575,113.44199905395507,113.37454940795898,-0.11118716635912962,3.936713067273309
2020-10-02,109.62639617919922,113.0199966430664,115.37000274658203,112.22000122070312,112.88999938964844,144712000,48.6678190540299,-0.35860648426299235,113.0489990234375,113.77804931640625,-0.06502316999456503,3.5260069412611608
2020-10-05,113.00193786621094,116.5,116.6500015258789,113.55000305175781,113.91000366210938,106243800,53.38894216511767,-0.10210680736329891,112.82599906921386,114.25574935913086,-0.03687168583192535,3.116616588457144
2020-10-06,109.76221466064453,113.16000366210938,116.12000274658203,112.25,115.69999694824219,161498200,48.75426747934396,-0.166420366007344,112.84299926757812,114.62274948120117,0.0030136852349305077,3.1175093227410713
2020-10-07,111.62458038330078,115.08000183105467,115.55000305175781,114.12999725341797,114.62000274658203,96849000,51.36781973196888,-0.06174970627121468,112.73099937438965,115.05929946899414,-0.01909306060003657,2.985651575647196
2020-10-08,111.51787567138672,114.97000122070312,116.4000015258789,114.58999633789062,116.25,83477200,51.20668871848418,0.012185943764905005,112.80499954223633,115.45789947509766,0.013040826370533276,3.0235542117481047
2020-10-09,113.45783233642578,116.97000122070312,117.0,114.91999816894531,115.27999877929688,100506900,54.03014289569741,0.22951802349388117,113.05349960327149,115.8734994506836,0.04437501089913498,3.1552787054157725
2020-10-12,120.66471862792969,124.4000015258789,125.18000030517578,119.27999877929688,120.05999755859375,240226800,62.67186446697258,0.9898834319737091,113.50549964904785,116.23629943847656,0.07836339171028195,4.029476710342037
2020-10-13,117.46382904052734,121.0999984741211,125.38999938964844,119.6500015258789,125.2699966430664,262330500,57.50155106687633,1.3110824865458994,113.78349952697754,116.47954940795898,0.048121841046710134,4.355809834563618
2020-10-14,117.55110931396484,121.19000244140624,123.02999877929688,119.62000274658203,121.0,150712000,57.60428129457838,1.5549728601788217,114.23649978637695,116.71004943847656,0.08079912075189233,4.636846353056395
2020-10-15,117.08552551269531,120.70999908447266,121.19999694824219,118.1500015258789,118.72000122070312,112559200,56.81549515309956,1.690043707227801,114.75499992370605,116.92299942016602,0.09398226473405269,4.756453478255496
2020-10-16,115.4462661743164,119.0199966430664,121.55000305175781,118.80999755859375,121.27999877929688,115393800,54.01124692807051,1.6417936780260476,115.36399993896484,117.02534942626953,0.11400225311366996,4.460224439752501
2020-10-19,112.4975357055664,115.9800033569336,120.41999816894531,115.66000366210938,119.95999908447266,120639300,49.297715296474685,1.342774462201831,115.65900001525878,117.12269943237305,0.05359739669094443,4.2839772611848375
2020-10-20,113.98161315917969,117.51000213623048,118.9800033569336,115.62999725341797,116.19999694824219,124423700,51.587642100611724,1.2152490594093592,115.94400024414062,117.21834945678711,0.050979382006064666,4.203279725992171
2020-10-21,113.36082458496094,116.87000274658205,118.70999908447266,116.44999694824219,116.66999816894531,89946000,50.55899672664514,1.0504329200483227,116.43150024414062,117.36824951171874,0.09101941514196898,3.6557458195170107
2020-10-22,112.27445983886719,115.75,118.04000091552734,114.58999633789062,117.44999694824219,101988000,48.727856847150534,0.8199877721600615,116.80800018310546,117.42304946899414,0.06958047213416907,3.1130096685348945
2020-10-23,111.58575439453125,115.04000091552734,116.55000305175781,114.27999877929688,116.38999938964844,82572600,47.55210358650065,0.5734568857693461,116.946000289917,117.42364944458008,0.02458142292694232,2.9590885762440866
2020-10-26,111.5954818725586,115.0500030517578,116.55000305175781,112.87999725341797,114.01000213623047,111850700,47.57129591481814,0.3745686764073213,116.95050048828125,117.42649948120118,0.0007829155184579939,2.955976092618241
2020-10-27,113.09893798828125,116.5999984741211,117.27999877929688,114.54000091552734,115.48999786376953,92276800,50.588796452967365,0.3381223503275095,117.07600059509278,117.46634948730468,0.02200019473045489,2.880455562231482
2020-10-28,107.861083984375,111.1999969482422,115.43000030517578,111.0999984741211,115.05000305175781,143937800,41.604795741323414,-0.1250550622020512,116.84550056457519,117.37909942626953,-0.0398065858521337,3.1581599452997637
2020-10-29,111.85735321044922,115.31999969482422,116.93000030517578,112.19999694824219,112.37000274658203,146129200,49.04060140210888,-0.15785703169639476,116.77200050354004,117.37134948730468,-0.012586704419724759,3.176571621591791
2020-10-30,105.5913314819336,108.86000061035156,111.98999786376953,107.72000122070312,111.05999755859375,190272600,40.362108236783534,-0.6970852022074894,116.56400070190429,117.18304946899414,-0.03680761065541982,3.5494882438113127
2020-11-02,105.50402069091797,108.7699966430664,110.68000030517578,107.31999969482422,109.11000061035156,122866900,40.25522129856749,-1.1187932283205981,116.17750053405761,116.87104934692383,-0.06635196014535272,3.954565813219262
2020-11-03,107.12389373779297,110.44000244140624,111.48999786376953,108.7300033569336,109.66000366210938,107624400,43.25782346775755,-1.3032216383328858,116.04150047302247,116.56269943237305,-0.024036772116276528,4.107611044143977
2020-11-04,111.49847412109375,114.9499969482422,115.58999633789062,112.3499984741211,114.13999938964844,138235500,50.49384356321938,-1.073093661149528,116.03500022888184,116.36519943237305,-0.0011296913516157803,4.109315198117577
2020-11-05,115.45596313476562,119.02999877929688,119.62000274658203,116.87000274658203,117.94999694824219,126387100,55.9647946067797,-0.555094744797529,116.23800010681153,116.21534942626953,0.03531353844904239,4.1539744505010745
2020-11-06,115.32479095458984,118.69000244140624,119.19999694824219,116.12999725341797,118.31999969482422,114457900,55.41521425209438,-0.17005148691987415,116.32400016784668,116.08894943237304,0.014704635400129229,4.187595344278626
2020-11-09,113.02198791503906,116.31999969482422,121.98999786376953,116.05000305175781,120.5,154515300,51.61056853250249,-0.05550155825966385,115.92000007629395,115.9191993713379,-0.06495178241114252,3.7324821511922917
2020-11-10,112.68192291259766,115.97000122070312,117.58999633789062,114.12999725341797,115.55000305175781,138023400,51.05311402922125,0.006957927037220202,115.66350021362305,115.6577995300293,-0.04236166241169892,3.5284655252327117
2020-11-11,116.10211181640625,119.48999786376952,119.62999725341797,116.44000244140625,117.19000244140625,112295000,56.17947457159021,0.3366115816080111,115.57849998474121,115.36399963378906,-0.014027597519511992,3.4067013440774603
2020-11-12,115.8300552368164,119.20999908447266,120.52999877929688,118.56999969482422,119.62000274658203,103162300,55.679921918325775,0.5687151225203451,115.50349998474121,115.12019973754883,-0.012426476773894302,3.3027075783032314
2020-11-13,115.87864685058594,119.26000213623048,119.66999816894531,117.87000274658203,119.44000244140625,81581900,55.75558553649379,0.7480703895004837,115.51550025939942,115.08779983520508,0.002016514030695582,3.316564083998791
2020-11-16,116.8891372680664,120.3000030517578,120.98999786376953,118.1500015258789,118.91999816894531,91183000,57.38514241508179,0.9630289151309768,115.73150024414062,115.07459991455079,0.03724779763567709,3.484816185716825
2020-11-17,116.00494384765625,119.38999938964844,120.66999816894531,118.95999908447266,119.55000305175781,74271000,55.46033337600576,1.0478761411959283,115.82550010681152,115.20599990844727,0.015998614749733964,3.5598622138497977
2020-11-18,114.68351745605469,118.02999877929688,119.81999969482422,118.0,118.61000061035156,76322100,52.61968749817494,0.9939202024871747,115.88349990844726,115.22019989013671,0.009925524133255426,3.587121039900369
2020-11-19,115.27621459960938,118.63999938964844,119.05999755859375,116.80999755859375,117.58999633789062,74113000,53.763604309172024,0.9889813225298951,116.02799987792969,115.3231999206543,0.02496759731877707,3.639289780942083
2020-11-20,114.0130615234375,117.33999633789062,118.7699966430664,117.29000091552734,118.63999938964844,73604300,50.94092134091031,0.8701374401151156,116.14299964904785,115.4299998474121,0.01999300594627207,3.6427640308007354
2020-11-23,110.62202453613281,113.8499984741211,117.62000274658203,113.75,117.18000030517578,127959300,44.227665268038386,0.48870565205221794,116.08299942016602,115.3997998046875,-0.010430287229952095,3.6714838401059784
2020-11-24,111.90458679199219,115.16999816894533,115.8499984741211,112.58999633789062,113.91000366210938,113874200,47.06892219941493,0.28959290883163646,116.01149940490723,115.39239974975585,-0.012264153721178173,3.674808383077006
2020-11-25,112.74020385742188,116.02999877929688,116.75,115.16999816894531,115.55000305175781,76499200,48.89559040767653,0.19889672954063542,116.25299949645996,115.47039978027344,0.043435269456911785,3.496339867002923
2020-11-27,113.28433227539062,116.58999633789062,117.48999786376953,116.22000122070312,116.56999969482422,46691300,50.103110765517776,0.17024400993219047,116.31649932861328,115.59539978027344,0.01101280477304245,3.490030089705139
2020-11-30,115.67459869384766,119.0500030517578,120.97000122070312,116.80999755859375,116.97000122070312,169410200,55.119888449522406,0.3420950471294333,116.8259994506836,115.83959991455077,0.09360648892406176,3.0617053426163863
2020-12-01,119.24053192138672,122.72000122070312,123.47000122070312,120.01000213623047,121.01000213623047,127728200,61.36136569245168,0.7656010407795435,117.52349967956543,116.09239990234374,0.12825232148727816,2.6971397787671934
2020-12-02,119.59033203125,123.08000183105467,123.37000274658203,120.88999938964844,122.0199966430664,89004200,61.920792708305704,1.117400930182697,118.15549964904785,116.31779998779297,0.11445127770940222,2.416249818753887
2020-12-03,119.45429992675781,122.94000244140624,123.77999877929688,122.20999908447266,123.5199966430664,78967600,61.54759382516408,1.3691256679461645,118.55499992370605,116.63419998168945,0.0695085315814461,2.5167984107017594
2020-12-04,118.78385162353516,122.25,122.86000061035156,121.5199966430664,122.5999984741211,78260400,59.63972450232723,1.4957004025723535,118.71599998474122,116.91479995727539,0.027052014229401067,2.6483380272008095
2020-12-07,120.2413330078125,123.75,124.56999969482422,122.25,122.30999755859375,86712000,62.37053113646174,1.6974817427772422,118.9689998626709,117.14419998168945,0.042632045281924436,2.877503425730787
2020-12-08,120.85346984863281,124.37999725341795,124.9800033569336,123.08999633789062,124.37000274658203,82225500,63.487922854072835,1.8864842062556875,119.37199974060059,117.33259994506835,0.06929158854659434,3.046430233447071
2020-12-09,118.32717895507812,121.77999877929688,125.94999694824219,121.0,124.52999877929688,115089200,56.0859037395878,1.8056573782105687,119.66249961853028,117.48639999389648,0.05009914199739218,2.98126666860511
2020-12-10,119.74579620361328,123.23999786376952,123.87000274658203,120.1500015258789,120.5,81312200,58.97817010394884,1.8382213871563948,119.84999961853028,117.635,0.03138337992335871,3.0859331087053548
2020-12-11,118.9393310546875,122.41000366210938,122.76000213623047,120.55000305175781,122.43000030517578,86939800,56.692229042152235,1.7765757440367196,120.0099998474121,117.74740005493165,0.02684342422793895,3.1335930145120514
2020-12-14,118.32717895507812,121.77999877929688,123.3499984741211,121.54000091552734,122.5999984741211,79184500,54.951206059210286,1.6577751983022182,120.13599967956543,117.92260009765624,0.021130275011967514,3.152455842417209
2020-12-15,124.25422668457031,127.87999725341795,127.9000015258789,124.12999725341797,124.33999633789062,157243700,65.87787023864965,2.032415387490815,120.51499938964844,118.1502000427246,0.06300909400973942,3.5974505932183862
2020-12-16,124.18621063232422,127.80999755859376,128.3699951171875,126.55999755859375,127.41000366210938,98208600,65.68099312135567,2.2971914530800603,120.93599929809571,118.4431999206543,0.07052515463598685,3.9356529550478503
2020-12-17,125.05097198486328,128.6999969482422,129.5800018310547,128.0399932861328,128.89999389648438,94359800,67.0301155487239,2.5494553708432335,121.46949920654296,118.71559982299804,0.09040073099464352,4.232955275472845
2020-12-18,123.06884002685547,126.66000366210938,129.10000610351562,126.12000274658203,128.9600067138672,192541500,61.10101534654045,2.555309911839757,121.87049942016601,118.94939987182617,0.0675994969126803,4.329577229767154
2020-12-21,124.59431457519531,128.22999572753906,128.30999755859375,123.44999694824219,125.0199966430664,121251600,63.757973408411154,2.6560179943432303,122.41499938964844,119.1745997619629,0.09280722455700219,4.413780284228862
2020-12-22,128.14085388183594,131.8800048828125,134.41000366210938,129.64999389648438,131.61000061035156,168904800,69.05068942954132,2.995821148356711,123.31649971008301,119.32419982910156,0.15836632982291832,4.413619491500235
2020-12-23,127.24688720703125,130.9600067138672,132.42999267578125,130.77999877929688,132.16000366210938,88223700,66.41782521594916,3.154518111404613,124.1060001373291,119.52139999389648,0.13710175215735587,4.290210378622505
2020-12-24,128.22830200195312,131.97000122070312,133.4600067138672,131.10000610351562,131.32000732421875,54930100,67.86638607469058,3.323473776885976,124.90300025939942,119.73699996948243,0.13737828672846986,4.1903945799431925
2020-12-28,132.814453125,136.69000244140625,137.33999633789062,133.50999450683594,133.99000549316406,124486200,73.59795238128098,3.7944964181381664,125.90800056457519,120.05660003662109,0.17239906282579853,4.491252327687844
2020-12-29,131.0460205078125,134.8699951171875,138.7899932861328,134.33999633789062,138.0500030517578,121047300,68.5226316588273,3.9751033571514824,126.69900016784668,120.37360000610352,0.13288527223768187,4.611354470366391
2020-12-30,129.9286651611328,133.72000122070312,135.99000549316406,133.39999389648438,135.5800018310547,96452100,65.45132429427545,3.9795667921899422,127.24900016784667,120.7283999633789,0.0896349404382526,4.7652206782656075
2020-12-31,128.92782592773438,132.69000244140625,134.74000549316406,131.72000122070312,134.0800018310547,99116600,62.73893364815855,3.855547452151498,127.72950019836426,121.03199996948243,0.0780793018149506,4.8070430081451585
2021-01-04,125.74085998535156,129.41000366210938,133.61000061035156,126.76000213623047,133.52000427246094,143301900,54.93199404421166,3.4527911155717277,128.05300025939943,121.28279998779297,0.05262730675303806,4.683888086323967
2021-01-05,127.2955093383789,131.00999450683594,131.74000549316406,128.42999267578125,128.88999938964844,97664900,57.69728257215766,3.2255278296190966,128.49099998474122,121.58799987792969,0.0716563967839341,4.5193704282072815
2021-01-06,123.01051330566406,126.5999984741211,131.0500030517578,126.37999725341797,127.72000122070312,155088000,48.80796894278269,2.6589198413812767,128.63349990844728,121.81919982910156,0.023030290699968425,4.4055118202713475
2021-01-07,127.20804595947266,130.9199981689453,131.6300048828125,127.86000061035156,128.36000061035156,109578200,55.96511580873316,2.5293104833304483,128.96049995422362,122.13659973144532,0.052580809293655495,4.314963941013101
2021-01-08,128.3059844970703,132.0500030517578,132.6300048828125,130.22999572753906,132.42999267578125,105158200,57.63366772402925,2.4890834785482525,129.47400016784667,122.44559982299805,0.08433243862215312,4.016224630115295
2021-01-11,125.32304382324219,128.97999572753906,130.1699981689453,128.5,129.19000244140625,100384500,51.88188601502212,2.1843001016040375,129.76100006103516,122.80119979858398,0.04657577055555118,3.7430990692160035
2021-01-12,125.14815521240234,128.8000030517578,129.69000244140625,126.86000061035156,128.5,91951100,51.55701273885498,1.906259007621287,130.08050003051758,123.07079986572266,0.05220161096708131,3.3328491429388873
2021-01-13,127.17890167236328,130.88999938964844,131.4499969482422,128.49000549316406,128.75999450683594,88636800,55.074755345870365,1.833420148889644,130.53600006103517,123.51139984130859,0.07480703483058582,2.7014338046485853
2021-01-14,125.25501251220703,128.91000366210938,131.0,128.75999450683594,130.8000030517578,90221800,51.27592370413185,1.5975106129413348,130.58750038146974,123.91419998168945,0.008054476312274739,2.6575970065199885
2021-01-15,123.53520202636719,127.13999938964844,130.22000122070312,127.0,128.77999877929688,111598500,48.0830328825515,1.2532790332648176,130.55400047302246,124.2481999206543,-0.005242142099550318,2.698361212334761
2021-01-19,124.20564270019531,127.83000183105467,128.7100067138672,126.94000244140625,127.77999877929688,90757300,49.405648378212,1.024342474333963,130.5105007171631,124.50580001831055,-0.006759868980707018,2.736564369008108
2021-01-20,128.28659057617188,132.02999877929688,132.49000549316406,128.5500030517578,128.66000366210938,104319500,56.64566913221178,1.1683452975460966,130.77900047302245,124.76580001831054,0.04239692848512,2.598862208338673
2021-01-21,132.9893341064453,136.8699951171875,139.6699981689453,133.58999633789062,133.8000030517578,120150900,63.18384946752993,1.6539501199224276,131.21100044250488,125.12939987182617,0.06737892597303485,2.8580258356791353
2021-01-22,135.126953125,139.07000732421875,139.85000610351562,135.02000427246094,136.27999877929688,114459400,65.71486609503381,2.1910608534571168,131.57050056457518,125.58440002441407,0.054519276427046126,3.355510294089563
2021-01-25,138.86781311035156,142.9199981689453,145.08999633789062,136.5399932861328,143.07000732421875,157611700,69.64739465901627,2.8940265285584417,132.1685001373291,126.1233999633789,0.0913255256714316,4.200349989744893
2021-01-26,139.1009979248047,143.16000366210938,144.3000030517578,141.3699951171875,143.60000610351562,98390600,69.87933524849184,3.430948489661631,132.7280002593994,126.5968000793457,0.08479201589679763,4.865175935987179
2021-01-27,138.03221130371094,142.05999755859375,144.3000030517578,140.41000366210938,143.42999267578125,140843800,67.33947903956008,3.724764941075591,132.9965000152588,127.05380004882812,0.03928593914166778,5.2298519189969035
2021-01-28,133.20309448242188,137.08999633789062,141.99000549316406,136.6999969482422,139.52000427246094,142621100,57.22007627825728,3.5160482179839505,133.10750007629395,127.41039993286132,0.016460304745871568,5.294863343863156
2021-01-29,128.21856689453125,131.9600067138672,136.74000549316406,130.2100067138672,135.8300018310547,177523800,49.029939392177006,2.903224852756665,133.01950035095214,127.64360000610351,-0.013161789491245135,5.2987718691530965
2021-02-01,130.33676147460938,134.13999938964844,135.3800048828125,130.92999267578125,133.75,106239800,52.1634137074137,2.5639099526806888,133.09200019836425,127.93860000610351,0.010927703079080642,5.303943457322772
2021-02-02,131.1626739501953,134.99000549316406,136.30999755859375,134.61000061035156,135.72999572753906,83305400,53.36721291961286,2.3366533531559526,133.371000289917,128.27780014038086,0.043118782730461325,5.2465177040306195
2021-02-03,130.1424102783203,133.94000244140625,135.77000427246094,133.61000061035156,135.75999450683594,89880900,51.638508412355094,2.0482138553464324,133.51750068664552,128.583800201416,0.022364766486708154,5.2179506976108385
2021-02-04,133.4945831298828,137.38999938964844,137.39999389648438,134.58999633789062,136.3000030517578,84183100,56.61166423495445,2.0741004571463577,134.05700073242187,128.98480026245116,0.08522907618938858,5.0191023706166895
2021-02-05,133.08099365234375,136.75999450683594,137.4199981689453,135.86000061035156,137.35000610351562,75693800,55.48950846810845,2.0204887105584532,134.3490005493164,129.44300018310548,0.0446073664800577,4.996822653224654
2021-02-08,133.2269744873047,136.91000366210938,136.9600067138672,134.9199981689453,136.02999877929688,71297200,55.71460369831337,1.9674262353269967,134.59200057983398,129.87780029296874,0.03680424458942766,4.997309081585933
2021-02-09,132.35118103027344,136.00999450683594,137.8800048828125,135.85000610351562,136.6199951171875,76774200,53.951722436313254,1.831636657043191,134.94350051879883,130.27740020751952,0.05450456669379378,4.826101877205197
2021-02-10,131.74786376953125,135.38999938964844,136.99000549316406,134.39999389648438,136.47999572753906,73046600,52.71432645016621,1.6549171586458158,135.27300033569335,130.6534002685547,0.05116456662848412,4.60445622128895
2021-02-11,131.49485778808594,135.1300048828125,136.38999938964844,133.77000427246094,135.89999389648438,64280000,52.1739237944738,1.476861953844491,135.48500061035156,130.97500030517577,0.032393655076289773,4.488172719604109
2021-02-12,131.7283935546875,135.3699951171875,135.52999877929688,133.69000244140625,134.35000610351562,60145100,52.656387102908376,1.3396741972255768,135.80800018310546,131.22800018310548,0.05011241386673637,4.214175699963219
2021-02-16,129.6070556640625,133.19000244140625,136.00999450683594,132.7899932861328,135.49000549316406,80576300,47.92679116053601,1.0430214200717955,136.11050033569336,131.4302001953125,0.04758536322795037,3.7509002943637486
2021-02-17,127.32027435302734,130.83999633789062,132.22000122070312,129.47000122070312,131.25,97918500,43.401218483744735,0.611249994727018,136.26100006103516,131.58820007324218,0.023546854914498816,3.4494420670585773
2021-02-18,126.220703125,129.7100067138672,130.0,127.41000366210938,129.1999969482422,96856700,41.37794647491126,0.17586010463762136,136.14500045776367,131.73740020751953,-0.017571704058770843,3.6333208293824266
2021-02-19,126.37638092041016,129.8699951171875,130.7100067138672,128.8000030517578,130.24000549316406,87668800,41.79169459995119,-0.1544988267018823,135.79500045776368,131.85980010986327,-0.051143422588761145,3.888034678095088
2021-02-22,122.6104736328125,126.0,129.72000122070312,125.5999984741211,128.00999450683594,103916400,35.301284793179505,-0.7202839380773867,135.14150009155273,131.89220016479493,-0.09398149590765592,4.376339307318518
2021-02-23,122.4742431640625,125.86000061035156,126.70999908447266,118.38999938964844,123.76000213623047,158273000,35.08898316285486,-1.1665225500036343,134.28850021362305,131.97380020141603,-0.11936746275652188,4.442519397626254
2021-02-24,121.97795867919922,125.3499984741211,125.55999755859375,122.2300033569336,124.94000244140625,111039900,34.28019163243272,-1.543529922921465,133.39799995422362,132.01600021362304,-0.12440629178820084,4.354773660431666
2021-02-25,117.73526763916016,120.98999786376952,126.45999908447266,120.54000091552734,124.68000030517578,148199500,28.279095721404218,-2.169122301697996,132.34449996948243,131.98760009765624,-0.14831761267723342,4.68507197079929
2021-02-26,117.99800109863281,121.26000213623048,124.8499984741211,121.19999694824219,122.58999633789062,164560400,29.106772639919143,-2.6130006359653635,131.55300025939943,131.9772001647949,-0.11547154879662691,5.154788313951576
2021-03-01,124.35234069824219,127.79000091552734,127.93000030517578,122.79000091552734,123.75,116307900,45.490549912151955,-2.4100791931145267,131.34449996948243,131.9754002380371,-0.03160052732781227,5.221363358264314
2021-03-02,121.75414276123047,125.12000274658205,128.72000122070312,125.01000213623047,128.41000366210938,102260900,41.288853603234074,-2.436621173667305,130.8935001373291,131.92160034179688,-0.06724315404881731,5.3550350274503495
2021-03-03,118.77647399902344,122.05999755859376,125.70999908447266,121.83999633789062,124.80999755859375,112966300,37.06365087699693,-2.673751387972203,130.2469997406006,131.7888003540039,-0.09578492783471348,5.60892971861049
2021-03-04,116.89836883544922,120.12999725341795,123.5999984741211,118.62000274658203,121.75,178155000,34.65486168076666,-2.983027205427689,129.55649948120117,131.6582002258301,-0.10310590515353812,5.968872843390924
2021-03-05,118.1536865234375,121.41999816894533,121.94000244140625,117.56999969482422,120.9800033569336,153766600,37.575148064041905,-3.088436650851577,128.75799942016602,131.5220002746582,-0.11623845470303107,5.933882652016156
2021-03-08,113.22980499267578,116.36000061035156,121.0,116.20999908447266,120.93000030517578,154376600,31.608146362677857,-3.5394730683125175,127.7379997253418,131.21160018920898,-0.14916638429277418,6.2318315496553645
2021-03-09,117.8325424194336,121.08999633789062,122.05999755859375,118.79000091552734,119.02999877929688,129525800,41.03459061967026,-3.475191706937622,126.94699935913086,131.01419998168944,-0.11555041195720184,6.006292428685865
2021-03-10,116.75243377685547,119.9800033569336,122.16999816894531,119.44999694824219,121.69000244140625,111943300,39.65335541475768,-3.4737719412993044,126.14549980163574,130.77440002441406,-0.11785892064789893,5.799222032547542
2021-03-11,118.67916107177734,121.95999908447266,123.20999908447266,121.26000213623047,122.54000091552734,103026500,43.318471948192496,-3.275124067547665,125.47399978637695,130.4797999572754,-0.09919492108515815,5.438788301991318
2021-03-12,117.774169921875,121.02999877929688,121.16999816894531,119.16000366210938,120.4000015258789,88105100,42.02734156454821,-3.156352976359713,124.76899948120118,130.2030000305176,-0.104344006468019,5.018901890832626
2021-03-15,120.654541015625,123.98999786376952,124.0,120.41999816894531,121.41000366210938,92403800,47.40097273459142,-2.7912035850567065,124.19999961853027,130.0083999633789,-0.08406587621995931,4.354964896696032
2021-03-16,122.1920394897461,125.56999969482422,127.22000122070312,124.72000122070312,125.69999694824219,115227900,50.061867112350455,-2.347269259649039,123.81899948120117,129.86599990844726,-0.057211521937874155,3.8285780865985837
2021-03-17,121.4038314819336,124.76000213623048,125.86000061035156,122.33999633789062,124.05000305175781,111932600,48.70166167798176,-2.0373231488653403,123.51499977111817,129.7729998779297,-0.0464689267183922,3.465962050685098
2021-03-18,117.28761291503906,120.52999877929688,123.18000030517578,120.31999969482422,122.87999725341797,121229700,42.24620655683289,-2.108706684287455,123.05599937438964,129.5633999633789,-0.07077332094216049,3.2000284407907786
2021-03-19,116.76215362548828,119.98999786376952,121.43000030517578,119.68000030517578,119.9000015258789,185549500,41.490129012589684,-2.183680106335032,122.56199951171875,129.43119995117186,-0.07607605778765769,2.8344921424760687
2021-03-22,120.07068634033203,123.38999938964844,123.87000274658203,120.26000213623047,120.33000183105469,111912300,47.82204279671219,-1.9463095305889766,122.43149948120117,129.28059997558594,-0.020714290558345727,2.7258769684031288
2021-03-23,119.2435531616211,122.54000091552734,124.23999786376953,122.13999938964844,123.33000183105469,95467100,46.46814795580404,-1.805961413275213,122.26549949645997,129.09039993286132,-0.026378513258573433,2.604487345863788
2021-03-24,116.85945129394531,120.08999633789062,122.9000015258789,120.06999969482422,122.81999969482422,88530500,42.71440441544183,-1.8708632658662196,122.00249938964843,128.91259994506837,-0.04196252253897248,2.5414358901035814
2021-03-25,117.34600830078125,120.58999633789062,121.66000366210938,119.0,119.54000091552734,98844700,43.7137130199275,-1.860505876689757,121.9824993133545,128.74839981079103,-0.0033060710219143807,2.5513777161297733
2021-03-26,117.94930267333984,121.20999908447266,121.4800033569336,118.91999816894531,120.3499984741211,94071200,44.995052596536354,-1.7817298583576218,121.9799991607666,128.5547998046875,-0.00041236228663144026,2.5521473535902754
2021-03-29,118.12449645996094,121.38999938964844,122.58000183105469,120.7300033569336,121.6500015258789,80819200,45.38378216225134,-1.6853471432018097,121.65999908447266,128.40439971923828,-0.05008217763539635,2.1557712569965353
2021-03-30,116.67457580566406,119.9000015258789,120.4000015258789,118.86000061035156,120.11000061035156,85671900,42.6940428602113,-1.709487613130264,121.3989990234375,128.2595997619629,-0.04171995768954484,2.0269654524695526
2021-03-31,118.86405181884766,122.1500015258789,123.5199966430664,121.1500015258789,121.6500015258789,118323800,47.73170875376103,-1.5294325669131723,121.40349922180175,128.14599975585938,0.000737374808171154,2.0286094618324277
2021-04-01,119.69116973876953,123.0,124.18000030517578,122.48999786376953,123.66000366210938,75089100,49.536501181417805,-1.3031282214637798,121.54699935913087,127.96539978027344,0.023890808392575735,2.035281337168796
2021-04-05,122.51318359375,125.9000015258789,126.16000366210938,123.06999969482422,123.87000274658203,88651200,55.21793366917709,-0.8796346299850057,121.77099952697753,127.74599990844726,0.03689675032526396,2.255216285165293
2021-04-06,122.81483459472656,126.20999908447266,127.12999725341797,125.6500015258789,126.5,80171300,55.79091015091971,-0.5130841803632649,122.2634994506836,127.48879974365235,0.08465106928888089,2.080089745828549
2021-04-07,124.4593734741211,127.9000015258789,127.91999816894531,125.13999938964844,125.83000183105469,83466700,58.879794748403164,-0.08523865692508537,122.603999710083,127.18839981079101,0.056239205499565736,2.409224937808862
2021-04-08,126.85320281982422,130.36000061035156,130.38999938964844,128.52000427246094,128.9499969482422,88844600,62.938987597525994,0.4471785736687366,123.12299957275391,126.93239974975586,0.08651439375725034,2.8852246758524926
2021-04-09,129.4221649169922,133.0,133.0399932861328,129.47000122070312,129.8000030517578,106686700,66.73419890916779,1.069816770331954,123.67499961853028,126.75119979858398,0.09052149063957238,3.614840707461861
2021-04-12,127.70952606201172,131.24000549316406,132.85000610351562,130.6300048828125,132.52000427246094,91420000,62.16385588389513,1.4050486529805255,124.18549995422363,126.63419998168945,0.08435930609637987,3.9289443208803214
2021-04-13,130.81365966796875,134.42999267578125,134.66000366210938,131.92999267578125,132.44000244140625,91266500,66.62534139241691,1.9061546764270219,124.70749969482422,126.68359970092773,0.08420029834569709,4.546584614769439
2021-04-14,128.47828674316406,132.02999877929688,135.0,131.66000366210938,134.94000244140625,87222800,60.81515193130935,2.085584045773217,125.03049964904785,126.6413996887207,0.05144540176931223,4.83161577370419
2021-04-15,130.88180541992188,134.5,135.0,133.63999938964844,133.82000732421875,89347100,64.26874258685444,2.399432406362365,125.51749954223632,126.63159957885742,0.0780698757373699,5.27357163890381
2021-04-16,130.55091857910156,134.16000366210938,134.6699981689453,133.27999877929688,134.3000030517578,84922400,63.43989080606089,2.5908588225322546,126.19899978637696,126.63599960327149,0.11308392118853727,5.472079662050857
2021-04-19,131.212646484375,134.83999633789062,135.47000122070312,133.33999633789062,133.50999450683594,94264200,64.42798914019625,2.7655557572287535,126.94149971008301,126.58499954223633,0.12376030284608408,5.5914335536982644
2021-04-20,129.5292510986328,133.11000061035156,135.52999877929688,131.80999755859375,135.02000427246094,94812300,59.986089774382535,2.732904912902626,127.42749977111816,126.51199966430664,0.07877462735054164,5.688084416091481
2021-04-21,129.90875244140625,133.5,133.75,131.3000030517578,132.36000061035156,68847100,60.64480811059465,2.7072906139534894,127.97549972534179,126.44379959106445,0.08944017465797072,5.720293133530713
2021-04-22,128.39068603515625,131.94000244140625,134.14999389648438,131.41000366210938,133.0399932861328,84566500,56.62900540477409,2.531925866638801,128.56800003051757,126.36239974975587,0.098676046838855,5.468706683516191
2021-04-23,130.70668029785156,134.32000732421875,135.1199951171875,132.16000366210938,132.16000366210938,78657500,60.884643141339616,2.5555359171819703,129.25450057983397,126.34099990844726,0.11385696494970388,5.272768612205544
2021-04-26,131.0959014892578,134.72000122070312,135.05999755859375,133.55999755859375,134.8300018310547,66905100,61.567182489316046,2.5768192486127646,129.9300006866455,126.33279983520508,0.11145946900647363,5.048560883948465
2021-04-27,130.7748260498047,134.38999938964844,135.41000366210938,134.11000061035156,135.00999450683594,66015800,60.62725154951292,2.5378038294660143,130.58000068664552,126.3131999206543,0.10709284179392276,4.717165402508414
2021-04-28,129.98655700683594,133.5800018310547,135.02000427246094,133.0800018310547,134.30999755859375,107760100,58.275534980730534,2.413700162161632,131.2640007019043,126.32099990844726,0.1140950803259424,4.028594136608544
2021-04-29,129.8892822265625,133.47999572753906,137.07000732421875,132.4499969482422,136.47000122070312,151101000,57.9765174143771,2.2809836947662063,131.83050041198732,126.37379989624023,0.09275476103256342,3.431963211183146
2021-04-30,127.92359161376953,131.4600067138672,133.55999755859375,131.07000732421875,131.77999877929688,109839500,52.155272921096206,1.9898707155764157,132.25350074768068,126.40879989624024,0.06878054238916409,2.737363315978934
2021-05-03,128.97451782226562,132.5399932861328,134.07000732421875,131.8300018310547,132.0399932861328,75135100,54.77010228479759,1.82526693176996,132.58550033569335,126.46219985961915,0.052740203969648514,2.2927879103375908
2021-05-04,124.41071319580078,127.8499984741211,131.49000549316406,126.69999694824219,131.19000244140625,137564700,43.62092477470703,1.3013724502594926,132.6675003051758,126.49919982910156,0.012994211247484344,2.071411080332344
2021-05-05,124.65397644042969,128.10000610351562,130.4499969482422,127.97000122070312,129.1999969482422,84000900,44.27215879639341,0.896026984181475,132.67750053405763,126.54399993896484,0.0015637574296374357,2.047528574324057
2021-05-06,126.24984741210938,129.74000549316406,129.75,127.12999725341797,127.88999938964844,78128300,48.476514711518945,0.6990636559820018,132.64650077819823,126.63180007934571,-0.004756022662508852,2.088741040012618
2021-05-07,126.92243957519531,130.2100067138672,131.25999450683594,129.47999572753906,130.85000610351562,78973300,49.64891540556852,0.5742740955857073,132.5070011138916,126.81620025634766,-0.02097739312881819,2.155974343311129
2021-05-10,123.64728546142578,126.8499984741211,129.5399932861328,126.80999755859375,129.41000366210938,88071200,42.247744952418074,0.20192521751101822,132.28750076293946,126.92800018310547,-0.033450219714229124,2.4894416504971466
2021-05-11,122.73101806640625,125.91000366210938,126.2699966430664,122.7699966430664,123.5,126142800,40.431876688946595,-0.16708759467391587,131.86150131225585,126.8904002380371,-0.06337863183717052,2.81164647332468
2021-05-12,119.6702880859375,122.7699966430664,124.63999938964844,122.25,123.4000015258789,112172300,35.017420946181105,-0.7047809550880686,131.39850120544435,126.8434001159668,-0.07013559207638576,3.468212384254074
2021-05-13,121.81475830078125,124.97000122070312,126.1500015258789,124.26000213623047,124.58000183105469,105861300,40.980917976902305,-0.942520049446216,130.9220012664795,126.90160018920898,-0.07085500951150092,3.668548538075461
2021-05-14,124.23213195800781,127.4499969482422,127.88999938964844,125.8499984741211,126.25,81918000,46.8970118311416,-0.9202074864251699,130.58650093078614,127.04800018310547,-0.0500149562515424,3.663659833345015
2021-05-17,123.0819091796875,126.2699966430664,126.93000030517578,125.16999816894531,126.81999969482422,74244600,44.60587745177783,-0.9863705171044472,130.15800094604492,127.1450001525879,-0.06355680753171311,3.641091547325012
2021-05-18,121.69776916503906,124.8499984741211,126.98999786376953,124.77999877929688,126.55999755859375,63342900,41.94988685748909,-1.14024316695874,129.7450008392334,127.31480010986328,-0.062053956114159314,3.7552952923585274
2021-05-19,121.54180908203125,124.69000244140624,124.91999816894531,122.86000061035156,123.16000366210938,92612000,41.64897116493798,-1.260567654018871,129.30450096130372,127.38680023193359,-0.06599249107560867,3.8079888266846886
2021-05-20,124.09566497802734,127.30999755859376,127.72000122070312,125.0999984741211,125.2300033569336,76857100,48.20147638329734,-1.1314710729482442,129.0730007171631,127.5334001159668,-0.035091744710772144,3.7799688643246467
2021-05-21,122.26313018798828,125.43000030517578,128.0,125.20999908447266,127.81999969482422,79295400,44.352719099593074,-1.167404061579262,128.62850036621094,127.60280014038086,-0.06618527795032392,3.650983213769731
2021-05-24,123.89097595214844,127.0999984741211,127.94000244140625,125.94000244140625,126.01000213623047,63092900,48.30165671373057,-1.0490337108577563,128.24750022888185,127.72420013427734,-0.056561777594543394,3.3685121141340604
2021-05-25,123.69602966308594,126.9000015258789,128.32000732421875,126.31999969482422,127.81999969482422,72009500,47.86359660026584,-0.9602927799715246,127.87300033569336,127.78240020751953,-0.05573329784795322,3.05106587771438
2021-05-26,123.64728546142578,126.8499984741211,127.38999938964844,126.41999816894531,126.95999908447266,56575900,47.74700275535876,-0.8838117495886735,127.53650016784668,127.80800018310546,-0.05038181812158804,2.744209945689654
2021-05-27,122.11690521240234,125.27999877929688,127.63999938964844,125.08000183105469,126.44000244140625,94625600,44.11346863384254,-0.9390609265158503,127.12650032043457,127.8184001159668,-0.06143240343654277,2.4005233842173057
2021-05-28,121.46385192871094,124.61000061035156,125.80000305175781,124.55000305175781,125.56999969482422,71311100,42.62279097135327,-1.0250929170553889,126.78400001525878,127.9000001525879,-0.05210714859025678,2.2324768142053912
2021-06-01,121.14217376708984,124.27999877929688,125.3499984741211,123.94000244140625,125.08000183105469,67637100,41.87226384238303,-1.1071398600744118,126.37100028991699,127.98580017089844,-0.062320770523987545,1.8413709135778062
2021-06-02,121.90248107910156,125.05999755859376,125.23999786376953,124.05000305175781,124.27999877929688,59278900,44.365871137248845,-1.0965825497314654,126.23150024414062,128.01920013427736,-0.02182245560286078,1.829069036469593
2021-06-03,120.42085266113281,123.54000091552734,124.8499984741211,123.12999725341797,124.68000030517578,76229200,40.70158513978858,-1.1970677789697106,126.00349998474121,128.03920013427734,-0.0355972284989855,1.8676969971056254
2021-06-04,122.7115249633789,125.88999938964844,126.16000366210938,123.8499984741211,124.06999969482422,75169300,47.87021153543168,-1.0746894588820908,125.81099967956543,128.1552001953125,-0.029674779871336487,1.6477709186673193
2021-06-07,122.72126007080078,125.9000015258789,126.31999969482422,124.83000183105469,126.16999816894531,71057600,47.89908162358636,-0.9657639441411447,125.59549942016602,128.26140029907228,-0.03310041445170486,1.2838200032161071
2021-06-08,123.54005432128906,126.73999786376952,128.4600067138672,126.20999908447266,126.5999984741211,74403800,50.38422384333695,-0.8024093293512067,125.58999938964844,128.3720002746582,-0.0008671707660604655,1.2783868539115004
2021-06-09,123.92022705078125,127.12999725341795,127.75,126.5199966430664,127.20999908447266,56877900,51.53996560152936,-0.6341696162606354,125.65099906921387,128.4868002319336,0.009689409545110772,1.3227952358686694
2021-06-10,122.92597961425781,126.11000061035156,128.19000244140625,125.94000244140625,127.0199966430664,71186400,48.36669624892336,-0.5764981246392864,125.81799926757813,128.61100021362304,0.02720537638357734,1.1378345915059644
2021-06-11,124.13465118408203,127.3499984741211,127.44000244140625,126.0999984741211,126.52999877929688,53522400,52.218215362003576,-0.4258269198530513,125.93699913024902,128.7150001525879,0.019044548533009742,1.168520997941022
2021-06-14,127.18561553955078,130.47999572753906,130.5399932861328,127.06999969482422,127.81999969482422,96906500,60.27364278931209,-0.053240560618462496,126.08849906921387,128.86460006713867,0.023774020022357067,1.5188984267616374
2021-06-15,126.36683654785156,129.63999938964844,130.60000610351562,129.38999938964844,129.94000244140625,62746300,57.473304426023596,0.1722703042563012,126.25699920654297,128.93940002441406,0.026688863832856402,1.7144335172555067
2021-06-16,126.86398315429688,130.14999389648438,130.88999938964844,128.4600067138672,130.3699951171875,91815000,58.727083502677544,0.3876727339285111,126.52199897766113,129.0181999206543,0.04245090498308546,1.88648409311179
2021-06-17,128.46253967285156,131.7899932861328,132.5500030517578,129.64999389648438,129.8000030517578,96721700,62.5506331257636,0.6828435605219454,126.87699851989746,129.09599975585937,0.05694113967206782,2.170285958155702
2021-06-18,127.16614532470703,130.4600067138672,131.50999450683594,130.24000549316406,130.7100067138672,108953300,57.868616765405285,0.8002252672104362,127.03449897766113,129.09799987792968,0.024742826295504727,2.3129727207280886
2021-06-21,128.95965576171875,132.3000030517578,132.41000366210938,129.2100067138672,130.3000030517578,79663300,62.09572875629507,1.0298519502059662,127.37799911499023,129.08399993896484,0.05477160750910515,2.559176302592085
2021-06-22,130.59730529785156,133.97999572753906,134.0800018310547,131.6199951171875,132.1300048828125,74783600,65.49934429943895,1.3320392007610167,127.72199897766113,129.13879974365236,0.05413058486242872,2.952079021305919
2021-06-23,130.3243408203125,133.6999969482422,134.32000732421875,133.22999572753906,133.77000427246094,60214200,64.4604317552394,1.5312795747760788,128.0619987487793,129.12419982910157,0.05358546367689798,3.230849842989649
2021-06-24,130.04165649414062,133.41000366210938,134.63999938964844,132.92999267578125,134.4499969482422,68711000,63.339870258013974,1.646795735868153,128.3899990081787,129.1517999267578,0.05171466509182965,3.4282875265931105
2021-06-25,129.74923706054688,133.11000061035156,133.88999938964844,132.80999755859375,133.4600067138672,70783700,62.1364662613984,1.6946010803343086,128.78149909973143,129.12399993896486,0.06250001522468596,3.500757957041761
2021-06-28,131.3770751953125,134.77999877929688,135.25,133.35000610351562,133.41000366210938,62111300,66.008023653837,1.8459629439734329,129.2899990081787,129.1363998413086,0.08161462257548924,3.600146011827396
2021-06-29,132.887939453125,136.3300018310547,136.49000549316406,134.35000610351562,134.8000030517578,64556100,69.15998169150103,2.0671616510221043,129.8924991607666,129.16619995117188,0.09695850635754244,3.7237600097806305
2021-06-30,133.5019989013672,136.9600067138672,137.41000366210938,135.8699951171875,136.1699981689453,63261400,70.36289900808092,2.2671648833669735,130.48749961853028,129.24320007324218,0.0951544009881975,3.859216337014626
2021-07-01,133.80419921875,137.27000427246094,137.3300018310547,135.75999450683594,136.60000610351562,52485800,70.96306443235474,2.4227550856518576,131.17399978637695,129.3186001586914,0.11113811927459616,3.77865504842673
2021-07-02,136.42630004882812,139.9600067138672,140.0,137.75,137.89999389648438,78852600,75.58363264798446,2.7316335860653,131.87750015258788,129.47900024414062,0.11176429734239623,4.043587826860192
2021-07-06,138.43426513671875,142.02000427246094,143.14999389648438,140.07000732421875,140.07000732421875,108181800,78.41614801334119,3.106832973273441,132.683500289917,129.63300018310548,0.1280381457602171,4.381832249058782
2021-07-07,140.9198455810547,144.57000732421875,144.88999938964844,142.66000366210938,143.5399932861328,104911600,81.30701759317034,3.5688061500209187,133.57500076293945,129.8300003051758,0.1406817876043709,4.892943306639762
2021-07-08,139.6234588623047,143.24000549316406,144.05999755859375,140.6699981689453,141.5800018310547,105575500,75.6181988592983,3.7839837788982607,134.38050117492676,130.00700042724608,0.1267207471705738,5.097856194215369
2021-07-09,141.44622802734375,145.11000061035156,145.64999389648438,142.64999389648438,142.75,99890800,77.95380994933443,4.058621317664404,135.33050117492675,130.23760040283204,0.15066211964192489,5.243771223818688
2021-07-12,140.8516387939453,144.5,146.32000732421875,144.0,146.2100067138672,76299700,75.4159229859196,4.178880066382902,136.1880012512207,130.45800048828124,0.13466825073707378,5.272224907528874
2021-07-13,141.9628448486328,145.63999938964844,147.4600067138672,143.6300048828125,144.02999877929688,100827100,76.92769057098484,4.316417441147024,136.94600143432618,130.74160034179687,0.11618642058944917,5.493529256912325
2021-07-14,145.3842315673828,149.14999389648438,149.57000732421875,147.67999267578125,148.10000610351562,127050800,80.835363520281,4.654984263047169,137.92150115966797,131.0738003540039,0.15049363312781527,5.84864438675282
2021-07-15,144.73118591308594,148.47999572753906,150.0,147.08999633789062,149.24000549316406,106820300,78.115686951191,4.813747768004134,138.8380012512207,131.48640029907227,0.14083751587136883,6.000930700329229
2021-07-16,142.6939239501953,146.38999938964844,149.75999450683594,145.8800048828125,148.4600067138672,93251400,70.18326143555754,4.716554250426384,139.5680015563965,131.8522001647949,0.11078235713858153,5.9864428715339475
2021-07-19,138.85340881347656,142.4499969482422,144.07000732421875,141.6699981689453,143.75,121434600,58.18737922786669,4.272353388047577,140.16750106811523,132.10639999389647,0.09190548533906018,5.615180556335441
2021-07-20,142.45997619628906,146.14999389648438,147.10000610351562,142.9600067138672,143.4600067138672,96350000,64.34978580414449,4.170801433188359,140.86000061035156,132.42519973754884,0.10468624735638321,5.445308864705885
2021-07-21,141.72894287109375,145.39999389648438,146.1300048828125,144.6300048828125,145.52999877929688,74993500,62.34401051680701,3.983878375299355,141.43100051879884,132.7961996459961,0.08523659152944707,5.282207662225041
2021-07-22,143.09361267089844,146.8000030517578,148.1999969482422,145.80999755859375,145.94000244140625,77338200,64.5644004584409,3.903710004720949,142.08600082397462,133.21399963378906,0.09798060136521092,5.0814932634634
2021-07-23,144.80914306640625,148.55999755859375,148.72000122070312,146.9199981689453,147.5500030517578,71447400,67.18406169486471,3.9368117262692692,142.84350051879883,133.72979965209962,0.1135596543033992,4.843734385563068
2021-07-26,145.22828674316406,148.99000549316406,149.8300018310547,147.6999969482422,148.27000427246094,72434100,67.81020451723361,3.952184799456404,143.63750076293945,134.21019973754883,0.11929986334608711,4.4497384212775
2021-07-27,143.06436157226562,146.77000427246094,149.2100067138672,145.5500030517578,149.1199951171875,104818600,61.306557832742854,3.742095972530336,144.23700103759765,134.5965998840332,0.08895982788067669,3.976063205038035
2021-07-28,141.31951904296875,144.97999572753906,146.97000122070312,142.5399932861328,144.80999755859375,118931200,56.59337733377744,3.39205879146877,144.66950073242188,134.97079986572265,0.0634489384603969,3.514352366295378
2021-07-29,141.9628448486328,145.63999938964844,146.5500030517578,144.5800018310547,144.69000244140625,56699500,57.87919597208725,3.1318070609310382,145.10350036621094,135.38659988403322,0.06337611164049695,3.012266453180656
2021-07-30,142.1773223876953,145.86000061035156,146.3300018310547,144.11000061035156,144.3800048828125,70440600,58.32238601765787,2.909765978418477,145.53300018310546,135.80999984741212,0.0625773735742059,2.3832801835034845
2021-08-02,141.8459014892578,145.52000427246094,146.9499969482422,145.25,146.36000061035156,62880000,57.31864177465002,2.675520226094932,145.81100006103514,136.17419998168944,0.039725616546736564,1.9909888877464414
2021-08-03,143.6394500732422,147.36000061035156,148.0399932861328,145.17999267578125,145.80999755859375,64786600,61.209460578119035,2.6082844274270656,146.0779998779297,136.61279998779298,0.037600311063545666,1.8052361539614887
2021-08-04,143.23977661132812,146.9499969482422,147.7899932861328,146.27999877929688,147.27000427246094,56368300,59.89913627725991,2.493175923488508,146.19699935913087,137.0097999572754,0.016462540661604574,1.7788493276314907
2021-08-05,143.3469696044922,147.05999755859375,147.83999633789062,146.1699981689453,146.97999572753906,46397700,60.14564261894286,2.383353914408133,146.38799896240235,137.41299987792968,0.026668471927781212,1.6446584972314449
2021-08-06,142.66368103027344,146.13999938964844,147.11000061035156,145.6300048828125,146.35000610351562,54126800,56.99026323251313,2.196760134108416,146.4394989013672,137.79879989624024,0.007098055095889677,1.618451322841971
2021-08-09,142.61485290527344,146.08999633789062,146.6999969482422,145.52000427246094,146.1999969482422,48908700,56.81579725384828,2.0215452749401095,146.5189987182617,138.21499984741212,0.011003434864294892,1.5560138113227422
2021-08-10,142.1365203857422,145.60000610351562,147.7100067138672,145.3000030517578,146.44000244140625,69023100,55.037737873492695,1.8221435828217523,146.5169990539551,138.6347999572754,-0.00027460372356780116,1.5572281087784405
2021-08-11,142.3903350830078,145.86000061035156,146.72000122070312,145.52999877929688,146.0500030517578,48493500,55.827668423366944,1.665892319367515,146.35249938964844,139.06639999389648,-0.02205828642819918,1.4332886475294206
2021-08-12,145.34828186035156,148.88999938964844,149.0500030517578,145.83999633789062,146.19000244140625,72282600,63.80793026937264,1.766198014788955,146.3729995727539,139.5430000305176,0.0027613393986198886,1.4678353383148615
2021-08-13,145.5532684326172,149.10000610351562,149.44000244140625,148.27000427246094,148.97000122070312,59375000,64.28947699910191,1.8414101577234874,146.50849990844728,140.05420013427735,0.01851223939590252,1.5895272357940893
2021-08-16,147.52520751953125,151.1199951171875,151.19000244140625,146.47000122070312,148.5399932861328,103296000,68.61507910259927,2.0404910439312403,146.94199981689454,140.55880004882812,0.060863449313343754,1.6065873967259114
2021-08-17,146.6173553466797,150.19000244140625,151.67999267578125,149.08999633789062,150.22999572753906,92229700,64.72770978773424,2.0990251881179347,147.1440002441406,141.04460006713867,0.02764289232733974,1.7493984292617764
2021-08-18,142.87843322753906,146.36000061035156,150.72000122070312,146.14999389648438,149.8000030517578,86326000,51.72961698428244,1.8154375460362644,147.19200057983397,141.43700012207032,0.006602522380782627,1.7117937508318084
2021-08-19,143.21035766601562,146.6999969482422,148.0,144.5,145.02999877929688,86960300,52.638842554499305,1.5996869639973283,147.1870002746582,141.8284001159668,-0.0006812404730016652,1.7131446080357076
2021-08-20,144.6649169921875,148.19000244140625,148.5,146.77999877929688,147.44000244140625,60549600,56.50540068660178,1.5312823938887732,147.16850051879882,142.2700001525879,-0.0024905433714857983,1.6994809036920433
2021-08-23,146.14874267578125,149.7100067138672,150.19000244140625,147.88999938964844,148.30999755859375,60131800,60.08534475590958,1.5814924601950509,147.204500579834,142.7172003173828,0.004832547111599084,1.747056543812854
2021-08-24,146.06089782714844,149.6199951171875,150.86000061035156,149.14999389648438,149.4499969482422,48606400,59.77160168639971,1.5956277128628926,147.3470001220703,143.10000030517577,0.01941807427787423,1.8242753313434643
2021-08-25,144.83082580566406,148.36000061035156,150.32000732421875,147.8000030517578,149.80999755859375,58991300,55.40997578046795,1.4880061671101998,147.51600036621093,143.47440032958986,0.023313594857352182,1.7484409256843605
2021-08-26,144.03036499023438,147.5399932861328,149.1199951171875,147.50999450683594,148.35000610351562,48597200,52.71401612858179,1.3213162673137333,147.61100006103516,143.82220031738282,0.013045824666622519,1.6918467782023465
2021-08-27,145.06517028808594,148.60000610351562,148.75,146.8300018310547,147.47999572753906,55802400,55.713683220451294,1.260220459260836,147.74800033569335,144.15840057373046,0.01878517401411295,1.6530882943273175
2021-08-30,149.47763061523438,153.1199951171875,153.49000549316406,148.61000061035156,149.0,90956700,65.70428121905803,1.5585608106318318,148.12799987792968,144.61160034179687,0.05222643362830648,1.9591577903275041
2021-08-31,148.2183074951172,151.8300018310547,152.8000030517578,151.2899932861328,152.66000366210938,86453100,61.44401936556816,1.6716364270784823,148.35149993896485,145.0022003173828,0.030333884379674103,2.115651395780625
2021-09-01,148.88214111328125,152.50999450683594,154.97999572753906,152.33999633789062,152.8300018310547,80313700,62.81281130980592,1.795422876469928,148.62949981689454,145.37280029296875,0.03783598281088807,2.2806603791599307
2021-09-02,149.99497985839844,153.64999389648438,154.72000122070312,152.39999389648438,153.8699951171875,71115500,65.05278698188252,1.9628860245808255,148.95899963378906,145.77180023193358,0.04481161734866035,2.50680594019392
2021-09-03,150.6295623779297,154.3000030517578,154.6300048828125,153.08999633789062,153.75999450683594,57808700,66.29927673833495,2.1235728564321903,149.36699981689452,146.18960021972657,0.055836894048101104,2.681787665365657
2021-09-07,152.9627227783203,156.69000244140625,157.25999450683594,154.38999938964844,154.97000122070312,82278300,70.46992627844661,2.4159220594052613,149.89700012207032,146.66120025634766,0.07255805578226537,3.0254823515172635
2021-09-08,151.4202880859375,155.11000061035156,157.0399932861328,153.97999572753906,156.97999572753906,74420200,64.76380115769442,2.491398672825312,150.37249984741212,147.06780029296874,0.06531589360013301,3.0617035372211956
2021-09-09,150.40504455566406,154.07000732421875,156.11000061035156,153.9499969482422,155.49000549316406,57305700,61.248285487903885,2.439178336607398,150.78300018310546,147.42260040283202,0.05628689619849436,2.973968145790003
2021-09-10,145.4263458251953,148.97000122070312,155.47999572753906,148.6999969482422,155.0,140893200,47.602188083510214,1.9636299699270694,150.7870002746582,147.66280029296874,0.0005373217233033412,2.9713406271659624
2021-09-13,145.99256896972656,149.5500030517578,151.4199981689453,148.75,150.6300048828125,102404300,48.993995629365756,1.6149397435815445,150.80950012207032,147.9084002685547,0.003018088060504631,2.9595743405145973
2021-09-14,144.5965576171875,148.1199951171875,151.07000732421875,146.91000366210938,150.35000610351562,109296300,45.76620953902222,1.2092708165521628,150.6595001220703,148.0716000366211,-0.019851774066519945,3.018448148625862
2021-09-15,145.4849395751953,149.02999877929688,149.44000244140625,146.3699951171875,148.55999755859375,83281300,48.10905087121827,0.9502510568364357,150.60149993896485,148.2117999267578,-0.0077235744274118945,3.039019244687702
2021-09-16,145.25062561035156,148.7899932861328,148.97000122070312,147.22000122070312,148.44000244140625,68034100,47.525919811166524,0.7173405384382363,150.7229995727539,148.2961996459961,0.016602846854657516,2.906192281830665
2021-09-17,142.58558654785156,146.05999755859375,148.82000732421875,145.75999450683594,148.82000732421875,129868800,41.3816206920516,0.30890852965089266,150.69099960327148,148.3525994873047,-0.004362640783654781,2.9559189123089324
2021-09-20,139.53981018066406,142.94000244140625,144.83999633789062,141.27000427246094,143.8000030517578,123478900,35.70096570491508,-0.2634968829313209,150.4284996032715,148.30919952392577,-0.03542749114992305,3.390827572533039
2021-09-21,140.01815795898438,143.42999267578125,144.60000610351562,142.77999877929688,143.92999267578125,75834000,37.15993363706333,-0.6698723084751634,150.1144989013672,148.28779937744142,-0.041947857567654734,3.7342473297308443
2021-09-22,142.38059997558594,145.85000610351562,146.42999267578125,143.6999969482422,144.4499969482422,76404300,43.92713469031123,-0.7875742367204452,149.9259994506836,148.29199951171876,-0.025197093548352867,3.85376223042694
2021-09-23,143.33724975585938,146.8300018310547,147.0800018310547,145.63999938964844,146.64999389648438,64838200,46.44240465090656,-0.7926393448386193,149.84949951171876,148.24559967041014,-0.010312744493141568,3.901376189879631
2021-09-24,143.42514038085938,146.9199981689453,147.47000122070312,145.55999755859375,145.66000366210938,53477900,46.67895079891142,-0.7803956123377986,149.81849975585936,148.2143997192383,-0.004202217333608704,3.923095761595073
2021-09-27,141.91197204589844,145.3699951171875,145.9600067138672,143.82000732421875,145.47000122070312,74150700,43.14456988402514,-0.8855565142242483,149.65699920654296,148.19399963378908,-0.02173627761548058,4.0406210109543865
2021-09-28,138.53431701660156,141.91000366210938,144.75,141.69000244140625,143.25,108972300,36.50070648727865,-1.2338664364580438,149.09649963378905,148.1831997680664,-0.0732105003432032,4.30389143863985
2021-09-29,139.43238830566406,142.8300018310547,144.4499969482422,142.02999877929688,142.47000122070312,74602000,39.1824668724543,-1.4193075023782171,148.64649963378906,148.1167999267578,-0.05927682204742735,4.470329725538189
2021-09-30,138.134033203125,141.5,144.3800048828125,141.27999877929688,143.66000366210938,89056700,36.7651301754696,-1.654518654480995,148.09599990844725,148.03880004882814,-0.07219195399251321,4.64405661302841
2021-10-01,139.25668334960938,142.64999389648438,142.9199981689453,139.11000061035156,141.89999389648438,94639600,40.20048059529238,-1.7282085778678322,147.54599990844727,147.95579986572267,-0.07159128172442897,4.602860134504688
2021-10-04,135.83016967773438,139.13999938964844,142.2100067138672,138.27000427246094,141.75999450683594,98322000,34.10952217253154,-2.046247725478395,146.7879997253418,147.76739990234375,-0.09825018381253148,4.679704824524554
2021-10-05,137.75332641601562,141.11000061035156,142.24000549316406,139.36000061035156,139.49000549316406,80861100,39.63750067317512,-2.11495353890092,146.00899963378907,147.6097998046875,-0.09943200962601795,4.218669664074093
2021-10-06,138.62216186523438,142.0,142.14999389648438,138.3699951171875,139.47000122070312,83221100,42.00475004396495,-2.0736837429619754,145.35349960327147,147.51439971923827,-0.08452066635783795,3.719058698431289
2021-10-07,139.88143920898438,143.2899932861328,144.22000122070312,142.72000122070312,143.05999755859375,61732700,45.350151075518035,-1.914812686361472,144.8144989013672,147.48059967041016,-0.06996828406323696,3.1226394940283946
2021-10-08,139.500732421875,142.89999389648438,144.17999267578125,142.55999755859375,144.02999877929688,58773200,44.51413456014029,-1.7996308960468639,144.51099853515626,147.42579956054686,-0.04074650785043543,2.9896448585564683
2021-10-11,139.4129180908203,142.80999755859375,144.80999755859375,141.80999755859375,142.27000427246094,64452200,44.31113523737467,-1.696059333483447,144.17399826049805,147.36479949951172,-0.04506857476178994,2.7630266140318427
2021-10-12,138.14381408691406,141.50999450683594,143.25,141.0399932861328,143.22999572753906,73035900,41.37586583582213,-1.6992891580142953,143.84349822998047,147.28459930419922,-0.044625984527760454,2.659574805057179
2021-10-13,137.55807495117188,140.91000366210938,141.39999389648438,139.1999969482422,141.24000549316406,78762700,40.05700638612446,-1.7303170462373032,143.4374984741211,147.15559936523437,-0.05448564170769843,2.4365885462079526
2021-10-14,140.3402862548828,143.75999450683594,143.8800048828125,141.50999450683594,142.11000061035156,69907100,48.46075408213785,-1.5075582354795927,143.18599853515624,147.09179931640625,-0.03380602867306981,2.0899769542829993
2021-10-15,141.3945770263672,144.83999633789062,144.89999389648438,143.50999450683594,143.77000427246094,67940300,51.24992771629312,-1.2296979586424754,143.1249984741211,147.04739929199218,-0.008352740251236224,2.018252082672849
2021-10-18,143.0639190673828,146.5500030517578,146.83999633789062,143.16000366210938,143.4499969482422,85589200,55.36841568686932,-0.8615767166109833,143.30549850463868,147.05559936523437,0.025255355734524754,2.157463368225023
2021-10-19,145.22134399414062,148.75999450683594,149.1699981689453,146.5500030517578,147.00999450683594,76378900,60.06414435255364,-0.3870484853651419,143.5719985961914,147.1089993286133,0.037160999116154114,2.4788993459832165
2021-10-20,145.70947265625,149.25999450683594,149.75,148.1199951171875,148.6999969482422,58418800,61.06229285192759,0.0290297412276459,143.74249801635742,147.18219909667968,0.0233801046322899,2.7466388609137065
2021-10-21,145.9242401123047,149.47999572753906,149.63999938964844,147.8699951171875,148.80999755859375,61421000,61.51804534956459,0.3722360874606636,143.87499771118163,147.25459899902344,0.018048041023206673,2.9591210680379683
2021-10-22,145.15301513671875,148.69000244140625,150.17999267578125,148.63999938964844,149.69000244140625,58883400,58.85414056249543,0.5738685343339398,143.9634979248047,147.2505990600586,0.012047401950179726,3.0790219689383376
2021-10-25,145.10418701171875,148.63999938964844,149.3699951171875,147.6199951171875,148.67999267578125,50720600,58.680931359923,0.7213140138313747,144.12699813842772,147.24139892578125,0.022494354972117048,3.2402398759505417
2021-10-26,145.76803588867188,149.32000732421875,150.83999633789062,149.00999450683594,149.3300018310547,60893400,60.38827088135626,0.882859520881027,144.49749832153321,147.20539916992186,0.05221621782036423,3.393420931917592
2021-10-27,145.30921936035156,148.85000610351562,149.72999572753906,148.49000549316406,149.36000061035156,56094900,58.58635087530008,0.961872461551792,144.79849853515626,147.17859924316406,0.04214803749412299,3.5029503630720376
2021-10-28,148.94070434570312,152.57000732421875,153.1699981689453,149.72000122070312,149.82000732421875,100077900,66.98366739685994,1.3095679117453756,145.35199890136718,147.3027993774414,0.07823326730896651,3.8150089110809087
2021-10-29,146.2366180419922,149.8000030517578,149.94000244140625,146.41000366210938,147.22000122070312,124953200,57.61543030246962,1.3460860243589252,145.70949935913086,147.36479949951172,0.05012274420748963,3.8828865088417275
2021-11-01,145.41661071777344,148.9600067138672,149.6999969482422,147.8000030517578,148.99000549316406,74588300,55.09883708608137,1.2923488147017963,146.20049972534179,147.38019958496093,0.07057645082144015,3.620447676535737
2021-11-02,146.45135498046875,150.02000427246094,151.57000732421875,148.64999389648438,148.66000366210938,69122000,57.61478014410529,1.320077600246293,146.64599990844727,147.3863995361328,0.06314225514542127,3.507519829068954
2021-11-03,147.88641357421875,151.49000549316406,151.97000122070312,149.82000732421875,150.38999938964844,54511500,60.88783016449224,1.4440238674925183,147.12050018310546,147.42379974365235,0.06683102459974699,3.48777773025339
2021-11-04,147.36903381347656,150.9600067138672,152.42999267578125,150.63999938964844,151.5800018310547,60394600,59.115354196247765,1.4823975489809413,147.50400085449218,147.47579986572265,0.053527906951731596,3.4660370850985935
2021-11-05,147.89691162109375,151.27999877929688,152.1999969482422,150.05999755859375,151.88999938964844,65463900,59.87483313213713,1.5210954123581928,147.92300109863282,147.55059997558592,0.058642443951977485,3.385766682958738
2021-11-08,147.07571411132812,150.44000244140625,151.57000732421875,150.16000366210938,151.41000366210938,55020900,56.887424496386174,1.4670715756583945,148.30450134277345,147.58739990234375,0.053427666222611414,3.204327225805355
2021-11-09,147.43743896484375,150.80999755859375,151.42999267578125,150.05999755859375,150.1999969482422,56787900,57.88420290954414,1.4375417234822976,148.76950149536134,147.54119995117188,0.06571976123784351,2.817933469541255
2021-11-10,144.61209106445312,147.9199981689453,150.1300048828125,147.85000610351562,150.02000427246094,65187100,48.45963884534524,1.1674822956973117,149.12000122070313,147.4629998779297,0.049748025865114176,2.144358329956893
2021-11-11,144.5631866455078,147.8699951171875,149.42999267578125,147.67999267578125,148.9600067138672,41000000,48.31306743429798,0.9386037849483841,149.32550125122071,147.37019989013672,0.028589320863921852,1.7674754272559923
2021-11-12,146.6357879638672,149.99000549316406,150.39999389648438,147.47999572753906,148.42999267578125,63804000,54.58491362553195,0.9177043118190511,149.58300170898437,147.2970001220703,0.0355565402201421,1.4207318384365502
2021-11-15,146.64556884765625,150.0,151.8800048828125,149.42999267578125,150.3699951171875,59222800,54.6128747982416,0.8916691945357229,149.7555015563965,147.21100006103515,0.023541432114632777,1.2296936492909456
2021-11-16,147.62319946289062,151.0,151.49000549316406,149.33999633789062,149.94000244140625,59256200,57.43655386832784,0.9408819180939645,149.86750183105468,147.09720001220703,0.015057848721963474,1.2362431163335046
2021-11-17,150.05752563476562,153.49000549316406,155.0,150.99000549316406,151.0,88807000,63.52207498699065,1.167349511013441,150.0790023803711,147.06480010986328,0.028339884376281432,1.467121452955928
2021-11-18,154.3395538330078,157.8699951171875,158.6699981689453,153.0500030517578,153.7100067138672,137827700,71.29628910368639,1.6808791391657394,150.4985023498535,147.14079986572267,0.056127907609397454,2.267825484836593
2021-11-19,156.9596405029297,160.5500030517578,161.02000427246094,156.52999877929688,157.64999389648438,117305600,74.83090090896505,2.277851655841488,151.09150238037108,147.37239990234374,0.07976326865032624,3.1493243208617256
2021-11-22,157.41915893554688,161.02000427246094,165.6999969482422,161.0,161.67999267578125,117467900,75.4029512743705,2.75709971750004,151.71050262451172,147.60179992675782,0.083288515430892,3.792989979757162
2021-11-23,157.8003692626953,161.41000366210938,161.8000030517578,159.05999755859375,161.1199951171875,96041900,75.89258007367336,3.1322700907087437,152.31500244140625,147.86760009765624,0.08096702213280493,4.318906652391379
2021-11-24,158.3185272216797,161.94000244140625,162.13999938964844,159.63999938964844,160.75,69463600,76.57501141852454,3.4327907120473924,152.9695022583008,148.12580017089843,0.08794085187196687,4.73771632718945
2021-11-26,153.30325317382812,156.80999755859375,160.4499969482422,156.36000061035156,159.57000732421875,76959800,59.12775277365358,3.2198900604838627,153.18150177001954,148.28620025634766,0.027790457041565242,4.813162304563031
2021-11-29,156.6565704345703,160.24000549316406,161.19000244140625,158.7899932861328,159.3699951171875,88748200,64.88818918008073,3.290012518449828,153.70350189208983,148.56980041503905,0.06969293877650395,4.990002398008416
2021-11-30,161.60340881347656,165.3000030517578,165.52000427246094,159.9199981689453,159.99000549316406,174048100,71.31168899819892,3.7111052748813904,154.52050170898437,149.0170004272461,0.10969384802242677,5.48553443797841
2021-12-01,161.08523559570312,164.77000427246094,170.3000030517578,164.52999877929688,167.47999572753906,152052500,69.86984747379785,3.9564503492370307,155.25800170898438,149.4438006591797,0.09832022117004868,5.829373776772976
2021-12-02,160.09783935546875,163.75999450683594,164.1999969482422,157.8000030517578,158.74000549316406,136739200,67.08613137261749,4.023013940728077,155.87150115966796,149.8020004272461,0.0809953697851411,6.053310657855929
2021-12-03,158.2208251953125,161.83999633789062,164.9600067138672,159.72000122070312,164.02000427246094,118023100,62.027001176961164,3.8761563429122816,156.41550064086914,150.10220031738282,0.07207200013342341,6.077526664429216
2021-12-06,161.6229705810547,165.32000732421875,167.8800048828125,164.27999877929688,164.2899932861328,107497000,66.89940614210516,3.9945319635567103,157.11750106811525,150.4702005004883,0.09280809530812406,6.26120488104761
2021-12-07,167.3518829345703,171.17999267578125,171.5800018310547,168.33999633789062,169.0800018310547,120405400,73.14757306680934,4.509217882835202,158.15450057983398,150.98640045166016,0.13786220352165213,6.7920556040688345
2021-12-08,171.16470336914062,175.0800018310547,175.9600067138672,170.6999969482422,172.1300048828125,116998900,76.34754936954212,5.1721865797522355,159.36800079345704,151.64980041503907,0.16093100368250712,7.537930680209664
2021-12-09,170.65631103515625,174.55999755859375,176.75,173.9199981689453,174.91000366210938,108923700,75.06310379847582,5.591182379479534,160.70000076293945,152.28440032958986,0.18009734802201538,7.759012088160952
2021-12-10,175.4369659423828,179.4499969482422,179.6300048828125,174.69000244140625,175.2100067138672,115402700,78.69325195950779,6.245823685226668,162.27900085449218,153.04340026855468,0.21356598954390593,8.210813118900521
2021-12-13,171.80996704101562,175.74000549316406,182.1300048828125,175.52999877929688,181.1199951171875,153237000,70.32834459262307,6.391588082939961,163.56650085449218,153.70520050048827,0.17167810558666585,8.201276227027902
2021-12-14,170.43148803710938,174.3300018310547,177.74000549316406,172.2100067138672,175.25,139380400,67.39616321457078,6.320473423396749,164.78300094604492,154.4090005493164,0.16220001220703129,7.8812344133016525
2021-12-15,175.2903289794922,179.3000030517578,179.5,172.30999755859375,175.11000061035156,131063300,71.85111113012263,6.589195956478562,166.1980010986328,155.17280059814453,0.18741723875336302,7.816618558500826
2021-12-16,168.40777587890625,172.25999450683594,181.13999938964844,170.75,179.27999877929688,150185800,59.457876087640884,6.163046878170235,167.1365005493164,155.77800048828124,0.12228802099109859,7.321669264251767
2021-12-17,167.31280517578125,171.13999938964844,173.47000122070312,169.69000244140625,169.92999267578125,195432700,57.75124300410565,5.669590902874745,167.80000076293945,156.33500061035156,0.0840565318483133,7.03332370653781
2021-12-20,165.9539031982422,169.75,170.5800018310547,167.4600067138672,168.27999877929688,107499100,55.61757908434697,5.107486231285236,168.26000061035157,156.87200073242187,0.05730300076840433,6.832173260922389
2021-12-21,169.1214599609375,172.99000549316406,173.1999969482422,169.1199951171875,171.55999755859375,91185900,59.384387281360084,4.867347838682207,168.8585006713867,157.4756008911133,0.07433859708790447,6.687319463910634
2021-12-22,171.71218872070312,175.63999938964844,175.86000061035156,172.14999389648438,173.0399932861328,92135300,62.20945876495002,4.835132396462825,169.57000045776368,158.15820098876952,0.08816055637621867,6.609676195922044
2021-12-23,172.33786010742188,176.27999877929688,176.85000610351562,175.27000427246094,175.85000610351562,68356600,62.88096868932649,4.805845236103778,170.2870002746582,158.86560089111327,0.08855129135297601,6.515544174392102
2021-12-27,176.2972869873047,180.3300018310547,180.4199981689453,177.07000732421875,177.08999633789062,74919600,66.89040785730501,5.051209154639594,171.46300048828124,159.59700103759766,0.14999046386485926,6.061816428677762
2021-12-28,175.2805633544922,179.2899932861328,181.3300018310547,178.52999877929688,180.16000366210938,79144300,64.95026303383807,5.102918561252068,172.41549987792968,160.2860009765625,0.11888409348426676,5.690841431339384
2021-12-29,175.36854553222656,179.3800048828125,180.6300048828125,178.13999938964844,179.3300018310547,62348900,65.04476238038399,5.0924591233046215,173.11949996948243,160.9426010131836,0.08517847290448044,5.63489858890658
2021-12-30,174.2149200439453,178.1999969482422,180.57000732421875,178.08999633789062,179.47000122070312,59773000,62.65968012570013,4.932098997672938,173.79099960327147,161.53140106201172,0.08150750942248952,5.3820789176037644
2021-12-31,173.59902954101562,177.57000732421875,179.22999572753906,177.25999450683594,178.08999633789062,64062300,61.3659267980577,4.699998883678461,174.48150024414062,162.09760131835938,0.08433080899258538,4.890876088996411
2022-01-03,177.939697265625,182.00999450683597,182.8800048828125,177.7100067138672,177.8300018310547,104487900,66.60003109106964,4.818779835900898,175.4900001525879,162.7482012939453,0.12462925497621913,4.173991356164234
2022-01-04,175.681396484375,179.6999969482422,182.94000244140625,179.1199951171875,182.6300048828125,99310400,61.90124428679006,4.672653656063119,176.20899963378906,163.36840118408202,0.0869827545786519,3.516711882279242
2022-01-05,171.00830078125,174.9199981689453,180.1699981689453,174.63999938964844,179.61000061035156,94537600,53.4912616687145,4.123607274581758,176.39599990844727,163.89400115966797,0.021848379794288997,3.3296848162404835
2022-01-06,168.153564453125,172.0,175.3000030517578,171.63999938964844,172.6999969482422,96904000,49.10252965472295,3.4135157283248816,176.24199981689452,164.3476010131836,-0.01759196823647946,3.462337681743145
2022-01-07,168.3197479248047,172.1699981689453,174.13999938964844,171.02999877929688,172.88999938964844,86709100,49.363007310216354,2.831836841135498,176.12249984741212,164.81400085449218,-0.01369156406436245,3.5632209201921126
2022-01-10,168.33932495117188,172.19000244140625,172.5,168.1699981689453,169.0800018310547,106765600,49.39582619473651,2.345429656768772,175.7595001220703,165.20640075683593,-0.040456921874063356,3.576172947631472
2022-01-11,171.16470336914062,175.0800018310547,175.17999267578125,170.82000732421875,172.32000732421875,76138300,54.03114171446192,2.1681541256640458,175.72649993896485,165.71200073242187,-0.0037555686894242823,3.5794060351234838
2022-01-12,171.6046600341797,175.52999877929688,177.17999267578125,174.82000732421875,176.1199951171875,74805200,54.72653926568198,2.0404519233686926,175.78649978637696,166.24340057373047,0.006883479238445345,3.5647928250708345
2022-01-13,168.33932495117188,172.19000244140625,176.6199951171875,171.7899932861328,175.77999877929688,84505800,48.82296906812042,1.6507088726973222,175.43099975585938,166.68680053710938,-0.03965421354900445,3.550460995645785
2022-01-14,169.1996612548828,173.07000732421875,173.77999877929688,171.08999633789062,171.33999633789062,80440800,50.34289327728299,1.3967429533051359,175.47150039672852,167.11840057373047,0.004702268914507979,3.5168459051074694
2022-01-18,166.00277709960938,169.8000030517578,172.5399932861328,169.41000366210938,171.50999450683594,90956700,44.99526092302047,0.9209944653422326,175.40450057983398,167.4952005004883,-0.007829825538562374,3.61510063145623
2022-01-19,162.5126495361328,166.22999572753906,171.0800018310547,165.94000244140625,170.0,94815000,39.9996865482289,0.25297447352087943,175.22850036621094,167.79420043945314,-0.020736402194173387,3.9728601649129143
2022-01-20,160.83108520507812,164.50999450683594,169.67999267578125,164.17999267578125,166.97999572753906,91420500,37.820994110730545,-0.41049398751800936,174.80449981689452,168.0756002807617,-0.04902023652842313,4.6235593440636045
2022-01-21,158.77801513671875,162.41000366210938,166.3300018310547,162.3000030517578,164.4199981689453,122848900,35.29340634925646,-1.093148102868298,174.14300003051758,168.30760040283204,-0.07532450337914764,5.381951099940514
2022-01-24,158.0056915283203,161.6199951171875,162.3000030517578,154.6999969482422,160.02000427246094,162294600,34.363019228606916,-1.6785541671636963,173.4099998474121,168.58160034179687,-0.0831631708851085,6.0343562785769995
2022-01-25,156.2068328857422,159.77999877929688,162.75999450683594,157.02000427246094,158.97999572753906,115798400,32.23181656874485,-2.2648571542677303,172.38249969482422,168.81980041503905,-0.11395775990181845,6.5237663832090895
2022-01-26,156.11883544921875,159.69000244140625,164.38999938964844,157.82000732421875,163.5,108275300,32.12686369673834,-2.705580203548294,171.4025001525879,169.0138003540039,-0.1093200489636168,6.893204378186316
2022-01-27,155.65939331054688,159.22000122070312,163.83999633789062,158.27999877929688,162.4499969482422,121954600,31.54909333577571,-3.0575361919176487,170.3944999694824,169.19820037841797,-0.11238712851680288,7.135015496281312
2022-01-28,166.52093505859375,170.3300018310547,170.35000610351562,162.8000030517578,165.7100067138672,179935700,53.04543411878467,-2.412173613410687,170.00100021362306,169.58480041503907,-0.04416383418611014,6.894857016488246
2022-01-31,170.8714141845703,174.77999877929688,175.0,169.50999450683594,170.16000366210938,115541600,58.64715017722243,-1.5240729920607237,169.86149978637695,170.0106002807617,-0.015712161006040226,6.760573642528446
2022-02-01,170.7052001953125,174.61000061035156,174.83999633789062,172.30999755859375,174.00999450683594,86213900,58.36071058505737,-0.8244604162515543,169.49150009155272,170.345400390625,-0.040657074445472174,6.24342224038872
2022-02-02,171.90765380859375,175.83999633789062,175.8800048828125,173.3300018310547,174.75,84914300,59.88726554435772,-0.1688160276942483,169.29850006103516,170.65120025634766,-0.02148024861382347,5.964681667267772
2022-02-03,169.03343200683594,172.89999389648438,176.24000549316406,172.1199951171875,174.47999572753906,89418100,54.723008267812865,0.11225919340165547,169.1974998474121,170.88880004882813,-0.01154816083698973,5.880998019721831
2022-02-04,168.7495574951172,172.38999938964844,174.10000610351562,170.67999267578125,171.67999267578125,82465400,53.85543646773005,0.29051219293543795,169.21699981689454,171.1083999633789,0.0022674383119094532,5.891416850841469
2022-02-07,168.03497314453125,171.66000366210938,173.9499969482422,170.9499969482422,172.86000061035156,77251200,52.57068650098192,0.36862514373021327,169.19150009155274,171.30279998779298,-0.0029621566606250482,5.879053457191841
2022-02-08,171.13803100585938,174.8300018310547,175.35000610351562,171.42999267578125,171.72999572753906,74829200,57.3308949964193,0.6785012395254171,169.32350006103516,171.6632000732422,0.015331897045223641,5.978713676048806
2022-02-09,172.55743408203125,176.27999877929688,176.64999389648438,174.89999389648438,176.0500030517578,71285000,59.34104342109424,1.029218720825554,169.38349990844728,171.98399993896484,0.006853992093283967,6.045175933787535
2022-02-10,168.48529052734375,172.1199951171875,175.47999572753906,171.5500030517578,174.13999938964844,90865900,51.80114856315918,0.9604162420083924,169.2129997253418,172.12039978027343,-0.019426899594507163,5.909254297721951
2022-02-11,165.07876586914062,168.63999938964844,173.0800018310547,168.0399932861328,172.3300018310547,98670700,46.480653792407495,0.6179597547894673,169.0354995727539,172.1977996826172,-0.02061677798608441,5.868300654576873
2022-02-14,165.31369018554688,168.8800048828125,169.5800018310547,166.55999755859375,167.3699951171875,86185500,46.8858357867979,0.36175685109779465,168.82599945068358,172.30019989013672,-0.024209870365100028,5.790969460955495
2022-02-15,169.14112854003906,172.7899932861328,172.9499969482422,170.25,170.97000122070312,62527400,53.11351184600709,0.4688134020190944,168.97549896240236,172.51919982910155,0.017608893878898302,5.855671028512951
2022-02-16,168.90618896484375,172.5500030517578,173.33999633789062,170.0500030517578,171.85000610351562,61177400,52.70503209924862,0.5282024941352574,169.29149932861327,172.66379974365233,0.03801965641975724,5.870223467155019
2022-02-17,165.31369018554688,168.8800048828125,171.91000366210938,168.47000122070312,171.02999877929688,69589300,46.78009709674206,0.27594962127184886,169.5099998474121,172.61779998779298,0.026563798686376927,5.763234825011796
2022-02-18,163.76707458496094,167.3000030517578,170.5399932861328,166.19000244140625,169.82000732421875,82772700,44.46268322542547,-0.050869153064496686,169.75449981689454,172.46220001220703,0.030108978999975777,5.545795812193387
2022-02-22,160.84999084472656,164.32000732421875,166.69000244140625,162.14999389648438,164.97999572753906,91162800,40.39784372122202,-0.5440644997919435,169.8895004272461,172.25740020751954,0.01670592926991188,5.367348709743789
2022-02-23,156.68975830078125,160.07000732421875,166.14999389648438,159.75,165.5399932861328,90009200,35.42388781895859,-1.2633022842673824,169.90400085449218,171.86980041503907,0.0018150491121387002,5.338915853136069
2022-02-24,159.3033905029297,162.74000549316406,162.85000610351562,152.0,152.5800018310547,141147500,40.389504533725486,-1.5994197568121251,170.05650100708007,171.60980041503908,0.01909952411001381,5.068521881877267
2022-02-25,161.3688201904297,164.85000610351562,165.1199951171875,160.8699951171875,163.83999633789062,91974200,44.05093217179113,-1.6762135141702856,170.3380012512207,171.42020050048828,0.035359909808118095,4.566476132389463
2022-02-28,161.63308715820312,165.1199951171875,165.4199981689453,162.42999267578125,163.05999755859375,95056600,44.520510853318655,-1.6957398299366844,170.07750091552734,171.13660034179688,-0.030587721821519365,4.713204835532949
2022-03-01,159.753662109375,163.1999969482422,166.60000610351562,161.97000122070312,164.6999969482422,83474400,41.83169892770163,-1.8448758021488914,169.4985008239746,170.955400390625,-0.06625473115878278,4.815290608014643
2022-03-02,163.04269409179688,166.55999755859375,167.36000061035156,162.9499969482422,164.38999938964844,79724800,47.77591209655512,-1.6726617624335631,169.09600067138672,170.8638003540039,-0.04610276057281326,4.700619741172491
2022-03-03,162.71969604492188,166.22999572753906,168.91000366210938,165.5500030517578,168.47000122070312,76678400,47.26504288608505,-1.544999492627511,168.61550064086913,170.79340026855468,-0.05465196093319502,4.459971644190638
2022-03-04,159.72427368164062,163.1699981689453,165.5500030517578,162.10000610351562,164.49000549316406,83737200,42.70500042829879,-1.6714747332926265,168.12900085449218,170.5970001220703,-0.05627528091969991,4.498529397973087
2022-03-07,155.93601989746094,159.3000030517578,165.02000427246094,159.0399932861328,163.36000061035156,96418800,37.745196168007304,-2.0602344356601066,167.47450103759766,170.2702001953125,-0.07593245770773316,4.788837138387182
2022-03-08,154.1152801513672,157.44000244140625,162.8800048828125,155.8000030517578,158.82000732421875,131148300,35.604857899431465,-2.4897159100140698,166.7635009765625,169.8934002685547,-0.0828381738165016,5.174779780431421
2022-03-09,159.5089111328125,162.9499969482422,163.41000366210938,159.41000366210938,161.47999572753906,91454900,45.46953152414035,-2.3582876923955496,166.16950073242188,169.54580017089845,-0.06795175174963752,4.87316076441583
2022-03-10,155.17247009277344,158.52000427246094,160.38999938964844,155.97999572753906,160.1999969482422,105342000,40.14482463530824,-2.5818315223305888,165.28150100708007,169.130400390625,-0.10074877824949102,4.540623513710541
2022-03-11,151.46249389648438,154.72999572753906,159.27999877929688,154.5,158.92999267578125,96970100,36.235259390889226,-3.029886982161429,164.41200103759766,168.63740020751953,-0.10103416153253142,4.818695138965933
2022-03-14,147.43927001953125,150.6199951171875,154.1199951171875,150.10000610351562,151.4499969482422,108732100,32.53496999408928,-3.674262254567907,163.5110008239746,168.08580017089844,-0.10685486443121428,5.606781906285264
2022-03-15,151.8148956298828,155.08999633789062,155.57000732421875,150.3800048828125,150.89999389648438,92964300,39.74219473810427,-3.7806614474847606,162.8215003967285,167.63619995117188,-0.08165566169003191,5.757662897280541
2022-03-16,156.21986389160156,159.58999633789062,160.0,154.4600067138672,157.0500030517578,102300200,45.99678053197395,-3.4619638186021575,162.1615005493164,167.18779998779297,-0.07639329510467407,5.292610194562796
2022-03-17,157.22813415527344,160.6199951171875,161.0,157.6300048828125,158.61000061035156,75615400,47.344011007261976,-3.0906542202048684,161.56500015258788,166.80619995117186,-0.069139424651252,4.699169753367564
2022-03-18,160.5172119140625,163.97999572753906,164.47999572753906,159.75999450683594,160.50999450683594,123511700,51.58699700504654,-2.4964867742507124,161.31999969482422,166.58739990234375,-0.029014738356228698,4.416977628162474
2022-03-21,161.88760375976562,165.3800048828125,166.35000610351562,163.00999450683594,163.50999450683594,95811400,53.276411505851925,-1.8908393352705275,161.22399978637696,166.455,-0.011476378564986178,4.299467643393632
2022-03-22,165.25497436523438,168.82000732421875,169.4199981689453,164.91000366210938,165.50999450683594,81532000,57.226122968467074,-1.1203650577206474,161.44899978637696,166.38800018310548,0.027385587873794748,4.578695436795803
2022-03-23,166.61563110351562,170.2100067138672,172.63999938964844,167.64999389648438,167.99000549316406,98062700,58.74373118870638,-0.39306628430961155,161.95599975585938,166.34840026855468,0.06334727885099722,4.963218549052359
2022-03-24,170.3941192626953,174.07000732421875,174.13999938964844,170.2100067138672,171.05999755859375,90131400,62.70133065844922,0.4891543564741596,162.52249984741212,166.32820037841796,0.06962026206598981,5.655706462656883
2022-03-25,171.03036499023438,174.72000122070312,175.27999877929688,172.75,173.8800048828125,80546200,63.33908262705549,1.2266298205516648,163.0159996032715,166.3120004272461,0.05987257962847603,6.267057609107616
2022-03-28,171.89181518554688,175.60000610351562,175.72999572753906,172.0,172.1699981689453,90371900,64.23080191384,1.8606451198618004,163.54000015258788,166.3802005004883,0.06346906066034186,6.862112231987747
2022-03-29,175.18084716796875,178.9600067138672,179.00999450683594,176.33999633789062,176.69000244140625,100589400,67.48298141981356,2.60421105695778,164.32800064086913,166.49800048828126,0.0965686890951547,7.677462595442
2022-03-30,174.0159912109375,177.77000427246094,179.61000061035156,176.6999969482422,178.5500030517578,92633200,65.22121692493906,3.0621703735223775,164.8885009765625,166.65740051269532,0.06730311526285693,8.237742553089177
2022-03-31,170.9226837158203,174.61000061035156,178.02999877929688,174.39999389648438,177.83999633789062,103049300,59.51672987475757,3.1339938151808724,165.30750122070313,166.82500061035157,0.050412110318211356,8.517920329083315
2022-04-01,170.6290283203125,174.30999755859375,174.8800048828125,171.94000244140625,174.02999877929688,78751300,58.98922899213629,3.130618845796647,165.86450119018554,167.02100067138673,0.06827235101218876,8.732321719418062
2022-04-04,174.6717987060547,178.44000244140625,178.49000549316406,174.44000244140625,174.57000732421875,76468400,63.75217499550157,3.4217571499416692,166.82150115966797,167.34160064697267,0.1201506530004881,9.019128872321192
2022-04-05,171.36318969726562,175.05999755859375,178.3000030517578,174.4199981689453,177.5,73401800,57.83245953265959,3.341232558264636,167.70250091552734,167.6104006958008,0.1119156176572409,8.914465240663871
2022-04-06,168.201416015625,171.8300018310547,173.6300048828125,170.1300048828125,172.36000061035156,89058800,52.788045634921765,2.982403289559983,168.14650115966796,167.85140075683594,0.05449527492555317,8.886398138153421
2022-04-07,168.50486755371094,172.13999938964844,173.36000061035156,169.85000610351562,171.16000366210938,77594700,53.2098725511775,2.692010895225536,168.82750091552734,168.10040069580077,0.08591972464104747,8.62797389758143
2022-04-08,166.4981231689453,170.08999633789062,171.77999877929688,169.1999969482422,171.77999877929688,76575500,50.0266662244992,2.270284292740911,169.59550094604492,168.31780059814454,0.09926970228447929,7.965235316173067
2022-04-11,162.2498016357422,165.75,169.02999877929688,165.5,168.7100067138672,72246700,44.02232840540447,1.5677889926977002,170.35200119018555,168.22620056152343,0.10045150294315741,6.683548942525431
2022-04-12,164.11949157714844,167.66000366210938,169.8699951171875,166.63999938964844,168.02000427246094,79265200,47.03519862366711,1.1518993603797014,170.9805015563965,168.0838006591797,0.0810497622092452,5.689993558634137
2022-04-13,166.8015899658203,170.39999389648438,171.0399932861328,166.77000427246094,167.38999938964844,70618900,51.10116346475533,1.0315075661732465,171.52100143432617,167.99960052490235,0.06773605994517573,5.025697568226196
2022-04-14,161.7995147705078,165.2899932861328,171.27000427246094,165.0399932861328,170.6199951171875,75329400,44.27479875828235,0.5177930625797558,171.75450134277344,167.7886004638672,0.02907482449827059,4.581416493031917
2022-04-18,161.5841827392578,165.07000732421875,166.60000610351562,163.57000732421875,163.9199981689453,69023900,44.00228238411019,0.09186067604952086,171.80900192260742,167.6320007324219,0.006647222984996315,4.489627115149398
2022-04-19,163.86497497558594,167.39999389648438,167.82000732421875,163.91000366210938,165.02000427246094,67723800,47.67579691830567,-0.05702600479543207,171.910001373291,167.5322006225586,0.012214227560963131,4.358184146761401
2022-04-20,163.69854736328125,167.22999572753906,168.8800048828125,166.10000610351562,168.75999450683594,67929800,47.43131199481738,-0.18658635221325426,171.83050079345702,167.4436004638672,-0.009418383649433593,4.431404641643765
2022-04-21,162.90562438964844,166.4199981689453,171.52999877929688,165.91000366210938,168.91000366210938,87227800,46.21522854933106,-0.35058259657699864,171.64100036621093,167.275400390625,-0.022266661156374323,4.582799214746794
2022-04-22,158.3734130859375,161.7899932861328,167.8699951171875,161.5,166.4600067138672,84882400,39.91549500657622,-0.8444195582079601,171.02699966430663,166.98560028076173,-0.07054640961330849,5.04005666562716
2022-04-25,159.44039916992188,162.8800048828125,163.1699981689453,158.4600067138672,161.1199951171875,96046400,41.92263798291491,-1.1347533516799047,170.43499984741212,166.80080047607422,-0.06776554633224019,5.273405174088755
2022-04-26,153.48880004882812,156.8000030517578,162.33999633789062,156.72000122070312,162.25,95623200,34.91616254300823,-1.8343055769437058,169.49499969482423,166.5640005493164,-0.10706151707463651,5.937973616464048
2022-04-27,153.263671875,156.57000732421875,159.7899932861328,155.3800048828125,155.91000366210938,88063200,34.680043304411114,-2.3798312749803756,168.3754997253418,166.31780059814454,-0.1251117487129234,6.165842022161978
2022-04-28,160.18434143066406,163.63999938964844,164.52000427246094,158.92999267578125,159.25,130216800,46.628192112470636,-2.2161288932940977,167.66899948120118,166.13480072021486,-0.07948475301353997,5.833297996696556
2022-04-29,154.32083129882812,157.64999389648438,166.1999969482422,157.25,161.83999633789062,131747600,39.95914349906589,-2.540452207458486,166.8209991455078,165.83680053710938,-0.09713078663640828,6.001494680897717
2022-05-02,154.6243438720703,157.9600067138672,158.22999572753906,153.27000427246094,156.7100067138672,123055300,40.433987490697334,-2.7408702806170595,166.00349960327148,165.61840057373047,-0.09379835393107938,6.04111705121572
2022-05-03,156.11219787597656,159.47999572753906,160.7100067138672,156.32000732421875,158.14999389648438,88966500,42.8216934279227,-2.7454053137034578,165.0554992675781,165.4620004272461,-0.10625423926506061,5.445047080882811
2022-05-04,162.5140838623047,166.02000427246094,166.47999572753906,159.25999450683594,159.6699981689453,108256500,51.778367488260955,-2.195961648706657,164.60349960327147,165.49600036621095,-0.051639400275365954,4.920828056474939
2022-05-05,153.4594268798828,156.77000427246094,164.0800018310547,154.9499969482422,163.85000610351562,130525300,41.804073136282,-2.478352376715378,163.8504997253418,165.43000030517578,-0.08764475003265682,4.909054817337529
2022-05-06,154.1848907470703,157.27999877929688,159.44000244140625,154.17999267578125,156.00999450683594,116124600,42.462178889789676,-2.6306720191772683,163.1074996948242,165.32080017089845,-0.08632508808551309,4.708850915162664
2022-05-09,149.06759643554688,152.05999755859375,155.8300018310547,151.49000549316406,154.92999267578125,131577900,37.755899465310975,-3.136441955872442,162.20599975585938,165.065,-0.10600269955606068,5.017497086060366
2022-05-10,151.46937561035156,154.50999450683594,156.74000549316406,152.92999267578125,155.52000427246094,115366700,41.057925351066174,-3.3015161730145905,161.64399948120118,164.85279998779296,-0.06781300448364447,5.224849209871888
2022-05-11,143.61703491210938,146.5,155.4499969482422,145.80999755859375,153.5,142689800,34.59603024012411,-4.032197629463127,160.58599929809571,164.51880004882813,-0.12620782058882574,6.023825774569489
2022-05-12,139.75454711914062,142.55999755859375,146.1999969482422,138.8000030517578,142.77000427246094,182602000,31.933704665647028,-4.873020074947078,159.19399948120116,164.03880004882814,-0.16338026605096612,6.802909753672528
2022-05-13,144.21502685546875,147.11000061035156,148.10000610351562,143.11000061035156,144.58999633789062,113990900,37.8789972687746,-5.1132879004715335,158.2849998474121,163.65640014648437,-0.10998846520799321,7.1511807003496495
2022-05-16,142.67596435546875,145.5399932861328,147.52000427246094,144.17999267578125,145.5500030517578,86643800,36.68818839767854,-5.36850358564385,157.30849914550782,163.30380004882812,-0.11831352257546379,7.500793348013139
2022-05-17,146.30308532714844,149.24000549316406,149.77000427246094,146.67999267578125,148.86000061035156,78336300,41.36636456053131,-5.2121216975610025,156.4004997253418,163.10260009765625,-0.10848261090469313,7.311667607003801
2022-05-18,138.04881286621094,140.82000732421875,147.36000061035156,139.89999389648438,146.85000610351562,109742900,35.024001271952756,-5.701883642624949,155.0800003051758,162.7702001953125,-0.15792614410125927,7.630784487978711
2022-05-19,134.6470947265625,137.35000610351562,141.66000366210938,136.60000610351562,139.8800048828125,136095600,32.7925795605981,-6.297430749467594,153.6265007019043,162.25820037841797,-0.1746784784597737,8.110592447190253
2022-05-20,134.88232421875,137.58999633789062,140.6999969482422,132.61000061035156,139.08999633789062,137426100,33.10999332766578,-6.67311737289026,152.4165008544922,161.83960021972655,-0.14957659900166642,8.617904726035633
2022-05-23,140.29373168945312,143.11000061035156,143.25999450683594,137.64999389648438,137.7899932861328,117726300,40.11570126990809,-6.451069601724356,151.42800064086913,161.60720031738282,-0.12137772396731505,8.487392297651327
2022-05-24,137.59783935546875,140.36000061035156,141.97000122070312,137.3300018310547,140.80999755859375,104132700,37.98147445343972,-6.422957306916601,150.60600051879882,161.4020004272461,-0.104846952305094,8.73230319599731
2022-05-25,137.7547149658203,140.52000427246094,141.7899932861328,138.33999633789062,138.42999267578125,92482700,38.18752994566526,-6.3149720851534425,149.80350036621093,161.1106005859375,-0.1025100740943451,8.891412404046058
2022-05-26,140.9505157470703,143.77999877929688,144.33999633789062,137.13999938964844,137.38999938964844,90601500,42.38754429290233,-5.8983462432250064,148.81050033569335,160.79440063476562,-0.12136397387207443,8.357788555301614
2022-05-27,146.6952362060547,149.63999938964844,149.67999267578125,145.25999450683594,145.38999938964844,90978500,49.08467359552319,-5.037247928145064,148.41000061035157,160.57480072021485,-0.05080872069107367,8.09984854581198
2022-05-31,145.9109649658203,148.83999633789062,150.66000366210938,146.83999633789062,149.07000732421875,103718400,48.25989508673719,-4.369011623557185,147.95400009155273,160.27200073242187,-0.057736198963936336,7.7844883992475795
2022-06-01,145.7835235595703,148.7100067138672,151.74000549316406,147.67999267578125,149.89999389648438,74286600,48.11841202725995,-3.806044897678987,147.41550064086914,159.93860076904298,-0.0675319118522657,7.302812257749775
2022-06-02,148.2343292236328,151.2100067138672,151.27000427246094,146.86000061035156,147.8300018310547,72348100,51.088343605004724,-3.1221701705929092,146.67500076293945,159.58640075683593,-0.08920610274342944,5.940911635443034
2022-06-03,142.51904296875,145.3800048828125,147.97000122070312,144.4600067138672,146.89999389648438,88570300,44.66690401956864,-3.0158619672837403,146.10550079345703,159.08980072021484,-0.07265420092642849,5.447720451857768
2022-06-06,143.2640838623047,146.13999938964844,148.57000732421875,144.89999389648438,147.02999877929688,71598400,45.62636081959419,-2.8375769246326,145.54850082397462,158.53120056152343,-0.07082909127740167,4.77274228746038
2022-06-07,145.7835235595703,148.7100067138672,149.0,144.10000610351562,144.35000610351562,67808200,48.855928179999935,-2.460543022906876,145.3810012817383,158.0110006713867,-0.022030717470159722,4.587378093843461
2022-06-08,145.0482635498047,147.9600067138672,149.8699951171875,147.4600067138672,148.5800018310547,53950200,47.96066094287689,-2.1969347748550376,145.05350189208986,157.45820068359376,-0.04239200068497162,4.110348637103902
2022-06-09,139.83299255371094,142.63999938964844,147.9499969482422,142.52999877929688,147.0800018310547,69473000,42.07143283453462,-2.389755851107026,144.86050186157226,156.73180053710936,-0.02634812703311651,4.129432290341629
2022-06-10,134.43141174316406,137.1300048828125,140.75999450683594,137.05999755859375,140.27999877929688,91437900,37.00340978854811,-2.9531365313243043,144.5890022277832,155.9190005493164,-0.03808917486512631,4.454365287867674
2022-06-13,129.28472900390625,131.8800048828125,135.1999969482422,131.44000244140625,132.8699951171875,122207100,32.932689194217176,-3.7796810923911437,143.82750244140624,155.06440063476563,-0.10352794279349209,5.234257472167955
2022-06-14,130.1473846435547,132.75999450683594,133.88999938964844,131.47999572753906,133.1300048828125,84784300,34.23857056138087,-4.3139868486622674,143.1885025024414,154.23340057373048,-0.0878109067531101,5.767158668121755
2022-06-15,132.76486206054688,135.42999267578125,137.33999633789062,132.16000366210938,134.2899932861328,91533000,38.17221086477126,-4.470448919458363,142.49800186157228,153.37320037841798,-0.0925355957455749,5.830862654175882
2022-06-16,127.50053405761719,130.05999755859375,132.38999938964844,129.0399932861328,132.0800018310547,108123900,33.79387561840905,-4.970463554992108,141.96000137329102,152.47320037841797,-0.07640966628308399,6.456655568241233
2022-06-17,128.9710235595703,131.55999755859375,133.0800018310547,129.80999755859375,130.07000732421875,134520300,36.00203252884923,-5.185911334341995,141.6705009460449,151.66780029296876,-0.042155138606678744,6.795166371930032
2022-06-21,133.19618225097656,135.8699951171875,137.05999755859375,133.32000732421875,133.4199981689453,81000500,41.98907081687211,-4.951793278339778,141.58450088500976,150.94240020751954,-0.012500917701016467,6.860101519217546
2022-06-22,132.68641662597656,135.35000610351562,137.75999450683594,133.91000366210938,134.7899932861328,73409200,41.48483114889254,-4.753417363436256,141.19650115966797,150.24760040283203,-0.054223984862974195,6.987544423195968
2022-06-23,135.54896545410156,138.27000427246094,138.58999633789062,135.6300048828125,136.82000732421875,72433800,45.44665552125755,-4.310890312773296,141.09200134277344,149.69800048828125,-0.014890255976078182,7.0162818571625225
2022-06-24,138.87225341796875,141.66000366210938,141.91000366210938,139.77000427246094,139.89999389648438,89116800,49.70420910781446,-3.644626828176257,141.14900131225585,149.17800048828124,0.008112719577193062,7.0160210531240415
2022-06-27,138.87225341796875,141.66000366210938,143.49000549316406,140.97000122070312,142.6999969482422,70207900,49.70420910781446,-3.0810913137122213,141.0430015563965,148.60320068359374,-0.01474471508684394,6.99014619870019
2022-06-28,134.73529052734375,137.44000244140625,143.4199981689453,137.32000732421875,142.1300048828125,67083400,44.6709816044626,-2.941101007294037,140.43300170898436,148.04620086669922,-0.08152898287893295,6.727836784997259
2022-06-29,136.4900665283203,139.22999572753906,140.6699981689453,136.6699981689453,137.4600067138672,66242400,47.11717909156488,-2.6551136844852294,139.9525016784668,147.52940063476564,-0.0645659825772592,6.432499830916494
2022-06-30,134.0294647216797,136.72000122070312,138.3699951171875,133.77000427246094,137.25,98964500,44.16831069048106,-2.6010193189041786,139.3530014038086,146.91580078125,-0.08062675645112449,6.124717740427127
2022-07-01,136.19598388671875,138.92999267578125,139.0399932861328,135.66000366210938,136.0399932861328,71051600,47.295990408148114,-2.3527008329993464,138.7390007019043,146.34980072021483,-0.08121164931447467,5.45209570918718
2022-07-05,138.7742156982422,141.55999755859375,141.61000061035156,136.92999267578125,137.77000427246094,73353800,50.82639286053111,-1.9215369478865796,138.54800033569336,145.8526007080078,-0.02627601593009965,5.271108286326244
2022-07-06,140.1074676513672,142.9199981689453,144.1199951171875,141.0800018310547,141.35000610351562,74064300,52.59476669284305,-1.4533425510563802,138.3870002746582,145.47520080566406,-0.022033674792332092,5.072446538241299
2022-07-07,143.469970703125,146.35000610351562,146.5500030517578,143.27999877929688,143.2899932861328,66253700,56.81304563636099,-0.7963424043313125,138.2690002441406,145.14460083007813,-0.015869817119250285,4.841873732159959
2022-07-08,144.14639282226562,147.0399932861328,147.5500030517578,145.0,145.25999450683594,64547800,57.62981594027374,-0.21748185994380265,138.2229995727539,144.94940063476562,-0.006217987199159447,4.748426192664508
2022-07-11,142.01905822753906,144.8699951171875,146.63999938964844,143.77999877929688,145.6699981689453,63141600,54.16058106088262,0.06541451730933545,138.33449935913086,144.715400390625,0.01563373343438812,4.881908024179929
2022-07-12,142.98960876464844,145.86000061035156,148.4499969482422,145.0500030517578,145.75999450683594,77588800,55.477411325839,0.36528631071095674,138.7709991455078,144.35980041503908,0.06366218490985598,5.15138823416609
2022-07-13,142.62692260742188,145.49000549316406,146.4499969482422,142.1199951171875,142.99000549316406,71185600,54.84331178357156,0.5665505120253727,139.45149917602538,144.11660064697264,0.10319987948472775,5.0917727891159075
2022-07-14,145.5482177734375,148.47000122070312,148.9499969482422,143.25,144.0800018310547,78140700,58.91631688976097,0.9555001806420478,140.23699951171875,143.9268005371094,0.11833389096033953,5.215431462336304
2022-07-15,147.2147979736328,150.1699981689453,150.86000061035156,148.1999969482422,149.77999877929688,76259900,61.07335128769183,1.3849562282141221,140.97399978637696,143.7406005859375,0.10883856080869436,5.532238249498185
2022-07-18,144.17581176757812,147.07000732421875,151.57000732421875,146.6999969482422,150.74000549316406,81420900,55.36488959377817,1.4583489476360967,141.8245002746582,143.36160064697265,0.13078586871387388,5.052807362442091
2022-07-19,148.02845764160156,151.0,151.22999572753906,146.91000366210938,147.9199981689453,82982400,60.41616677755071,1.8127346939961626,142.7965003967285,143.24620056152344,0.14776529949955441,4.8396415539984465
2022-07-20,150.0283203125,153.0399932861328,153.72000122070312,150.3699951171875,151.1199951171875,64823400,62.77134416943222,2.232463906203435,143.65500030517578,143.16140045166014,0.12637078667837032,5.063973405518955
2022-07-21,152.29283142089844,155.35000610351562,155.57000732421875,151.94000244140625,154.5,65086600,65.28979398828815,2.720144922211716,144.65500030517578,143.2272006225586,0.1477650469014682,5.306564645089914
2022-07-22,151.05763244628906,154.08999633789062,156.27999877929688,153.41000366210938,155.38999938964844,66675400,62.794499794983544,2.9707187862456976,145.44599990844728,143.2188006591797,0.114413767097717,5.480925328474184
2022-07-25,149.94007873535156,152.9499969482422,155.0399932861328,152.27999877929688,154.00999450683594,53623900,60.54007974877913,3.0422428732947253,146.0104995727539,143.34780059814454,0.0796978186804369,5.6492818045901885
2022-07-26,148.61663818359375,151.60000610351562,153.08999633789062,150.8000030517578,152.25999450683594,55138700,57.88959895882233,2.9559192516222197,146.50749969482422,143.52860076904298,0.07016802332657956,5.683535312905958
2022-07-27,153.70452880859375,156.7899932861328,157.3300018310547,152.16000366210938,152.5800018310547,78620700,64.35128304325721,3.26861716657055,147.47499923706056,143.7222006225586,0.14078863868600333,5.705666436179366
2022-07-28,154.25347900390625,157.35000610351562,157.63999938964844,154.41000366210938,156.97999572753906,81378700,64.9757953355531,3.521032599138124,148.38099975585936,143.95840087890625,0.13014444395614166,5.765856393583651
2022-07-29,159.3119354248047,162.50999450683594,163.6300048828125,159.5,161.24000549316406,101786900,70.16253501628879,4.09029125683756,149.670499420166,144.2238006591797,0.18863365312951386,5.902944480370587
2022-08-01,158.33163452148438,161.50999450683594,163.58999633789062,160.88999938964844,161.00999450683594,67829400,68.05900965451323,4.40990654413099,150.79949951171875,144.63760040283202,0.16252791349200812,5.8999226215933325
2022-08-02,156.86114501953125,160.00999450683594,162.41000366210938,159.6300048828125,160.10000610351562,59907000,64.9151407643743,4.49040391686367,151.72199935913085,145.09080017089843,0.13033340821163453,5.821093016457459
2022-08-03,162.8607177734375,166.1300048828125,166.58999633789062,160.75,160.83999633789062,82507500,70.83471655334496,4.990504920742211,152.88249969482422,145.66160034179688,0.16239859369736842,6.270220057643644
2022-08-04,162.5469970703125,165.80999755859375,167.19000244140625,164.42999267578125,166.00999450683594,55474100,70.1680590772156,5.299922445829168,153.85549926757812,146.11560028076173,0.13296884621455884,6.698427533383987
2022-08-05,162.32119750976562,165.35000610351562,165.85000610351562,163.0,163.2100067138672,56697000,69.16045717665646,5.44525113207817,154.77099990844727,146.615400390625,0.12452403191934591,6.963889695495676
2022-08-08,161.85000610351562,164.8699951171875,167.80999755859375,164.1999969482422,166.3699951171875,60276900,68.06210656140063,5.458767019750468,155.77099990844727,147.10240020751954,0.13805481241178819,6.903009421828406
2022-08-09,161.89910888671875,164.9199981689453,165.82000732421875,163.25,164.02000427246094,63135500,68.11890630437591,5.4111370667023095,156.72399978637696,147.5252001953125,0.1306732310354939,6.777250370934226
2022-08-10,166.1399688720703,169.24000549316406,169.33999633789062,166.89999389648438,167.67999267578125,70170500,72.64523194400346,5.656770741127019,157.91149978637696,147.91720031738282,0.1632414537307576,6.785960643659456
2022-08-11,165.40374755859375,168.49000549316406,170.99000549316406,168.19000244140625,170.05999755859375,57149200,70.7667657025703,5.724925092985387,158.9125,148.3102005004883,0.13484208330207315,6.796511622876578
2022-08-12,168.9475555419922,172.10000610351562,172.1699981689453,169.39999389648438,169.82000732421875,68039400,74.22199082766151,6.001058322270154,160.0090003967285,148.77800048828124,0.14603454885774503,7.075128978261842
2022-08-15,170.01760864257812,173.19000244140625,173.38999938964844,171.35000610351562,171.52000427246094,54091700,75.17604472228848,6.235965166216488,161.31500015258788,149.21760040283203,0.17760246016446746,6.970992971053237
2022-08-16,169.8605499267578,173.02999877929688,173.7100067138672,171.66000366210938,172.77999877929688,56377100,74.7387653194986,6.336180034824224,162.41650009155273,149.77060028076173,0.1458940316509727,6.995773308190036
2022-08-17,171.3527374267578,174.5500030517578,176.14999389648438,172.57000732421875,172.77000427246094,79542000,76.15759165213365,6.46374267971521,163.49200057983398,150.3388003540039,0.1405515597835174,7.130531196051617
2022-08-18,170.95999145507812,174.14999389648438,174.89999389648438,173.1199951171875,173.75,62290100,74.96432066222276,6.4581144753804836,164.43199996948243,150.84760009765625,0.12101697492333274,7.2390527079242615
2022-08-19,168.37818908691406,171.52000427246094,173.74000549316406,171.30999755859375,173.02999877929688,70346300,67.47817930198046,6.170308425334213,165.30350036621093,151.31880004882814,0.11311576577852311,6.972752628350546
2022-08-22,164.50054931640625,167.57000732421875,169.86000061035156,167.13999938964844,169.69000244140625,69026800,58.094636098120226,5.559402977998531,166.03450088500978,151.81740020751954,0.0955868628158516,6.347842886949281
2022-08-23,164.16677856445312,167.22999572753906,168.7100067138672,166.64999389648438,167.0800018310547,54147100,57.3552717642805,4.990294902111486,166.81600036621094,152.41940002441407,0.1031001912582441,5.362966660198574
2022-08-24,164.46128845214844,167.52999877929688,168.11000061035156,166.25,167.32000732421875,53841500,57.86481842202949,4.511474916276285,167.35300064086914,153.13239990234376,0.06849930450321629,4.816028099422274
2022-08-25,166.91546630859375,170.02999877929688,170.13999938964844,168.35000610351562,168.77999877929688,51218200,61.94542310224703,4.284348432601689,167.98700027465821,153.87779998779297,0.08058463415272743,4.228697168034976
2022-08-26,160.6229248046875,163.6199951171875,171.0500030517578,163.55999755859375,170.57000732421875,78961000,48.875481318347184,3.5462365258210866,168.0425003051758,154.44160003662108,0.0068303528882642794,4.159752344835099
2022-08-29,158.42393493652344,161.3800048828125,162.89999389648438,159.82000732421875,161.14999389648438,73314000,45.28010475494705,2.7488420898368986,168.0360008239746,155.06800018310548,-0.000804839504950472,4.170583830260719
2022-08-30,155.9991912841797,158.91000366210938,162.55999755859375,157.72000122070312,162.1300048828125,77906200,41.64242029098838,1.8957398891682828,167.9810012817383,155.61500030517578,-0.006874513358473777,4.287608633100437
2022-08-31,154.34011840820312,157.22000122070312,160.5800018310547,157.13999938964844,160.30999755859375,87991100,39.31512186384335,1.070936091162821,167.5355010986328,156.04200042724608,-0.05363271775254841,4.908058327646046
2022-09-01,155.0666046142578,157.9600067138672,158.4199981689453,154.6699981689453,156.63999938964844,74229900,40.87335223496618,0.4715496666398451,167.14300155639648,156.49420043945312,-0.047343290273872296,5.347519379836537
2022-09-02,152.95594787597656,155.80999755859375,160.36000061035156,154.97000122070312,159.75,76957800,37.83372496502128,-0.17493956913801867,166.6660011291504,156.84500030517577,-0.05769584634275404,5.911607073355229
2022-09-06,151.69943237304688,154.52999877929688,157.08999633789062,153.69000244140625,156.47000122070312,73714800,36.11191762502888,-0.781562781054447,166.14900131225585,157.10240020751954,-0.06271605898053845,6.499821879472011
2022-09-07,153.10321044921875,155.9600067138672,156.6699981689453,153.61000061035156,154.82000732421875,87449600,39.42847515024426,-1.1338559718944055,165.70100173950195,157.38840026855468,-0.0543293206073131,6.886283447581931
2022-09-08,151.63067626953125,154.4600067138672,156.36000061035156,152.67999267578125,154.63999938964844,84923800,37.24440673831526,-1.5166058396819437,164.9620018005371,157.7288003540039,-0.08733159004709357,7.268932080003938
2022-09-09,154.48741149902344,157.3699951171875,157.82000732421875,154.75,155.47000122070312,68028800,43.753714232904706,-1.567062007744255,164.40600128173827,158.09160034179686,-0.06599804150654931,7.408810977752487
2022-09-12,160.43637084960938,163.42999267578125,164.25999450683594,159.3000030517578,159.58999633789062,104956000,54.36853438764956,-1.1053163283867775,163.97250061035157,158.62580017089843,-0.050377763627268535,7.185202439871494
2022-09-13,151.02207946777344,153.83999633789062,160.5399932861328,153.3699951171875,159.89999389648438,122656600,41.1376483595035,-1.4959675258913308,163.00500030517577,158.92400024414061,-0.11172703869013534,7.181480986216605
2022-09-14,152.4651336669922,155.30999755859375,157.10000610351562,153.61000061035156,154.7899932861328,87965400,43.410952907725935,-1.667720161305823,162.11900024414064,159.19900024414062,-0.10240999448485999,6.969528658279944
2022-09-15,149.57899475097656,152.3699951171875,155.24000549316406,151.3800048828125,154.64999389648438,90481100,40.07720952878906,-2.0178089432235993,161.0099998474121,159.38800018310548,-0.1270696507979634,6.644459097293936
2022-09-16,147.93959045410156,150.6999969482422,151.35000610351562,148.3699951171875,151.2100067138672,162278800,38.27897578319197,-2.4023192793630983,159.8375,159.475,-0.1346540210743905,6.261702709177334
2022-09-19,151.65032958984375,154.47999572753906,154.55999755859375,149.10000610351562,149.30999755859375,81474200,44.36403288501248,-2.374658594179607,158.9854995727539,159.62380004882812,-0.09934706226950463,5.724707976634391
2022-09-20,154.02598571777344,156.89999389648438,158.0800018310547,153.0800018310547,153.39999389648438,107689800,47.90510492762271,-2.132877193801704,158.45199890136718,159.86440002441407,-0.06367495948776658,5.368702912056156
2022-09-21,150.90423583984375,153.72000122070312,158.74000549316406,153.60000610351562,157.33999633789062,101696800,43.9468593916057,-2.1728156583109524,157.7764991760254,160.0216000366211,-0.08078690935833788,5.0463588978447635
2022-09-22,149.9422149658203,152.74000549316406,154.47000122070312,150.91000366210938,152.3800048828125,86652500,42.77390117306696,-2.2575213434331545,157.03699951171876,160.1666000366211,-0.08828265620426035,4.606330560547169
2022-09-23,147.67453002929688,150.42999267578125,151.47000122070312,148.55999755859375,151.19000244140625,96029900,40.059727814914986,-2.4824339842353993,156.05699920654297,160.20579986572267,-0.11527381194042652,3.6904844984132734
2022-09-26,148.00830078125,150.77000427246094,153.77000427246094,149.63999938964844,149.66000366210938,93339400,40.65661881716737,-2.603234313513582,155.41449966430665,160.21779998779297,-0.07853557773011288,3.4126015379585097
2022-09-27,148.98013305664062,151.75999450683594,154.72000122070312,149.9499969482422,152.74000549316406,84442700,42.45349093206782,-2.5892383782855006,154.93349914550782,160.3115997314453,-0.05961091885554359,3.1987831677631338
2022-09-28,147.09530639648438,149.83999633789062,150.63999938964844,144.83999633789062,147.63999938964844,146691400,39.92837618824369,-2.701928158996651,154.47999877929686,160.28839965820313,-0.05707637729028259,3.2479142486939874
2022-09-29,139.87013244628906,142.47999572753906,146.72000122070312,140.67999267578125,146.10000610351562,128138200,32.05697617133043,-3.346549224949399,153.74299850463868,160.07719970703124,-0.09375400953261825,4.142584142250549
2022-09-30,135.6685333251953,138.1999969482422,143.10000610351562,138.0,141.27999877929688,124925300,28.53418943090965,-4.154881310583363,152.75499801635743,159.73419952392578,-0.12509501725597405,5.283230192069331
2022-10-03,139.84066772460938,142.4499969482422,143.07000732421875,137.69000244140625,138.2100067138672,114311700,36.04935721239347,-4.401809510888228,152.08699798583984,159.50139953613282,-0.08574546447398157,5.704446317432144
2022-10-04,143.42384338378906,146.10000610351562,146.22000122070312,144.25999450683594,145.02999877929688,87830100,41.71782656788407,-4.253939883231908,151.66549835205078,159.3643997192383,-0.05455246710912842,5.824612153689956
2022-10-05,143.71832275390625,146.39999389648438,147.3800048828125,143.00999450683594,144.07000732421875,79471000,42.17151428503466,-4.065679013312973,151.18749771118163,159.26039947509764,-0.06129784820362405,5.845867055251408
2022-10-06,142.76608276367188,145.42999267578125,147.5399932861328,145.22000122070312,145.80999755859375,68402200,41.05855737549876,-3.9492276711441434,150.73599700927736,159.03319946289062,-0.058461826010494655,5.92795146257124
2022-10-07,137.52392578125,140.08999633789062,143.10000610351562,139.4499969482422,142.5399932861328,85925600,35.50355380046429,-4.238968034904616,149.8719970703125,158.68799926757814,-0.10980491399538461,6.16470874293091
2022-10-10,137.84786987304688,140.4199981689453,141.88999938964844,138.57000732421875,140.4199981689453,74899000,36.07910449348539,-4.3913403329814855,148.72149734497071,158.2461993408203,-0.14079419652477165,5.624743689372258
2022-10-11,136.43423461914062,138.97999572753906,141.35000610351562,138.22000122070312,139.89999389648438,77033700,34.62701169489216,-4.5755485637467075,147.97849731445314,157.79559936523438,-0.09659387002137854,5.888319976496093
2022-10-12,135.8059539794922,138.33999633789062,140.36000061035156,138.16000366210938,139.1300048828125,70433700,33.97257431949653,-4.718782330457827,147.12999725341797,157.36219940185546,-0.10926534986455627,5.997914940080148
2022-10-13,140.3708038330078,142.99000549316406,143.58999633789062,134.3699951171875,134.99000549316406,113224000,42.47885202389803,-4.4062863195634066,146.6609977722168,156.8993994140625,-0.06156060854900802,5.932991758116216
2022-10-14,135.84524536132812,138.3800048828125,144.52000427246094,138.19000244140625,144.30999755859375,88598000,37.34254513101637,-4.478988509921351,146.0449981689453,156.35079956054688,-0.08175177382160781,6.127932816647025
2022-10-17,139.8014373779297,142.41000366210938,142.89999389648438,140.27000427246094,141.07000732421875,85250900,43.746077628026356,-4.1634249272673,145.44149856567384,155.89199951171875,-0.07813304246018937,5.84114001728812
2022-10-18,141.1168670654297,143.75,146.6999969482422,140.61000061035156,145.49000549316406,99136600,45.73205203741343,-3.761847769432933,144.78399887084962,155.469599609375,-0.08381130916525181,5.186913454511871
2022-10-19,141.22483825683594,143.86000061035156,144.9499969482422,141.5,141.69000244140625,61758300,45.900896597454874,-3.3955767535582027,144.29099884033204,155.04839965820312,-0.06414260039066155,4.742406710201643
2022-10-20,140.7634735107422,143.38999938964844,145.88999938964844,142.64999389648438,143.02000427246094,64522000,45.25303835139973,-3.107409225922595,143.82349853515626,154.53139953613282,-0.06121517459244874,4.306500365592364
2022-10-21,144.57240295410156,147.27000427246094,147.85000610351562,142.64999389648438,142.8699951171875,86548600,51.35681701921396,-2.5367088164575478,143.66549911499024,154.10699951171875,-0.02100637211444245,4.104595134915092
2022-10-24,146.71246337890625,149.4499969482422,150.22999572753906,146.0,147.19000244140625,75981900,54.43090706764277,-1.8867679538062987,143.5994987487793,153.65399932861328,-0.008755105702811572,3.993452693527338
2022-10-25,149.5494842529297,152.33999633789062,152.49000549316406,149.36000061035156,150.08999633789062,74732300,58.20208176760119,-1.1255121362721923,143.62849884033204,153.23699920654298,0.0038218361363249187,4.057426011098097
2022-10-26,146.61428833007812,149.35000610351562,151.99000549316406,148.0399932861328,150.9600067138672,88194300,53.2885178387033,-0.7547780285671308,143.60399932861327,152.76339935302735,-0.0032700897380567584,4.019245481392393
2022-10-27,142.1476287841797,144.8000030517578,149.0500030517578,144.1300048828125,148.07000732421875,109180200,46.81199575692927,-0.8186785804647343,143.71999969482422,152.16839935302735,0.01628303897941752,4.0185770567878665
2022-10-28,152.8872528076172,155.74000549316406,157.5,147.82000732421875,148.1999969482422,164762400,59.54366083580243,0.01329330246801419,144.5970001220703,151.80019958496095,0.12691757548656724,4.6195111597585035
2022-10-31,150.53121948242188,153.33999633789062,154.24000549316406,151.9199981689453,153.16000366210938,97943200,56.35655760128059,0.4735179128639402,145.14150009155273,151.43659942626954,0.07644787380097462,4.980797545593518
2022-11-01,147.89047241210938,150.64999389648438,155.4499969482422,149.1300048828125,155.0800018310547,80379300,52.936449247782974,0.6141094451945719,145.36899948120117,151.09819915771484,0.031142967850014802,5.128599841712248
2022-11-02,142.37344360351562,145.02999877929688,152.1699981689453,145.0,148.9499969482422,93604600,46.57680207330224,0.26894240909453515,145.3004997253418,150.65419921875,-0.009357890534860136,5.123251013772503
2022-11-03,136.33607482910156,138.8800048828125,142.8000030517578,138.75,142.05999755859375,97918500,40.80029921202399,-0.495150279411007,144.97300033569337,150.08119934082032,-0.04503876863674994,5.320106778937479
2022-11-04,136.07057189941406,138.3800048828125,142.6699981689453,134.3800048828125,142.08999633789062,140814800,40.36202264564016,-1.1280416988451236,144.88750076293945,149.4481994628906,-0.0122063780411108,5.415595627964633
2022-11-07,136.60154724121094,138.9199981689453,139.14999389648438,135.6699981689453,137.11000061035156,83374600,41.097922228154886,-1.5679652359883676,144.81250076293946,148.95419952392578,-0.0106822391365885,5.490589326479429
2022-11-08,137.17189025878906,139.5,141.42999267578125,137.49000549316406,140.41000366210938,89908500,41.926812424857474,-1.8484981718884228,144.8385009765625,148.51659942626952,0.003741576402696012,5.462676619016489
2022-11-09,132.61917114257812,134.8699951171875,138.5500030517578,134.58999633789062,138.5,74917800,37.402024148686245,-2.416568546257963,144.66500091552734,148.0357992553711,-0.02508313801185713,5.728572809040162
2022-11-10,144.41888427734375,146.8699951171875,146.8699951171875,139.5,141.24000549316406,118854000,51.893039474468985,-1.8768337279291814,144.8590003967285,147.82879913330078,0.0271346910620891,5.734558469358335
2022-11-11,147.20162963867188,149.6999969482422,150.00999450683594,144.3699951171875,145.82000732421875,93979700,54.56435609662419,-1.2068210178959475,145.425,147.66359893798827,0.08180366863706978,5.618900480828513
2022-11-14,145.8053436279297,148.27999877929688,150.27999877929688,147.42999267578125,148.97000122070312,73374100,52.974811846972734,-0.7814055461003306,145.71849975585937,147.51299896240235,0.04121898017161074,5.606419171638226
2022-11-15,147.53599548339844,150.0399932861328,153.58999633789062,148.55999755859375,152.22000122070312,89868300,54.73490336846002,-0.2987994973265131,146.03299942016602,147.42319885253906,0.0437564750339674,5.6662848540641155
2022-11-16,146.30686950683594,148.7899932861328,149.8699951171875,147.2899932861328,149.1300048828125,64218300,53.21157269177455,-0.0169993223917686,146.27949905395508,147.2797985839844,0.0342693775536278,5.674006970205576
2022-11-17,148.20465087890625,150.72000122070312,151.47999572753906,146.14999389648438,146.42999267578125,80389400,55.281025070017236,0.35793876183782913,146.6459991455078,147.20499847412108,0.05111933790540113,5.714133685325149
2022-11-18,148.76515197753906,151.2899932861328,152.6999969482422,149.97000122070312,152.30999755859375,74829600,55.90137457630994,0.693084049438454,146.8469985961914,147.0833984375,0.0272967264008126,5.807184458191575
2022-11-21,145.5398712158203,148.00999450683594,150.3699951171875,147.72000122070312,150.16000366210938,58724100,51.476104038421646,0.6861115482194009,146.7749984741211,146.7749984741211,-0.009635346074345907,5.782085373277893
2022-11-22,147.67364501953125,150.17999267578125,150.4199981689453,146.92999267578125,148.1300048828125,51804100,54.06678849222301,0.8459350943799393,146.66699829101563,146.7017984008789,-0.014178834935235751,5.692142402665248
2022-11-23,148.54881286621094,151.07000732421875,151.8300018310547,149.33999633789062,149.4499969482422,58301400,55.12503168048121,1.0325110059835936,146.75299835205078,146.6169985961914,0.011516579513970449,5.747536107927805
2022-11-25,145.63819885253906,148.11000061035156,148.8800048828125,147.1199951171875,148.30999755859375,35195900,50.9230576113816,0.9307963156097685,146.91849822998046,146.5317987060547,0.02285909867978808,5.735983902297537
2022-11-28,141.8131561279297,144.22000122070312,146.63999938964844,143.3800048828125,145.13999938964844,69246000,45.964363827407745,0.5301846118337039,146.3424980163574,146.4021987915039,-0.07396946106417457,5.370269453269769
2022-11-29,138.81402587890625,141.1699981689453,144.80999755859375,140.35000610351562,144.2899932861328,83763800,42.47221196596061,-0.03303203328019322,145.73399810791017,146.13599884033204,-0.07936610447106218,5.223128801951584
2022-11-30,145.55955505371094,148.02999877929688,148.72000122070312,140.5500030517578,141.39999389648438,111380900,51.413429774842236,0.07331431377576791,145.60299835205078,145.95859893798828,-0.017391272640792543,5.12528202521976
2022-12-01,145.83486938476562,148.30999755859375,149.1300048828125,146.61000061035156,148.2100067138672,71250400,51.74311158135672,0.17813469555812844,145.76699829101562,145.8503988647461,0.02261600225404603,5.1583524374858625
2022-12-02,145.3432159423828,147.80999755859375,148.0,145.64999389648438,145.9600067138672,65447400,51.07661277375952,0.21834286139261394,146.2134979248047,145.7517987060547,0.06430006020892942,4.911422384070463
2022-12-05,144.18292236328125,146.6300048828125,150.9199981689453,145.77000427246094,147.77000427246094,68826400,49.45751484960129,0.1532262780223448,146.6259979248047,145.67579895019531,0.05961843986771442,4.552188985690185
2022-12-06,140.5249786376953,142.91000366210938,147.3000030517578,141.9199981689453,147.07000732421875,64727200,44.65199526542065,-0.19628939069161788,146.82549819946288,145.5185989379883,0.028721606289626278,4.275734720481222
2022-12-07,138.5878448486328,140.94000244140625,143.3699951171875,140.0,142.19000244140625,69721100,42.30758101566346,-0.6250406314701422,146.8974983215332,145.3021990966797,0.010322598146281337,4.156343893722797
2022-12-08,140.26930236816406,142.64999389648438,143.52000427246094,141.10000610351562,142.36000061035156,62128300,45.00666067667174,-0.8174243008320161,147.28649826049804,145.15839904785156,0.057685171357327425,3.232912473417682
2022-12-09,139.78749084472656,142.16000366210938,145.57000732421875,140.89999389648438,142.33999633789062,76097000,44.366149285871096,-0.9979244103297162,147.05099868774414,145.15199920654297,-0.03206911970903259,3.4303675511094784
2022-12-12,142.07861328125,144.49000549316406,144.5,141.05999755859375,142.6999969482422,70462700,48.14527973605248,-0.9421004251474017,146.79049911499024,145.2777993774414,-0.0348028828409358,3.4164101118052694
2022-12-13,143.04225158691406,145.47000122070312,149.97000122070312,144.24000549316406,149.5,93886200,49.69314285415458,-0.809451200085249,146.64999923706054,145.33819946289063,-0.018950617626968036,3.4097044486346904
2022-12-14,140.82000732421875,143.2100067138672,146.66000366210938,141.16000366210938,145.35000610351562,82291200,46.26348728478815,-0.8765836915353304,146.30849990844726,145.28039947509765,-0.04552110689075106,3.3943037204904
2022-12-15,134.22195434570312,136.5,141.8000030517578,136.02999877929688,141.11000061035156,98931900,37.899903667754856,-1.4544620059823785,145.69400024414062,145.08239959716798,-0.08259959567642672,3.9828667374248963
2022-12-16,132.2651824951172,134.50999450683594,137.64999389648438,133.72999572753906,136.69000244140625,160156900,35.83105089069147,-2.0493874824997533,144.88349990844728,144.86399963378906,-0.10755046830268045,4.519457373961912
2022-12-19,130.160888671875,132.3699951171875,135.1999969482422,131.32000732421875,135.11000061035156,79592600,33.70059241678561,-2.6628545452417427,143.9375,144.709599609375,-0.12505782939101706,5.056162120428361
2022-12-20,130.09205627441406,132.3000030517578,133.25,129.88999938964844,131.38999938964844,77432800,33.63016166467243,-3.1187286247434827,143.1520004272461,144.54719970703124,-0.10614142313445296,5.583041354283977
2022-12-21,133.1894989013672,135.4499969482422,136.80999755859375,132.75,132.97999572753906,85928000,39.73450694952937,-3.189072295006838,142.41550064086914,144.4765997314453,-0.09808227757301313,5.578701076640653
2022-12-22,130.023193359375,132.22999572753906,134.55999755859375,130.3000030517578,134.35000610351562,77852100,36.08124469622853,-3.464708347206482,141.47350006103517,144.35439971923827,-0.12471046987007961,5.630803116069918
2022-12-23,129.65939331054688,131.86000061035156,132.4199981689453,129.63999938964844,130.9199981689453,63814900,35.67535690564253,-3.6706939433527452,140.66100006103517,144.13179962158202,-0.10971575135395872,5.792854209937131
2022-12-27,127.85993957519531,130.02999877929688,131.41000366210938,128.72000122070312,131.3800048828125,69007800,33.65856851298905,-3.9362304517183873,139.95149993896484,143.9647994995117,-0.09839136264942172,6.189421912414246
2022-12-28,123.93653106689453,126.04000091552734,131.02999877929688,125.87000274658203,129.6699981689453,85438400,29.714325176251222,-4.4177049764455205,139.19500007629395,143.63739944458007,-0.10717572748928661,6.914778814005723
2022-12-29,127.44693756103516,129.61000061035156,130.47999572753906,127.7300033569336,127.98999786376953,75703700,36.84537423250273,-4.459798090232113,138.27400016784668,143.3545994567871,-0.12443422496009293,6.902781098333499
2022-12-30,127.76161193847656,129.92999267578125,129.9499969482422,127.43000030517578,128.41000366210938,77034200,37.457886613535656,-4.41642668310493,137.35499992370606,143.0759992980957,-0.12392964186754163,6.717335543849679
2023-01-03,122.98271942138672,125.06999969482422,130.89999389648438,124.16999816894531,130.27999877929688,112117500,32.329407746866565,-4.719808334883851,136.21800003051757,142.70959930419923,-0.15384614193471657,6.778791303922545
2023-01-04,124.2511978149414,126.36000061035156,128.66000366210938,125.08000183105469,126.88999938964844,89113600,34.87806624800292,-4.8008074666926746,135.20449981689453,142.29139923095704,-0.1382391297651585,6.654301628761015
2023-01-05,122.93355560302734,125.0199966430664,127.7699966430664,124.76000213623047,127.12999725341797,80962700,33.46799170584532,-4.916453171720178,134.30999946594238,141.80279922485352,-0.12518372794490562,6.765475713604737
2023-01-06,127.45677185058594,129.6199951171875,130.2899932861328,124.88999938964844,126.01000213623047,87754700,42.1189178187692,-4.584079379470268,133.74399909973144,141.34839920043945,-0.08031791633411445,6.65421767334865
2023-01-09,127.9779281616211,130.14999389648438,133.41000366210938,129.88999938964844,130.47000122070312,70790800,43.03792652250228,-4.229153236430619,133.11899909973144,140.96439895629882,-0.08762706298516054,6.353951419239223
2023-01-10,128.5482635498047,130.72999572753906,131.25999450683594,128.1199951171875,130.25999450683594,63896200,44.08422716654194,-3.856613767623884,132.54749870300293,140.68299880981445,-0.08040241727720787,6.002265334062106
2023-01-11,131.26222229003906,133.49000549316406,133.50999450683594,130.4600067138672,131.25,69458900,48.89484999442557,-3.3006163817838683,131.99749870300292,140.23799880981446,-0.07612983308053389,5.314981033216905
2023-01-12,131.1835174560547,133.41000366210938,134.25999450683594,131.44000244140625,133.8800048828125,71379600,48.76388980068784,-2.8337739448505204,131.39449882507324,139.83939895629882,-0.08290367400421372,4.2916449637336065
2023-01-13,132.51100158691406,134.75999450683594,134.9199981689453,131.66000366210938,132.02999877929688,57809700,51.141976398080644,-2.3280289032881,130.97199821472168,139.52159896850586,-0.05900434195156712,3.388030887503907
2023-01-17,133.67127990722656,135.94000244140625,137.2899932861328,134.1300048828125,134.8300018310547,63646600,53.187263732252234,-1.8111279796106317,130.943998336792,139.33979904174805,-0.004102546216804059,3.3419415645302584
2023-01-18,132.9534912109375,135.2100067138672,138.61000061035156,135.02999877929688,136.82000732421875,69672800,51.74415256706105,-1.4437422657683214,130.97899894714357,139.26639907836915,0.005204165010918027,3.384647170665392
2023-01-19,133.01251220703125,135.27000427246094,136.25,133.77000427246094,134.0800018310547,58280400,51.859763339564076,-1.1346654224340398,131.12399940490724,139.20419906616212,0.02190835734870311,3.5072724942517364
2023-01-20,135.56910705566406,137.8699951171875,138.02000427246094,134.22000122070312,135.27999877929688,80223600,56.70092814068026,-0.6721738632915617,131.40249900817872,139.18319900512697,0.042101224013204375,3.8133593397147694
2023-01-23,138.75502014160156,141.11000061035156,143.32000732421875,137.89999389648438,138.1199951171875,81760300,61.84964323669894,-0.04370084897266224,131.68549919128418,139.215399017334,0.04178666511356344,4.307545676396607
2023-01-24,140.15133666992188,142.52999877929688,143.16000366210938,140.3000030517578,140.30999755859375,66435100,63.877002766282345,0.5624667608964558,132.20049934387208,139.36859909057617,0.07789460322589026,4.944674099333193
2023-01-25,139.49249267578125,141.86000061035156,142.42999267578125,138.80999755859375,140.88999938964844,65799300,62.19751924444474,0.977527378958996,132.70049934387208,139.26839920043946,0.07583800965957943,5.393642760613726
2023-01-26,141.55746459960938,143.9600067138672,144.25,141.89999389648438,143.1699981689453,54105100,65.27897136883699,1.45909926314647,133.3969997406006,139.15359939575194,0.10712918607508448,5.9057462617263665
2023-01-27,143.49456787109375,145.92999267578125,147.22999572753906,143.0800018310547,143.16000366210938,70555800,67.92069472459241,1.976921137883096,134.3914993286133,139.10659927368164,0.15780697886208594,6.265397164039793
2023-01-30,140.6134796142578,143.0,145.5500030517578,142.85000610351562,144.9600067138672,64015300,60.54260483457486,2.1263614116129474,135.0609992980957,138.965799407959,0.1033099245937279,6.440528666081681
2023-01-31,141.8819580078125,144.2899932861328,144.33999633789062,142.27999877929688,142.6999969482422,65874500,62.47530545903307,2.322117655604302,135.77899932861328,138.875799407959,0.1105210607237126,6.635884903788729
2023-02-01,143.00291442871094,145.42999267578125,146.61000061035156,141.32000732421875,143.97000122070312,77663600,64.1466565502113,2.539965175220715,136.79699897766113,138.76999923706055,0.1627887825268748,6.46609348586769
2023-02-02,148.30294799804688,150.82000732421875,151.17999267578125,148.1699981689453,148.89999389648438,118339000,70.77462740820033,3.1116706377560206,138.0199993133545,138.76059951782227,0.19357396799397764,6.6971956666004
2023-02-03,151.9215545654297,154.5,157.3800048828125,147.8300018310547,148.02999877929688,154357300,74.2716933701803,3.8176880581777937,139.49399948120117,138.89039962768555,0.235802304819279,6.925669222635941
2023-02-06,149.19778442382812,151.72999572753906,153.10000610351562,150.77999877929688,152.57000732421875,69858300,67.7045045990587,4.106360191381157,140.59949951171876,138.9213996887207,0.1705755396022215,7.0304376784330715
2023-02-07,152.06906127929688,154.64999389648438,155.22999572753906,150.63999938964844,150.63999938964844,83322600,70.6505717588618,4.518666016440619,141.82449951171876,138.99299942016603,0.1882443422892992,7.24505548237007
2023-02-08,149.3845977783203,151.9199981689453,154.5800018310547,151.1699981689453,153.8800048828125,64120100,64.70739458599598,4.572425439387899,142.88399963378907,139.0691993713379,0.16208982738414068,7.084846760060735
2023-02-09,148.3521270751953,150.8699951171875,154.3300018310547,150.4199981689453,153.77999877929688,56007100,62.528703300620094,4.478676305780311,143.75299911499025,139.20219924926758,0.1301969354171122,6.936295896975214
2023-02-10,148.7165069580078,151.00999450683594,151.33999633789062,149.22000122070312,149.4600067138672,57450700,62.70899103500452,4.365355126136279,144.63299865722655,139.3989991760254,0.13192407137100814,6.66621591518609
2023-02-13,151.51339721679688,153.85000610351562,154.25999450683594,150.9199981689453,150.9499969482422,62199000,66.255855073812,4.453376721009164,145.58749923706054,139.51539932250978,0.14165933789579754,6.543722769924577
2023-02-14,150.87326049804688,153.1999969482422,153.77000427246094,150.86000061035156,152.1199951171875,61707600,64.73815905134576,4.419736194964571,146.45049896240235,139.61319931030275,0.12696773721388932,6.339377366756423
2023-02-15,152.9709014892578,155.3300018310547,155.5,152.8800048828125,153.11000061035156,65573800,67.37540970093204,4.512927212846705,147.4564987182617,139.76359939575195,0.14880551821704757,6.051631348539764
2023-02-16,151.37551879882812,153.7100067138672,156.3300018310547,153.35000610351562,153.50999450683594,68167900,63.486350298034516,4.405280368929169,148.37849884033204,139.90519943237305,0.13631996642998834,5.474422000086318
2023-02-17,150.23316955566406,152.5500030517578,153.0,150.85000610351562,152.35000610351562,59144100,60.78089366369022,4.178203143595539,149.11249923706055,140.09799942016602,0.10647717744598828,4.950355084043477
2023-02-21,146.22494506835938,148.47999572753906,151.3000030517578,148.41000366210938,150.1999969482422,58867200,52.35127392230242,3.6280058369879953,149.48099899291992,140.24879928588868,0.05222872287796476,4.58406007539564
2023-02-22,146.64842224121094,148.91000366210938,149.9499969482422,147.16000366210938,148.8699951171875,51011300,53.091489981888884,3.1898974025233997,149.79999923706055,140.37399948120117,0.044762540780567406,4.287269633551401
2023-02-23,147.1309814453125,149.39999389648438,150.33999633789062,147.24000549316406,150.08999633789062,48394200,53.969002328471966,2.8493854864967716,150.1769989013672,140.51879928588866,0.053150946381587794,3.8628240858570013
2023-02-24,144.48182678222656,146.7100067138672,147.19000244140625,145.72000122070312,147.11000061035156,55469600,48.59452307306017,2.335545144711631,150.3144989013672,140.56319931030274,0.01910252758924824,3.6742181869144837
2023-02-27,145.67344665527344,147.9199981689453,149.1699981689453,147.4499969482422,147.7100067138672,44998500,50.9602105667368,2.0028713161430574,150.41399917602538,140.61219924926758,0.013636713445092319,3.57483484519682
2023-02-28,145.17120361328125,147.41000366210938,149.0800018310547,146.8300018310547,147.0500030517578,50547000,49.91748844912417,1.6787213608372156,150.63449935913087,140.6961991882324,0.03083918644831729,3.2109486865768413
2023-03-01,143.1031036376953,145.30999755859375,147.22999572753906,145.00999450683594,146.8300018310547,55479000,45.76498117503095,1.2381051384700186,150.6854995727539,140.8723991394043,0.007069126896681155,3.11143205789115
2023-03-02,143.69398498535156,145.91000366210938,146.7100067138672,143.89999389648438,144.3800048828125,52238100,47.1185514649647,0.9266472729246402,150.70950012207032,141.10039932250976,0.0033006326789704055,3.070339150542164
2023-03-03,148.7362060546875,151.02999877929688,151.11000061035156,147.3300018310547,148.0399932861328,70732300,56.98423593383396,1.0805001537354144,150.71999969482422,141.47359939575196,0.0013923315533774794,3.0710958974442955
2023-03-06,151.4936981201172,153.8300018310547,156.3000030517578,153.4600067138672,153.7899932861328,87558000,61.24268275015223,1.4120888348101346,150.68649978637694,141.90419937133788,-0.004336557727801393,3.0310866239648564
2023-03-07,149.29754638671875,151.60000610351562,154.02999877929688,151.1300048828125,153.6999969482422,56182000,56.449602666449344,1.4778969589845588,150.68000030517578,142.22719955444336,-0.0008567167184059254,3.028869873181881
2023-03-08,150.54827880859375,152.8699951171875,153.47000122070312,151.8300018310547,152.80999755859375,47204800,58.444276729128376,1.6139235649527564,150.59100036621095,142.63999954223632,-0.01150985353732592,2.930635011514717
2023-03-09,148.30291748046875,150.58999633789062,154.5399932861328,150.22999572753906,153.55999755859375,53833600,53.689918543166215,1.5202245807964516,150.5245002746582,143.0145994567871,-0.008754619846530254,2.913933229452773
2023-03-10,146.24462890625,148.5,150.94000244140625,147.61000061035156,150.2100067138672,68572400,49.69882740327098,1.2627658445368866,150.40600051879883,143.38399948120116,-0.015708856591044595,2.947144213441178
2023-03-13,148.18472290039062,150.47000122070312,153.13999938964844,147.6999969482422,147.80999755859375,84457100,53.22813296253431,1.2038137600074208,150.37900085449218,143.87259948730468,-0.0035758777946870435,2.9437912271904256
2023-03-14,150.27252197265625,152.58999633789062,153.39999389648438,150.10000610351562,151.27999877929688,73695900,56.74533377543432,1.3130239736701697,150.31600036621094,144.33219940185546,-0.008189858405187378,2.878353617085282
2023-03-15,150.66647338867188,152.99000549316406,153.25,149.9199981689453,151.19000244140625,77167900,57.39633111434756,1.4155338574599625,150.30550079345704,144.79339965820313,-0.001370701431208654,2.8676428397224214
2023-03-16,153.4830322265625,155.85000610351562,156.4600067138672,151.63999938964844,152.16000366210938,76161100,61.82073430870939,1.7078646258423191,150.33150100708008,145.40899978637697,0.0033477387905171963,2.9175200527186465
2023-03-17,152.6459197998047,155.0,156.74000549316406,154.27999877929688,156.0800018310547,98944600,59.831977607892895,1.84962910419938,150.39600067138673,145.98179977416993,0.00839238325279723,3.008968347461509
2023-03-20,155.00946044921875,157.39999389648438,157.82000732421875,154.14999389648438,155.07000732421875,73641400,63.41104802523056,2.131072250162248,150.63850021362305,146.62939971923828,0.03179279415078762,3.3659595807635774
2023-03-21,156.8608856201172,159.27999877929688,159.39999389648438,156.5399932861328,157.32000732421875,73938300,65.9690309002712,2.477262315284463,151.17850036621093,147.22259979248048,0.07273709161182773,3.8350759728667523
2023-03-22,155.4329376220703,157.8300018310547,162.13999938964844,157.80999755859375,159.3000030517578,75701800,62.348545634714064,2.6045936659872666,151.6245002746582,147.77619995117186,0.05990194043098418,4.0689221559286155
2023-03-23,156.5162353515625,158.92999267578125,161.5500030517578,157.67999267578125,158.8300018310547,67622100,63.964267848832584,2.7624212740546454,152.10100021362305,148.34019989013672,0.06378848171774343,4.34345950808303
2023-03-24,157.81619262695312,160.25,160.33999633789062,157.85000610351562,158.86000061035156,59196500,65.85769967024223,2.9598945281869646,152.7779998779297,148.87539978027343,0.09229086406178322,4.51094566560811
2023-03-27,155.87611389160156,158.27999877929688,160.77000427246094,157.8699951171875,159.94000244140625,52390300,60.72921756053707,2.9237279543805528,153.29599990844727,149.3727996826172,0.07003786329498873,4.518554239187573
2023-03-28,155.2556610107422,157.64999389648438,158.49000549316406,155.97999572753906,157.97000122070312,45992200,59.14305339773901,2.8118166827764526,153.80799942016603,149.83059967041015,0.06946604694378089,4.3949657664259485
2023-03-29,158.3283233642578,160.77000427246094,161.0500030517578,159.35000610351562,159.3699951171875,51305700,64.13851397298718,2.940983133218367,154.58099975585938,150.32719970703124,0.10639327626189798,4.175754852765517
2023-03-30,159.89414978027344,162.36000061035156,162.47000122070312,161.27000427246094,161.52999877929688,49501700,66.39356728213716,3.1355037565790553,155.40349960327148,150.87019958496094,0.11274070684239179,3.9940627269801374
2023-03-31,162.3955841064453,164.89999389648438,165.0,161.91000366210938,162.44000244140625,68749800,69.67422940492428,3.454794264868468,156.09699935913085,151.4627993774414,0.09183602747329678,4.380190217271592
2023-04-03,163.6462860107422,166.1699981689453,166.2899932861328,164.22000122070312,164.27000427246094,56976200,71.18869468312342,3.7668906533272093,156.7139991760254,152.02879943847657,0.08021839817334953,4.8841716002840485
2023-04-04,163.11448669433594,165.6300048828125,166.83999633789062,165.11000061035156,166.60000610351562,46278300,69.59719314786055,3.9254066994842844,157.41549911499024,152.51919952392578,0.09254616236437951,5.113180602129214
2023-04-05,161.2728729248047,163.75999450683594,165.0500030517578,161.8000030517578,164.74000549316406,51511700,64.24108612163391,3.8556915865723624,157.95999908447266,152.94379943847656,0.07123699703987274,5.183014325038806
2023-04-06,162.1592254638672,164.66000366210938,164.9600067138672,162.0,162.42999267578125,45390100,65.61273438896276,3.8289275807335628,158.6634994506836,153.39979949951172,0.09343254974685555,5.083947792229173
2023-04-10,159.5691680908203,162.02999877929688,162.02999877929688,160.0800018310547,161.4199981689453,47716900,58.54554682725731,3.5545231686328407,159.33999938964843,153.76119934082033,0.09111110289088797,4.530409132362233
2023-04-11,158.3578338623047,160.8000030517578,162.36000061035156,160.50999450683594,162.35000610351562,47644200,55.532950381975766,3.200907253039304,159.85649948120118,154.05859954833986,0.06865157006214861,4.026797261439659
2023-04-12,157.66848754882812,160.10000610351562,162.05999755859375,159.77999877929688,161.22000122070312,50133100,53.835136280173614,2.831539958591577,160.23199996948242,154.40059967041014,0.04921692080649298,3.6456465942949516
2023-04-13,163.0455322265625,165.55999755859375,165.8000030517578,161.4199981689453,161.6300048828125,68445600,63.26836127176405,2.9454362404568144,160.8604995727539,154.82599975585939,0.08216217801228431,3.4071510093338038
2023-04-14,162.70089721679688,165.2100067138672,166.32000732421875,163.82000732421875,164.58999633789062,49386500,62.388323415992524,2.973185496578651,161.3284996032715,155.22160003662108,0.060057749398704896,3.324530588168566
2023-04-17,162.7205352783203,165.22999572753906,165.38999938964844,164.02999877929688,165.08999633789062,41516200,62.42047374589339,2.9626384761513407,161.83999938964843,155.5097998046875,0.06599997243573585,3.0773937465216754
2023-04-18,163.94171142578125,166.47000122070312,167.41000366210938,165.64999389648438,166.10000610351562,49923000,64.45055089650197,3.019530696340695,162.2934997558594,155.74919982910157,0.057623936949983134,3.056887905634263
2023-04-19,165.0841064453125,167.6300048828125,168.16000366210938,165.5399932861328,165.8000030517578,47720200,66.28539733222559,3.122229671570807,162.71100006103515,156.06720001220702,0.05242344404513499,3.1909219788120895
2023-04-20,164.11900329589844,166.64999389648438,167.8699951171875,165.55999755859375,166.08999633789062,52456400,63.312286408720034,3.088933352154328,163.15199966430663,156.30720001220703,0.05588286107270557,3.088685584306629
2023-04-21,162.5137481689453,165.02000427246094,166.4499969482422,164.49000549316406,165.0500030517578,58337300,58.60403799482393,2.897617310214713,163.4565002441406,156.56920013427734,0.038318831418455934,2.947517066402137
2023-04-24,162.8190460205078,165.3300018310547,165.60000610351562,163.88999938964844,165.0,41949600,59.22508229668358,2.7394336944493887,163.71050033569335,156.85840026855467,0.03170047944495913,2.8746379518326863
2023-04-25,161.28273010253906,163.77000427246094,166.30999755859375,163.72999572753906,165.19000244140625,48714100,54.771878540482014,2.4598377948656776,163.98500061035156,157.1136004638672,0.03468540267566733,2.575323273288959
2023-04-26,161.2728729248047,163.75999450683594,165.27999877929688,162.8000030517578,163.05999755859375,45498800,54.7434350027366,2.211950339018159,164.29050064086914,157.3118002319336,0.03875674498511872,2.103446064586662
2023-04-27,165.85226440429688,168.41000366210938,168.55999755859375,165.19000244140625,165.19000244140625,64902300,64.07641318837278,2.3634700103386876,164.67250061035156,157.61600036621093,0.047521298666514555,2.1240868318336132
2023-04-28,167.10293579101562,169.67999267578125,169.85000610351562,167.8800048828125,168.49000549316406,55275900,66.13076531459728,2.556557537274898,165.03850021362305,157.90300018310546,0.045084947264794506,2.325729753699802
2023-05-01,167.0143585205078,169.58999633789062,170.4499969482422,168.63999938964844,169.27999877929688,52472900,65.84341142874894,2.6715231848458814,165.27300033569335,158.22059997558594,0.028441495542749218,2.5378035020150476
2023-05-02,165.9802703857422,168.5399932861328,170.35000610351562,167.5399932861328,170.08999633789062,48425700,62.43470204413925,2.6473903497844162,165.39150009155273,158.54039978027345,0.014262473029444944,2.6353495689880266
2023-05-03,164.90684509277344,167.4499969482422,170.9199981689453,167.16000366210938,169.5,65136000,59.01893546592415,2.511361892513804,165.4824996948242,158.9197998046875,0.0109882992922532,2.6751407821505433
2023-05-04,163.27206420898438,165.7899932861328,167.0399932861328,164.30999755859375,164.88999938964844,81235400,54.15929813476672,2.2437454370763703,165.58399963378906,159.25739959716796,0.01239618250727359,2.644683538087857
2023-05-05,170.9339141845703,173.57000732421875,174.3000030517578,170.75999450683594,170.97999572753906,113453200,67.61732140854915,2.629132576884956,166.02949981689454,159.74079986572266,0.0541115235269467,3.1776009763159467
2023-05-08,170.86495971679688,173.5,173.85000610351562,172.11000061035156,172.47999572753906,55962800,67.42549784280257,2.8955278135279627,166.60299987792968,160.27659973144532,0.07078936806218561,3.4418487180803217
2023-05-09,169.16123962402344,171.77000427246094,173.5399932861328,171.60000610351562,173.0500030517578,45326900,62.692403587491754,2.933239205128018,167.15149993896483,160.75359985351562,0.06822139933151705,3.3410228915415816
2023-05-10,170.92405700683594,173.55999755859375,174.02999877929688,171.89999389648438,173.02000427246094,53724500,65.3988681881361,3.0721494270118512,167.82449951171876,161.27659973144532,0.08407239813829448,3.198461416345364
2023-05-11,171.11114501953125,173.75,174.58999633789062,172.1699981689453,173.85000610351562,49514700,65.68344611597735,3.1611288619673132,168.23399963378907,161.84539978027342,0.04946848612091648,3.4105311605652413
2023-05-12,170.1841583251953,172.57000732421875,174.05999755859375,171.0,173.6199951171875,45533100,62.25879427039387,3.100687364084166,168.60199966430665,162.37859985351562,0.044549363302784695,3.463726941719253
2023-05-15,169.69105529785156,172.07000732421875,173.2100067138672,171.47000122070312,173.16000366210938,37266700,60.81194019230667,2.9781114057531113,168.94400024414062,162.79940002441407,0.041396912022915844,3.4509194873596587
2023-05-16,169.69105529785156,172.07000732421875,173.13999938964844,171.8000030517578,171.99000549316406,42110300,60.81194019230667,2.8481375192458245,169.2240005493164,163.16420013427734,0.0336397312575929,3.4667693632035372
2023-05-17,170.30252075195312,172.69000244140625,172.92999267578125,170.4199981689453,171.7100067138672,57951600,62.07926632406034,2.7633070190030082,169.47700042724608,163.58600006103515,0.030185512206666765,3.5284070858180505
2023-05-18,172.62986755371094,175.0500030517578,175.24000549316406,172.5800018310547,173.0,65496700,66.5179590405744,2.853615855034491,169.89700088500976,164.02960021972658,0.05040509728725917,3.671238564408275
2023-05-19,172.73838806152344,175.16000366210938,176.38999938964844,174.94000244140625,176.38999938964844,55809500,66.71353420248926,2.9006257797591672,170.40400085449218,164.52100036621093,0.06144709203198473,3.662433633176341
2023-05-22,171.79161071777344,174.1999969482422,174.7100067138672,173.4499969482422,173.97999572753906,43570900,63.241622759960606,2.8278196207619715,170.84750061035157,165.03500030517577,0.05365024507924132,3.5510210675090486
2023-05-23,169.1881103515625,171.55999755859375,173.3800048828125,171.27999877929688,173.1300048828125,50747300,54.79623406695699,2.5279536517663814,171.23700027465821,165.45680023193358,0.04756666717290159,3.13694252362879
2023-05-24,169.46424865722656,171.83999633789062,172.4199981689453,170.52000427246094,171.08999633789062,45143500,55.475365751414536,2.2865434231038932,171.64100036621093,165.8418002319336,0.04934051112658899,2.597178905285977
2023-05-25,170.59835815429688,172.99000549316406,173.89999389648438,171.69000244140625,172.41000366210938,56058300,58.2497601155417,2.163085502229393,171.87000045776367,166.24180023193358,0.02719554498819332,2.4972941287805037
2023-05-26,173.0045928955078,175.42999267578125,175.77000427246094,173.11000061035156,173.32000732421875,54835000,63.45317460409395,2.2363515160866427,172.15750045776366,166.6333999633789,0.03388731876590123,2.5620444843336636
2023-05-30,174.84878540039062,177.3000030517578,178.99000549316406,176.57000732421875,176.9600067138672,55964400,66.86194404864573,2.4174427932198057,172.54300079345703,167.07940002441407,0.04546262680792679,2.7299355323182053
2023-05-31,174.79945373535156,177.25,179.35000610351562,176.75999450683594,177.3300018310547,99625300,66.68284253661962,2.527785370397936,172.9785011291504,167.47640014648437,0.051679168510942564,2.7523862735774025
2023-06-01,177.6001739501953,180.08999633789062,180.1199951171875,176.92999267578125,177.6999969482422,68901800,71.37313565965727,2.8119818510342043,173.61050109863282,167.89260009765624,0.07548521719922996,2.8650112535615824
2023-06-02,178.44827270507812,180.9499969482422,181.77999877929688,179.25999450683594,181.02999877929688,61996900,72.62967934470063,3.071201571434983,174.36850128173828,168.355,0.09144100534430377,2.6869477058643216
2023-06-05,177.09722900390625,179.5800018310547,184.9499969482422,178.0399932861328,182.6300048828125,121946500,67.54349295720326,3.130007137085215,174.66900100708008,168.76800018310547,0.03462576628005554,2.9189959988401877
2023-06-06,176.7323455810547,179.2100067138672,180.1199951171875,177.42999267578125,179.97000122070312,64848400,66.1952546622567,3.110894996698363,174.95450134277343,169.1472003173828,0.032910701520848296,3.0737785406696894
2023-06-07,175.36155700683594,177.82000732421875,181.2100067138672,177.32000732421875,178.44000244140625,61944600,61.24890544573783,2.949586160506527,175.25700149536132,169.53800048828126,0.03522153403548467,3.041417189724642
2023-06-08,178.07354736328125,180.57000732421875,180.83999633789062,177.4600067138672,177.89999389648438,50214900,66.57101568968505,3.0089642955641693,175.60750198364258,169.99640075683592,0.04038954750076229,3.233422080376433
2023-06-09,178.4581756591797,180.9600067138672,182.22999572753906,180.6300048828125,181.5,48900000,67.257805113264,3.0523064974694307,175.96800231933594,170.40020080566407,0.041496441518660054,3.4124010074292896
2023-06-12,181.2490234375,183.7899932861328,183.88999938964844,180.97000122070312,181.27000427246094,54274900,71.7873038200593,3.277233858032133,176.52900161743165,170.82880065917968,0.06501701040572083,3.7317126061501966
2023-06-13,180.77569580078125,183.30999755859372,184.14999389648438,182.44000244140625,182.8000030517578,54929100,70.01805039506199,3.377821346213068,177.09100112915038,171.19700073242188,0.06532219303737397,3.8687024027974397
2023-06-14,181.40684509277344,183.9499969482422,184.38999938964844,182.02000427246094,183.3699951171875,57462900,71.04281841421546,3.4691895991335002,177.68500061035155,171.55260070800782,0.06904160584847796,3.9679574788853538
2023-06-15,183.43836975097656,186.00999450683597,186.52000427246094,183.77999877929688,183.9600067138672,65433200,74.11018997437608,3.6655697780429364,178.35100021362305,171.96020050048827,0.07713238680362622,4.196699528816272
2023-06-16,182.36341857910156,184.9199981689453,186.99000549316406,184.27000427246094,186.72999572753906,101256200,69.8915012452114,3.690704742792178,178.84449996948243,172.38340057373046,0.05638386144026053,4.36503911757885
2023-06-20,182.4521484375,185.00999450683597,186.10000610351562,184.41000366210938,184.41000366210938,49799100,70.04312961947453,3.6755172607289524,179.33699951171874,172.790400390625,0.05623424662474674,4.481567261871546
2023-06-21,181.41668701171875,183.9600067138672,185.41000366210938,182.58999633789062,184.89999389648438,49515700,65.87486564172522,3.5379722897505133,179.825,173.2290005493164,0.05602761157639313,4.423769338552243
2023-06-22,184.41464233398438,187.0,187.0500030517578,183.6699981689453,183.74000549316406,51245300,71.2157964057503,3.632396950245237,180.5970001220703,173.75300048828126,0.08999768396553476,4.249307336295405
2023-06-23,184.0990753173828,186.67999267578125,187.55999755859375,185.00999450683594,185.5500030517578,53117000,69.97427850805919,3.639453898270716,181.33899993896483,174.28460021972657,0.08635938462609483,3.922821571096263
2023-06-26,182.70858764648438,185.2700042724609,188.0500030517578,185.22999572753906,186.8300018310547,48088700,64.62815812458017,3.4910298806666162,181.9529998779297,174.6788003540039,0.07098675292996681,3.4837156570737022
2023-06-27,185.4600067138672,188.05999755859372,188.38999938964844,185.6699981689453,185.88999938964844,50730800,69.58063787465407,3.5575230078686673,182.58450012207032,175.13580017089845,0.07199455857103332,3.3823004267013483
2023-06-28,186.633544921875,189.25,189.89999389648438,187.60000610351562,187.92999267578125,51216800,71.41876443499993,3.6640061597446447,183.18199996948243,175.61620025634767,0.06739986882433224,3.4543795644933475
2023-06-29,186.9688262939453,189.58999633789065,190.07000732421875,188.94000244140625,189.0800018310547,46347300,71.94045974071201,3.7328002896245494,183.79899978637695,176.07860015869142,0.06961916128570178,3.441098689868042
2023-06-30,191.2882843017578,193.97000122070312,194.47999572753906,191.25999450683594,191.6300048828125,85213200,77.61028353456864,4.093561888704983,184.49300003051758,176.60540008544922,0.07707260350414136,4.0068486139926565
2023-07-03,189.7991943359375,192.4600067138672,193.8800048828125,191.75999450683594,193.77999877929688,31458200,72.19429951693309,4.209104185003838,185.06850051879883,177.12160034179686,0.06360878673525061,4.287915632178392
2023-07-05,188.68478393554688,191.3300018310547,192.97999572753906,190.6199951171875,191.57000732421875,46920300,68.35025943464638,4.161518937207262,185.65600051879883,177.64780029296875,0.06543044815788668,4.301271811568722
2023-07-06,189.1581573486328,191.80999755859372,192.02000427246094,189.1999969482422,189.83999633789062,45094300,69.1028269716711,4.115102588142378,186.28600006103517,178.17740020751953,0.0703085228094662,4.229599332219574
2023-07-07,188.04376220703125,190.67999267578125,192.6699981689453,190.24000549316406,191.41000366210938,46815000,65.17387686659106,3.9416979070478533,186.9289993286133,178.71559997558595,0.07232023856637748,3.833823683091385
2023-07-10,186.00238037109375,188.6100006103516,189.99000549316406,187.0399932861328,189.25999450683594,59922200,58.60095545029251,3.5957923322295926,187.33099899291992,179.21260009765626,0.04452562972817953,3.542395769909687
2023-07-11,185.47972106933594,188.0800018310547,189.3000030517578,186.60000610351562,189.16000366210938,46638100,57.01544796358973,3.2415268956932266,187.6869987487793,179.60600006103516,0.039345683316897695,3.2106691721848577
2023-07-12,187.1463623046875,189.7700042724609,191.6999969482422,188.47000122070312,189.67999267578125,60750200,60.66961922089847,3.0618430373716308,187.9859992980957,180.00780029296874,0.03253719573849789,3.1053753735053955
2023-07-13,187.90570068359375,190.5399932861328,191.19000244140625,189.77999877929688,190.5,41342300,62.24446837664487,2.9475959125707334,188.34749908447264,180.42680023193358,0.03944136066680204,2.9492908970158243
2023-07-14,188.05364990234375,190.69000244140625,191.17999267578125,189.6300048828125,190.22999572753906,41616200,62.55900851392718,2.836461762648014,188.68449935913085,180.86980041503907,0.03664042188084671,2.801746939489917
2023-07-17,191.30804443359375,193.9900054931641,194.32000732421875,191.80999755859375,191.89999389648438,50520200,68.7305895368462,2.9803146035878285,189.08349990844727,181.4006005859375,0.04290097963545092,2.9643258105617902
2023-07-18,191.05160522460938,193.72999572753903,194.3300018310547,192.4199981689453,193.35000610351562,48288200,67.78254881727028,3.038314601897241,189.52399978637695,181.95940063476561,0.0476422109335346,2.9676474514421045
2023-07-19,192.40267944335938,195.1000061035156,198.22999572753906,192.64999389648438,193.10000610351562,80507300,70.12116755435326,3.158420105187389,190.02850036621095,182.39000061035156,0.054537656863217876,3.017116806078858
2023-07-20,190.45989990234375,193.1300048828125,196.47000122070312,192.5,195.08999633789062,59581200,63.035500031012546,3.05937537243625,190.48700027465821,182.7826007080078,0.04984778122566835,2.729422093700024
2023-07-21,189.28636169433594,191.94000244140625,194.97000122070312,191.22999572753906,194.10000610351562,71951700,59.14743443268824,2.8519825765511087,190.7340003967285,183.18600067138672,0.026417125355113535,2.6185272831661797
2023-07-24,190.0851593017578,192.75,194.91000366210938,192.25,193.41000366210938,45377800,60.91462430150711,2.7216093072235026,191.03750076293946,183.56980072021486,0.03251557511447367,2.4715650685569703
2023-07-25,190.943115234375,193.6199951171875,194.44000244140625,192.9199981689453,193.3300018310547,37283200,62.77710513307596,2.6578508371017335,191.4550003051758,183.9672006225586,0.04506930777875384,2.1273060285227072
2023-07-26,191.81097412109375,194.5,195.63999938964844,193.32000732421875,193.6699981689453,47471900,64.61391010962481,2.6478085410529104,191.7770004272461,184.4058004760742,0.034244403514892996,2.073079145932452
2023-07-27,190.5486602783203,193.22000122070312,197.1999969482422,192.5500030517578,196.02000427246094,47460200,59.97781141291509,2.507658024249622,191.97550048828126,184.8288003540039,0.020977549382843463,2.0074068164345955
2023-07-28,193.12257385253906,195.8300018310547,196.6300048828125,194.13999938964844,194.6699981689453,48291400,65.42534852448165,2.5774813657650952,192.28750076293946,185.30400024414064,0.03291315793921412,2.0999201429536085
2023-07-31,193.73402404785156,196.4499969482422,196.49000549316406,195.25999450683594,196.05999755859375,38824100,66.58873659304875,2.6522715558931793,192.4115005493164,185.77920013427735,0.012785460184213004,2.27077166678406
2023-08-01,192.90560913085938,195.6100006103516,196.72999572753906,195.27999877929688,196.24000549316406,35175100,63.47252884542782,2.6136342869493205,192.56900024414062,186.19040008544923,0.01636700502233457,2.3808844222015875
2023-08-02,189.91751098632812,192.5800018310547,195.17999267578125,191.85000610351562,195.0399932861328,50389300,53.708702759773345,2.311868611941719,192.63150024414062,186.53880004882814,0.006533214801846654,2.3629874153065527
2023-08-03,188.52699279785156,191.1699981689453,192.3699951171875,190.69000244140625,191.57000732421875,61235200,49.86464885557836,1.9366175076285685,192.5995002746582,186.8782000732422,-0.003336632072334478,2.378977253331976
2023-08-04,179.47393798828125,181.9900054931641,187.3800048828125,181.9199981689453,185.52000427246094,115956800,33.20272074431141,0.8882405314504922,192.16500091552734,187.08680023193358,-0.045573670633567764,3.345320367793109
2023-08-07,176.3773193359375,178.85000610351562,183.1300048828125,177.35000610351562,182.1300048828125,97576100,29.5638592188662,-0.19374412235274008,191.67700119018554,187.22700042724608,-0.05174696185383665,4.427904244291568
2023-08-08,177.314208984375,179.8000030517578,180.27000427246094,177.5800018310547,179.69000244140625,67823000,31.992298683795497,-0.9634617541353236,191.26300125122071,187.36320037841796,-0.04402381273227807,5.115596098089941
2023-08-09,175.7264404296875,178.19000244140625,180.92999267578125,177.00999450683594,180.8699951171875,60378500,30.098371648300628,-1.6839703547436216,190.68400115966796,187.41840057373048,-0.06102124450831947,5.890163884412634
2023-08-10,175.50949096679688,177.97000122070312,180.75,177.60000610351562,179.47999572753906,54686900,29.83842903231293,-2.246830804680968,190.05550155639648,187.43180053710938,-0.06597036059801575,6.541009910249495
2023-08-11,175.56875610351562,177.7899932861328,178.6199951171875,176.5500030517578,177.32000732421875,52036700,29.6130729918287,-2.6765730345442194,189.4105010986328,187.44260040283203,-0.06764911107092386,7.088281627625728
2023-08-14,177.2178955078125,179.4600067138672,179.69000244140625,177.30999755859375,177.97000122070312,43675600,34.551682978600354,-2.849542963597372,188.68400115966796,187.43000061035156,-0.07490075966727527,7.3345448931162185
2023-08-15,175.2329864501953,177.4499969482422,179.47999572753906,177.0500030517578,178.8800048828125,43622600,31.671353089392966,-3.1129299495595717,187.87000122070313,187.36000061035156,-0.08403447653089802,7.642004071763928
2023-08-16,174.36399841308594,176.57000732421875,178.5399932861328,176.5,177.1300048828125,46964900,30.473617102270552,-3.3540108920496436,186.9435012817383,187.29980072021485,-0.09497692567710758,7.840022647461053
2023-08-17,171.82611083984375,174.0,177.50999450683594,173.47999572753906,177.13999938964844,66062900,27.234308487762405,-3.7096844552823995,185.98700103759765,187.1956005859375,-0.09905247449468146,8.204032036379212
2023-08-18,172.30999755859375,174.49000549316406,175.10000610351562,171.9600067138672,172.3000030517578,61172200,28.78858822903149,-3.9069817152803523,185.11450119018554,187.1290005493164,-0.0909138101817476,8.461473843825448
2023-08-21,173.6431121826172,175.83999633789062,176.1300048828125,173.74000549316406,175.07000732421875,46311900,33.03263622142157,-3.909343755126457,184.26900100708008,187.03440032958986,-0.08773023949213687,8.503102961715154
2023-08-22,175.01573181152344,177.22999572753906,177.67999267578125,176.25,177.05999755859375,42038900,37.18380854178069,-3.7557602879669503,183.44950103759766,186.9598001098633,-0.08465034502107327,8.342747685869615
2023-08-23,178.85714721679688,181.1199951171875,181.5500030517578,178.3300018310547,178.52000427246094,52722800,47.07191909400948,-3.282317332038531,182.78050079345704,186.90640014648437,-0.06879179888335474,7.9365549467523016
2023-08-24,174.17636108398438,176.3800048828125,181.10000610351562,176.00999450683594,180.6699981689453,54945800,39.013202071771886,-3.252099794585604,181.9385009765625,186.76780029296876,-0.08715451936394181,7.659164063677547
2023-08-25,176.3784942626953,178.61000061035156,179.14999389648438,175.82000732421875,177.3800048828125,51449600,43.88092420320772,-3.013472722366231,181.07750091552734,186.66100036621094,-0.08793341704382485,6.9504705843248455
2023-08-28,177.9387664794922,180.19000244140625,180.58999633789062,178.5500030517578,180.08999633789062,43820700,47.10246492416547,-2.6661325884080327,180.26450119018554,186.54460052490234,-0.0827691257797265,5.9344065181269485
2023-08-29,181.81964111328125,184.1199951171875,184.89999389648438,179.5,179.6999969482422,53003900,54.152448373421436,-2.0501130382256747,179.69000091552735,186.52860046386718,-0.058739356154145606,4.82267617004108
2023-08-30,185.30557250976562,187.6499938964844,187.85000610351562,184.74000549316406,184.94000244140625,60813900,59.38812911572608,-1.262518182746021,179.44350051879883,186.58140045166016,-0.025599791710954722,4.217133094035678
2023-08-31,185.52279663085938,187.8699951171875,189.1199951171875,187.47999572753906,187.83999633789062,60794500,59.69703714821587,-0.6135190597615008,179.27850036621095,186.65960021972657,-0.017262138846920183,3.775618333424358
2023-09-01,187.09295654296875,189.4600067138672,189.9199981689453,188.27999877929688,189.49000549316406,45766500,61.94969009429082,0.028786238719476387,179.6520004272461,186.7088003540039,0.0410462167988872,4.379205333680095
2023-09-05,187.32994079589844,189.6999969482422,189.97999572753906,187.61000061035156,188.27999877929688,45280000,62.29227295324302,0.5508333574941275,180.19449996948242,186.76920043945313,0.060665308775258,4.914020070756854
2023-09-06,180.62478637695312,182.91000366210935,188.85000610351562,181.47000122070312,188.39999389648438,81755800,48.88250306044018,0.41191544359475074,180.35,186.7220004272461,0.01729699976398935,4.949954806582512
2023-09-07,175.34161376953125,177.55999755859375,178.2100067138672,173.5399932861328,175.17999267578125,112488800,41.3324807381032,-0.12839868459653303,180.31849975585936,186.5120004272461,-0.0035355792927813656,4.9664012069488725
2023-09-08,175.95382690429688,178.17999267578125,180.24000549316406,177.7899932861328,178.35000610351562,65551300,42.44196070768676,-0.5008001866847565,180.3289993286133,186.2906002807617,0.001179926131582798,4.96139433054774
2023-09-11,177.11912536621094,179.36000061035156,180.3000030517578,177.33999633789062,180.07000732421875,58953100,44.58975723576863,-0.6927289335780529,180.40749969482422,186.08600036621092,0.008830684422671542,4.931437289381623
2023-09-12,174.09735107421875,176.3000030517578,180.1300048828125,174.82000732421875,179.49000549316406,90370200,40.38160399831999,-1.0793084814469012,180.24949951171874,185.73260040283202,-0.017608400445162764,5.013334354286852
2023-09-13,172.03347778320312,174.2100067138672,177.3000030517578,173.97999572753906,176.50999450683594,84267900,37.76039248763329,-1.536607738424351,180.0875,185.36760040283204,-0.01825860969341142,5.158795694968232
2023-09-14,173.5443878173828,175.74000549316406,176.10000610351562,173.5800018310547,174.0,60895800,40.790381185605675,-1.7553282480961343,180.04599990844727,185.0558004760742,-0.004700695455772563,5.191814387429349
2023-09-15,172.82345581054688,175.00999450683594,176.5,173.82000732421875,176.47999572753906,109259500,39.79491896366327,-1.964921224690272,180.09649963378905,184.71980041503906,0.005804566131240918,5.134506726186176
2023-09-18,175.7465057373047,177.97000122070312,179.3800048828125,176.1699981689453,176.47999572753906,67257600,45.59282507800012,-1.870614089865029,180.270499420166,184.4656005859375,0.01994381120972233,4.991486054128239
2023-09-19,176.83274841308594,179.07000732421875,179.6300048828125,177.1300048828125,177.52000427246094,51826900,47.611923853837474,-1.687659419395402,180.43199996948243,184.27480072021484,0.01836903465421713,4.891850918158979
2023-09-20,173.29750061035156,175.49000549316406,179.6999969482422,175.39999389648438,179.25999450683594,58436200,42.131868482464796,-1.8106704712837427,180.34500045776366,184.02300079345704,-0.009817696080351657,4.966694350434478
2023-09-21,171.75697326660156,173.92999267578125,176.3000030517578,173.86000061035156,174.5500030517578,63149100,39.97281428936996,-2.0108576971266814,179.98550033569336,183.70620056152345,-0.03969745271224312,5.1639433321094375
2023-09-22,172.6062469482422,174.7899932861328,177.0800018310547,174.0500030517578,174.6699981689453,56725400,41.74512702953848,-2.0761797462106415,179.90599975585937,183.39120056152345,-0.009014693007498797,5.234134891595465
2023-09-25,173.88011169433594,176.0800018310547,176.97000122070312,174.14999389648438,174.1999969482422,46172700,44.39709555588575,-2.0007911571947545,179.77949981689454,183.0990005493164,-0.014164933490013354,5.297297199859851
2023-09-26,169.81158447265625,171.9600067138672,175.1999969482422,171.66000366210938,174.82000732421875,64588900,38.3866685593844,-2.247585563670839,179.36800003051758,182.65840057373046,-0.04567398643670739,5.576053657093928
2023-09-27,168.30068969726562,170.42999267578125,173.0399932861328,169.0500030517578,172.6199951171875,66921800,36.41508368871687,-2.537381895843623,178.68349990844726,182.19240051269531,-0.07435369761276023,5.797870857734323
2023-09-28,168.5574493408203,170.69000244140625,172.02999877929688,167.6199951171875,169.33999633789062,56294400,37.007197122476775,-2.7147727514750954,177.83550033569335,181.70420043945313,-0.09038098591377519,5.655955152183073
2023-09-29,169.0709686279297,171.2100067138672,173.07000732421875,170.33999633789062,172.02000427246094,51861100,38.245764104343905,-2.781334787554414,177.00250091552735,181.26580047607422,-0.08867828198392369,5.316979081552757
2023-10-02,171.5792236328125,173.75,174.3000030517578,170.92999267578125,171.22000122070312,52164500,44.03420475552513,-2.599167860944391,176.21700057983398,180.9020004272461,-0.08291991004514898,4.473219495609313
2023-10-03,170.24609375,172.39999389648438,173.6300048828125,170.82000732421875,172.25999450683594,49594600,41.79199723139563,-2.5345171334141696,175.35200042724608,180.49500030517578,-0.09119664380636738,3.228149250876758
2023-10-04,171.49034118652344,173.66000366210938,174.2100067138672,170.97000122070312,171.08999633789062,53020300,44.62608775961612,-2.3544678683373377,174.8895004272461,180.09580047607423,-0.050571318215528294,2.7092368248352647
2023-10-05,172.7247314453125,174.91000366210938,175.4499969482422,172.67999267578125,173.7899932861328,48527900,47.36409085320701,-2.0868569869428484,174.7570007324219,179.70400054931642,-0.014924498383200868,2.6355570804247326
2023-10-06,175.27249145507812,177.49000549316406,177.99000549316406,173.17999267578125,173.8000030517578,57266700,52.5762676859901,-1.647596384091571,174.722501373291,179.38940063476562,-0.003872416718933791,2.5925571446951756
2023-10-09,176.75376892089844,178.99000549316406,179.0500030517578,175.8000030517578,176.80999755859375,42390800,55.34489234014914,-1.1650121922953929,174.70400161743163,179.05260070800782,-0.002062863045988128,2.558824214378956
2023-10-10,176.1612548828125,178.38999938964844,179.72000122070312,177.9499969482422,178.10000610351562,43698000,53.98717901973962,-0.8215064070683411,174.80850143432616,178.69140075683595,0.011854771989295187,2.6677903394061206
2023-10-11,177.5536346435547,179.8000030517578,179.85000610351562,177.60000610351562,178.1999969482422,47551100,56.676853829777,-0.4305371218695484,175.0880012512207,178.37520080566406,0.03208768797691386,2.8857133581168166
2023-10-12,178.4522705078125,180.7100067138672,182.33999633789062,179.0399932861328,180.07000732421875,56743100,58.36827927591229,-0.046722864159562505,175.33650131225585,178.1378009033203,0.028280420310425214,3.146980845549753
2023-10-13,176.61549377441406,178.85000610351562,181.92999267578125,178.13999938964844,181.4199981689453,51427100,53.749159935814916,0.1061426493363058,175.52850189208985,177.8914010620117,0.02194167028860572,3.241727164515272
2023-10-16,176.4871368408203,178.72000122070312,179.0800018310547,176.50999450683594,176.75,52517000,53.43088246345097,0.21432871456497082,175.56600189208984,177.8260009765625,0.00421419337447726,3.2756174923443027
2023-10-17,174.93673706054688,177.14999389648438,178.4199981689453,174.8000030517578,176.64999389648438,57549400,49.61027392292675,0.17140463479717027,175.47000122070312,177.79200073242188,-0.010722138544720372,3.1946532897323126
2023-10-18,173.6431121826172,175.83999633789062,177.5800018310547,175.11000061035156,175.5800018310547,54764400,46.61511127173853,0.03132009885425191,175.48750076293945,177.71280059814453,0.0019943634040184843,3.195727037999402
2023-10-19,173.26788330078125,175.4600067138672,177.83999633789062,175.19000244140625,176.0399932861328,59302900,45.75223790679998,-0.1091022295000812,175.56400146484376,177.65820068359375,0.00879672340892923,3.174724456008087
2023-10-20,170.72010803222656,172.8800048828125,175.4199981689453,172.63999938964844,175.30999755859375,64244000,40.29796998995497,-0.42368850485325993,175.46850204467773,177.55640075683593,-0.010927332665970457,3.2275212769207413
2023-10-23,170.8385772705078,173.0,174.00999450683594,169.92999267578125,170.91000366210938,55980100,40.652339195010434,-0.6557586143161416,175.314501953125,177.46060089111327,-0.017492059285698414,3.270009078197784
2023-10-24,171.2731170654297,173.44000244140625,173.6699981689453,171.4499969482422,173.0500030517578,43816600,42.01154313014476,-0.79500698265133,175.38850173950195,177.34020080566407,0.008606627528235045,3.206226005757966
2023-10-25,168.96234130859375,171.10000610351562,173.05999755859375,170.64999389648438,171.8800048828125,57157000,37.13998869800604,-1.0817111730288502,175.42200241088867,177.21320098876953,0.003931311720519748,3.154777126043852
2023-10-26,164.804931640625,166.88999938964844,171.3800048828125,165.6699981689453,170.3699951171875,70625300,30.326449132630742,-1.6298507617752591,175.23200225830078,177.01960083007813,-0.022262598848238113,3.545055906832458
2023-10-27,166.11830139160156,168.22000122070312,168.9600067138672,166.8300018310547,166.91000366210938,58499100,34.41961293081033,-1.9346340455035431,175.08250198364257,176.90400085449218,-0.017463964581001856,3.7789284893037456
2023-10-30,168.16244506835938,170.2899932861328,171.1699981689453,168.8699951171875,169.02000427246094,51131000,40.29828348852962,-1.9862496837121455,174.9095016479492,176.82000061035157,-0.019913707705710437,3.9197187451092526
2023-10-31,168.636474609375,170.77000427246094,170.89999389648438,167.89999389648438,169.35000610351562,44846000,41.6054904221226,-1.9657624875734996,174.82800216674804,176.71860076904298,-0.009454696529758277,3.990941531391655
2023-11-01,171.79649353027344,173.97000122070312,174.22999572753906,170.1199951171875,171.0,56934900,49.53791238290272,-1.6720390019917488,174.84350204467773,176.65340087890624,0.0017850832204109324,3.9867663458062133
2023-11-02,175.35153198242188,177.57000732421875,177.77999877929688,175.4600067138672,175.52000427246094,77334800,56.66921274327787,-1.1356792144094072,174.97650222778321,176.58240112304688,0.015207841783869469,4.033200633329679
2023-11-03,174.44300842285156,176.64999389648438,176.82000732421875,173.35000610351562,174.24000549316406,79829200,54.54765332568409,-0.7759034808874219,174.93450164794922,176.5878009033203,-0.004732726185599501,4.00995494364458
2023-11-06,176.99078369140625,179.22999572753906,179.42999267578125,176.2100067138672,176.3800048828125,63841300,59.164604843337436,-0.27937358940133095,174.94650115966797,176.60020080566406,0.0013408024303578348,4.023067123573241
2023-11-07,179.5483856201172,181.82000732421875,182.44000244140625,178.97000122070312,179.17999267578125,70530000,63.20525440004229,0.3194399126594192,175.11800155639648,176.63280090332032,0.01922757972030875,4.244597009867938
2023-11-08,180.6050262451172,182.88999938964844,183.4499969482422,181.58999633789062,182.35000610351562,49340300,64.75676148935727,0.8703109418562462,175.27250137329102,176.60820098876954,0.017185741298353152,4.47402374059363
2023-11-09,180.1310272216797,182.41000366210935,184.1199951171875,181.80999755859375,182.9600067138672,53763500,63.463946050514274,1.2536967221713553,175.3575012207031,176.50340118408204,0.00940732048631876,4.5972180106382785
2023-11-10,184.3136749267578,186.3999938964844,186.57000732421875,183.52999877929688,183.97000122070312,66133400,69.0035910550905,1.8580728739106291,175.73500061035156,176.47400115966798,0.04221407623882856,5.1730210742797755
2023-11-13,182.73159790039062,184.8000030517578,186.02999877929688,184.2100067138672,185.82000732421875,43627500,64.76308056658385,2.1827777359627873,176.03900070190429,176.38080108642578,0.03401970562626855,5.524388573786751
2023-11-14,185.34202575683594,187.44000244140625,188.11000061035156,186.3000030517578,187.6999969482422,60108400,68.232094494516,2.622899414112794,176.5535011291504,176.33560119628908,0.05808641772200529,6.084115790804917
2023-11-15,185.9056854248047,188.00999450683597,189.5,187.77999877929688,187.85000610351562,53790500,68.94300864414197,2.98330295162512,177.16200103759766,176.43760101318358,0.06921063707007646,6.59604962644787
2023-11-16,187.58665466308594,189.7100067138672,190.9600067138672,188.64999389648438,189.57000732421875,54412900,71.02563077571148,3.3672861505033893,177.87450103759767,176.68060119628908,0.0812150886511609,7.148986235052263
2023-11-17,187.5668487548828,189.69000244140625,190.3800048828125,188.57000732421875,190.25,50922700,70.96532586150477,3.6281582743227716,178.71500091552736,176.91080139160155,0.09723505948526823,7.5099385388107915
2023-11-20,189.30715942382812,191.4499969482422,191.91000366210938,189.8800048828125,189.88999938964844,46505100,73.12716937506926,3.9315971550761333,179.63750076293945,177.1526013183594,0.10664738120371209,7.894312174287112
2023-11-21,188.5062255859375,190.63999938964844,191.52000427246094,189.74000549316406,191.41000366210938,38134500,70.52458442274019,4.05991445406832,180.49750061035155,177.43940124511718,0.09916972270599977,8.117353487667446
2023-11-22,189.16873168945312,191.30999755859372,192.92999267578125,190.8300018310547,191.49000549316406,39617700,71.4303294799192,4.167628266424572,181.50800018310548,177.78140106201172,0.1181180054596318,8.143813036675494
2023-11-24,187.84371948242188,189.97000122070312,190.89999389648438,189.25,190.8699951171875,24048300,66.99617592135073,4.0976307959725204,182.6620002746582,178.0660009765625,0.13829469659933524,7.579047693570417
2023-11-27,187.66574096679688,189.7899932861328,190.6699981689453,188.89999389648438,189.9199981689453,40552600,66.3998714921112,3.9817332184050827,183.7404998779297,178.36160095214845,0.1282248954280416,6.922013073099024
2023-11-28,188.2688751220703,190.3999938964844,191.0800018310547,189.39999389648438,189.77999877929688,38415400,67.45693193159775,3.894215413234633,184.74599990844726,178.61020080566405,0.11809267369317111,6.297798953346536
2023-11-29,187.2504425048828,189.3699951171875,192.08999633789062,188.97000122070312,190.89999389648438,43014200,63.80673315836687,3.6991036642456834,185.6759994506836,178.81620056152343,0.10891837195864063,5.44028857681191
2023-11-30,187.82395935058594,189.9499969482422,190.32000732421875,188.19000244140625,189.83999633789062,48794400,64.95666653466162,3.5503512586632837,186.47499923706056,179.105400390625,0.09185489231138422,4.761726262921998
2023-12-01,189.09951782226562,191.2400054931641,191.55999755859375,189.22999572753906,190.3300018310547,45704800,67.43491590454627,3.4962541723043614,187.15849914550782,179.45160064697265,0.07698371124119952,4.382198824508729
2023-12-04,187.30975341796875,189.42999267578125,190.0500030517578,187.4499969482422,189.97999572753906,43389500,60.9245463198849,3.2696385759378757,187.79749908447266,179.7444006347656,0.07234644336747542,3.637771484261062
2023-12-05,191.25509643554688,193.4199981689453,194.39999389648438,190.17999267578125,190.2100067138672,66628400,68.21042686204527,3.3731209420462562,188.50699920654296,180.09120056152344,0.07917202912272314,3.24099416019395
2023-12-06,190.1674041748047,192.32000732421875,194.75999450683594,192.11000061035156,194.4499969482422,41089700,64.63251737874903,3.3280081877991563,189.03199920654296,180.49840057373046,0.057749420179466604,2.9369469490844833
2023-12-07,192.0955810546875,194.2700042724609,195.0,193.58999633789062,193.6300048828125,47477700,67.85183829055019,3.410292730197,189.6009994506836,180.97520080566406,0.06222322117551804,2.7826984254798615
2023-12-08,193.5194854736328,195.7100067138672,195.99000549316406,193.6699981689453,194.1999969482422,53406400,70.0219285252932,3.550768931330879,190.2659996032715,181.4756008911133,0.07291268452795152,2.553530530850022
2023-12-11,191.01779174804688,193.17999267578125,193.49000549316406,191.4199981689453,193.11000061035156,60943700,62.09147521530177,3.4185395481972307,190.60499954223633,181.91500061035157,0.03637338520012001,2.4616723198610924
2023-12-12,192.53067016601562,194.7100067138672,194.72000122070312,191.72000122070312,193.0800018310547,52696900,64.6955338649785,3.3980357148976736,191.1004997253418,182.3342007446289,0.05362556005658625,2.2169143158494666
2023-12-13,195.74432373046875,197.9600067138672,198.0,194.85000610351562,195.08999633789062,70404200,69.48988988796681,3.6025066635673113,191.62649993896486,182.84540100097655,0.056124648609890526,2.528776944418589
2023-12-14,195.8926239013672,198.1100006103516,199.6199951171875,196.16000366210938,198.02000427246094,66831600,69.69443912696839,3.733615818357748,192.13150024414062,183.33440093994142,0.0537205808127843,2.765917636903376
2023-12-15,195.358642578125,197.57000732421875,198.39999389648438,197.0,197.52999877929688,128538400,67.92877801695846,3.7507119502159014,192.5245002746582,183.7876010131836,0.04143166059872905,2.9556409490265656
2023-12-18,193.69747924804688,195.88999938964844,196.6300048828125,194.38999938964844,196.08999633789062,55751900,62.61396391393047,3.587345472415791,192.83450012207032,184.1556008911133,0.03268489044464706,2.967815634702119
2023-12-19,194.73570251464844,196.94000244140625,196.9499969482422,195.88999938964844,196.16000366210938,40714100,64.48429555777801,3.502231290548366,193.1090003967285,184.51460083007814,0.02867592363894511,3.084613388980211
2023-12-20,192.6493377685547,194.8300018310547,197.67999267578125,194.8300018310547,196.89999389648438,52242800,58.18493512486195,3.2273157855181864,193.31850051879883,184.84340087890624,0.021978611282107208,3.050194380096565
2023-12-21,192.50100708007812,194.67999267578125,197.0800018310547,193.5,196.10000610351562,46482500,57.75298184249687,2.9631810750537397,193.48700027465821,185.1410006713867,0.017615363338005174,3.026390613541904
2023-12-22,191.43310546875,193.6000061035156,195.41000366210938,192.97000122070312,195.17999267578125,37149600,54.60971392875697,2.6363167055341705,193.66850051879882,185.3988006591797,0.019108305835062955,2.911017221091423
2023-12-26,190.88925170898438,193.0500030517578,193.88999938964844,192.8300018310547,193.61000061035156,28919300,53.026883051572966,2.3063080049950315,193.83150100708008,185.68280059814452,0.017176931771687887,2.77028158883778
2023-12-27,190.9881134033203,193.1499938964844,193.5,191.08999633789062,192.49000549316406,48087700,53.291938221516034,2.029447945120694,193.96900100708007,185.97140045166014,0.01444327777392207,2.65692568126297
2023-12-28,191.41334533691406,193.5800018310547,194.66000366210938,193.1699981689453,194.13999938964844,34049900,54.48146998749509,1.8237098081464467,194.17950134277345,186.30000061035156,0.022231646102445657,2.430508770612668
2023-12-29,190.3750762939453,192.52999877929688,194.39999389648438,191.72999572753906,193.89999389648438,42672100,51.061837659203846,1.5579750151272833,194.30850143432616,186.63380065917968,0.013582531574126255,2.256445919997793
2024-01-02,183.56219482421875,185.63999938964844,188.44000244140625,183.88999938964844,187.14999389648438,82488700,35.37237366575643,0.7823939580021033,194.02850112915038,186.83740051269533,-0.029282607941128913,2.9100431589068174
2024-01-03,182.187744140625,184.25,185.8800048828125,183.42999267578125,184.22000122070312,58414500,33.15881623755217,0.054945668966212224,193.76950149536134,187.06480041503906,-0.027345155867936177,3.509609819956313
2024-01-04,179.8739471435547,181.91000366210935,183.08999633789062,180.8800048828125,182.14999389648438,71983600,29.7801959037089,-0.7022849852265551,193.19400177001953,187.24300048828124,-0.059507779008365014,4.4005466064947365
2024-01-05,179.152099609375,181.17999267578125,182.75999450683594,180.1699981689453,181.99000549316406,62379700,28.794487128602015,-1.3457881122330662,192.63700103759766,187.39780029296875,-0.057924366806295535,5.1570031596772585
2024-01-08,183.48306274414062,185.55999755859372,185.60000610351562,181.5,182.08999633789062,59144500,41.340109294821026,-1.4852185132562,192.2015007019043,187.68700012207032,-0.04483454224694172,5.375005596170844
2024-01-09,183.06777954101562,185.13999938964844,185.14999389648438,182.72999572753906,183.9199981689453,42841800,40.601394126123296,-1.6110374162727226,191.67300033569336,188.05200012207033,-0.05400851750862368,5.529309234595164
2024-01-10,184.1060028076172,186.19000244140625,186.39999389648438,183.9199981689453,184.35000610351562,46792900,43.32787671307749,-1.6074931519286793,191.3235008239746,188.41140014648437,-0.036183820785760545,5.648666323476878
2024-01-11,183.5127410888672,185.58999633789065,187.0500030517578,183.6199951171875,186.5399932861328,49128400,42.13760499525748,-1.6342610311198769,190.86750030517578,188.71740020751952,-0.04683894027788049,5.728447550934919
2024-01-12,183.83908081054688,185.9199981689453,186.74000549316406,185.19000244140625,186.05999755859375,40477800,43.0640311079339,-1.6102840265146483,190.2654998779297,189.0204000854492,-0.06082040885321138,5.574439577567319
2024-01-16,181.57467651367188,183.6300048828125,184.25999450683594,180.92999267578125,182.16000366210938,65603000,38.46200720798222,-1.7558253360281242,189.54150009155273,189.2136001586914,-0.07309068539159091,5.440700630921199
2024-01-17,180.6352996826172,182.67999267578125,182.92999267578125,180.3000030517578,181.27000427246094,47317400,36.70937480243044,-1.9256284715522156,188.79699935913087,189.31579986572265,-0.07536576452114263,5.3012459934137155
2024-01-18,186.51873779296875,188.6300048828125,189.13999938964844,185.8300018310547,186.08999633789062,78005800,51.58858878519791,-1.562075783763163,188.43399963378906,189.5554000854492,-0.03706158828657169,5.03170387736994
2024-01-19,189.4159393310547,191.55999755859372,191.9499969482422,188.82000732421875,189.3300018310547,68903000,56.955139851579055,-1.0257080139656978,188.16499938964844,189.80200012207033,-0.027317989317143354,4.684888309161228
2024-01-22,191.71983337402344,193.88999938964844,195.3300018310547,192.25999450683594,192.3000030517578,60133900,60.68725711270681,-0.4079187831403601,188.1179992675781,190.0433999633789,-0.004824731471395061,4.6187522702426005
2024-01-23,192.99542236328125,195.17999267578125,195.75,193.8300018310547,195.02000427246094,42355600,62.61964062314483,0.18365821293161844,188.14299926757812,190.28919982910156,0.002568317335170045,4.6573319194563645
2024-01-24,192.32302856445312,194.5,196.3800048828125,194.33999633789062,195.4199981689453,53631300,60.919755409695654,0.5908070623509332,188.18799896240233,190.53099975585937,0.004648728657597134,4.716801474268747
2024-01-25,191.99671936035156,194.1699981689453,196.27000427246094,193.11000061035156,195.22000122070312,54822100,60.067547184408085,0.8767405497337393,188.2439987182617,190.6863998413086,0.005801580416899599,4.78373680238113
2024-01-26,190.2662811279297,192.4199981689453,194.75999450683594,191.94000244140625,194.27000427246094,44594000,55.6237501134767,0.9511700278857518,188.20749893188477,190.83879974365234,-0.003779424025922129,4.746977742843122
2024-01-29,189.583984375,191.72999572753903,192.1999969482422,189.5800018310547,192.00999450683594,47145600,53.92964957475883,0.9436012473184405,188.114998626709,190.924599609375,-0.009556803833126515,4.653890428417285
2024-01-30,185.935302734375,188.0399932861328,191.8000030517578,187.47000122070312,190.94000244140625,55859400,45.88179650085186,0.6325588313507637,187.89049835205077,190.92519958496095,-0.023321069556080376,4.536522075345837
2024-01-31,182.33604431152344,184.3999938964844,187.10000610351562,184.35000610351562,187.0399932861328,55467800,39.60345597323953,0.0912856614742168,187.82849807739257,190.81899932861327,-0.006679624527262229,4.577189515500256
2024-02-01,184.7685546875,186.8600006103516,186.9499969482422,183.82000732421875,183.99000549316406,64885400,45.0736743651849,-0.13758919998923602,187.95899810791016,190.76239929199218,0.01416553926920816,4.506453542302955
2024-02-02,183.7698516845703,185.8500061035156,187.3300018310547,179.25,179.86000061035156,102551700,43.3381514103133,-0.39590850566986546,188.15599822998047,190.65039947509766,0.021659075158530827,4.309937596062551
2024-02-05,185.579345703125,187.67999267578125,189.25,185.83999633789062,188.14999389648438,69668800,47.297741265562905,-0.4478018134079207,188.48099822998046,190.5911993408203,0.03587592594526501,3.9893615592137803
2024-02-06,187.18124389648438,189.3000030517578,189.30999755859375,186.77000427246094,186.86000061035156,43490800,50.58953760713137,-0.35412421183238507,188.66799850463866,190.5509994506836,0.02015523573168365,3.932484478330687
2024-02-07,187.2899932861328,189.41000366210935,191.0500030517578,188.61000061035156,190.63999938964844,53439000,50.81418716305384,-0.2679194985262541,188.88149871826172,190.53979949951173,0.023063650678069703,3.8458206731321303
2024-02-08,186.21218872070312,188.32000732421875,189.5399932861328,187.35000610351562,189.38999938964844,40962000,48.46287418548518,-0.2842782543884823,188.98799896240234,190.51039978027345,0.011439953031220362,3.7965404659694975
2024-02-09,186.9745635986328,188.8500061035156,189.99000549316406,188.0,188.64999389648438,45155200,49.68209542310484,-0.25157620032649675,189.1509994506836,190.47940002441408,0.017565654560872224,3.7120139780706616
2024-02-12,185.29141235351562,187.1499938964844,188.6699981689453,186.7899932861328,188.4199981689453,41781900,45.928827741566955,-0.3587014770459689,189.21249923706054,190.435,0.006615725794174132,3.665564630630807
2024-02-13,183.202392578125,185.0399932861328,186.2100067138672,183.50999450683594,185.77000427246094,56529500,41.71640689044095,-0.6068629080417338,189.28299865722656,190.3367999267578,0.007678420551260778,3.5647180186386893
2024-02-14,182.32119750976562,184.1499938964844,185.52999877929688,182.44000244140625,185.32000732421875,54630500,40.04793707539829,-0.8653726653118667,189.35649871826172,190.19499969482422,0.00804686489840245,3.4341710192455457
2024-02-15,182.0341033935547,183.8600006103516,184.49000549316406,181.35000610351562,183.5500030517578,65434500,39.493666490107586,-1.0811803707242973,189.11799850463868,190.08359985351564,-0.02528762205898416,3.64636179397353
2024-02-16,180.49948120117188,182.30999755859372,184.85000610351562,181.6699981689453,183.4199981689453,49752500,36.57953492888135,-1.3615863050683004,188.65549850463867,189.86139984130858,-0.0482877433592086,3.8982487621487265
2024-02-20,179.75692749023438,181.55999755859372,182.42999267578125,180.0,181.7899932861328,53665600,35.22513248466777,-1.6255899709495623,188.03899841308595,189.6461996459961,-0.0635927684247185,4.000494783364237
2024-02-21,180.5093994140625,182.32000732421875,182.88999938964844,180.66000366210938,181.94000244140625,41371400,37.74081356322815,-1.753277648431208,187.3959991455078,189.40719970703125,-0.06588782577179708,3.8218162572219367
2024-02-22,182.5390167236328,184.3699951171875,184.9600067138672,182.4600067138672,183.47999572753906,52292200,44.05251443630139,-1.6698056897719482,186.88949890136718,189.18039947509766,-0.052082287315231346,3.4874084245125148
2024-02-23,180.70742797851562,182.5200042724609,185.0399932861328,182.22999572753906,185.00999450683594,45119700,40.101516928419805,-1.7329559241364905,186.30699920654297,188.96719970703126,-0.05999893910668863,3.1654302834253225
2024-02-26,179.3609161376953,181.16000366210935,182.75999450683594,180.64999389648438,182.24000549316406,40867400,37.44287728896918,-1.8711738952007408,185.74399948120117,188.6961996459961,-0.0585177975989255,3.018909368339352
2024-02-27,180.81629943847656,182.6300048828125,183.9199981689453,179.55999755859375,181.10000610351562,54318900,41.92468791880647,-1.8408753546941057,185.28899993896485,188.389599609375,-0.04746253088983643,2.7423269157071015
2024-02-28,179.6183319091797,181.4199981689453,183.1199951171875,180.1300048828125,182.50999450683594,48953900,39.4211141123716,-1.8926832975151626,184.95800018310547,188.0557995605469,-0.03520525076340608,2.7918751939408177
2024-02-29,178.95498657226562,180.75,182.57000732421875,179.52999877929688,181.27000427246094,136682600,38.06563099423125,-1.965151673059836,184.77550048828124,187.7193994140625,-0.019793893803127682,2.94534911365798
2024-03-01,177.87582397460938,179.66000366210938,180.52999877929688,177.3800048828125,179.5500030517578,73563100,35.90276683514776,-2.0864852743233655,184.41550064086914,187.39479949951172,-0.03853150446711151,3.112434449465107
2024-03-04,173.36109924316406,175.10000610351562,176.89999389648438,173.7899932861328,176.14999389648438,81510100,28.585267037896244,-2.521530091676084,183.87800064086915,186.95799957275392,-0.057842344078333774,3.7204995660263056
2024-03-05,168.43057250976562,170.1199951171875,172.0399932861328,169.6199951171875,170.75999450683594,95132400,23.058037345066467,-3.2309076188056167,183.00000076293946,186.46379943847657,-0.09356350300444005,4.715094017249181
2024-03-06,167.4404754638672,169.1199951171875,171.24000549316406,168.67999267578125,171.05999755859375,68587700,22.13258965909168,-3.829640352382256,181.99100036621093,185.9525994873047,-0.10660331542125101,5.404739694367314
2024-03-07,167.32168579101562,169.0,170.72999572753906,168.49000549316406,169.14999389648438,71765100,22.01839038046859,-4.264662584875964,180.97050018310546,185.46059936523437,-0.10775567957075272,5.839561448248439
2024-03-08,169.03451538085938,170.72999572753906,173.6999969482422,168.94000244140625,169.0,76267000,27.802289304811765,-4.4188864687083935,180.09099960327148,185.01419921875,-0.09340490076763897,5.996890997746332
2024-03-11,171.034423828125,172.75,174.3800048828125,172.0500030517578,172.94000244140625,60139500,33.96140374493888,-4.328219524406933,179.2859992980957,184.60619934082033,-0.08525287573827556,5.837721715007063
2024-03-12,171.50965881347656,173.22999572753906,174.02999877929688,171.00999450683594,173.14999389648438,59825400,35.372262591211836,-4.169569472692871,178.58999938964843,184.19919921875,-0.07437883314409677,5.678423392972939
2024-03-13,169.4305419921875,171.1300048828125,173.19000244140625,170.75999450683594,172.77000427246094,52488700,32.13736382091554,-4.165275175086634,177.8944999694824,183.77119934082032,-0.0751728756378135,5.698661247566044
2024-03-14,171.2819366455078,173.0,174.30999755859375,172.0500030517578,172.91000366210938,72913500,37.609119805347554,-3.965269773880607,177.3370002746582,183.51839935302735,-0.06054843478709049,5.599007749318492
2024-03-15,170.90570068359375,172.6199951171875,172.6199951171875,170.2899932861328,171.1699981689453,121752700,36.957001913751604,-3.793695905765418,176.775,183.2857992553711,-0.061133500793272955,5.472479404704981
2024-03-18,171.99481201171875,173.72000122070312,177.7100067138672,173.52000427246094,175.57000732421875,75604200,40.189942811322034,-3.5282891586053893,176.34550018310546,183.12199920654297,-0.0471175275789788,5.350946810352005
2024-03-19,174.33135986328125,176.0800018310547,176.61000061035156,173.02999877929688,174.33999633789062,55215200,46.52581991746378,-3.0918788190233784,176.0715003967285,183.01999938964843,-0.03018283653463094,5.208282838620916
2024-03-20,176.89561462402344,178.6699981689453,178.6699981689453,175.08999633789062,175.72000122070312,53423100,52.47584320330586,-2.508117405570175,175.88899993896484,182.88219940185547,-0.02001979491358097,5.039006877519231
2024-03-21,169.66812133789062,171.3699951171875,177.49000549316406,170.83999633789062,177.0500030517578,106181300,39.22722254202817,-2.604508366046872,175.23899993896484,182.60679931640624,-0.07051038858973269,4.715508240109428
2024-03-22,170.56912231445312,172.27999877929688,173.0500030517578,170.05999755859375,171.75999450683594,71160100,41.21949767638103,-2.5777544575791183,174.72699966430665,182.32859924316406,-0.05610346950177603,4.430659446116667
2024-03-25,169.15330505371094,170.85000610351562,171.94000244140625,169.4499969482422,170.57000732421875,54288300,39.05294441880093,-2.641490788812547,174.21149978637695,182.03379943847656,-0.05691100325777987,4.2384012351578395
2024-03-26,168.02464294433594,169.7100067138672,171.4199981689453,169.5800018310547,170.0,57388400,37.36675058574565,-2.75226432398091,173.56549987792968,181.709599609375,-0.070744115553387,3.85502235478834
2024-03-27,171.58885192871094,173.30999755859375,173.60000610351562,170.11000061035156,170.41000366210938,60273300,45.38608757356225,-2.5205091137901547,173.1599998474121,181.50319946289062,-0.044702903165059094,3.382978151516094
2024-03-28,169.7770538330078,171.47999572753906,172.22999572753906,170.50999450683594,171.75,65672700,42.41325829901466,-2.4561938203767966,172.69649963378907,181.27919952392577,-0.051286330691346804,2.887030388925544
2024-04-01,168.3414306640625,170.02999877929688,171.25,169.47999572753906,171.19000244140625,46240500,40.168189145308126,-2.493482804936889,172.21499938964843,180.90719940185548,-0.05360127288499816,2.431665377098857
2024-04-02,167.1632843017578,168.83999633789062,169.33999633789062,168.22999572753906,169.0800018310547,49329500,38.37296417136348,-2.589211032554118,171.9019989013672,180.4527993774414,-0.035751053954413914,2.443626827446196
2024-04-03,167.9652099609375,169.64999389648438,170.67999267578125,168.5800018310547,168.7899932861328,47691700,40.32788249816325,-2.570089912394309,171.87849884033204,179.96799926757814,-0.0027627629566963074,2.463842456539595
2024-04-04,167.14349365234375,168.82000732421875,171.9199981689453,168.82000732421875,170.2899932861328,53704400,38.96395158230963,-2.592029958918289,171.8634994506836,179.44079956054688,-0.001773816234803438,2.482363064459185
2024-04-05,167.89590454101562,169.5800018310547,170.38999938964844,168.9499969482422,169.58999633789062,42104800,40.933875711096775,-2.5190543086818593,171.89249954223632,178.94239959716796,0.003431963497364965,2.450330949297477
2024-04-08,166.7771453857422,168.4499969482422,169.1999969482422,168.24000549316406,169.02999877929688,37425500,38.92238916685737,-2.52331532198383,171.77849960327148,178.42799957275392,-0.013354412442763919,2.5579371080846145
2024-04-09,167.98500061035156,169.6699981689453,170.0800018310547,168.35000610351562,168.6999969482422,42373800,42.223428222838535,-2.400575957853988,171.62449951171874,177.9729995727539,-0.017829243595106736,2.5888978293267138
2024-04-10,166.11380004882812,167.77999877929688,169.08999633789062,167.11000061035156,168.8000030517578,49709300,38.731103819699754,-2.4278248294866103,171.35199966430665,177.49399963378906,-0.0314610464853563,2.6956386987419663
2024-04-11,173.30166625976562,175.0399932861328,175.4600067138672,168.16000366210938,168.33999633789062,91070300,54.35029052488607,-1.8423612801692286,171.54749908447266,177.23399963378907,0.022848058737553467,2.8177119001702673
2024-04-12,174.79669189453125,176.5500030517578,178.36000061035156,174.2100067138672,174.25999450683594,101670900,56.81614754432798,-1.2422125775468658,171.72499923706056,177.07699981689453,0.020520248854091427,3.0186757958152843
2024-04-15,170.9750213623047,172.69000244140625,176.6300048828125,172.5,175.36000061035156,73531800,49.461093219988754,-1.0657746104770922,171.72849960327147,176.79359985351562,0.0004055574452497268,3.0198086045333605
2024-04-16,167.6979217529297,169.3800048828125,173.75999450683594,168.27000427246094,171.75,73711200,44.1795550470508,-1.1794395456751658,171.51149978637696,176.46419982910157,-0.024982709575144812,3.0250985760485665
2024-04-17,166.33160400390625,168.0,170.64999389648438,168.0,169.61000061035156,50901200,42.15831635467929,-1.3651382229273565,171.1074996948242,176.07059997558594,-0.04588824254333712,2.920601099264053
2024-04-18,165.38111877441406,167.0399932861328,168.63999938964844,166.5500030517578,168.02999877929688,43122900,40.76123427316158,-1.5716532409926458,170.5259994506836,175.62539978027343,-0.06509209717355846,2.456555990710152
2024-04-19,163.36138916015625,165.0,166.39999389648438,164.0800018310547,166.2100067138672,68149400,37.88794798843074,-1.8782766854818362,170.2074996948242,175.13719970703124,-0.037171006002722495,2.73817244784506
2024-04-22,164.1930389404297,165.83999633789062,167.25999450683594,164.77000427246094,165.52000427246094,48116400,39.77061427396247,-2.030095611497984,169.8854995727539,174.68759948730468,-0.03738102209796479,2.857679683295192
2024-04-23,165.24252319335938,166.89999389648438,167.0500030517578,164.9199981689453,165.35000610351562,49537800,42.15341302505476,-2.0413488609789567,169.68799896240233,174.24859924316405,-0.02311976626233181,2.9232567612116083
2024-04-24,167.34146118164062,169.02000427246094,169.3000030517578,166.2100067138672,166.5399932861328,48251800,46.69554975479742,-1.8577846377197318,169.65349884033202,173.88599945068358,-0.0040657734612526975,2.927052578453793
2024-04-25,168.2028350830078,169.88999938964844,170.61000061035156,168.14999389648438,169.52999877929688,50558300,48.483248937225135,-1.623393859291184,169.48249893188478,173.58299957275392,-0.019733415366237406,2.7993065814593208
2024-04-26,167.6186981201172,169.3000030517578,171.33999633789062,169.17999267578125,169.8800048828125,44838400,47.3241227196412,-1.4683193805331314,169.3734992980957,173.28599975585936,-0.012712810415769993,2.7595949578584813
2024-04-29,171.77700805664062,173.5,176.02999877929688,173.10000610351562,173.3699951171875,68169400,55.483299201430995,-0.9950468057998307,169.54699935913087,173.07879974365235,0.020408170591162955,2.908127389410336
2024-04-30,168.63845825195312,170.3300018310547,174.99000549316406,170.0,173.3300018310547,65934800,49.27902001627677,-0.86578698658505,169.62149963378906,172.83919982910157,0.008824955730170725,2.9081476029311033
2024-05-01,167.6186981201172,169.3000030517578,172.7100067138672,169.11000061035156,169.5800018310547,50383100,47.42342024863097,-0.8368136748754011,169.60400009155273,172.59399993896486,-0.0020630171371542882,2.9090200066067324
2024-05-02,171.3116455078125,173.02999877929688,173.4199981689453,170.88999938964844,172.50999450683594,94214900,54.15572360180152,-0.5070279318818507,169.81449966430665,172.4081997680664,0.024937751880278247,3.000194480753431
2024-05-03,181.55885314941406,183.3800048828125,187.0,182.66000366210938,186.64999389648438,163224100,66.84289708282185,0.5827708201101984,170.50449981689454,172.3883999633789,0.0813775380513686,4.264098040695457
2024-05-06,179.9054412841797,181.7100067138672,184.1999969482422,180.4199981689453,182.35000610351562,78569700,63.77601412831001,1.2967412610985036,171.1675003051758,172.37220001220703,0.07871777979134809,4.909813587114982
2024-05-07,180.58859252929688,182.3999938964844,184.89999389648438,181.32000732421875,183.4499969482422,77305800,64.50073539400347,1.896383846114702,171.80400009155272,172.39699981689452,0.07502797114940418,5.495657998120273
2024-05-08,180.9252166748047,182.7400054931641,183.07000732421875,181.4499969482422,182.85000610351562,45057100,64.87368040984929,2.3717015105079327,172.5520004272461,172.39919982910158,0.08916442259333945,5.9207770531668595
2024-05-09,182.737060546875,184.57000732421875,184.66000366210938,182.11000061035156,182.55999755859375,48983000,66.88985882766549,2.8630565046265417,173.02850112915038,172.46220001220703,0.05444478064225877,6.487874277954522
2024-05-10,181.47793579101562,183.0500030517578,185.08999633789062,182.1300048828125,184.89999389648438,50759500,63.62330008331925,3.0941399169775536,173.3535011291504,172.5082000732422,0.036816765152331676,6.827478402048071
2024-05-13,184.6802215576172,186.27999877929688,187.10000610351562,184.6199951171875,185.44000244140625,72044800,67.2799696235932,3.4975907976035217,174.03300094604492,172.64059997558593,0.07869590680272132,7.40943380266572
2024-05-14,185.82034301757812,187.42999267578125,188.3000030517578,186.2899932861328,187.50999450683594,52393600,68.49428105117443,3.8655636126556203,174.93550033569335,172.88719970703124,0.10656504470794448,7.8961462563157525
2024-05-15,188.09068298339844,189.72000122070312,190.64999389648438,187.3699951171875,187.91000366210938,70400000,70.81688064672872,4.292488139568775,176.02150039672853,173.27919982910157,0.1292857215518044,8.371397943947123
2024-05-16,188.2096405029297,189.83999633789065,191.10000610351562,189.66000366210938,190.47000122070312,52845200,70.93778025356205,4.587628184081865,177.1615005493164,173.69359985351562,0.136494276629324,8.632305053883421
2024-05-17,188.23939514160156,189.8699951171875,190.80999755859375,189.17999267578125,189.50999450683594,41282900,70.9701591858543,4.768975663640532,178.40500030517578,174.11099975585938,0.15072724313446972,8.579335718478442
2024-05-20,189.39932250976562,191.0399932861328,191.9199981689453,189.00999450683594,189.3300018310547,44361300,72.26788520775492,4.9500429085252335,179.66500015258788,174.51719970703124,0.15195367525755654,8.486852856216048
2024-05-21,190.6980743408203,192.3500061035156,192.72999572753906,190.9199981689453,191.08999633789062,42309400,73.68627543232361,5.139996411647502,180.93750076293946,174.90919982910157,0.15248659758978755,8.379440980751234
2024-05-22,189.2605438232422,190.8999938964844,192.82000732421875,190.27000427246094,192.27000427246094,34648500,69.45200745267073,5.114574434197806,182.03150024414063,175.26259979248047,0.12945207118059732,8.167243435584757
2024-05-23,185.27505493164062,186.8800048828125,191.0,186.6300048828125,190.97999572753906,51005900,59.28137630559557,4.7156882976785255,182.88100051879883,175.57759979248047,0.10000591885456966,7.708615758339318
2024-05-24,188.3484344482422,189.97999572753903,190.5800018310547,188.0399932861328,188.82000732421875,36327000,63.69639985721106,4.596723348729313,183.91500015258788,175.91719970703124,0.1221499840697522,7.158364695658796
2024-05-28,188.35838317871094,189.9900054931641,193.0,189.10000610351562,191.50999450683594,52280100,63.710082629349124,4.451931380300692,184.7395004272461,176.2645999145508,0.09504325932659419,6.838124415273413
2024-05-29,188.65576171875,190.2899932861328,192.25,189.50999450683594,189.61000061035156,53068000,64.14622040210959,4.311686768802218,185.7375,176.59599975585937,0.11718423789413124,6.033647858359163
2024-05-30,189.64720153808594,191.2899932861328,192.17999267578125,190.6300048828125,190.75999450683594,49889100,65.62911255889799,4.232444560148991,186.83699951171874,176.90019958496094,0.1298877131600069,4.747044040567283
2024-05-31,190.5989532470703,192.25,192.57000732421875,189.91000366210938,191.44000244140625,75158300,67.03853158056782,4.198708954359972,187.7979995727539,177.17179962158204,0.11107901147949839,3.6153983405300907
2024-06-03,192.3636474609375,194.02999877929688,194.99000549316406,192.52000427246094,192.89999389648438,50080500,69.53316555701952,4.266423593707231,188.33049926757812,177.62499969482423,0.05807609124719004,3.71341109028571
2024-06-04,192.680908203125,194.3500061035156,195.32000732421875,193.02999877929688,194.63999938964844,47471400,69.97314763642748,4.296383811723757,188.96249923706054,178.0663998413086,0.0695613830973667,3.6012722770045573
2024-06-05,194.1878662109375,195.8699951171875,196.89999389648438,194.8699951171875,195.39999389648438,54156800,72.03867351109513,4.392147962978612,189.6359992980957,178.56679962158202,0.07384869337412137,3.5687905558126323
2024-06-06,192.8097686767578,194.47999572753903,196.5,194.1699981689453,195.69000244140625,41181800,67.46802650289433,4.306240745978641,190.22299880981444,179.06219940185548,0.06424422612165293,3.332513330881256
2024-06-07,195.19911193847656,196.88999938964844,196.94000244140625,194.13999938964844,194.64999389648438,53103900,70.9138000757579,4.382111557603025,190.83899841308593,179.53379943847656,0.06674969700677424,3.3710121132055315
2024-06-10,191.46145629882812,193.1199951171875,197.3000030517578,192.14999389648438,196.89999389648438,97010200,60.17614368250204,4.090874826370538,191.3424980163574,179.96659942626954,0.055012247459959696,2.8596557659567248
2024-06-11,205.3709716796875,207.1499938964844,207.16000366210938,193.6300048828125,193.64999389648438,172373300,75.21614937911004,4.935280425874481,192.3859977722168,180.7089993286133,0.11203561978714704,4.339810713559703
2024-06-12,211.24014282226562,213.07000732421875,220.1999969482422,206.89999389648438,207.3699951171875,198134300,78.84641505272933,6.012861035950408,193.66799850463866,181.59359954833985,0.1367978213219585,6.190999114307669
2024-06-13,212.40008544921875,214.2400054931641,216.75,211.60000610351562,214.74000549316406,97862700,79.4859556098983,6.881929903065924,194.8939987182617,182.48539978027344,0.1292431167757404,7.6288931015397194
2024-06-14,210.66513061523438,212.4900054931641,215.1699981689453,211.3000030517578,213.85000610351562,70122700,75.79481038138522,7.344796623420649,196.0264991760254,183.35879974365236,0.11931104926360914,8.473567439131182
2024-06-17,214.8092498779297,216.6699981689453,218.9499969482422,212.72000122070312,213.3699951171875,93728300,78.37764119172583,7.957186812952671,197.3664993286133,184.30059967041015,0.14114922705515887,9.505026531788436
2024-06-18,212.4496612548828,214.2899932861328,218.6300048828125,213.0,217.58999633789062,79943300,73.56435264537967,8.15644156551889,198.52899932861328,185.21739959716797,0.12170226558360997,10.094075651887872
2024-06-20,207.8792266845703,209.67999267578125,214.24000549316406,208.85000610351562,213.92999267578125,86172500,65.21070041040971,7.85185260142714,199.39549865722657,186.0175994873047,0.09009610617292774,10.277889338098289
2024-06-21,205.70809936523438,207.4900054931641,211.88999938964844,207.11000061035156,210.38999938964844,241805100,61.63032391252402,7.349034890190012,200.22499923706056,186.81179962158203,0.08690420181823377,10.225487226111518
2024-06-24,206.35247802734375,208.13999938964844,212.6999969482422,206.58999633789062,207.72000122070312,80727000,62.29207528853812,6.923191069536443,201.28799896240236,187.47379974365234,0.11376281009928002,9.863836597429561
2024-06-25,207.27452087402344,209.07000732421875,211.3800048828125,208.61000061035156,209.14999389648438,55549700,63.2682124408907,6.5848446513315935,202.24249954223632,188.12419982910157,0.10048432480258485,9.632940923400177
2024-06-26,211.41860961914062,213.25,214.86000061035156,210.63999938964844,211.5,66213200,67.35823242245048,6.578164170733885,203.40549926757814,188.93539978027343,0.1224274637313636,9.478695098185167
2024-06-27,212.2613067626953,214.1000061035156,215.74000549316406,212.35000610351562,214.69000244140625,49772700,68.13523994806378,6.565772096805489,204.59599990844725,189.8297998046875,0.1251248812730812,9.236876033535637
2024-06-28,208.81117248535156,210.6199951171875,216.07000732421875,210.3000030517578,215.77000427246094,82542700,61.663474040593805,6.2036318793276735,205.5625,190.68219970703126,0.10105077374403337,8.770866715324022
2024-07-01,214.8885498046875,216.75,217.50999450683594,211.9199981689453,212.08999633789062,60402900,67.51648019537761,6.338210367632627,206.7875,191.67639984130858,0.1274382314694409,8.521054283119676
2024-07-02,218.3782958984375,220.2700042724609,220.3800048828125,215.10000610351562,216.14999389648438,58046200,70.31878254138446,6.652217098237287,208.0995002746582,192.7817999267578,0.13523684821031834,8.473351867280476
2024-07-03,219.64730834960938,221.5500030517578,221.5500030517578,219.02999877929688,220.0,37369800,71.28874544834123,6.924533190384409,209.45950012207032,193.89600006103515,0.1399536716955636,8.332029476548525
2024-07-05,224.39614868164062,226.33999633789065,226.4499969482422,221.64999389648438,221.64999389648438,60412400,74.62996160439424,7.441081921411893,210.98300018310547,195.0848001098633,0.1555623729018485,8.500424281232801
2024-07-08,225.8634796142578,227.82000732421875,227.85000610351562,223.25,227.08999633789062,59085900,75.57573821008887,7.8790502432469225,212.65000076293944,196.26080017089845,0.17143157306208567,8.361707459114953
2024-07-09,226.716064453125,228.67999267578125,229.39999389648438,226.3699951171875,227.92999267578125,48076100,76.13251973096916,8.201000891040081,214.2395004272461,197.4366000366211,0.16146068050525963,8.228633239415764
2024-07-10,230.97914123535156,232.97999572753903,233.0800018310547,229.25,229.3000030517578,62627700,78.74196866845097,8.702802913912393,216.23250045776368,198.71019989013672,0.20640017407914701,7.651038360604352
2024-07-11,225.61561584472656,227.57000732421875,232.38999938964844,225.77000427246094,231.38999938964844,64710600,68.5825651739265,8.565209379272119,217.25350112915038,199.7916000366211,0.09857597890125214,7.737222611319354
2024-07-12,228.5601043701172,230.5399932861328,232.63999938964844,228.67999267578125,228.9199981689453,53046500,70.80920803322496,8.596720910299013,218.1270004272461,200.99579986572266,0.0819917649663886,8.211663380285385
2024-07-15,232.38694763183594,234.3999938964844,237.22999572753906,233.08999633789062,236.47999572753906,62631300,73.44352445140142,8.831361378905939,219.1349998474121,202.29779968261718,0.09410001814046609,8.916505169044804
2024-07-16,232.80335998535156,234.82000732421875,236.27000427246094,232.3300018310547,235.0,43234300,73.72142180412247,8.94805955362915,220.25149993896486,203.53359985351562,0.10508730412627809,9.42423886261595
2024-07-17,226.91436767578125,228.8800048828125,231.4600067138672,226.63999938964844,229.4499969482422,57345900,63.58717180226853,8.463671210253068,220.86200027465821,204.44359985351562,0.05635301064777143,9.574305015571841
2024-07-18,222.25474548339844,224.17999267578125,230.44000244140625,222.27000427246094,230.27999877929688,66034600,56.91974986157335,7.612782831146745,221.35650024414062,205.2929995727539,0.04615240888286709,9.47185917228722
2024-07-19,222.38363647460938,224.30999755859372,226.8000030517578,223.27999877929688,224.82000732421875,49151500,57.053889653406586,6.869747791659364,222.08800048828124,206.1311996459961,0.0697730131335621,9.07943504114814
2024-07-22,222.03663635253906,223.9600067138672,227.77999877929688,223.08999633789062,227.00999450683594,48201800,56.54345114934865,6.181390610240527,222.9115005493164,206.95559967041015,0.07937732317061275,8.407786413365816
2024-07-23,223.07760620117188,225.00999450683597,226.94000244140625,222.67999267578125,224.3699951171875,39960300,57.76426780656072,5.655395940360137,223.75500030517577,207.7643994140625,0.08105119230641522,7.660916424154618
2024-07-24,216.66314697265625,218.5399932861328,224.8000030517578,217.1300048828125,224.0,61777600,48.68774207517766,4.662717444182817,224.22849960327147,208.47419921875,0.04529576519901446,6.9667118890353965
2024-07-25,215.62217712402344,217.4900054931641,220.85000610351562,214.6199951171875,218.92999267578125,51391200,47.38643737085881,3.748081790540027,224.44049987792968,209.09839935302733,0.019882792465013344,6.67338540833554
2024-07-26,216.08815002441406,217.9600067138672,219.49000549316406,216.00999450683594,218.6999969482422,41601300,48.05570016374343,3.0262666972800787,224.63349990844728,209.70899963378906,0.018028960767452418,6.409176740263231
2024-07-29,216.36575317382812,218.2400054931641,219.3000030517578,215.75,216.9600067138672,36311800,48.47618354040623,2.448590766752176,225.0145004272461,210.27939971923828,0.03617895049203135,5.7219273973382085
2024-07-30,216.92092895507812,218.8000030517578,220.3300018310547,216.1199951171875,219.19000244140625,41643800,49.35911481788743,2.0127636661210033,225.11700057983398,210.8585998535156,0.00945791488700265,5.582757733745316
2024-07-31,220.17276000976562,222.0800018310547,223.82000732421875,220.6300048828125,221.44000244140625,50036300,54.29899956403675,1.910018533591824,225.20750045776367,211.50279998779297,0.008217176753467115,5.514300442335369
2024-08-01,216.48471069335938,218.3600006103516,224.47999572753906,217.02000427246094,224.3699951171875,62501000,48.51836198246931,1.5110013832795914,225.04800033569336,212.04920013427736,-0.014398566452111461,5.669608912090312
2024-08-02,217.97183227539062,219.8600006103516,225.60000610351562,217.7100067138672,219.14999389648438,105568600,50.793157041658574,1.3008198394933288,224.7240005493164,212.59940002441405,-0.02862947703624341,5.776045858152064
2024-08-05,207.47279357910156,209.2700042724609,213.5,196.0,199.08999633789062,119548600,38.020153780689924,0.2765374994359604,223.7965003967285,212.9668002319336,-0.08142394195150149,6.6725163787453186
2024-08-06,205.45028686523438,207.22999572753903,209.99000549316406,201.07000732421875,205.3000030517578,69660500,36.13504145455421,-0.691850058317101,222.7240005493164,213.37380004882812,-0.09379918504131524,7.516726902920254
2024-08-07,208.01805114746094,209.82000732421875,213.63999938964844,206.38999938964844,206.89999389648438,63516400,40.18969530783499,-1.2360633159860583,221.56600112915038,213.77060028076173,-0.09940762652603441,7.636583812716344
2024-08-08,211.47808837890625,213.30999755859372,214.1999969482422,208.8300018310547,213.11000061035156,47161100,45.23514923476109,-1.369951253400643,220.85300064086914,214.2370001220703,-0.06266207895010001,7.71183964974785
2024-08-09,214.3829345703125,216.2400054931641,216.77999877929688,211.97000122070312,212.10000610351562,42201600,49.116064755858,-1.2255044032793592,220.13800125122071,214.75600036621094,-0.062028230282892394,7.423980915585076
2024-08-12,215.91146850585938,217.52999877929688,219.50999450683594,215.60000610351562,216.07000732421875,38028100,50.77017300368221,-0.9954624847375158,219.29450149536132,215.2808004760742,-0.07197097080402504,6.6346846432087965
2024-08-13,219.6236572265625,221.2700042724609,221.88999938964844,219.00999450683594,219.00999450683594,44155300,55.30643099224381,-0.5055378940066362,218.61700134277345,215.86120056152345,-0.05770378429913425,5.572691482517343
2024-08-14,220.07028198242188,221.72000122070312,223.02999877929688,219.6999969482422,220.57000732421875,41960600,55.833760257162865,-0.08003553338610914,218.25900115966797,216.41500061035157,-0.031282783595602104,5.087544132924414
2024-08-15,223.04795837402344,224.72000122070312,225.35000610351562,222.75999450683594,224.60000610351562,46414000,59.28289454575595,0.49356358713868076,218.28600158691407,217.0224005126953,0.0024088168550475686,5.121938374739741
2024-08-16,224.3680877685547,226.0500030517578,226.8300018310547,223.64999389648438,223.9199981689453,44340200,60.746466576896644,1.0434369633930487,218.37300186157228,217.62600067138672,0.007757146413902349,5.242993379145308
2024-08-19,224.20924377441406,225.88999938964844,225.99000549316406,223.0399932861328,225.72000122070312,40687800,60.464885925128534,1.4495945932429493,218.46950149536133,218.25420074462892,0.008617577325968906,5.367519259066643
2024-08-20,224.82464599609375,226.50999450683597,227.1699981689453,225.4499969482422,225.77000427246094,30299000,61.21510387470572,1.8007479639466624,218.54450149536132,218.84660064697266,0.006666370546284384,5.473159272240821
2024-08-21,224.71546936035156,226.3999938964844,227.97999572753906,225.0500030517578,226.52000427246094,34765500,60.993956002177725,2.046571804396507,218.9375015258789,219.5122006225586,0.03596595978686867,5.748106031451651
2024-08-22,222.859375,224.52999877929688,228.33999633789062,223.89999389648438,227.7899932861328,43695300,57.210162579592385,2.0666726751226463,219.28950119018555,219.85980072021485,0.032369272648503644,5.869082424109018
2024-08-23,225.15219116210938,226.83999633789065,228.22000122070312,224.3300018310547,225.66000366210938,38677300,60.472269748422534,2.2431427047232546,219.7335006713867,220.13520050048828,0.040741371584195774,6.094761133204282
2024-08-26,225.4896697998047,227.17999267578125,227.27999877929688,223.88999938964844,226.75999450683594,30602200,60.944213647637966,2.382962034587109,220.18050003051758,220.3940002441406,0.0409640164845817,6.303715274295721
2024-08-27,226.33334350585938,228.02999877929688,228.85000610351562,224.88999938964844,226.0,35934600,62.160582877654626,2.5331575857912583,220.64199981689453,220.70480010986327,0.04218462339488949,6.531095324315375
2024-08-28,224.80479431152344,226.4900054931641,229.86000061035156,225.67999267578125,227.9199981689453,38052200,58.599706113898286,2.4991158029600626,220.8625,220.90120025634766,0.01985772526003604,6.65546008751084
2024-08-29,228.0802459716797,229.7899932861328,232.9199981689453,228.8800048828125,230.10000610351562,51906300,63.43365060940769,2.7072118277825723,221.43399963378906,221.21120025634767,0.05234471809778585,6.914946538983015
2024-08-30,227.29612731933594,229.0,230.39999389648438,227.47999572753906,230.19000244140625,52990800,61.57997600067888,2.7763791995869838,221.8909996032715,221.59760040283203,0.041571906505389444,7.104865405875214
2024-09-03,221.11248779296875,222.7700042724609,229.0,221.1699981689453,228.5500030517578,50190600,49.3359030359321,2.3019507952472793,222.56599960327148,221.90320037841798,0.06450996188839153,6.454185758684645
2024-09-04,219.20677185058594,220.8500061035156,221.77999877929688,217.47999572753906,221.66000366210938,43840200,46.281729415991265,1.7508523248630183,223.24700012207032,222.15740051269532,0.06572412612450096,5.380032024103331
2024-09-05,220.72537231445312,222.3800048828125,225.47999572753906,221.52000427246094,221.6300048828125,36615400,48.991592554564896,1.421178470632782,223.875,222.4236004638672,0.05986081936974563,4.368126270857184
2024-09-06,219.17701721191406,220.82000732421875,225.24000549316406,219.77000427246094,223.9499969482422,48423000,46.42030390868831,1.0222469736627886,224.25050048828126,222.57500061035157,0.035207021947305295,3.6808444867209786
2024-09-09,219.2663116455078,220.91000366210935,221.27000427246094,216.7100067138672,220.82000732421875,67180000,46.59444501923586,0.7052234634050762,224.4840003967285,222.71120056152344,0.02159636538250509,3.271279738372361
2024-09-10,218.47225952148438,220.1100006103516,221.47999572753906,216.72999572753906,218.9199981689453,51591000,45.18846188055338,0.38498857843723044,224.61300048828124,222.90100067138673,0.011860441527756116,3.024157704139276
2024-09-11,221.0032958984375,222.66000366210935,223.08999633789062,217.88999938964844,221.4600067138672,44587100,50.3330133944625,0.33312401367743405,224.68250045776367,223.0192007446289,0.006281915139012106,2.958547248045902
2024-09-12,221.11248779296875,222.7700042724609,223.5500030517578,219.82000732421875,222.5,37455600,50.5486353051771,0.2974680755753809,224.73500061035156,223.06920074462892,0.004735716426018666,2.912162780733109
2024-09-13,220.84449768066406,222.5,224.0399932861328,221.91000366210938,223.5800018310547,36766600,49.97512765446836,0.24460375959455405,224.6240005493164,223.08820068359375,-0.009878965862601619,2.9547618271087788
2024-09-16,214.7104949951172,216.32000732421875,217.22000122070312,213.9199981689453,216.5399932861328,59357400,39.053413853776874,-0.2925925277415331,224.13750076293945,222.8878009033203,-0.04304355494881906,3.464640264963022
2024-09-17,215.1769561767578,216.7899932861328,216.89999389648438,214.5,215.75,45519300,40.1250895110075,-0.6726466644163622,223.68250045776367,222.6672006225586,-0.040285121643736876,3.8033573830262055
2024-09-18,219.0479278564453,220.69000244140625,222.7100067138672,217.5399932861328,217.5500030517578,59894900,48.256003620932525,-0.6516325464113777,223.3915008544922,222.5074008178711,-0.02569419542877638,3.7982802665061164
2024-09-19,227.16709899902344,228.8699951171875,229.82000732421875,224.6300048828125,224.99000549316406,66781300,60.40214065566552,0.024792546348919586,223.51500091552734,222.42520080566408,0.01090989967885081,3.9388052581890682
2024-09-20,226.5020751953125,228.1999969482422,233.08999633789062,227.6199951171875,229.97000122070312,318679900,59.1768601844241,0.5010255423410115,223.6985008239746,222.43780059814452,0.016345246465496732,4.071822773078864
2024-09-23,224.78494262695312,226.47000122070312,229.4499969482422,225.80999755859375,227.33999633789062,54146000,56.01706019981082,0.7304275120201282,223.68000106811525,222.35640075683594,-0.0016310841260832598,4.057614341727651
2024-09-24,225.6782684326172,227.3699951171875,229.35000610351562,225.72999572753906,228.64999389648438,43556100,57.29458642213497,0.9736288245991886,223.68950119018555,222.21580078125,0.0008363520007566017,4.066452990530881
2024-09-25,224.68569946289062,226.3699951171875,227.2899932861328,224.02000427246094,224.92999267578125,42308700,55.3701379215184,1.0733035985616937,223.60650100708008,222.04680053710936,-0.007279759992087853,3.9894077275986812
2024-09-26,225.82713317871094,227.5200042724609,228.5,225.41000366210938,227.3000030517578,36636700,57.152532466429726,1.2309036122172188,223.65800094604492,222.01960052490233,0.004547656648486775,4.034978452535362
2024-09-27,226.0950927734375,227.7899932861328,229.52000427246094,227.3000030517578,228.4600067138672,34026000,57.58085379451247,1.3618895999358074,223.55800094604493,222.09180053710938,-0.008703599192457445,3.897448570105422
2024-09-30,231.26637268066406,233.0,233.0,229.64999389648438,230.0399932861328,54541900,64.87727114038174,1.8646069110786527,223.75800094604492,222.2656005859375,0.017467248908296984,4.275683966260196
2024-10-01,224.52688598632812,226.2100067138672,229.64999389648438,223.74000549316406,229.52000427246094,63285000,52.26076151965029,1.695572782612146,223.93000106811525,222.3106005859375,0.015441946291830932,4.302951913487501
2024-10-02,225.09262084960938,226.77999877929688,227.3699951171875,223.02000427246094,225.88999938964844,32880600,53.08554037001569,1.589285322137215,224.22650070190429,222.34600067138672,0.02685076980709611,4.283815229816597
2024-10-03,223.99090576171875,225.6699981689453,226.80999755859375,223.32000732421875,225.13999938964844,34044200,51.2293605173367,1.3993530998893107,224.39100036621093,222.48860076904296,0.014794465392095502,4.272330319855965
2024-10-04,225.11251831054688,226.8000030517578,228.0,224.1300048828125,227.89999389648438,37245100,53.02991770233647,1.3247415990375089,224.69000015258788,222.67480072021485,0.027080860108653848,4.218172503180613
2024-10-07,220.04049682617188,221.69000244140625,225.69000244140625,221.3300018310547,224.5,39505400,44.94847740230837,0.8435531482676311,224.72900009155273,222.74940063476564,0.003530844082959339,4.184858665534406
2024-10-08,224.0901641845703,225.7700042724609,225.97999572753906,223.25,224.3000030517578,31855700,51.32647958962794,0.78241074004751,225.0120002746582,222.90000061035155,0.02571443208584112,4.045104581199884
2024-10-09,227.83209228515625,229.5399932861328,229.75,224.8300018310547,225.22999572753906,33591100,56.35784569012149,1.0263306464922266,225.3559997558594,223.11480041503907,0.03089908160813648,4.126287168675994
2024-10-10,227.33580017089844,229.0399932861328,229.5,227.1699981689453,227.77999877929688,28183500,55.537877430459524,1.165853870669821,225.66949920654298,223.25400024414063,0.028145571187417673,4.157538921225403
2024-10-11,225.85690307617188,227.5500030517578,229.41000366210938,227.33999633789062,229.3000030517578,31759200,53.060391433791025,1.1430212342129664,225.92199935913087,223.43780029296875,0.022696642929248556,4.1079698577984125
2024-10-14,229.5790252685547,231.3000030517578,231.72999572753906,228.60000610351562,228.6999969482422,39882100,58.1235790102014,1.4112518326104748,226.6709991455078,223.66660034179688,0.0692492382597194,3.599251163188419
2024-10-15,232.11004638671875,233.8500061035156,237.49000549316406,232.3699951171875,233.61000061035156,64751400,61.189283760360276,1.8087404157389528,227.52399978637695,224.15820037841797,0.07869372824264054,3.124514547743814
2024-10-16,230.05543518066406,231.77999877929688,232.1199951171875,229.83999633789062,231.60000610351562,34082200,57.50875193449746,1.9344218790416505,228.0784996032715,224.64920043945312,0.05025146683223691,2.8167715637076505
2024-10-17,230.4226837158203,232.1499938964844,233.85000610351562,230.52000427246094,233.42999267578125,32993800,57.995096417806636,2.0403608481964284,228.24249954223632,225.09580017089843,0.014331274737946487,2.9572615340230297
2024-10-18,233.25149536132812,235.0,236.17999267578125,234.00999450683594,236.17999267578125,46431500,61.637483334128355,2.3274604038181224,228.5824996948242,225.52960021972658,0.02979843620813072,3.320688924420502
2024-10-21,234.72044372558594,236.47999572753903,236.85000610351562,234.4499969482422,234.4499969482422,36254500,63.41178189137183,2.64393452504828,229.082999420166,225.93440002441406,0.04420009031165595,3.716324712491603
2024-10-22,234.10508728027344,235.8600006103516,236.22000122070312,232.60000610351562,233.88999938964844,38846600,62.11569695623888,2.8122957272045426,229.50749969482422,226.30100006103515,0.03734004343356001,3.9854978539363164
2024-10-23,229.0430145263672,230.75999450683597,235.13999938964844,227.75999450683594,234.0800018310547,52287000,52.593026063115566,2.5053156040869453,229.72699966430665,226.49079986572266,0.019393026833683713,3.9240209860365796
2024-10-24,228.85443115234375,230.57000732421875,230.82000732421875,228.41000366210938,229.97999572753906,31109500,52.27154084781915,2.2210978337537313,229.87949981689454,226.66779998779296,0.013405428069988012,3.8928786575280294
2024-10-25,229.68820190429688,231.41000366210935,233.22000122070312,229.57000732421875,229.74000549316406,38802300,53.62139939060441,2.040116692113486,230.06050033569335,226.8016000366211,0.01589187621349697,3.874727571574801
2024-10-28,231.6633758544922,233.3999938964844,234.72999572753906,232.5500030517578,233.32000732421875,36087100,56.742652356749694,2.033818817022251,230.08050003051758,226.94859985351562,0.0017167120020789017,3.891693722294362
2024-10-29,231.93136596679688,233.6699981689453,234.3300018310547,232.32000732421875,233.10000610351562,35417200,57.16388861017953,2.027245964346264,230.4534996032715,227.10419982910156,0.032978167338610476,3.8585620806938787
2024-10-30,228.387939453125,230.1000061035156,233.47000122070312,229.5500030517578,232.61000061035156,47070900,50.2028291324438,1.7142080835049285,230.61949996948243,227.17600006103515,0.014639771329436169,3.7624232966462805
2024-10-31,224.22911071777344,225.91000366210935,229.8300018310547,225.3699951171875,229.33999633789062,64370100,43.506464671890384,1.1151701406993482,230.63150024414062,227.16620025634765,0.0010635241508016868,3.746153532299142
2024-11-01,221.25144958496094,222.91000366210935,225.35000610351562,220.27000427246094,220.97000122070312,65276700,39.44913719705226,0.3938136881798471,230.4370002746582,227.1338003540039,-0.01715167256307637,4.044646841860709
2024-11-04,220.35812377929688,222.00999450683597,222.7899932861328,219.7100067138672,220.99000549316406,44944500,38.29530628173747,-0.24763513103164314,230.4529998779297,227.03720031738283,0.001443421272523615,4.008697969494782
2024-11-05,221.7874298095703,223.4499969482422,223.9499969482422,221.13999938964844,221.8000030517578,28111300,41.255842160197645,-0.6325007048198188,230.33699951171874,226.96260040283204,-0.010275976791934371,4.181198577184551
2024-11-06,221.06285095214844,222.72000122070312,226.07000732421875,221.19000244140625,222.61000061035156,54561100,40.20278950153377,-0.9850588539468106,229.99599990844726,226.85640045166016,-0.029711563409031916,4.51444371317012
2024-11-07,225.78741455078125,227.47999572753903,227.8800048828125,224.57000732421875,224.6300048828125,42137700,49.291747436274235,-0.8703392226155415,229.9180000305176,226.87620025634766,-0.006811026913736029,4.545202719730945
2024-11-08,225.51914978027344,226.9600067138672,228.66000366210938,226.41000366210938,227.1699981689453,38328800,48.42581794011263,-0.8120213789581499,229.88850021362305,226.81960052490234,-0.00259282061075794,4.563259439269371
2024-11-11,222.8064727783203,224.22999572753903,225.6999969482422,221.5,225.0,42005600,44.05045918287425,-0.9748556099996506,229.5349998474121,226.7242004394531,-0.0305663952915588,4.7193358144992406
2024-11-12,222.8064727783203,224.22999572753903,225.58999633789062,223.36000061035156,224.5500030517578,40398300,44.05045918287425,-1.0913228211005617,229.0539993286133,226.75340026855469,-0.041137524587953944,4.746561302726421
2024-11-13,223.6908416748047,225.1199951171875,226.64999389648438,222.75999450683594,224.00999450683594,48566200,45.898619873156214,-1.0991382309529456,228.72099914550782,226.83880004882812,-0.028734160398590225,4.778760979593849
2024-11-14,226.77114868164062,228.22000122070312,228.8699951171875,225.0,225.02000427246094,44923900,51.86317635029462,-0.8454416893208929,228.52449951171874,226.95559997558593,-0.016928678781416018,4.710656034871408
2024-11-15,223.5715789794922,225.0,226.9199981689453,224.27000427246094,226.39999389648438,47923700,46.16937889463263,-0.8939081237186031,228.02449951171874,227.03919982910156,-0.04255319148936165,4.513752759668702
2024-11-18,226.57241821289062,228.0200042724609,229.74000549316406,225.1699981689453,225.25,44633700,51.542650153121606,-0.6807813924809807,227.60149993896485,227.1813998413086,-0.035774660047039775,4.052493363177464
2024-11-19,226.83074951171875,228.27999877929688,230.16000366210938,226.66000366210938,226.97999572753906,36211800,51.98698426767606,-0.4853032646984161,227.2224998474121,227.3447998046875,-0.032137716490457935,3.56456281118259
2024-11-20,227.54620361328125,229.0,229.92999267578125,225.88999938964844,228.05999755859375,35169600,53.26502804403527,-0.26918436903264364,227.1345001220703,227.4715997314453,-0.007626948122430366,3.493654488055127
2024-11-21,227.0692596435547,228.5200042724609,230.16000366210938,225.7100067138672,228.8800048828125,42108300,52.266186988689235,-0.1350830772573488,227.03199996948243,227.58659973144532,-0.008891022191256703,3.416782099126952
2024-11-22,228.41067504882812,229.8699951171875,230.72000122070312,228.05999755859375,228.05999755859375,38168300,54.83165463044426,0.07921302302636946,226.95499954223632,227.73399963378907,-0.0066548918393799505,3.3291560267241063
2024-11-25,231.39163208007812,232.8699951171875,233.25,229.74000549316406,231.4600067138672,90152800,59.97921167051378,0.48552235489506756,226.9284996032715,228.06499938964845,-0.0022707746064979384,3.276852570807087
2024-11-26,233.56771850585938,235.05999755859372,235.57000732421875,233.3300018310547,233.3300018310547,45986200,63.26997213941714,0.9730239081818866,226.9979995727539,228.43039947509766,0.005948557369540586,3.4381324782087304
2024-11-27,233.4385528564453,234.92999267578125,235.69000244140625,233.80999755859375,234.47000122070312,33498400,62.93912219761926,1.3335102181602565,227.2394989013672,228.71519927978517,0.02099081462037322,3.8163221160233394
2024-11-29,235.8233184814453,237.3300018310547,237.80999755859375,233.97000122070312,234.80999755859375,28481400,66.42918485267982,1.7921995364482086,227.81049880981445,228.8843994140625,0.050551095497417986,4.41440136756721
2024-12-02,238.06895446777344,239.58999633789065,240.7899932861328,237.16000366210938,237.27000427246094,48137100,69.35567305592012,2.3114320452083064,228.6444984436035,229.11219940185546,0.07482837199655301,4.979338630695837
2024-12-03,241.1095428466797,242.6499938964844,242.75999450683594,238.89999389648438,239.80999755859375,38861000,72.81161672148149,2.9359994052334173,229.67649841308594,229.43579925537108,0.09296878474096304,5.628495323081654
2024-12-04,241.4672393798828,243.00999450683597,244.11000061035156,241.25,242.8699951171875,44383900,73.19462250805336,3.4205921216887702,230.6544982910156,229.74859924316405,0.0875363518717096,6.16357020088199
2024-12-05,241.49703979492188,243.0399932861328,244.5399932861328,242.1300048828125,243.99000549316406,40033900,73.22846639467389,3.763670738095527,231.6704978942871,230.08199920654297,0.09123559605809128,6.454706538402855
2024-12-06,241.29832458496094,242.83999633789065,244.6300048828125,242.0800018310547,242.91000366210938,36870600,72.57062133947468,3.9736195187470855,232.4384979248047,230.38839904785155,0.06752242350465343,6.832593711013099
2024-12-09,245.18350219726562,246.75,247.24000549316406,241.75,241.8300018310547,44649200,76.9334216158168,4.404735014881737,233.42799758911133,230.76759918212892,0.08719594950965281,7.4063466154034465
2024-12-10,246.19703674316406,247.7700042724609,248.2100067138672,245.33999633789062,246.88999938964844,36914800,77.92005728995143,4.773675017748957,234.60499801635743,231.06299926757814,0.10498153232596619,7.731033671295702
2024-12-11,244.92515563964844,246.4900054931641,250.8000030517578,246.25999450683594,247.9600067138672,45205800,73.66201955129264,4.90622155591754,235.71799850463867,231.46859924316405,0.09927311327550092,7.761056898318846
2024-12-12,246.38583374023438,247.9600067138672,248.74000549316406,245.67999267578125,246.88999938964844,32777500,75.3293930716551,5.071422256636595,236.85999908447266,231.89219940185546,0.10145705442464226,7.79983758976482
2024-12-13,246.5547332763672,248.1300048828125,249.2899932861328,246.24000549316406,247.82000732421875,33155300,75.52238130300933,5.156620126726807,237.85549926757812,232.34139953613283,0.0872403976672278,7.908872158015597
2024-12-16,249.44625854492188,251.0399932861328,251.3800048828125,247.64999389648438,247.99000549316406,51694800,78.60732836132793,5.396741520062591,239.15749893188476,232.82619934082032,0.11573330349392363,7.824112110427878
2024-12-17,251.8707733154297,253.47999572753903,253.8300018310547,249.77999877929688,250.0800018310547,51356400,80.79316653807618,5.718013558371638,240.43049850463868,233.46199920654297,0.11165683263761372,7.986163840775584
2024-12-18,246.47525024414062,248.0500030517578,254.27999877929688,247.74000549316406,252.16000366210938,56774100,64.90056115470438,5.471398063726667,241.41899871826172,233.9075991821289,0.08660418949614046,7.61811206569367
2024-12-19,248.20420837402344,249.7899932861328,252.0,247.08999633789062,247.5,60882300,67.13171618936876,5.354631320935312,242.45849838256837,234.3125991821289,0.09078599688267608,7.243537327610088
2024-12-20,252.87437438964844,254.4900054931641,255.0,245.69000244140625,248.0399932861328,147495300,72.26100503130063,5.577055714797183,243.75699844360352,234.82159942626953,0.11364432318905249,6.934510662498341
2024-12-23,253.64944458007812,255.2700042724609,255.64999389648438,253.4499969482422,254.77000427246094,40858800,73.01367315571285,5.749985775404383,245.0269989013672,235.3759994506836,0.11049727974425072,6.573886709873409
2024-12-24,256.560791015625,258.20001220703125,258.2099914550781,255.2899932861328,255.49000549316406,23234700,75.68289255598583,6.053678213391095,246.2934997558594,235.91399963378908,0.10877321089433134,6.548438115366003
2024-12-26,257.3755798339844,259.0199890136719,260.1000061035156,257.6300048828125,258.19000244140625,27237100,76.38679565533403,6.288037353501409,247.4914993286133,236.41739929199218,0.10193138647125877,6.576780091038149
2024-12-27,253.96739196777344,255.58999633789065,258.70001220703125,253.05999755859375,257.8299865722656,42355300,67.57501959271548,6.126375869724939,248.52449951171874,236.89359924316406,0.08794110716472692,6.105558760609418
2024-12-30,250.5989227294922,252.1999969482422,253.5,250.75,252.22999572753906,35557500,60.18531908420924,5.6594744610993075,249.26799926757812,237.2945993041992,0.06265535331589822,5.550797823879199
2024-12-31,248.83021545410156,250.4199981689453,253.27999877929688,249.42999267578125,252.44000244140625,39480700,56.680397450696596,5.087178874100005,249.80949935913085,237.60299926757813,0.04520222879331426,5.063879763521916
2025-01-02,242.30194091796875,243.8500061035156,249.10000610351562,241.82000732421875,248.92999267578125,55740700,46.026161198863825,4.056723661127847,249.86949996948243,237.75039947509765,0.004945445032828344,4.981015151542039
2025-01-03,241.81503295898438,243.3600006103516,244.17999267578125,241.88999938964844,243.36000061035156,40244100,45.34160809848976,3.164067729445634,249.8870002746582,237.90039947509766,0.0014402950966108108,4.9561995646004
2025-01-06,243.44461059570312,245.0,247.3300018310547,243.1999969482422,244.30999755859375,45045600,48.1226503625797,2.5594618342312856,249.98500061035156,238.18519958496094,0.008064543976347371,4.831495104908988
2025-01-07,240.67233276367188,242.2100067138672,245.5500030517578,241.35000610351562,242.97999572753906,40856000,44.01930496607496,1.8340365335686215,249.9535011291504,238.4179995727539,-0.0025942580856692654,4.8823158531959265
2025-01-08,241.1592254638672,242.6999969482422,243.7100067138672,240.0500030517578,241.9199981689453,37628900,44.90778509557819,1.283870216605692,249.7510009765625,238.64379943847655,-0.016413386227995153,5.10125851808842
2025-01-10,235.34637451171875,236.8500061035156,240.16000366210938,233.0,240.00999450683594,61710900,37.296908014547334,0.37153129443024113,249.20500106811522,238.71279968261717,-0.04407312419035647,5.853397275677499
2025-01-13,232.9119110107422,234.3999938964844,234.6699981689453,229.72000122070312,233.52999877929688,49630700,34.64844129756294,-0.5429407015037953,248.60050048828126,238.72739959716796,-0.0490486889011611,6.710131973880292
2025-01-14,231.7990264892578,233.27999877929688,236.1199951171875,232.47000122070312,234.75,39435300,33.4780934210047,-1.3425643463957897,247.86650009155272,238.7909994506836,-0.05920312767014191,7.53596276014277
2025-01-15,236.35986328125,237.8699951171875,238.9600067138672,234.42999267578125,234.63999938964844,39832000,42.10842579451355,-1.5875966754521755,247.35349960327147,239.03019927978517,-0.04134933125266582,7.859359980072304
2025-01-16,226.81089782714844,228.25999450683597,238.00999450683594,228.02999877929688,237.35000610351562,71759100,32.57849730637865,-2.5280910369294816,246.21449966430663,239.1371990966797,-0.09074250871785372,8.88122363133386
2025-01-17,228.51998901367188,229.97999572753903,232.2899932861328,228.47999572753906,232.1199951171875,68488300,35.39665732224785,-3.098927364789432,245.03949966430665,239.29659912109375,-0.09270948554559588,9.408299011856775
2025-01-21,221.2265625,222.63999938964844,224.4199981689453,219.3800048828125,224.0,98070400,29.69278356166012,-4.0963751658244405,243.76899948120118,239.28039916992188,-0.10243903789353048,10.618248401583202
2025-01-22,222.4090118408203,223.8300018310547,224.1199951171875,219.7899932861328,219.7899932861328,64126500,31.616735313492242,-4.736240055459604,242.47099990844725,239.30259918212892,-0.10392726751604142,11.401320298227976
2025-01-23,222.24009704589844,223.66000366210935,227.02999877929688,222.3000030517578,224.74000549316406,60234800,31.48418893769876,-5.197145563033104,240.92949981689452,239.2261993408203,-0.12114425386297878,11.769015118213659
2025-01-24,221.3656768798828,222.77999877929688,225.6300048828125,221.41000366210938,224.77999877929688,54697900,30.765177529677374,-5.569226956336024,239.30499954223632,239.14259918212892,-0.12727702021145426,11.926659472371941
2025-01-27,228.40072631835938,229.8600006103516,232.14999389648438,223.97999572753906,224.02000427246094,94863400,42.20164108088102,-5.232490272756053,237.88799896240235,239.25519927978516,-0.10975991578945365,11.22658406495854
2025-01-28,236.7473907470703,238.25999450683597,240.19000244140625,230.80999755859375,230.85000610351562,75707600,52.27440782165951,-4.238950733790034,236.84999923706056,239.5357992553711,-0.0801482332922967,10.070060142364667
2025-01-29,237.84042358398438,239.3600006103516,239.86000061035156,234.00999450683594,234.1199951171875,45486100,53.41923696243961,-3.324479659575644,236.0384994506836,239.8205993652344,-0.06350012113182613,9.086305750486071
2025-01-30,236.08163452148438,237.58999633789065,240.7899932861328,237.2100067138672,238.6699981689453,55658300,51.287353115317565,-2.7113248321729486,235.30799942016603,240.00799926757813,-0.057930217236877635,8.26915201841894
2025-01-31,234.50177001953125,236.0,247.19000244140625,233.44000244140625,247.19000244140625,100959800,49.38087792365253,-2.326871899399407,234.58699951171874,240.22799926757813,-0.05758325323210367,7.472434142374982
2025-02-03,226.56246948242188,228.00999450683597,231.8300018310547,225.6999969482422,229.99000549316406,73063300,41.11075504333324,-2.6365246335825248,233.79499893188478,240.2277990722656,-0.06495801189340744,7.275830839068061
2025-02-04,231.32208251953125,232.8000030517578,233.1300048828125,226.64999389648438,227.25,45067300,46.856868433341816,-2.466975243577423,233.2669990539551,240.31819915771484,-0.043392494790060354,6.919619915963112
2025-02-05,230.99417114257812,232.47000122070312,232.6699981689453,228.27000427246094,228.52999877929688,39620300,46.520090597032606,-2.33234865680771,232.64049911499023,240.3875991821289,-0.05114285216039538,6.344759572908815
2025-02-06,231.7394256591797,233.22000122070312,233.8000030517578,230.42999267578125,231.2899932861328,29925300,47.44461224346649,-2.1404634545601198,232.19099884033204,240.48159912109375,-0.03711657340311436,5.936430097686111
2025-02-07,226.1848907470703,227.6300048828125,234.0,227.25999450683594,232.60000610351562,39707200,41.66343321006526,-2.4116589332627143,231.43749923706054,240.43679931640625,-0.06209308716490625,5.47045286009272
2025-02-10,226.45347595214844,227.6499938964844,230.58999633789062,227.1999969482422,229.57000732421875,33115600,41.6907941598393,-2.5950561655344018,230.97749862670898,240.33239929199217,-0.03884320021089771,5.377385347283654
2025-02-11,231.3973388671875,232.6199951171875,235.22999572753906,228.1300048828125,228.1999969482422,53718400,48.19656383588389,-2.3127028322947467,230.88849868774415,240.28359924316408,-0.00759385164524784,5.332300241069681
2025-02-12,235.625,236.8699951171875,236.9600067138672,230.67999267578125,231.1999969482422,45243300,53.02337680292602,-1.726098906454041,231.06799850463867,240.32239929199218,0.015389216206602718,5.475542340451976
2025-02-13,240.26051330566406,241.52999877929688,242.33999633789062,235.57000732421875,236.91000366210938,53614100,57.679598918275445,-0.8751001093854711,231.25099868774413,240.40639923095702,0.015386571392941972,5.768180525904481
2025-02-14,243.31439208984375,244.6000061035156,245.5500030517578,240.99000549316406,241.25,40896200,60.46011333398078,0.046510359872456775,232.06799926757813,240.50659942626953,0.0715850871370729,6.440277531761648
2025-02-18,243.18507385253906,244.47000122070312,245.17999267578125,241.83999633789062,244.14999389648438,48822500,60.279499940344486,0.757669051860205,232.79249954223633,240.5429995727539,0.06300550379316738,6.985014786325964
2025-02-19,243.58297729492188,244.8699951171875,246.00999450683594,243.16000366210938,244.66000366210938,32204200,60.668810745888194,1.3381186051101963,233.90399932861328,240.58019958496095,0.0998472681839786,7.052816549178592
2025-02-20,244.53793334960938,245.8300018310547,246.77999877929688,244.2899932861328,244.94000244140625,32316900,61.64057174547771,1.854219290898186,235.00399932861328,240.6359997558594,0.09828887914947804,7.1142788751636
2025-02-21,244.25938415527344,245.5500030517578,248.69000244140625,245.22000122070312,245.9499969482422,53197400,61.16589465651624,2.2151048909203723,236.0984992980957,240.6901998901367,0.0978717653189276,6.959354429911088
2025-02-24,245.80123901367188,247.1000061035156,248.86000061035156,244.4199981689453,244.92999267578125,51326400,62.870454840412144,2.5962536256544126,237.31449966430665,240.69720001220702,0.10916602683130461,6.626490798101955
2025-02-25,245.74154663085938,247.0399932861328,250.0,244.91000366210938,248.0,48013300,62.75560043167543,2.860500146060474,238.1734992980957,240.68259979248046,0.07474111472271328,6.722136597505841
2025-02-26,239.09666442871094,240.3600006103516,244.97999572753906,239.1300048828125,244.3300018310547,44433600,51.481776523367614,2.502055694794194,238.27849960327148,240.55999969482423,0.008813926600906408,6.739936332514535
2025-02-27,236.05274963378906,237.3000030517578,242.4600067138672,237.05999755859375,239.41000366210938,41153600,47.29071163984603,1.9486073229479643,238.1754997253418,240.34679962158202,-0.008606273200789327,6.738279200666578
2025-02-28,240.56887817382812,241.83999633789065,242.08999633789062,230.1999969482422,236.9499969482422,56833400,53.35765635773462,1.8549522815297905,238.38799972534179,240.2209994506836,0.017887958523118197,6.785690521985998
2025-03-03,236.77890014648438,238.02999877929688,244.02999877929688,236.11000061035156,241.7899932861328,47184000,48.33012305608364,1.4565053380632946,238.48949966430663,239.9607995605469,0.008601689742783414,6.763236139834783
2025-03-04,234.68994140625,235.92999267578125,240.07000732421875,234.67999267578125,237.7100067138672,53798100,45.77022985618298,0.9602116010149473,238.8854995727539,239.60979949951172,0.03473531143262165,6.335699303857975
2025-03-05,234.50096130371094,235.7400054931641,236.5500030517578,229.22999572753906,235.4199981689453,47227600,45.53524490439122,0.5452792215116915,239.03249969482422,239.36359954833983,0.01262887630097076,6.220125705656153
2025-03-06,234.09312438964844,235.3300018310547,237.86000061035156,233.16000366210938,234.44000244140625,45170400,44.99833487329742,0.18126889732792506,239.1754997253418,239.07439971923827,0.012302665270072177,6.092888158478996
2025-03-07,237.81346130371094,239.07000732421875,241.3699951171875,234.75999450683594,235.11000061035156,46273600,50.70786840807546,0.192357897523749,239.46800003051757,238.76599975585938,0.025083638079478332,5.930183603087882
2025-03-10,226.28436279296875,227.47999572753903,236.16000366210938,224.22000122070312,235.5399932861328,72071200,37.66085118324161,-0.7257055818018046,239.46049957275392,238.21019958496095,-0.0006590043142629121,5.946017980544117
2025-03-11,219.67926025390625,220.83999633789065,225.83999633789062,217.4499969482422,223.80999755859375,76137400,32.50136622394514,-1.966402497464145,239.11999969482423,237.4629992675781,-0.02991433226960838,6.792657644867215
2025-03-12,215.83956909179688,216.97999572753903,221.75,214.91000366210938,220.13999938964844,62547500,29.93401542136712,-3.2239696168576586,238.3379997253418,236.62219940185548,-0.0672341145126818,8.310940781643755
2025-03-13,208.57789611816406,209.67999267578125,216.83999633789062,208.4199981689453,215.9499969482422,61368300,25.78560863643294,-4.754839032284991,236.97849960327147,235.7039993286133,-0.11478871533709645,10.499434861304472
2025-03-14,212.36788940429688,213.4900054931641,213.9499969482422,209.5800018310547,211.25,60107600,31.1487158723928,-5.59611930073703,235.57649993896484,234.92979949951172,-0.11609321172462272,11.666879944990555
2025-03-17,212.87522888183594,214.0,215.22000122070312,209.97000122070312,213.30999755859375,48073400,31.858560661437153,-6.1507852563779295,234.04649963378907,234.2013995361328,-0.12510222951738426,12.40439084569689
2025-03-18,211.57211303710938,212.69000244140625,215.14999389648438,211.49000549316406,214.16000366210938,42432400,30.97516620294833,-6.619759411410314,232.4574996948242,233.57819946289064,-0.12999549482804007,13.019138753305592
2025-03-19,214.1086883544922,215.2400054931641,218.75999450683594,213.75,214.22000122070312,54385400,34.767012175461815,-6.708331404399047,230.97600021362305,233.01579956054687,-0.12100294121312571,13.216689515825095
2025-03-20,212.97470092773438,214.1000061035156,217.49000549316406,212.22000122070312,213.99000549316406,48862900,33.87118484303102,-6.792217317118315,229.3895004272461,232.39779968261718,-0.12907291824105893,13.244174360046536
2025-03-21,217.12277221679688,218.2700042724609,218.83999633789062,211.27999877929688,211.55999755859375,94127800,39.96484849539857,-6.447886285776036,228.02550048828124,231.91899963378907,-0.11109752979130172,12.892319966179178
2025-03-24,219.56983947753906,220.72999572753903,221.47999572753906,218.5800018310547,221.0,44299500,43.285073593904066,-5.908392441034124,226.7069999694824,231.479599609375,-0.10671796731939209,12.166920470520573
2025-03-25,222.57395935058594,223.75,224.10000610351562,220.0800018310547,220.77000427246094,34493600,47.1493724626681,-5.177467949019643,225.5425003051758,231.21759948730468,-0.09427620595486863,11.194070712528468
2025-03-26,220.36563110351562,221.52999877929688,225.02000427246094,220.47000122070312,223.50999450683594,34466100,44.736334938570145,-4.722897940699511,224.60100021362305,230.96019958496095,-0.07834082951921817,10.661417324505617
2025-03-27,222.6734619140625,223.8500061035156,224.99000549316406,220.55999755859375,221.38999938964844,37094800,47.746067878971466,-4.127859339192497,223.92850036621093,230.77159973144532,-0.05667929530244731,10.233857034253326
2025-03-28,216.7547149658203,217.8999938964844,223.80999755859375,217.67999267578125,221.6699981689453,39818600,41.50321372920521,-4.089264721032009,222.73150024414062,230.37219970703126,-0.09899108006914659,9.394202530846012
2025-03-31,220.9624786376953,222.1300048828125,225.6199951171875,216.22999572753906,217.00999450683594,65299300,46.8261582347537,-3.6749886911304372,221.9365005493164,230.24959991455077,-0.06679827743572342,8.676790067290048
2025-04-01,222.01693725585938,223.19000244140625,223.67999267578125,218.89999389648438,219.80999755859375,36412700,48.10062957542403,-3.2239750312213857,221.29950103759765,230.11380004882812,-0.053999027804330524,8.03965536413128
2025-04-02,222.71324157714844,223.88999938964844,225.19000244140625,221.02000427246094,221.32000732421875,35905900,48.97045027032877,-2.778036082074209,220.70700073242188,230.13880004882813,-0.05026726829298933,7.324244130766124
2025-04-03,202.1220245361328,203.19000244140625,207.49000549316406,201.25,205.5399932861328,103419000,31.92886619022468,-4.048276991495925,219.10000076293946,229.72600006103517,-0.13657416878244877,7.471386046330371
2025-04-04,187.38987731933594,188.3800048828125,199.8800048828125,187.33999633789062,193.88999938964844,125910900,25.177914408415873,-6.1787700791472275,216.56550064086915,229.0204000854492,-0.2120299531034947,8.817010315158864
2025-04-07,180.50625610351562,181.4600067138672,194.14999389648438,174.6199951171875,177.1999969482422,160466300,22.756734164521262,-8.32956913190506,214.26450119018554,228.19400024414062,-0.2023034547125262,11.435013816012834
2025-04-08,171.5137481689453,172.4199981689453,190.33999633789062,169.2100067138672,186.6999969482422,120859500,20.04492376214273,-10.640884522898176,211.84350128173827,227.0452001953125,-0.21925375372159284,14.644797466747061
2025-04-09,197.8048553466797,198.8500061035156,200.61000061035156,171.88999938964844,171.9499969482422,184395900,41.85929923201112,-10.222103817096325,210.9370018005371,226.25700042724608,-0.08355604194401955,14.869510096281962
2025-04-10,189.4191436767578,190.4199981689453,194.77999877929688,183.0,189.07000732421875,121880000,38.27256132213617,-10.449987329358635,209.9740020751953,225.27820037841798,-0.09185423111215385,15.562715694931493
2025-04-11,197.10853576660156,198.1499938964844,199.5399932861328,186.05999755859375,186.10000610351562,87435900,43.088118940755415,-9.892802532160971,209.20700149536134,224.48940032958984,-0.07185353506944792,15.757109285735837
2025-04-14,201.45556640625,202.5200042724609,212.94000244140625,201.16000366210938,211.44000244140625,101352900,45.66863655771058,-8.994918429923473,208.63300170898438,223.81980041503905,-0.053644839848313475,15.782396839364104
2025-04-15,201.07754516601562,202.13999938964844,203.50999450683594,199.8000030517578,201.86000061035156,51343900,45.47554061390276,-8.219255566344401,208.1055015563965,223.3024005126953,-0.04960272194582449,15.815934080381798
2025-04-16,193.24891662597656,194.2700042724609,200.6999969482422,192.3699951171875,198.36000061035156,59732400,41.55662968546835,-8.145681644782115,207.05700149536133,222.53180053710938,-0.09742613215724516,16.011943629308494
2025-04-17,195.94468688964844,196.97999572753903,198.8300018310547,194.4199981689453,197.1999969482422,52164700,43.36646611628824,-7.779028323554343,206.2010009765625,221.82200042724608,-0.07996268046671229,16.073109008110546
2025-04-21,192.14476013183594,193.16000366210935,193.8000030517578,189.80999755859375,193.27000427246094,46742500,41.41937259413178,-7.707843141788459,204.94550094604492,221.0208004760742,-0.11504100480525659,16.06144942402882
2025-04-22,198.690185546875,199.7400054931641,201.58999633789062,195.97000122070312,196.1199951171875,52976400,45.9232982260348,-7.039332176482759,203.89600143432617,220.46300048828124,-0.09509351080803818,15.656427833007198
2025-04-23,203.52462768554688,204.6000061035156,208.0,202.8000030517578,206.0,52929200,49.03977247851043,-6.047657358092891,202.93850173950196,220.00200073242186,-0.08558656490048899,14.947855272192406
2025-04-24,207.27481079101562,208.3699951171875,208.8300018310547,202.94000244140625,204.88999938964844,47311000,51.38050729565643,-4.901045116291186,202.28050155639647,219.51700073242188,-0.059405063578862105,14.364662856874283
2025-04-25,208.18002319335938,209.27999877929688,209.75,206.1999969482422,206.3699951171875,38222300,51.95418002488254,-3.874256941078386,201.55200119018554,218.96520080566407,-0.06508825966920484,13.560124242823594
2025-04-28,209.03549194335938,210.13999938964844,211.5,207.4600067138672,210.0,38743100,52.52429896781814,-2.957038157495248,201.16400146484375,218.3374008178711,-0.035612642148684204,13.173235209770702
2025-04-29,210.09988403320312,211.2100067138672,212.24000549316406,208.3699951171875,208.69000244140625,36827600,53.26732356375442,-2.1193643022431843,200.61800155639648,217.66960083007814,-0.04916039224285029,12.465816408942112
2025-04-30,211.38311767578125,212.5,213.5800018310547,206.6699981689453,209.3000030517578,52286500,54.19800611407812,-1.3360093751349211,200.08350143432617,217.03020080566407,-0.04789642154429696,11.649503832982077
2025-05-01,212.1988067626953,213.32000732421875,214.55999755859375,208.89999389648438,209.0800018310547,57365700,54.81403271406611,-0.6416308921336622,199.55500183105468,216.39920104980467,-0.04721064850705603,10.714911788820443
2025-05-02,204.27069091796875,205.3500061035156,206.99000549316406,202.16000366210938,206.08999633789062,101010600,48.04961616331536,-0.7260737063382408,199.66300201416016,215.5896011352539,0.010630462306983945,10.764251073983708
2025-05-05,197.84463500976562,198.88999938964844,204.10000610351562,198.2100067138672,203.10000610351562,69018500,43.37702662144103,-1.2992864330310852,200.18850173950196,214.65640106201172,0.05579145468954616,10.435973795271403
2025-05-06,197.4666290283203,198.50999450683597,200.64999389648438,197.02000427246094,198.2100067138672,51216500,43.111443077834934,-1.7638918200030105,201.0410011291504,213.68460083007812,0.09396003065211955,9.477972213934263
2025-05-07,195.218505859375,196.25,199.44000244140625,193.25,199.1699981689453,68536700,41.484652210424954,-2.2880820203696715,202.2325012207031,212.66880096435546,0.1382090365625972,6.814093832801013
2025-05-08,196.4519805908203,197.4900054931641,200.0500030517578,194.67999267578125,197.72000122070312,50478900,42.760893870939015,-2.5737795223946023,202.16450119018555,211.81140106201173,-0.006839328984699744,6.8562807660185445
2025-05-09,197.48654174804688,198.52999877929688,200.5399932861328,197.5399932861328,199.0,36453900,43.86669080692081,-2.6853233484788177,202.57000122070312,211.0360009765625,0.0425900676837323,6.3459509841476
2025-05-12,209.95704650878906,210.7899932861328,211.27000427246094,206.75,210.97000122070312,63775800,54.922423334456155,-1.7641079997262068,203.20200119018554,210.41500091552734,0.06379005692148376,6.509887659924581
2025-05-13,212.08859252929688,212.92999267578125,213.39999389648438,209.0,210.42999267578125,51909300,56.53176030420324,-0.851542085720439,203.72250061035157,209.91300079345703,0.051402272287705664,6.859278829562851
2025-05-14,211.490966796875,212.3300018310547,213.94000244140625,210.5800018310547,212.42999267578125,49325800,55.92887023337328,-0.17472712548641312,204.23200073242188,209.4410009765625,0.05041061874035058,7.109435445922961
2025-05-15,210.61444091796875,211.4499969482422,212.9600067138672,209.5399932861328,210.9499969482422,45029500,55.002356080773225,0.28733237835274394,205.09100036621095,208.95520080566405,0.08843358366166809,6.876496443154003
2025-05-16,210.42520141601562,211.25999450683597,212.57000732421875,209.77000427246094,212.36000061035156,54737900,54.791305552947925,0.6309134771646541,205.80500030517578,208.4738006591797,0.07249466488489986,6.729784690084991
2025-05-19,207.95498657226562,208.77999877929688,209.47999572753906,204.25999450683594,207.91000366210938,46140500,51.98730013980551,0.6950766335564253,206.58600006103515,207.86800048828124,0.08086557683293094,6.057902628919584
2025-05-20,206.04258728027344,206.8600006103516,208.47000122070312,205.02999877929688,207.6699981689453,42496600,49.859881283564064,0.5842635644482925,206.94199981689454,207.4556005859375,0.03564631481614322,5.839692760132825
2025-05-21,201.2914276123047,202.08999633789065,207.0399932861328,200.7100067138672,205.1699981689453,59211800,44.939624011138925,0.11027277273484515,206.81649932861328,207.0806005859375,-0.012267887051552795,5.919104728169764
2025-05-22,200.56431579589844,201.3600006103516,202.75,199.6999969482422,200.7100067138672,46742400,44.220430481463566,-0.3205774813484652,206.46599960327148,206.76820068359376,-0.03364205341989612,6.028804729340187
2025-05-23,194.49838256835938,195.2700042724609,197.6999969482422,193.4600067138672,193.6699981689453,78432900,38.66166572838351,-1.140296590774227,205.7654998779297,206.48000091552734,-0.06694378148200708,6.481556690887459
2025-05-27,199.4188690185547,200.2100067138672,200.74000549316406,197.42999267578125,198.3000030517578,56288500,44.730882818550064,-1.3754575604882575,205.2690002441406,206.2144009399414,-0.047254176761315825,6.5090947959776555
2025-05-28,199.62803649902344,200.4199981689453,202.72999572753906,199.89999389648438,200.58999633789062,45339700,44.980100944600615,-1.5272743003378935,204.72949981689453,205.94280090332032,-0.051086635111656564,6.437529908890747
2025-05-29,199.15989685058594,199.9499969482422,203.80999755859375,198.50999450683594,203.5800018310547,51396800,44.496480330105335,-1.6663071790757158,204.10199966430665,205.68800079345704,-0.05905883789062505,6.249134175713188
2025-05-30,200.0563507080078,200.8500061035156,201.9600067138672,196.77999877929688,199.3699951171875,70819900,45.70044372846903,-1.6844512149416744,203.47849960327147,205.40020080566407,-0.05845678226398321,5.89295132632505
2025-06-02,200.90298461914062,201.6999969482422,202.1300048828125,200.1199951171875,200.27999877929688,35423300,46.87254140640573,-1.6116650649446171,203.2959991455078,205.15220062255858,-0.017774575343491694,5.888458998333774
2025-06-03,202.46676635742188,203.2700042724609,203.77000427246094,200.9600067138672,201.35000610351562,46381600,49.059800739017994,-1.41102957609246,203.51499938964844,204.8522006225586,0.022022247957432572,5.7967035000040115
2025-06-04,202.0185546875,202.82000732421875,206.24000549316406,202.10000610351562,202.91000366210938,43604000,48.444176952147295,-1.2736536125940745,203.7305000305176,204.49400085449219,0.021711817725300397,5.679778477157019
2025-06-05,199.83721923828125,200.6300048828125,204.75,200.14999389648438,203.5,55126100,45.454745777938555,-1.3262093503346648,203.9495002746582,204.03160095214844,0.02231849621815285,5.456207255853013
2025-06-06,203.11419677734375,203.9199981689453,205.6999969482422,202.0500030517578,203.0,46607700,50.40595838451862,-1.0898223943962364,204.27099990844727,203.67940093994142,0.032558572570416944,5.240742775846681
2025-06-09,200.6539764404297,201.4499969482422,206.0,200.02000427246094,204.38999938964844,72862600,46.959560105073756,-1.0892364448777982,204.41699981689453,203.23140075683594,0.014708095435951973,5.111467789405347
2025-06-10,201.86912536621094,202.6699981689453,204.35000610351562,200.57000732421875,200.60000610351562,54672600,48.82089308345196,-0.9790423819810314,204.01100006103516,202.92680084228516,-0.03852172956884703,4.896589625466368
2025-06-11,197.9945068359375,198.77999877929688,204.5,198.41000366210938,203.5,60989900,43.57059029748643,-1.1918641657007356,203.30350036621093,202.45980072021484,-0.06645373776924857,4.550066731890109
2025-06-12,198.41285705566406,199.1999969482422,199.67999267578125,197.36000061035156,199.0800018310547,43904600,44.26748920906906,-1.311518254389199,202.64700012207032,201.98000061035157,-0.06183772792155717,4.104555865606062
2025-06-13,195.6737060546875,196.4499969482422,200.3699951171875,195.6999969482422,199.72999572753906,51447300,40.72134514722586,-1.6096914776705944,201.89700012207032,201.43120056152344,-0.07093875723096665,3.7680114358874763
2025-06-16,197.6359405517578,198.4199981689453,198.69000244140625,196.55999755859375,197.3000030517578,43020700,44.17155492521315,-1.6678078204398616,201.25500030517577,201.3358004760742,-0.06077817226050897,3.1283163192601453
2025-06-17,194.86692810058594,195.63999938964844,198.38999938964844,195.2100067138672,197.1999969482422,38856200,40.581978750393255,-1.9161004950840095,200.59800033569337,201.48100036621094,-0.06293706038162616,2.8303854203000833
2025-06-18,195.80319213867188,196.5800018310547,197.57000732421875,195.07000732421875,195.94000244140625,45394700,42.28972251641125,-2.0138099400624583,200.08400039672853,201.7834002685547,-0.04969544014775795,2.5532053818871048
2025-06-20,200.20574951171875,201.0,201.6999969482422,196.86000061035156,198.24000549316406,96813500,49.62176927947885,-1.714821076468013,200.02950057983398,202.3550003051758,-0.0053936184751480765,2.519543898534989
2025-06-23,200.70376586914062,201.5,202.3000030517578,198.9600067138672,201.6300048828125,55814300,50.38962073028371,-1.4211423818972548,200.0365005493164,202.40800018310546,0.0006952691161306035,2.523626107704828
2025-06-24,199.5084991455078,200.3000030517578,203.44000244140625,200.1999969482422,202.58999633789062,54064000,48.47981127456103,-1.2705831340802547,200.28800048828126,202.6056002807617,0.025759198388086935,2.26053077516419
2025-06-25,200.76353454589844,201.55999755859372,203.6699981689453,200.6199951171875,201.4499969482422,39525700,50.59707429548731,-1.0376316472500378,200.3555000305176,202.6738003540039,0.006742873979600272,2.2781659067838875
2025-06-26,200.20574951171875,201.0,202.63999938964844,199.4600067138672,201.42999267578125,50799100,49.6210393017891,-0.8879671064332797,200.3845001220703,202.6434002685547,0.0028939319247263118,2.282717196357942
2025-06-27,200.28543090820312,201.0800018310547,203.22000122070312,200.0,201.88999938964844,73188600,49.77011287542505,-0.7542073673453444,200.44100036621094,202.6222003173828,0.00565143735963658,2.2853796441474907
2025-06-30,204.3592529296875,205.1699981689453,207.38999938964844,199.25999450683594,202.00999450683594,91912800,56.80688740342303,-0.3145473810789383,200.65699996948243,202.8402001953125,0.02150854834031346,2.518345950406387
2025-07-01,206.998779296875,207.82000732421875,210.19000244140625,206.13999938964844,206.6699981689453,78788900,60.65308231281179,0.2448968983946429,200.96300048828124,203.0570004272461,0.03034214411786529,2.981057437862164
2025-07-02,211.6005401611328,212.44000244140625,213.33999633789062,208.13999938964844,208.91000366210938,67941800,66.28902898395881,1.048963714756212,201.4215003967285,203.44260040283203,0.045112402106579186,3.913823205267511
2025-07-03,212.70616149902344,213.5500030517578,214.64999389648438,211.80999755859375,212.14999389648438,34955800,67.4937578299068,1.7555236484606382,201.95800018310547,203.71880035400392,0.052904029878998005,4.759645852431912
2025-07-07,209.120361328125,209.9499969482422,216.22999572753906,208.8000030517578,212.67999267578125,50229000,60.004073952626776,2.0019103045189013,202.42399978637695,203.82580017089845,0.04645363025771476,5.068975149933574
2025-07-08,209.1801300048828,210.00999450683597,211.42999267578125,208.4499969482422,210.10000610351562,42848900,60.08357384742937,2.1769206202982616,202.72849960327147,203.85860015869142,0.02986463511462545,5.339281315281859
2025-07-09,210.30567932128906,211.13999938964844,211.3300018310547,207.22000122070312,209.52999877929688,48749400,61.63049582392863,2.379371592027269,203.2129997253418,203.89580017089844,0.048101278670636294,5.647889808835514
2025-07-10,211.5706329345703,212.41000366210935,213.47999572753906,210.02999877929688,210.50999450683594,44443600,63.34961069125774,2.6121825620736274,203.7,203.94120025634766,0.0480584476299486,6.007106195054279
2025-07-11,210.3256072998047,211.16000366210935,212.1300048828125,209.86000061035156,210.57000732421875,39765800,60.477494444139616,2.6651007572715173,204.31900024414062,203.9402001953125,0.06227993238171736,6.110401780728033
2025-07-14,207.79562377929688,208.6199951171875,210.91000366210938,207.5399932861328,209.92999267578125,38840100,55.018911596545124,2.473567598845648,204.79000015258788,203.86260009765624,0.04728914815893748,6.0578819140024605
2025-07-15,208.28369140625,209.1100006103516,211.88999938964844,208.9199981689453,209.22000122070312,42296300,55.846850440701175,2.334405960230555,205.42300033569336,203.77839996337892,0.06444389849211807,5.79634048919209
2025-07-16,209.32955932617188,210.16000366210935,212.39999389648438,208.63999938964844,210.3000030517578,47490500,57.645879835168614,2.282534196666859,206.01000061035157,203.87459991455077,0.059167450869382465,5.642225545335609
2025-07-17,209.1901092529297,210.0200042724609,211.8000030517578,209.58999633789062,210.57000732421875,48068100,57.31058130556089,2.204714097872454,206.7290008544922,204.09720001220703,0.07350237644487212,5.145582929564902
2025-07-18,210.3455047607422,211.17999267578125,211.7899932861328,209.6999969482422,210.8699951171875,48974600,59.416884790627826,2.2111536754593715,207.45900039672853,204.35059997558594,0.07426997003120461,4.640863181948249
2025-07-21,211.64036560058594,212.47999572753903,215.77999877929688,211.6300048828125,212.10000610351562,51377400,61.69775386004776,2.2947045432194386,208.03300018310546,204.67519989013672,0.05711440660467182,4.507985915599056
2025-07-22,213.55279541015625,214.3999938964844,214.9499969482422,212.22999572753906,213.13999938964844,46404100,64.84069589629595,2.487176392768191,208.6779998779297,205.01339965820313,0.06401982082622526,4.446493761894827
2025-07-23,213.30377197265625,214.1499938964844,215.14999389648438,212.41000366210938,215.0,46989300,64.1031057980652,2.589686515431538,209.37049942016603,205.32579956054687,0.06914623381781837,4.1410372722722535
2025-07-24,212.91531372070312,213.75999450683597,215.69000244140625,213.52999877929688,213.89999389648438,46022600,62.90102479513017,2.60937755463533,209.98049926757812,205.38519958496093,0.06052786810882793,3.815738430473267
2025-07-25,213.0348358154297,213.8800048828125,215.24000549316406,213.39999389648438,214.6999969482422,40268800,63.130146182460855,2.6046419879397433,210.62449951171874,205.40419982910157,0.0640796262826493,3.2678609315029234
2025-07-28,213.20419311523438,214.0500030517578,214.85000610351562,213.05999755859375,214.02999877929688,37858000,63.474268445861405,2.5848103638298596,211.27299957275392,205.43859985351563,0.06450169635268055,2.4615461361614446
2025-07-29,210.43516540527344,211.2700042724609,214.80999755859375,210.82000732421875,214.17999267578125,51411700,54.51376204986175,2.3180499538416655,211.5779998779297,205.435,0.029731472232565892,2.0002349512305035
2025-07-30,208.2239227294922,209.0500030517578,212.38999938964844,207.72000122070312,211.89999389648438,45512500,48.61212196583624,1.9055389944633419,211.63949966430664,205.39080017089844,0.005918562622414747,1.894736098653274
2025-07-31,206.74978637695312,207.57000732421875,209.83999633789062,207.16000366210938,208.49000549316406,80698400,45.10625622588484,1.442568766036004,211.39599990844727,205.36660034179687,-0.022924096503579627,2.0893790739063762
2025-08-01,201.58030700683594,202.3800048828125,213.5800018310547,201.5,210.8699951171875,104434500,35.45087467671749,0.6493859847225281,210.8375,205.2770004272461,-0.05230624214150936,2.8410022988676746
2025-08-04,202.5464630126953,203.3500061035156,207.8800048828125,201.67999267578125,204.50999450683594,75109300,38.11707568405462,0.09792508836807201,210.50750045776368,205.3022006225586,-0.031436013053878,3.296341643691422
2025-08-05,202.11814880371094,202.9199981689453,205.33999633789062,202.16000366210938,203.39999389648438,44155100,37.37996902357415,-0.3695497521416655,210.15300064086915,205.33340057373047,-0.033760280573979395,3.7081756957098255
2025-08-06,212.40733337402344,213.25,215.3800048828125,205.58999633789062,205.6300048828125,108483100,58.26130367791354,0.0924521542341381,210.2585006713867,205.69300048828126,0.009993372248039423,3.7672788321656676
2025-08-07,219.16053771972656,220.02999877929688,220.85000610351562,216.5800018310547,218.8800048828125,90224800,66.22261934738131,0.9942204774727088,210.6395004272461,206.08940032958984,0.035873993624655265,4.338356468215783
2025-08-08,228.44374084472656,229.3500061035156,231.0,219.25,220.8300018310547,113854000,73.66017422923191,2.4328803408881754,211.54900054931642,206.66800048828125,0.08614321900899968,6.030072399251841
2025-08-11,226.5391082763672,227.17999267578125,229.55999755859375,224.75999450683594,227.9199981689453,61806100,69.8060296380054,3.3592038881791666,212.47700042724608,207.21260040283204,0.0889655737369186,6.918316102665276
2025-08-12,229.0021209716797,229.6499938964844,230.8000030517578,227.07000732421875,228.00999450683594,55626200,71.62588556624749,4.243711563768898,213.50400009155274,207.7886001586914,0.09822578177122354,7.85352521231658
2025-08-13,232.6717529296875,233.3300018310547,235.0,230.42999267578125,231.07000732421875,69878500,74.12787333708751,5.181902409068243,214.6625,208.42120025634765,0.11024932320708158,8.964623158330069
2025-08-14,232.12330627441406,232.77999877929688,235.1199951171875,230.85000610351562,234.05999755859375,51916300,73.09052415090204,5.814024310412492,215.8004997253418,209.01140014648436,0.10837060300841261,9.754122008524645
2025-08-15,230.9366455078125,231.58999633789065,234.27999877929688,229.33999633789062,234.0,56038700,70.78251845037427,6.1480908553373865,216.82099990844728,209.5867999267578,0.09664743048572944,10.297791619143602
2025-08-18,230.23861694335938,230.88999938964844,233.1199951171875,230.11000061035156,231.6999969482422,37476200,69.39437907759293,6.28391997750893,217.74150009155272,210.19199981689454,0.08664346777245036,10.704135329164279
2025-08-19,229.90956115722656,230.55999755859372,232.8699951171875,229.35000610351562,231.27999877929688,39402600,68.71025713237528,6.292402249353984,218.54950027465821,210.7247998046875,0.07537315355480656,11.043175262050854
2025-08-20,225.3723907470703,226.00999450683597,230.47000122070312,225.77000427246094,229.97999572753906,42263900,59.936587766641885,5.864376409783517,219.1425003051758,211.21599975585937,0.05538174619834191,11.11270731756631
2025-08-21,224.26551818847656,224.8999938964844,226.52000427246094,223.77999877929688,226.27000427246094,30621200,57.99114877821523,5.373650972145725,219.6995002746582,211.66059967041016,0.05211451944200052,11.107904722258457
2025-08-22,227.11746215820312,227.75999450683597,229.08999633789062,225.41000366210938,226.1699981689453,42477800,61.46204667821159,5.156089484541354,220.39349975585938,212.24019958496095,0.06489615348395228,11.158658979299576
2025-08-25,226.5191650390625,227.16000366210935,229.3000030517578,226.22999572753906,226.47999572753906,30983100,60.335785319292775,4.8790139555336225,221.04899978637695,212.7993997192383,0.06124737408754677,11.151468520211099
2025-08-26,228.6630859375,229.30999755859372,229.49000549316406,224.69000244140625,226.8699951171875,54575100,62.955382800668424,4.777840174343595,221.95099945068358,213.45659973144532,0.08538833209312502,11.047964842428291
2025-08-27,229.8397674560547,230.4900054931641,230.89999389648438,228.25999450683594,228.61000061035156,31259500,64.34713687072504,4.738256332871629,223.02299957275392,214.09799987792968,0.1025592065459,10.76687964108139
2025-08-28,231.9039306640625,232.55999755859372,233.41000366210938,229.33999633789062,230.82000732421875,38074700,66.70990375831451,4.818373700665774,224.27249908447266,214.8363998413086,0.12039306909760472,10.319941420320324
2025-08-29,231.485107421875,232.13999938964844,233.3800048828125,231.3699951171875,232.50999450683594,39418400,65.75768576411619,4.792729349128109,225.76049880981446,215.54759979248047,0.14705007307450346,9.066584172222342
2025-09-02,229.0719451904297,229.72000122070312,230.85000610351562,226.97000122070312,229.25,44075600,60.40726918778136,4.524971335453301,227.07899856567383,216.12199981689454,0.12967786735036468,7.400336643717351
2025-09-03,237.79725646972656,238.47000122070312,238.85000610351562,234.36000061035156,237.2100067138672,66427800,69.93317603590268,4.961628489007779,228.85649871826172,216.86139984130858,0.17519221058813494,5.248770140835961
2025-09-04,239.1035614013672,239.77999877929688,239.89999389648438,236.74000549316406,238.4499969482422,47549400,71.05596233485593,5.3516972494410595,230.18299865722656,217.65099975585937,0.12440796613972749,4.3770344527708795
2025-09-05,239.0137939453125,239.69000244140625,241.32000732421875,238.49000549316406,240.0,54870400,70.8601901904701,5.589139479242874,231.16599884033204,218.41359985351562,0.08935146921411175,4.180053567055171
2025-09-08,237.2089080810547,237.8800048828125,240.14999389648438,236.33999633789062,239.3000030517578,48999500,66.86977513889714,5.567088549436363,231.59249877929688,219.15119995117186,0.03719205821798388,4.413651741472782
2025-09-09,233.68887329101562,234.3500061035156,238.77999877929688,233.36000061035156,237.0,66313900,59.79719585918689,5.2047742311604,231.95099945068358,219.81660003662108,0.03156093696141182,4.326718059167303
2025-09-10,226.1501922607422,226.7899932861328,232.4199981689453,225.9499969482422,232.19000244140625,83440800,48.07085599494859,4.258518124786491,231.80799942016603,220.24899993896486,-0.012453736931692494,4.452212176355542
2025-09-11,229.3810577392578,230.02999877929688,230.4499969482422,226.64999389648438,226.8800048828125,50208600,52.38080021707645,3.7270812360589503,231.64299926757812,220.6931997680664,-0.014143072154721104,4.453986776713201
2025-09-12,233.40968322753906,234.07000732421875,234.50999450683594,229.02000427246094,229.22000122070312,55824200,57.15580384053229,3.5905193269805977,231.7074996948242,221.12579986572266,0.005541749942807428,4.480580084922247
2025-09-15,236.0322265625,236.6999969482422,238.19000244140625,235.02999877929688,237.0,42699500,59.969874505048544,3.6524085211919726,231.9629997253418,221.58879974365234,0.022064858979901736,4.617141839329406
2025-09-16,237.4781494140625,238.1499938964844,241.22000122070312,236.32000732421875,237.17999267578125,63421100,61.47236950826149,3.7749435892094425,232.32599945068358,222.1527996826172,0.03144352083688151,4.809716961070746
2025-09-17,238.3157958984375,238.9900054931641,240.10000610351562,237.72999572753906,238.97000122070312,46508000,62.3539230353951,3.894937019565589,232.74749984741212,222.73239990234376,0.03656318539137726,5.011939060772887
2025-09-18,237.2089080810547,237.8800048828125,241.1999969482422,236.64999389648438,239.97000122070312,44249600,60.38763547622741,3.856015162528081,233.34100036621095,223.26720001220704,0.052519847194711256,4.87299163616711
2025-09-19,244.8074188232422,245.5,246.3000030517578,240.2100067138672,241.22999572753906,163741300,67.87658797322254,4.389440495707049,234.37100067138672,223.92899993896484,0.09159629463128072,5.163370846831059
2025-09-22,255.35755920410156,256.0799865722656,256.6400146484375,248.1199951171875,248.3000030517578,105517400,74.95615150670292,5.6013317454643925,235.7870002746582,224.82739959716798,0.12434138017411867,6.859573181227516
2025-09-23,253.71221923828125,254.42999267578125,257.3399963378906,253.5800018310547,255.8800048828125,60275200,72.28074760662008,6.355362906717517,237.1504997253418,225.74359954833983,0.12004749328246556,7.711831717762919
2025-09-24,251.59820556640625,252.30999755859372,255.74000549316406,251.0399932861328,255.22000122070312,42303700,68.87896994016762,6.704585853830025,238.3004997253418,226.6075994873047,0.10030090377600298,8.181691759006034
2025-09-25,256.14532470703125,256.8699951171875,257.1700134277344,251.7100067138672,253.2100067138672,55202100,71.93820704800193,7.265548528135582,239.61949920654297,227.54179931640624,0.11445177229086312,8.946886159520744
2025-09-26,254.73931884765625,255.4600067138672,257.6000061035156,253.77999877929688,254.10000610351562,46076300,69.65804317923991,7.509773217675502,240.76449966430664,228.45059936523438,0.0984692526473896,9.447230896666436
2025-09-29,253.71221923828125,254.42999267578125,255.0,253.00999450683594,254.55999755859375,40127700,67.96334073832526,7.5333695244742955,241.87899932861328,229.31559936523436,0.09601961464951558,9.687959876780095
2025-09-30,253.9116668701172,254.6300048828125,255.9199981689453,253.11000061035156,254.86000061035156,37704300,68.12550811705488,7.4819616842140135,243.12449951171874,230.15859954833985,0.10843637266994932,9.6436405509446
2025-10-01,254.72933959960938,255.4499969482422,258.7900085449219,254.92999267578125,255.0399932861328,48713900,68.82229230545319,7.421832838127415,243.9734992980957,230.979599609375,0.0712039067413941,9.954723233383236
2025-10-02,256.40460205078125,257.1300048828125,258.17999267578125,254.14999389648438,256.5799865722656,42630200,70.25688253655045,7.424161778701887,244.84099960327148,231.83919982910157,0.07235802065161101,10.31935033507399
2025-10-03,257.2920837402344,258.0199890136719,259.239990234375,253.9499969482422,254.6699981689453,49155600,71.01768579157891,7.412376500090005,245.75749893188475,232.72439971923828,0.07647372183054024,10.646581870927195
2025-10-06,255.9658660888672,256.69000244140625,259.07000732421875,255.0500030517578,257.989990234375,44664100,68.20978205732452,7.212575697690966,246.69799880981446,233.58059967041015,0.07907347054183966,10.74444366867569
2025-10-07,255.75643920898438,256.4800109863281,257.3999938964844,255.42999267578125,256.80999755859375,31955800,67.75427881233583,6.957090557540852,247.80449905395508,234.42919982910155,0.09443142439278374,10.543509621859231
2025-10-08,257.33197021484375,258.0599975585937,258.5199890136719,256.1099853515625,256.5199890136719,36496900,69.4095426961174,6.803679868800089,249.3679992675781,235.3649996948242,0.13788088186505054,9.533380265183803
2025-10-09,253.32330322265625,254.0399932861328,258.0,253.13999938964844,257.80999755859375,38322000,60.85063986203299,6.285267394418838,250.56849899291993,236.26479949951172,0.10437766654023428,8.41635850667595
2025-10-10,244.57806396484375,245.2700042724609,256.3800048828125,244.0,254.94000244140625,61999100,47.1818248726249,5.107876532836684,251.12849884033204,237.01879943847655,0.04784891954452175,7.593170553802472
2025-10-13,246.96133422851562,247.66000366210935,249.69000244140625,245.55999755859375,249.3800048828125,38142900,50.44850000017676,4.317865107890043,251.6764991760254,237.9243994140625,0.04630336651953448,6.856849233148409
2025-10-14,247.07101440429688,247.7700042724609,248.85000610351562,244.6999969482422,246.60000610351562,35478000,50.59993701653084,3.6584788252631313,252.15749969482422,238.8127993774414,0.04039475382123259,6.160051153619004
2025-10-15,248.63656616210938,249.33999633789065,251.82000732421875,247.47000122070312,249.49000549316406,33893600,52.81636527120884,3.2254151067690486,252.67499923706055,239.74119934082032,0.04330721204583021,5.381144860480941
2025-10-16,246.7519073486328,247.4499969482422,249.0399932861328,245.1300048828125,248.25,39777000,49.91308174417566,2.6985941212331284,253.15349884033202,240.42519927978515,0.04023033407176935,4.31647537593144
2025-10-17,251.5782470703125,252.2899932861328,253.3800048828125,247.27000427246094,248.02000427246094,49147000,56.50653590121835,2.641186001442918,253.49299850463868,241.07039916992187,0.027657813792801633,3.9328015369474243
2025-10-20,261.50018310546875,262.239990234375,264.3800048828125,255.6300048828125,255.88999938964844,90483000,66.32176779332632,3.359841094328118,253.80099868774414,241.72819885253907,0.02405499837985592,4.363676054438209
2025-10-21,262.0286865234375,262.7699890136719,265.2900085449219,261.8299865722656,261.8800048828125,46695900,66.75217194372414,3.926880273776618,254.21799850463867,242.43999877929687,0.03277913995194037,4.803294278202592
2025-10-22,257.72088623046875,258.45001220703125,262.8500061035156,255.42999267578125,262.6499938964844,45015300,60.01917504273505,3.9817774323728656,254.52499923706054,243.0159991455078,0.02433520156890201,4.870672524136764
2025-10-23,258.84765625,259.5799865722656,260.6199951171875,258.010009765625,259.94000244140625,32754900,61.1237600070947,4.06955205092288,254.66049880981444,243.54099884033204,0.010550050634920538,4.975901158833731
2025-10-24,262.07855224609375,262.82000732421875,264.1300048828125,259.17999267578125,261.19000244140625,38253700,64.17967184288351,4.3504078712996375,255.02849884033202,244.14179901123046,0.028810774355749746,5.299762359945187
2025-10-27,268.0516662597656,268.8099975585937,269.1199951171875,264.6499938964844,264.8800048828125,44888200,69.02700407903846,4.998708286344993,255.74749908447265,244.88619903564452,0.05651851313432532,6.125419043181709
2025-10-28,268.2411193847656,269.0,269.8900146484375,268.1499938964844,268.989990234375,41534800,69.16952257404576,5.464827515266535,256.465998840332,245.64839904785157,0.05643480674557955,6.79376478792285
2025-10-29,268.93914794921875,269.70001220703125,271.4100036621094,267.1099853515625,269.2799987792969,51086700,69.72228963760114,5.823584836318474,257.17849960327146,246.4311993408203,0.05578397114514866,7.401647267154843
2025-10-30,270.63433837890625,271.3999938964844,274.1400146484375,268.4800109863281,271.989990234375,69886500,71.07843729053778,6.173907945289159,257.8919990539551,247.33899932861328,0.055497175524791276,8.055629551508757
2025-10-31,269.6072692871094,270.3699951171875,277.32000732421875,269.1600036621094,276.989990234375,86167100,69.0601245868911,6.295854547469958,258.50949935913087,248.24839935302734,0.047864532320638364,8.525590128480646
2025-11-03,268.29095458984375,269.04998779296875,270.8500061035156,266.25,270.4200134277344,50194600,66.45572684881822,6.214349397417834,259.127498626709,249.07419921875,0.04815140922515626,8.829319933380443
2025-11-04,269.2781982421875,270.0400085449219,271.489990234375,267.6199951171875,268.3299865722656,49274800,67.44728858788993,6.1586493039724814,259.80549850463865,249.93179931640626,0.052869607679939534,9.130806514367366
2025-11-05,269.3779296875,270.1400146484375,271.70001220703125,266.92999267578125,268.6099853515625,43683100,67.55163106378342,6.052803286835967,260.40949935913085,250.7483996582031,0.046810885856499285,9.404702167092847
2025-11-06,269.0089416503906,269.7699890136719,273.3999938964844,267.8900146484375,267.8900146484375,51204000,66.69973218049681,5.871379965943277,261.1959991455078,251.53399932861328,0.06191936759273142,9.501236913553816
2025-11-07,267.7126159667969,268.4700012207031,272.2900085449219,266.7699890136719,269.79998779296875,48227400,63.662165890529316,5.558626144540483,262.3559989929199,252.25219940185548,0.09458962182130604,8.84830746656867
2025-11-10,268.93035888671875,269.42999267578125,273.7300109863281,267.4599914550781,268.9599914550781,41312400,64.93222141150903,5.326825447327565,263.4444984436035,252.99799926757814,0.08790272426618162,8.265116429322665
2025-11-11,274.73956298828125,275.25,275.9100036621094,269.79998779296875,269.80999755859375,46208300,71.44769135380184,5.5487847395077665,264.8184982299805,253.90859924316408,0.11090929189846821,7.792889584447862
2025-11-12,272.9628601074219,273.4700012207031,275.7300109863281,271.70001220703125,275.0,48398000,67.32755856924973,5.517456251106637,266.0249984741211,254.60859924316406,0.09677550829074733,7.108205265471026
2025-11-13,272.44384765625,272.95001220703125,276.70001220703125,272.0899963378906,274.1099853515625,49602800,66.12787495779169,5.388553539717634,267.29999923706055,255.27199951171875,0.10305118437371719,5.760197613706158
2025-11-14,271.9048156738281,272.4100036621094,275.9599914550781,269.6000061035156,271.04998779296875,47431300,64.83582283465833,5.183075764650198,268.3059997558594,255.9263995361328,0.07974953787864902,4.650912644624439
2025-11-17,266.9639892578125,267.4599914550781,270.489990234375,265.7300109863281,268.82000732421875,45018300,54.35237143797397,4.568149744710013,268.5669998168945,256.51799926757815,0.01990543553650137,4.433993198625358
2025-11-18,266.9440612792969,267.44000244140625,270.7099914550781,265.32000732421875,269.989990234375,45677300,54.31417945038813,4.032716847715108,268.8005004882813,257.17979919433594,0.017772248060989204,4.230963282034602
2025-11-19,268.06195068359375,268.5599975585937,272.2099914550781,265.5,265.5299987792969,40424500,56.172455994710624,3.656605591922471,269.3059997558594,258.0151992797852,0.039117759234090776,3.4636047497932836
2025-11-20,265.7562561035156,266.25,275.42999267578125,265.9200134277344,270.8299865722656,45823600,51.51800927208682,3.1359875026026316,269.6395004272461,258.7395993041992,0.025695407091322453,2.7188808407435174
2025-11-21,270.98651123046875,271.489990234375,273.3299865722656,265.6700134277344,265.95001220703125,59030800,59.679573586435176,3.110363006845091,270.07299957275393,259.48799896240234,0.032988291106242906,2.2197005921615505
2025-11-24,275.4083251953125,275.9200134277344,277.0,270.8999938964844,270.8999938964844,65585800,65.03813016327483,3.4082332662563886,270.4285003662109,260.2723992919922,0.026449968132568724,2.5513579903918187
2025-11-25,276.4563903808594,276.9700012207031,280.3800048828125,275.25,275.2699890136719,46914200,66.18520664411272,3.6865268459607137,270.8270004272461,261.0487994384766,0.029628257326034024,2.9132519220726287
2025-11-26,277.0352783203125,277.54998779296875,279.5299987792969,276.6300048828125,276.9599914550781,33431400,66.83254047375695,3.908818159517068,271.219499206543,261.81999908447267,0.029106322694236963,3.2614256593987285
2025-11-28,278.3328857421875,278.8500061035156,279.0,275.989990234375,277.260009765625,20135600,68.29751826449923,4.142138248648791,271.59199981689454,262.6393991088867,0.027450303517223995,3.6815183679771013
2025-12-01,282.57501220703125,283.1000061035156,283.4200134277344,276.1400146484375,278.010009765625,46587700,72.56394797265543,4.616766372627808,272.22850036621094,263.391399230957,0.04708366762669258,4.474231640019589
2025-12-02,285.6592712402344,286.19000244140625,287.3999938964844,282.6300048828125,283.0,53669500,75.17934861792764,5.182508726088372,273.0855010986328,263.99359954833983,0.06370568825904033,5.382661342889358
2025-12-03,283.623046875,284.1499938964844,288.6199951171875,283.29998779296875,286.20001220703125,43538700,70.4074219980018,5.403958506827621,273.79100036621094,264.5879995727539,0.052251462394748316,5.865515686757635
2025-12-04,280.179443359375,280.70001220703125,284.7300109863281,278.5899963378906,284.1000061035156,43989100,63.11160533053272,5.240663260022245,274.3190002441406,265.15579986572266,0.03909083062846741,5.9934625860784605
2025-12-05,278.26300048828125,278.7799987792969,281.1400146484375,278.04998779296875,280.5400085449219,47265800,59.42124017866731,4.899839266038896,274.7695007324219,265.5939999389648,0.03339885877805471,5.972120634558279
2025-12-08,277.3746643066406,277.8900146484375,279.6700134277344,276.1499938964844,278.1300048828125,38211800,57.73597103911987,4.505977411128299,275.2405014038086,266.04260009765625,0.035087769154477755,5.818642240580923
2025-12-09,276.66595458984375,277.17999267578125,280.0299987792969,276.9200134277344,278.1600036621094,32193300,56.362584874654765,4.089406086400913,275.6280014038086,266.49760009765623,0.02876442939047985,5.6674130488960595
2025-12-10,278.26300048828125,278.7799987792969,279.75,276.44000244140625,277.75,33038300,58.7441697258862,3.8440654375485224,275.80450134277345,266.98059997558596,0.012824700378916809,5.709829937986717
2025-12-11,277.514404296875,278.0299987792969,279.5899963378906,273.80999755859375,279.1000061035156,33248000,57.16912498629161,3.548210907108057,276.0325012207031,267.43220001220703,0.016674580532559435,5.702742967099078
2025-12-12,277.7639465332031,278.2799987792969,279.2200012207031,276.82000732421875,277.8999938964844,39532900,57.57743355288219,3.295923615086508,276.2990005493164,267.8551998901367,0.019527335899962805,5.6755863992913955
2025-12-15,273.6016540527344,274.1099853515625,280.1499938964844,272.8399963378906,280.1499938964844,50409100,49.159241221224605,2.7280516044231717,276.3839996337891,268.1769998168945,0.0062405259226887555,5.626798343644055
2025-12-16,274.1007385253906,274.6099853515625,275.5,271.7900085449219,272.82000732421875,37648600,50.10128936706822,2.291934768667886,276.74149932861326,268.5353994750977,0.026732947449769284,5.244091494567579
2025-12-17,271.33587646484375,271.8399963378906,276.1600036621094,271.6400146484375,275.010009765625,50138700,45.113994114015426,1.7031610897784049,276.9614990234375,268.8425991821289,0.016452265391555976,4.9153267620426835
2025-12-18,271.68524169921875,272.19000244140625,273.6300048828125,266.95001220703125,273.6099853515625,51630700,45.84752222900679,1.2503826420426094,277.14299926757815,269.12519927978514,0.013516550922743287,4.6485504949138114
2025-12-19,273.1625061035156,273.6700134277344,274.6000061035156,269.8999938964844,272.1499938964844,144632000,48.954152434545755,0.9994558725886691,277.51399993896484,269.5177996826172,0.02786859503374406,3.981686894616195
2025-12-22,270.4674987792969,270.9700012207031,273.8800048828125,270.510009765625,272.8599853515625,36571800,43.995486774974445,0.5760854256170092,277.4880004882813,270.031799621582,-0.0019153156004866334,4.0245593866927045
2025-12-23,271.85491943359375,272.3599853515625,272.5,269.55999755859375,270.8399963378906,29642000,46.97330801721437,0.3487017818687832,277.3099990844727,270.5257992553711,-0.012902391645846611,4.17353032883579
2025-12-24,273.3022155761719,273.8099975585937,275.42999267578125,272.20001220703125,272.3399963378906,17910600,49.96226548441449,0.2822488834033834,277.15199890136716,271.0465991210938,-0.01140919106106153,4.24626079277617
2025-12-26,272.8929748535156,273.3999938964844,275.3699951171875,272.8599853515625,274.1600036621094,21521800,49.11916958523676,0.19426129038151885,276.94449920654296,271.5277990722656,-0.01495223952083169,4.326429837375229
2025-12-29,273.2523498535156,273.760009765625,274.3599853515625,272.3500061035156,272.69000244140625,23715200,49.91832689332624,0.15183055275593915,276.68999938964845,272.05399932861326,-0.018253527798027358,4.358032637651074
2025-12-30,272.5735778808594,273.0799865722656,274.0799865722656,272.2799987792969,272.80999755859375,22139600,48.37283617794817,0.06260997021422554,276.1889984130859,272.46979919433596,-0.03539392198948299,4.153505100928431
2025-12-31,271.3558349609375,271.8599853515625,273.67999267578125,271.75,273.05999755859375,27293600,45.64261327810886,-0.10532773422880837,275.4724975585938,272.6621990966797,-0.050071690022706616,3.526092894169546
2026-01-02,270.5074157714844,271.010009765625,277.8399963378906,269.0,272.260009765625,37838100,43.78829016961088,-0.30350686297856555,274.8154983520508,272.8269995117187,-0.04624312656380436,3.010640658592955
2026-01-05,266.7643737792969,267.260009765625,271.510009765625,266.1400146484375,270.6400146484375,45647200,36.70343305624171,-0.7544619426203667,274.1434982299805,273.0031994628906,-0.04788030586722425,3.1257959619339077
2026-01-06,261.8734436035156,262.3599853515625,267.54998779296875,262.1199951171875,267.0,52352100,29.896581237618534,-1.4900616085029128,273.32249755859374,273.05879943847657,-0.05889953906174483,3.9035382322418513
2026-01-07,259.8471984863281,260.3299865722656,263.67999267578125,259.80999755859375,263.20001220703125,48309800,27.611936432794906,-2.211342598542842,272.44449615478516,273.0089990234375,-0.0631905687521277,4.713027878813351
2026-01-08,258.55963134765625,259.0400085449219,259.2900085449219,255.6999969482422,257.0199890136719,50419300,26.239705102796222,-2.8541525319685093,271.53749694824216,272.81359924316405,-0.06544478176705126,5.442727709677837
2026-01-09,258.8890075683594,259.3699951171875,260.2099914550781,256.2200012207031,259.0799865722656,39997000,27.235904420515894,-3.298928878238428,270.5669967651367,272.6209991455078,-0.06962480718523778,5.801992713215716
2026-01-12,259.76739501953125,260.25,261.29998779296875,256.79998779296875,259.1600036621094,45263800,29.952889887460387,-3.5396059238012185,269.67799682617186,272.4319989013672,-0.06394992935064836,5.958350508226904
2026-01-13,260.5658874511719,261.04998779296875,261.80999755859375,258.3900146484375,258.7200012207031,45730800,32.42319609117287,-3.6240164811557065,268.81649627685545,272.22499877929687,-0.06191609552216937,5.894427846636643
2026-01-14,259.4779052734375,259.9599914550781,261.82000732421875,256.7099914550781,259.489990234375,40019400,30.827936430728172,-3.7358020504115643,268.10899658203124,272.0167987060547,-0.05162159225369389,6.07214020994555
2026-01-15,257.73114013671875,258.2099914550781,261.0400085449219,257.04998779296875,260.6499938964844,39388600,28.41102797357148,-3.920411233727009,267.288996887207,271.79999877929686,-0.05972103991589639,6.252689128380419
2026-01-16,255.05613708496094,255.52999877929688,258.8999938964844,254.92999267578125,257.8999938964844,72142800,25.15810411050161,-4.234159596686254,266.47349700927737,271.5097985839844,-0.059998520373436226,6.6770933830397405
2026-01-20,246.2425079345703,246.6999969482422,254.7899932861328,243.4199981689453,252.72999572753906,80267500,17.890142550709058,-5.136108920608137,265.19899673461913,271.04099822998046,-0.09364783887920802,7.856990840133774
2026-01-21,247.1907501220703,247.6499938964844,251.55999755859375,245.17999267578125,248.6999969482422,54641700,20.54950432897671,-5.708449985694472,263.89799575805665,270.5985983276367,-0.09507808036893617,8.507801689454134
2026-01-22,247.8894500732422,248.3500061035156,251.0,248.14999389648438,249.1999969482422,39708300,22.540297023516203,-6.03597035936707,262.7669960021973,270.19619842529295,-0.08347785738379099,9.007057508401696
2026-01-23,247.58001708984375,248.0399932861328,249.41000366210938,244.67999267578125,247.32000732421875,41689000,22.274109014349833,-6.248519020931809,261.5509963989258,269.7683984375,-0.08929355769364367,9.281279057363083
2026-01-26,254.9363555908203,255.41000366210935,256.55999755859375,249.8000030517578,251.47999572753906,55969200,40.318483642541096,-5.755916500473802,260.63099670410156,269.37159851074216,-0.06719986143875867,8.906536249955526
2026-01-27,257.791015625,258.2699890136719,261.95001220703125,258.2099914550781,259.1700134277344,49648300,45.59663989311492,-5.0762328851701,259.87449645996094,269.0675982666016,-0.05534018003139052,8.392611371699369
2026-01-28,255.96446228027344,256.44000244140625,258.8599853515625,254.50999450683594,257.6499938964844,41288000,42.97753623863373,-4.631850259170733,259.00849609375,268.7373980712891,-0.06326711976320787,7.7536807008615956
2026-01-29,257.801025390625,258.2799987792969,259.6499938964844,254.41000366210938,258.0,67253000,46.316519563544546,-4.084122280118208,258.26849670410155,268.4547979736328,-0.05419653039660677,7.0106820973200135
2026-01-30,258.9988098144531,259.4800109863281,261.8999938964844,252.17999267578125,255.1699981689453,92443400,48.43711991069821,-3.5127204990447467,257.64949798583984,268.2951983642578,-0.045538052792965855,6.253081854328796
2026-02-02,269.5093078613281,270.010009765625,270.489990234375,259.2099914550781,260.0299987792969,73913400,62.45300877387095,-2.1850101354787057,257.59949798583983,268.3465985107422,-0.0036899006087074415,6.143668530764506
2026-02-03,268.98028564453125,269.4800109863281,271.8800048828125,267.6099853515625,269.20001220703125,64394700,61.546199506065456,-1.1621599226517105,257.710498046875,268.36499877929685,0.008306522261411153,6.344177929154375
2026-02-04,275.97723388671875,276.489990234375,278.95001220703125,272.2900085449219,272.2900085449219,90545700,68.13621572575707,0.21166306071961571,258.4169982910156,268.5697985839844,0.05385731693755913,7.559560071657992
2026-02-05,275.3983459472656,275.9100036621094,279.5,273.2300109863281,278.1300048828125,52977400,67.11143806462744,1.239341249211975,259.1959991455078,268.65819885253904,0.059847185854322804,8.510058714578864
2026-02-06,277.6042175292969,278.1199951171875,280.9100036621094,276.92999267578125,277.1199951171875,50453400,69.02324859688564,2.20667429075246,260.1499984741211,268.70219848632814,0.07365652386842325,9.503162585146333
2026-02-09,274.3672180175781,274.6199951171875,278.20001220703125,271.70001220703125,277.9100036621094,44623400,62.797332090406854,2.6602067387884745,260.9124984741211,268.6551983642578,0.058796315252694464,10.034247030435543
2026-02-10,273.4280700683594,273.67999267578125,275.3699951171875,272.94000244140625,274.8900146484375,34376900,61.20068189582044,2.9102367327923844,261.58399810791013,268.5777984619141,0.05160419856207965,10.429179522368218
2026-02-11,275.24639892578125,275.5,280.17999267578125,274.45001220703125,274.70001220703125,51931300,63.15406319348583,3.218149856718412,262.3064987182617,268.51079833984375,0.05535342992810688,10.880977422453489
2026-02-12,261.4891052246094,261.7300109863281,275.7200012207031,260.17999267578125,275.5899963378906,81077200,44.78339095869055,2.3242575982282574,262.3949996948242,268.0833984375,0.006808815161681858,10.868078116553697
2026-02-13,255.5445556640625,255.77999877929688,262.2300109863281,255.4499969482422,262.010009765625,56290700,39.44419571223811,1.1227825461639895,262.2735000610352,267.47519836425784,-0.009410916526071067,10.930729298460477
2026-02-17,263.6371154785156,263.8800048828125,266.2900085449219,255.5399932861328,258.04998779296875,58469100,48.45383422914253,0.8148150287739213,262.6910003662109,267.0697985839844,0.032677204803368554,10.818492781094704
2026-02-18,264.106689453125,264.3500061035156,266.82000732421875,262.45001220703125,263.6000061035156,34203300,48.92865229167913,0.6017372703190063,263.5735008239746,266.74279846191405,0.07154442388978399,10.144274775253932
2026-02-19,260.3401184082031,260.5799865722656,264.4800109863281,260.04998779296875,262.6000061035156,30845300,45.32226957744981,0.12719630299318396,264.22000045776366,266.37879821777346,0.05221075305653278,9.465348779340712
2026-02-20,264.3364562988281,264.5799865722656,264.75,258.1600036621094,258.9700012207031,42070500,49.569473703588756,0.07304373539608378,265.0314994812012,266.11259765625,0.0653512384533026,8.69774919061708
2026-02-23,265.9349670410156,266.17999267578125,269.42999267578125,263.3800048828125,263.489990234375,37308200,51.20229400787377,0.15741991735518468,265.9384994506836,265.89259765625,0.07313336510504809,7.723923033846246
2026-02-24,271.8895263671875,272.1400146484375,274.8900146484375,267.7099914550781,267.8599853515625,47014600,56.8117575225968,0.6971760016962776,266.775,265.7597979736328,0.06550256742668892,7.423772829373104
2026-02-25,273.97760009765625,274.2300109863281,274.94000244140625,271.04998779296875,271.7799987792969,33714300,58.60861736564333,1.2788401516904173,267.5730010986328,265.6837982177734,0.06179588280313664,7.318475248448598
2026-02-26,272.6987609863281,272.95001220703125,276.1099853515625,270.79998779296875,274.95001220703125,32345100,57.04330131830637,1.6178780856542971,268.39850158691405,265.57719848632814,0.06438156921090088,6.916726817596463
2026-02-27,263.93682861328125,264.17999267578125,272.80999755859375,262.8900146484375,272.80999755859375,72366500,47.65251286590258,1.1654660418435583,268.6935012817383,265.3785986328125,0.022843402216081055,6.580082824156869
2026-03-02,264.476318359375,264.7200012207031,266.5299987792969,260.20001220703125,262.4100036621094,41827900,48.217791704141696,0.8408081017936411,268.955500793457,265.1807989501953,0.020194196132707454,6.2919319010900026
2026-03-03,263.5072326660156,263.75,265.55999755859375,260.1300048828125,263.4800109863281,38568900,47.23116719660491,0.49948559438462325,268.64250030517576,265.0189990234375,-0.023184361835543954,6.391629382642611
2026-03-04,262.2783508300781,262.5199890136719,266.1499938964844,261.4200134277344,264.6499938964844,39803100,45.94728312128594,0.12825499742677948,268.294499206543,264.82559875488283,-0.025827600151795194,6.531571996713188
2026-03-05,260.0504150390625,260.2900085449219,261.55999755859375,257.25,260.7900085449219,49658600,43.631620784462626,-0.3419469606305938,267.4845001220703,264.55799865722656,-0.05859156664485654,6.465906740029828
2026-03-06,257.2229919433594,257.4599914550781,258.7699890136719,254.3699951171875,258.6300048828125,41120000,40.81997375518689,-0.9321983256986073,266.56199951171874,264.28779846191406,-0.0668696747567945,6.516507645704298
2026-03-09,259.6407775878906,259.8800048828125,261.1499938964844,253.67999267578125,255.69000244140625,38218500,44.13518508645217,-1.1909731294431367,265.65,264.03819885253904,-0.06558316753417703,6.075227930102009
2026-03-10,260.58990478515625,260.8299865722656,262.4800109863281,256.95001220703125,257.6499938964844,30590800,45.42756889425865,-1.3043625630821225,264.9604995727539,263.7785986328125,-0.05021487433585203,5.778922654598819
2026-03-11,260.5699157714844,260.8099975585937,262.1300048828125,259.54998779296875,261.0899963378906,26218900,45.403767310987796,-1.3799304730000586,264.3169998168945,263.5267987060547,-0.04702570688984986,5.464903630820136
2026-03-12,255.52456665039062,255.75999450683597,258.95001220703125,254.17999267578125,258.6600036621094,40794000,39.73892956956259,-1.8262596433268072,263.32999954223635,263.1667984008789,-0.07165156258861716,5.109937264659786
2026-03-13,249.8897705078125,250.1199951171875,256.3299865722656,249.52000427246094,255.47999572753906,36930000,34.55375964531507,-2.6050501452546655,262.7494987487793,262.70759857177734,-0.044358749023042265,5.899698244884248
2026-03-16,252.58729553222656,252.82000732421875,253.88999938964844,249.8800048828125,252.11000061035156,32074200,38.67880557369748,-2.9701408736087274,262.6014991760254,262.3267990112305,-0.011572411717900577,6.116866848865378
2026-03-17,253.99598693847656,254.22999572753903,255.1300048828125,252.17999267578125,252.9600067138672,32361600,40.77804195372265,-3.1098551514149335,262.1189987182617,261.99119873046874,-0.03656968689067208,6.385413064984891
2026-03-18,249.70994567871094,249.94000244140625,254.94000244140625,249.0,252.6300048828125,35757900,36.66529765702626,-3.526099646579439,261.39849853515625,261.64479858398437,-0.05451107747077799,6.911716392362631
2026-03-19,248.73085021972656,248.9600067138672,251.8300018310547,247.3000030517578,249.39999389648438,34864100,35.777592571883446,-3.8902099541436144,260.8174995422363,261.37679901123045,-0.044592756378763254,7.451455409374536
2026-03-20,247.76173400878906,247.9900054931641,249.1999969482422,246.0,247.97999572753906,88331100,34.877491020778095,-4.208527700420689,259.9880004882813,261.12999938964845,-0.0627030838349909,7.919285214813323
2026-03-23,251.25851440429688,251.4900054931641,254.60000610351562,250.27999877929688,253.97000122070312,40546100,40.67691148089698,-4.130759237242671,259.2535011291504,260.97899932861327,-0.055188171864255064,7.995629903342835
2026-03-24,251.4083709716797,251.63999938964844,254.8300018310547,249.5500030517578,250.35000610351562,45152300,40.9197324297654,-4.010790025207115,258.22850036621094,260.8243994140625,-0.07532892685874182,7.558761038297116
2026-03-25,252.38746643066406,252.6199951171875,255.0,251.60000610351562,254.10000610351562,28476700,42.57363160091186,-3.792913746626766,257.1479995727539,260.67179931640624,-0.07880251979502706,6.639672827849933
2026-03-26,252.6572265625,252.88999938964844,257.0,250.77000427246094,252.1199951171875,41796700,43.046692079636564,-3.5574500679230425,256.14499893188474,260.5085995483398,-0.07349335746564245,5.553219106782224
2026-03-27,248.57098388671875,248.8000030517578,255.49000549316406,248.07000732421875,253.89999389648438,47900000,37.94725077062258,-3.6586967503894527,255.3759994506836,260.28539978027345,-0.058217844085183046,5.445844589098139
2026-03-30,246.40298461914062,246.6300048828125,250.8699951171875,245.50999450683594,250.07000732421875,39446200,35.54155673343821,-3.8694317914355736,254.47149963378905,260.0538000488281,-0.06833634124536203,5.312878573564903
2026-03-31,253.55638122558594,253.7899932861328,255.47999572753906,247.10000610351562,247.91000366210938,49598100,47.392331948315736,-3.4192743379568356,253.9734992980957,260.01899993896484,-0.037763058630776114,4.843447506306417
2026-04-01,255.3946990966797,255.6300048828125,256.17999267578125,253.3300018310547,254.0800018310547,40059400,49.93948580501719,-2.8808392332117876,253.62900009155274,260.1976000976563,-0.026245560030480397,4.431042537467916
2026-04-02,255.68443298339844,255.9199981689453,256.1300048828125,250.64999389648438,254.1999969482422,31289400,50.34752240310663,-2.4030249233842937,253.4104995727539,260.36300018310544,-0.016789005465118967,4.18627714555553
2026-04-06,258.6217041015625,258.8599853515625,262.1600036621094,256.4599914550781,256.510009765625,29329900,54.40506072847641,-1.7667551911638384,253.48049926757812,260.5731997680664,0.00543771437485141,4.268451722577532
2026-04-07,253.26666259765625,253.5,256.20001220703125,245.6999969482422,256.1600036621094,62148000,46.88295351709388,-1.675696480960056,253.1614990234375,260.6823999023438,-0.024549810539250316,3.9946372412565836
2026-04-08,258.66168212890625,258.8999938964844,259.75,256.5299987792969,258.45001220703125,41032800,53.81158729678482,-1.154489186568469,253.06499938964845,260.75219970703125,-0.007399427884594578,3.819091829428017
2026-04-09,260.2502136230469,260.489990234375,261.1199951171875,256.07000732421875,259.0,28121600,55.646149960030186,-0.606142006611492,253.0489990234375,260.7965997314453,-0.0012269749135931374,3.78545803251979
2026-04-10,260.240234375,260.4800109863281,262.19000244140625,259.0199890136719,259.9800109863281,31291500,55.63121498726552,-0.17041373433426088,253.2849998474121,260.87739990234377,0.01845486620608283,4.097628789965201
2026-04-13,258.96142578125,259.20001220703125,260.17999267578125,256.6600036621094,259.7300109863281,36234700,53.64249029679959,0.07080268729896488,253.7390007019043,260.89580017089844,0.03630264379938741,4.229398694733057
2026-04-14,258.59173583984375,258.8299865722656,261.92999267578125,257.19000244140625,259.25,48370700,53.05206446584597,0.2294653295397211,254.03949966430665,260.8827996826172,0.023771770722004648,4.371775797431024
2026-04-15,266.18475341796875,266.42999267578125,266.55999755859375,257.80999755859375,258.1600036621094,49913500,62.24403809113435,0.9574269711251304,254.64949951171874,260.81119934082034,0.04798803112641781,5.176780552456254
2026-04-16,263.15753173828125,263.3999938964844,267.1600036621094,261.2699890136719,266.79998779296875,43323100,57.4173564027594,1.2751471356014008,255.32249908447267,260.6895989990234,0.05385288998800242,5.4023157885322775
2026-04-17,269.98126220703125,270.2300109863281,272.29998779296875,266.7200012207031,266.9599914550781,61436200,64.16330293480995,2.054386267237305,256.3859992980957,260.5643994140625,0.08543542616829547,6.128652507310412
2026-04-20,272.79864501953125,273.04998779296875,274.2799987792969,270.2900085449219,270.3299865722656,36590200,66.5215233402029,2.866444861872253,257.6389984130859,260.5071990966797,0.1010523881797949,6.841986917068305
2026-04-21,265.9250183105469,266.1700134277344,272.79998779296875,265.3999938964844,271.5,50209800,56.71566888648982,2.921177203326863,258.3729988098145,260.2681994628906,0.058372132545717825,6.934414125809441
2026-04-22,272.9185791015625,273.1700134277344,273.739990234375,266.8699951171875,267.82000732421875,43249200,62.73466651497015,3.4891734571351094,259.4494995117187,260.23919982910155,0.08555879069427319,7.483586148798325
2026-04-23,273.1783142089844,273.42999267578125,275.7699890136719,271.6499938964844,275.04998779296875,33399600,62.94078408540657,3.9151611919328957,260.48999938964846,260.23419982910156,0.08237668419295252,7.9181218872289225
2026-04-24,270.81048583984375,271.0599975585937,273.05999755859375,269.6499938964844,272.760009765625,38157100,59.69909611335753,4.015235605096507,261.3984992980957,260.14539978027346,0.07184941362963593,8.041647676865127
2026-04-27,267.3636474609375,267.6099853515625,268.3599853515625,265.07000732421875,266.0899963378906,41466800,55.23901411312469,3.7726691646484483,262.33899841308596,260.26299926757815,0.0756028218210738,7.57719406972498
2026-04-28,270.4608154296875,270.7099914550781,273.2300109863281,268.6600036621094,272.3399963378906,40018900,58.25679354476697,3.7869247860633664,263.5429977416992,260.56159912109376,0.09763607872329794,6.825541384134404
2026-04-29,269.92132568359375,270.1700134277344,271.0400085449219,267.0400085449219,267.54998779296875,30047900,57.529223872074034,3.7118627119301095,264.3619987487793,260.68739929199216,0.0645416311711473,6.571682779546515
2026-04-30,271.1002502441406,271.3500061035156,276.0,268.1400146484375,270.5,91848200,58.74184660035045,3.704883434686451,265.14799880981445,260.8273992919922,0.061495133280264236,6.410443307358888
2026-05-01,279.88214111328125,280.1400146484375,287.2200012207031,278.3699951171875,278.8599853515625,79915400,66.43085672988381,4.35839170898015,266.35899963378904,261.2185998535156,0.09463901474203418,6.84818826484581
2026-05-04,276.5751647949219,276.8299865722656,280.6300048828125,274.8599853515625,279.6600036621094,46668400,61.76301423631732,4.556683510866321,267.2574996948242,261.46359985351563,0.06941977222280116,6.989903518541119
2026-05-05,283.9184265136719,284.17999267578125,284.57000732421875,276.5,276.92999267578125,49311700,67.26369784865541,5.246437591702943,268.79149932861327,261.82359985351565,0.12102561213325935,7.175818845920485
2026-05-06,287.245361328125,287.510009765625,288.0299987792969,281.07000732421875,281.9200134277344,58336100,69.41076246368236,5.992697136941899,270.2220001220703,262.13099975585936,0.11050605076715336,7.9139093039271815
2026-05-07,287.1754150390625,287.44000244140625,292.1300048828125,285.7799987792969,289.2699890136719,45224300,69.3078472445289,6.503495944106646,271.5695007324219,262.39519958496095,0.10345891672376006,8.446119253558807
2026-05-08,293.0500183105469,293.32000732421875,294.760009765625,290.0,290.010009765625,52692800,72.93731219762934,7.29864074442753,273.2115005493164,262.8025994873047,0.12607491919836522,9.323389277168578
2026-05-11,292.67999267578125,292.67999267578125,293.8800048828125,290.2300109863281,291.9800109863281,42247300,71.9401099152119,7.787386747146286,274.88549957275393,263.3725994873047,0.12916658523151803,9.674277044011921
2026-05-12,294.79998779296875,294.79998779296875,295.2699890136719,292.55999755859375,292.55999755859375,45748100,73.24498327716171,8.25067867603616,276.6839996337891,263.97419921875,0.13897153763773917,9.873826070488606
2026-05-13,298.8699951171875,298.8699951171875,300.9200134277344,293.5,293.5,52684300,75.59172108769937,8.844304803724697,278.3059997558594,264.6765991210938,0.12175807278905904,10.728252011222027
2026-05-14,298.2099914550781,298.2099914550781,300.45001220703125,295.3800048828125,299.82000732421875,35324900,74.45129423785637,9.155956836090468,280.04649963378904,265.39039916992186,0.13215640989070798,11.002883620815167
2026-05-15,300.2300109863281,300.2300109863281,303.20001220703125,296.5199890136719,297.8999938964844,54862800,75.66155760406181,9.456928427062564,281.54649963378904,266.18919921875,0.11101653695124858,11.621704269990445
2026-05-18,297.8399963378906,297.8399963378906,300.6600036621094,294.9100036621094,300.239990234375,34483000,71.35467444894671,9.394304676785794,282.78600006103517,266.9967993164062,0.0907892680944491,11.98414805580502
2026-05-19,298.9700012207031,298.9700012207031,300.510009765625,296.3500061035156,296.9700012207031,42243600,72.16153329373176,9.328325721473789,284.4259994506836,267.7785992431641,0.12322946289317449,11.833972526992781
2026-05-20,302.25,302.25,302.79998779296875,298.0799865722656,298.17999267578125,38229800,74.41431397539003,9.431979425814575,285.8799987792969,268.60699951171875,0.10645380218483824,12.160182440857405
2026-05-21,304.989990234375,304.989990234375,305.5400085449219,300.3999938964844,301.05999755859375,42965100,76.15056201120997,9.624277367560865,287.45799865722654,269.4905993652344,0.11542258861124988,12.50245902558968
2026-05-22,308.82000732421875,308.82000732421875,311.3999938964844,305.8399963378906,306.1199951171875,43670200,78.36104586942288,9.970788202391702,289.3459991455078,270.551799621582,0.139304988215617,12.744592680875892
2026-05-26,308.3299865722656,308.3299865722656,311.82000732421875,307.6700134277344,309.55999755859375,48000500,77.37295513502431,10.089553859697162,291.38199920654296,271.71599945068357,0.15216174077812816,12.335442661451605
2026-05-27,310.8500061035156,310.8500061035156,313.260009765625,308.29998779296875,308.3299865722656,50430900,78.84995996187695,10.268650404412881,293.38899993896484,272.87659942626954,0.1482768125132108,12.057341324927577
2026-05-28,312.510009765625,312.510009765625,312.79998779296875,309.57000732421875,310.67999267578125,48220400,79.78600357416732,10.4243684976272,295.50599975585936,274.0421997070313,0.15671612034477622,11.468648418458914
2026-05-29,312.05999755859375,312.0599975585937,315.0,309.5299987792969,311.7799987792969,70026800,78.76826530988347,10.39167522083676,297.54149932861327,275.284599609375,0.1500276047148783,10.529971455165429
2026-06-01,306.30999755859375,306.3099975585937,310.94000244140625,305.0199890136719,309.6300048828125,48849900,67.0069135621107,9.788947722259195,298.8499984741211,276.43159942626954,0.09341751103639484,9.85835784858458
2026-06-02,315.20001220703125,315.20001220703125,315.45001220703125,306.69000244140625,307.4599914550781,44534700,73.57622843981126,9.914345321001122,300.76849975585935,277.7757995605469,0.13860501931119096,9.047786154029948
2026-06-03,310.260009765625,310.260009765625,316.94000244140625,308.8500061035156,314.17999267578125,50836700,65.74275453854744,9.505533041829153,302.07250061035154,278.9511996459961,0.09177288254630311,8.386355089452689
2026-06-04,311.2300109863281,311.2300109863281,313.5400085449219,309.6499938964844,313.2300109863281,44869100,66.49703001496385,9.154292372997418,303.25850067138674,280.1429998779297,0.08250147965296728,7.880522343859249
2026-06-05,307.3399963378906,307.3399963378906,315.1700134277344,307.1499938964844,312.8599853515625,65310500,60.722813392925396,8.46446683574112,304.2535003662109,281.2373999023437,0.06923181786620303,6.983375931449446
2026-06-08,301.5400085449219,301.5400085449219,317.3999938964844,301.1700134277344,308.739990234375,77949100,53.29234515524703,7.364866983058619,304.6645004272461,282.21040008544924,0.02802400455287457,6.53342255499603
2026-06-09,290.54998779296875,290.54998779296875,300.75,287.7799987792969,300.2799987792969,70108800,42.64407400074756,5.542730206777662,304.5580001831055,283.04539978027344,-0.007277589640956483,6.752741315389125
2026-06-10,291.5799865722656,291.5799865722656,294.75,287.3800048828125,290.739990234375,52793300,43.777894376490266,4.134130296566639,304.3970001220703,283.9443994140625,-0.010922664023190087,7.0303193057032045
2026-06-11,295.6300048828125,295.6300048828125,297.0,289.5899963378906,293.7200012207031,42572500,48.1206505214434,3.3064921660852633,304.23500061035156,284.7811996459961,-0.010840801309293657,7.199670846379571
2026-06-12,291.1300048828125,291.1300048828125,297.1400146484375,289.6199951171875,296.0299987792969,38742100,44.04930803146952,2.261402551991978,303.8810012817383,285.4911996459961,-0.023741614215270657,7.670187717570002
2026-06-15,296.4200134277344,296.4200134277344,297.7799987792969,291.70001220703125,294.1199951171875,45732600,49.46244389559298,1.8388241621748875,303.6905014038086,286.3011999511719,-0.012690262196230817,7.811646562675594
2026-06-16,299.239990234375,299.239990234375,300.4800109863281,293.9700012207031,295.25,39874400,52.121676033854975,1.7117443808003259,303.7605010986328,287.10880004882813,0.004700489906319216,7.762579805100327
2026-06-17,295.95001220703125,295.95001220703125,302.07000732421875,294.3599853515625,300.8500061035156,42745100,48.88953665797738,1.3302250014077117,303.60950164794923,287.9578002929687,-0.01010131117283064,7.889013314142824
2026-06-18,298.010009765625,298.010009765625,300.57000732421875,295.6199951171875,298.1099853515625,85962200,50.94093212487923,1.1804848370259151,303.39750213623046,288.74000061035156,-0.014028090105459023,7.983869524477708
2026-06-22,297.010009765625,297.010009765625,302.4200134277344,296.760009765625,297.30999755859375,44879900,49.8940298732601,0.9699421459914674,302.99850311279295,289.47040100097655,-0.02616472908706824,8.09867213001948
2026-06-23,294.29998779296875,294.29998779296875,301.6400146484375,294.17999267578125,297.5400085449219,52010900,47.070787239818,0.5777494854422685,302.27250213623046,290.14680053710936,-0.04701774233171996,8.199531515011664
2026-06-24,293.0799865722656,293.0799865722656,299.70001220703125,292.94000244140625,295.3599853515625,53081900,45.81397688624661,0.16656995902485505,301.51000213623047,290.82440002441405,-0.049459996316075894,8.314841277557996
2026-06-25,275.1499938964844,275.1499938964844,288.79998779296875,273.75,287.3999938964844,107013700,32.20454522937402,-1.5877902817807126,299.7250015258789,291.15080017089844,-0.11484642594841332,9.887485286861555
2026-06-26,283.7799987792969,283.7799987792969,285.95001220703125,274.2099914550781,275.0,261775500,41.2506330667389,-2.2557611318538306,298.2885009765625,291.49780029296875,-0.0919330904244473,10.018406588807599
2026-06-29,281.739990234375,281.739990234375,288.3699951171875,279.8500061035156,286.7300109863281,66427000,39.89547639981137,-2.9161291617697884,296.7725006103516,291.8646002197266,-0.09716082664047854,10.118338974521254
2026-06-30,289.3599853515625,289.3599853515625,289.94000244140625,280.70001220703125,281.1700134277344,65100200,46.91115314202025,-2.792416421879693,295.925,292.24719970703126,-0.055336137710584654,9.98644153786877
2026-07-01,294.3800048828125,294.3800048828125,296.5899963378906,289.20001220703125,293.44000244140625,50164200,50.971355632623876,-2.263210678197936,294.8839996337891,292.6738000488281,-0.06605332017101462,8.897186297624383
2026-07-02,308.6300048828125,308.6300048828125,309.4200134277344,293.67999267578125,294.1199951171875,75352800,60.26197765404544,-0.6860470821145555,294.80249938964846,293.5229998779297,-0.005253673794582303,8.755259120918264
2026-07-06,312.6600036621094,312.6600036621094,314.20001220703125,307.0,307.3599853515625,53590000,62.43022221838759,0.8789219864658548,294.8739990234375,294.3127996826172,0.0045946490547277286,8.901099165843156
2026-07-07,310.6600036621094,310.6600036621094,315.4800109863281,310.1499938964844,315.2900085449219,42490000,60.66124159379064,1.9354769890691728,295.0399993896484,295.0573999023438,0.01080239267188876,9.172635194510475
2026-07-08,313.3900146484375,313.3900146484375,314.82000732421875,307.04998779296875,311.9100036621094,41323500,62.234299891775265,2.958984183874861,295.6324996948242,295.9040002441406,0.03929828801391144,9.963246407530834
2026-07-09,316.2200012207031,316.2200012207031,316.5299987792969,308.1600036621094,310.510009765625,48124500,63.8481363523452,3.9529105823350505,296.91600036621094,296.87620056152343,0.08834973156503989,10.884864220662415
2026-07-10,315.32000732421875,315.32000732421875,316.9100036621094,312.1700134277344,314.7200012207031,34132300,62.927177747848795,4.614786047137443,298.1030014038086,297.7684008789063,0.08141855355380967,11.546656186234227
2026-07-13,317.30999755859375,317.3099975585937,323.45001220703125,315.7799987792969,317.0199890136719,43257800,64.1582324952993,5.23950495082579,299.18700103759767,298.7112005615234,0.07333488589690051,12.295638931526373
2026-07-14,314.8599853515625,314.8599853515625,316.19000244140625,311.9100036621094,313.760009765625,36336800,61.45262887701185,5.473805055994205,300.37350006103514,299.5814001464844,0.08150990990537688,12.61795639799019
2026-07-15,327.5,327.5,328.7300109863281,317.32000732421875,317.6199951171875,60957600,68.76990027711426,6.603314226517284,301.92749938964846,300.52859985351563,0.10485117456430704,13.949084696782787
2026-07-16,333.260009765625,333.260009765625,334.67999267578125,326.7900085449219,328.010009765625,62970600,71.43127250573059,7.872493823170487,303.6285003662109,301.65720031738283,0.11368807860408081,15.582712635005436
2026-07-17,333.739990234375,333.739990234375,334.989990234375,329.0,331.9800109863281,63407100,71.64809261571735,8.815439312948115,305.51799926757815,302.64840026855467,0.12769040874682536,16.84282800348171
2026-07-20,326.5899963378906,326.5899963378906,333.7099914550781,323.67999267578125,333.510009765625,53468000,63.87160823132129,8.883383538975067,306.9469985961914,303.43,0.09590277385227042,17.37626121206553
2026-07-21,327.739990234375,327.739990234375,329.6000061035156,322.2200012207031,323.1300048828125,41338900,64.5382814320084,8.92711845949674,308.4834976196289,304.2359997558594,0.10346446065235138,17.80470486276764
2026-07-22,325.8900146484375,325.8900146484375,329.0,323.3399963378906,327.8699951171875,38700500,62.539015555681004,8.71207376690188,310.06299896240233,304.88739990234376,0.10733954524555189,17.881276864789264
2026-07-23,320.20001220703125,320.20001220703125,323.29998779296875,319.3500061035156,321.7300109863281,17043914,56.719137145768265,7.990405237299171,311.41900024414065,305.43780029296875,0.09253455328679894,17.55086251013923
