Price,Adj Close,Close,High,Low,Open,Volume,RSI,MACD,SMA20,SMA50,Return_20D,Volatility
Ticker,AVGO,,AVGO,AVGO,AVGO,AVGO,,,,,,
Date,,,,,,,,,,,,
2018-01-02,21.053340911865234,26.701000213623047,26.75,25.756999969482422,25.976999282836914,33135000,,,,,,
2018-01-03,21.283580780029297,26.993000030517575,27.072999954223633,26.60300064086914,26.729000091552734,31161000,,,,,,
2018-01-04,21.290674209594727,27.00200080871582,27.176000595092773,26.843000411987305,27.159000396728516,19067000,,,,,,
2018-01-05,21.416833877563477,27.16200065612793,27.426000595092773,26.94499969482422,27.19700050354004,28633000,,,,,,
2018-01-08,21.46808433532715,27.226999282836918,27.2549991607666,26.9060001373291,27.091999053955078,20971000,,,,,,
2018-01-09,21.17082405090332,26.850000381469727,27.385000228881836,26.819000244140625,27.305999755859375,26027000,,,,,,
2018-01-10,20.723756790161133,26.28300094604492,26.61400032043457,26.072999954223633,26.597999572753906,31607000,,,,,,
2018-01-11,20.77658462524414,26.350000381469727,26.385000228881836,26.155000686645508,26.35700035095215,17726000,,,,,,
2018-01-12,20.8388671875,26.429000854492188,26.531999588012695,26.201000213623047,26.339000701904297,19881000,,,,,,
2018-01-16,20.756872177124023,26.325000762939453,26.700000762939453,26.166000366210938,26.51799964904785,33528000,,,,,,
2018-01-17,20.958724975585938,26.58099937438965,26.652999877929688,26.04599952697754,26.54800033569336,37365000,,,,,,
2018-01-18,21.27332878112793,26.979999542236328,27.006000518798828,26.447999954223633,26.54599952697754,30319000,58.54356781629871,,,,,
2018-01-19,21.00445556640625,26.638999938964844,26.944000244140625,26.60700035095215,26.915000915527344,29963000,48.35789416367395,,,,,
2018-01-22,20.66697883605957,26.211000442504883,26.677000045776367,26.062000274658203,26.565000534057617,27230000,39.150753745124646,,,,,
2018-01-23,20.729272842407227,26.290000915527344,26.44099998474121,25.81100082397461,26.173999786376953,35398000,41.3697188861137,,,,,
2018-01-24,20.253032684326172,25.68600082397461,26.32699966430664,25.600000381469727,26.097000122070312,45405000,31.81667006389631,,,,,
2018-01-25,19.498451232910156,24.72900009155273,25.784000396728516,24.700000762939453,25.77400016784668,59520000,22.823666146502063,,,,,
2018-01-26,19.774415969848633,25.07900047302246,25.094999313354492,24.52400016784668,24.941999435424805,49014000,30.554640292445526,,,,,
2018-01-29,19.354942321777344,24.54700088500977,24.948999404907227,24.349000930786133,24.827999114990234,50401000,26.250255629084677,,,,,
2018-01-30,19.000919342041016,24.097999572753903,24.503000259399414,23.701000213623047,24.125,46002000,23.27062186517834,,26.20810031890869,,,0.9122517548017814
2018-01-31,19.556795120239258,24.80299949645996,25.31399917602539,24.486000061035156,25.0,80482000,35.62623742324634,,26.11320028305054,,-0.07108350630980154,0.9559536351220657
2018-02-01,18.828235626220703,23.878999710083008,24.59000015258789,23.809999465942383,24.172000885009766,66851000,29.028502969391994,,25.95750026702881,,-0.11536325406268144,1.053711595476244
2018-02-02,18.567249298095703,23.54800033569336,23.79599952697754,23.409000396728516,23.677000045776367,58352000,27.092883053171647,,25.784800243377685,,-0.12791646432021309,1.1519790060340283
2018-02-05,17.9853458404541,22.809999465942383,24.399999618530273,22.760000228881836,23.468000411987305,70776000,23.353783142353052,,25.567200183868408,,-0.160223882080045,1.2818535088958036
2018-02-06,18.953609466552734,24.038000106811523,24.040000915527344,22.489999771118164,22.562000274658203,77744000,38.55069167480573,,25.40775022506714,,-0.11712635472230104,1.2627216634297427
2018-02-07,18.717060089111328,23.738000869750977,24.309999465942383,23.700000762939453,23.875999450683594,40475000,36.63943282937926,-0.8101596928146968,25.2521502494812,,-0.1159031459033597,1.267376160969652
2018-02-08,18.10125732421875,22.957000732421875,23.851999282836914,22.951000213623047,23.73900032043457,43200000,32.16817783567072,-0.864530610739525,25.08585023880005,,-0.12654567948503392,1.3410629839302464
2018-02-09,18.568822860717773,23.549999237060547,23.711999893188477,22.625,23.27899932861328,43282000,38.32268557983732,-0.8499719835500343,24.94585018157959,,-0.10626190147527448,1.3482798203712807
2018-02-12,19.27057647705078,24.440000534057617,24.54800033569336,23.75,23.785999298095703,35063000,46.210854602162826,-0.7578821068342805,24.84640016555786,,-0.07525824874671705,1.305809949095729
2018-02-13,19.385690689086914,24.586000442504883,24.60300064086914,24.006000518798828,24.10099983215332,23719000,47.39932587845898,-0.6654483690545341,24.759450149536132,,-0.06605888964997675,1.259239432595299
2018-02-14,19.52762222290039,24.766000747680664,24.864999771118164,24.347999572753906,24.5,25491000,48.89843614353269,-0.5710863180272661,24.668700218200684,,-0.06828180540336293,1.1842227154169296
2018-02-15,19.85641860961914,25.183000564575195,25.18400001525879,24.44300079345703,24.92799949645996,25540000,52.29072183087796,-0.4573828873216996,24.578850269317627,,-0.0666048557505714,1.0614346143232405
2018-02-16,19.62460708618164,24.888999938964844,25.23699951171875,24.804000854492188,25.12700080871582,32639000,49.78158677485444,-0.38653970362873835,24.49135026931763,,-0.06569315680054022,0.9488241067492493
2018-02-20,19.682167053222656,24.96199989318848,25.573999404907227,24.75200080871582,24.875,41693000,50.41777326859857,-0.3208074157417258,24.428900241851807,,-0.04765176941857474,0.8672822267872164
2018-02-21,19.603315353393555,24.86199951171875,25.347000122070312,24.844999313354492,25.249000549316406,28156000,49.492804069952825,-0.2736290734319198,24.35750017166138,,-0.05431728239177014,0.7578817647217949
2018-02-22,19.660877227783203,24.934999465942383,25.309999465942383,24.82699966430664,24.91200065612793,19342000,50.210901687430066,-0.2277243465168617,24.319950103759766,,-0.029237768976915324,0.7053816405012581
2018-02-23,20.00465202331543,25.371000289916992,25.503000259399414,25.02899932861328,25.214000701904297,18280000,54.38257596011362,-0.15438326287299375,24.35205011367798,,0.0259614297378552,0.7387926959766831
2018-02-26,19.94473648071289,25.295000076293945,25.444000244140625,25.100000381469727,25.195999145507812,28878000,53.54046283295297,-0.10122564158492864,24.36285009384155,,0.008612767622211859,0.7514492426237774
2018-02-27,19.854846954345703,25.18099975585937,25.566999435424805,25.167999267578125,25.208999633789062,21176000,52.23387429448672,-0.06751840668923492,24.394550037384032,,0.02582795649128644,0.7726987207429215
2018-02-28,19.433006286621094,24.645999908447266,25.448999404907227,24.597999572753906,25.408000946044922,28834000,46.49889769574311,-0.08301821439426149,24.4219500541687,,0.022740490721601336,0.7713444376680231
2018-03-01,19.184633255004883,24.33099937438965,24.91200065612793,24.131000518798828,24.586000442504883,26044000,43.472432605505404,-0.11934410959345954,24.398350048065186,,-0.01902996136163604,0.7662762567606322
2018-03-02,19.780719757080078,25.08699989318848,25.118000030517578,24.023000717163086,24.042999267578125,27402000,51.612398628774216,-0.08613678826878512,24.45875005722046,,0.05058839138037219,0.7707807847731128
2018-03-05,19.47400665283203,24.697999954223636,25.134000778198242,24.341999053955078,24.989999771118164,25900000,47.79834107176816,-0.09016937451850993,24.51625003814697,,0.048836402332946394,0.7416059333478164
2018-03-06,19.787826538085938,25.09600067138672,25.1299991607666,24.73200035095215,24.930999755859375,30030000,51.72877520678448,-0.06055189201148892,24.63055009841919,,0.10021925729799186,0.6330019353585538
2018-03-07,19.479528427124023,24.70499992370605,24.940000534057617,24.433000564575195,24.868999481201172,31549000,47.91214364922209,-0.06784820448323359,24.663900089263915,,0.027747725015839553,0.6175213782504325
2018-03-08,19.47163963317871,24.69499969482422,24.829999923706055,24.591999053955078,24.826000213623047,33554000,47.814974364878985,-0.07358922875812368,24.711750030517578,,0.04031505560743032,0.5778000875617856
2018-03-09,20.01017951965332,25.37800025939941,25.42799949645996,24.76300048828125,24.857999801635742,30782000,54.588910930558406,-0.022764183038631813,24.832800006866456,,0.10545800626117452,0.4239468819370148
2018-03-12,20.724546432495117,26.28400039672852,26.43000030517578,25.961999893188477,26.065000534057617,53881000,61.69240463449021,0.08958894559450314,24.969500064849854,,0.11609347126285607,0.42929286132123845
2018-03-13,20.59680938720703,26.121999740600582,27.385000228881836,26.023000717163086,26.64299964904785,66855000,59.888447028050095,0.16367081516758475,25.053600025177,,0.06882156995860389,0.4816629383709134
2018-03-14,20.547136306762695,26.05900001525879,26.233999252319336,25.514999389648438,26.200000762939453,39619000,59.16391415788491,0.21482135238227684,25.127250003814698,25.301120147705078,0.059912126667310606,0.5176707916018797
2018-03-15,21.112476348876953,26.775999069213867,26.889999389648438,26.350000381469727,26.37299919128418,57990000,64.43713957546575,0.3096449587505212,25.22774991989136,25.302620124816894,0.08115958414163571,0.6273396508920395
2018-03-16,20.09611701965332,25.48699951171875,26.360000610351562,25.44099998474121,26.299999237060547,113955000,51.549448410678245,0.27758206503656524,25.242949867248534,25.272500114440916,0.012071593548355297,0.629876044284814
2018-03-19,19.313941955566406,24.4950008392334,25.64900016784668,24.277000427246094,25.309999465942383,71267000,44.21957553811136,0.17016443865174224,25.223249912261963,25.22236011505127,-0.015830250339412877,0.6474451094133126
2018-03-20,19.10972785949707,24.23600006103516,24.80500030517578,24.128000259399414,24.510000228881836,61918000,42.51962416628767,0.06340510303925129,25.186949920654296,25.163840103149415,-0.029084201396516574,0.6822785020498447
2018-03-21,19.680953979492188,24.600000381469727,25.05900001525879,24.006000518798828,24.058000564575195,54912000,45.68019488546212,0.008076246248869268,25.173849964141844,25.11130012512207,-0.010538135926095982,0.6913015926838473
2018-03-22,19.486543655395508,24.35700035095215,24.672000885009766,24.149999618530273,24.202999114990234,43078000,43.943091117665226,-0.05474922798715198,25.144950008392335,25.06144012451172,-0.02318023370241884,0.7135363941637825
2018-03-23,19.39933967590332,24.24799919128418,24.52199935913086,24.041000366210938,24.33799934387207,59070000,43.150421288828205,-0.1120427920146696,25.088799953460693,25.020740089416503,-0.04426317787238043,0.7385588739418165
2018-03-26,19.81936264038086,24.77300071716309,24.882999420166016,24.051000595092773,24.767000198364258,48713000,48.01447425669952,-0.1137736074417326,25.06269998550415,24.98920009613037,-0.02063646402674124,0.7401102867933345
2018-03-27,19.550546646118164,24.437000274658203,25.424999237060547,24.15999984741211,24.808000564575195,63917000,45.34070874833003,-0.14063654819048566,25.02550001144409,24.94936008453369,-0.029546066018607764,0.7524461871583679
2018-03-28,18.935319900512695,23.667999267578125,24.69300079345703,23.559999465942383,24.408000946044922,41744000,39.86860944816387,-0.22142512571581108,24.976599979400635,24.896220054626465,-0.03968192179266938,0.8081262833037126
2018-03-29,18.852916717529297,23.565000534057617,24.083999633789062,23.47599983215332,23.80900001525879,46874000,39.18644174432448,-0.29041407971915945,24.938300037384032,24.835900077819826,-0.03148242406920232,0.8570073035152723
2018-04-02,18.21528434753418,22.76799964904785,23.61199951171875,22.54400062561035,23.395000457763672,53088000,34.296324732666434,-0.4047341105234814,24.822350025177002,24.751660079956054,-0.09243832479029401,0.9833876161720813
2018-04-03,18.943317413330078,23.67799949645996,23.697999954223633,22.72100067138672,23.086000442504883,45569000,43.036973625196296,-0.4170961512686553,24.77135000228882,24.692440071105956,-0.04129890920941737,1.0160819490082722
2018-04-04,18.960113525390625,23.698999404907227,23.79199981689453,22.950000762939453,23.0049991607666,37720000,43.224677994938155,-0.42035307196188754,24.701499938964844,24.642200050354003,-0.05566629060829953,1.0403184010256876
2018-04-05,18.905719757080078,23.631000518798828,24.167999267578125,23.5,24.076000213623047,35798000,42.73363418930593,-0.42353885462236107,24.647799968719482,24.589020042419435,-0.04347295722420341,1.067492589826019
2018-04-06,18.310482025146484,22.886999130249023,23.65399932861328,22.775999069213867,23.37299919128418,30248000,37.688692281261645,-0.48055872269226185,24.557399940490722,24.533040008544923,-0.07321322481952208,1.137541592851478
2018-04-09,18.780107498168945,23.474000930786133,23.965999603271484,22.926000595092773,22.99799919128418,37494000,43.36922680465543,-0.47292960136296003,24.46219997406006,24.50794002532959,-0.07502558551310923,1.1449000069540052
2018-04-10,19.18092918395996,23.975000381469727,24.1560001373291,23.766000747680664,23.95599937438965,33244000,47.747584222409394,-0.42159709027991,24.34674997329712,24.485860023498535,-0.08784811978416296,1.0651650996813464
2018-04-11,19.226531982421875,24.03199958801269,24.07200050354004,23.70800018310547,23.812000274658203,19922000,48.237912283565585,-0.37202784044469084,24.242249965667725,24.475559997558594,-0.08000919429378417,0.9810335081685165
2018-04-12,19.155332565307617,23.94300079345703,24.263999938964844,23.709999084472656,24.14299964904785,41036000,47.48858830297344,-0.3360515190233109,24.136450004577636,24.472460021972655,-0.08120032313453085,0.8841054005956491
2018-04-13,19.756155014038086,24.694000244140625,25.200000762939453,24.489999771118164,25.0,48312000,53.984307841482156,-0.24412650738196362,24.032350063323975,24.47028003692627,-0.07775615840482508,0.6479973959304359
2018-04-16,19.950572967529297,24.937000274658203,24.98900032043457,24.56800079345703,24.909000396728516,25172000,55.88583707505202,-0.14993880058597497,24.004850101470947,24.491440048217772,-0.02157959930935227,0.5922914426029672
2018-04-17,20.14017677307129,25.173999786376957,25.28499984741211,24.964000701904297,25.089000701904297,25084000,57.7208903899758,-0.055530364975243884,24.038800048828126,24.523960037231447,0.02771989891325144,0.6394481653865812
2018-04-18,19.968170166015625,24.958999633789062,25.16699981689453,24.746000289916992,25.100000381469727,20511000,55.46675796557795,0.0019181734304254405,24.07495002746582,24.566940040588378,0.029831637684977874,0.6708489586199025
2018-04-19,19.429738998413086,24.285999298095703,24.628000259399414,24.06599998474121,24.354000091552734,50141000,49.01423145324047,-0.006780783924490663,24.05924997329712,24.571900024414063,-0.012764271483936551,0.6615238495411268
2018-04-20,18.97052001953125,23.71199989318848,24.15999984741211,23.500999450683594,24.121999740600586,41530000,44.28259938777331,-0.05930805878006851,24.026999950408936,24.571380004882812,-0.026481112143123764,0.6619663021292377
2018-04-23,18.676908493041992,23.34499931335449,23.832000732421875,23.211999893188477,23.798999786376953,31337000,41.5225742889652,-0.12906243081856772,23.981849956512452,24.579139976501466,-0.03724018096529258,0.6767298335002663
2018-04-24,18.272085189819336,22.839000701904297,23.61199951171875,22.66900062561035,23.573999404907227,44889000,38.00541036699773,-0.22260705676705683,23.88514995574951,24.56492000579834,-0.07806886365279475,0.6956431773306111
2018-04-25,18.320886611938477,22.899999618530277,23.110000610351562,22.586000442504883,22.899999618530273,34023000,38.67973625517866,-0.28849416287314966,23.808299922943114,24.53411998748779,-0.06289645369124275,0.716068691014111
2018-04-26,18.43449592590332,23.04199981689453,23.187999725341797,22.829999923706055,23.100000381469727,32751000,40.307485234471876,-0.3254997810312261,23.776999950408936,24.503239974975585,-0.026449191738024402,0.7359301614385343
2018-04-27,18.623300552368164,23.277999877929688,23.420000076293945,23.06999969482422,23.35700035095215,27211000,43.01488682844787,-0.33195717180148776,23.762649917602538,24.473479957580565,-0.01217910671010336,0.7430452879430877
2018-04-30,18.354482650756836,22.941999435424805,23.41200065612793,22.832000732421875,23.257999420166016,39682000,40.21805540620124,-0.36003684748454035,23.771349906921387,24.428659934997558,0.00764229572465891,0.7317187394518029
2018-05-01,18.43129539489746,23.038000106811523,23.084999084472656,22.63599967956543,23.084999084472656,44947000,41.39061195561276,-0.3702754361571152,23.739349937438966,24.39163993835449,-0.027029284705581746,0.749787395441082
2018-05-02,18.30008316040039,22.874000549316406,23.3439998626709,22.68000030517578,23.329999923706055,52950000,39.94908206169881,-0.3871600451320276,23.698099994659422,24.34987995147705,-0.03481154801075659,0.7744135938123652
2018-05-03,18.020877838134766,22.524999618530277,22.788000106811523,22.26799964904785,22.64900016784668,58011000,36.9961910903429,-0.42381717718212286,23.642799949645998,24.303139953613282,-0.046802965426229415,0.8177347441686278
2018-05-04,18.44249153137207,23.052000045776367,23.208999633789062,22.197999954223633,22.364999771118164,51303000,43.756714975234615,-0.4056674069318582,23.651049995422362,24.265479965209963,0.007209373085057091,0.8105086287178297
2018-05-07,18.878515243530273,23.597000122070312,23.690000534057617,23.100000381469727,23.1299991607666,36953000,49.76054939789757,-0.3433487215108286,23.657199954986574,24.22999996185303,0.005239805163459232,0.8095606048235465
2018-05-08,19.108922958374023,23.88500022888184,23.895999908447266,23.48200035095215,23.573999404907227,40149000,52.63775612210599,-0.26763636718732897,23.652699947357178,24.201799964904787,-0.003753916627982523,0.8079496446367269
2018-05-09,19.0449275970459,23.80500030517578,23.913000106811523,23.405000686645508,23.579999923706055,35031000,51.75115587744902,-0.21164934427011417,23.64134998321533,24.174279975891114,-0.009445709334571561,0.8039252611561107
2018-05-10,19.481740951538086,24.35099983215332,24.37299919128418,23.861000061035156,23.972999572753906,25747000,57.066312289032574,-0.12181739146474513,23.661749935150148,24.168379974365234,0.017040430404520635,0.8170520572532272
2018-05-11,19.471342086791992,24.33799934387207,24.450000762939453,24.15999984741211,24.308000564575195,24052000,56.90556784234549,-0.05108507546627905,23.643949890136717,24.168519973754883,-0.01441649375349896,0.7970122812006657
2018-05-14,19.581750869750977,24.47599983215332,24.841999053955078,24.3799991607666,24.628000259399414,27580000,58.24993821891552,0.015922733289610136,23.620899868011474,24.15629997253418,-0.018486603738516516,0.7636148343658558
2018-05-15,19.327341079711914,24.15800094604492,24.444000244140625,23.850000381469727,24.231000900268555,24984000,54.06451175463628,0.04287284059353169,23.570099925994874,24.145499992370606,-0.04035905493579339,0.6845586445766692
2018-05-16,19.241729736328125,24.051000595092773,24.22100067138672,23.89900016784668,24.214000701904297,29330000,52.69256310051165,0.05496337711645083,23.52469997406006,24.124599990844725,-0.036379624665207166,0.6140799777305982
2018-05-17,19.156923294067383,23.94499969482422,24.166000366210938,23.799999237060547,23.812000274658203,22825000,51.30362572007118,0.05535374414726846,23.507649993896486,24.10939998626709,-0.014040995352339602,0.5963066731300156
2018-05-18,18.880117416381836,23.599000930786133,24.062000274658203,23.58799934387207,23.986000061035156,25262000,46.95304912125595,0.02742773435758039,23.502000045776366,24.08748001098633,-0.00476547583128184,0.5948020012895544
2018-05-21,19.12492561340332,23.905000686645508,24.049999237060547,23.66699981689453,23.945999145507812,25720000,50.91727711702401,0.02964605211959892,23.530000114440917,24.05802001953125,0.023988065528477875,0.6001788857752799
2018-05-22,19.080123901367188,23.849000930786133,24.136999130249023,23.757999420166016,24.02400016784668,19218000,50.17824484808991,0.026578986626759615,23.58050012588501,24.009320030212404,0.04422261035254582,0.5811674055981759
2018-05-23,19.24573516845703,24.05599975585937,24.062999725341797,23.60300064086914,23.62299919128418,23454000,52.89962389087494,0.04038584743876683,23.638300132751464,23.96800003051758,0.0504803561827869,0.5672443850472516
2018-05-24,19.48334312438965,24.35300064086914,24.43600082397461,24.0,24.086000442504883,22799000,56.565512471533964,0.07443532924451901,23.703850173950194,23.933880043029784,0.05689613898067014,0.5704496954884554
2018-05-25,20.00337028503418,25.00300025939941,25.06800079345703,24.40399932861328,24.40399932861328,32214000,63.2981192168034,0.1521158292401097,23.790100193023683,23.898420066833495,0.07410432126968214,0.6299751624457737
2018-05-29,19.976171493530273,24.9689998626709,25.111000061035156,24.847000122070312,24.86400032043457,28281000,62.75019663030519,0.20853082375129972,23.891450214385987,23.88806007385254,0.08835325939883854,0.6491126899214753
2018-05-30,19.952964782714844,24.940000534057617,25.202999114990234,24.933000564575195,25.118000030517578,26844000,62.255210821856835,0.24804084937637327,23.98655023574829,23.896960067749024,0.08255926809739611,0.6567783734831075
2018-05-31,20.166574478149414,25.207000732421875,25.52899932861328,24.899999618530273,24.926000595092773,34698000,64.99323898171338,0.29746848243503266,24.103200244903565,23.916380081176758,0.1019935353273913,0.6559600005038762
2018-06-01,20.508190155029297,25.63400077819824,25.770000457763672,25.253999710083008,25.437000274658203,26360000,68.88106365519894,0.36686656346958557,24.258650302886963,23.937060089111327,0.13802447113518834,0.6301514257478665
2018-06-04,20.67060661315918,25.83699989318848,25.93600082397461,25.62299919128418,25.799999237060547,25886000,70.55528546969556,0.4332511254363993,24.397900295257568,23.966660079956053,0.12081380539136277,0.6566300306863907
2018-06-05,20.741806030273438,25.926000595092773,26.135000228881836,25.804000854492188,25.945999145507812,42374000,71.28471829609273,0.4874242584633137,24.51435031890869,24.000220108032227,0.0986990066946749,0.711356533065455
2018-06-06,21.082618713378906,26.351999282836918,26.378000259399414,25.97100067138672,26.073999404907227,37465000,74.53632859160096,0.5582957052023012,24.637700271606445,24.031800079345704,0.10328654093844114,0.8043010102849405
2018-06-07,21.175424575805664,26.468000411987305,26.648000717163086,26.29199981689453,26.299999237060547,46077000,75.35471405923933,0.616713074571603,24.770850276947023,24.072420082092286,0.11186725783122653,0.8763901161824313
2018-06-08,20.638595581054688,25.79700088500977,25.993000030517578,25.374000549316406,25.673999786376953,73694000,62.78470896584481,0.6019265717878426,24.843150329589843,24.115000114440917,0.05938158855174125,0.8992774234231752
2018-06-11,20.86741065979004,26.08300018310547,26.18000030517578,25.631999969482422,25.785999298095703,31859000,65.43157554311674,0.606296901685262,24.930400371551514,24.165360107421876,0.07169861477018902,0.9317526367505016
2018-06-12,20.915416717529297,26.14299964904785,26.17300033569336,25.84000015258789,26.033000946044922,27594000,65.97825693516819,0.6075978651081577,25.01375036239624,24.232860107421875,0.06810752689680322,0.9630015927144758
2018-06-13,21.08741569519043,26.357999801635746,26.60700035095215,26.070999145507812,26.176000595092773,34868000,67.93511981006547,0.6188439555734675,25.123750305175783,24.28646011352539,0.09106709038154115,0.9854939725021108
2018-06-14,21.47784423828125,26.84600067138672,26.906999588012695,26.40999984741211,26.5,37042000,71.88758856226278,0.6595314866523694,25.26350030899048,24.349400138854982,0.1162113844387922,1.0228320369143362
2018-06-15,21.61944580078125,27.02300071716309,27.180999755859375,26.632999420166016,27.003999710083008,60969000,73.17896206220313,0.6980128153755238,25.417400360107422,24.417240142822266,0.12854462566579983,1.0453207878610673
2018-06-18,21.161026000976562,26.450000762939453,26.899999618530273,26.42300033569336,26.899999618530273,30191000,63.077301577433964,0.674498044489777,25.559950351715088,24.488500175476073,0.12081019194478015,0.9764191438856467
2018-06-19,21.156970977783203,26.09499931335449,26.113000869750977,25.415000915527344,25.600000381469727,36221000,57.7577277083751,0.6200689995897228,25.669450283050537,24.54092014312744,0.09161257326097538,0.9009383075020754
2018-06-20,21.178855895996094,26.121999740600582,26.402000427246094,26.073999404907227,26.149999618530273,24951000,58.047519828372494,0.5725127278433355,25.78310022354126,24.583860130310057,0.09530792574544655,0.7965235593855234
2018-06-21,21.051570892333984,25.96500015258789,26.256999969482422,25.8439998626709,26.158000946044922,18186000,55.656581426728955,0.5162049953476497,25.878550243377685,24.622520141601562,0.07935651879375905,0.6852791695994845
2018-06-22,21.056432723999023,25.97100067138672,26.149999618530273,25.895999908447266,26.118000030517578,52412000,55.73163185987389,0.46668524636948305,25.959450244903564,24.663080139160158,0.0664394525495251,0.583676755911658
2018-06-25,20.465389251708984,25.242000579833984,25.642000198364258,25.042999267578125,25.642000198364258,29705000,45.6279730180906,0.36441551839811126,25.971400260925293,24.674040145874024,0.009558865654321957,0.5652188184522576
2018-06-26,20.394044876098633,25.15399932861328,25.461000442504883,25.05500030517578,25.299999237060547,24233000,44.57737316815749,0.2731167369169185,25.980650234222413,24.678380126953126,0.007409166044290094,0.5492387280554205
2018-06-27,20.034870147705078,24.711000442504883,25.516000747680664,24.684999465942383,25.208999633789062,24720000,39.630465520780554,0.16313496863762467,25.969200229644777,24.669120140075684,-0.009182040362830657,0.5739079868750975
2018-06-28,19.855690002441406,24.489999771118164,24.73200035095215,24.226999282836914,24.628000259399414,33238000,37.40062486241337,0.05747814541772911,25.93335018157959,24.659740142822265,-0.028444517017904736,0.6423402350859201
2018-06-29,19.67245101928711,24.263999938964844,24.69499969482422,24.256999969482422,24.69499969482422,42794000,35.21833382601952,-0.043984915173254535,25.86485013961792,24.65930015563965,-0.053444674949006954,0.7413605425458109
2018-07-02,19.624618530273438,24.20499992370605,24.222000122070312,23.742000579833984,24.009000778198242,33369000,34.64991986534761,-0.12768406739283478,25.7832501411438,24.66916015625,-0.06316522724113494,0.8291990280686373
2018-07-03,19.400848388671875,23.929000854492188,24.339000701904297,23.899999618530273,24.336000442504883,11591000,32.0444340515958,-0.21382225693358237,25.68340015411377,24.680840187072754,-0.07702691100680503,0.9257233831924678
2018-07-05,19.896228790283203,24.540000915527344,24.56100082397461,24.06800079345703,24.179000854492188,25299000,42.37483100450107,-0.23013197598482904,25.592800235748292,24.714860191345213,-0.06876132424949366,0.9453064660763904
2018-07-06,20.081083297729492,24.76799964904785,24.860000610351562,24.441999435424805,24.489999771118164,23112000,45.692461103403936,-0.22209972611752704,25.50780019760132,24.752220191955566,-0.06422853016767849,0.9388767788368924
2018-07-09,20.06081199645996,24.743000030517575,24.92300033569336,24.55299949645996,24.899999618530273,17955000,45.383926803957884,-0.21526987341345816,25.45510015487671,24.78624019622803,-0.040857495768225394,0.9512882920947365
2018-07-10,20.314584732055664,25.05599975585937,25.18000030517578,24.704999923706055,24.833999633789062,16413000,49.94148401318448,-0.18249699222586813,25.403750133514404,24.821800193786622,-0.03937432120678008,0.9432955965801298
2018-07-11,19.737316131591797,24.3439998626709,24.753999710083008,24.26099967956543,24.4950008392334,35761000,41.46502860415848,-0.21153820793466238,25.313800144195557,24.849840202331542,-0.06881382437085692,0.9547963642575412
2018-07-12,17.024492263793945,20.99799919128418,21.027999877929688,19.746000289916992,20.70800018310547,435083000,22.3052446382585,-0.49879803781217547,25.045800113677977,24.809040184020997,-0.20335384515857424,1.326260878921458
2018-07-13,16.414794921875,20.246000289916992,21.399999618530273,20.190000534057617,21.25,161678000,20.061618588931182,-0.7781633663117447,24.715800094604493,24.75648017883301,-0.24584668913102603,1.6389943403875133
2018-07-16,16.478845596313477,20.325000762939453,20.63800048828125,20.05299949645996,20.15999984741211,102277000,20.961078184185666,-0.9818693453074872,24.38090009689331,24.712480201721192,-0.24786292330479576,1.817351027667233
2018-07-17,16.88909149169922,20.83099937438965,20.909000396728516,20.201000213623047,20.22100067138672,110827000,26.65365746500686,-1.0899140909541956,24.09995002746582,24.668060188293456,-0.2124386096964842,1.912486520635991
2018-07-18,16.927200317382812,20.87800025939941,20.988000869750977,20.663000106811523,20.722000122070312,80834000,27.178308143680113,-1.1583945009506458,23.839100074768066,24.61368019104004,-0.19992332597170082,1.9806215643080933
2018-07-19,17.05611228942871,21.03700065612793,21.148000717163086,20.804000854492188,20.82900047302246,63247000,29.02781858045735,-1.1861623745598315,23.584850120544434,24.556720199584962,-0.19466346891387498,1.9984420685054318
2018-07-20,17.052867889404297,21.03300094604492,21.121000289916992,20.875999450683594,21.010000228881836,62893000,29.00786013540116,-1.1947193763450485,23.338250160217285,24.501280212402342,-0.18994797525743157,1.9935716763738824
2018-07-23,17.570953369140625,21.67200088500977,21.86400032043457,21.040000915527344,21.041000366210938,82211000,36.517564956345645,-1.1368341902896013,23.12330017089844,24.44770023345947,-0.16553077183172726,1.9253594877302684
2018-07-24,17.621212005615234,21.733999252319336,22.038999557495117,21.600000381469727,21.780000686645508,81158000,37.211560068642704,-1.073581434702497,22.947900104522706,24.395620231628417,-0.1389747740643511,1.8814766868034793
2018-07-25,18.320911407470703,22.597000122070312,22.864999771118164,21.770999908447266,21.770999908447266,92271000,46.052349279339545,-0.9429465119723233,22.820050144195555,24.358040237426756,-0.1016537836841842,1.8091649818683266
2018-07-26,18.094701766967773,22.31800079345703,22.976999282836914,22.156999588012695,22.649999618530273,85069000,43.90028475340185,-0.8521077410392301,22.700400161743165,24.321240234375,-0.09683944826983626,1.7558701374867558
2018-07-27,17.922008514404297,22.104999542236328,22.929000854492188,22.006999969482422,22.400999069213867,79443000,42.276003961292915,-0.7882186870888646,22.581150150299074,24.28232021331787,-0.09738669870036265,1.7082761807691738
2018-07-30,18.257667541503906,22.518999099731445,22.802000045776367,22.104999542236328,22.111000061035156,75275000,46.42513598774272,-0.696155005622856,22.493900108337403,24.253800201416016,-0.07191727842164852,1.661729768253723
2018-07-31,17.980384826660156,22.177000045776367,22.884000778198242,22.15399932861328,22.667999267578125,63860000,43.63487810070687,-0.6433739260932221,22.392500114440917,24.22536018371582,-0.0837843372989846,1.6129817848608212
2018-08-01,17.577430725097656,21.68000030517578,22.393999099731445,21.6200008392334,22.326000213623047,42669000,39.88342479822613,-0.634336034816279,22.2800500869751,24.180860176086426,-0.09398639596329827,1.5782471257370279
2018-08-02,17.54094886779785,21.63500022888184,21.826000213623047,21.325000762939453,21.427000045776367,40312000,39.55185542318839,-0.6236159148613147,22.134800052642824,24.13658016204834,-0.11837818167347358,1.4905522807358156
2018-08-03,17.659320831298828,21.7810001373291,21.799999237060547,21.440000534057617,21.575000762939453,24832000,41.25814844511805,-0.5964635100647762,21.985450077056885,24.091080169677735,-0.1205991422013597,1.3564369326318426
2018-08-06,17.58959197998047,21.69499969482422,21.83099937438965,21.586000442504883,21.663000106811523,22638000,40.53236777046465,-0.5752533876454891,21.833050060272218,24.037920150756836,-0.12318636915224535,1.19151089992882
2018-08-07,17.86201286315918,22.0310001373291,22.18400001525879,21.714000701904297,21.922000885009766,29798000,44.63053643937518,-0.5252767221012675,21.681800079345702,23.97848014831543,-0.12072955172434785,0.9224827662475383
2018-08-08,17.79309844970703,21.94599914550781,22.12299919128418,21.895000457763672,22.054000854492188,15801000,43.80804407939419,-0.48691586129764985,21.561900043487547,23.918020133972167,-0.09850479504973153,0.6830075793175384
2018-08-09,17.55959129333496,21.65800094604492,22.024999618530273,21.5939998626709,22.014999389648438,27563000,41.047843907851075,-0.47428637246225236,21.594900131225586,23.852380142211913,0.031431649689494856,0.6701515465389032
2018-08-10,17.206912994384766,21.222999572753903,21.447999954223633,21.04599952697754,21.2810001373291,37017000,37.23201578905006,-0.4936874651476195,21.64375009536743,23.772700119018555,0.04825640960419619,0.5984194829899511
2018-08-13,17.113679885864258,21.107999801635746,21.398000717163086,21.045000076293945,21.165000915527344,29842000,36.272037444351895,-0.5124354543760887,21.682900047302248,23.682180099487304,0.038523936497164124,0.5292142077269733
2018-08-14,16.807207107543945,20.729999542236328,21.158000946044922,20.68400001525879,21.158000946044922,36327000,33.23839279789391,-0.5514381964943524,21.67785005569458,23.580040092468263,-0.004848535124891473,0.5381772572050794
2018-08-15,16.748830795288086,20.65800094604492,20.757999420166016,20.277000427246094,20.51300048828125,41132000,32.67778138682158,-0.5814551822205729,21.666850090026855,23.474680099487305,-0.010537374778288311,0.5572948273962077
2018-08-16,16.919902801513672,20.86899948120117,20.88599967956543,20.66900062561035,20.777000427246094,29239000,36.08027196253069,-0.581514701768878,21.658450031280516,23.36502010345459,-0.007985985154106312,0.5684427959504199
2018-08-17,16.96692657470703,20.927000045776367,21.118999481201172,20.551000595092773,20.797000885009766,39093000,37.02251147602269,-0.5703075600611953,21.65314998626709,23.254200096130372,-0.005039742095788946,0.5750371954385928
2018-08-20,16.76017951965332,20.67200088500977,21.0,20.586000442504883,20.947999954223633,54489000,34.607143200666684,-0.5753696178720347,21.60314998626709,23.15170009613037,-0.046142486118653014,0.6153726277687944
2018-08-21,17.067461013793945,21.051000595092773,21.143999099731445,20.711000442504883,20.75200080871582,29952000,40.79010524499471,-0.542545103752861,21.569000053405762,23.051060104370116,-0.031425355697188406,0.6265783863506291
2018-08-22,16.82666015625,20.753999710083008,21.17099952697754,20.743000030517578,21.045000076293945,26890000,37.775824039591555,-0.5343374199422861,21.476850032806396,22.94328010559082,-0.08155951683990392,0.6024955952276603
2018-08-23,16.668560028076172,20.55900001525879,20.908000946044922,20.527999877929688,20.773000717163086,35578000,35.90003216989753,-0.5373731143223459,21.388899993896484,22.82730010986328,-0.07881533809757402,0.6016305812141621
2018-08-24,16.945035934448242,20.899999618530277,20.927000045776367,20.468000411987305,20.635000228881836,20541000,41.381651887431715,-0.50642534966601,21.32864999771118,22.70838008880615,-0.05451255139832245,0.5862840851670782
2018-08-27,17.26691246032715,21.29700088500977,21.437000274658203,20.863000869750977,21.024999618530273,28213000,47.058060392008294,-0.4447376797498208,21.2675500869751,22.593860092163087,-0.05426520998156836,0.5150502398437443
2018-08-28,17.38528060913086,21.44300079345703,21.59600067138672,21.256999969482422,21.46299934387207,24340000,49.01348366904496,-0.3796919322214052,21.23085012435913,22.493720092773437,-0.03309731933103044,0.47111313980379094
2018-08-29,17.430686950683594,21.499000549316406,21.579999923706055,21.344999313354492,21.481000900268555,18125000,49.77967752134761,-0.3199359736366105,21.221800136566163,22.401800117492677,-0.00834869710846653,0.46371128377562965
2018-08-30,17.56527328491211,21.665000915527344,21.694000244140625,21.461000442504883,21.496999740600586,26529000,52.07858024853168,-0.2562304387099097,21.223300170898437,22.312660140991213,0.0013866737382999261,0.4651645182331313
2018-08-31,17.758235931396484,21.902999877929688,21.93199920654297,21.584999084472656,21.60300064086914,27623000,55.24203843378074,-0.1844130176074934,21.229400157928467,22.23142013549805,0.005601200120810779,0.47358658374625046
2018-09-04,17.790668487548828,21.94300079345703,22.02899932861328,21.71299934387207,21.858999252319336,36663000,55.77051274074541,-0.12285327826743853,21.241800212860106,22.150860137939453,0.011431256147561797,0.48940181020504553
2018-09-05,17.952014923095703,22.142000198364254,22.18000030517578,21.95800018310547,21.9950008392334,37194000,58.40195034995471,-0.057348079495394444,21.247350215911865,22.08886013031006,0.005038357784178604,0.49935094437152006
2018-09-06,17.510143280029297,21.597000122070312,22.281999588012695,21.392000198364258,22.149999618530273,62509000,49.68378135248741,-0.04884859276017295,21.22990026473999,22.0177201461792,-0.015902626311226076,0.47934882702215864
2018-09-07,18.856826782226562,23.257999420166016,23.541000366210938,22.399999618530273,22.420000076293945,104703000,66.22968813262683,0.09086859689768545,21.309900188446044,21.988660125732423,0.07387563044747592,0.6556494127532313
2018-09-10,19.50787353515625,24.06100082397461,24.094999313354492,23.204999923706055,23.465999603271484,60880000,71.16615936273092,0.2633551840058317,21.45180025100708,21.98008014678955,0.13372290950163968,0.8981248691500805
2018-09-11,18.854389190673828,23.2549991607666,23.969999313354492,23.040000915527344,23.770000457763672,60755000,61.45554069676227,0.3311966203274608,21.559150218963623,21.959900131225584,0.10171496017185278,0.979494622050625
2018-09-12,18.63872528076172,22.98900032043457,23.084999084472656,22.283000946044922,22.809999465942383,53077000,58.61306792372497,0.35935514163185545,21.672100257873534,21.935580139160155,0.10897254356400943,1.0086627630069664
2018-09-13,19.087080001831055,23.54199981689453,23.922000885009766,23.11199951171875,23.368999481201172,43757000,62.496670422572876,0.42143536582860364,21.816300201416016,21.927840118408202,0.13960687088659318,1.0608552977441021
2018-09-14,19.16167640686035,23.63400077819824,23.708999633789062,23.368999481201172,23.516000747680664,28095000,63.11675787008759,0.47261014391206757,21.95455026626587,21.90972011566162,0.13249323713327943,1.1099374191931553
2018-09-17,19.03925323486328,23.482999801635746,24.030000686645508,23.430999755859375,24.0,36739000,61.32454527853126,0.49527281073131135,22.082350254058838,21.88402011871338,0.122138851735476,1.1323218392434318
2018-09-18,19.582456588745117,23.972999572753903,24.139999389648438,23.48699951171875,23.5,50511000,64.81588623240651,0.54647262760788,22.247400188446044,21.868620109558105,0.15968452720693538,1.1562539807409302
2018-09-19,19.750722885131836,24.179000854492188,24.249000549316406,23.976999282836914,24.047000885009766,31160000,66.19743194311134,0.5967919866372178,22.403800201416015,21.85108013153076,0.1485915239643567,1.196750687587013
2018-09-20,20.007219314575195,24.493000030517575,24.604000091552734,24.172000885009766,24.298999786376953,39986000,68.24427234353689,0.6544633049142234,22.590750217437744,21.854060134887696,0.1801580597795822,1.2173296930807385
2018-09-21,20.26616096496582,24.809999465942383,24.87700080871582,24.51799964904785,24.632999420166016,135321000,70.20574169656327,0.7174768191547223,22.803300189971925,21.930300140380858,0.20677073046006722,1.215025418359062
2018-09-24,20.376436233520508,24.94499969482422,25.010000228881836,24.731000900268555,24.80500030517578,45326000,71.02651072128197,0.7694392566140102,23.005550193786622,22.024280128479003,0.19354067703941857,1.2181882794778622
2018-09-25,20.229402542114258,24.76499938964844,24.934999465942383,24.579999923706055,24.898000717163086,47037000,68.32389429773448,0.7870230307733443,23.178950119018555,22.113080101013182,0.16283975961515207,1.2089761011911513
2018-09-26,20.04806137084961,24.542999267578125,24.80500030517578,24.479999542236328,24.56399917602539,33428000,65.03697587221602,0.7741211571344664,23.33395004272461,22.187320098876953,0.14456924681302086,1.1728833464578892
2018-09-27,20.131385803222656,24.645000457763672,24.788000106811523,24.490999221801758,24.569000244140625,29572000,65.84989083885597,0.7633278051286752,23.491250038146973,22.262660102844237,0.1463323795555369,1.1237718283058744
2018-09-28,20.154253005981445,24.67300033569336,24.69700050354004,24.385000228881836,24.554000854492188,26739000,66.0830158873934,0.7484061913392814,23.641650009155274,22.335380096435546,0.13884141671141936,1.066310515703091
2018-10-01,20.381345748901367,24.951000213623047,25.214000701904297,24.767000198364258,24.788000106811523,27709000,68.39024698389208,0.7503632512384009,23.794050025939942,22.41374008178711,0.1391590354143517,1.0216169479617445
2018-10-02,20.26616096496582,24.809999465942383,25.17099952697754,24.79199981689453,24.913999557495117,24888000,65.94013902728493,0.73209748922201,23.93739995956421,22.47650005340576,0.13065663623091295,0.9466035827062804
2018-10-03,20.37398910522461,24.941999435424805,25.132999420166016,24.70400047302246,24.881000518798828,19607000,67.12744224339848,0.7199736277807318,24.077399921417236,22.54066005706787,0.12645647240430424,0.8711416747144202
2018-10-04,20.271881103515625,24.816999435424805,24.972999572753906,24.6200008392334,24.666000366210938,25660000,64.82298494905086,0.6922985383007472,24.23839988708496,22.585060043334963,0.14909474904636988,0.6607441191438562
2018-10-05,19.950040817260742,24.42300033569336,25.0049991607666,24.239999771118164,24.839000701904297,33860000,58.057529813209236,0.6312962062418315,24.296649932861328,22.62716003417969,0.05009033212535141,0.6198515918352528
2018-10-08,19.716411590576172,24.136999130249023,24.54199981689453,24.038000106811523,24.33099937438965,33397000,53.67805454809659,0.5534931866019157,24.30044984817505,22.66780002593994,0.0031585679594294813,0.6185625531590013
2018-10-09,19.988431930541992,24.46999931335449,24.572999954223633,24.03700065612793,24.05900001525879,24675000,57.680836144289835,0.5127929073414279,24.361199855804443,22.706820030212402,0.052246837086010744,0.5680873554046134
2018-10-10,18.937145233154297,23.183000564575195,24.506999969482422,23.163999557495117,24.292999267578125,56327000,42.42295169074196,0.37239486349009,24.370899868011474,22.726940040588378,0.008438829067664244,0.5445945775620145
2018-10-11,18.69780158996582,22.88999938964844,23.559999465942383,22.7189998626709,23.19700050354004,37424000,39.839208212772995,0.23477926687747797,24.33829984664917,22.75114002227783,-0.02769520144071158,0.6121496862226261
2018-10-12,19.028627395629883,23.295000076293945,23.566999435424805,22.910999298095703,23.47599983215332,32589000,44.84005359917208,0.15659297938486816,24.321349811553954,22.784340019226075,-0.014343771293136798,0.636871824157757
2018-10-15,18.989416122436523,23.246999740600582,23.533000946044922,23.003999710083008,23.10300064086914,30099000,44.36930856929873,0.08972229454891334,24.309549808502197,22.813660011291503,-0.01004982596042625,0.6551464770770035
2018-10-16,19.467281341552734,23.832000732421875,23.875999450683594,23.417999267578125,23.600000381469727,30355000,51.1063482644251,0.08297500185065942,24.302499866485597,22.856400032043457,-0.005881568549822913,0.659701457492464
2018-10-17,19.373342514038086,23.71699905395508,23.974000930786133,23.392000198364258,23.974000930786133,20262000,49.82882862204726,0.0675691542823067,24.27939977645874,22.890120010375977,-0.019107563762349233,0.6722233792134359
2018-10-18,18.625919342041016,22.802000045776367,23.68199920654297,22.652999877929688,23.542999267578125,37442000,41.03882953998367,-0.018262346935447482,24.19484977722168,22.90724002838135,-0.0690401332068048,0.7462154341083234
2018-10-19,18.64716148376465,22.827999114990234,23.108999252319336,22.69300079345703,23.0,32231000,41.35539104848424,-0.08322713186180764,24.09574975967407,22.930639991760255,-0.07988715814657366,0.7905150663259641
2018-10-22,18.674928665161133,22.86199951171875,23.243000030517578,22.804000854492188,23.055999755859375,25619000,41.79549923479366,-0.13046472792705543,23.991599750518798,22.96341999053955,-0.08350371651989497,0.809721754207964
2018-10-23,18.710052490234375,22.905000686645508,22.95400047302246,21.881999969482422,22.2810001373291,35990000,42.3844138835928,-0.16255716983100754,23.89859981536865,22.999360008239748,-0.07510594584469876,0.8229250727087247
2018-10-24,17.865428924560547,21.871000289916992,22.641000747680664,21.784000396728516,22.639999389648438,37810000,33.5847999111847,-0.2683326796676475,23.764999866485596,23.02218002319336,-0.10887010786782303,0.9235468838107158
2018-10-25,18.153776168823242,22.224000930786133,22.339000701904297,21.915000915527344,21.988000869750977,35193000,38.29477742546161,-0.3199877125510362,23.643949890136717,23.053500022888183,-0.09823491507442339,0.9600727173399249
2018-10-26,17.411251068115234,21.315000534057617,21.733999252319336,20.920000076293945,21.55699920654297,53324000,32.001281191874725,-0.4293244484516805,23.47604990005493,23.062420043945313,-0.1361001806001627,1.0591532114039903
2018-10-29,17.276470184326172,21.149999618530277,21.868999481201172,20.822999954223633,21.618999481201172,28636000,31.00520180252829,-0.523257013162894,23.285999870300294,23.06688003540039,-0.15233860617008266,1.119843884509931
2018-10-30,18.053300857543945,22.10099983215332,22.1560001373291,21.100000381469727,21.378000259399414,29697000,42.17663501228733,-0.5150245951044532,23.15054988861084,23.09546001434326,-0.10918983039511176,1.0892216573969584
2018-10-31,18.25588607788086,22.349000930786133,22.566999435424805,22.17099952697754,22.5,28146000,44.6916519012265,-0.48292190533748425,23.020899963378906,23.12142002105713,-0.10396113236037796,1.016668443357642
2018-11-01,18.777856826782227,22.988000869750977,23.42300033569336,22.371999740600586,22.516000747680664,36830000,50.64792811597466,-0.4012924876785533,22.929450035095215,23.166100044250488,-0.07369942407554075,0.9247055576857047
2018-11-02,18.033700942993164,22.07699966430664,22.597000122070312,21.774999618530273,22.533000946044922,40241000,43.461804067805325,-0.4054371427939998,22.81215000152588,23.196460037231446,-0.09605702162473961,0.8726040935225836
2018-11-05,17.978153228759766,22.00900077819824,22.110000610351562,21.371000289916992,21.902000427246094,27609000,42.97170581989688,-0.4094884259752192,22.70575008392334,23.218640060424804,-0.0881633354903647,0.8313186984149326
2018-11-06,18.64470863342285,22.825000762939453,22.916000366210938,21.972000122070312,22.030000686645508,29464000,50.22535587078049,-0.34290195759396624,22.62350015640259,23.249200057983398,-0.06722511632917283,0.7217328984612974
2018-11-07,19.147077560424805,23.440000534057617,23.52899932861328,22.92099952697754,23.198999404907227,29004000,54.88309348086764,-0.2377655466921702,22.63635015487671,23.28914005279541,0.011085707769646236,0.7343955218751561
2018-11-08,19.62493324279785,24.024999618530277,24.261999130249023,23.270999908447266,23.270999908447266,29796000,58.829633444481225,-0.10601754227622706,22.6931001663208,23.339660034179687,0.04958498292468794,0.7962741193928534
2018-11-09,19.522008895874023,23.89900016784668,23.902000427246094,23.253999710083008,23.5,33611000,57.65973548059714,-0.011639232406288613,22.723300170898437,23.384340019226073,0.02592831464153522,0.8310002690989214
2018-11-12,18.267316818237305,22.363000869750977,23.187000274658203,22.027999877929688,23.100000381469727,50306000,45.72282477696073,-0.06009332985022198,22.679100227355956,23.3935400390625,-0.03802636386258973,0.8251682171254225
2018-11-13,18.365339279174805,22.482999801635746,22.98200035095215,22.23200035095215,22.548999786376953,26697000,46.65202285395512,-0.08779855316905127,22.61165018081665,23.404340019226073,-0.0566046026069017,0.7798594600563491
2018-11-14,18.477251052856445,22.6200008392334,23.05299949645996,22.562000274658203,22.676000595092773,25411000,47.7517723889739,-0.09757551370257644,22.556800270080565,23.413900032043458,-0.04625366861237645,0.7353315800350713
2018-11-15,19.3055419921875,23.63400077819824,23.930999755859375,22.586000442504883,22.621999740600586,36694000,55.12531215861462,-0.02323466983047595,22.59840030670166,23.454640045166016,0.036488059413717355,0.7725271197110117
2018-11-16,19.409282684326172,23.76099967956543,23.920000076293945,23.165000915527344,23.381999969482422,36005000,55.96354284265308,0.0454053301194719,22.64505033493042,23.464700050354004,0.04087088666314731,0.8141693231829583
2018-11-19,18.716594696044922,22.913000106811523,24.107999801635742,22.854000091552734,23.652999877929688,35326000,49.33662073037915,0.03101897863413683,22.647600364685058,23.441740036010742,0.00223080203753101,0.8149640654441134
2018-11-20,18.600597381591797,22.770999908447266,22.908000946044922,22.257999420166016,22.393999099731445,32123000,48.305100715944015,0.008066476847233162,22.640900325775146,23.432060050964356,-0.005850284836549702,0.8132856312697289
2018-11-21,18.787656784057617,23.0,23.33099937438965,22.750999450683594,23.02199935913086,19926000,50.116429058695815,0.00825963543609376,22.697350311279298,23.432280044555664,0.051620853875782746,0.7960333018725426
2018-11-23,18.77948760986328,22.989999771118164,23.268999099731445,22.757999420166016,22.757999420166016,8066000,50.03398231121276,0.00751910455717919,22.735650253295898,23.421240043640136,0.03446718899615053,0.7904681389522229
2018-11-26,19.22140121459961,23.5310001373291,23.815000534057617,23.155000686645508,23.422000885009766,28714000,54.40408503985733,0.05000995311551293,22.84645023345947,23.419180030822755,0.1039643231409122,0.734157619547316
2018-11-27,19.26388168334961,23.58300018310547,23.836999893188477,23.242000579833984,23.357999801635742,30406000,54.813175714107864,0.08687874178450983,22.96810026168823,23.42118003845215,0.11503548976159572,0.6328443455632898
2018-11-28,19.21405029296875,23.52199935913086,23.799999237060547,23.16200065612793,23.649999618530273,31080000,54.19884764935936,0.10990831114504473,23.03915023803711,23.41216003417969,0.06429571231027387,0.6097163456534028
2018-11-29,19.259794235229492,23.577999114990234,23.863000869750977,23.275999069213867,23.427000045776367,17920000,54.70077547717965,0.13116612166820474,23.100600147247313,23.400139999389648,0.05499119123983465,0.5983247067762025
2018-11-30,19.3929500579834,23.74099922180176,23.827999114990234,23.339000701904297,23.540000915527344,40083000,56.205211559560986,0.1593291883289396,23.138250064849853,23.385099983215333,0.032756147710157224,0.6143434103738526
2018-12-03,19.773597717285156,24.207000732421875,24.70400047302246,24.14699935913086,24.520000457763672,35241000,60.26785836310957,0.21675246147922778,23.244750118255617,23.373040008544923,0.09648054991634347,0.6052432760469053
2018-12-04,18.954294204711914,23.20400047302246,24.113000869750977,23.158000946044922,24.048999786376953,36455000,49.60223416747467,0.1792606751750334,23.304500102996826,23.338220024108885,0.05429595404476384,0.5312969201275208
2018-12-06,18.562206268310547,22.724000930786133,22.725000381469727,21.76099967956543,22.624000549316406,57859000,45.45632921644059,0.10955335005546374,23.29945011138916,23.29740005493164,-0.004424965116203272,0.5365484994471059
2018-12-07,18.670026779174805,22.856000900268555,23.827999114990234,22.450000762939453,23.405000686645508,78396000,46.773859984517394,0.0642207897631657,23.270250129699708,23.26366008758545,-0.02491465957692829,0.5443316305263368
2018-12-10,19.543245315551758,23.924999237060547,24.031999588012695,22.650999069213867,22.795000076293945,43344000,56.03582636003249,0.1132481863179784,23.26525011062622,23.249260063171388,-0.004162346849429288,0.5374496869829255
2018-12-11,20.16324234008789,24.68400001525879,25.034000396728516,24.341999053955078,24.34600067138672,57730000,61.198520417841074,0.2109164572491835,23.304500102996826,23.249480056762696,0.03284655600229813,0.6099435726088048
2018-12-12,20.828161239624023,25.49799919128418,26.018999099731445,25.200000762939453,25.243999481201172,68703000,65.83252808995252,0.3499679831916218,23.461250019073486,23.260420036315917,0.14018683538011745,0.7434697740602745
2018-12-13,21.09935188293457,25.82999992370605,26.149999618530273,25.45800018310547,25.84600067138672,54355000,67.5355352311687,0.48140763620933313,23.628600025177,23.28082004547119,0.14886804036829626,0.876478628130071
2018-12-14,20.81590461730957,25.482999801635746,26.159000396728516,25.46299934387207,25.535999298095703,42727000,63.947924254888974,0.5512203730100893,23.77174997329712,23.29164005279541,0.12656935703718464,0.9349294649982176
2018-12-17,20.75872802734375,25.413000106811523,26.131999969482422,25.308000564575195,25.39900016784668,56238000,63.21835355942758,0.5940512267795732,23.860699939727784,23.303560066223145,0.07527288102039686,1.0032645192298808
2018-12-18,20.609312057495117,24.96699905395508,25.55900001525879,24.881000518798828,25.507999420166016,51849000,58.62874204756482,0.5852599173764617,23.920999908447264,23.31444004058838,0.050755413941056426,1.0327655789210393
2018-12-19,20.132200241088867,24.388999938964844,25.593000411987305,24.25200080871582,24.899999618530273,59728000,53.23482177918501,0.5255943191568413,23.994799900054932,23.319480056762696,0.06441757191431852,1.00941676052949
2018-12-20,19.967103958129883,24.18899917602539,24.850000381469727,23.844999313354492,24.440000534057617,75365000,51.47024977494776,0.4569036121786958,24.06569986343384,23.313860054016114,0.06227215639538497,0.9678791947102205
2018-12-21,20.216394424438477,24.49099922180176,25.173999786376953,24.18899917602539,24.18899917602539,102138000,53.95230540928217,0.4219703996830688,24.140249824523927,23.340020027160644,0.06482605312181566,0.9384483830922279
2018-12-24,19.299306869506836,23.3799991607666,24.3700008392334,23.35099983215332,24.200000762939453,28494000,44.86208058994135,0.301165508674476,24.15974979400635,23.349820022583007,0.01696387096699259,0.9170984822576708
2018-12-26,20.483022689819336,24.81399917602539,24.850000381469727,23.350000381469727,23.777999877929688,36741000,55.32492298895122,0.3174788800852646,24.22389974594116,23.380200004577638,0.054523778471318174,0.9156744621908925
2018-12-27,20.706716537475586,25.084999084472656,25.12299919128418,24.214000701904297,24.5,37507000,56.98608854558735,0.3482602449119021,24.29899969100952,23.416959991455077,0.06368989906734601,0.9219166099877312
2018-12-28,20.932897567749023,25.358999252319336,25.805999755859375,25.115999221801758,25.299999237060547,28702000,58.65982207902132,0.3902654843631339,24.390849685668947,23.447499961853026,0.0780970981735607,0.9318859090861481
2018-12-31,20.989852905273438,25.42799949645996,25.850000381469727,25.094999313354492,25.783000946044922,26590000,59.09151532621524,0.42423239532488566,24.48334970474243,23.481719970703125,0.078462993082969,0.9387462022549123
2019-01-02,20.926294326782227,25.35099983215332,25.469999313354492,24.64900016784668,24.885000228881836,30346000,58.35913836707033,0.43986766692772505,24.56384973526001,23.532699966430663,0.0678151999968506,0.9407659706329953
2019-01-03,19.06487464904785,23.09600067138672,24.65399932861328,23.033000946044922,24.45599937438965,68580000,41.958201790242256,0.2672188137129261,24.50829973220825,23.538059997558594,-0.045895816392781286,0.9942279529264433
2019-01-04,19.25225830078125,23.322999954223636,23.645000457763672,23.16699981689453,23.429000854492188,54248000,43.674250232347084,0.1470155944266338,24.51424970626831,23.54728000640869,0.005128403670717319,0.9863362880024155
2019-01-07,19.64434814453125,23.79800033569336,24.02400016784668,23.076000213623047,23.364999771118164,53433000,47.19258947885074,0.08905565995288711,24.56794967651367,23.565139999389647,0.04726277772028209,0.9100224096206558
2019-01-08,19.486690521240234,23.60700035095215,24.190000534057617,23.336999893188477,24.01099967956543,36795000,45.949686185975146,0.02739410954592003,24.60549964904785,23.599860000610352,0.0328578675666209,0.8491212150554496
2019-01-09,20.329484939575195,24.62800025939941,24.667999267578125,23.78499984741211,23.841999053955078,52971000,53.06561672568997,0.06021888058986846,24.640649700164794,23.647939987182617,0.02938353374113767,0.8338826392298071
2019-01-10,20.596935272216797,24.95199966430664,25.05699920654297,24.43600082397461,24.55699920654297,29594000,55.086376852208346,0.11109614512584542,24.654049682617188,23.720679969787597,0.010857221231655556,0.8367642321506421
2019-01-11,20.683603286743164,25.05699920654297,25.29199981689453,24.93199920654297,24.94300079345703,20158000,55.751270720862784,0.15806722874267365,24.631999683380126,23.798819961547853,-0.01729547410496257,0.8189758276830001
2019-01-14,20.7083683013916,25.08699989318848,25.158000946044922,24.59000015258789,24.81100082397461,25498000,55.95191636159805,0.19545981650828992,24.59484968185425,23.858539962768553,-0.028765003202174455,0.7775780510185116
2019-01-15,21.172279357910156,25.64900016784668,26.222000122070312,25.201000213623047,25.275999069213867,39247000,59.64365360443212,0.26736047194971846,24.603149700164796,23.924539947509764,0.006514161107527006,0.7883683913414662
2019-01-16,20.776885986328125,25.170000076293945,25.735000610351562,25.13599967956543,25.719999313354492,24484000,55.3831114460859,0.2824352178047498,24.590999698638917,23.968179931640623,-0.009562036339520796,0.7770212659113338
2019-01-17,21.07652473449707,25.53300094604492,25.735000610351562,24.871999740600586,25.006000518798828,35154000,57.8409224280287,0.31998461550259094,24.619299793243407,24.03729995727539,0.022670000942711432,0.8013623871000286
2019-01-18,21.52971076965332,26.082000732421875,26.194000244140625,25.700000762939453,25.913000106811523,34634000,61.31207593200945,0.3895519657118527,24.70394983291626,24.118759956359863,0.06941657295066972,0.8628165403574981
2019-01-22,21.320865631103516,25.82900047302246,25.945999145507812,25.489999771118164,25.799999237060547,37156000,58.90511414222462,0.4194346044056303,24.785949897766113,24.178839950561525,0.06779946888511756,0.8888395691793213
2019-01-23,21.257305145263672,25.75200080871582,26.090999603271484,25.364999771118164,25.95400047302246,31771000,58.156813145055935,0.43192462327338177,24.848999977111816,24.22507995605469,0.051488368257001094,0.911258009169158
2019-01-24,21.755056381225586,26.354999542236328,26.674999237060547,26.0,26.108999252319336,35999000,62.2059209585426,0.48489049573523957,24.997749996185302,24.271679954528807,0.12724552986562987,0.9016059342980912
2019-01-25,22.1174373626709,26.79400062561035,26.83099937438965,26.090999603271484,26.517000198364258,30333000,64.87113778206613,0.5558821859874961,25.09675006866455,24.329579963684083,0.07979372593426959,0.9851984472083155
2019-01-28,22.09102439880371,26.761999130249023,26.885000228881836,25.864999771118164,26.1560001373291,31320000,64.51398665675151,0.6026147905610131,25.180600070953368,24.417559928894043,0.06685270508199515,1.0531657419682157
2019-01-29,21.98370933532715,26.631999969482425,26.760000228881836,26.382999420166016,26.735000610351562,27870000,62.99668079717754,0.6219909460994977,25.244250106811524,24.500539932250977,0.05019917010513186,1.1018575793272474
2019-01-30,22.355173110961914,27.082000732421875,27.375,26.73699951171875,27.0,28727000,65.9794393908306,0.6659809755894948,25.32695016860962,24.589779930114744,0.06504645543162679,1.1759540336658383
2019-01-31,22.14303207397461,26.825000762939453,27.100000381469727,26.635000228881836,27.055999755859375,21063000,62.86287456420368,0.6723551495549778,25.400650215148925,24.65359992980957,0.05814370007279246,1.2227973356258908
2019-02-01,22.024158477783203,26.68099975585937,26.959999084472656,26.48900032043457,26.915000915527344,22878000,61.12077279625341,0.6581997337260468,25.579900169372557,24.71199993133545,0.15522163925610077,1.126118336805747
2019-02-04,22.462478637695312,27.21199989318848,27.214000701904297,26.4950008392334,26.75,20761000,64.97527106864769,0.6819674418666608,25.7743501663208,24.79797992706299,0.16674527061689481,1.0490256773333793
2019-02-05,22.2874813079834,27.0,27.46299934387207,26.990999221801758,27.195999145507812,22619000,62.318859163941625,0.6759054844932244,25.934450149536133,24.882559928894043,0.13454910577104795,0.9731192746620303
2019-02-06,22.800098419189453,27.621000289916992,28.0,27.274999618530273,27.32699966430664,27064000,66.62343005884212,0.7129919457525027,26.135150146484374,24.97497993469238,0.1700343067433785,0.8770188849687957
2019-02-07,22.212366104125977,26.90900039672852,27.457000732421875,26.6299991607666,27.285999298095703,28646000,58.3877349780159,0.6771253134277622,26.24920015335083,25.05335994720459,0.09261816279454327,0.8169672966972814
2019-02-08,22.62261962890625,27.4060001373291,27.429000854492188,26.70599937438965,26.732999801635742,23903000,61.925793771448724,0.6809548507320393,26.371900177001955,25.13085994720459,0.0983488500335652,0.7958982641829933
2019-02-11,22.759647369384766,27.57200050354004,27.600000381469727,27.327999114990234,27.440000534057617,18012000,63.055665406540136,0.6894372256883159,26.497650241851808,25.21063995361328,0.10037120870963445,0.7756369724334463
2019-02-12,23.06258773803711,27.93899917602539,28.038999557495117,27.70599937438965,27.864999771118164,19809000,65.49368379224484,0.7175023739498982,26.640250205993652,25.29897994995117,0.11368435026028267,0.7647324573615759
2019-02-13,23.221904754638672,28.131999969482425,28.215999603271484,27.797000885009766,28.0,19190000,66.73685714645025,0.7467101474340332,26.76440019607544,25.390059967041015,0.09680688468895604,0.7962403503009332
2019-02-14,23.23676109313965,28.149999618530277,28.284000396728516,27.895000457763672,28.059999465942383,16015000,66.85678425569364,0.7625200827381349,26.913400173187256,25.478239974975587,0.118394896035102,0.7601845124864659
2019-02-15,23.272260665893555,28.19300079345703,28.409000396728516,27.878999710083008,28.409000396728516,17352000,67.16139120176439,0.7696473897911993,27.046400165557863,25.55795997619629,0.10417889589371399,0.7383418524016339
2019-02-19,23.249975204467773,28.166000366210938,28.283000946044922,28.014999389648438,28.114999771118164,15152000,66.74658123540408,0.764306671607546,27.150600147247314,25.65719997406006,0.07990183173327248,0.7421203884509627
2019-02-20,23.39525032043457,28.34199905395508,28.663000106811523,28.22800064086914,28.325000762939453,16150000,68.12841755227382,0.7654520820631028,27.276250076293945,25.769559936523436,0.09729368287237294,0.7189597130482673
2019-02-21,23.190536499023438,28.0939998626709,28.334999084472656,27.89299964904785,28.323999404907227,13254000,64.08715723034271,0.7378429714963488,27.393350028991698,25.874319915771483,0.09094435307575877,0.6445026322151727
2019-02-22,22.824031829833984,27.649999618530277,28.0,27.465999603271484,27.9950008392334,27225000,57.50984647502232,0.6723846121579413,27.458100032806396,25.94881992340088,0.049136789936899516,0.5980730123663686
2019-02-25,22.99738311767578,27.86000061035156,28.08300018310547,27.847999572753906,28.077999114990234,19245000,59.6207039806963,0.6301892859593714,27.511400032043458,26.012339935302734,0.03978502500004799,0.5830867718904247
2019-02-26,22.70021629333496,27.5,27.801000595092773,27.44499969482422,27.792999267578125,27211000,54.612000975221385,0.5612306280155295,27.548300075531007,26.05237995147705,0.027576447714506402,0.5558828668954885
2019-02-27,22.410476684570312,27.14900016784668,27.510000228881836,26.95800018310547,27.32200050354004,29146000,50.18517940862204,0.4728074122123651,27.57415008544922,26.078759956359864,0.019412744028112217,0.5220193354015112
2019-02-28,22.729930877685547,27.535999298095703,27.570999145507812,26.863000869750977,26.996999740600586,31460000,54.55880346640992,0.42901357076579316,27.59685001373291,26.119819946289063,0.016763848807164194,0.5092056923926493
2019-03-01,22.514480590820312,27.274999618530277,27.81599998474121,27.113000869750977,27.773000717163086,19035000,51.28829123443851,0.36899262572675795,27.61934995651245,26.15705993652344,0.01677535294658883,0.4825496848472006
2019-03-04,22.691133499145508,27.48900032043457,27.658000946044922,27.086000442504883,27.5,17382000,53.73704018153714,0.3348339056831051,27.65974998474121,26.207499961853028,0.03028374393646005,0.43091557675543046
2019-03-05,22.866132736206055,27.701000213623047,28.04400062561035,27.452999114990234,27.549999237060547,21699000,56.09187741203145,0.32116727712054427,27.68420000076294,26.27373996734619,0.0179700250754804,0.4178479843666985
2019-03-06,22.3989200592041,27.13500022888184,27.69300079345703,27.04800033569336,27.666000366210938,19973000,48.93084477141914,0.26164878271615066,27.690950012207033,26.33265998840332,0.005000008477105133,0.40716745023246226
2019-03-07,21.91684913635254,26.551000595092773,27.033000946044922,26.408000946044922,27.01799964904785,25411000,42.85191960402188,0.16544886579829665,27.63745002746582,26.37386001586914,-0.03873862943388118,0.4805297548502125
2019-03-08,21.807889938354492,26.41900062561035,26.47599983215332,25.920000076293945,26.1560001373291,22167000,41.594090455300034,0.07766319126521992,27.61295003890991,26.434640045166017,-0.018209512203869904,0.529609744713154
2019-03-11,22.20988655090332,26.9060001373291,27.05500030517578,26.405000686645508,26.48900032043457,27161000,47.694237315577425,0.046849154417550665,27.587950038909913,26.47648006439209,-0.018244180015125955,0.5512518315419285
2019-03-12,22.256942749023438,26.96299934387207,27.003000259399414,26.427000045776367,26.97599983215332,23324000,48.37387584024228,0.026720154509924043,27.557499980926515,26.514040069580076,-0.022087666783183857,0.5687223870319081
2019-03-13,22.38736343383789,27.121000289916992,27.308000564575195,26.902000427246094,27.051000595092773,32089000,50.301606524411525,0.02324913142337337,27.516600036621092,26.549280090332033,-0.0292780310760139,0.5692558462922719
2019-03-14,22.138896942138672,26.81999969482422,27.22599983215332,26.788999557495117,27.208999633789062,43094000,46.7223420230425,-0.0037467219586524436,27.451000022888184,26.577120094299318,-0.04663729120153082,0.5702012514067761
2019-03-15,23.962343215942383,29.02899932861328,29.954999923706055,28.350000381469727,28.645999908447266,144066000,65.89953989361456,0.15136187335151874,27.494950008392333,26.650680084228515,0.031225567388796227,0.6545512413963304
2019-03-18,24.25538444519043,29.38400077819824,29.697999954223633,29.020999908447266,29.023000717163086,56746000,67.899281761583,0.2994799839078439,27.554500007629393,26.776440086364747,0.042244527053594494,0.7660776066516172
2019-03-19,24.706907272338867,29.93099975585937,30.097999572753906,29.410999298095703,29.416000366210938,51556000,70.74597339041932,0.45574930539465086,27.642749977111816,26.90860008239746,0.06266418258539108,0.9253357942807715
2019-03-20,24.23802947998047,29.10300064086914,29.899999618530273,29.02899932861328,29.799999237060547,41263000,61.81052863949018,0.5069375987495448,27.68080005645752,27.014700088500977,0.02685066728939378,0.970162950776844
2019-03-21,24.718564987182617,29.68000030517578,29.937000274658203,29.100000381469727,29.187999725341797,27379000,65.11695744955841,0.5872937835876755,27.760100078582763,27.13616008758545,0.056453351258545226,1.0658183057010053
2019-03-22,24.372936248779297,29.26499938964844,29.643999099731445,29.139999389648438,29.591999053955078,23307000,61.02455506464923,0.6104526156713455,27.84085006713867,27.22890007019043,0.05840867245567094,1.1169882713111465
2019-03-25,24.332134246826172,29.215999603271484,29.417999267578125,28.899999618530273,29.219999313354492,23878000,60.54075947062474,0.6177314599498906,27.90865001678467,27.314180068969726,0.048671893869811855,1.158590932002901
2019-03-26,24.73772621154785,29.702999114990234,29.94700050354004,29.42300033569336,29.437000274658203,28009000,63.627168104449154,0.6552435473143525,28.01879997253418,27.40710006713867,0.08010905872691754,1.2207495454508026
2019-03-27,24.649444580078125,29.597000122070312,29.868000030517578,29.246000289916992,29.756999969482422,21862000,62.48161598522716,0.6687104363007137,28.14119997024536,27.49730007171631,0.09016906475704656,1.251291720469948
2019-03-28,24.907625198364258,29.90699958801269,30.329999923706055,29.566999435424805,29.711000442504883,33030000,64.4949080879376,0.6963700880740262,28.259749984741212,27.58246006011963,0.08610547466425023,1.3022164656019926
2019-03-29,25.044212341308594,30.07099914550781,30.267000198364258,29.827999114990234,30.121999740600586,24493000,65.5481817563116,0.7231874997413392,28.399549961090088,27.680480041503905,0.1025114414695707,1.3404554668449633
2019-04-01,25.46729278564453,30.57900047302246,30.674999237060547,29.975000381469727,30.31100082397461,27040000,68.65051112755584,0.7764811617924998,28.554049968719482,27.781400032043457,0.1124086040441008,1.4064343708753528
2019-04-02,25.239093780517578,30.30500030517578,30.735000610351562,30.26099967956543,30.615999221801758,22857000,65.23820171976473,0.7875291040067189,28.68424997329712,27.865860023498534,0.09400382915675798,1.4433547823011006
2019-04-03,25.33487319946289,30.420000076293945,30.739999771118164,30.18199920654297,30.621999740600586,22266000,66.00201746286123,0.7963839794602627,28.848499965667724,27.957680015563966,0.1210613532228988,1.444686816795759
2019-04-04,25.151647567749023,30.200000762939453,30.600000381469727,30.16699981689453,30.475000381469727,15228000,63.143605759566036,0.7766961562635579,29.030949974060057,28.04664001464844,0.13743362156080474,1.3676251200305447
2019-04-05,25.341529846191406,30.42799949645996,30.444000244140625,30.18000030517578,30.399999618530273,18875000,64.84292919538291,0.7706079184698993,29.231399917602538,28.12810001373291,0.15174680252527506,1.2536984293151938
2019-04-08,25.358190536499023,30.447999954223636,30.530000686645508,30.200000762939453,30.413999557495117,13899000,64.99539783761084,0.7586515530859863,29.408499908447265,28.201180000305175,0.13164349211387982,1.1541407981594671
2019-04-09,25.27240753173828,30.34499931335449,30.410999298095703,30.02899932861328,30.257999420166016,11621000,63.468840613425876,0.7324218532647464,29.577599906921385,28.272840003967286,0.12543114830624558,1.016532822156885
2019-04-10,25.61054229736328,30.750999450683597,30.777000427246094,30.299999237060547,30.360000610351562,14992000,66.78083873847675,0.735912306202966,29.759099864959715,28.35521999359131,0.13384458987363246,0.8680462244422309
2019-04-11,25.768783569335938,30.94099998474121,31.018999099731445,30.62299919128418,30.815000534057617,16669000,68.23236480106686,0.7454172642850487,29.965149879455566,28.432399978637694,0.1536540021181385,0.5724383037854447
2019-04-12,26.403396606445312,31.702999114990234,31.743999481201172,31.05699920654297,31.135000228881836,30087000,73.27578808840626,0.8051556405312219,30.098849868774415,28.529959945678712,0.09211477654144451,0.6493824998008143
2019-04-15,26.350927352905273,31.63999938964844,31.75200080871582,31.316999435424805,31.702999114990234,16216000,72.25443963972396,0.8377580296936209,30.211649799346922,28.62913993835449,0.07677642770565352,0.7116293804233661
2019-04-16,26.525819778442383,31.850000381469727,32.000999450683594,31.610000610351562,32.0,21116000,73.57655759974622,0.8705063279041063,30.307599830627442,28.721899948120118,0.06411415058846104,0.796148992255887
2019-04-17,26.694894790649414,32.053001403808594,32.09400177001953,31.784000396728516,32.02399826049805,18138000,74.8253813990533,0.9024373402167996,30.455099868774415,28.822959976196287,0.10136414452043785,0.8336177768005899
2019-04-18,26.535818099975586,31.86199951171875,32.244998931884766,31.81599998474121,32.104000091552734,26548000,71.40582673932961,0.9019337107199519,30.56419982910156,28.907779960632325,0.07351749272598429,0.8688766069235248
2019-04-22,26.234333038330078,31.5,31.788999557495117,31.420000076293945,31.73200035095215,13504000,65.3135592836865,0.8623832284332416,30.67594985961914,28.999599952697753,0.07637111419664411,0.8360944102660578
2019-04-23,26.287633895874023,31.56399917602539,31.80900001525879,31.41900062561035,31.676000595092773,19777000,65.86800378306593,0.8266740016131067,30.793349838256837,29.082759933471678,0.08036690870200403,0.7834990723926398
2019-04-24,26.17853355407715,31.433000564575195,31.701000213623047,31.319000244140625,31.45800018310547,23335000,63.62613157236067,0.7788258691270791,30.879849910736084,29.159979934692384,0.05824332562808032,0.7516363984329504
2019-04-25,25.969491958618164,31.18199920654297,31.295000076293945,30.656999588012695,31.295000076293945,26732000,59.4508256214796,0.7124396072038088,30.959099864959718,29.224839935302736,0.05355269378435179,0.6903152500783463
2019-04-26,25.852052688598633,31.041000366210938,31.094999313354492,30.51099967956543,30.915000915527344,16404000,57.18081806691892,0.6410608380100449,31.015799903869627,29.283019943237306,0.03791757093054482,0.6443953737472156
2019-04-29,26.044443130493164,31.27199935913086,31.466999053955078,31.04400062561035,31.124000549316406,13404000,59.88336438048335,0.5962590343673995,31.07584991455078,29.345459938049316,0.03993881971834856,0.6065663572259377
2019-04-30,26.51749610900879,31.84000015258789,31.841999053955078,31.253000259399414,31.332000732421875,18953000,65.62800719734298,0.5996735360129861,31.138899898529054,29.418399925231935,0.041237439421144995,0.6176394953369099
2019-05-01,26.55913734436035,31.88999938964844,32.31999969482422,31.868999481201172,32.04999923706055,18158000,66.08835544785504,0.5995033720419904,31.218149852752685,29.492879905700683,0.052301569658851355,0.6065972038509863
2019-05-02,26.30262565612793,31.582000732421875,32.21900177001953,31.42300033569336,31.99799919128418,20428000,60.69561828552729,0.5679684119777839,31.276249885559082,29.55767993927002,0.03819857505633162,0.5812452742268462
2019-05-03,26.29346466064453,31.57099914550781,31.665000915527344,31.069000244140625,31.4950008392334,19214000,60.505697815220614,0.5359113404702001,31.3447998046875,29.62721992492676,0.04539729628917111,0.5258406017967036
2019-05-06,25.948667526245117,31.15699958801269,31.19300079345703,30.53499984741211,30.679000854492188,14371000,53.69658778261536,0.47166254378549866,31.381249809265135,29.697359924316405,0.023958199803360225,0.4824189318862608
2019-05-07,25.59221649169922,30.72900009155273,30.961999893188477,30.37299919128418,30.864999771118164,21734000,47.717929470312306,0.3818076857675088,31.39529981613159,29.75473991394043,0.009228853709654317,0.45724339018360555
2019-05-08,25.267406463623047,30.339000701904297,30.766000747680664,30.31100082397461,30.530000686645508,15099000,43.01779246406241,0.2759464333225772,31.39499988555908,29.811519927978516,-0.00019768039498857526,0.4579699894144931
2019-05-09,25.323209762573242,30.4060001373291,30.584999084472656,29.684999465942383,30.0,22282000,44.037597555927974,0.19520670123211303,31.377749919891357,29.876659927368163,-0.011219125216004211,0.4889530398531064
2019-05-10,25.314878463745117,30.395999908447266,30.540000915527344,29.666000366210938,30.322999954223633,21025000,43.91127600660336,0.1289267595269905,31.35049991607666,29.933859939575196,-0.017614171376578502,0.5281874544340556
2019-05-13,24.433740615844727,29.33799934387207,29.56800079345703,28.81999969482422,29.381999969482422,37864000,33.09501703338273,-0.008870125986177868,31.23224992752075,29.97511993408203,-0.0745986132901828,0.6862138467297224
2019-05-14,25.151647567749023,30.200000762939453,30.459999084472656,29.54800033569336,29.569000244140625,34277000,44.9851726525927,-0.04796591880181822,31.160249996185303,30.02933994293213,-0.04551196758809384,0.7160747659102702
2019-05-15,25.349027633666992,30.437000274658203,30.777000427246094,29.861000061035156,30.027000427246094,18166000,47.735353452849495,-0.059143961596603845,31.089599990844725,30.08405994415283,-0.044364210043576824,0.7141430063808886
2019-05-16,24.759382247924805,29.72900009155273,30.309999465942383,29.469999313354492,29.975000381469727,34233000,41.12193981377226,-0.12370632925794922,30.973399925231934,30.13593994140625,-0.0725049515013505,0.7378148796553524
2019-05-17,24.143083572387695,28.98900032043457,29.35700035095215,28.840999603271484,29.277999877929688,39094000,35.57433812749049,-0.2319109428794519,30.829749965667723,30.184699935913088,-0.09017008459332565,0.829666118163304
2019-05-20,22.702274322509766,27.25900077819824,27.9950008392334,26.86400032043457,27.799999237060547,65162000,26.55496276697265,-0.4520494390532761,30.617700004577635,30.201499938964844,-0.1346348959302146,1.135092911018861
2019-05-21,22.93047523498535,27.53300094604492,27.97800064086914,27.46500015258789,27.708999633789062,25060000,29.599389871134818,-0.5975134960102011,30.416150093078613,30.21403995513916,-0.12770872941354783,1.3035926317112305
2019-05-22,22.42160987854004,26.92200088500977,27.506000518798828,26.89699935913086,27.04800033569336,31809000,26.919678038477855,-0.7534125370019353,30.19060010910034,30.213219985961913,-0.14351158332142477,1.4946458679495978
2019-05-23,21.661230087280273,26.00900077819824,26.548999786376953,25.816999435424805,26.45800018310547,46607000,23.496546225446636,-0.9398016797809703,29.931950187683107,30.190979995727538,-0.16589694567304303,1.7412981288592362
2019-05-24,21.315603256225586,25.5939998626709,26.573999404907227,25.573999404907227,26.270000457763672,27963000,22.11966876564503,-1.1082285549373125,29.659600162506102,30.166459999084474,-0.1754776083012216,1.9696993398313225
2019-05-28,21.194011688232422,25.447999954223636,25.773000717163086,25.009000778198242,25.656999588012695,61965000,21.639248145123275,-1.239204264010727,29.368400192260744,30.09484001159668,-0.18623687401703404,2.1417699393506697
2019-05-29,21.164026260375977,25.41200065612793,25.636999130249023,25.158000946044922,25.27400016784668,28132000,21.51516470409237,-1.330570313258093,29.047000217437745,30.01540000915527,-0.20188440532835572,2.2317649734578726
2019-05-30,21.372238159179688,25.66200065612793,25.733999252319336,25.41200065612793,25.465999603271484,17310000,24.742557148344403,-1.367047185879155,28.73560028076172,29.930020027160644,-0.195296295162117,2.2486358714370374
2019-05-31,20.957487106323242,25.16399955749512,25.573999404907227,25.100000381469727,25.304000854492188,22192000,22.736833972369,-1.419773630292248,28.41470022201538,29.851240005493164,-0.2032170548440928,2.2788004878503556
2019-06-03,21.085739135742188,25.31800079345703,25.83300018310547,25.1200008392334,25.2549991607666,28911000,24.767827788922162,-1.4326187672879662,28.102050304412842,29.764000015258787,-0.1980614653097068,2.251759857276192
2019-06-04,22.128450393676758,26.56999969482422,26.600000381469727,25.576000213623047,25.695999145507812,36805000,38.84281510047385,-1.3264819250269682,27.87270030975342,29.710100021362305,-0.1472221315865495,2.155781238119552
2019-06-05,22.130117416381836,26.57200050354004,27.150999069213867,26.239999771118164,26.900999069213867,23651000,38.86250023516806,-1.2280500675741912,27.664850330352785,29.657220039367676,-0.1352793639762926,2.0643566788096805
2019-06-06,22.71893310546875,27.27899932861328,27.5,26.527999877929688,26.70199966430664,32687000,45.53387294487543,-1.0805374516999429,27.51185026168823,29.608740043640136,-0.10086032178043847,1.9668224683112265
2019-06-07,22.89215850830078,27.48699951171875,27.78700065612793,27.327999114990234,27.47800064086914,25963000,47.354003697240515,-0.9360584650926143,27.365900230407714,29.566540031433107,-0.09600080945953582,1.8453056748595666
2019-06-10,23.33689308166504,28.020999908447266,28.476999282836914,27.672000885009766,27.67300033569336,23280000,51.80672091778035,-0.7695970226829729,27.247150230407716,29.528820037841797,-0.07813528119336421,1.711624773178696
2019-06-11,23.609230041503906,28.347999572753903,29.174999237060547,27.94099998474121,29.048999786376953,37105000,54.35275797053725,-0.6043227339252297,27.197650241851807,29.494360046386717,-0.033744624489023045,1.6615582762314287
2019-06-12,23.296920776367188,27.972999572753903,28.31599998474121,27.740999221801758,28.16699981689453,27057000,51.02371814966807,-0.4978619922042036,27.08630018234253,29.44224002838135,-0.07374175940149186,1.5182022509213506
2019-06-13,23.4534912109375,28.160999298095703,28.288999557495117,27.740999221801758,28.152000427246094,37735000,52.5914252796014,-0.3937818091510117,26.972500133514405,29.399360008239746,-0.07477744048441903,1.3270981694906048
2019-06-14,22.147605895996094,26.593000411987305,26.80900001525879,25.746999740600586,25.81100082397461,100797000,40.84740459533437,-0.43283249642965416,26.815700149536134,29.322820014953614,-0.10548621446761997,1.1588697942006576
2019-06-17,22.150938034057617,26.597000122070312,26.8700008392334,26.134000778198242,26.483999252319336,35785000,40.8836686856396,-0.45817613498687493,26.69610013961792,29.250760002136232,-0.08251406298678465,1.040119366126596
2019-06-18,23.156999588012695,27.80500030517578,28.302000045776367,26.645999908447266,26.815000534057617,54920000,50.7117653033791,-0.37644619463454987,26.723400115966797,29.198300018310547,0.02003006388312789,1.0625940031264955
2019-06-19,23.110368728637695,27.749000549316406,27.906999588012695,27.371000289916992,27.878000259399414,28920000,50.294334183617835,-0.3125899974511732,26.734200096130373,29.144320030212402,0.007845116618227399,1.0723089756889963
2019-06-20,23.240285873413086,27.905000686645508,28.545000076293945,27.715999603271484,28.250999450683594,57291000,51.49220815903572,-0.2465534787604362,26.78335008621216,29.095520057678222,0.03651288051859014,1.10344614977153
2019-06-21,23.037647247314453,27.39900016784668,28.100000381469727,27.395999908447266,27.660999298095703,45399000,47.49409131777922,-0.2323704530378592,26.85285005569458,29.028480072021484,0.05344301388208628,1.0958553006790388
2019-06-24,23.47571563720703,27.920000076293945,27.94499969482422,27.5,27.552000045776367,20506000,51.65631208218001,-0.17704905325898324,26.969150066375732,28.968060073852538,0.09088068399248295,1.0785143160556205
2019-06-25,23.249534606933594,27.650999069213867,28.288000106811523,27.601999282836914,27.916000366210938,24436000,49.475548949788475,-0.1531471929912236,27.079300022125246,28.887020072937013,0.08656865447001838,1.02620993062978
2019-06-26,23.664064407348633,28.143999099731445,28.402999877929688,27.809999465942383,27.857999801635742,24774000,53.36158318502535,-0.09334775937272966,27.21589994430542,28.81710006713867,0.10750819979003556,0.9730455657624265
2019-06-27,24.023096084594727,28.57099914550781,28.844999313354492,28.222999572753906,28.292999267578125,21813000,56.48352219289191,-0.011369877423117458,27.361349868774415,28.751520042419433,0.11335821116835754,0.9455745405972668
2019-06-28,24.203868865966797,28.785999298095703,28.93000030517578,28.48200035095215,28.785999298095703,49265000,58.00773445355619,0.0701383884409772,27.542449855804442,28.686180000305175,0.14393577349757058,0.8439707691567606
2019-07-01,25.254053115844727,30.03499984741211,30.575000762939453,29.632999420166016,30.167999267578125,44832000,65.55552483651239,0.23283421448007147,27.778299808502197,28.649640007019045,0.1863100918763736,0.8487009996882541
2019-07-02,24.83196449279785,29.53300094604492,30.066999435424805,29.389999389648438,29.88800048828125,19011000,60.82350265898358,0.31760357648733617,27.926449871063234,28.610300025939942,0.11151679658460378,0.8845335507964835
2019-07-03,23.954143524169922,28.48900032043457,28.878000259399414,28.302000045776367,28.3700008392334,49411000,52.3588314492971,0.29711680363536175,28.02229986190796,28.548800048828124,0.07214360155680177,0.8323643544055227
2019-07-05,23.766645431518555,28.266000747680664,28.54400062561035,28.19700050354004,28.364999771118164,24565000,50.734661793546195,0.25989082703722843,28.071649932861327,28.485460052490236,0.0361817311250161,0.8150545283690128
2019-07-08,23.119211196899414,27.496000289916992,28.118999481201172,27.43899917602539,28.0,34291000,45.48770910979075,0.16633891908846365,28.07209997177124,28.411740074157716,0.000327455828505574,0.8147171335358698
2019-07-09,23.167133331298828,27.55299949645996,27.597999572753906,27.240999221801758,27.344999313354492,26131000,45.93346126925616,0.0956946097464133,28.048699951171876,28.341980056762694,-0.01670177415211438,0.8229414193379357
2019-07-10,23.080533981323242,27.450000762939453,27.8799991607666,27.399999618530273,27.785999298095703,30134000,45.213979958109704,0.031039544086514326,28.003800010681154,28.265540084838868,-0.031677678261204156,0.8302174532826128
2019-07-11,23.211698532104492,27.606000900268555,27.7450008392334,27.295000076293945,27.52400016784668,20712000,46.57881952722118,-0.0075254057357199144,27.985450077056885,28.18086009979248,-0.013119746830540513,0.8349762189791766
2019-07-12,23.99618911743164,28.53899955749512,28.593000411987305,27.63800048828125,27.63800048828125,21971000,53.96530494760373,0.03677289290864394,28.004350090026854,28.113840103149414,0.01342282833780617,0.8433946359624778
2019-07-15,24.24422836303711,28.833999633789062,29.448999404907227,28.726999282836914,29.110000610351562,30334000,56.03523155651217,0.09459324245792189,28.116400051116944,28.058880081176756,0.08427026612580302,0.7934031398314051
2019-07-16,23.890241622924805,28.413000106811523,28.77899932861328,28.23900032043457,28.698999404907227,14617000,52.413182169467966,0.10523209260279032,28.207200050354004,27.99572010040283,0.06827837637351752,0.7098845330502207
2019-07-17,23.97011947631836,28.507999420166016,28.729000091552734,28.319000244140625,28.555999755859375,15453000,53.1491089271556,0.11994644073200433,28.242350006103514,27.9427400970459,0.025283190335350314,0.7063169928389756
2019-07-18,24.36530876159668,28.97800064086914,29.030000686645508,28.3799991607666,28.618000030517578,19357000,56.71561056997237,0.16760084002628517,28.30380001068115,27.907720108032226,0.04428988674271417,0.7145501456292191
2019-07-19,24.38380241394043,29.0,29.31599998474121,28.952999114990234,29.183000564575195,22047000,56.881068767051524,0.20478186139804322,28.358549976348876,27.88094009399414,0.03924025394769215,0.7242694559354674
2019-07-22,24.900909423828125,29.614999771118164,29.999000549316406,29.224000930786133,29.299999237060547,33905000,61.33114924405076,0.2806384056229696,28.469349956512453,27.865120086669922,0.0808788492169874,0.7391017375633674
2019-07-23,25.29020881652832,30.077999114990234,30.236000061035156,29.92099952697754,29.950000762939453,19692000,64.3168937081693,0.37380643316650364,28.577249908447264,27.85876007080078,0.07729222896845855,0.8089068329196979
2019-07-24,25.5416202545166,30.37700080871582,30.488000869750977,30.049999237060547,30.1200008392334,19006000,66.13540186459707,0.46639341113266397,28.713549995422362,27.879540100097657,0.09858601248650856,0.8718366407275895
2019-07-25,25.257415771484375,30.03899955749512,30.21299934387207,29.940000534057617,30.21299934387207,15741000,62.27195919331107,0.5066549788306247,28.808300018310547,27.87632007598877,0.06733230949334978,0.9088674391286963
2019-07-26,25.30198097229004,30.09199905395508,30.302000045776367,30.05299949645996,30.159000396728516,14996000,62.640495014802326,0.5366529762736327,28.88435001373291,27.869420051574707,0.05323579692474345,0.9506413317242278
2019-07-29,25.37092399597168,30.173999786376957,30.2549991607666,29.695999145507812,30.12299919128418,12068000,63.238817872123356,0.5605813463578073,28.95375003814697,27.87832004547119,0.04821790183164065,0.9928124934301026
2019-07-30,25.18762969970703,29.95599937438965,30.093000411987305,29.709999084472656,29.909000396728516,11164000,60.46631350595313,0.5555499071899206,28.94980001449585,27.897660026550295,-0.002630280453597811,0.9884316876891697
2019-07-31,24.382965087890625,28.999000549316406,30.08300018310547,28.66699981689453,30.003000259399414,20819000,50.08534370329381,0.4689350567569335,28.923099994659424,27.932460021972656,-0.018081481042312664,0.9790163260886623
2019-08-01,23.991979598999023,28.53400039672852,29.781999588012695,28.23200035095215,28.913000106811523,21911000,45.956767681517384,0.3586364004362501,28.925349998474122,27.952480010986328,0.0015795596822565372,0.9780173577143131
2019-08-02,23.419384002685547,27.85300064086914,28.384000778198242,27.590999603271484,28.207000732421875,20080000,40.66943851846279,0.2138082829034964,28.904699993133544,27.971100006103516,-0.014611197052537106,0.9968504175293883
2019-08-05,22.505409240722656,26.766000747680664,27.224000930786133,26.408000946044922,27.19499969482422,27765000,33.95437865178205,0.011190156229996973,28.868200016021728,27.986240005493165,-0.026549299335875576,1.0623573337212902
2019-08-06,22.402828216552734,26.643999099731445,27.218000411987305,26.45599937438965,27.01300048828125,22199000,33.289998923981855,-0.15741608765236847,28.8227499961853,28.007239990234375,-0.032990977873218696,1.1383150569574547
2019-08-07,22.70636558532715,27.0049991607666,27.27199935913086,26.299999237060547,26.402999877929688,22244000,37.20533965432772,-0.2589233554815884,28.80049991607666,28.038379974365235,-0.016211351176851463,1.1704551190841705
2019-08-08,22.784563064575195,27.097999572753903,27.256000518798828,26.25,27.038000106811523,29163000,38.21145748602852,-0.3280823118789229,28.77509984970093,28.072099952697755,-0.018401844198654316,1.2028062534367865
2019-08-09,23.1839542388916,27.572999954223636,28.05500030517578,26.95800018310547,26.95800018310547,30735000,43.21580407527826,-0.34063608133932277,28.726799869537352,28.110319938659668,-0.03384840457793081,1.2318312818486492
2019-08-12,23.176382064819336,27.56399917602539,27.820999145507812,27.253999710083008,27.33799934387207,20040000,43.14449650820889,-0.34730777383448697,28.66329984664917,28.158319931030274,-0.0440452408231089,1.258460346637425
2019-08-13,23.85409164428711,28.3700008392334,28.549999237060547,27.202999114990234,27.530000686645508,22340000,50.94956077588284,-0.2842805310168508,28.661149883270262,28.2193599319458,-0.0015133659739020588,1.2589471026522756
2019-08-14,22.833330154418945,27.1560001373291,28.014999389648438,27.038000106811523,27.878999710083008,27108000,41.67056379806343,-0.32850390923451656,28.593549919128417,28.231079940795897,-0.04742525993881341,1.3031264818963695
2019-08-15,22.587810516357422,26.86400032043457,27.277999877929688,26.485000610351562,27.200000762939453,20010000,39.793326564705986,-0.38270165352502516,28.48784990310669,28.236919937133788,-0.07295190398515927,1.355004826515535
2019-08-16,23.019990921020508,27.37800025939941,27.575000762939453,27.197999954223633,27.21500015258789,17458000,44.53039870875773,-0.3798001571568612,28.40674991607666,28.238899955749513,-0.05593102553795137,1.371181739071337
2019-08-19,23.440401077270508,27.87800025939941,28.006999969482422,27.56100082397461,27.950000762939453,17489000,48.754305898255424,-0.33331265821135503,28.31989994049072,28.246719970703126,-0.0586526937411207,1.3453917056642677
2019-08-20,23.5740909576416,28.03700065612793,28.496000289916992,27.701000213623047,27.81599998474121,17920000,50.056720528867984,-0.2804086013701621,28.217850017547608,28.247039985656738,-0.06785685613791759,1.280878266823545
2019-08-21,24.173599243164062,28.75,28.826000213623047,28.405000686645508,28.464000701904297,19381000,55.51640304702206,-0.17888657383390338,28.136499977111818,28.25507999420166,-0.05356028460350826,1.1845769495176068
2019-08-22,24.18368148803711,28.761999130249023,28.94099998474121,28.454999923706055,28.839000701904297,12294000,55.60436117204186,-0.09635073476045974,28.07264995574951,28.270859985351564,-0.04251141669355196,1.1086130849398592
2019-08-23,22.881254196166992,27.21299934387207,28.54800033569336,27.104999542236328,28.39900016784668,25742000,43.614952942606344,-0.15415482403201608,27.92869997024536,28.25189998626709,-0.09567326201629056,1.015620963731365
2019-08-26,23.309226989746094,27.722000122070312,27.795000076293945,27.5,27.69499969482422,14249000,47.612284091441495,-0.1570821273482501,27.80609998703003,28.27447998046875,-0.08126200310419829,0.8675122126447681
2019-08-27,23.17049789428711,27.55699920654297,28.02199935913086,27.490999221801758,27.915000915527344,14298000,46.4623836049667,-0.17074795508995066,27.686149978637694,28.293679962158205,-0.08008413065656761,0.7052881111727866
2019-08-28,23.211698532104492,27.606000900268555,27.641000747680664,27.047000885009766,27.433000564575195,17202000,46.87274644587783,-0.17559998752383166,27.616499996185304,28.28969997406006,-0.04803612616506847,0.6339940199033636
2019-08-29,23.82634162902832,28.33699989318848,28.548999786376953,28.104999542236328,28.14900016784668,16429000,52.69757052681219,-0.11908698800093376,27.606649971008302,28.3014599609375,-0.006904061849057341,0.6203730874433611
2019-08-30,23.764957427978516,28.263999938964844,28.59000015258789,27.989999771118164,28.535999298095703,16720000,52.08344710564421,-0.07927666292247793,27.627199935913087,28.308639945983888,0.014756015102108444,0.6355837305201388
2019-09-03,23.042694091796875,27.405000686645508,28.084999084472656,27.093000411987305,28.0,22210000,45.38152959527833,-0.11570695641728079,27.65914993286133,28.308759956359864,0.02387356800101026,0.6053558896697463
2019-09-04,23.796907424926758,28.302000045776367,28.434999465942383,27.81999969482422,27.878999710083008,19865000,52.28598392053654,-0.07137510692935223,27.742049980163575,28.31639995574951,0.062227931319125185,0.5716060479411752
2019-09-05,24.469566345214844,29.101999282836918,29.368000030517578,28.836000442504883,28.836000442504883,20938000,57.451950653688556,0.027988818069484722,27.84689998626709,28.34541996002197,0.07765229354707337,0.6196044462603256
2019-09-06,24.544401168823242,29.19099998474121,29.329999923706055,28.93000030517578,29.184999465942383,13748000,57.996800147271394,0.1126188572595801,27.951550006866455,28.36635997772217,0.0772381889802578,0.661776085799854
2019-09-09,24.603260040283203,29.26099967956543,29.719999313354492,29.040000915527344,29.5,21686000,58.447493878819046,0.1832250589784259,28.035949993133546,28.38015998840332,0.061219298884567896,0.7163465537504587
2019-09-10,24.75712776184082,29.444000244140625,29.44499969482422,28.881999969482422,29.135000228881836,20850000,59.66595557086224,0.25105360896382223,28.129950046539307,28.39332000732422,0.06820494573771496,0.7723185547809431
2019-09-11,25.057300567626953,29.801000595092773,29.878000259399414,29.454999923706055,29.631999969482422,19260000,62.006540450133095,0.3298132859917118,28.201500034332277,28.388640022277833,0.05044059617652241,0.8573349338994786
2019-09-12,25.273391723632812,30.058000564575195,30.232999801635742,29.64699935913086,30.14299964904785,33109000,63.64222312938345,0.40826245175869147,28.34660005569458,28.399140014648438,0.10686405997092896,0.9147298838850892
2019-09-13,24.410709381103516,29.03199958801269,29.798999786376953,28.388999938964844,29.764999389648438,62557000,53.702310419433886,0.38322667806961874,28.455000019073488,28.41,0.08070277105859747,0.8563860403393551
2019-09-16,24.271135330200195,28.86599922180176,29.027000427246094,28.56999969482422,28.68000030517578,22176000,52.279603418918214,0.3460023056175423,28.529399967193605,28.42199996948242,0.05435016978245111,0.8218345578282448
2019-09-17,24.285425186157227,28.882999420166016,28.93000030517578,28.375,28.802000045776367,21912000,52.4186271987184,0.3142510062084476,28.579649925231934,28.449739952087402,0.036049901406674856,0.8105566182550844
2019-09-18,24.19378089904785,28.77400016784668,29.076000213623047,28.38800048828125,28.849000930786133,16510000,51.38497271832482,0.2770983269284564,28.61649990081787,28.47415996551514,0.026286674554029554,0.8012879096895054
2019-09-19,24.43761444091797,29.06399917602539,29.19499969482422,28.722999572753906,28.850000381469727,19421000,53.98482404025514,0.2679661107441049,28.632199859619142,28.506439933776857,0.010921710470448431,0.80709640462389
2019-09-20,24.12110710144043,28.426000595092773,28.84000015258789,28.18199920654297,28.767000198364258,35524000,47.9139919897771,0.2068630219697809,28.61539993286133,28.52283992767334,-0.011682029946342598,0.8077490835008616
2019-09-23,24.222932815551758,28.54599952697754,28.715999603271484,28.20800018310547,28.36199951171875,14850000,49.07399335805256,0.16620538263062556,28.6820499420166,28.522979927062988,0.04898394940819473,0.7379187512672588
2019-09-24,23.95563507080078,28.231000900268555,28.889999389648438,27.975000381469727,28.73200035095215,20292000,46.16737146599046,0.10732893278263944,28.707499980926514,28.510919952392577,0.01836089661485185,0.7113646291917594
2019-09-25,23.400676727294922,27.57699966430664,27.72100067138672,27.0,27.174999237060547,55588000,40.76835205190175,0.00780649960241675,28.7085000038147,28.49419994354248,0.0007257850397195398,0.7096742028914402
2019-09-26,23.497413635253906,27.69099998474121,27.865999221801758,27.26799964904785,27.525999069213867,27477000,42.04072627308579,-0.06116183700956057,28.71274995803833,28.477859954833985,0.003079007523753008,0.7029469091287226
2019-09-27,23.262359619140625,27.41399955749512,28.128000259399414,27.29599952697754,27.663000106811523,28660000,39.80334661841152,-0.13659675775926416,28.66659994125366,28.446579933166504,-0.03257226732443286,0.7571247826902263
2019-09-30,23.42613410949707,27.60700035095215,27.672000885009766,27.25,27.57900047302246,19826000,42.11487785941886,-0.17874545849526058,28.633749961853027,28.418719940185547,-0.023245102937710982,0.7890901790137264
2019-10-01,23.322612762451172,27.48500061035156,27.96500015258789,27.33799934387207,27.82699966430664,19429000,41.04202371515665,-0.2194631325842451,28.63774995803833,28.376119956970214,0.0029191724758845794,0.7827106474017337
2019-10-02,22.917003631591797,27.006999969482425,27.3799991607666,26.832000732421875,27.34600067138672,19543000,37.05866711173969,-0.2869945450870084,28.572999954223633,28.31469997406006,-0.045756486262432894,0.8615423579187478
2019-10-03,23.286975860595703,27.44300079345703,27.450000762939453,26.722000122070312,27.0,17096000,42.537043905654,-0.3018524857896381,28.490050029754638,28.25601997375488,-0.05700634081034739,0.8874058428792136
2019-10-04,23.88096046447754,28.14299964904785,28.170000076293945,27.520000457763672,27.849000930786133,25884000,50.05353914688715,-0.2542130436059402,28.43765001296997,28.218099975585936,-0.03590148800113635,0.8746876543784502
2019-10-07,23.426984786987305,27.607999801635746,28.101999282836914,27.56999969482422,28.000999450683594,18658000,45.18839865521008,-0.25666973008057425,28.355000019073486,28.16841999053955,-0.05649157226450008,0.8708823635462306
2019-10-08,22.93906593322754,27.03300094604492,27.489999771118164,26.891000747680664,27.4060001373291,22757000,40.61872781849838,-0.3015383278490802,28.2344500541687,28.10560001373291,-0.0818842303390993,0.8790365512340146
2019-10-09,23.17835807800293,27.315000534057617,27.490999221801758,27.20199966430664,27.368000030517578,16329000,43.62948773137818,-0.3107597597880769,28.110150051116943,28.05278003692627,-0.08342001984472014,0.8196179121778172
2019-10-10,23.288665771484375,27.44499969482422,27.878000259399414,27.364999771118164,27.45599937438965,17340000,45.01356068776969,-0.30407280321431074,27.979500007629394,28.021700019836427,-0.0869319589018347,0.6909418291350854
2019-10-11,23.83683967590332,28.090999603271484,28.408000946044922,27.909000396728516,27.948999404907227,23697000,51.39949406019026,-0.243835761313548,27.932450008392333,28.012840003967284,-0.032412510267799344,0.6460818898022822
2019-10-14,23.900476455688477,28.166000366210938,28.264999389648438,27.988000869750977,28.04199981689453,13312000,52.095105288536985,-0.18787977575722792,27.897450065612794,28.019099998474122,-0.024249943686762587,0.6108469562038907
2019-10-15,24.635326385498047,29.03199958801269,29.062000274658203,28.219999313354492,28.263999938964844,21230000,59.33288924690821,-0.07281597706359122,27.904900074005127,28.06441997528076,0.005158749812619767,0.6242608728553466
2019-10-16,24.479190826416016,28.847999572753903,29.010000228881836,28.65399932861328,28.899999618530273,20046000,57.35023948548781,0.0034854705767486394,27.908600044250488,28.10849998474121,0.0025717454811831075,0.6298771394825945
2019-10-17,24.55980682373047,28.94300079345703,29.17099952697754,28.832000732421875,29.013999938964844,13125000,58.12821862626467,0.07080453154106081,27.90255012512207,28.14726001739502,-0.004163170451373044,0.6186770576606172
2019-10-18,24.33069610595703,28.67300033569336,28.993999481201172,28.399999618530273,28.950000762939453,16981000,55.054499544555085,0.10120199826937437,27.9149001121521,28.17876003265381,0.008689218864057269,0.631997977207804
2019-10-21,24.571687698364258,28.957000732421875,29.190000534057617,28.70599937438965,28.8439998626709,13031000,57.594525839652505,0.14651968050757347,27.935450172424318,28.20644004821777,0.014397856521223495,0.659674902091143
2019-10-22,24.392641067504883,28.746000289916992,29.086000442504883,28.724000930786133,28.958999633789062,13046000,55.10293993466411,0.1635233030242027,27.961200141906737,28.230080070495607,0.018242335490256778,0.6815087208076809
2019-10-23,23.78676986694336,28.03199958801269,28.354000091552734,27.875999450683594,28.29599952697754,20957000,47.59895382192973,0.11802439512294072,27.98395013809204,28.22332004547119,0.016499254061164814,0.6755769426066688
2019-10-24,23.95563507080078,28.231000900268555,28.350000381469727,27.8700008392334,28.288999557495117,16896000,49.656741480433716,0.0969068438118974,28.01095018386841,28.24482006072998,0.019500953949835864,0.6740417814458415
2019-10-25,24.592899322509766,28.98200035095215,29.136999130249023,28.32200050354004,28.326000213623047,20869000,56.58561475967746,0.13916619034567645,28.08935022354126,28.287180061340333,0.05719708246760846,0.6919070211269647
2019-10-28,24.739702224731445,29.155000686645508,29.24799919128418,28.832000732421875,29.115999221801758,12999000,58.01901007718375,0.18449002206881104,28.16675024032593,28.322720069885253,0.05607274662275907,0.7210776091442095
2019-10-29,24.452043533325195,28.81599998474121,29.3700008392334,28.80699920654297,29.22800064086914,13272000,54.23990001048223,0.19085490520917148,28.23330020904541,28.34148006439209,0.048426390570585065,0.7162501090546618
2019-10-30,24.628538131713867,29.02400016784668,29.097000122070312,28.652000427246094,29.000999450683594,17281000,56.12812285058771,0.2102592595388444,28.33415021896362,28.361220054626465,0.07468434852606509,0.6753264245019738
2019-10-31,24.85001564025879,29.28499984741211,29.408000946044922,28.780000686645508,28.979999542236328,27881000,58.445240045174344,0.24388647159108956,28.426250171661376,28.37192005157471,0.06712090517427116,0.6729968133413005
2019-11-01,25.167377471923828,29.65900039672852,29.659000396728516,29.208999633789062,29.298999786376953,21234000,61.576876893615065,0.29728804654511265,28.50205020904541,28.3898600769043,0.05386777410317589,0.7229362223481552
2019-11-04,25.881011962890625,30.5,30.54599952697754,29.90999984741211,29.95199966430664,34075000,67.5068262425088,0.4028272767951897,28.64665021896362,28.455600090026856,0.10475225366355256,0.8177115959508418
2019-11-05,26.648107528686523,31.40399932861328,31.67799949645996,30.44700050354004,30.5,38711000,72.43199062136729,0.5530379902218598,28.865200138092042,28.529240074157716,0.16169120073988186,0.9388745116073134
2019-11-06,26.573436737060547,31.31599998474121,31.42799949645996,30.871000289916992,31.20599937438965,18076000,71.29904691603373,0.6574021286920306,29.06525011062622,28.60442008972168,0.14647627210165926,1.014399559712172
2019-11-07,26.45294189453125,31.173999786376957,31.950000762939453,31.065000534057617,31.558000564575195,23981000,69.41232158424548,0.720349490544816,29.251700115203857,28.67578006744385,0.13587174833366755,1.0432102419448372
2019-11-08,26.594650268554688,31.340999603271484,31.360000610351562,30.51300048828125,30.98699951171875,17830000,70.40421840220661,0.7747800359020403,29.414200115203858,28.735860061645507,0.11569542009539258,1.104233152380648
2019-11-11,26.53864860534668,31.274999618530277,31.323999404907227,31.083999633789062,31.1200008392334,9154000,69.44574917826256,0.8033306919045309,29.569650077819823,28.796080055236818,0.11038128281958759,1.137600535803823
2019-11-12,26.774545669555664,31.55299949645996,31.639999389648438,31.326000213623047,31.399999618530273,16875000,71.22285253291169,0.838721302203961,29.695700073242186,28.879040031433107,0.0868352143917841,1.2121186202694174
2019-11-13,26.616714477539062,31.367000579833984,31.570999145507812,31.200000762939453,31.24799919128418,12625000,68.35813538373941,0.842053390403386,29.821650123596193,28.940340042114258,0.08731978107276483,1.2496900749174327
2019-11-14,26.2178897857666,30.89699935913086,31.18400001525879,30.611000061035156,31.075000762939453,17268000,61.61415727562725,0.7975749759120525,29.91935005187988,28.976240043640136,0.06751195494959039,1.253757010724464
2019-11-15,26.552223205566406,31.291000366210938,31.305999755859375,31.007999420166016,31.226999282836914,18120000,64.75340867381951,0.7850683215230987,30.05025005340576,29.01824005126953,0.09130540926540509,1.2534492822156418
2019-11-18,26.396089553833008,31.10700035095215,31.340999603271484,30.80299949645996,31.18199920654297,15850000,62.19530676644951,0.7516449492430333,30.157750034332274,29.055160064697265,0.0742480078789034,1.2469324287225871
2019-11-19,26.958681106567383,31.770000457763672,32.56700134277344,31.665000915527344,31.665000915527344,31743000,67.22035139240487,0.7697816894616487,30.30895004272461,29.101680068969728,0.10519724961205767,1.250074827032827
2019-11-20,26.446996688842773,31.16699981689453,31.683000564575195,30.899999618530273,31.59000015258789,19927000,59.47695030397037,0.727116330082552,30.4657000541687,29.12900005340576,0.11183648241142441,1.1413608938554594
2019-11-21,26.750782012939453,31.524999618530277,31.56999969482422,30.979999542236328,31.11400032043457,19317000,62.256788530861684,0.7139612169663678,30.630399990081788,29.158340034484862,0.1166801959979531,1.0345887306773722
2019-11-22,26.722774505615234,31.492000579833984,31.947999954223633,31.371000289916992,31.663999557495117,13216000,61.83571304383892,0.6928857922988136,30.75590000152588,29.20754005432129,0.08660548611163676,0.9746047009665894
2019-11-25,27.121604919433594,31.96199989318848,32.018001556396484,31.62700080871582,31.660999298095703,19636000,65.42281332776989,0.7059703957778822,30.896249961853027,29.269460067749023,0.09627848192192712,0.933162936209432
2019-11-26,26.83733558654785,31.62700080871582,32.018001556396484,31.604999542236328,31.899999618530273,30793000,61.02038410283427,0.6814530453744574,31.03680000305176,29.324340095520018,0.09755000088364474,0.8064391775963484
2019-11-27,27.021472930908203,31.8439998626709,31.993999481201172,31.64699935913086,31.79400062561035,20182000,62.76812472980502,0.6717889142300173,31.17779998779297,29.385740089416505,0.09716095915504663,0.6711783557340237
2019-11-29,26.832244873046875,31.621000289916992,31.77899932861328,31.5,31.684999465942383,9229000,59.800720464517326,0.6387724476808714,31.294600009918213,29.436880111694336,0.0797678147405323,0.5078342327922876
2019-12-02,26.366384506225586,31.07200050354004,31.792999267578125,31.055999755859375,31.77199935913086,23158000,53.14012629471359,0.5618305328367299,31.365250015258788,29.489800109863282,0.04764152830205903,0.33830479346917025
2019-12-03,26.009994506835938,30.652000427246094,30.899999618530273,30.312999725341797,30.582000732421875,18736000,48.67367528982518,0.4616414990768547,31.372850036621095,29.531920127868652,0.004983620565445657,0.3190004711926035
2019-12-04,26.281532287597656,30.972000122070312,31.136999130249023,30.71299934387207,30.975000381469727,14439000,51.985000239202705,0.4034119867543602,31.351250076293944,29.58674011230469,-0.013756184428056595,0.33117366422769545
2019-12-05,26.406267166137695,31.11899948120117,31.246000289916992,30.9060001373291,31.05900001525879,15494000,53.47006250756963,0.3649197309707688,31.341400051116942,29.657580108642577,-0.006290730094393626,0.33518268637994575
2019-12-06,26.818666458129883,31.604999542236328,31.634000778198242,31.20599937438965,31.464000701904297,16937000,58.08573660751539,0.3693725869383364,31.36295003890991,29.73586009979248,0.013825616180562106,0.337699261671384
2019-12-09,26.676959991455078,31.4379997253418,31.71500015258789,31.393999099731445,31.600000381469727,24694000,56.02899444725112,0.35532999483087124,31.36780004501343,29.816340103149415,0.0030949913307867227,0.3380637761350657
2019-12-10,26.734661102294922,31.506000518798828,31.590999603271484,31.325000762939453,31.510000228881836,14563000,56.701301794333645,0.3457031840272258,31.379350090026854,29.89432010650635,0.007386120002754071,0.3386719107089785
2019-12-11,27.130088806152344,31.972000122070312,32.1349983215332,31.51799964904785,31.51799964904785,20829000,61.09166415035576,0.3713949309915847,31.400300121307374,29.984060096740723,0.013279264485056563,0.3621265020952903
2019-12-12,27.81572151184082,32.779998779296875,33.01599884033203,31.94300079345703,31.972999572753906,38935000,67.28569064016554,0.45174710504736026,31.470950031280516,30.09952007293701,0.045047284513754615,0.4754060756584968
2019-12-13,26.765209197998047,31.54199981689453,31.976999282836914,31.062000274658203,31.805999755859375,70952000,53.288057253701666,0.41079522042594263,31.5032000541687,30.181500053405763,0.020875828434551824,0.45589906645731076
2019-12-16,27.419443130493164,32.3129997253418,32.7599983215332,31.753000259399414,31.797000885009766,37921000,59.00751522954505,0.43553324972489094,31.554300022125243,30.26490005493164,0.0326611277098845,0.48707277541699745
2019-12-17,27.476303100585938,32.380001068115234,32.494998931884766,32.17499923706055,32.374000549316406,20248000,59.47192017363125,0.4552963911948815,31.6179500579834,30.36034008026123,0.0409232874530161,0.5082600123392401
2019-12-18,27.78517723083496,32.74399948120117,33.119998931884766,32.35499954223633,32.439998626708984,35155000,61.99120547966305,0.49462868152500405,31.666650009155273,30.474560050964357,0.030657822140492952,0.5668783791075106
2019-12-19,27.501760482788086,32.40999984741211,32.92599868774414,32.37099838256836,32.92100143432617,31787000,58.403697681881006,0.49316393898537925,31.72880001068115,30.576460037231445,0.039881927609977774,0.5772592708976619
2019-12-20,27.343185424804688,31.899999618530277,32.24700164794922,31.69099998474121,32.24700164794922,50540000,53.328732175845474,0.44571246786563634,31.747550010681152,30.665560035705568,0.011895321317611618,0.5763807452678807
2019-12-23,27.38861083984375,31.952999114990234,32.233001708984375,31.76099967956543,32.05400085449219,20254000,53.7782277292268,0.40768392504935846,31.770599937438966,30.742800025939943,0.01463859160003489,0.5748390322598756
2019-12-24,27.471755981445312,32.04999923706055,32.06800079345703,31.900999069213867,32.0,7024000,54.6393022687927,0.38098141349179215,31.77499990463257,30.820480003356934,0.0027532489883657085,0.5767148879883994
2019-12-26,27.255754470825195,31.79800033569336,32.17399978637695,31.68199920654297,32.12699890136719,15848000,51.93257166317483,0.3356164973363036,31.783549880981447,30.875800018310546,0.005406757599677681,0.5756718922975533
2019-12-27,27.131471633911133,31.652999877929688,31.934999465942383,31.52199935913086,31.93000030517578,14487000,50.38587861304754,0.28468250659701866,31.773999881744384,30.931900024414062,-0.0059979897489294,0.5762003250583424
2019-12-30,26.86832046508789,31.34600067138672,31.732999801635742,31.274999618530273,31.652000427246094,13104000,47.18188144799595,0.21704274801327372,31.760249900817872,30.979960021972655,-0.008696740014830007,0.5832812216385604
2019-12-31,27.087753295898438,31.601999282836918,31.63599967956543,31.280000686645508,31.312000274658203,12487000,50.035089499807945,0.18199675518712866,31.786749839782715,31.03854000091553,0.01705711800682086,0.5620186256860445
2020-01-02,27.633756637573242,32.23899841308594,32.25,31.73200035095215,31.93199920654297,20329000,56.35322056617943,0.2032797768367942,31.866099739074706,31.10417995452881,0.051774695410391036,0.5022254782566554
2020-01-03,26.930896759033203,31.41900062561035,32.0,31.408000946044922,31.750999450683594,22870000,47.94794361971858,0.15222500132965777,31.88844976425171,31.157639961242676,0.01443240674732893,0.469202638796446
2020-01-06,26.890607833862305,31.371999740600582,31.392000198364258,30.96299934387207,31.084999084472656,20789000,47.51052111889696,0.1067407048907576,31.90109977722168,31.224439964294433,0.008130089772077964,0.45039968455498297
2020-01-07,26.798030853271484,31.263999938964844,31.658000946044922,31.225000381469727,31.524999618530273,18565000,46.461637622730485,0.06127307302163487,31.884049797058104,31.28509994506836,-0.010789419655449772,0.4682972773432114
2020-01-08,26.4637451171875,30.874000549316406,31.349000930786133,30.840999603271484,31.29800033569336,31979000,42.78808737293569,-0.006159046540336277,31.855849838256837,31.322939949035643,-0.017940046470919735,0.5115548291975694
2020-01-09,26.25116729736328,30.625999450683597,31.298999786376953,30.30500030517578,31.23200035095215,42397000,40.59028838391314,-0.07870385410472025,31.811849784851074,31.352359924316406,-0.02793122115230573,0.5769016999968671
2020-01-10,25.647737503051758,29.92200088500977,30.55500030517578,29.8799991607666,30.545000076293945,40705000,35.081609484527576,-0.19080347377040496,31.709349822998046,31.374479942321777,-0.06411857967076096,0.7130088855963809
2020-01-13,25.81573486328125,30.118000030517575,30.3799991607666,29.966999053955078,30.00200080871582,22054000,37.61988398232378,-0.26082115308311415,31.576249885559083,31.396359939575195,-0.08120801854515503,0.7501243705766345
2020-01-14,26.41574478149414,30.81800079345703,30.915000915527344,30.159000396728516,30.200000762939453,28911000,45.774498537444515,-0.2568654717052148,31.540049934387206,31.427019958496093,-0.022953491460288133,0.769093955813212
2020-01-15,25.983736038208008,30.31399917602539,30.788000106811523,30.06999969482422,30.731000900268555,22733000,41.56171785908944,-0.29104430652670743,31.440099906921386,31.44011993408203,-0.061863663736198116,0.7928812769504878
2020-01-16,26.31888771057129,30.70499992370605,30.785999298095703,30.42099952697754,30.5,21508000,45.73426529774016,-0.28331490884791677,31.356349849700926,31.44421993255615,-0.05172949626794687,0.7766740838599748
2020-01-17,26.468027114868164,30.878999710083008,30.893999099731445,30.406999588012695,30.865999221801758,26896000,47.52971433055956,-0.26015012817665095,31.26309986114502,31.433719940185547,-0.05695699366807305,0.7104339099204234
2020-01-21,26.406312942504883,30.80699920654297,30.951000213623047,30.632999420166016,30.780000686645508,21967000,46.839112768868375,-0.24478003957784011,31.182949829101563,31.423539924621583,-0.04946006320321339,0.663078075216716
2020-01-22,26.82632064819336,31.29700088500977,31.79199981689453,31.049999237060547,31.079999923706055,29264000,51.95538651416944,-0.19085997826714163,31.152799892425538,31.42599994659424,-0.01890278184110805,0.6421364427904366
2020-01-23,27.39889907836914,31.96500015258789,31.979999542236328,31.082000732421875,31.51799964904785,30266000,57.903396771874036,-0.09315218263837366,31.15339994430542,31.438479957580565,0.0003755840744235073,0.6429286723801293
2020-01-24,27.77176284790039,32.400001525878906,33.15800094604492,32.07699966430664,33.04999923706055,55782000,61.26630672905595,0.01916203667961014,31.170900058746337,31.460979995727538,0.01092050849142101,0.6726924850301489
2020-01-27,26.488605499267578,30.902999877929688,31.988000869750977,30.86400032043457,31.641000747680664,38843000,47.27107739085923,-0.012479798012268617,31.126150035858153,31.447980003356932,-0.028146438402261165,0.6583972911735735
2020-01-28,27.284042358398438,31.83099937438965,31.92300033569336,31.277000427246094,31.35300064086914,23166000,54.24820410355737,0.03690026054232476,31.13505001068115,31.457259979248047,0.00562346372054523,0.6670402225057462
2020-01-29,27.21546173095703,31.750999450683597,32.542999267578125,31.714000701904297,32.082000732421875,23668000,53.58988410831962,0.06878606452116287,31.155299949645997,31.4743399810791,0.012920269591730316,0.6798065839942024
2020-01-30,27.01746368408203,31.520000457763672,31.552000045776367,30.858999252319336,31.43199920654297,21128000,51.6411491511214,0.07455666290959329,31.151200008392333,31.478919982910156,-0.0025947353627647773,0.6772130511837257
2020-01-31,26.156885147094727,30.516000747680664,31.45800018310547,30.36199951171875,31.416000366210938,22123000,44.12991599808428,-0.0018630065409617202,31.06505012512207,31.467099990844726,-0.053444515965666683,0.6401262005911814
2020-02-03,26.162885665893555,30.52300071716309,30.65999984741211,30.36400032043457,30.562999725341797,21288000,44.190865179560205,-0.061156333968970245,31.020250129699708,31.442159996032714,-0.028517772386334683,0.6453830079906655
2020-02-04,26.708892822265625,31.15999984741211,31.457000732421875,30.96500015258789,31.179000854492188,22559000,49.581118057765735,-0.056099536418695806,31.009650135040282,31.442019996643065,-0.006757614909517873,0.6410279700833598
2020-02-05,27.204326629638672,31.738000869750977,31.981000900268555,31.586000442504883,31.75,24825000,53.9292579504127,-0.005390003377417685,31.03335018157959,31.44628002166748,0.015161237580332054,0.6594250859663392
2020-02-06,27.402324676513672,31.9689998626709,31.988000869750977,31.42300033569336,31.884000778198242,22683000,55.57807999906648,0.05282838238217735,31.088100147247314,31.45582000732422,0.03546671289343939,0.6902358209391849
2020-02-07,27.02004051208496,31.52300071716309,31.851999282836914,31.48699951171875,31.832000732421875,15883000,51.72871665364868,0.06226076551648774,31.132950210571288,31.447040023803712,0.02928888142651198,0.6877673707840709
2020-02-10,26.93174934387207,31.420000076293945,31.459999084472656,31.030000686645508,31.23699951171875,19218000,50.852744407594855,0.060724709549340616,31.207850170135497,31.442900009155274,0.050063469921045156,0.6279144447030782
2020-02-11,27.442611694335938,32.01599884033203,32.07899856567383,31.60099983215332,31.665000915527344,15527000,55.54390274647149,0.10637328836388349,31.30275011062622,31.446339988708495,0.06301875316725147,0.5972068944009857
2020-02-12,27.831762313842773,32.470001220703125,32.50899887084961,32.16299819946289,32.20399856567383,15310000,58.77216496841927,0.17714232731241353,31.385350131988524,31.463320007324217,0.05360504850129111,0.6393871820398462
2020-02-13,27.769187927246094,32.39699935913086,32.54600143432617,32.095001220703125,32.14799880981445,13857000,58.04229991228915,0.22474592924282177,31.4895001411438,31.489819984436036,0.06871413339460886,0.6251820872595614
2020-02-14,27.237756729125977,31.777000427246094,32.56999969482422,31.709999084472656,32.48400115966797,19137000,52.122123195612865,0.21002238713774446,31.5431001663208,31.512319984436036,0.03491289712436685,0.5998226392133226
2020-02-18,26.636035919189453,31.075000762939453,31.500999450683594,30.80500030517578,31.5,26693000,46.35667608693425,0.14009345771314585,31.55290021896362,31.514379997253418,0.006347389963945016,0.589920761252533
2020-02-19,27.059465408325195,31.569000244140625,31.683000564575195,31.170000076293945,31.299999237060547,20525000,50.50565076358929,0.12311669432573069,31.591000270843505,31.523380012512206,0.024734672549211467,0.5632136267599692
2020-02-20,26.506601333618164,30.923999786376957,31.569000244140625,30.61199951171875,31.395999908447266,25521000,45.551738879317035,0.05695974410856053,31.572350215911865,31.50976001739502,-0.011918109981313485,0.5794043999262075
2020-02-21,26.100313186645508,30.450000762939453,30.94499969482422,30.229000091552734,30.850000381469727,24522000,42.27043024136269,-0.03333362609772195,31.496600246429445,31.490000038146974,-0.047395569604769205,0.6227787001862134
2020-02-24,24.994583129882812,29.15999984741211,29.8799991607666,29.006000518798828,29.420000076293945,36849000,34.901793865288425,-0.2066024806193809,31.334600162506103,31.443080024719237,-0.10000004709502575,0.7775772050975897
2020-02-25,24.23000144958496,28.26799964904785,29.572999954223633,28.10700035095215,29.410999298095703,31892000,30.891721710757324,-0.4111566989247315,31.202850151062012,31.369000015258788,-0.08526681031907524,1.0351328031006575
2020-02-26,24.50429344177246,28.58799934387207,28.81999969482422,28.399999618530273,28.434999465942383,23074000,33.828976279880905,-0.5412073877657413,31.040700149536132,31.285160026550294,-0.1018818162877666,1.1759770700915941
2020-02-27,23.481714248657227,27.395000457763672,28.5310001373291,27.354000091552734,28.030000686645508,34837000,28.897791027476373,-0.7320993498490758,30.822900199890135,31.202220039367674,-0.13719250002462968,1.4163218505452355
2020-02-28,23.367708206176758,27.261999130249023,27.413000106811523,26.27400016784668,26.33300018310547,44586000,28.400749264139648,-0.8839253593759437,30.610000133514404,31.101200027465822,-0.13508887264200098,1.6124666132046408
2020-03-02,24.42629051208496,28.496999740600582,28.540000915527344,27.114999771118164,27.676000595092773,31976000,38.9083997047132,-0.8942855704658044,30.5090500831604,31.023540000915528,-0.06616204475068821,1.6804297620405308
2020-03-03,23.507423400878906,27.424999237060547,28.847999572753906,27.156999588012695,28.46500015258789,29930000,34.21463275750823,-0.9777269660981993,30.354150009155273,30.917159996032716,-0.1014972777024683,1.8163632528603062
2020-03-04,24.467432022094727,28.545000076293945,28.57200050354004,27.476999282836914,27.753999710083008,23477000,42.07674364814748,-0.942614294975634,30.223400020599364,30.83986000061035,-0.08392168754568674,1.8491257135836698
2020-03-05,23.489421844482422,27.40399932861328,28.30900001525879,27.2450008392334,27.72599983215332,24374000,37.199253999421316,-0.9953823268743527,30.00669994354248,30.74993999481201,-0.13655559336972511,1.9150632564773231
2020-03-06,23.095993041992188,26.94499969482422,27.093000411987305,26.25,26.697999954223633,30169000,35.42048391055506,-1.0619967690702055,29.755499935150148,30.64978000640869,-0.1571522471590684,1.9727517090541362
2020-03-09,21.233396530151367,24.77199935913086,26.027000427246094,24.424999237060547,25.107999801635742,43934000,28.47784154275395,-1.2754298002012376,29.417949867248534,30.504220008850098,-0.21416112693727674,2.2168689966268804
2020-03-10,22.534561157226562,26.290000915527344,26.368000030517578,24.34000015258789,25.659000396728516,55071000,37.66902309010078,-1.3070204576973268,29.161449909210205,30.394060020446776,-0.1632717742937605,2.2691949633418567
2020-03-11,21.083391189575195,24.597000122070312,25.64900016784668,24.249000549316406,25.38800048828125,36030000,32.63230029778761,-1.4519303471487,28.79049997329712,30.25294002532959,-0.23172785441620092,2.381610965309187
2020-03-12,18.752792358398438,21.87800025939941,24.275999069213867,21.631999969482422,22.698999404907227,64281000,26.503177250764608,-1.7658177954829384,28.260899925231932,30.063580017089844,-0.3262088254727312,2.679392543668861
2020-03-13,20.076242446899414,23.42200088500977,23.44700050354004,20.115999221801758,22.551000595092773,84714000,34.07536470906989,-1.868449589194892,27.81215000152588,29.8999800491333,-0.2770317823150974,2.7016938076163353
2020-03-16,16.078475952148438,18.757999420166016,21.8799991607666,18.023000717163086,20.81800079345703,76935000,25.521610631885608,-2.29962333828216,27.161199951171874,29.630360069274904,-0.40969886496641716,3.21564206294484
2020-03-17,17.101062774658203,19.951000213623047,20.000999450683594,18.148000717163086,19.18199920654297,70662000,30.33859476644767,-2.516062840929095,26.604999923706053,29.401000061035155,-0.35797265571053727,3.456105944653519
2020-03-18,14.389029502868652,16.78700065612793,18.74799919128418,15.567000389099121,18.56599998474121,98993000,25.60813589940814,-2.9093636941315246,25.86589994430542,29.109300079345704,-0.46824414690662597,3.891793880506482
2020-03-19,16.66734504699707,19.44499969482422,20.746999740600586,16.5,16.763999938964844,74438000,34.80472939695022,-2.9723161350735374,25.291949939727782,28.87292007446289,-0.3712003677030685,3.952549785997143
2020-03-20,16.756256103515625,19.222000122070312,20.868000030517578,18.791000366210938,20.200000762939453,74044000,34.42027066861823,-3.00555443922131,24.730549907684328,28.639880065917968,-0.36873564399166403,3.978665135704974
2020-03-23,16.865224838256836,19.347000122070312,19.597000122070312,17.774999618530273,19.288000106811523,46921000,34.854666293074786,-2.9873730029926833,24.239899921417237,28.414300079345704,-0.3365226260867995,4.0086326735957085
2020-03-24,18.546775817871094,21.275999069213867,21.871000289916992,20.128999710083008,20.56399917602539,62970000,41.3149281768053,-2.785203893320716,23.89029989242554,28.241380043029785,-0.247346846845935,3.9432040109341466
2020-03-25,18.964330673217773,21.7549991607666,24.399999618530273,20.922000885009766,21.2189998626709,64442000,42.83098612192726,-2.5568582429031927,23.548649883270265,28.074120025634766,-0.23901638239578815,3.8084734755713585
2020-03-26,21.197683334350586,24.316999435424805,24.479999542236328,22.60300064086914,22.60300064086914,60213000,50.236086438648044,-2.144440879578802,23.39474983215332,27.944099998474123,-0.11235630483322623,3.7056654906706177
2020-03-27,20.109769821166992,23.069000244140625,24.208999633789062,23.0,23.299999237060547,39448000,47.03973222192814,-1.8964392810700623,23.1850998878479,27.799200019836427,-0.153803793554376,3.5922329335131846
2020-03-30,20.930940628051758,24.01099967956543,24.13599967956543,22.8439998626709,23.219999313354492,52343000,49.644146603150176,-1.6053789366083038,22.960799884796142,27.665320014953615,-0.15742008288135,3.3766865736494305
2020-03-31,20.668550491333008,23.709999084472656,25.270999908447266,23.606000900268555,23.799999237060547,50191000,48.81802961303282,-1.3830567320190745,22.775049877166747,27.521940002441408,-0.13546035573148374,3.2165721734559654
2020-04-01,19.494335174560547,22.363000869750977,23.44099998474121,21.968000411987305,22.798999786376953,41858000,45.1936376931308,-1.3005641873526734,22.465949916839598,27.353060035705568,-0.21657029917743797,2.9159001297657654
2020-04-02,20.665061950683594,23.70599937438965,23.795000076293945,22.145000457763672,22.239999771118164,45049000,49.24004268358556,-1.1139782481431197,22.281049919128417,27.201240005493165,-0.13494380545990048,2.6951870186996163
2020-04-03,20.42098045349121,23.426000595092773,24.2549991607666,23.05500030517578,23.663999557495117,28960000,48.437105000071206,-0.977433859382753,22.105099964141846,27.030460014343262,-0.13059933715298566,2.4810433401309426
2020-04-06,22.005769729614258,25.24399948120117,25.340999603271484,24.356000900268555,24.45800018310547,38868000,53.714619296002134,-0.7142902378509426,22.12869997024536,26.887339973449706,0.01905377580660761,2.50982431389755
2020-04-07,22.078125,25.32699966430664,26.549999237060547,25.253000259399414,26.18400001525879,45892000,53.946372682395264,-0.4933624258862572,22.080549907684325,26.775819969177245,-0.03662994361677396,2.4338778939588503
2020-04-08,22.760684967041016,26.11000061035156,26.219999313354492,25.36400032043457,25.677000045776367,27565000,56.17565759295911,-0.2521868575583639,22.15619993209839,26.661399993896485,0.06151158599717488,2.5375180913142503
2020-04-09,22.16791343688965,25.43000030517578,26.75,25.131000518798828,26.57900047302246,34828000,53.74260255968606,-0.11460275449430668,22.33379993438721,26.534980010986327,0.16235487721279873,2.6392832142938043
2020-04-13,22.657825469970703,25.992000579833984,26.152000427246094,25.280000686645508,25.350000381469727,25729000,55.45960127973714,0.039329003485814695,22.46229991912842,26.424420013427735,0.10972588155220464,2.7550767259508926
2020-04-14,23.329919815063477,26.76300048828125,26.83799934387207,26.23200035095215,26.61199951171875,23094000,57.775177553132664,0.22098688060009408,22.86254997253418,26.349360008239746,0.4267513229320905,2.7700340929454517
2020-04-15,22.44163703918457,25.74399948120117,26.23200035095215,25.615999221801758,26.100000381469727,25926000,53.7945782081374,0.2795052295624423,23.152199935913085,26.25377998352051,0.2903613455741689,2.7523805571120166
2020-04-16,22.51573371887207,25.82900047302246,26.176000595092773,25.410999298095703,26.176000595092773,26896000,54.078798111889505,0.3289483999823659,23.60429992675781,26.147159996032716,0.5386310516163493,2.367521323216967
2020-04-17,23.177371978759766,26.58799934387207,26.743000030517578,25.893999099731445,26.32200050354004,34089000,56.64339235574867,0.424484145422074,23.961449909210206,26.044159965515135,0.36734377789417727,2.2425261683019833
2020-04-20,22.514856338500977,25.827999114990234,26.525999069213867,25.791000366210938,26.0,23801000,53.42592084631432,0.43386986338657607,24.2917498588562,25.921339950561524,0.34366865835855687,1.978691875336353
2020-04-21,21.588220596313477,24.76499938964844,25.479000091552734,24.68000030517578,25.45599937438965,29138000,49.21508950633726,0.35148126132709834,24.56264982223511,25.78617992401123,0.2800433779600531,1.600902517968133
2020-04-22,22.662179946899414,25.996999740600582,26.222000122070312,25.073999404907227,25.476999282836914,35438000,53.76353329227981,0.3812055325948869,24.798699855804443,25.677719917297363,0.22189325427344797,1.4296812805972976
2020-04-23,22.571521759033203,25.89299964904785,26.520000457763672,25.851999282836914,26.024999618530273,21659000,53.329321343119176,0.39185325312134367,25.005599880218504,25.555259933471678,0.19020917710462615,1.2547385643439124
2020-04-24,23.084095001220703,26.481000900268555,26.506999969482422,25.88800048828125,25.981000900268555,23373000,55.516777808948795,0.4426360028833649,25.113799953460692,25.43547992706299,0.08899130300144065,1.2851684491800084
2020-04-27,23.401399612426758,26.84499931335449,27.121999740600586,26.434999465942383,26.434999465942383,16588000,56.86460738214117,0.5064156830526763,25.302599906921387,25.324439926147463,0.16368282236994403,1.2457176717504035
2020-04-28,23.07712173461914,26.472999572753903,27.641000747680664,26.41200065612793,27.423999786376953,18988000,55.029497311309626,0.5209392060655951,25.425699901580806,25.218359909057618,0.10253633443191279,1.232946191110115
2020-04-29,24.061296463012695,27.601999282836918,27.698999404907227,26.92300033569336,27.107999801635742,28871000,59.32025663445508,0.6164440604434098,25.620299911499025,25.148899879455566,0.1641501623217303,1.2548482046827114
2020-04-30,23.67774200439453,27.16200065612793,27.405000686645508,26.8799991607666,27.35300064086914,23379000,57.03623892895149,0.6491451919655624,25.86024990081787,25.060759887695312,0.21459551937272692,1.0395738122257976
2020-05-01,22.638647079467773,25.96999931335449,26.78499984741211,25.81999969482422,26.600000381469727,26836000,51.27623617371145,0.5722796443959695,25.973449897766113,24.961679878234865,0.09550324806853383,0.9075277385061126
2020-05-04,22.861801147460938,26.22599983215332,26.243000030517578,25.531999588012695,25.92099952697754,17046000,52.38831143527328,0.5259573377496594,26.11344985961914,24.87719985961914,0.11952527814957392,0.6817473316603377
2020-05-05,23.08932113647461,26.48699951171875,26.893999099731445,26.371000289916992,26.655000686645508,26462000,53.552280814378626,0.5044916037015064,26.17559986114502,24.823739852905273,0.049239425450124275,0.6544242945461874
2020-05-06,23.029176712036133,26.417999267578125,27.04800033569336,26.36199951171875,26.83300018310547,22727000,53.18212125994211,0.47642023585539306,26.230149841308595,24.78673984527588,0.04307654352003776,0.624764088529314
2020-05-07,23.340383529663086,26.774999618530277,27.047000885009766,26.600000381469727,27.0,18238000,54.91837522433229,0.47747636897663526,26.26339979171753,24.750479850769043,0.025469130319172528,0.6356342633438345
2020-05-08,23.974992752075195,27.50300025939941,27.55500030517578,27.003000259399414,27.219999313354492,16757000,58.313420579901205,0.530936622756613,26.367049789428712,24.752639846801756,0.08151788947488581,0.6610906296971978
2020-05-11,24.00724983215332,27.540000915527344,27.673999786376953,27.174999237060547,27.336999893188477,20851000,58.484547425269724,0.5697224964604573,26.444449806213377,24.758199882507324,0.05955679829025473,0.7040900351901993
2020-05-12,23.401399612426758,26.84499931335449,27.77199935913086,26.82200050354004,27.658000946044922,18764000,54.00039960133298,0.5381760019358879,26.44854974746704,24.7251598739624,0.003063887590225356,0.7062779367809667
2020-05-13,22.939395904541016,26.315000534057617,27.033000946044922,25.93600082397461,27.006999969482422,21927000,50.80157996146114,0.46504792267003836,26.477099800109862,24.702959899902343,0.022179966763649306,0.6875924496798071
2020-05-14,23.240135192871094,26.65999984741211,26.69499969482422,25.475000381469727,26.09600067138672,19912000,52.76314104258238,0.42997546479293547,26.518649768829345,24.665259895324706,0.032173113909599316,0.6712821922809643
2020-05-15,22.700536727905273,26.041000366210938,26.4060001373291,25.677000045776367,25.941999435424805,21650000,48.98909790239714,0.34821816208921064,26.49129981994629,24.63799991607666,-0.020573152969751485,0.6794020221365776
2020-05-18,23.844236373901367,27.35300064086914,27.67300033569336,26.799999237060547,26.86199951171875,26531000,56.148673485656815,0.38485598772610174,26.567549896240234,24.64615993499756,0.059044508987682987,0.6865793948365985
2020-05-19,23.706504821777344,27.19499969482422,27.60300064086914,27.160999298095703,27.35300064086914,18702000,55.144890118975916,0.39657094957790306,26.689049911499023,24.694619941711426,0.09812236483201753,0.5527773840316664
2020-05-20,24.293180465698242,27.868000030517575,28.131000518798828,27.607999801635742,27.69700050354004,18605000,58.544455478480266,0.45491664789798136,26.782599925994873,24.72617992401123,0.07196985454421401,0.5867686592234592
2020-05-21,23.95494842529297,27.479999542236328,27.950000762939453,27.46500015258789,27.892000198364258,14847000,55.913405548267846,0.46449324839528927,26.861949920654297,24.78383991241455,0.06129069303281098,0.5671118365724859
2020-05-22,24.116212844848633,27.665000915527344,27.725000381469727,27.051000595092773,27.374000549316406,17452000,56.90782385043469,0.4814608569289831,26.921149921417236,24.89957992553711,0.044711301499437806,0.5867114780420295
2020-05-26,24.584331512451172,28.20199966430664,28.708999633789062,28.138999938964844,28.5,23573000,59.74609314475056,0.5321053409314622,26.988999938964845,24.99517990112305,0.05054946491569057,0.6522463799091203
2020-05-27,25.069875717163086,28.75900077819824,28.780000686645508,28.0,28.302000045776367,22812000,62.50475719817847,0.6101533264753947,27.10329999923706,25.195199928283692,0.08635217928976568,0.750032910835085
2020-05-28,24.681964874267578,28.31399917602539,28.93000030517578,28.243000030517578,28.5,18543000,59.02448524897116,0.6288500155290748,27.138899993896484,25.36245990753174,0.025795229030065148,0.7907419004093652
2020-05-29,25.390670776367188,29.12700080871582,29.200000762939453,28.19099998474121,28.290000915527344,27300000,63.07016920318026,0.701186867788266,27.23715000152588,25.609259910583496,0.07234371935502382,0.9072553240552059
2020-06-01,25.279090881347656,28.999000549316406,29.110000610351562,28.73699951171875,29.04199981689453,18444000,62.03171949145517,0.7396594593465053,27.388600063323974,25.80033992767334,0.11663462903537014,0.9369276863447692
2020-06-02,25.98257064819336,29.80599975585937,29.832000732421875,29.009000778198242,29.10300064086914,31847000,65.84945671467355,0.8257486406124066,27.567600059509278,26.012019920349122,0.1365057556096274,1.0394886977592148
2020-06-03,26.982440948486328,30.952999114990234,31.084999084472656,30.051000595092773,30.104999542236328,31926000,70.40443662047022,0.9752857128099528,27.790900039672852,26.244139900207518,0.1686110048552527,1.2529159651905837
2020-06-04,26.926651000976562,30.888999938964844,31.299999237060547,30.209999084472656,30.575000762939453,34997000,69.84465591995865,1.0762246731358083,28.014450073242188,26.43639991760254,0.16924069934674502,1.3867805200793208
2020-06-05,27.640588760375977,31.70800018310547,32.81100082397461,31.509000778198242,31.969999313354492,50958000,72.82262220922493,1.2083765883295463,28.261100101470948,26.635459938049316,0.18423905265571672,1.5799632617720676
2020-06-08,27.678945541381836,31.75200080871582,31.884000778198242,31.336000442504883,31.75,23916000,72.97702252767111,1.3016537616687245,28.47355012893677,26.784159965515137,0.1544922557263284,1.7492609921776006
2020-06-09,27.487167358398438,31.53199958801269,31.88800048828125,31.156999588012695,31.200000762939453,22335000,70.81085809833102,1.342350552101518,28.673150062561035,26.95341995239258,0.144952742911298,1.8612978302664585
2020-06-10,27.46275520324707,31.503999710083008,31.92099952697754,31.469999313354492,31.665000915527344,25914000,70.52394024067652,1.356704451185795,28.90610008239746,27.10327995300293,0.1735518910745817,1.911329421279908
2020-06-11,25.606857299804688,29.375,30.854999542236328,29.34000015258789,30.761999130249023,45115000,52.95429293912748,1.1826546294225757,29.05910005569458,27.216579971313475,0.11628346584990745,1.8129405221917982
2020-06-12,26.173477172851562,30.024999618530277,30.395000457763672,29.273000717163086,30.281999588012695,39439000,56.51615120860343,1.0846650847395836,29.22735004425049,27.369819946289063,0.1262190469008877,1.7329535540017822
2020-06-15,26.508220672607422,30.40900039672852,30.674999237060547,29.240999221801758,29.5,29824000,58.514435719672356,1.026164334491071,29.445750045776368,27.50387996673584,0.1677354928417114,1.5786225584293747
2020-06-16,27.086172103881836,31.07200050354004,31.454999923706055,30.399999618530273,31.0,30387000,61.78019375136106,1.0215251303156165,29.631700038909912,27.656799964904785,0.13596314026016598,1.5376413403304323
2020-06-17,27.323278427124023,31.3439998626709,31.67099952697754,31.179000854492188,31.341999053955078,20279000,63.06478968811063,1.0279470687377028,29.839150047302248,27.77879997253418,0.15256481759168117,1.4699844062602154
2020-06-18,27.782684326171875,31.871000289916992,31.91200065612793,31.152000427246094,31.211999893188477,33625000,65.48531561663668,1.063303925586741,30.039300060272218,27.909679985046388,0.14364146171292624,1.4599569460887343
2020-06-19,26.665071487426758,30.277000427246094,31.809999465942383,30.277000427246094,31.76799964904785,58465000,53.965459869088484,0.9517310588527046,30.179150104522705,27.99301998138428,0.10178314889382811,1.3300837533883663
2020-06-22,27.613584518432617,31.35400009155273,31.417999267578125,30.35300064086914,30.549999237060547,27195000,59.18929204608569,0.9393849848165701,30.363600063323975,28.111499977111816,0.13334534805509035,1.2137853714503217
2020-06-23,27.41630744934082,31.1299991607666,31.743999481201172,31.128999710083008,31.506000518798828,22419000,57.72216752303798,0.9011378726763546,30.510000038146973,28.21425994873047,0.10382240732261727,1.111623181846566
2020-06-24,27.034963607788086,30.69700050354004,31.097000122070312,30.451000213623047,30.920000076293945,19096000,54.88987886469796,0.8263616056347374,30.606900024414063,28.292939949035645,0.06738758902955233,1.032615343089682
2020-06-25,27.200532913208008,30.88500022888184,30.947999954223633,30.299999237060547,30.606000900268555,15029000,55.9016278764932,0.7733561140409684,30.735450077056885,28.395759963989256,0.09080317608518618,0.8810590992601981
2020-06-26,27.073711395263672,30.74099922180176,31.577999114990234,30.315000534057617,31.35700035095215,31425000,54.88618651205692,0.7115271600731816,30.816149997711182,28.493999938964844,0.05541244784128185,0.7957687376203278
2020-06-29,27.282440185546875,30.97800064086914,31.041000366210938,30.44499969482422,30.80699920654297,14516000,56.2933608564465,0.6738831964049545,30.915100002288817,28.581799964904786,0.06824373440688758,0.6712145800308705
2020-06-30,27.795888900756836,31.56100082397461,31.707000732421875,30.674999237060547,30.9950008392334,25125000,59.62922165330126,0.6832176190048749,31.00285005569458,28.69645999908447,0.05888079858050177,0.6321697937240406
2020-07-01,27.54224967956543,31.27300071716309,31.684999465942383,31.194000244140625,31.51099967956543,15661000,57.30250882187274,0.6597705897975708,31.018850135803223,28.826620025634767,0.01033830683043191,0.634885423818966
2020-07-02,27.78356170654297,31.54700088500977,31.937999725341797,31.465999603271484,31.774999618530273,16638000,58.943871310089165,0.6557392203061347,31.05175018310547,28.93762004852295,0.02130211231652379,0.6447743140125501
2020-07-06,28.075950622558594,31.878999710083008,32.0989990234375,31.733999252319336,32.0,17561000,60.90494699039265,0.6715921650659133,31.060300159454346,29.05734004974365,0.0053929458177766065,0.6549873473936649
2020-07-07,27.576595306396484,31.312000274658203,31.81599998474121,31.2549991607666,31.733999252319336,16150000,55.986474552681855,0.6311283672219865,31.038300132751466,29.153960037231446,-0.013857411276483655,0.6376925185457938
2020-07-08,28.144649505615234,31.957000732421875,31.983999252319336,31.41200065612793,31.61400032043457,18023000,59.94884268549462,0.6436866434083477,31.059550189971922,29.25620006561279,0.013478407648170654,0.6616416408429001
2020-07-09,28.314634323120117,32.150001525878906,32.43299865722656,31.524999618530273,32.000999450683594,25225000,61.07798260831013,0.6615863630505494,31.09185028076172,29.369740104675294,0.020505390481867725,0.6991839747276176
2020-07-10,28.133195877075195,31.944000244140625,32.29899978637695,31.54400062561035,32.191001892089844,13280000,59.16080529384842,0.6516377635084787,31.22030029296875,29.456580123901368,0.08745532746010642,0.5954610306140073
2020-07-13,27.417186737060547,31.131000518798828,32.35300064086914,31.058000564575195,32.167999267578125,21549000,52.19725917261346,0.5715625263641115,31.275600337982176,29.535960121154787,0.03683600047694813,0.5259063248787593
2020-07-14,27.749217987060547,31.507999420166016,31.621999740600586,30.518999099731445,30.89900016784668,18363000,54.851117609423994,0.5323859705752874,31.330550289154054,29.646720123291015,0.03614058367915729,0.4865342375006028
2020-07-15,27.634721755981445,31.37800025939941,31.777000427246094,31.017000198364258,31.594999313354492,15253000,53.74313461306686,0.48525470782402635,31.345850276947022,29.749760131835938,0.009848086730833705,0.48277255386010476
2020-07-16,27.419830322265625,31.13400077819824,31.38800048828125,30.93000030517578,31.06100082397461,12929000,51.634876431636535,0.42333419055472277,31.33535032272339,29.842700157165527,-0.006699817680983267,0.48509300474318506
2020-07-17,27.54048728942871,31.270999908447266,31.520999908447266,31.0,31.415000915527344,13354000,52.75551486224565,0.3809253490609734,31.305350303649902,29.93976016998291,-0.018825903674556055,0.46849194271223404
2020-07-20,27.92975616455078,31.71299934387207,31.764999389648438,31.025999069213867,31.184999465942383,14323000,56.27554365931702,0.3786172333483542,31.3771502494812,30.038520164489746,0.047428704837409574,0.4088352476439928
2020-07-21,27.684040069580078,31.43400001525879,31.92300033569336,31.267000198364258,31.92300033569336,14312000,53.562706435296604,0.35023779757759854,31.381150245666504,30.117140159606933,0.0025515061386891524,0.40898815458806004
2020-07-22,27.636484146118164,31.3799991607666,31.56800079345703,31.03700065612793,31.500999450683594,14404000,53.02985440043849,0.3197041224976829,31.393650245666503,30.19394012451172,0.008030838636034376,0.40470615453318176
2020-07-23,27.272756576538086,30.96699905395508,31.608999252319336,30.83799934387207,31.336999893188477,19417000,49.013824631040684,0.2591924982022711,31.407150173187254,30.27638011932373,0.008795600416526161,0.3842299047340163
2020-07-24,26.931039810180664,30.57900047302246,31.090999603271484,30.417999267578125,30.659000396728516,15631000,45.5256568535263,0.17787789153514666,31.391850185394286,30.36166011810303,-0.009907714216988217,0.4112579766087321
2020-07-27,27.537843704223633,31.26799964904785,31.29599952697754,30.749000549316406,30.829999923706055,20646000,52.05137324772517,0.16710566512235658,31.41820020675659,30.45382011413574,0.01714324324475225,0.38329422868971574
2020-07-28,27.06843376159668,30.73500061035156,31.211000442504883,30.615999221801758,31.118000030517578,13974000,47.32805452066996,0.11424310669642068,31.406050205230713,30.547700119018554,-0.007844277406237499,0.4014059783186387
2020-07-29,27.200532913208008,30.88500022888184,31.12299919128418,30.743999481201172,30.85300064086914,16562000,48.73786319459135,0.08349043810648027,31.372250175476076,30.61834011077881,-0.021418858003364072,0.4158721319515479
2020-07-30,27.48676109313965,31.209999084472656,31.292999267578125,30.600000381469727,30.600000381469727,21259000,51.751174004211805,0.08437084363891145,31.369100093841553,30.698640098571776,-0.00201456947672618,0.4169008132584052
2020-07-31,27.89629554748535,31.674999237060547,31.84000015258789,31.139999389648438,31.469999313354492,24719000,55.75831674875835,0.12119315822387833,31.375500011444093,30.774780082702637,0.0040573857564887295,0.42074031803804457
2020-08-03,28.290849685668945,32.12300109863281,32.3489990234375,31.72800064086914,31.799999237060547,20796000,59.26820298624222,0.18439947161986936,31.387700080871582,30.867640113830568,0.007653985092657356,0.4392394733586025
2020-08-04,28.921430587768555,32.8390007019043,32.85900115966797,32.03900146484375,32.04999923706055,25258000,64.16177056460094,0.28893544651736036,31.464050102233887,30.971120109558104,0.04876725900139767,0.5452981560519482
2020-08-05,29.022708892822266,32.95399856567383,33.15800094604492,32.58000183105469,32.82500076293945,22299000,64.89134216658725,0.37671775847260136,31.513899993896484,31.06616008758545,0.031198104027342355,0.6314935248577662
2020-08-06,28.989246368408203,32.91600036621094,33.0880012512207,32.54100036621094,32.777000427246094,14193000,64.42464908168466,0.43816879883966564,31.552199935913087,31.149300079345704,0.023825779283881188,0.6923955346131738
2020-08-07,28.704776763916016,32.59299850463867,32.972999572753906,32.14799880981445,32.8390007019043,14192000,60.44511259892747,0.4555542939438233,31.58464984893799,31.23488006591797,0.02031674979770548,0.7261112787242463
2020-08-10,28.830717086791992,32.73600006103516,32.926998138427734,32.40599822998047,32.422000885009766,11989000,61.57671875354785,0.4753914379807753,31.664899826049805,31.307060050964356,0.05155631092766,0.7611806138926014
2020-08-11,28.537443161010742,32.40299987792969,33.332000732421875,32.2760009765625,32.75699996948242,19316000,57.454707636343535,0.458951676531445,31.70964984893799,31.37514003753662,0.028405499372671894,0.7776024309105279
2020-08-12,29.383800506591797,33.36399841308594,33.5880012512207,32.5359992980957,32.584999084472656,18471000,64.78167489400164,0.5175021548211411,31.808949756622315,31.446300010681153,0.0632926935199325,0.8558871531229276
2020-08-13,29.012149810791016,32.94200134277344,33.340999603271484,32.78499984741211,33.22100067138672,15095000,59.90309529121679,0.5238139922616938,31.899349784851076,31.486080055236815,0.05807157831900822,0.876089397927711
2020-08-14,28.87122917175293,32.78200149536133,32.98500061035156,32.599998474121094,32.801998138427734,10140000,58.116063698297125,0.510026253229114,31.97489986419678,31.523940086364746,0.048319580164940534,0.8841652088767362
2020-08-17,29.09140396118164,33.03200149536133,33.17900085449219,32.900001525878906,32.95100021362305,10594000,60.118064807598046,0.5133546485371596,32.04084997177124,31.550420112609864,0.04159184494619961,0.9123450944927791
2020-08-18,28.94344711303711,32.86399841308594,33.31800079345703,32.81399917602539,33.18600082397461,8857000,58.107979351849366,0.4967102149526994,32.112349891662596,31.572660064697267,0.04549209127482956,0.9182981849534196
2020-08-19,28.9936466217041,32.92100143432617,33.308998107910156,32.82400131225586,32.946998596191406,11273000,58.61360884161406,0.48255643859710773,32.18940000534057,31.600440101623533,0.04910778568427232,0.9182650946597423
2020-08-20,28.960180282592773,32.882999420166016,32.999000549316406,32.60599899291992,32.76900100708008,8910000,58.11005513374705,0.4629365791992157,32.28520002365112,31.628020095825196,0.0618723294069472,0.8833032527325781
2020-08-21,29.064983367919922,33.00199890136719,33.04600143432617,32.5,32.83000183105469,11508000,59.28949805847442,0.45178210006080377,32.40634994506836,31.70056007385254,0.07923733251132115,0.7991247101413994
2020-08-24,29.415508270263672,33.400001525878906,33.61899948120117,33.11399841308594,33.20100021362305,11996000,63.0379248842515,0.46964381892980356,32.51295003890991,31.76806011199951,0.06818478638738168,0.7812822191173598
2020-08-25,29.603975296020508,33.61399841308594,33.70899963378906,33.29999923706055,33.5,11140000,64.90880901867055,0.4953569535595861,32.65689992904663,31.83216007232666,0.09367163642628107,0.6971524090193267
2020-08-26,29.91486358642578,33.96699905395508,34.1510009765625,33.35100173950195,33.4739990234375,14844000,67.80380409316246,0.538017073654423,32.81099987030029,31.890060043334962,0.09978950306728951,0.6213823078801224
2020-08-27,29.868186950683594,33.91400146484375,34.130001068115234,33.61399841308594,34.04899978637695,12552000,66.91129132936354,0.561081268059965,32.94619998931885,31.94146007537842,0.0866389766001745,0.5440603215431237
2020-08-28,30.36842155456543,34.48199844360352,34.481998443603516,33.77000045776367,33.900001525878906,14589000,71.27534245927492,0.6180677176171088,33.086549949646,31.993680038452148,0.08861876161495585,0.5606760181123162
2020-08-31,30.573631286621094,34.71500015258789,35.05799865722656,34.35200119018555,34.35200119018555,22229000,72.8568388354792,0.6742587449940558,33.21614990234375,32.082440032958985,0.08068981618487059,0.6224017601123112
2020-09-01,31.664825439453125,35.95399856567383,36.207000732421875,34.742000579833984,35.0,29205000,79.36335783366292,0.8094366740968795,33.37189979553223,32.17444000244141,0.09485665815613253,0.8653781731331253
2020-09-02,33.02727127075195,37.5009994506836,37.895999908447266,36.356998443603516,36.58599853515625,37053000,84.39365792317454,1.029528436453468,33.599249839782715,32.30186000823974,0.13798024770645312,1.2580220469160446
2020-09-03,31.00870132446289,35.20899963378906,36.88999938964844,35.01599884033203,36.60100173950195,41795000,60.761944003413824,1.007394892377114,33.713899803161624,32.39209999084473,0.06966214734679443,1.2963784010226296
2020-09-04,31.96514129638672,36.29499816894531,37.25299835205078,35.349998474121094,36.09700012207031,58514000,65.66751922103713,1.0652058746958346,33.898999786376955,32.500299949646,0.11358266603730138,1.3888986775066887
2020-09-08,30.8721866607666,35.05400085449219,36.275001525878906,35.0,35.26599884033203,26685000,56.91146386159653,0.9993633443088754,34.014899826049806,32.5865599822998,0.07080891951170543,1.383446381391052
2020-09-09,31.707969665527344,36.00299835205078,36.185001373291016,35.11000061035156,35.61600112915039,26273000,61.17480817154326,1.0120920642461684,34.19489974975586,32.68705993652344,0.11110077732565515,1.3968172236449077
2020-09-10,31.448171615600586,35.70800018310547,36.78300094604492,35.43899917602539,36.2130012512207,22851000,59.21348907660101,0.9869982779080004,34.312099838256835,32.76999992370605,0.07025542145752461,1.4215489595652666
2020-09-11,31.678918838500977,35.970001220703125,36.426998138427734,35.46799850463867,36.04999923706055,17362000,60.42699810153003,0.9769904280450561,34.46349983215332,32.863939933776855,0.09191912314076656,1.4291745020324702
2020-09-14,31.899084091186523,36.220001220703125,36.5890007019043,35.935001373291016,36.441001892089844,16447000,61.600998036289766,0.9779587459239991,34.63539981842041,32.957399940490724,0.10487461315710922,1.4230272356328861
2020-09-15,32.31389617919922,36.69100189208984,37.11199951171875,36.53499984741211,36.630001068115234,16618000,63.7810703028507,1.0051452736500437,34.818349838256836,33.05363998413086,0.11077138020965327,1.4411311942438128
2020-09-16,32.325355529785156,36.70399856567383,37.20000076293945,36.6349983215332,36.81800079345703,18498000,63.842073113404396,1.0160273844489467,35.01034984588623,33.16147994995117,0.11684519042146935,1.422733189340668
2020-09-17,32.226707458496094,36.59199905395508,37.012001037597656,35.5,35.5,22862000,62.85952477270183,1.0040401610978833,35.19389972686768,33.25417991638184,0.111509293754388,1.3749957146212386
2020-09-18,31.681556701660156,35.972999572753906,36.784000396728516,35.505001068115234,36.71200180053711,35295000,57.58464596994874,0.933827532780029,35.34839973449707,33.330639877319335,0.09396953462502267,1.2713644221549318
2020-09-21,31.264741897583008,35.17900085449219,35.19599914550781,34.347999572753906,35.000999450683594,24198000,51.602878582482774,0.804836800501235,35.45724983215332,33.39533988952637,0.06596576042655444,1.1470124722890156
2020-09-22,32.13570022583008,36.15900039672852,36.18000030517578,35.29499816894531,35.637001037597656,19500000,57.474558887617846,0.7727803577774282,35.595199775695804,33.49589988708496,0.08260475283846613,1.048223914982668
2020-09-23,31.246963500976562,35.15900039672852,36.12099838256836,35.005001068115234,36.018001556396484,15542000,50.713355122862616,0.6590862176630168,35.67244987487793,33.56891990661621,0.045963052792943326,0.946529773919941
2020-09-24,31.32962417602539,35.25199890136719,35.75699996948242,34.909000396728516,35.02000045776367,13611000,51.28727524167457,0.5699173422435564,35.73669986724853,33.646399879455565,0.03783083237264928,0.8647515290706098
2020-09-25,31.709991455078125,35.68000030517578,35.77199935913086,34.827999114990234,35.20500183105469,18183000,53.94524816209088,0.5277034653128325,35.82499980926514,33.73731986999512,0.0520728538082631,0.7516002826452872
2020-09-28,32.64316177368164,36.72999954223633,36.84299850463867,35.90299987792969,36.167999267578125,22192000,59.74788402853832,0.5723768232059712,35.93739986419678,33.846499862670896,0.06519346905921042,0.7069524332287741
2020-09-29,32.372989654541016,36.42599868774414,37.08000183105469,36.39899826049805,36.749000549316406,13722000,57.489439388513574,0.5766037240663948,36.02294979095459,33.94075984954834,0.04928700929383978,0.6526845401545709
2020-09-30,32.37831115722656,36.43199920654297,37.099998474121094,36.17100143432617,36.29499816894531,22403000,57.523569178569744,0.5738230897835379,36.04684982299805,34.04071983337403,0.013294783888807782,0.6587503317674536
2020-10-01,32.75871276855469,36.86000061035156,37.07099914550781,36.481998443603516,36.89799880981445,16016000,59.99094954671167,0.5992477978169362,36.01479988098144,34.15031986236572,-0.017092846849988463,0.5969751418646044
2020-10-02,31.71266746520996,35.68299865722656,36.492000579833984,35.6150016784668,36.0,17100000,51.18549691535022,0.5184465124334992,36.03849983215332,34.24463985443115,0.013462439386736191,0.572195740343609
2020-10-05,32.53651428222656,36.61000061035156,36.685001373291016,35.9900016784668,36.08399963378906,18923000,56.58986847412025,0.5231813134515093,36.054249954223636,34.36525985717773,0.008678949092103094,0.5838444167250668
2020-10-06,32.348106384277344,36.39799880981445,37.20000076293945,36.20199966430664,36.611000061035156,16672000,55.087781117897634,0.5040169106341565,36.121449851989745,34.46785984039307,0.03834078628859361,0.5382212539022818
2020-10-07,32.5933952331543,36.67399978637695,36.986000061035156,36.60599899291992,36.834999084472656,12747000,56.69919903598099,0.5052754545841367,36.15499992370606,34.58663982391357,0.018637376469728073,0.5512057964518843
2020-10-08,33.17906951904297,37.33300018310547,37.42900085449219,36.83100128173828,36.98899841308594,17045000,60.356613390832514,0.5530732006704753,36.236249923706055,34.715599822998044,0.045508009176297604,0.5994986222647474
2020-10-09,33.47856903076172,37.66999816894531,38.0,37.400001525878906,37.59299850463867,17253000,62.11870841907564,0.611101778945617,36.32124977111816,34.8447998046875,0.047261520448982575,0.6754655136127954
2020-10-12,33.98781967163086,38.24300003051758,38.5099983215332,37.979000091552734,38.17900085449219,18839000,64.96982087332722,0.6953111921476278,36.42239971160889,34.97615982055664,0.05585308508101661,0.7995744303209714
2020-10-13,33.90427017211914,38.14899826049805,38.779998779296875,37.861000061035156,38.441001892089844,16731000,64.11725262243749,0.7458647371659097,36.4952995300293,35.096679763793944,0.039737164242509726,0.8870344997145092
2020-10-14,33.798526763916016,38.02999877929688,38.374000549316406,37.78499984741211,38.354000091552734,17298000,62.99035296113016,0.7674794963047376,36.561599540710446,35.2004997253418,0.0361268598910407,0.9507228978073494
2020-10-15,33.76563262939453,37.99300003051758,38.04899978637695,37.50199890136719,37.505001068115234,14361000,62.62183151932856,0.7727164644304949,36.631649589538576,35.30127975463867,0.038287084958018136,1.0032434134211936
2020-10-16,33.65188217163086,37.8650016784668,38.327999114990234,37.814998626708984,38.327999114990234,10295000,61.28599899377173,0.7578029217508373,36.72624969482422,35.400259780883786,0.05259506096750122,1.0267937710516637
2020-10-19,33.39591979980469,37.57699966430664,38.361000061035156,37.51499938964844,38.124000549316406,14803000,58.27385435222107,0.7145080718351835,36.846149635314944,35.49993980407715,0.06816563152924915,0.9753293678281104
2020-10-20,33.50436019897461,37.69900131225586,38.11399841308594,37.555999755859375,37.70100021362305,13297000,59.18891019910371,0.6821773884404081,36.92314968109131,35.599199829101565,0.04258969823918779,0.979008142135692
2020-10-21,33.0653076171875,37.20500183105469,37.68600082397461,37.03099822998047,37.57699966430664,11896000,54.02281917512216,0.609665613622866,37.02544975280762,35.695239868164066,0.058192821503439074,0.8875926563478449
2020-10-22,33.18262481689453,37.33700180053711,37.430999755859375,36.71099853515625,37.108001708984375,13547000,55.149297858664546,0.5564365498513268,37.129699897766116,35.774699935913084,0.05914566447717262,0.7848287996332766
2020-10-23,33.124855041503906,37.27199935913086,37.39400100708008,37.07600021362305,37.32600021362305,8868000,54.441914964305404,0.5032063302047334,37.209299850463864,35.86129989624023,0.04461880718437494,0.7069231264877462
2020-10-26,32.26456832885742,36.30400085449219,36.99599838256836,35.76100158691406,36.959999084472656,15509000,45.153605054313495,0.3785479431576846,37.18799991607666,35.93173988342285,-0.01159811306978864,0.7282216829569095
2020-10-27,31.958839416503906,35.959999084472656,36.518001556396484,35.922000885009766,36.518001556396484,9620000,42.38604607649273,0.2491254423852709,37.164699935913085,35.99029983520508,-0.012793049471784945,0.7606199673524853
2020-10-28,30.857702255249023,34.72100067138672,35.486000061035156,34.553001403808594,35.400001525878906,22331000,34.24475512125319,0.04604953056658445,37.07915000915527,36.02743988037109,-0.04696416810551984,0.925679036600538
2020-10-29,31.55091094970703,35.500999450683594,35.944000244140625,34.5369987487793,34.72600173950195,15697000,41.82085298348068,-0.05135818468154696,37.011199951171875,36.07903984069824,-0.03686926579394345,0.9902402796089885
2020-10-30,31.072772979736328,34.9630012512207,35.29899978637695,34.44200134277344,34.93899917602539,18530000,38.523870265670745,-0.17000672752903512,36.97520008087158,36.120639877319334,-0.020177603707642544,1.052216203515041
2020-11-02,31.21674156188965,35.125,35.53900146484375,34.834999084472656,35.50400161743164,11757000,40.056307849575255,-0.24810461187981758,36.900950050354005,36.16309989929199,-0.04056270378568838,1.1289405416538543
2020-11-03,31.439821243286133,35.375999450683594,35.92399978637695,34.66600036621094,35.595001220703125,15457000,42.44999525266367,-0.2864422618222804,36.84985008239746,36.202619857788086,-0.028078449160652386,1.1750905548929955
2020-11-04,32.40587615966797,36.4630012512207,36.89799880981445,35.7140007019043,36.04800033569336,21277000,51.48524152467359,-0.22650218852270854,36.83930015563965,36.25959991455078,-0.005753354866807503,1.177696706203664
2020-11-05,33.84917449951172,38.08700180053711,38.26499938964844,37.20100021362305,37.236000061035156,21783000,61.26878795431324,-0.04740946974113314,36.87700023651123,36.34199996948242,0.02019665212368471,1.206059587858915
2020-11-06,33.826961517333984,38.0620002746582,38.367000579833984,37.71699905395508,38.005001068115234,13545000,61.06462489864058,0.09145119356168152,36.896600341796876,36.42495994567871,0.010406215151771647,1.2226957048579044
2020-11-09,33.37548065185547,37.55400085449219,39.388999938964844,37.500999450683594,38.90999984741211,24088000,56.91466912573662,0.1586788114231581,36.86215038299561,36.486399993896484,-0.018016347448567727,1.1920870302465332
2020-11-10,32.27256393432617,36.3129997253418,37.31999969482422,36.0359992980957,37.03200149536133,26784000,48.28220952655402,0.1105444753832785,36.77035045623779,36.518359985351566,-0.04812704445393945,1.1579792453342355
2020-11-11,33.40924835205078,37.59199905395508,37.7140007019043,36.85499954223633,37.08599853515625,15133000,55.73404122256004,0.17360105911169654,36.748450469970706,36.55111999511719,-0.011517216392345708,1.136851678800696
2020-11-12,32.90089797973633,37.02000045776367,37.86000061035156,36.827999114990234,37.722999572753906,12160000,52.11732431759007,0.175396488158718,36.69980049133301,36.54150001525879,-0.02560996951997352,1.101045016313596
2020-11-13,33.194175720214844,37.34999847412109,37.733001708984375,37.15800094604492,37.5,10997000,53.97302309791751,0.20112897104561966,36.67405033111572,36.58431999206543,-0.013601034768700004,1.0781442298380963
2020-11-16,33.843849182128906,38.08100128173828,38.137001037597656,37.400001525878906,37.48099899291992,12100000,57.86823528868404,0.2773112944729732,36.69925041198731,36.62004005432129,0.01341250291226359,1.1058932380174007
2020-11-17,33.82518768310547,38.060001373291016,38.24399948120117,37.702999114990234,37.86600112915039,11950000,57.71712070911713,0.3321628509633072,36.71730041503906,36.68016006469727,0.009575852104013016,1.1258358880091452
2020-11-18,33.826961517333984,38.0620002746582,38.49399948120117,37.96200180053711,37.98899841308594,13517000,57.72843619195269,0.37151184204384435,36.76015033721924,36.721340103149416,0.02303449540185709,1.1611306924155012
2020-11-19,34.156681060791016,38.43299865722656,38.48400115966797,37.435001373291016,37.77199935913086,14555000,59.87474250906163,0.42770238304351693,36.814950180053714,36.77584007263184,0.029354174246355447,1.2144279278747834
2020-11-20,34.06780242919922,38.33300018310547,38.8849983215332,38.27000045776367,38.430999755859375,16140000,59.005103512787755,0.45887512369122163,36.868000221252444,36.823100051879884,0.028466431697195427,1.257842019414481
2020-11-23,34.39397048950195,38.70000076293945,38.915000915527344,38.29999923706055,38.5369987487793,12212000,61.2306754796427,0.5073452644852594,36.987800216674806,36.87270004272461,0.06599823303361307,1.3141387872563688
2020-11-24,34.85877990722656,39.22299957275391,39.28099822998047,38.61800003051758,38.86199951171875,13455000,64.21237173101942,0.5812594363804777,37.150950241088864,36.92333999633789,0.09073972667841934,1.3806870272287166
2020-11-25,34.73435592651367,39.08300018310547,39.54999923706055,38.900001525878906,39.284000396728516,11787000,62.81959838901238,0.6213773184759361,37.36905021667481,36.97092002868652,0.1256300056845261,1.3198175064465936
2020-11-27,35.10051727294922,39.494998931884766,39.91699981689453,39.29999923706055,39.314998626708984,6846000,65.21102885503296,0.678593481633115,37.56875019073486,37.028980026245115,0.11250386025749659,1.3244440628891967
2020-11-30,35.68973922729492,40.15800094604492,40.215999603271484,39.27399826049805,39.402000427246094,15454000,68.69995862031868,0.7685767504028433,37.82850017547607,37.11268005371094,0.14858563363872657,1.295615689554185
2020-12-01,35.95547866821289,40.45700073242188,40.667999267578125,40.012001037597656,40.34600067138672,18181000,70.1536830925351,0.854169587806318,38.095100212097165,37.21824005126953,0.15180073259564075,1.2580764488924487
2020-12-02,35.88081741333008,40.37300109863281,40.54100036621094,40.111000061035156,40.4739990234375,10031000,69.18156556513586,0.9047945513067148,38.34495029449463,37.30252006530762,0.1412540062625045,1.1836427470131308
2020-12-03,35.53154373168945,39.97999954223633,40.66400146484375,39.810001373291016,40.45000076293945,16120000,64.66664428184592,0.9027963837234552,38.52080020904541,37.398940048217774,0.09645388943121858,1.1501117312012985
2020-12-04,36.58736801147461,41.167999267578125,41.2400016784668,40.23899841308594,40.2400016784668,20083000,70.85800173512959,0.9857117987926429,38.67485008239746,37.51726005554199,0.08089367294323413,1.287127307680638
2020-12-07,37.4058837890625,42.0890007019043,42.284000396728516,41.33399963378906,41.64099884033203,19707000,74.57722758784666,1.1129110355732337,38.876200103759764,37.64544006347656,0.10580107188762966,1.485849754413956
2020-12-08,37.629852294921875,42.34099960327149,42.66999816894531,41.816001892089844,41.928001403808594,18121000,75.49862442223959,1.2199882868856307,39.11555004119873,37.75766006469726,0.12746974063634786,1.6392889541242381
2020-12-09,36.990848541259766,41.62200164794922,42.61000061035156,41.367000579833984,41.946998596191406,20908000,67.93341516022687,1.2326217575817608,39.3810001373291,37.86158012390137,0.14620113906212007,1.590710426201905
2020-12-10,36.44160842895508,41.00400161743164,41.525001525878906,40.80099868774414,41.14400100708008,26244000,62.16722557714806,1.17917365660346,39.55160026550293,37.95302017211914,0.09076406281505212,1.5715958097284586
2020-12-11,36.066566467285156,40.58200073242188,40.70000076293945,39.827999114990234,40.400001525878906,26664000,58.51480500834084,1.0901965991227769,39.72970027923584,38.027460174560545,0.09621826662919997,1.4680221142715058
2020-12-14,36.598026275634766,41.18000030517578,41.43000030517578,40.599998474121094,40.65299987792969,26116000,61.928260247802946,1.0557650060556298,39.921200370788576,38.13740020751953,0.1025435605762719,1.3889343399753944
2020-12-15,37.15436935424805,41.805999755859375,41.93899917602539,41.29899978637695,41.52799987792969,21207000,65.16000411564411,1.0666944547777106,40.107450294494626,38.24132019042969,0.09781776604459758,1.3789009499847253
2020-12-16,37.76226806640625,42.4900016784668,42.71500015258789,41.69599914550781,41.79999923706055,23160000,68.32397806499912,1.1176656069499913,40.32895030975342,38.36316024780273,0.11639516934659322,1.3884722320564447
2020-12-17,37.86892318725586,42.61000061035156,43.000999450683594,42.45500183105469,42.650001525878906,17152000,68.85829861963538,1.1544359047059771,40.55635032653809,38.481880264282225,0.1194892623318442,1.3699627406422454
2020-12-18,38.94986343383789,43.45600128173828,43.564998626708984,42.20000076293945,42.47999954223633,45243000,72.39383518655748,1.2375758108680799,40.80750045776367,38.60434028625488,0.13069504852615088,1.4197291418166549
2020-12-21,38.44075393676758,42.88800048828125,43.20000076293945,42.369998931884766,42.814998626708984,19096000,66.90202896768605,1.243299881336199,41.03525047302246,38.7087003326416,0.1188271276294024,1.366226329116249
2020-12-22,38.81899642944336,43.310001373291016,43.35499954223633,42.79999923706055,42.88800048828125,17929000,68.79599859985056,1.2672797805773968,41.26575050354004,38.81004035949707,0.11912146045139793,1.3401376290966902
2020-12-23,38.13422393798828,42.54600143432617,43.599998474121094,42.507999420166016,43.5,10533000,61.890997279200846,1.2106796520247087,41.431900596618654,38.89798042297363,0.08472074797360896,1.278105144456722
2020-12-24,38.6720085144043,43.14599990844727,43.20000076293945,42.75699996948242,42.8489990234375,4123000,64.87284252328067,1.2004010289913793,41.63505058288574,39.00030044555664,0.10395823519961311,1.2059699613360169
2020-12-28,38.709651947021484,43.1879997253418,43.72700119018555,43.1150016784668,43.433998107910156,10625000,65.07882406785183,1.182018605694843,41.81970062255859,39.10420043945312,0.09350552964506176,1.1420854570369525
2020-12-29,38.45509338378906,42.90399932861328,43.58300018310547,42.67900085449219,43.58300018310547,9593000,62.41367626032485,1.1314908223964792,41.95700054168701,39.20498039245606,0.06837985750978492,1.0959316427372825
2020-12-30,38.97406005859375,43.483001708984375,43.79999923706055,43.0099983215332,43.16699981689453,10553000,65.51441572722666,1.1251972695581784,42.108300590515135,39.32310043334961,0.07479548463258867,1.0867891671968957
2020-12-31,39.24473571777344,43.78499984741211,43.849998474121094,43.30500030517578,43.63100051879883,10211000,67.04166286179179,1.131534682000364,42.2789005279541,39.444820404052734,0.08451189299610529,1.0676849644579658
2021-01-04,38.11271286010742,42.52199935913086,44.2239990234375,42.124000549316406,43.93299865722656,24171000,55.89320749901577,1.0228527333443083,42.40600051879883,39.55116035461426,0.06358178704352091,0.9208158747715215
2021-01-05,38.37085723876953,42.810001373291016,42.93899917602539,42.2400016784668,42.505001068115234,15069000,57.62369971055125,0.9490211367138031,42.488100624084474,39.66062034606934,0.03988539970185179,0.8767732911090561
2021-01-06,38.13422393798828,42.54600143432617,43.45800018310547,42.05400085449219,42.33000183105469,17226000,55.47510124708505,0.8593009888184753,42.51095066070557,39.76610038757324,0.010857961101490288,0.871765478739391
2021-01-07,39.741294860839844,44.3390007019043,44.45899963378906,43.060001373291016,43.20600128173828,21267000,65.01591832816024,0.9222461023959738,42.610850715637206,39.926800384521485,0.047188330869695205,0.9611618276640025
2021-01-08,39.94296646118164,44.56399917602539,44.999000549316406,43.8650016784668,44.70000076293945,15271000,66.00047258339782,0.9790007437054129,42.75795059204101,40.09888038635254,0.07068371081622704,1.0248750392916723
2021-01-11,39.95372009277344,44.57600021362305,44.87799835205078,44.04199981689453,44.06100082397461,11660000,66.05534631117388,1.013267274867843,42.936550521850585,40.29598037719727,0.08711341467396871,1.014318978157033
2021-01-12,40.279083251953125,44.93899917602539,45.47600173950195,44.560001373291016,44.777000427246094,13846000,67.75078467727892,1.0575242489916619,43.15440044403076,40.4847403717041,0.10736282994846547,0.9477047322033271
2021-01-13,40.442203521728516,45.12099838256836,45.3489990234375,44.81100082397461,45.029998779296875,13118000,68.59766370663537,1.094665413297328,43.35145034790039,40.68790031433105,0.09570174959171251,0.9250154815381696
2021-01-14,40.519283294677734,45.20700073242188,45.849998474121094,45.132999420166016,45.35100173950195,19692000,69.01178192503178,1.1181503828892545,43.52150039672851,40.88954032897949,0.08135198288340972,0.9384681946647736
2021-01-15,39.96178436279297,44.584999084472656,45.0,44.066001892089844,44.81800079345703,18165000,62.58359114248493,1.07418946825576,43.62625026702881,41.07372032165527,0.04930565599548009,0.9341846329976293
2021-01-19,41.16462707519531,45.92699813842773,45.94900131225586,44.827999114990234,44.827999114990234,18819000,69.24072096088588,1.1345597363854125,43.79210014343262,41.26300025939941,0.0778455170279988,1.033437580297109
2021-01-20,41.39856719970703,46.1879997253418,46.57899856567383,45.5,45.95199966430664,14710000,70.34578384874959,1.1897495632335833,43.928700065612794,41.42502021789551,0.06286815084276043,1.1595383156104235
2021-01-21,41.841346740722656,46.68199920654297,46.946998596191406,46.040000915527344,46.21099853515625,15749000,72.36914407481092,1.258838422504084,44.11840000152588,41.5974201965332,0.08846294243300967,1.2839891013942495
2021-01-22,41.68000411987305,46.50199890136719,46.755001068115234,46.237998962402344,46.37200164794922,16248000,70.48203659335911,1.2842631349384064,44.27799987792969,41.776380157470705,0.0737011643237826,1.3734805039467737
2021-01-25,41.659393310546875,46.479000091552734,47.0,45.608001708984375,46.95600128173828,14692000,70.23004679333228,1.287712641220125,44.474649810791014,41.97970016479492,0.09244108787279393,1.3938527561281078
2021-01-26,41.576934814453125,46.387001037597656,46.702999114990234,46.1879997253418,46.26499938964844,10742000,69.16479495117122,1.2684015020516028,44.63669986724854,42.155600204467774,0.07511707078356178,1.4194190220921918
2021-01-27,39.858707427978516,44.470001220703125,45.69599914550781,44.1510009765625,45.55400085449219,21857000,51.60122661388227,1.0858939118732636,44.7007999420166,42.30460021972656,0.029684206342371455,1.3789228593965364
2021-01-28,40.48971939086914,45.17399978637695,45.847999572753906,44.702999114990234,45.553001403808594,16946000,56.018294865750775,0.986688205013813,44.814299964904784,42.46108024597168,0.0529088311879069,1.3151929483344387
2021-01-29,40.378570556640625,45.04999923706055,45.810001373291016,44.76300048828125,44.9900016784668,22069000,55.0650330928116,0.8878268443663302,44.8926498413086,42.60046020507812,0.036037013694765196,1.2778547478129192
2021-02-01,41.834171295166016,46.67399978637695,46.93199920654297,45.35900115966797,45.584999084472656,17027000,63.76241895487875,0.9298035789114465,45.037099838256836,42.77274017333984,0.06598149934984177,1.3089639426319668
2021-02-02,42.7430305480957,47.6879997253418,47.696998596191406,46.79999923706055,46.97600173950195,16141000,67.93557146469712,1.0329841657355985,45.295399856567386,42.965260162353516,0.1214900626515727,1.296178741352828
2021-02-03,41.695247650146484,46.51900100708008,47.85200119018555,46.45899963378906,47.69300079345703,17857000,59.43739725242319,1.0087982985058872,45.48084983825684,43.126980209350585,0.08663862449915949,1.182185030977017
2021-02-04,42.182838439941406,47.0629997253418,47.11600112915039,45.74800109863281,46.0,15243000,61.830251366421145,1.0217488894720788,45.706699752807616,43.30158020019531,0.10616739855067325,1.0110798535529788
2021-02-05,41.768741607666016,46.60100173950195,47.69200134277344,46.5359992980957,47.43299865722656,12488000,58.66508182903436,0.9833969617065534,45.8197998046875,43.45960021972656,0.05101605813819132,0.9759397589749261
2021-02-08,42.368370056152344,47.27000045776367,47.34199905395508,46.55799865722656,46.875,17610000,61.72090039975856,0.9955097711908252,45.95509986877441,43.62054023742676,0.06072168862246241,0.9802425698240229
2021-02-09,42.54136657714844,47.4630012512207,47.51900100708008,46.86199951171875,47.20000076293945,12758000,62.58036602365774,1.0090510980860117,46.099449920654294,43.78814025878906,0.06476581621864197,0.979036755102727
2021-02-10,42.1308479309082,47.005001068115234,47.749000549316406,46.54899978637695,47.72100067138672,14587000,59.18438557715477,0.9716256148292572,46.202750015258786,43.93834030151367,0.045973473596893966,0.9589386992111796
2021-02-11,42.87836837768555,47.8390007019043,47.935001373291016,46.91899871826172,47.36899948120117,17123000,63.110106112124775,0.9977608837499616,46.338650131225585,44.09196029663086,0.06023808020138999,0.989669217263385
2021-02-12,43.589134216308594,48.63199996948242,48.70199966430664,47.48899841308594,47.8380012512207,13551000,66.41758149361536,1.0701259404747034,46.50990009307861,44.25546028137207,0.07576258503263578,1.0760979744698123
2021-02-16,43.841007232666016,48.91299819946289,49.47800064086914,48.70199966430664,49.0880012512207,15163000,67.52856145289337,1.137042855793382,46.72630004882812,44.426260223388674,0.09707298875996884,1.1034588672254428
2021-02-17,43.24495315551758,48.24800109863281,48.61199951171875,47.50600051879883,48.42300033569336,14084000,62.27773220068263,1.1234646833324788,46.84235019683838,44.5916202545166,0.05053678782160742,1.1365262348016025
2021-02-18,43.31486892700195,48.32600021362305,48.54100036621094,47.51300048828125,48.02299880981445,16715000,62.64463245954717,1.1062456493143742,46.94925022125244,44.7347802734375,0.04628909026142991,1.1717426584234731
2021-02-19,43.91539001464844,48.99599838256836,49.513999938964844,48.676998138427734,48.724998474121094,17992000,65.72821496799364,1.1335953125002263,47.064950180053714,44.872920227050784,0.04956941037994489,1.2552345474991309
2021-02-22,42.69641876220703,47.63600158691406,48.6609992980957,47.53200149536133,48.400001525878906,16967000,55.68074827226891,1.0336148733201398,47.121650314331056,44.97882026672363,0.02438610623926385,1.2540785897901867
2021-02-23,42.29666519165039,47.18999862670898,47.46200180053711,45.60599899291992,47.11399841308594,21303000,52.82868549046506,0.9079249498057607,47.157200241088866,45.090180206298825,0.015297199461170363,1.2449465284469672
2021-02-24,43.10154724121094,48.0880012512207,48.14099884033203,46.26599884033203,46.768001556396484,15125000,57.54406816827272,0.8707387524286929,47.24225025177002,45.23186019897461,0.036669760397839646,1.24766010334752
2021-02-25,40.97551727294922,45.71599960327149,47.9379997253418,45.520999908447266,47.474998474121094,23148000,44.803861458607294,0.6424618138788816,47.30455017089844,45.3345401763916,0.02801885199832843,1.1272441870971164
2021-02-26,42.11471939086914,46.98699951171875,47.57600021362305,46.07400131225586,46.75299835205078,22640000,51.056791443056106,0.5576811645336051,47.395200157165526,45.45068016052246,0.04013369933845312,1.0141149828271838
2021-03-01,43.88133239746094,48.95800018310547,49.0,47.38600158691406,47.970001220703125,24677000,58.843278682182955,0.6421330607465521,47.590600204467776,45.59372016906738,0.08674808018265168,0.9095663444798849
2021-03-02,43.068389892578125,48.05099868774414,49.08599853515625,47.959999084472656,49.0369987487793,18546000,54.54302318508647,0.6286279249786091,47.659450149536134,45.70494010925293,0.029502483345537067,0.888402229417337
2021-03-03,41.504337310791016,46.305999755859375,48.138999938964844,46.196998596191406,47.79999923706055,23991000,47.37042469157763,0.47168093315845994,47.59035015106201,45.778860092163086,-0.028980036433526757,0.9384037005110193
2021-03-04,39.75922393798828,44.35900115966797,46.70000076293945,44.143001556396484,46.16699981689453,34575000,40.90664773844807,0.18802535715694546,47.4823501586914,45.79692008972168,-0.04643263614116222,1.1651061832421798
2021-03-05,40.3463020324707,45.01399993896485,45.599998474121094,43.29999923706055,45.42499923706055,42414000,43.69034184400195,0.01589595827167045,47.37990016937256,45.83944007873535,-0.043537381771983186,1.2875712338270413
2021-03-08,37.756874084472656,42.125,44.79600143432617,41.92599868774414,44.68299865722656,45243000,35.701841993344615,-0.3496059414934365,47.15610008239746,45.81574005126953,-0.09604947474139403,1.7396992693659235
2021-03-09,39.7601203918457,44.36000061035156,44.689998626708984,43.060001373291016,43.569000244140625,37884000,44.20176593787909,-0.4536930685008116,47.010600090026855,45.85202003479004,-0.06156124009375097,1.8479905361925015
2021-03-10,39.221439361572266,43.75899887084961,45.40299987792969,43.5099983215332,44.73500061035156,19914000,42.57200689910757,-0.5780156792104378,46.8253999710083,45.86428001403809,-0.07803978431043335,1.9810759093230044
2021-03-11,40.66448974609375,45.36899948120117,45.744998931884766,44.20899963378906,44.902000427246094,26170000,48.09331596764506,-0.5403992636504995,46.7435998916626,45.90790000915527,-0.034804840968800765,2.0068775719157212
2021-03-12,40.438629150390625,45.117000579833984,45.3489990234375,44.45199966430664,44.5359992980957,18906000,47.32634543517208,-0.5248717932935136,46.60749988555908,45.952160034179684,-0.056899184392076085,2.020930639418175
2021-03-15,42.195377349853516,47.07699966430664,47.12300109863281,45.319000244140625,45.518001556396484,31241000,53.53328896783146,-0.3503717480325932,46.52974987030029,46.02403999328613,-0.03197483768201137,1.9681674684365578
2021-03-16,42.85953903198242,47.81800079345703,48.400001525878906,46.74100112915039,47.12699890136719,31190000,55.6605572205126,-0.15055114673602787,46.475,46.10470001220703,-0.022386634357202118,1.9128340419529513
2021-03-17,43.344444274902344,48.35900115966797,48.72700119018555,47.000999450683594,47.029998779296875,23754000,57.201108703933656,0.05087586237338115,46.48055000305176,46.22144004821777,0.0023006147095760987,1.9184020048525976
2021-03-18,41.60203170776367,46.415000915527344,48.334999084472656,46.375,47.45600128173828,28728000,50.42176752789569,0.053032321688647244,46.38500003814697,46.2935400390625,-0.03954391610413055,1.8685918294905546
2021-03-19,42.85853576660156,47.44599914550781,47.667999267578125,45.40999984741211,45.70500183105469,108602000,53.56498833695332,0.13636237144476127,46.30750007629395,46.39153999328613,-0.0316352210022931,1.784868489170518
2021-03-22,42.93260192871094,47.52799987792969,48.12799835205078,47.16699981689453,47.29100036621094,31805000,53.81578509138358,0.20663682929367155,46.302099990844724,46.45531997680664,-0.0022672286797060792,1.7807963214699745
2021-03-23,41.919090270996094,46.40599822998047,47.5369987487793,46.26499938964844,47.37799835205078,24712000,49.848538213450425,0.16983592458910834,46.2628999710083,46.49215995788574,-0.016613698231488727,1.7688112757930665
2021-03-24,41.30574417114258,45.72700119018555,46.999000549316406,45.6870002746582,46.94499969482422,20882000,47.563404843721926,0.084902848787479,46.144849967956546,46.51517997741699,-0.0490974879305307,1.718669160991557
2021-03-25,41.70590591430664,46.16999816894531,46.402000427246094,44.930999755859375,45.49599838256836,17537000,49.199631831525124,0.05273107717687253,46.16754989624023,46.53979995727539,0.009930846303562557,1.7157024658594207
2021-03-26,43.543243408203125,48.20399856567383,48.29999923706055,45.66400146484375,45.66400146484375,28925000,55.990027990272516,0.18918079115627506,46.22839984893799,46.6014599609375,0.02590076120207585,1.7671063955671107
2021-03-29,42.69233322143555,47.262001037597656,48.11600112915039,46.82699966430664,48.040000915527344,28410000,52.49062914753809,0.21878482931462884,46.143599891662596,46.64255996704102,-0.034641920404524074,1.6670874070107498
2021-03-30,41.205482482910156,45.61600112915039,46.400001525878906,45.1619987487793,46.38800048828125,27935000,46.9668202557226,0.10818076589515613,46.02185001373291,46.66318000793457,-0.05067527471005129,1.60833614025662
2021-03-31,41.882957458496094,46.36600112915039,46.707000732421875,45.2400016784668,45.900001525878906,28684000,49.570899684456705,0.08012139124006268,46.024850082397464,46.671960067749026,0.0012957580790255996,1.6089499119989705
2021-04-01,42.993133544921875,47.595001220703125,47.65800094604492,46.91999816894531,47.207000732421875,23528000,53.592254259825204,0.15526437975392327,46.186650085449216,46.70010009765625,0.07295024631838176,1.595262949965521
2021-04-05,44.124977111816406,48.84799957275391,48.9640007019043,47.68199920654297,48.029998779296875,22966000,57.3283172131889,0.312321981405546,46.37835006713867,46.743420104980466,0.08517349355728521,1.6752864449346525
2021-04-06,43.708553314208984,48.387001037597656,48.821998596191406,47.77399826049805,48.3120002746582,18063000,55.55620976667381,0.3950387721297517,46.691450119018555,46.78112014770508,0.1486528436224963,1.4012807648495222
2021-04-07,43.5811882019043,48.24599838256836,48.39099884033203,47.79999923706055,48.000999450683594,12074000,54.99623782528176,0.444095433154871,46.8857500076294,46.81646011352539,0.08760139131535505,1.3285148497628296
2021-04-08,43.853981018066406,48.54800033569336,48.79800033569336,48.012001037597656,48.79800033569336,18121000,56.018749729879566,0.5015605463650985,47.12520008087158,46.859680099487306,0.10944037999996348,1.155623758319299
2021-04-09,43.818756103515625,48.50899887084961,48.53099822998047,47.65399932861328,48.0,16614000,55.84229283027581,0.5377560532931014,47.28220005035401,46.94046005249024,0.06921024103583129,1.1171283175969056
2021-04-12,43.690486907958984,48.367000579833984,48.54199981689453,47.86000061035156,48.19300079345703,23247000,55.16101483426204,0.5486585833318145,47.444700050354,47.00432006835938,0.07203493047480336,1.01753355882021
2021-04-13,43.80701446533203,48.49599838256836,48.821998596191406,48.02899932861328,48.5,15281000,55.68988356535651,0.5612383551377533,47.51564998626709,47.07324005126953,0.030142080599448118,1.0397738383766346
2021-04-14,43.11508560180664,47.72999954223633,48.91899871826172,47.51900100708008,48.24700164794922,18220000,51.7840092021428,0.5035931024220375,47.51124992370605,47.09436004638672,-0.0018403373156651304,1.0386125759371716
2021-04-15,43.35896301269531,48.0,48.23099899291992,47.678001403808594,48.16400146484375,18370000,53.03439197227898,0.4742289882079973,47.493299865722655,47.10060005187988,-0.007423667798320488,1.0262182993981321
2021-04-16,43.249671936035156,47.87900161743164,48.178001403808594,47.678001403808594,48.04800033569336,16263000,52.37883943238687,0.4361663042376094,47.566499900817874,47.12780006408691,0.03154154202363779,0.9970543002394253
2021-04-19,41.733009338378906,46.20000076293945,47.68000030517578,46.005001068115234,47.65299987792969,26319000,44.21212555134975,0.2674371668171247,47.50419998168945,47.11054008483887,-0.02626140043435743,1.0428554458594768
2021-04-20,41.30483627319336,45.72600173950195,46.202999114990234,45.45399856567383,46.000999450683594,19128000,42.21120241634061,0.0943823687711145,47.414100074768065,47.09304008483887,-0.0379144534391509,1.115971722598016
2021-04-21,41.533382415771484,45.979000091552734,46.034000396728516,45.2599983215332,45.52199935913086,25947000,43.6764268042222,-0.02209525254032485,47.39275016784668,47.06722007751465,-0.009201356607212774,1.1400967431014168
2021-04-22,41.11063003540039,45.51100158691406,46.11399841308594,44.900001525878906,45.5099983215332,27057000,41.57642770497022,-0.15043406445020224,47.3819501876831,47.02818008422852,-0.004723677425797268,1.1575954288913044
2021-04-23,42.10607147216797,46.61299896240234,46.78499984741211,45.75,45.8489990234375,22890000,47.925599316879705,-0.1613614448027505,47.404100227355954,47.020340042114256,0.009594992658132462,1.1372441798811828
2021-04-26,42.622772216796875,47.185001373291016,47.382999420166016,46.356998443603516,46.70199966430664,18271000,50.907842527749054,-0.12245408387072132,47.353150367736816,47.00726005554199,-0.021139266921903044,1.1222489488593748
2021-04-27,42.125953674316406,46.6349983215332,47.42599868774414,46.50600051879883,47.369998931884766,13267000,48.05790378616233,-0.13445050796595837,47.321800231933594,46.96732002258301,-0.013266529184104203,1.1336292186435981
2021-04-28,41.480079650878906,45.91999816894531,46.59700012207031,45.60499954223633,46.5369987487793,15940000,44.56512052484276,-0.19935426542118506,47.33700008392334,46.90746002197265,0.006664263246886293,1.1113734186184003
2021-04-29,42.12053298950195,46.62900161743164,46.96900177001953,45.90299987792969,46.96900177001953,14650000,48.55770441766679,-0.191374264512028,47.3501501083374,46.875080032348635,0.005672270238459287,1.1007851511812663
2021-04-30,41.2090950012207,45.619998931884766,46.073001861572266,45.38399887084961,45.97100067138672,19367000,43.73061658218658,-0.2634314664699957,47.251399993896484,46.82096000671387,-0.041496002482699024,1.1644124417665436
2021-05-03,40.661678314208984,45.01399993896485,45.98400115966797,44.827999114990234,45.974998474121094,15098000,41.088730761140766,-0.3652262712401395,47.05970001220703,46.741320037841795,-0.07848836528256853,1.2026970018578433
2021-05-04,40.15583038330078,44.45399856567383,44.77000045776367,43.73099899291992,44.72200012207031,23497000,38.758508370304355,-0.48549038713466075,46.86304988861084,46.67767997741699,-0.08128221190785945,1.2924405327159156
2021-05-05,40.09169006347656,44.382999420166016,45.14400100708008,44.23699951171875,45.04100036621094,16388000,38.460697521385306,-0.5798455050739051,46.66989994049072,46.621539993286135,-0.08006879517282561,1.3616865282174822
2021-05-06,40.52075958251953,44.858001708984375,44.909000396728516,43.98400115966797,44.380001068115234,13495000,41.68883795693536,-0.6092706085670159,46.48540000915527,46.55694000244141,-0.07600722174330277,1.3436894110711537
2021-05-07,40.882083892822266,45.257999420166016,45.8380012512207,44.91999816894531,45.45899963378906,11712000,44.336816017416055,-0.5934725604566182,46.32285003662109,46.5477799987793,-0.06701848164995239,1.2811925656745133
2021-05-10,39.393428802490234,43.61000061035156,44.85300064086914,43.57699966430664,44.8380012512207,25239000,36.901623322092384,-0.7057962447945627,46.08500003814697,46.48024002075195,-0.09835218046301164,1.3226206351757908
2021-05-11,39.752052307128906,44.00699996948242,44.17599868774414,42.30500030517578,42.5,17887000,39.53230753033076,-0.7540864047891276,45.86055011749268,46.38122001647949,-0.09256430556751849,1.271857271829291
2021-05-12,38.154090881347656,42.23799896240234,43.08599853515625,41.91400146484375,42.92900085449219,29940000,32.94177528120568,-0.9244438879161763,45.58595008850098,46.264960021972655,-0.11506391436216368,1.430029990103678
2021-05-13,38.89661407470703,43.060001373291016,43.481998443603516,42.56399917602539,42.98899841308594,21841000,38.105357292012165,-0.9818070355041826,45.33895015716553,46.20004005432129,-0.10291663805643714,1.4176951326637313
2021-05-14,39.89206314086914,44.1619987487793,44.512001037597656,43.20500183105469,43.638999938964844,16964000,44.29781964096244,-0.9276523657919569,45.15310001373291,46.196100006103514,-0.07763325765128459,1.306459215932691
2021-05-17,39.74030303955078,43.99399948120117,44.2140007019043,43.284000396728516,44.2140007019043,15725000,43.5819588560243,-0.888053607553104,45.042799949645996,46.17569999694824,-0.047748944703652096,1.3065436274482738
2021-05-18,39.18024826049805,43.374000549316406,44.444000244140625,43.327999114990234,44.391998291015625,17824000,40.95176884994646,-0.8963672746382159,44.92519989013672,46.20068000793457,-0.05143684338693644,1.3470357325591913
2021-05-19,39.901100158691406,44.172000885009766,44.25,42.56999969482422,42.599998474121094,21369000,45.509977299328725,-0.8290076733574168,44.83484992980957,46.196920013427736,-0.039300532916002884,1.3331630689776368
2021-05-20,41.100685119628906,45.5,45.93000030517578,44.53300094604492,44.57500076293945,21886000,52.132285333602674,-0.6608484247381057,44.834299850463864,46.23174003601074,-0.00024173466921073583,1.3328716347944902
2021-05-21,40.761043548583984,45.124000549316406,45.79899978637695,44.933998107910156,45.79899978637695,13216000,50.26946586567066,-0.551562947672231,44.75984992980957,46.226840057373046,-0.03194384498381975,1.268311958395078
2021-05-24,41.47916793823242,45.91899871826172,46.24399948120117,45.63600158691406,45.69200134277344,14420000,54.011253839470186,-0.39623614791646844,44.696549797058104,46.2428800201416,-0.026830616047113565,1.1685757752196515
2021-05-25,41.51079177856445,45.95399856567383,46.29600143432617,45.650001525878906,46.189998626708984,9600000,54.17472675945599,-0.2672338395060976,44.662499809265135,46.22041999816894,-0.014602761453192392,1.1179451120236394
2021-05-26,41.59660720825195,46.04899978637695,46.209999084472656,45.553001403808594,46.07699966430664,9873000,54.64598365869221,-0.15553981001730932,44.668949890136716,46.18503997802734,0.002809268784311092,1.1259258690078637
2021-05-27,42.24609375,46.76800155639648,46.84400177001953,45.96500015258789,46.0,19098000,58.1534817593902,-0.008901442752261346,44.67589988708496,46.15321998596191,0.0029809760909158545,1.1390143768402208
2021-05-28,42.6661262512207,47.233001708984375,47.46200180053711,46.768001556396484,47.0,19946000,60.29225497211371,0.1431816371376442,44.756550025939944,46.16958000183106,0.03535736113251531,1.2600559529253288
2021-06-01,42.303001403808594,46.83100128173828,47.79999923706055,46.720001220703125,47.54399871826172,16277000,57.553607932100185,0.22863493758858766,44.84740009307861,46.15728004455566,0.04036524959428456,1.342406949564329
2021-06-02,42.7925910949707,47.37300109863281,47.77000045776367,46.946998596191406,47.18299865722656,13286000,60.179849902933015,0.3362164553854683,44.993350219726565,46.15418006896973,0.06566344147077374,1.4516223018013639
2021-06-03,41.98593521118164,46.47999954223633,46.97600173950195,46.32600021362305,46.880001068115234,20389000,54.22672379728031,0.3454358513783333,45.09820022583008,46.15566009521484,0.04724782347894929,1.4806589299265112
2021-06-04,42.907318115234375,47.5,47.84000015258789,46.95199966430664,47.04999923706055,23865000,59.19229269254536,0.4300899918624026,45.23030014038086,46.191120071411135,0.05889692341080077,1.5730728485134282
2021-06-07,41.893802642822266,46.37799835205078,47.448001861572266,46.24700164794922,47.29999923706055,24142000,52.45175076624833,0.40200874548944654,45.286300086975096,46.19528007507324,0.02474698277064613,1.5939082982681205
2021-06-08,41.871219635009766,46.35300064086914,47.23899841308594,46.35100173950195,46.80500030517578,16615000,52.30882975143007,0.373432353331026,45.42345008850098,46.15826011657715,0.06289841761356185,1.5597232764086937
2021-06-09,41.9073486328125,46.39300155639648,46.71900177001953,46.172000885009766,46.71900177001953,12126000,52.53172148040941,0.34997875896599595,45.54275016784668,46.14088012695313,0.05421868313151723,1.5367608828661492
2021-06-10,42.33551788330078,46.867000579833984,46.95399856567383,46.020999908447266,46.54999923706055,15413000,55.20345240575708,0.3654269617295469,45.77420024871826,46.1659001159668,0.10959329824199537,1.3500861967822506
2021-06-11,42.51888656616211,47.06999969482422,47.2130012512207,46.71500015258789,46.84400177001953,14508000,56.3369095091022,0.389559506267382,45.974700164794925,46.17998008728027,0.09312582892810828,1.2169880503310027
2021-06-14,42.98229217529297,47.58300018310547,47.59000015258789,46.60599899291992,47.04899978637695,14675000,59.14986195008685,0.4449504618078777,46.14575023651123,46.17974006652832,0.07746482340590921,1.188889759904515
2021-06-15,42.52251434326172,47.07400131225586,47.65700149536133,46.85499954223633,47.65599822998047,11131000,55.340315509971234,0.44267337503470117,46.299750328063965,46.14426010131836,0.0700095892025181,1.090943979110447
2021-06-16,42.07174301147461,46.57500076293945,47.11199951171875,46.14799880981445,47.027000427246094,20437000,51.816930457406606,0.3960383102380547,46.45980033874512,46.1080200958252,0.07379997632414592,0.8465548591440178
2021-06-17,42.561336517333984,47.117000579833984,47.52399826049805,46.39400100708008,46.487998962402344,20881000,55.15657361602631,0.39822406184209314,46.60705032348633,46.085440139770505,0.06667118617720647,0.6641449634687231
2021-06-18,41.868507385253906,46.34999847412109,46.97600173950195,46.05099868774414,46.72700119018555,28537000,49.887004246318234,0.3342130261833489,46.64955024719238,46.04148010253906,0.018681285145518478,0.614948542209539
2021-06-21,42.29729080200195,46.46099853515625,46.53799819946289,45.84400177001953,46.117000579833984,18591000,50.62222992062602,0.2891079401380381,46.716400146484375,46.000520095825195,0.029629420476108503,0.5028311513432545
2021-06-22,42.28273010253906,46.44499969482422,46.858001708984375,46.13199996948242,46.65800094604492,13722000,50.507209845679824,0.24919825936223106,46.7427001953125,45.962080078125,0.011454974874121282,0.47172245879637636
2021-06-23,42.483924865722656,46.66600036621094,46.78799819946289,46.30400085449219,46.38600158691406,17674000,52.12539189213151,0.23271980793212066,46.778300285339355,45.92548011779785,0.015493794289077378,0.43446305393864826
2021-06-24,42.79345703125,47.00600051879883,47.3650016784668,46.86000061035156,46.98899841308594,12502000,54.58547843954373,0.24427978199894085,46.82615032196045,45.911000137329104,0.020782226255976033,0.4013516910296082
2021-06-25,42.07789993286133,46.220001220703125,47.244998931884766,46.0,47.1349983215332,19100000,48.39437867670036,0.18785212784993632,46.79875030517578,45.875400161743165,-0.011717420404045553,0.4236185382838148
2021-06-28,43.042903900146484,47.27999877929688,47.62900161743164,46.55099868774414,46.599998474121094,13987000,55.6928497217149,0.22605987211845502,46.801100158691405,45.86342010498047,0.000995004945949951,0.42627616632017357
2021-06-29,43.438907623291016,47.71500015258789,47.73099899291992,47.07400131225586,47.23699951171875,14184000,58.29929562357729,0.2881194978663686,46.845300102233885,45.893720092773435,0.018876360672525738,0.47282813451452826
2021-06-30,43.41067886352539,47.68399810791016,47.85900115966797,47.25299835205078,47.8129997253418,15381000,58.0372564840058,0.3309852011092005,46.860849952697755,45.9328800201416,0.0065648576629089295,0.4956586525506016
2021-07-01,42.75522232055664,46.9640007019043,47.784000396728516,46.893001556396484,47.784000396728516,11153000,52.17225965693338,0.30336183991027355,46.885050010681155,45.952580032348635,0.010413105947390422,0.4878390957176973
2021-07-02,42.62139129638672,46.81700134277344,47.858001708984375,45.57099914550781,47.676998138427734,37054000,51.038226698549074,0.26653604576494416,46.85090007781982,45.97870002746582,-0.014378919099506615,0.4659396536741984
2021-07-06,43.08658981323242,47.32799911499024,47.67499923706055,46.83000183105469,47.040000915527344,13870000,54.72253827319368,0.27540983507846306,46.898400115966794,45.99300003051758,0.020483867279654788,0.46361042135606306
2021-07-07,42.74610900878906,46.95399856567383,47.5359992980957,46.637001037597656,47.5,12581000,51.658601671984975,0.24938885883926787,46.92845001220703,45.98837997436524,0.012965674638003799,0.4455232587644058
2021-07-08,42.8335075378418,47.04999923706055,47.108001708984375,46.15599822998047,46.44200134277344,16011000,52.39540090761184,0.23381818903213514,46.961299896240234,45.99667999267578,0.014161568741470676,0.42783514874391154
2021-07-09,43.714759826660156,48.01800155639648,48.0880012512207,46.803001403808594,46.957000732421875,16782000,59.15546381804825,0.29617390979656477,47.01884994506836,46.038640060424804,0.02455887857815564,0.4877068387449737
2021-07-12,44.22184753417969,48.57500076293945,49.402000427246094,47.32600021362305,48.13199996948242,33142000,62.458940270835605,0.38608589086276623,47.09409999847412,46.07756004333496,0.031973679155997914,0.599343452670598
2021-07-13,44.063438415527344,48.4010009765625,48.75299835205078,48.20000076293945,48.53300094604492,11806000,60.80449741289681,0.4382495866211684,47.13500003814697,46.13318008422851,0.017191030206360702,0.6593676963981308
2021-07-14,43.84311294555664,48.15900039672852,49.20000076293945,48.07500076293945,48.91999816894531,14020000,58.484177218873505,0.4548193921816335,47.189249992370605,46.19608009338379,0.023048796665393834,0.69761036331796
2021-07-15,43.456214904785156,47.73400115966797,48.44499969482422,47.3120002746582,48.327999114990234,12624000,54.54738427613963,0.428715233556872,47.24720001220703,46.261680145263675,0.024884602850092863,0.69201581148646
2021-07-16,42.612281799316406,46.80699920654297,48.02799987792969,46.72600173950195,47.90599822998047,13980000,47.10002199130499,0.3294287399855378,47.23169994354248,46.31016014099121,-0.006579395323897064,0.6985267051423266
2021-07-19,42.39379119873047,46.56700134277344,46.59700012207031,45.75899887084961,46.347999572753906,14938000,45.37284833535823,0.22874087423737421,47.2425500869751,46.34434013366699,0.00468183119301524,0.6856776837774292
2021-07-20,42.659629821777344,46.85900115966797,47.224998474121094,46.32699966430664,46.78900146484375,20727000,47.87723965038903,0.17054106881101916,47.262450218200684,46.37636016845703,0.008566381202731899,0.6673313105043394
2021-07-21,43.609161376953125,47.902000427246094,47.928001403808594,46.849998474121094,46.9630012512207,13660000,55.691177448145716,0.20620166346827062,47.335300254821775,46.46220016479492,0.03137045412843964,0.6527652530668483
2021-07-22,43.36426544189453,47.632999420166016,47.89899826049805,47.45100021362305,47.65999984741211,12583000,53.4649659434046,0.21033222950424602,47.38365020751953,46.53472015380859,0.02072170416077146,0.63618332057802
2021-07-23,43.98514175415039,48.31499862670898,48.358001708984375,47.68299865722656,48.00299835205078,13489000,58.044141384061405,0.2655759745899502,47.44910011291504,46.65626014709473,0.027847468269219133,0.6620928507973446
2021-07-26,43.90229797363281,48.2239990234375,48.36199951171875,47.96799850463867,48.215999603271484,11160000,57.23484413500317,0.29857237660878155,47.549300003051755,46.75954010009766,0.04335780505857567,0.616354127254369
2021-07-27,43.27595901489258,47.5359992980957,48.180999755859375,46.779998779296875,48.07600021362305,14715000,51.399795101530685,0.26613855535286035,47.5621000289917,46.82702011108398,0.005414562720143623,0.6131168318235505
2021-07-28,43.48442840576172,47.76499938964844,47.90800094604492,47.43199920654297,47.66999816894531,8359000,53.11322538393204,0.255962337394692,47.56459999084473,46.90244010925293,0.0010478725118023835,0.6138745562930359
2021-07-29,44.072540283203125,48.4109992980957,48.58300018310547,47.74399948120117,47.84700012207031,9162000,57.64920778058971,0.2966053235726136,47.600950050354,47.00318008422852,0.015246229742319706,0.6421881502801721
2021-07-30,44.18998336791992,48.540000915527344,48.63399887084961,47.957000732421875,48.19599914550781,11548000,58.51235946276708,0.33535872868009164,47.67975006103516,47.090540084838864,0.033557622648599184,0.6564509845842307
2021-08-02,44.124427795410156,48.46799850463867,49.459999084472656,48.35100173950195,48.904998779296875,15619000,57.80421533372479,0.35615554915004566,47.76229991912842,47.14990005493164,0.03526490622022882,0.6459729782774195
2021-08-03,44.316524505615234,48.67900085449219,48.7760009765625,47.99599838256836,48.54899978637695,11135000,59.356564440940296,0.3852226979492954,47.82985000610351,47.221000061035156,0.028545507200071762,0.6684154009392328
2021-08-04,44.40847396850586,48.77999877929688,48.99800109863281,48.4010009765625,48.85300064086914,12123000,60.11298223622345,0.4116629173866997,47.921150016784665,47.27822006225586,0.038889131264700616,0.6671919522790627
2021-08-05,44.396636962890625,48.766998291015625,49.042999267578125,48.48899841308594,49.042999267578125,8372000,59.95829570429239,0.4266497977395787,48.00699996948242,47.33448005676269,0.03649307293936421,0.6596214327761086
2021-08-06,44.192710876464844,48.542999267578125,48.8120002746582,48.40299987792969,48.50699996948242,9964000,57.225873515332744,0.4156606816422368,48.033249855041504,47.38436004638672,0.010933351954788062,0.670439814002001
2021-08-09,44.124427795410156,48.46799850463867,48.68299865722656,48.099998474121094,48.64899826049805,5952000,56.300713903516474,0.3963311345891327,48.027899742126465,47.418359985351564,-0.0022028256638221277,0.6663032819707927
2021-08-10,43.90412521362305,48.22600173950195,48.64500045776367,47.78300094604492,48.59000015258789,9319000,53.3061726595061,0.3573657231880176,48.01914978027344,47.438219985961915,-0.003615611940449126,0.66228272867464
2021-08-11,44.02155303955078,48.35499954223633,48.59700012207031,47.979000091552734,48.48099899291992,9816000,54.689647525000346,0.33305514611823384,48.02894973754883,47.46869995117188,0.004069834172079734,0.665901285783312
2021-08-12,44.086185455322266,48.42599868774414,48.5,47.67300033569336,48.22800064086914,8702000,55.47164251094263,0.31587664696027673,48.06354961395264,47.4897599029541,0.014496952094199544,0.6677446763098833
2021-08-13,44.25917053222656,48.61600112915039,48.89699935913086,48.21099853515625,48.26100158691406,8582000,57.58149748180248,0.31397486491780313,48.153999710083006,47.53247993469238,0.03864810719065592,0.60846811336022
2021-08-16,44.439422607421875,48.81399917602539,48.89099884033203,48.439998626708984,48.483001708984375,9188000,59.723191323870644,0.3247015195934466,48.2663496017456,47.55875991821289,0.04825300681725464,0.49730965512952685
2021-08-17,43.57910919189453,47.86899948120117,48.62200164794922,47.45199966430664,48.558998107910156,16499000,47.41772189519016,0.25402070051181624,48.31684951782226,47.588579940795896,0.02155398742051129,0.38561458936006543
2021-08-18,42.6942138671875,46.89699935913086,47.70800018310547,46.834999084472656,47.665000915527344,15616000,38.60651971058946,0.11821069633101189,48.2665994644165,47.599459915161134,-0.020980356961117663,0.4930382160301548
2021-08-19,43.10935592651367,47.35300064086914,47.58300018310547,46.26599884033203,46.6349983215332,14044000,43.87555345885675,0.046835887082082195,48.25259952545166,47.61865989685059,-0.005878252108943105,0.5154426199802641
2021-08-20,43.25865936279297,47.516998291015625,47.62300109863281,47.04399871826172,47.28200149536133,10007000,45.68112917579412,0.003464143812330178,48.212699508666994,47.63165985107422,-0.016516617166003833,0.5406290729972757
2021-08-23,43.921424865722656,48.244998931884766,48.61899948120117,47.56999969482422,47.632999420166016,15707000,52.92156157001367,0.02751808104852671,48.21374950408936,47.65515983581543,0.000435465927184131,0.5406725646299193
2021-08-24,43.82856369018555,48.14300155639648,48.30400085449219,48.01599884033203,48.2400016784668,9429000,51.87818645603613,0.03791361923111225,48.244099617004395,47.66635986328125,0.012769317301910332,0.5171504394796358
2021-08-25,44.00882339477539,48.34099960327149,48.62699890136719,48.15700149536133,48.15700149536133,10017000,53.78305769829213,0.06142092360657614,48.27289962768555,47.691699829101566,0.012059043671795555,0.5049601720202139
2021-08-26,44.22093200683594,48.57400131225586,48.81100082397461,48.060001373291016,48.29999923706055,10836000,55.99080783131589,0.09772540469030133,48.281049728393555,47.73167984008789,0.003367045021245074,0.5086086777132751
2021-08-27,45.149513244628906,49.59400177001953,49.64400100708008,48.66400146484375,48.80099868774414,16459000,64.08008861796421,0.20642296450980524,48.333749771118164,47.7812198638916,0.021714067462141884,0.5856267182792533
2021-08-30,45.418087005615234,49.88899993896485,50.78499984741211,49.82500076293945,50.0,19614000,66.02512622442832,0.31276508936106495,48.40479984283447,47.85199989318848,0.029318343611613784,0.6811767109165049
2021-08-31,45.265140533447266,49.72100067138672,50.12900161743164,49.27000045776367,50.12900161743164,17378000,63.902926541331496,0.37911564344786086,48.4568998336792,47.91719993591309,0.021405530076699764,0.7405169873943569
2021-09-01,44.89643859863281,49.31600189208984,49.92399978637695,49.28900146484375,49.62699890136719,12586000,58.981156709649014,0.39447169467225507,48.48369998931885,47.974619979858396,0.010988173968967896,0.7622073628279161
2021-09-02,44.78173065185547,49.18999862670898,49.597999572753906,49.01599884033203,49.57899856567383,16991000,57.49740389025323,0.3919558424709919,48.50485000610352,48.02509994506836,0.008673905520473202,0.776222112416004
2021-09-03,45.30793380737305,49.76800155639648,50.599998474121094,49.50400161743164,49.590999603271484,25191000,62.19552690606783,0.4316264957644975,48.566100120544434,48.080339965820315,0.025235405873170524,0.8261183657622372
2021-09-07,45.20869827270508,49.65900039672852,49.7599983215332,49.099998474121094,49.7599983215332,12398000,60.82996235020326,0.44909342226578985,48.62565021514892,48.14911994934082,0.02457295388370251,0.8608698887580496
2021-09-08,45.007503509521484,49.4379997253418,49.98899841308594,48.81100082397461,49.96200180053711,13987000,58.04716698664514,0.4400307792457454,48.68625011444092,48.192279968261715,0.025131629040835435,0.8738176435310007
2021-09-09,44.92647171020508,49.3489990234375,49.869998931884766,49.28499984741211,49.28499984741211,13174000,56.91789877165003,0.4208160510382868,48.73595008850098,48.22495994567871,0.020556291812865224,0.8822129959767228
2021-09-10,45.350704193115234,49.81499862670898,50.5989990234375,49.6510009765625,49.70500183105469,16110000,61.17668189811099,0.43813990981434614,48.80540008544922,48.26757995605469,0.028682938433985727,0.9107401695032629
2021-09-13,45.42445373535156,49.89599990844727,50.24700164794922,49.32600021362305,50.20000076293945,14927000,61.88203946775433,0.45318132694492164,48.86940002441406,48.326219940185545,0.026328754927755327,0.9411952545375507
2021-09-14,45.68938446044922,50.1870002746582,50.54199981689453,49.83599853515625,50.20000076293945,14134000,64.38544135640105,0.4830151578766504,48.9380500793457,48.39361991882324,0.028127199610950004,0.9859504151275893
2021-09-15,46.40585708618164,50.9739990234375,51.06999969482422,49.94200134277344,50.21200180053711,23346000,70.10391837188686,0.5636653226645052,49.09330005645752,48.46653991699219,0.06486451724264053,1.0510654748098063
2021-09-16,46.18826675415039,50.73500061035156,50.915000915527344,50.020999908447266,50.52000045776367,17569000,66.606289596471,0.6013638367944125,49.285200119018555,48.542159957885744,0.08183895139707786,0.9767013574100516
2021-09-17,46.065364837646484,50.59999847412109,50.762001037597656,50.099998474121094,50.39699935913086,34470000,64.64432076564128,0.6132771593701776,49.447550010681155,48.61315994262695,0.06857005446978048,0.9059195803313997
2021-09-20,45.04756546020508,49.48199844360352,50.29999923706055,48.84400177001953,49.900001525878906,30105000,51.195247308068296,0.5264368579922873,49.545800018310544,48.64243988037109,0.04135362550793609,0.78385722742603
2021-09-21,45.02646255493164,49.0989990234375,49.375,48.70000076293945,49.3489990234375,16935000,47.5458933740841,0.4218476441018666,49.588500022888184,48.65291984558105,0.017701318488128948,0.7307275668280687
2021-09-22,45.906837463378906,50.05899810791016,50.29999923706055,49.22200012207031,49.42499923706055,20610000,56.01027070680802,0.41167827079406294,49.684299850463866,48.686079788208005,0.03979802857263093,0.6526723710067495
2021-09-23,46.247066497802734,50.43000030517578,50.729000091552734,50.058998107910156,50.250999450683594,18370000,58.77866484769694,0.42861493968470654,49.788749885559085,48.73149978637695,0.043213849921359904,0.5905867141223383
2021-09-24,46.30392837524414,50.492000579833984,50.54999923706055,50.08300018310547,50.22700119018555,10605000,59.24031109303925,0.4419457997320535,49.88464984893799,48.786659774780276,0.03948612870593782,0.5361692610887712
2021-09-27,46.29750442504883,50.48500061035156,50.582000732421875,49.737998962402344,49.97800064086914,9831000,59.159754547680755,0.44679538425793197,49.92919979095459,48.86021980285645,0.0179658589452778,0.5476419709450194
2021-09-28,45.029232025146484,49.10200119018555,50.14500045776367,49.05400085449219,49.70000076293945,20124000,45.88409259502175,0.33517849093296803,49.88984985351563,48.91091979980469,-0.015774995484818977,0.5781092586570731
2021-09-29,44.88799285888672,48.948001861572266,49.426998138427734,48.76499938964844,49.362998962402344,15783000,44.68171420860134,0.23162481335669582,49.8511999130249,48.95269981384277,-0.015546726722644122,0.6146752338721111
2021-09-30,44.470733642578125,48.49300003051758,49.45199966430664,48.448001861572266,49.45199966430664,15735000,41.242910989775524,0.11155697330988801,49.810049819946286,48.9645198059082,-0.016688332995304478,0.6767993800389659
2021-10-01,44.69266128540039,48.73500061035156,48.86600112915039,47.75,48.78499984741211,16052000,43.72370629443566,0.03552031327922123,49.787299919128415,48.986559829711915,-0.0092498074620877,0.7057659809206251
2021-10-04,43.647216796875,47.595001220703125,48.65599822998047,47.27799987792969,48.49300003051758,20093000,36.01053276607793,-0.11539748065726485,49.67864990234375,48.9721598815918,-0.043662599817895775,0.859427943461262
2021-10-05,44.51567459106445,48.54199981689453,48.979000091552734,47.53300094604492,47.59400177001953,16557000,44.732515656277144,-0.1567787989380136,49.62279987335205,48.978519897460934,-0.02249341651886283,0.8962763380539419
2021-10-06,44.82380294799805,48.87799835205078,48.935001373291016,47.970001220703125,48.3129997253418,12042000,47.46841414774711,-0.16061010477015003,49.5947998046875,49.00535987854004,-0.0113273469072811,0.9109801645386933
2021-10-07,45.295162200927734,49.391998291015625,49.9900016784668,49.26300048828125,49.26300048828125,13261000,51.429491303450696,-0.12077868139049741,49.59694976806641,49.037899856567385,0.000871330086304356,0.9104200975521319
2021-10-08,45.19704818725586,49.28499984741211,49.79999923706055,49.12799835205078,49.68199920654297,10279000,50.57457401422265,-0.09673081890027646,49.57044982910156,49.05537986755371,-0.010639341441489147,0.9114520756939068
2021-10-11,45.1502799987793,49.23400115966797,49.95899963378906,49.084999084472656,49.124000549316406,11186000,50.14669556229604,-0.08085582686729964,49.5373498916626,49.069259872436525,-0.013267571548701063,0.9110276318901533
2021-10-12,44.50282669067383,48.52799987792969,49.66999816894531,48.20199966430664,49.58399963378906,20991000,44.53010147122974,-0.12381591168818318,49.45439987182617,49.070459899902346,-0.0330563769033676,0.9241947644346279
2021-10-13,44.478065490722656,48.5009994506836,48.53799819946289,47.95500183105469,48.117000579833984,16424000,44.32562871414362,-0.15821697049696581,49.330749893188475,49.06689987182617,-0.048514921727385585,0.8742692505495804
2021-10-14,45.63264083862305,49.7599983215332,49.915000915527344,49.082000732421875,49.18600082397461,19233000,54.75760796430238,-0.08293336624237213,49.28199977874756,49.0864998626709,-0.01921754759217309,0.8171642362172289
2021-10-15,46.15078353881836,50.32500076293945,50.58599853515625,50.108001708984375,50.439998626708984,25103000,58.51441016447649,0.02206604399795964,49.268249893188475,49.117659912109374,-0.005434737539019463,0.795855702838094
2021-10-18,46.16086959838867,50.33599853515625,50.39799880981445,49.86600112915039,50.03900146484375,16042000,58.58649664479419,0.10495638947422492,49.310949897766115,49.15351989746094,0.017258803573304782,0.8301005838501658
2021-10-19,46.80555725097656,51.03900146484375,51.08700180053711,50.176998138427734,50.43199920654297,16383000,63.01101557271066,0.22478288941532298,49.40795001983643,49.20493995666504,0.039512056864543954,0.9132167315990657
2021-10-20,46.71385192871094,50.93899917602539,51.34299850463867,50.84400177001953,51.099998474121094,13458000,61.996339032272274,0.3081250314074282,49.45195007324219,49.259199905395505,0.017579278478930815,0.9659154095649484
2021-10-21,47.15037155151367,51.415000915527344,51.479000091552734,50.86000061035156,50.94200134277344,11787000,64.89417381805794,0.40788183376712084,49.501200103759764,49.32039993286133,0.01953203657328695,1.0406307306365212
2021-10-22,47.26591873168945,51.54100036621094,52.13800048828125,51.301998138427734,51.4739990234375,15367000,65.64102349942792,0.49144188485826135,49.553650093078616,49.382699966430664,0.020775563937466934,1.116842672166613
2021-10-25,47.876670837402344,52.20700073242188,52.45000076293945,51.518001556396484,51.749000549316406,12416000,69.35244542104896,0.6044369183754625,49.63975009918213,49.45451995849609,0.03410914333468851,1.2507682931814184
2021-10-26,48.95880126953125,53.387001037597656,53.499000549316406,52.400001525878906,52.52299880981445,24043000,74.58968552755478,0.7802086992547999,49.854000091552734,49.54597999572754,0.08726731586387126,1.4966393874109072
2021-10-27,47.97205352783203,52.31100082397461,53.606998443603516,52.18600082397461,53.18199920654297,23500000,63.87134309596317,0.8231955908882966,50.02215003967285,49.63482002258301,0.06870554127854067,1.576291306372788
2021-10-28,48.56447219848633,52.95700073242188,52.994998931884766,52.34299850463867,52.41400146484375,11872000,66.9426399957004,0.899026389384538,50.24535007476807,49.756020050048825,0.09205453774967576,1.6620829527287995
2021-10-29,48.757049560546875,53.16699981689453,53.21500015258789,52.349998474121094,52.349998474121094,15564000,67.89800992803409,0.964944732387842,50.46695003509522,49.87230003356934,0.09094078487815982,1.7435690250316505
2021-11-01,48.425071716308594,52.80500030517578,53.257999420166016,52.49300003051758,53.034000396728516,16896000,64.44069543383007,0.9767161827246937,50.727449989318856,49.97806007385254,0.10946525792306061,1.679940639707437
2021-11-02,49.25225830078125,53.70700073242188,54.082000732421875,52.667999267578125,52.744998931884766,16262000,68.7153115408751,1.046762610287729,50.98570003509522,50.08730010986328,0.10640272207593982,1.722749927748298
2021-11-03,49.73830795288086,54.23699951171875,54.37900161743164,53.37699890136719,53.904998779296875,14038000,70.92682284251768,1.1319924762677687,51.25365009307861,50.20918006896973,0.10964035640471592,1.7929991955277005
2021-11-04,50.31145477294922,54.86199951171875,54.90700149536133,54.09199905395508,54.380001068115234,15956000,73.32181168137356,1.2357253629898182,51.52715015411377,50.33960006713867,0.11074670817070609,1.907608983094148
2021-11-05,51.25603103637695,55.891998291015625,55.96699905395508,54.98099899291992,55.0,18674000,76.72469977195718,1.3850803721548246,51.857500076293945,50.48596000671387,0.13405698415459044,2.0645186574717815
2021-11-08,51.2587776184082,55.89500045776367,56.388999938964844,55.810001373291016,56.196998596191406,17231000,76.73401504436825,1.4865515023562637,52.19055004119873,50.61197998046875,0.13529266647441052,2.154343539485089
2021-11-09,51.153316497802734,55.77999877929688,56.189998626708984,55.513999938964844,55.91899871826172,15838000,75.48769244581439,1.5399369946608203,52.55314998626709,50.72979995727539,0.14943947658278356,2.115394946053716
2021-11-10,50.32520294189453,54.87699890136719,56.09000015258789,54.80500030517578,55.43000030517578,18450000,66.37188957757843,1.4921799172336847,52.87194995880127,50.832919921875,0.13146119714845828,1.9462609381152118
2021-11-11,50.933223724365234,55.540000915527344,55.71200180053711,54.88100051879883,55.26900100708008,14157000,69.30296530890983,1.4906475538008834,53.160950088500975,50.95739990234375,0.11615761231834476,1.888114243882554
2021-11-12,51.65035629272461,56.321998596191406,56.58399963378906,55.45899963378906,55.840999603271484,13592000,72.36277432646258,1.5348411290127686,53.46079998016357,51.100039901733396,0.11916537987751585,1.8902234969680063
2021-11-15,51.884212493896484,56.57699966430664,56.76900100708008,55.983001708984375,56.76900100708008,13972000,73.29747268734431,1.5723166235268593,53.772850036621094,51.2362198638916,0.12398683468634242,1.8621544419433818
2021-11-16,52.159324645996094,56.87699890136719,56.952999114990234,56.27399826049805,56.409000396728516,13194000,74.39463490337867,1.607691190862937,54.06474990844727,51.38057983398438,0.11438306528282527,1.8686114406297107
2021-11-17,52.239112854003906,56.9640007019043,57.13600158691406,56.40999984741211,56.81399917602539,12532000,74.71905264229953,1.6240253551621109,54.36599998474121,51.53109985351563,0.11827875740272864,1.8232817572165645
2021-11-18,52.71321487426758,57.48099899291992,57.67300033569336,56.9640007019043,57.11000061035156,12712000,76.61512224048973,1.6595573947919107,54.66929988861084,51.693739852905274,0.1179810944155919,1.8110447353956607
2021-11-19,52.154747009277344,56.87200164794922,57.72100067138672,56.59299850463867,57.62799835205078,19612000,69.9590810384599,1.6199025676119803,54.93584995269775,51.83487991333008,0.10343224314352195,1.7162142554859785
2021-11-22,50.738800048828125,55.32799911499024,57.20399856567383,55.24800109863281,57.167999267578125,25898000,56.54619631670007,1.4472052494701657,55.09189987182617,51.94351989746094,0.059781223567400676,1.5924586650376975
2021-11-23,50.90754318237305,55.512001037597656,55.58599853515625,54.85300064086914,55.242000579833984,17109000,57.58973398031388,1.3100869313679695,55.198149871826175,52.050019912719726,0.039803696755760454,1.542837288923237
2021-11-24,51.23860549926758,55.87300109863281,55.90800094604492,54.73899841308594,55.323001861572266,12084000,59.63771385768596,1.2165260097309485,55.37624988555908,52.147999954223636,0.06809275713619511,1.3900396313495795
2021-11-26,50.125301361083984,54.65900039672852,55.72999954223633,54.332000732421875,55.176998138427734,14219000,50.760495767238105,1.0325163882425628,55.46134986877441,52.22647994995117,0.03213927603087652,1.2820385407445654
2021-11-29,51.7530632019043,56.43399810791016,56.755001068115234,55.36800003051758,55.619998931884766,18703000,60.109911041455014,1.0181779963645283,55.6246997833252,52.343159942626954,0.06144785867675573,1.1782496412272845
2021-11-30,50.775489807128906,55.36800003051758,56.499000549316406,55.20000076293945,56.32699966430664,22574000,53.5355121881128,0.9103041618377148,55.75284976959229,52.460879974365234,0.04853706487130882,0.9777501930560717
2021-12-01,50.87452697753906,55.47600173950195,56.847999572753906,55.33300018310547,56.347999572753906,21980000,54.08345851667452,0.8240293091577726,55.841299819946286,52.58842002868652,0.032937996591795526,0.8552805535742677
2021-12-02,50.66268539428711,55.244998931884766,55.9109992980957,54.400001525878906,54.606998443603516,22619000,52.6532051001572,0.7286168295654747,55.89169979095459,52.69214004516601,0.018585088209907674,0.7823575642920582
2021-12-03,51.18266677856445,55.8120002746582,56.900001525878906,55.040000915527344,56.49399948120117,20305000,55.74667541890162,0.6907910130170691,55.93919982910156,52.79978004455566,0.017316189190963227,0.7444718398073005
2021-12-06,51.8117561340332,56.49800109863281,56.83700180053711,55.595001220703125,56.46500015258789,22482000,59.218397036990766,0.708006851958416,55.96949996948242,52.91990005493164,0.010842389360671723,0.754711411856609
2021-12-07,54.142906188964844,59.040000915527344,59.30699920654297,57.20000076293945,57.20000076293945,29562000,68.94167296245384,0.9162072028817292,56.126749992370605,53.09100006103515,0.05626622116480973,1.019547667427881
2021-12-08,53.97417068481445,58.85599899291992,59.09400177001953,58.24300003051758,59.09400177001953,17998000,67.68372095152267,1.0542078121676965,56.28055000305176,53.286080017089844,0.055145218374667904,1.1833393052249679
2021-12-09,53.5028076171875,58.34199905395508,59.02399826049805,58.244998931884766,58.244998931884766,29080000,64.16176478543673,1.1093113392729776,56.45380001068115,53.4739599609375,0.06314121074324208,1.2201132714041532
2021-12-10,57.928504943847656,63.167999267578125,64.4749984741211,61.85900115966797,62.39799880981445,57087000,76.51720940275939,1.5248219677012003,56.83519992828369,53.76745994567871,0.13734242395228735,1.9142261929555058
2021-12-13,57.009620666503906,62.16600036621094,63.44200134277344,62.12300109863281,63.400001525878906,26898000,71.0409370832702,1.7530560580393129,57.12740001678467,54.0360799407959,0.10376055388089012,2.248595073718675
2021-12-14,56.3906135559082,61.49100112915039,61.86199951171875,60.56399917602539,61.784000396728516,35956000,67.53445186324302,1.8580480009826914,57.37310009002685,54.31399993896484,0.08685510886049874,2.4451683819480774
2021-12-15,58.67866897583008,63.98600006103516,64.08599853515625,61.034000396728516,61.55699920654297,29092000,72.86574947535496,2.118163563370942,57.72855014801026,54.62287994384766,0.12498903417875473,2.85210499057743
2021-12-16,56.91975784301758,62.06800079345703,64.06600189208984,61.150001525878906,63.736000061035156,42748000,64.14531919551695,2.144816400724487,57.98375015258789,54.88667999267578,0.0896004499097991,3.0043767185317445
2021-12-17,58.22930908203125,63.49599838256836,63.999000549316406,61.5099983215332,61.75299835205078,50661000,67.28460177217876,2.2551702387998276,58.28450012207031,55.168759994506836,0.1046432646445361,3.2429877453049003
2021-12-20,59.15277862548828,64.50299835205078,64.60900115966797,62.50899887084961,62.630001068115234,32770000,69.32429902645063,2.3962603347001945,58.66604995727539,55.47311996459961,0.13417844427806824,3.506275453569174
2021-12-21,59.642852783203125,64.6240005493164,64.9469985961914,63.33000183105469,64.80999755859375,36534000,69.56980761016266,2.489145794977226,59.1308500289917,55.78091995239258,0.16801622294357577,3.653543292893568
2021-12-22,60.46977996826172,65.5199966430664,65.71600341796875,63.92599868774414,64.33200073242188,28383000,71.39540707574172,2.6050284417614833,59.631249809265135,56.120759887695314,0.18028526117605548,3.8136618740328143
2021-12-23,61.35580825805664,66.4800033569336,67.072998046875,65.61299896240234,65.61299896240234,23596000,73.24732148135486,2.742714487593126,60.16159992218017,56.48033996582031,0.18984128379959753,3.9966557588480307
2021-12-27,62.23072052001953,67.4280014038086,67.62999725341797,66.44599914550781,66.4800033569336,19442000,74.97059242109309,2.894955940487229,60.80004997253418,56.833700027465824,0.2336120476847272,4.090177627456057
2021-12-28,61.7434196472168,66.9000015258789,67.7760009765625,66.7030029296875,67.75499725341797,17247000,72.18174512981291,2.9391228328003294,61.32335014343262,57.16520004272461,0.18545564320919095,4.170899474807359
2021-12-29,62.07659912109375,67.26100158691406,67.69999694824219,66.91200256347656,66.9800033569336,14797000,72.92337374521807,2.969029971728773,61.91800022125244,57.50370010375977,0.21479918996245728,4.12469444830622
2021-12-30,61.38163375854492,66.50800323486328,67.56999969482422,66.38400268554688,67.30999755859375,11473000,68.80301079213831,2.8985581468312986,62.46960029602051,57.81308013916016,0.19886078934030205,3.9518983574338082
2021-12-31,61.41209411621094,66.54100036621094,67.13099670410156,66.3270034790039,66.6969985961914,12046000,68.88597518852238,2.8129454267276017,63.034400367736815,58.12512016296387,0.2044710227663098,3.6615639681406473
2022-01-03,61.219200134277344,66.33200073242188,67.16999816894531,66.12200164794922,66.63200378417969,22591000,67.65865894116317,2.6971412401705592,63.560400390625,58.423460159301754,0.1884899377552025,3.307977182366041
2022-01-04,61.92063522338867,67.09200286865234,67.21900177001953,65.7229995727539,66.28800201416016,21103000,69.7679987122309,2.6363017631066867,64.09010047912598,58.734480209350586,0.1875110900211281,2.9459574117955625
2022-01-05,59.343833923339844,64.30000305175781,67.12100219726562,64.20099639892578,67.12100219726562,34961000,55.45804239066119,2.3358685490951956,64.3531005859375,58.976340255737306,0.08909217572263128,2.695530498848551
2022-01-06,58.7928352355957,63.70299911499024,64.86499786376953,63.44300079345703,64.01599884033203,28581000,52.95683030565089,2.0262425710922543,64.59545059204103,59.182660217285154,0.0823535443286485,2.3740000024789976
2022-01-07,57.142662048339844,61.915000915527344,63.99100112915039,61.84600067138672,63.584999084472656,27832000,46.231703944603886,1.617934696960802,64.77410068511963,59.37474021911621,0.061242362612016876,1.9804635480458401
2022-01-10,57.32816696166992,62.11600112915039,62.20399856567383,60.356998443603516,60.88600158691406,29793000,47.04583203535709,1.2956315682071136,64.72150077819825,59.55792022705078,-0.01665397274926339,2.0384859954527186
2022-01-11,57.41031265258789,62.20500183105469,62.79999923706055,61.457000732421875,61.55400085449219,19037000,47.42542992760321,1.035449610865875,64.72345085144045,59.73868026733398,0.0006273761318726923,2.0359297172632242
2022-01-12,57.40569305419922,62.20000076293945,63.0989990234375,61.9739990234375,62.750999450683594,18806000,47.40486625926508,0.8194044068216328,64.7589008331299,59.92658027648926,0.011530136455250473,1.9821455889098623
2022-01-13,55.11593246459961,59.71900177001953,62.78799819946289,59.415000915527344,62.74700164794922,30048000,38.48881834569282,0.4428858297811402,64.54555091857911,60.04682029724121,-0.06668643589137335,2.277371116222912
2022-01-14,55.04024124145508,59.637001037597656,60.03799819946289,59.20000076293945,59.577999114990234,25661000,38.23286422290826,0.13630414170971505,64.42400093078615,60.15482032775879,-0.039166715937073326,2.473034404383906
2022-01-18,53.3254508972168,57.77899932861328,59.104000091552734,57.5989990234375,58.832000732421875,35825000,32.89496848082051,-0.2536651706493913,64.13815097808839,60.21316032409668,-0.09003715508983279,2.8824581778524236
2022-01-19,52.04998779296875,56.39699935913086,58.472999572753906,56.33300018310547,58.15800094604492,22692000,29.58618171138687,-0.6665509238165157,63.73285102844238,60.22326034545898,-0.12566856115243208,3.3589604562943896
2022-01-20,50.55023193359375,54.77199935913086,57.013999938964844,54.676998138427734,56.79999923706055,25225000,26.24352696235826,-1.1120705204709225,63.240250968933104,60.20080032348633,-0.1524511188790797,3.9001977708985454
2022-01-21,49.212921142578125,53.323001861572266,55.540000915527344,53.13399887084961,54.66400146484375,38010000,23.67496044238044,-1.5640407111538792,62.6304012298584,60.151660385131834,-0.18615682854716498,4.441049934087117
2022-01-24,49.98356246948242,54.15800094604492,54.35100173950195,51.34000015258789,53.0890007019043,54256000,28.045448465009258,-1.8337149710626122,62.01430110931396,60.13728042602539,-0.18534900404158206,4.724550152274219
2022-01-25,49.29691696166992,53.41400146484375,54.540000915527344,52.422000885009766,52.79999923706055,38158000,26.584730166573806,-2.083451572385357,61.313601112365724,60.09476043701172,-0.20783650185682767,4.914765626297807
2022-01-26,51.41779327392578,55.71200180053711,57.41699981689453,55.00699996948242,55.20000076293945,49715000,37.42557411304951,-2.072054847812133,60.754201126098636,60.082560501098634,-0.16723467070496179,4.882056191297818
2022-01-27,50.05093765258789,54.23099899291992,57.0260009765625,54.10300064086914,56.97200012207031,34183000,33.94651094180263,-2.1576553035511594,60.10270099639892,60.0356404876709,-0.19372299380878066,4.837243918957109
2022-01-28,51.692806243896484,56.0099983215332,56.04999923706055,53.23899841308594,54.33599853515625,30254000,41.037026377765734,-2.0582180468926268,59.57780075073242,60.01830047607422,-0.1578457388993909,4.672379980486813
2022-01-31,54.07210922241211,58.5880012512207,58.637001037597656,55.599998474121094,55.939998626708984,40288000,49.49737571518054,-1.7512032326478462,59.18015079498291,60.05078048706055,-0.11952028179950103,4.377710308616084
2022-02-01,54.70337677001953,59.27199935913086,59.38999938964844,57.582000732421875,58.58700180053711,25719000,51.486349462387004,-1.4361438768945973,58.82715072631836,60.08660049438477,-0.10643431971501227,4.042471241564563
2022-02-02,55.69182586669922,60.34299850463867,60.47999954223633,59.362998962402344,59.900001525878906,24443000,54.50750945894771,-1.087500360045766,58.48970050811768,60.156020431518556,-0.10059327603062262,3.570363844025577
2022-02-03,53.607872009277344,58.084999084472656,59.902000427246094,58.012001037597656,59.56700134277344,30602000,47.75523425094228,-0.9820787509034261,58.17895030975342,60.2111604309082,-0.09665635571249409,3.2981279815723363
2022-02-04,54.46710968017578,59.01599884033203,59.65299987792969,57.61399841308594,57.63800048828125,20548000,50.4791419164368,-0.8140239056560716,57.94460029602051,60.28124038696289,-0.0735758180897843,3.0414890045826954
2022-02-07,54.233612060546875,58.76300048828125,60.15800094604492,58.41600036621094,59.01599884033203,18671000,49.72049818149117,-0.6932625831255166,57.787000274658205,60.33904037475586,-0.05090850974138672,2.9034588664628735
2022-02-08,55.39557647705078,60.02199935913086,60.185001373291016,58.69900131225586,58.8380012512207,14570000,53.4682244921051,-0.49031562468621814,57.68230018615723,60.44630035400391,-0.03371114901079553,2.774006457837444
2022-02-09,56.42185974121094,61.13399887084961,61.172000885009766,60.15599822998047,60.73500061035156,22004000,56.54887125667232,-0.23701744121704849,57.628750038146975,60.540300369262695,-0.017217312574218102,2.6912056191707054
2022-02-10,54.57786178588867,59.13600158691406,61.4640007019043,58.856998443603516,59.529998779296875,24920000,50.12729650321002,-0.19524779372789425,57.4755500793457,60.615660400390624,-0.049260436309367495,2.4975275721914576
2022-02-11,52.922142028808594,57.34199905395508,59.97600173950195,56.90800094604492,59.13600158691406,27281000,45.16757574876271,-0.30340855352397256,57.35669994354248,60.65298034667969,-0.03980312204846281,2.4410684545443737
2022-02-14,53.39836120605469,57.858001708984375,58.28099822998047,57.00699996948242,57.5,19291000,46.79808685079647,-0.34352963725332586,57.26774997711182,60.705240402221676,-0.02983046259304234,2.3853806630520182
2022-02-15,55.63091278076172,60.277000427246094,60.604000091552734,58.82500076293945,58.90299987792969,34284000,53.74251814363584,-0.17808010837934773,57.392650032043456,60.79454040527344,0.043233720342327864,2.477190568528996
2022-02-16,55.117774963378906,59.72100067138672,60.08100128173828,58.72200012207031,59.40599822998047,22931000,52.06045970449875,-0.09077826305227887,57.55885009765625,60.85900039672852,0.058939329220140335,2.5180447337738263
2022-02-17,53.4371337890625,57.900001525878906,59.15800094604492,57.888999938964844,58.970001220703125,21424000,46.8847007582755,-0.1666097603658585,57.715250205993655,60.83620040893555,0.05710951222061955,2.431493625053447
2022-02-18,53.528499603271484,57.999000549316406,58.77399826049805,57.327999114990234,58.09400177001953,19708000,47.192077482021666,-0.21622585741292255,57.94905014038086,60.819060440063474,0.0876919626521242,2.2007951227813973
2022-02-22,53.295005798339844,57.74599838256836,59.020999908447266,56.98099899291992,57.999000549316406,20204000,46.45224052107687,-0.2728172646130318,58.12845001220703,60.80714042663574,0.06625055160544036,2.0137941934640344
2022-02-23,52.16257858276367,56.51900100708008,58.50699996948242,56.4739990234375,58.02299880981445,22416000,42.936643441011284,-0.4119263655681493,58.28369998931885,60.67416046142578,0.05813081695966904,1.731051154728697
2022-02-24,53.529415130615234,58.0,58.569000244140625,54.902000427246094,55.15800094604492,35316000,48.04751072056302,-0.3980782900656763,58.39809989929199,60.59084045410156,0.04106831787618215,1.6244728898481826
2022-02-25,54.2686882019043,58.80099868774414,58.9379997253418,57.400001525878906,57.983001708984375,22380000,50.623360563688635,-0.31879482231558853,58.626599884033205,60.53704040527344,0.08426914089155635,1.2955934189335945
2022-02-28,54.21608352661133,58.74399948120117,59.22999954223633,57.63800048828125,58.099998474121094,25005000,50.431741006926295,-0.2575921011266047,58.7632999420166,60.43220039367676,0.04881273418315524,1.1398551304068407
2022-03-01,52.617576599121094,57.012001037597656,58.762001037597656,56.529998779296875,58.479000091552734,24898000,44.873445331055756,-0.34487084668050727,58.68449993133545,60.33108039855957,-0.026899709496237656,1.2052135437763811
2022-03-02,54.0628776550293,58.57799911499024,59.053001403808594,57.358001708984375,57.45199966430664,21771000,50.21607674432122,-0.2843985545825305,58.64979991912842,60.23272041320801,-0.011708736868072389,1.1973734207404352
2022-03-03,53.400211334228516,57.86000061035156,59.369998931884766,57.43299865722656,59.36800003051758,26454000,47.92281471877113,-0.2910552029717266,58.52565002441406,60.099860458374025,-0.04114806946652205,1.139920510530547
2022-03-04,55.00518035888672,59.5989990234375,60.590999603271484,58.4010009765625,59.27899932861328,44757000,53.465797219648564,-0.15423013724163326,58.60135002136231,59.999360427856445,0.026065248563799548,1.1592250512237696
2022-03-07,52.671112060546875,57.06999969482422,59.87799835205078,57.0,59.70800018310547,26494000,45.82659802603506,-0.24701693945367964,58.50405006408691,59.8303604888916,-0.0329740948852314,1.203416325871558
2022-03-08,53.155643463134766,57.595001220703125,59.60499954223633,56.361000061035156,57.21699905395508,26993000,47.50346631046896,-0.2750176805530842,58.44565010070801,59.65266044616699,-0.019876440240846005,1.2184353551114053
2022-03-09,55.10022735595703,59.70199966430664,60.16400146484375,58.70000076293945,58.87900161743164,22560000,53.69790320041683,-0.12574183057936494,58.429650115966794,59.49814041137695,-0.005331373467077571,1.198585280726572
2022-03-10,54.242835998535156,58.77299880981445,59.00199890136719,57.637001037597656,58.555999755859375,19323000,50.84892229013452,-0.08146319200583463,58.31160011291504,59.33560035705566,-0.03862008219064739,1.0213818529566459
2022-03-11,53.33099365234375,57.78499984741211,59.44300079345703,57.71200180053711,59.20000076293945,19813000,47.9360622000267,-0.12465832753722594,58.24405002593994,59.146080322265625,-0.022845672741609757,1.0085843822361553
2022-03-14,52.40346145629883,56.77999877929688,57.99800109863281,56.474998474121094,57.69599914550781,25234000,45.10556507204947,-0.23725108784552162,58.21595001220703,58.9515202331543,-0.009800849009979462,1.0423042425577937
2022-03-15,54.70707321166992,59.2760009765625,59.67599868774414,57.50400161743164,57.72700119018555,28260000,52.592596503933414,-0.1236497864494055,58.28684997558594,58.80622024536133,0.024508265506824944,1.0646622768236207
2022-03-16,56.03239059448242,60.71200180053711,60.770999908447266,58.40599822998047,59.665000915527344,29454000,56.28654534608355,0.08131596882414982,58.30860004425049,58.693820266723634,0.007216705712090876,1.1108984214830346
2022-03-17,55.62167739868164,60.266998291015625,60.70000076293945,59.76300048828125,60.47200012207031,18174000,54.859973237780245,0.2054761413550068,58.335899925231935,58.5573201751709,0.009142472723008277,1.1533327735782062
2022-03-18,56.336021423339844,61.04100036621094,61.32099914550781,59.5989990234375,60.39699935913086,41538000,56.90581112745728,0.36215477664286055,58.492949867248534,58.49214012145996,0.05424868320475151,1.2958967742569163
2022-03-21,55.869590759277344,60.12900161743164,60.560001373291016,58.88600158691406,60.560001373291016,25789000,53.811113748482896,0.4080295362775317,58.599449920654294,58.420660171508786,0.036724789185015316,1.3399421573168362
2022-03-22,56.80339050292969,61.13399887084961,61.349998474121094,59.93299865722656,60.172000885009766,19262000,56.611339998647985,0.5194921113491162,58.76884994506836,58.405040130615234,0.058670740539209065,1.4370123649211297
2022-03-23,55.692115783691406,59.9379997253418,61.137001037597656,59.91600036621094,60.79999923706055,13839000,52.52990464060271,0.5054928624176895,58.93979988098145,58.36148010253906,0.06049290782463457,1.3563825643185647
2022-03-24,58.20549774169922,62.64300155639648,62.72200012207031,60.20000076293945,60.66299819946289,26016000,59.620626381614166,0.704547809322861,59.17194995880127,58.3702400970459,0.08005175097235306,1.5679068382439305
2022-03-25,58.43220901489258,62.887001037597656,63.04100036621094,62.00699996948242,62.70800018310547,14538000,60.19816293804657,0.8719378510187781,59.37625007629394,58.38398010253906,0.06948865565280204,1.7701848569428567
2022-03-28,58.8048095703125,63.28799819946289,63.33000183105469,61.577999114990234,62.5880012512207,14427000,61.18082299751811,1.025135658980389,59.603450012207034,58.45536003112793,0.07735255955318232,1.9655877716586785
2022-03-29,59.60296630859375,64.14700317382812,64.53099822998047,63.0,64.0,23001000,63.27266403157565,1.2020045872873766,59.96020011901855,58.54556007385254,0.12514912661152078,2.112494475160145
2022-03-30,58.63848876953125,63.10900115966797,64.42900085449219,62.733001708984375,63.887001037597656,18626000,59.126453190390485,1.2440754720132574,60.18675022125244,58.65216011047363,0.07734989438241557,2.197702085141548
2022-03-31,58.50747299194336,62.96799850463867,63.900001525878906,62.80500030517578,63.04800033569336,21731000,58.56503376164737,1.2516114180837548,60.4421501159668,58.78358009338379,0.08828202282067132,2.20984627690282
2022-04-01,58.2566032409668,62.698001861572266,63.457000732421875,61.86899948120117,63.16899871826172,16267000,57.44032962839887,1.221714077602826,60.597100257873535,58.94210014343262,0.051997565209376706,2.2557851146617764
2022-04-04,58.987850189208984,63.48500061035156,63.672000885009766,62.45199966430664,62.641998291015625,16484000,59.860112534873736,1.2471480947628066,60.9178503036499,59.1453401184082,0.11240583406046745,2.1827635961120966
2022-04-05,57.061702728271484,61.4119987487793,63.22600173950195,61.29999923706055,62.95500183105469,19778000,51.546534869588385,1.0874948475147121,61.10870018005371,59.290420074462894,0.06627306966188784,2.0390795726071116
2022-04-06,55.93555450439453,60.20000076293945,61.159000396728516,59.37699890136719,60.20800018310547,23742000,47.40148933329918,0.8533336908571627,61.13360023498535,59.42614006042481,0.0083414475466983,2.0239824291935093
2022-04-07,56.03312301635742,60.30500030517578,60.763999938964844,59.32400131225586,59.983001708984375,16583000,47.79316571158186,0.6685255265789962,61.21020030975342,59.51800003051758,0.026066417000752073,1.9578503239128735
2022-04-08,54.54180908203125,58.70000076293945,59.85900115966797,58.59700012207031,59.737998962402344,20464000,42.574326571582944,0.38808012924159385,61.255950355529784,59.607380065917965,0.015834575027143805,1.882853687329285
2022-04-11,53.94807434082031,58.06100082397461,58.928001403808594,57.94300079345703,58.257999420166016,23512000,40.670203374129436,0.11296103215963171,61.32000045776367,59.648400115966794,0.022560797326836246,1.738861300639611
2022-04-12,54.36248779296875,58.50699996948242,59.85900115966797,58.21699905395508,58.9109992980957,17350000,42.59985168968521,-0.06829714377187912,61.28155040740967,59.64678009033203,-0.012973226844100627,1.7940633617698671
2022-04-13,55.05656814575195,59.25400161743164,59.67100143432617,58.60499954223633,58.849998474121094,20266000,45.78062022748963,-0.1499403450923893,61.20865039825439,59.64642013549805,-0.024015024045749178,1.8472580509374192
2022-04-14,53.31996154785156,57.3849983215332,59.70600128173828,57.2859992980957,59.499000549316406,27385000,39.83309497203377,-0.36129137434573977,61.06455039978027,59.58726013183594,-0.0478205328157526,2.028133626733437
2022-04-18,54.49535369873047,58.650001525878906,59.12200164794922,57.28499984741211,57.28499984741211,21375000,45.0376779505822,-0.4218505704301023,60.94500045776367,59.598560180664066,-0.039170374436647726,2.0988322823280563
2022-04-19,55.528587341308594,59.762001037597656,59.869998931884766,57.93600082397461,57.93600082397461,16581000,49.19782095812448,-0.37578330636557666,60.92665042877197,59.613480224609376,-0.006103553525950933,2.1079266576539584
2022-04-20,55.53787612915039,59.77199935913086,61.34299850463867,59.51300048828125,60.41999816894531,13920000,49.23502709094357,-0.3346107028153398,60.858550453186034,59.63366020202637,-0.022278920680390613,2.1228235252731693
2022-04-21,55.07422637939453,59.27299880981445,61.58700180053711,59.066001892089844,60.55400085449219,20352000,47.37037578617338,-0.3383460492349428,60.82530040740967,59.61868019104004,-0.011094813283303195,2.1431121459222764
2022-04-22,54.537166595458984,58.69499969482422,59.874000549316406,58.625999450683594,59.01100158691406,21064000,45.23342859986442,-0.38352499877390045,60.62790031433106,59.56990020751953,-0.06302382969337661,2.1486895817298994
2022-04-25,54.62357711791992,58.78799819946289,58.875999450683594,57.11199951171875,58.14899826049805,26959000,45.65819921003527,-0.4071322722731594,60.422950172424315,59.56294013977051,-0.06518044700023351,2.1171242157717867
2022-04-26,52.039581298828125,56.00699996948242,58.54600143432617,55.97100067138672,58.380001068115234,35809000,36.533145926722554,-0.6428343280072255,60.05890026092529,59.53624015808106,-0.11504548156244676,2.2219426444764294
2022-04-27,51.99032974243164,55.95399856567383,57.007999420166016,55.5,55.57899856567383,19313000,36.383901801478,-0.8244034656752532,59.64925003051758,59.49816009521484,-0.12772232844537668,2.183489716115342
2022-04-28,53.79291534423828,57.89400100708008,58.50199890136719,55.797000885009766,56.59400177001953,22334000,45.20724020183159,-0.8025055472610987,59.38850002288818,59.450500106811525,-0.08263480734536999,2.056262954159091
2022-04-29,51.511817932128906,55.43899917602539,57.827999114990234,55.34000015258789,57.262001037597656,26108000,38.02069466246059,-0.9720442980206272,59.01205005645752,59.3648600769043,-0.11956866197769711,2.055641600575275
2022-05-02,53.552249908447266,57.6349983215332,57.763999938964844,55.63800048828125,55.7140007019043,26725000,46.25152029094599,-0.9186169566889149,58.75889987945557,59.35956001281738,-0.08075223116706987,1.8822706883331564
2022-05-03,54.000118255615234,58.117000579833984,58.67499923706055,57.176998138427734,57.60100173950195,17064000,47.887362246177936,-0.827839036673538,58.490499877929686,59.361920013427735,-0.08455540645678594,1.5209268523693216
2022-05-04,56.08980178833008,60.36600112915039,60.40700149536133,57.39799880981445,58.17900085449219,23896000,54.799930498417545,-0.5678752203436801,58.43819999694824,59.41432006835937,-0.01703246337752029,1.4304727789467386
2022-05-05,53.890472412109375,57.999000549316406,59.7869987487793,57.42900085449219,59.42300033569336,32806000,47.63780961458151,-0.5465489122618052,58.32814998626709,59.4439200592041,-0.036561464879216965,1.3712370360866666
2022-05-06,53.900691986083984,58.0099983215332,58.99800109863281,56.94300079345703,57.49399948120117,20745000,47.67203013143862,-0.5227344735335038,58.21339988708496,59.44412002563477,-0.03805657859263134,1.290766006083144
2022-05-09,52.30438995361328,56.29199981689453,57.79999923706055,56.027000427246094,57.28799819946289,30074000,42.94994202875459,-0.6351676632356913,58.09299983978271,59.39394004821777,-0.04102216209109877,1.353757638969064
2022-05-10,54.020545959472656,58.13899993896485,59.1150016784668,57.18000030517578,58.04899978637695,29271000,48.81948051366076,-0.5686789256208371,58.096899795532224,59.38184005737305,0.0013433994227332047,1.3537729545177355
2022-05-11,52.69371032714844,56.71099853515625,58.46900177001953,56.58599853515625,57.45800018310547,26660000,44.96742712634513,-0.6240205802079473,58.00709972381592,59.37582000732422,-0.030697206065308014,1.3843596682130264
2022-05-12,53.108123779296875,57.15700149536133,57.361000061035156,55.82600021362305,56.34000015258789,25518000,46.39020492939561,-0.624689497030964,57.9022497177124,59.34740005493164,-0.035390016958000814,1.3642158788619767
2022-05-13,54.65702438354492,58.82400131225586,59.159000396728516,57.349998474121094,57.70500183105469,19449000,51.443209921731686,-0.48511456616248694,57.97419986724854,59.36668006896973,0.02507629228565622,1.3734159264494008
2022-05-16,54.139495849609375,58.266998291015625,58.91400146484375,57.76499938964844,58.4379997253418,14189000,49.75566704818475,-0.4146659061660216,57.955049705505374,59.34004005432129,-0.006530319265111717,1.3661479324754044
2022-05-17,56.50699234008789,60.81499862670898,60.900001525878906,59.361000061035156,59.54499816894531,24676000,56.745747582951466,-0.15148626365004958,58.00769958496094,59.41494003295898,0.017619851591797575,1.4567382059703289
2022-05-18,53.01519775390625,57.05699920654297,60.071998596191406,56.61800003051758,60.0,35024000,46.475884192501326,-0.2433484773769905,57.87194957733154,59.40417999267578,-0.04542260894227801,1.4094073789866826
2022-05-19,50.75175476074219,54.62099838256836,56.07500076293945,53.895999908447266,55.79999923706055,34884000,41.26279247414271,-0.5068719472821002,57.63934955596924,59.30255996704101,-0.07848431023665048,1.543506659645615
2022-05-20,50.471153259277344,54.31900024414063,55.499000549316406,51.24399948120117,55.38999938964844,40281000,40.65398172592902,-0.7316509054323888,57.42054958343506,59.21347999572754,-0.074554893490688,1.689264821972383
2022-05-23,48.907379150390625,52.63600158691406,53.55699920654297,51.42599868774414,52.400001525878906,58586000,37.34691739306359,-1.0336781768624306,57.112949752807616,59.11050003051758,-0.1046471524965964,1.9647998134778726
2022-05-24,48.7066764831543,52.41999816894531,52.887001037597656,51.61899948120117,52.66600036621094,25060000,36.931676500620526,-1.2757604635830404,56.933599662780765,59.02330001831055,-0.06404559791618236,2.21841181198097
2022-05-25,49.39704513549805,53.16299819946289,53.744998931884766,52.38999938964844,52.38999938964844,17842000,39.42650600607609,-1.3916168343504012,56.79404964447021,58.90103996276856,-0.04988026660749023,2.3661427785000377
2022-05-26,51.16524124145508,55.06600189208984,55.457000732421875,52.77199935913086,53.15399932861328,39743000,45.385501016106254,-1.314722051530083,56.6526496887207,58.78811996459961,-0.048847878291299884,2.3814013831023093
2022-05-27,54.19617462158203,58.32799911499024,58.54600143432617,56.000999450683594,56.20899963378906,37301000,53.77925076235824,-0.9792779611513893,56.79709968566895,58.7493399810791,0.05211132924301065,2.3915081181256745
2022-05-31,53.90348434448242,58.01300048828125,58.702999114990234,57.599998474121094,58.45000076293945,30009000,52.93322004089957,-0.7304338724024149,56.815999794006345,58.688779983520504,0.006558552576669818,2.399957311660551
2022-06-01,53.29859924316406,57.36199951171875,59.09400177001953,56.84299850463867,58.757999420166016,18345000,51.14256649250983,-0.5790782241066026,56.778249740600586,58.63343994140625,-0.012991053574385791,2.3843030337080746
2022-06-02,53.58849334716797,57.67399978637695,57.777000427246094,56.8129997253418,57.775001525878906,29488000,51.98097297858464,-0.42900664613451056,56.643649673461915,58.564239959716794,-0.04459466077625418,2.242897359401966
2022-06-03,52.341556549072266,56.33200073242188,56.959999084472656,56.097999572753906,56.887001037597656,20562000,48.1533234696479,-0.41359428996322123,56.560299682617185,58.4921199798584,-0.02874187143064777,2.220744154293303
2022-06-06,52.14735794067383,56.12300109863281,57.27199935913086,55.75400161743164,57.152000427246094,14557000,47.56588639549844,-0.41347809235392674,56.465949821472165,58.36171997070313,-0.03252882740043006,2.1958567847036017
2022-06-07,53.24005126953125,57.29899978637695,57.45399856567383,55.75299835205078,56.05400085449219,15895000,51.175176281859706,-0.31486319215789393,56.51629981994629,58.24995994567871,0.017888864718929254,2.203191041632404
2022-06-08,52.53110885620117,56.5359992980957,57.62699890136719,56.2140007019043,57.18199920654297,24004000,48.82679446365078,-0.29487875725571655,56.436149787902835,58.11491996765137,-0.027571864713049732,2.1699589663001464
2022-06-09,51.681854248046875,55.62200164794922,57.36399841308594,55.59299850463867,56.11600112915039,18787000,46.09784832982694,-0.34877248824425067,56.38169994354248,57.94441993713379,-0.0192025694368958,2.1763527679657027
2022-06-10,50.292762756347656,54.12699890136719,55.104000091552734,53.97200012207031,55.00899887084961,24018000,41.96624640563601,-0.5062817844641074,56.23019981384277,57.76477989196778,-0.053011923556557594,2.2244721970007904
2022-06-13,48.09528350830078,51.762001037597656,53.29999923706055,51.60200119018555,52.678001403808594,31619000,36.40721952093172,-0.8125777089887549,55.87709980010986,57.54065994262695,-0.12005304156667174,2.3481309055935324
2022-06-14,48.33222198486328,52.016998291015625,52.49700164794922,51.45899963378906,52.49700164794922,24380000,37.37053116484159,-1.0229513423580414,55.56459980010986,57.32703987121582,-0.1072648357271514,2.427867811691928
2022-06-15,48.93989562988281,52.67100143432617,53.382999420166016,51.551998138427734,52.915000915527344,19141000,39.88569256907409,-1.1239452335102555,55.15739994049072,57.11075988769531,-0.13391428720358622,2.1702084457317383
2022-06-16,46.19609069824219,49.71799850463867,51.44300079345703,49.22800064086914,51.19499969482422,37244000,33.36935380524018,-1.4258301940916454,54.790449905395505,56.8768798828125,-0.1286257742952367,2.436259571601931
2022-06-17,46.33266067504883,49.8650016784668,50.0359992980957,48.7869987487793,49.5,43504000,33.94787705066645,-1.6343742240526993,54.55265007019043,56.67017990112305,-0.0870726798289242,2.6741669090265
2022-06-21,47.19645690917969,50.37699890136719,51.090999603271484,50.28900146484375,50.40800094604492,21901000,36.03112553921526,-1.7382949907246825,54.35555000305176,56.471619873046876,-0.07257131620714363,2.8328589446229557
2022-06-22,46.477882385253906,49.61000061035156,50.37699890136719,49.41999816894531,49.63100051879883,24721000,34.286550849882914,-1.8610898141444423,54.204249954223634,56.289819869995114,-0.05748918772954059,3.005103241856246
2022-06-23,46.522857666015625,49.65800094604492,50.17499923706055,49.10100173950195,50.17499923706055,16707000,34.500290784515144,-1.932258497290995,54.06615009307861,56.12175987243652,-0.05268976191106878,3.151321014300071
2022-06-24,47.694881439208984,50.90900039672852,51.18000030517578,50.14500045776367,50.5,21201000,39.97962326848554,-1.8662025692482516,53.953450202941895,55.96979988098145,-0.04239786842490645,3.2247688136287653
2022-06-27,47.37820816040039,50.57099914550781,51.40399932861328,50.28200149536133,51.380001068115234,13207000,39.029612786521106,-1.82014514630076,53.72870006561279,55.796139831542966,-0.08162936461940096,3.298935199312709
2022-06-28,46.69804763793945,49.845001220703125,51.415000915527344,49.81100082397461,51.26100158691406,15667000,36.996097818313025,-1.8212322403143446,53.30455017089844,55.64533988952637,-0.14543612026813024,3.2208857709826257
2022-06-29,45.94480895996094,49.04100036621094,49.59299850463867,48.66699981689453,49.54800033569336,14444000,34.831716286805616,-1.8654659890843206,52.85595016479492,55.45315986633301,-0.15465499192517507,3.1547083531972397
2022-06-30,45.51384353637695,48.58100128173828,49.374000549316406,48.07099914550781,48.803001403808594,18890000,33.61983893483357,-1.915558272049111,52.4169002532959,55.22953987121582,-0.15308040697198078,3.105232611178528
2022-07-01,44.76716613769531,47.78400039672852,48.426998138427734,46.94300079345703,47.941001892089844,21315000,31.570331682680134,-1.9965530569704555,51.922400283813474,54.98977989196777,-0.1714810733828196,3.0100094684665315
2022-07-05,44.622886657714844,47.630001068115234,47.69300079345703,46.39099884033203,47.20000076293945,20711000,31.174871097645465,-2.049542614881169,51.48730030059814,54.75691993713379,-0.15447702107442118,2.9676932208418774
2022-07-06,45.214054107666016,48.26100158691406,48.70500183105469,47.54999923706055,48.053001403808594,22975000,34.779839758095534,-2.0173658155636645,51.09420032501221,54.54823997497559,-0.14008515863044735,2.8392510844688537
2022-07-07,46.70647048950195,49.854000091552734,50.138999938964844,48.81100082397461,48.81100082397461,21319000,42.90976621080707,-1.8420893448957116,50.72195034027099,54.36956001281738,-0.12993245471266135,2.443387929785614
2022-07-08,46.72053527832031,49.86899948120117,49.9630012512207,49.0,49.29899978637695,12713000,42.98183726538068,-1.6825754710398044,50.38860034942627,54.24680000305176,-0.11792486026012627,2.027893157274589
2022-07-11,45.23747253417969,48.2859992980957,49.1619987487793,48.097999572753906,48.94900131225586,21449000,37.5886245379334,-1.664704781388572,50.0218002319336,54.093440017700196,-0.13189029758917337,1.6618990088216208
2022-07-12,45.097877502441406,48.137001037597656,49.2599983215332,48.00699996948242,48.78200149536133,21159000,37.11654515221362,-1.6436184352754708,49.722300338745114,53.89830001831055,-0.11066561947550047,1.4026678745946157
2022-07-13,45.131614685058594,48.17300033569336,48.56399917602539,47.229000091552734,47.49800109863281,17665000,37.32136669773725,-1.6054953604353415,49.5428503036499,53.7529800415039,-0.06933659112787005,1.3568146019769443
2022-07-14,45.40423583984375,48.4640007019043,48.667999267578125,47.34299850463867,48.244998931884766,19957000,39.04959079489272,-1.534116906655619,49.365200424194335,53.56956008911133,-0.06830454862530966,1.243706049739389
2022-07-15,46.32423782348633,49.44599914550781,49.4739990234375,48.612998962402344,49.08300018310547,18714000,44.60078122675932,-1.3823747447270023,49.20395030975342,53.396140060424806,-0.06122918116222864,0.9719071363383294
2022-07-18,46.005706787109375,49.10599899291992,50.24100112915039,48.819000244140625,50.01599884033203,18042000,43.135903436846725,-1.274857396473962,49.17335033416748,53.1709400177002,-0.012309415707103533,0.9644766209638085
2022-07-19,47.68643569946289,50.900001525878906,51.1349983215332,49.5890007019043,49.68000030517578,27257000,52.07944259607309,-1.0329805552251514,49.22510032653808,53.02896003723144,0.02075603755286859,1.0291404031083353
2022-07-20,47.945953369140625,51.17699813842773,51.76100158691406,50.446998596191406,50.95399856567383,27412000,53.30072882875929,-0.8096074534710453,49.26510028839111,52.892300033569335,0.015880248020070598,1.0900145875240934
2022-07-21,48.49964141845703,51.76800155639648,51.78099822998047,50.60200119018555,51.255001068115234,13912000,55.884123337692905,-0.5782281699970042,49.37300033569336,52.801820068359376,0.04349931303154686,1.2244701182752002
2022-07-22,48.01621627807617,51.25199890136719,51.979000091552734,50.667999267578125,51.88100051879883,17867000,53.1210409576156,-0.4315212147419345,49.452700233459474,52.66408004760742,0.032099519210493366,1.293904395887717
2022-07-25,48.071495056152344,51.31100082397461,51.332000732421875,50.65299987792969,51.04600143432617,15061000,53.40473231980909,-0.30695554127436253,49.47280025482178,52.55608009338379,0.007896451003031713,1.320565545320196
2022-07-26,47.88224411010742,51.10900115966797,51.680999755859375,50.891998291015625,51.4630012512207,17958000,52.23917501541238,-0.22197721714872642,49.49970035552978,52.43512008666992,0.010638548244066959,1.3492807854050695
2022-07-27,49.446815490722656,52.77899932861328,53.01900100708008,51.69300079345703,51.81999969482422,25699000,60.009823137750125,-0.019649876027330038,49.64640026092529,52.31422004699707,0.05886243426736071,1.5354540892195354
2022-07-28,49.9920654296875,53.36100006103516,53.652000427246094,52.05799865722656,52.85900115966797,14867000,62.31121103930467,0.18552003514163573,49.86240024566651,52.21610008239746,0.0880895508363384,1.7365026666779135
2022-07-29,50.16725540161133,53.54800033569336,53.78300094604492,53.027000427246094,53.198001861572266,18482000,63.047060354565104,0.3590689044331725,50.11075019836426,52.07076011657715,0.1022415949220501,1.8918314637153006
2022-08-01,50.25063705444336,53.637001037597656,53.979000091552734,53.04399871826172,53.143001556396484,11485000,63.41319185980437,0.498048058537897,50.40340023040771,52.00236015319824,0.12248871154098384,1.9642770060259287
2022-08-02,49.76721954345703,53.12099838256836,53.91999816894531,52.722999572753906,53.321998596191406,13072000,59.71880472666966,0.5600964938764363,50.677950096130374,51.972360153198245,0.11528442559974961,1.9398228785055411
2022-08-03,51.22216796875,54.67399978637695,54.79999923706055,53.4119987487793,53.52899932861328,19228000,66.11689776305434,0.726213226210433,50.998600006103516,51.97946014404297,0.13288158116473436,2.0463804880414402
2022-08-04,51.78990173339844,55.27999877929688,55.314998626708984,54.500999450683594,54.840999603271484,16293000,68.23698924502331,0.8964275290274273,51.269899940490724,52.032340087890624,0.10883777987282373,2.2374090082955487
2022-08-05,51.66249084472656,55.14400100708008,55.20000076293945,54.327999114990234,54.4900016784668,14357000,67.22046550473974,1.0087217898151621,51.53365001678467,52.08682014465332,0.10577716779474167,2.3705300013648833
2022-08-08,51.10881042480469,54.553001403808594,55.29899978637695,53.874000549316406,54.935001373291016,13722000,62.839494013577166,1.0380609512560852,51.84700012207031,52.114620208740234,0.12978921834097878,2.3325423118870057
2022-08-09,49.91618347167969,53.27999877929688,53.935001373291016,52.775001525878906,53.909000396728516,20072000,54.587004730277066,0.9476676524096561,52.104150009155276,52.07890014648437,0.10684084240483238,2.1805502655883267
2022-08-10,51.56600570678711,55.04100036621094,55.10200119018555,53.92399978637695,54.60599899291992,19519000,62.017975183393645,1.0065258194785685,52.447550010681155,52.01316017150879,0.14256948877292142,2.066701806693425
2022-08-11,51.09943389892578,54.542999267578125,55.777000427246094,54.42499923706055,55.39500045776367,14268000,59.07411068322547,1.001442804960952,52.75149993896484,51.94376014709473,0.1254332799115152,1.889422107595021
2022-08-12,52.29862976074219,55.823001861572266,55.840999603271484,54.564998626708984,54.78099822998047,18399000,63.82692545554638,1.0881564015981269,53.070350074768065,51.912980194091794,0.1289690334155944,1.839663620506813
2022-08-15,52.36701202392578,55.89599990844727,55.979000091552734,55.04999923706055,55.42300033569336,14329000,64.08310041625398,1.1495169679267008,53.409850120544434,51.8774201965332,0.1382723303624538,1.6899999121221694
2022-08-16,51.68217849731445,55.165000915527344,55.79399871826172,54.60100173950195,55.75199890136719,14782000,59.53613049644827,1.1261782672625742,53.62310009002685,51.85408020019531,0.08379173402342621,1.6244448073724211
2022-08-17,50.45862579345703,53.85900115966797,54.47100067138672,53.104000091552734,54.4370002746582,19022000,52.38468398504425,0.9908767034000476,53.75720024108887,51.80880020141601,0.05240641535843382,1.5191787126520697
2022-08-18,52.31923294067383,55.845001220703125,56.055999755859375,54.16299819946289,54.340999603271484,23459000,60.21159904876204,1.0320065177396174,53.9610502243042,51.77972023010254,0.07875520672485559,1.5117274968286258
2022-08-19,51.380496978759766,54.84299850463867,55.55799865722656,54.7869987487793,55.08599853515625,16923000,55.27479995113767,0.9725381326188796,54.14060020446777,51.745860214233396,0.0700655521784086,1.3806022762782741
2022-08-22,49.5367546081543,52.875,54.308998107910156,52.70500183105469,54.25699996948242,18555000,47.10561834488638,0.7578717036486182,54.218800163269044,51.690920181274414,0.03048077704410379,1.2500104591638501
2022-08-23,49.63324737548828,52.97800064086914,53.762001037597656,52.89099884033203,53.3849983215332,9003000,47.54259478477385,0.5892656157936926,54.3122501373291,51.66794021606445,0.036568890778402974,1.0608356306857032
2022-08-24,49.73255157470703,53.08399963378906,53.130001068115234,52.34400177001953,52.95600128173828,11883000,48.018525319532905,0.45890731145885866,54.32750015258789,51.69438018798828,0.00577881939892011,1.039614363447106
2022-08-25,51.539764404296875,55.01300048828125,55.04800033569336,53.22600173950195,53.345001220703125,17345000,55.86593090774907,0.5054254339314213,54.4101001739502,51.75430023193359,0.030958948021148514,1.0242968186621897
2022-08-26,48.79755783081055,52.08599853515625,55.0989990234375,52.0,54.88399887084961,25682000,44.81138013190942,0.3026183890787948,54.33700008392334,51.742600173950194,-0.02730264046036812,1.1352221047417588
2022-08-29,48.17173767089844,51.417999267578125,52.27399826049805,51.20000076293945,52.0,16580000,42.73313637225886,0.08698764724695707,54.226049995422365,51.776600189208985,-0.04137072780158024,1.3032393643087117
2022-08-30,47.441917419433594,50.63899993896485,51.79100036621094,50.138999938964844,51.683998107910156,18282000,40.381161117433926,-0.145087525955077,54.101950073242186,51.792080154418954,-0.04672349012962029,1.514977804245087
2022-08-31,46.759883880615234,49.9109992980957,51.01599884033203,49.65399932861328,51.01599884033203,32445000,38.26176404445803,-0.3833335102031512,53.863800048828125,51.782760162353526,-0.08711637171034337,1.7727545625617334
2022-09-01,46.09470748901367,49.20100021362305,49.32899856567383,48.08399963378906,49.14699935913086,31930000,36.262797424403445,-0.6222630999257746,53.55985012054443,51.774580154418956,-0.1099674149766896,2.0209285036901634
2022-09-02,46.86387252807617,50.02199935913086,51.98099899291992,49.83000183105469,51.79999923706055,40426000,40.1562000311688,-0.7368745207229281,53.30375003814697,51.781860122680676,-0.09288411349208392,2.131147420845641
2022-09-06,46.67462158203125,49.81999969482422,50.400001525878906,49.0369987487793,49.85300064086914,24738000,39.51659994551739,-0.8343862963266631,53.06709995269775,51.76008010864259,-0.08675969400748573,2.2448750929886527
2022-09-07,47.32387924194336,50.51300048828125,50.94300079345703,49.90800094604492,50.29100036621094,20440000,42.87805024719504,-0.8459936207965342,52.92875003814697,51.75892013549806,-0.051933152297496066,2.3152253916188545
2022-09-08,47.960941314697266,51.19300079345703,51.27399826049805,49.869998931884766,50.2599983215332,22535000,46.04666094617322,-0.7912016868965566,52.73635005950928,51.78588012695313,-0.0699115122754228,2.2902076741316306
2022-09-09,48.94184112548828,52.2400016784668,52.59700012207031,51.54399871826172,51.54399871826172,23019000,50.59122829115412,-0.6557355519952708,52.62120018005371,51.84986015319825,-0.0422235230925464,2.252170451177125
2022-09-12,49.56578826904297,52.90599822998047,53.125999450683594,52.45600128173828,52.67499923706055,18157000,53.28663898434295,-0.4890004159604544,52.47534999847412,51.93636009216309,-0.052254510404604715,2.1247574907328706
2022-09-13,47.18522262573242,50.3650016784668,51.82699966430664,50.167999267578125,51.38399887084961,35136000,43.52952100684105,-0.5554953999176249,52.1988000869751,51.98798011779786,-0.09895159294117228,2.013120393401353
2022-09-14,47.85039520263672,51.07500076293945,51.29999923706055,50.277000427246094,50.7130012512207,20605000,46.47848855746559,-0.5446240740581203,51.994300079345706,52.05688011169435,-0.07414121426102749,1.9005344560112118
2022-09-15,46.85637664794922,50.01399993896485,51.15599822998047,49.72800064086914,50.893001556396484,36574000,42.87521335994254,-0.6145383537267719,51.802050018310545,52.09194007873536,-0.07139013234397718,1.896449174515753
2022-09-16,47.07746887207031,50.25,50.36899948120117,48.986000061035156,49.77199935913086,59012000,43.916714997212026,-0.6434849969888461,51.52229995727539,52.09986007690431,-0.10018804008242943,1.6675237370729876
2022-09-19,47.01563262939453,50.18399810791016,50.3390007019043,49.44200134277344,49.44200134277344,17948000,43.67687814863882,-0.6640959368396437,51.28934993743896,52.106160049438486,-0.08495159863176416,1.4957971228720504
2022-09-20,46.19307327270508,49.305999755859375,49.882999420166016,48.97200012207031,49.599998474121094,17132000,40.507706819410416,-0.7427158188027008,51.11089992523194,52.12656005859376,-0.06749882258421991,1.5095010557307424
2022-09-21,45.54877853393555,48.2140007019043,49.987998962402344,48.176998138427734,49.0989990234375,20669000,36.9196075505417,-0.8829596301285534,50.872699928283694,52.12810005187989,-0.08992411720592042,1.5738730398313783
2022-09-22,45.120826721191406,47.76100158691406,48.32099914550781,47.29999923706055,48.24300003051758,23540000,35.51424258300065,-1.0189117236152185,50.60655002593994,52.1198600769043,-0.1002749996909954,1.6293452888299753
2022-09-23,44.277191162109375,46.86800003051758,47.79899978637695,46.20000076293945,47.494998931884766,29649000,32.85887706842939,-1.1850519583544639,50.19930000305176,52.08794006347657,-0.14805592106358023,1.481170484923701
2022-09-26,43.67066955566406,46.22600173950195,47.33000183105469,46.13100051879883,46.89799880981445,19361000,31.06082963292171,-1.3529274821958026,49.906300163269044,52.023540115356454,-0.112506181324315,1.65742259834521
2022-09-27,43.90591049194336,46.47499847412109,46.98899841308594,45.6510009765625,46.95500183105469,17850000,32.6012690043802,-1.4491729253817027,49.65915012359619,51.97092010498048,-0.09613366649553534,1.7838585909612326
2022-09-28,44.02022933959961,46.59600067138672,46.875,45.6349983215332,46.13399887084961,27605000,33.38031911530571,-1.4984115112824412,49.457000160217284,51.88484008789064,-0.07983963491481183,1.8927335388183568
2022-09-29,42.52473068237305,45.01300048828125,46.137001037597656,44.487998962402344,46.09000015258789,39997000,28.70562616094324,-1.6461920531756817,49.212100219726565,51.7615601348877,-0.09813465726384141,2.1325776715702007
2022-09-30,41.94655227661133,44.4010009765625,45.78200149536133,44.36399841308594,44.90599822998047,27202000,27.12411253568861,-1.7920349794892445,48.972100257873535,51.61422012329103,-0.09755897677323022,2.3886179230496385
2022-10-03,43.1529655456543,45.678001403808594,46.095001220703125,44.696998596191406,44.92399978637695,21479000,35.152425601998786,-1.7840083494475962,48.75490036010742,51.50274017333985,-0.08684174984959547,2.483733387778044
2022-10-04,45.3333854675293,47.98600006103516,48.01599884033203,46.58599853515625,46.849998474121094,27277000,46.602114693466945,-1.5732752467080289,48.66320037841797,51.43624015808106,-0.0368125179651414,2.4761843804527697
2022-10-05,45.800071716308594,48.47999954223633,48.808998107910156,47.145999908447266,47.255001068115234,18493000,48.690327823166285,-1.3508345352725755,48.561550331115725,51.38366012573243,-0.040247083451646626,2.4376805206196765
2022-10-06,45.29936981201172,47.95000076293945,48.970001220703125,47.87200164794922,48.37900161743164,17250000,46.58541649041136,-1.2034426037468506,48.399400329589845,51.28708015441895,-0.06334850429264283,2.360051838974009
2022-10-07,43.502498626708984,46.04800033569336,47.33399963378906,45.902000427246094,47.237998962402344,28425000,39.91638543859877,-1.225976678898789,48.08980026245117,51.14082015991212,-0.1185298840701563,2.232403332605132
2022-10-10,41.35043716430664,43.77000045776367,46.0099983215332,43.183998107910156,46.0,33454000,33.694771702095295,-1.4113811248623804,47.63300037384033,50.94526016235353,-0.172683591234834,2.127272195417751
2022-10-11,40.69478988647461,43.07600021362305,43.869998931884766,42.55799865722656,43.52000045776367,28046000,32.055521327127394,-1.5959187458779809,47.26855030059814,50.73404014587403,-0.14472354257778397,2.2551274335397427
2022-10-12,40.67685317993164,43.05699920654297,43.571998596191406,42.80099868774414,43.224998474121094,15046000,32.009605250520764,-1.7238281447213382,46.86765022277832,50.532760162353526,-0.15698485436371112,2.2555204223395915
2022-10-13,41.375946044921875,43.797000885009766,44.37699890136719,41.50699996948242,41.742000579833984,27980000,35.8627308041378,-1.745365823085912,46.556800270080565,50.31522018432618,-0.12430517578162259,2.227305335499858
2022-10-14,40.34902572631836,42.709999084472656,44.395999908447266,42.64099884033203,44.327999114990234,22816000,32.91217131694772,-1.8290622580516,46.1798002243042,50.063820190429695,-0.15004976946323068,2.207313996688798
2022-10-17,41.13032150268555,43.5369987487793,44.124000549316406,43.3390007019043,43.95500183105469,24120000,37.14892743536641,-1.8078208904811461,45.847450256347656,49.83168014526368,-0.13245256674922334,2.068741486782112
2022-10-18,41.07929992675781,43.483001708984375,44.85499954223633,43.01599884033203,44.82099914550781,20341000,36.984694194423284,-1.7748843020778935,45.55630035400391,49.6102801513672,-0.11809917810627124,1.9634532203747097
2022-10-19,41.12369918823242,43.52999877929688,43.83000183105469,43.0880012512207,43.323001861572266,12702000,37.24474034673096,-1.7251036268985303,45.32210025787354,49.4152801513672,-0.09715024379676529,1.9083384293159589
2022-10-20,40.65134048461914,43.02999877929688,44.21900177001953,42.81399917602539,43.51300048828125,23402000,35.563267189946046,-1.7063284127050267,45.08555011749267,49.17506011962892,-0.0990557704073236,1.8831625942643462
2022-10-21,42.4869384765625,44.97299957275391,45.066001892089844,42.91699981689453,43.20899963378906,26980000,45.80298547449559,-1.5171759347254579,44.990800094604495,48.98366012573243,-0.040432714357978905,1.8358378894178933
2022-10-24,43.12839889526367,45.652000427246094,45.87900161743164,45.111000061035156,45.27299880981445,25287000,48.86132697077363,-1.297524484272273,44.9621000289917,48.780240097045905,-0.012417282279582276,1.8199291956908221
2022-10-25,43.46377944946289,46.00699996948242,46.42599868774414,45.68299865722656,45.79899978637695,18246000,50.43610095974059,-1.0823272364251864,44.938700103759764,48.5824600982666,-0.010069898224940532,1.80237717764732
2022-10-26,43.56864929199219,46.11800003051758,47.17599868774414,45.534000396728516,45.79899978637695,29291000,50.944768721371396,-0.8925364848222372,44.91480007171631,48.40152008056641,-0.010258404884148531,1.7823016643881602
2022-10-27,43.02259826660156,45.540000915527344,47.07699966430664,45.49100112915039,46.60499954223633,18512000,48.17237173330638,-0.7797768625704578,44.94115009307861,48.235140075683596,0.011707738242939358,1.7877173262881747
2022-10-28,44.67585372924805,47.290000915527344,47.433998107910156,45.564998626708984,45.69599914550781,23094000,55.98278391513458,-0.5429449435689762,45.08560009002686,48.06404006958008,0.06506609930910856,1.85714487461952
2022-10-31,44.41322708129883,47.012001037597656,47.28099822998047,46.500999450683594,46.685001373291016,19259000,54.57575314162984,-0.3733820919517328,45.15230007171631,47.90742012023926,0.02920442210236085,1.902932061240858
2022-11-01,44.20349884033203,46.790000915527344,47.68299865722656,46.31700134277344,47.58000183105469,16324000,53.4210904202424,-0.25398804880478565,45.09250011444092,47.785720138549806,-0.024923918309227355,1.8264510581830302
2022-11-02,43.08211898803711,45.60300064086914,48.04499816894531,45.571998596191406,47.02799987792969,21070000,47.61979218490251,-0.2522407372087656,44.948650169372556,47.638220138549805,-0.059344037304718045,1.6504249559793043
2022-11-03,41.956939697265625,44.4119987487793,45.2859992980957,44.13600158691406,45.09400177001953,23887000,42.61876083033964,-0.34300592051582157,44.77175006866455,47.46478012084961,-0.07378523374069845,1.4939908514511906
2022-11-04,43.957862854003906,46.52999877929688,46.888999938964844,45.327999114990234,45.68600082397461,28891000,52.22716549946148,-0.24125207684883065,44.79584999084473,47.295120086669925,0.010467304553720469,1.519334554466882
2022-11-07,44.8950309753418,47.52199935913086,47.77399826049805,46.15700149536133,46.676998138427734,17687000,55.94782056814828,-0.07964714365461134,44.983449935913086,47.20384010314942,0.08572078734583788,1.614650371237904
2022-11-08,45.54594039916992,48.21099853515625,48.880001068115234,47.349998474121094,48.125,20743000,58.3727947228096,0.10283696498282069,45.24019985198974,47.13970008850097,0.11920787204168581,1.7013170708344174
2022-11-09,44.35182189941406,46.946998596191406,47.900001525878906,46.90299987792969,47.849998474121094,23695000,52.647111734078905,0.14380500978153066,45.434699821472165,47.06586006164551,0.09034534364525126,1.6604582098593152
2022-11-10,47.856727600097656,50.65700149536133,50.71699905395508,48.71900177001953,49.099998474121094,33970000,63.85407670364989,0.4702183244746294,45.777699851989745,47.08078010559082,0.15663174353793496,1.9817948326415231
2022-11-11,48.94504928588867,51.80899810791016,51.900001525878906,50.20000076293945,50.47999954223633,26728000,66.5049207986543,0.8124938042298169,46.23264980316162,47.13294006347656,0.21304142398695292,2.264704998872282
2022-11-14,48.48496627807617,51.321998596191406,52.50199890136719,51.29999923706055,51.53900146484375,21608000,64.35621304343125,1.032550201345579,46.62189979553223,47.15894004821777,0.1788134246996156,2.4393000646791982
2022-11-15,49.54306411743164,52.44200134277344,53.25699996948242,51.590999603271484,52.99599838256836,23315000,66.99710623780898,1.2825370540685057,47.06984977722168,47.211380081176756,0.20603452571532044,2.6463602452573074
2022-11-16,48.344207763671875,51.17300033569336,51.854000091552734,51.02799987792969,51.672000885009766,25405000,61.442380812123446,1.362549042912633,47.45199985504151,47.224580078125,0.17558010040725147,2.6600925407756075
2022-11-17,48.380104064941406,51.21099853515625,51.27399826049805,50.31399917602539,50.5,20375000,61.54519260358671,1.4127400695378398,47.861049842834475,47.22494003295898,0.1901231696012855,2.571864917231718
2022-11-18,48.668243408203125,51.51599884033203,51.77299880981445,51.099998474121094,51.6870002746582,14536000,62.41157337212598,1.460294430189407,48.188199806213376,47.21045997619629,0.1454872774717495,2.6011391202831224
2022-11-21,48.88364028930664,51.74399948120117,52.084999084472656,51.111000061035156,51.29399871826172,18622000,63.08119015857521,1.499098673502111,48.49279975891113,47.1872200012207,0.13344429591127493,2.644839574812341
2022-11-22,50.0749397277832,53.005001068115234,53.02799987792969,51.9010009765625,52.297000885009766,18920000,66.62269397612845,1.6130098320507713,48.84269981384277,47.240019989013675,0.1521073120019727,2.759104643541301
2022-11-23,50.414093017578125,53.36399841308594,54.14799880981445,52.880001068115234,53.03499984741211,13964000,67.57628697947972,1.7125125526543528,49.20499973297119,47.2857999420166,0.1571186603446264,2.8565109167476175
2022-11-25,50.061710357666016,52.99100112915039,53.45800018310547,52.948001861572266,53.069000244140625,7455000,65.48295008397224,1.7411999429824832,49.57754974365234,47.345339965820315,0.1636144063203686,2.839191487612576
2022-11-28,49.33427047729492,52.22100067138672,52.875999450683594,51.624000549316406,52.52399826049805,23505000,61.263856745435554,1.6824085462614633,49.824099731445315,47.384759979248045,0.10427150899547377,2.8441849540123214
2022-11-29,49.256805419921875,52.13899993896485,52.584999084472656,51.483001708984375,52.29999923706055,12694000,60.81448130323397,1.6106327947197627,50.08044967651367,47.42386001586914,0.10905723619947372,2.8082109965343633
2022-11-30,52.05696487426758,55.10300064086914,55.16600036621094,51.78300094604492,52.4109992980957,47349000,69.51798203793795,1.7724879422994562,50.496099662780765,47.539800033569335,0.17766615863824686,2.9089571104586223
2022-12-01,52.030513763427734,55.07500076293945,55.242000579833984,54.19599914550781,55.10300064086914,23006000,69.3612535934331,1.8768646295734968,50.969699668884275,47.67702003479004,0.207705633159182,2.8406501838250784
2022-12-02,51.090518951416016,54.08000183105469,54.27000045776367,53.608001708984375,53.70500183105469,19320000,63.85219189237941,1.8578793315372906,51.45309982299805,47.80340003967285,0.2176889884412403,2.4635618188749877
2022-12-05,50.130680084228516,53.06399917602539,53.948001861572266,52.54899978637695,53.777000427246094,18548000,58.723250880438314,1.7407837514035975,51.77979984283447,47.92732002258301,0.14042554412521824,2.194934535084471
2022-12-06,49.675315856933594,52.58200073242188,53.356998443603516,52.17499923706055,53.064998626708984,19655000,56.40835836225384,1.590754190254664,52.032799911499026,48.0544400024414,0.10647703046018409,1.9570586854305674
2022-12-07,48.98377990722656,51.84999847412109,52.5,51.60499954223633,51.959999084472656,16524000,52.991858844422566,1.3966880668660693,52.21474990844727,48.161940002441405,0.07548070045284838,1.7401849545328474
2022-12-08,50.1722526550293,53.108001708984375,53.242000579833984,52.03799819946289,52.08100128173828,27514000,57.730158697777874,1.3290788200764396,52.522800064086915,48.29218002319336,0.13123316286491593,1.2287654644797297
2022-12-09,51.460838317871094,54.47200012207031,55.263999938964844,54.099998474121094,55.09400177001953,37028000,62.18131346012908,1.3697714053156176,52.71354999542236,48.48136001586914,0.07531039173446397,1.2199631704569813
2022-12-12,52.58599853515625,55.66299819946289,55.6870002746582,54.2239990234375,54.474998474121094,23416000,65.58872593076893,1.4810515235107928,52.90625,48.70659996032715,0.07438862422171222,1.3652888139412422
2022-12-13,53.94734573364258,57.104000091552734,58.183998107910156,56.50299835205078,57.582000732421875,40414000,69.204070966862,1.6663104391465353,53.195350074768065,48.93511993408203,0.11266126911492513,1.603547606829951
2022-12-14,54.268550872802734,57.44400024414063,58.564998626708984,56.77299880981445,56.85499954223633,35218000,70.00482591266281,1.8195895397610684,53.44545001983643,49.12427993774414,0.09538154100323015,1.8508664815684532
2022-12-15,52.715423583984375,55.79999923706055,56.64899826049805,55.77000045776367,56.37799835205078,36876000,61.65661101426481,1.787798560592158,53.67679996490479,49.27067993164062,0.0904187534640184,1.8410215474736555
2022-12-16,52.51797866821289,55.59099960327149,55.97999954223633,55.08700180053711,55.744998931884766,49549000,60.66614367614646,1.725844990051094,53.895800018310545,49.42349990844727,0.0855285230399947,1.792126192744862
2022-12-19,52.35795593261719,54.9630012512207,55.64799880981445,54.571998596191406,55.402000427246094,25092000,57.66838964686774,1.6075413840214097,54.06815013885498,49.60179992675781,0.06691129917857674,1.7153177251721368
2022-12-20,51.82353210449219,54.402000427246094,54.900001525878906,54.09199905395508,54.516998291015625,29831000,55.05136751116403,1.451781611185126,54.201050186157225,49.81443992614746,0.05136829338077331,1.6264348216369569
2022-12-21,53.46296691894531,56.12300109863281,56.191001892089844,54.69499969482422,54.766998291015625,25619000,60.91165684119394,1.4504908841882767,54.356950187683104,50.07537994384766,0.05882463857534348,1.654941244931172
2022-12-22,52.68755340576172,55.30899810791016,55.49399948120117,54.720001220703125,55.334999084472656,27553000,57.11843273877654,1.3680151086865209,54.454200172424315,50.320419921875,0.03644778788441139,1.6506628777618848
2022-12-23,52.62467575073242,55.24300003051758,55.36199951171875,54.744998931884766,55.0,13761000,56.80953177345228,1.2825426161944264,54.566800117492676,50.54933990478516,0.04249776100433711,1.622161482124905
2022-12-27,52.730411529541016,55.354000091552734,55.81100082397461,54.694000244140625,55.154998779296875,16677000,57.22849330558134,1.2098158236271388,54.723450088500975,50.80221992492676,0.05999500928527146,1.5325052433528288
2022-12-28,51.906410217285156,54.48899841308594,55.777000427246094,54.244998931884766,55.16400146484375,15410000,52.92037550621887,1.070046085030036,54.84095001220703,51.02125991821289,0.04507179801822159,1.4090372687242319
2022-12-29,53.137176513671875,55.78099822998047,56.2599983215332,55.04999923706055,55.185001373291016,18176000,58.00546102413585,1.0514111346560284,54.8748498916626,51.26721984863281,0.01230418636418995,1.423752834693129
2022-12-30,53.262916564941406,55.91299819946289,55.96500015258789,54.80099868774414,55.18199920654297,14376000,58.49866144350774,1.0353591211347535,54.91674976348877,51.51487983703613,0.015215568314387307,1.4421648585258768
2023-01-03,52.724700927734375,55.34799957275391,56.75699996948242,55.07899856567383,56.5,20173000,55.49439802974445,0.9659126774004463,54.98014965057373,51.76123985290528,0.023446703009745384,1.4312745237813098
2023-01-04,53.368656158447266,56.02399826049805,56.816001892089844,55.60300064086914,56.29899978637695,17074000,58.25664541527899,0.954421339851443,55.128149604797365,51.982259826660155,0.05578168118565019,1.3746252319203145
2023-01-05,52.87139129638672,55.50199890136719,55.98400115966797,55.11199951171875,55.57099914550781,16277000,55.397433551719494,0.8929005841789461,55.27414951324463,52.17925979614258,0.055532275841015055,1.2382684384447955
2023-01-06,56.05405044555664,58.84299850463867,59.099998474121094,56.22999954223633,56.3120002746582,35261000,66.67202723088178,1.10104354356627,55.62379951477051,52.435979766845705,0.1348698213367907,1.2074251878453275
2023-01-09,54.954742431640625,57.68899917602539,60.16699981689453,56.055999755859375,59.22999954223633,37739000,60.94182050956484,1.159514080478175,55.85284938812256,52.66739974975586,0.08625814038614155,1.1375451466395254
2023-01-10,54.768035888671875,57.49300003051758,57.51300048828125,54.999000549316406,57.20000076293945,44635000,59.99862605271123,1.1764752350498,56.00389938354492,52.906459732055666,0.05545968390507583,1.14508555561925
2023-01-11,55.07380676269531,57.81399917602539,57.83399963378906,56.6870002746582,57.29999923706055,22502000,61.06154205676452,1.2019635331729148,56.11144943237305,53.11693969726562,0.0386432827217571,1.2105263110564637
2023-01-12,55.435813903808594,58.19400024414063,58.51100158691406,57.375999450683594,57.558998107910156,19514000,62.337393288485714,1.2385488829119353,56.16594944000244,53.340579681396484,0.019087982467784093,1.280101992263918
2023-01-13,55.15574645996094,57.900001525878906,58.19300079345703,57.66699981689453,57.71500015258789,19647000,60.680792603055075,1.2296452120721995,56.18874950408936,53.56277969360352,0.007938188144980263,1.3078243689725362
2023-01-17,55.17860412597656,57.92399978637695,58.5359992980957,57.45399856567383,57.4900016784668,15835000,60.77243144631762,1.2105707418862437,56.294949531555176,53.80919967651367,0.03806452649385905,1.3598003893156905
2023-01-18,54.707069396972656,57.42900085449219,58.75600051879883,57.37200164794922,58.32099914550781,15703000,57.781065325922434,1.1423435841612957,56.386849594116214,54.06953971862793,0.033062928609625786,1.3717775511785097
2023-01-19,53.65253448486328,56.321998596191406,57.00600051879883,56.03099822998047,56.9119987487793,22692000,51.657236336665605,0.9875632253481044,56.45479946136474,54.26537971496582,0.024725675709721617,1.3305759973076239
2023-01-20,54.372703552246094,57.07799911499024,57.13600158691406,55.9109992980957,56.303001403808594,22950000,55.15290376660114,0.9153500143832929,56.588599395751956,54.45649971008301,0.049189343530167795,1.24508639929698
2023-01-23,55.40627670288086,58.16299819946289,58.479000091552734,56.97800064086914,57.20000076293945,23429000,59.661210500809275,0.9348940066692748,56.690599250793454,54.65553970336914,0.03634868166164007,1.2877649569546583
2023-01-24,55.730159759521484,58.50299835205078,58.66899871826172,57.5629997253418,57.84400177001953,13825000,60.98478253906762,0.966674707878461,56.85029926300049,54.886659698486326,0.05774829328690778,1.3053396414059648
2023-01-25,55.792083740234375,58.56800079345703,58.696998596191406,57.604000091552734,57.766998291015625,13766000,61.246582734542194,0.9857432616117592,57.016549301147464,55.04487968444824,0.06018863496013327,1.3015906509548016
2023-01-26,57.02094268798828,59.858001708984375,60.055999755859375,58.625999450683594,59.04100036621094,24525000,66.10717055355022,1.092355526184349,57.241749382019044,55.20585975646973,0.08136722928753559,1.3857186357834261
2023-01-27,56.29791259765625,59.0989990234375,59.92499923706055,59.01900100708008,59.332000732421875,19344000,61.24025555366429,1.102887934894916,57.47224941253662,55.361399765014646,0.08460424571218472,1.2833598926216288
2023-01-30,55.38912582397461,58.14500045776367,58.96099853515625,57.97600173950195,58.29999923706055,16984000,55.69048201994978,1.022468848903344,57.590449523925784,55.47545974731445,0.042380063154062286,1.2270220206816114
2023-01-31,55.72825241088867,58.5009994506836,58.722999572753906,58.07400131225586,58.207000732421875,23719000,57.24747193286935,0.9762091559075188,57.719849586486816,55.62201972961426,0.04628621849231429,1.1762216145660305
2023-02-01,57.41818618774414,60.275001525878906,60.83000183105469,58.27000045776367,58.356998443603516,26553000,64.03036330873678,1.0703567510869618,57.966199684143064,55.80329978942871,0.08901860936543038,1.1692509968329663
2023-02-02,57.70586013793945,60.57699966430664,61.31399917602539,59.974998474121094,60.76300048828125,24188000,65.04701493231491,1.1560123338390298,58.1938497543335,55.98451980590821,0.08126876954833251,1.2135951170746528
2023-02-03,56.92948913574219,59.762001037597656,60.80400085449219,59.625,59.79999923706055,19093000,60.10941495180507,1.144933343450461,58.40684986114502,56.144879837036136,0.0767540308557344,1.0831024050849176
2023-02-06,57.28004837036133,60.130001068115234,60.321998596191406,59.22600173950195,59.33399963378906,18709000,61.529429580534604,1.152561677136596,58.47119998931885,56.287379837036134,0.021871804567795916,1.1467416365983167
2023-02-07,58.53273010253906,61.44499969482422,61.70100021362305,59.97200012207031,60.066001892089844,24025000,66.16450753263804,1.2503038611906945,58.65900001525879,56.448999862670895,0.06510774276631515,1.3081039074763103
2023-02-08,57.31911087036133,60.17100143432617,61.018001556396484,60.0620002746582,60.667999267578125,15290000,58.77600087433507,1.2110045275045707,58.79290008544922,56.592599868774414,0.04657960799379213,1.3194813289847103
2023-02-09,57.10000228881836,59.94100189208984,61.49300003051758,59.54800033569336,61.2599983215332,18837000,57.52704675693693,1.14806628802787,58.899250221252444,56.74699989318847,0.03679044429340372,1.3221448346786042
2023-02-10,56.513206481933594,59.32500076293945,59.84600067138672,58.9630012512207,59.63100051879883,21035000,54.20486104436886,1.0365326338272638,58.955800247192386,56.89071990966797,0.019435002131730883,1.3145581646824633
2023-02-13,57.26290512084961,60.11199951171875,60.14799880981445,59.34700012207031,59.5,19847000,57.57574116288816,1.0001169059792474,59.066400146484376,56.990899887084964,0.03820376386088986,1.3141064453245916
2023-02-14,57.37625503540039,60.23099899291992,60.55799865722656,59.332000732421875,59.41699981689453,17571000,58.07822180091377,0.9696815575220157,59.18175010681152,57.09401985168457,0.039828036997637595,1.3097958632957125
2023-02-15,57.88876724243164,60.76900100708008,60.827999114990234,59.66999816894531,59.88600158691406,12683000,60.36392196627513,0.9777032365552216,59.34875011444092,57.227799835205076,0.05815877175106077,1.28728997867117
2023-02-16,57.20766067504883,60.05400085449219,60.89400100708008,59.95500183105469,60.07500076293945,17449000,55.99442661214115,0.9158090613855663,59.535350227355956,57.36759986877441,0.06626189324455445,1.0791067481675898
2023-02-17,56.73611068725586,59.55899810791016,60.084999084472656,59.244998931884766,60.0,14215000,53.12723195137847,0.8173925049140749,59.659400177001956,57.50713981628418,0.04346681788760076,0.9113082856254305
2023-02-21,55.397705078125,58.15399932861328,59.308998107910156,57.98400115966797,59.0,22737000,45.93721289855622,0.6188908272228204,59.65895023345947,57.63321983337402,-0.00015471813916378974,0.9120878831301624
2023-02-22,54.88615798950195,57.617000579833984,58.308998107910156,57.209999084472656,58.224998474121094,23475000,43.513300666674084,0.41347917582736216,59.614650344848634,57.723399810791015,-0.015144484849907491,0.9894247626430743
2023-02-23,55.61299514770508,58.380001068115234,58.59400177001953,57.36800003051758,58.57500076293945,18939000,47.73331053611903,0.3086982437328203,59.60525035858154,57.80155982971191,-0.0032099392636738555,1.0007203251965537
2023-02-24,55.03666305541992,57.775001525878906,58.02399826049805,57.361000061035156,57.75299835205078,15353000,44.87080681272979,0.17482492041786912,59.50110034942627,57.843799896240235,-0.03479902642310928,1.0784092883869747
2023-02-27,55.77016830444336,58.54499816894531,58.97999954223633,58.42599868774414,58.58700180053711,18321000,49.05796406413067,0.12937034039671857,59.47340030670166,57.87261985778809,-0.009374115698177587,1.096248755100449
2023-02-28,56.61227798461914,59.42900085449219,59.858001708984375,58.21799850463867,58.555999755859375,27822000,53.431008622210996,0.1628022045787958,59.53760032653808,57.912319869995116,0.022082730873159262,1.0510235019127114
2023-03-01,56.54368591308594,59.35699844360352,59.82099914550781,59.029998779296875,59.400001525878906,15484000,53.031688498484115,0.18139618271803215,59.58040027618408,57.983459854125975,0.014632211431559128,1.0236620685297995
2023-03-02,57.02761459350586,59.8650016784668,60.09400177001953,58.612998962402344,58.93899917602539,27525000,55.555461820045124,0.23442139591914213,59.55990028381348,58.06893989562988,-0.006802154077691358,1.0130703370589844
2023-03-03,60.27694320678711,63.2760009765625,63.573001861572266,61.57500076293945,61.77000045776367,46088000,67.99208793728354,0.5453964055866933,59.69485034942627,58.23519989013672,0.04455488596682966,1.295957306261916
2023-03-06,60.29218292236328,63.29199981689453,64.40499877929688,63.17300033569336,63.5,24983000,68.03726517463717,0.7840987120411853,59.87135028839111,58.412999877929686,0.05906761350035916,1.5256151815391543
2023-03-07,59.552001953125,62.51499938964844,63.577999114990234,62.35100173950195,63.48699951171875,19334000,63.35997054111491,0.9001976506848592,59.990600204467775,58.54083984375,0.039664032582195974,1.6361074063274765
2023-03-08,60.229312896728516,63.22600173950195,63.27299880981445,62.367000579833984,62.77799987792969,20912000,65.68468858208651,1.037617831084198,60.07965030670166,58.69917991638184,0.028985304801421474,1.7629826439863914
2023-03-09,59.30147171020508,62.25199890136719,64.24400329589844,62.1879997253418,63.007999420166016,21775000,60.06266172609212,1.0557602778582975,60.18370018005371,58.83935989379883,0.03458472382767841,1.828837337336468
2023-03-10,58.56892395019531,61.483001708984375,63.01599884033203,61.28200149536133,62.819000244140625,26098000,55.98816284435693,0.9965984840256041,60.260800170898435,58.96193992614746,0.025725292674796396,1.8504433032827923
2023-03-13,58.72514724731445,61.64699935913086,62.43899917602539,60.6879997253418,60.70899963378906,22364000,56.66334747046788,0.9519718371994159,60.376900100708006,59.10509994506836,0.039140304531474435,1.8614497991181398
2023-03-14,60.24835968017578,63.24599838256836,63.33700180053711,61.849998474121094,62.3390007019043,25893000,62.67564680330716,1.0337147358610963,60.53360004425049,59.25439994812012,0.05213599441553507,1.9669020113246305
2023-03-15,59.63678741455078,62.604000091552734,63.00699996948242,61.619998931884766,62.766998291015625,22963000,59.128705815472834,1.034764553639107,60.652250099182126,59.38821998596191,0.03939833538061954,2.0185820866429647
2023-03-16,60.633216857910156,63.650001525878906,63.707000732421875,61.78099822998047,62.185001373291016,31716000,62.82053320110424,1.1072365816605654,60.79630012512207,59.55426002502441,0.04740904854537864,2.1272254453568906
2023-03-17,60.106422424316406,63.09700012207031,63.957000732421875,62.70800018310547,63.650001525878906,79303000,59.74780874885177,1.1072845077933806,60.94845008850098,59.69572006225586,0.05067104979318793,2.179520636018244
2023-03-20,61.320045471191406,64.37100219726562,64.4739990234375,63.15999984741211,63.27399826049805,25857000,64.10390787939714,1.1963332250606697,61.18905029296875,59.87310012817383,0.08079390591220115,2.2812901568699204
2023-03-21,61.093605041503906,63.67499923706055,64.65899658203125,63.43299865722656,64.30899810791016,25000000,60.266733678591834,1.196945707859868,61.46510028839111,59.96974014282227,0.09493757905195,2.2281187086128527
2023-03-22,60.534244537353516,63.09199905395508,64.8499984741211,63.06700134277344,63.689998626708984,25799000,57.179229211095645,1.1372780292598321,61.73885021209717,60.07780014038086,0.0950240106049074,2.0604789226824667
2023-03-23,61.3315544128418,63.92300033569336,64.81800079345703,63.15299987792969,63.88999938964844,27162000,60.30117447683696,1.143860115176139,62.01600017547607,60.20640014648438,0.09494688534025197,1.9549975982205305
2023-03-24,61.037960052490234,63.617000579833984,63.93000030517578,62.85499954223633,63.803001403808594,17228000,58.606748877449924,1.1115713402536684,62.30810012817383,60.32246017456055,0.10111638078171747,1.7089390625928742
2023-03-27,60.142784118652344,62.68399810791016,63.90999984741211,62.5989990234375,63.900001525878906,14707000,53.65609886817908,0.9991788397449568,62.51505012512207,60.412260131835936,0.07069775503315912,1.462024166125108
2023-03-28,59.93746566772461,62.470001220703125,62.65399932861328,61.88600158691406,62.52299880981445,12439000,52.559432297519294,0.8826644071504504,62.66710014343262,60.503660125732424,0.05117030948672041,1.2696606203402176
2023-03-29,60.01422119140625,62.54999923706055,63.4010009765625,62.4640007019043,63.27799987792969,26395000,52.94660340079548,0.7877009252869556,62.82675018310547,60.59618011474609,0.05379316470139184,1.0046182930981598
2023-03-30,60.8057746887207,63.375,63.60499954223633,62.93000030517578,63.27299880981445,21523000,56.85701988274061,0.7701347148843851,63.00225009918213,60.71510009765625,0.05863189214267961,0.7286801199811238
2023-03-31,61.55318832397461,64.15399932861328,64.22200012207031,62.590999603271484,63.05400085449219,22097000,60.21885729823575,0.8097379470237769,63.046150016784665,60.871740112304686,0.013875692814025786,0.771245142172769
2023-04-03,61.642425537109375,64.24700164794922,64.38999938964844,63.64400100708008,63.900001525878906,15682000,60.61345615090304,0.8389573259173488,63.0939001083374,61.01512016296387,0.01508882376631382,0.815558039761322
2023-04-04,60.86909484863281,63.44100189208984,64.42400360107422,63.20000076293945,64.31500244140625,13429000,55.47750050447892,0.7879929576210571,63.140200233459474,61.120680236816405,0.01481248518727063,0.8072058037526177
2023-04-05,60.35098648071289,62.9010009765625,63.16999816894531,62.56999969482422,63.11399841308594,16908000,52.281238633305925,0.6960066364052935,63.1239501953125,61.20864028930664,-0.005140302312306444,0.8086576301726236
2023-04-06,59.73980712890625,62.26399993896485,62.84000015258789,61.89699935913086,62.41600036621094,14493000,48.71570309172343,0.5651909841754161,63.12455024719238,61.2825602722168,0.0001927815621900475,0.8079807279171809
2023-04-10,60.195552825927734,62.73899841308594,62.7869987487793,61.64500045776367,61.80500030517578,15400000,51.37853469610129,0.49415078182633465,63.18735008239746,61.340180206298825,0.020428356931018632,0.7174118872901885
2023-04-11,59.637149810791016,62.15700149536133,63.0880012512207,62.082000732421875,63.077999114990234,16518000,48.0841494182144,0.38643405114373763,63.212850189208986,61.4013402557373,0.008272943395985832,0.6670772564613291
2023-04-12,59.169891357421875,61.66999816894531,62.75199890136719,61.625999450683594,62.73400115966797,14112000,45.45754552833269,0.2587875261239674,63.13405017852783,61.47184020996094,-0.02491857594040947,0.7507874454167704
2023-04-13,59.8933219909668,62.42399978637695,62.650001525878906,61.71099853515625,61.90700149536133,17265000,50.010530398646445,0.21597869650332768,63.125050163269044,61.550300216674806,-0.0028752205116693297,0.7585149075630242
2023-04-14,59.4423713684082,61.95399856567383,62.803001403808594,61.520999908447266,62.04800033569336,17465000,47.35680885113156,0.14248474461906113,63.04025001525879,61.5838801574707,-0.02664576464331292,0.7908529387541299
2023-04-17,60.19267654418945,62.73600006103516,62.83399963378906,61.78099822998047,61.861000061035156,13201000,51.927519252377735,0.14566214098221764,63.02220001220703,61.627060165405275,-0.0057213506242252965,0.7936043841335375
2023-04-18,60.66856384277344,63.23199844360352,63.54999923706055,62.7130012512207,63.1619987487793,16806000,54.618892599773176,0.18605840920971417,62.96524982452392,61.69646011352539,-0.017694361044303997,0.730040807138397
2023-04-19,60.87773513793945,63.45000076293945,63.67900085449219,62.55500030517578,62.67900085449219,19060000,55.790438103288885,0.23297808176563706,62.95399990081787,61.76286010742187,-0.003533544983383985,0.7201951508076126
2023-04-20,60.7357292175293,63.30199813842773,64.27300262451172,62.7140007019043,62.7859992980957,20239000,54.75692471436655,0.2552770109379736,62.9644998550415,61.80000007629395,0.0033284582454435885,0.7238346014921316
2023-04-21,60.724220275878906,63.290000915527344,63.380001068115234,62.19900131225586,63.060001373291016,14807000,54.66851710975412,0.26888149879390255,62.9328498840332,61.86238006591797,-0.009902529869402321,0.6928958086670638
2023-04-24,60.881568908691406,63.45399856567383,63.8849983215332,63.17900085449219,63.36399841308594,12338000,55.72094062147687,0.2895585425810978,62.924699783325195,61.93263999938965,-0.00256223985215398,0.6853425084038128
2023-04-25,59.68031692504883,62.20199966430664,63.5989990234375,62.17399978637695,63.39899826049805,23670000,46.79004377370852,0.20258413697674627,62.90059986114502,61.99017997741699,-0.007689337919603689,0.7025118378167035
2023-04-26,59.12095260620117,61.61899948120117,62.3129997253418,61.35100173950195,61.99700164794922,17179000,43.309039080291356,0.08562600815606913,62.85804977416992,62.02031997680664,-0.013622566397836433,0.7538605521569615
2023-04-27,59.333961486816406,61.84099960327149,62.00899887084961,60.323001861572266,61.61899948120117,18250000,44.987389407061514,0.010725763026890434,62.82259979248047,62.052519989013675,-0.011334926337920326,0.7851305892902267
2023-04-28,60.110164642333984,62.650001525878906,62.678001403808594,61.45600128173828,61.90700149536133,16183000,50.713713452582645,0.016456769780091918,62.786349868774415,62.09013999938965,-0.011439818132088275,0.7749544582726878
2023-05-01,61.208740234375,63.79499816894531,63.89899826049805,62.619998931884766,62.650001525878906,17030000,57.46249032617676,0.11209809679967009,62.76839981079102,62.16495994567871,-0.005595927976821402,0.7451949971703125
2023-05-02,58.75156784057617,61.23400115966797,62.650001525878906,60.50199890136719,62.57600021362305,28357000,43.210443582252275,-0.018542768489730577,62.617749786376955,62.198460006713866,-0.04689713778070803,0.7350332367332063
2023-05-03,58.834083557128906,61.31999969482422,62.19499969482422,61.2400016784668,61.689998626708984,19816000,43.71527918648802,-0.11382512716851068,62.51169967651367,62.26178001403809,-0.03343267183695087,0.7624987343379239
2023-05-04,58.54240417480469,61.01599884033203,61.395999908447266,60.12900161743164,61.0,17684000,42.284313505573024,-0.21143017575475653,62.41744956970215,62.329759979248045,-0.029967760559690304,0.8257241132844066
2023-05-05,60.45748519897461,63.012001037597656,63.14699935913086,61.33700180053711,61.595001220703125,24876000,53.13212477869034,-0.12626666046917023,62.45484962463379,62.42239997863769,0.012013380113164107,0.8352924256479689
2023-05-08,60.35578918457031,62.90599822998047,63.073001861572266,62.05799865722656,62.97800064086914,13934000,52.56705389566513,-0.06656023673090772,62.463199615478516,62.52501991271973,0.0026618183445481503,0.8391084044432224
2023-05-09,59.34355926513672,61.85100173950195,62.40700149536133,61.58599853515625,62.27299880981445,16990000,47.188113953992264,-0.10318244259543974,62.447899627685544,62.59113998413086,-0.004923013473907889,0.8477307955202774
2023-05-10,60.08809280395508,62.62699890136719,62.79999923706055,61.82699966430664,62.20600128173828,19174000,51.14780195691759,-0.06879627823686008,62.49574966430664,62.65509994506836,0.01551809244099811,0.8282974256689254
2023-05-11,60.222412109375,62.766998291015625,62.847999572753906,61.79899978637695,62.65800094604492,14430000,51.84923015054378,-0.02990350552542509,62.51289958953858,62.7232999420166,0.005494657596636809,0.8302821732090128
2023-05-12,60.55631637573242,63.1150016784668,63.27000045776367,62.42100143432617,62.8380012512207,11942000,53.63146328012868,0.028669774720661678,62.570949745178225,62.7882999420166,0.01873976078496775,0.8297355766318675
2023-05-15,61.3862419128418,63.97999954223633,64.00199890136719,62.84700012207031,63.1870002746582,14614000,57.81142566700626,0.14323647886407542,62.63314971923828,62.80237991333008,0.01982911693431033,0.8873842223609314
2023-05-16,61.5435905456543,64.14399719238281,64.69100189208984,63.87300109863281,64.0459976196289,14967000,58.57390875283677,0.24444682623753522,62.67874965667725,62.819419860839844,0.014423057490310143,0.9415557565275083
2023-05-17,63.08161544799805,65.74700164794922,66.08999633789062,64.45800018310547,64.73500061035156,24133000,65.19537424911681,0.44883196292873606,62.793599700927736,62.88405990600586,0.036201747161387354,1.1562086173555726
2023-05-18,65.04179382324219,67.79000091552734,67.93599700927734,65.5999984741211,65.5999984741211,26389000,71.45712815443521,0.7668221744118,63.01799983978272,62.97533988952637,0.07089827981867702,1.6075151902324816
2023-05-19,65.45915985107422,68.2249984741211,68.49500274658203,67.84100341796875,68.0,22968000,72.58797411805654,1.0419217501976092,63.264749717712405,63.09479988098145,0.07797436383640521,1.9857271874603406
2023-05-22,65.08687591552734,67.83699798583984,68.46800231933594,67.41200256347656,68.13999938964844,17796000,69.92676290486172,1.2146302478284667,63.483899688720705,63.22187980651856,0.06907365208245597,2.234045677576238
2023-05-23,65.86691284179688,68.6500015258789,69.89900207519531,68.2020034790039,69.06400299072266,36088000,72.22460294529279,1.4009562164275167,63.80629978179932,63.36193984985351,0.1036622921509116,2.489924389249372
2023-05-24,65.19817352294922,67.9530029296875,68.43099975585938,67.60600280761719,68.14399719238281,23021000,67.4652910871774,1.4753717600334113,64.12299995422363,63.456079940795895,0.10279302653102507,2.5975659682300845
2023-05-25,69.9254379272461,72.87999725341797,73.23899841308594,69.0770034790039,69.94100189208984,49263000,78.33391039521659,1.909897767201329,64.67494983673096,63.6615998840332,0.17850613219328526,3.1919646883944774
2023-05-26,77.97817993164062,81.27300262451172,81.49800109863281,74.7020034790039,74.74299621582031,82500000,86.56650337840905,2.8981006483779623,65.6060998916626,64.01405990600585,0.2972545992826543,4.853855033592727
2023-05-30,77.07723236083984,80.33399963378906,92.1780014038086,79.88099670410156,83.51200103759766,116912000,82.7768527184011,3.5644006654429887,66.43304996490478,64.35879989624023,0.2592523229022483,5.838133614646882
2023-05-31,77.5205078125,80.7959976196289,82.16699981689453,79.01300048828125,79.48999786376953,89998000,83.16729865701595,4.08266518292055,67.41114978790283,64.6872998046875,0.31946297954551306,6.52010191042836
2023-06-01,75.79253387451172,78.99500274658203,80.5790023803711,78.51599884033203,80.06199645996094,80792000,75.93999904068531,4.29851767616654,68.29489994049072,64.99369987487793,0.2882420603346756,6.8409990913645595
2023-06-02,77.90813446044922,81.19999694824219,82.37699890136719,78.72000122070312,79.06400299072266,62815000,78.41336342308884,4.59454389435588,69.30409984588623,65.35585983276367,0.3307984543648639,7.190547674645112
2023-06-05,76.97746276855469,80.2300033569336,80.91999816894531,79.447998046875,80.91999816894531,26222000,74.77189181974435,4.696735386857327,70.16499996185303,65.68199989318848,0.27324957207853773,7.424488007481714
2023-06-06,75.79732513427734,79.0,80.19999694824219,77.63800048828125,80.19999694824219,37823000,70.3128295672202,4.625155970607565,70.969700050354,65.98965988159179,0.25584208537921693,7.468356742295466
2023-06-07,76.0496597290039,79.26300048828125,80.54499816894531,78.7509994506836,78.98200225830078,28957000,70.7149773442357,4.53734699716243,71.84029998779297,66.32123992919922,0.28151522625475756,7.363566014048043
2023-06-08,77.15975952148438,80.41999816894531,80.5009994506836,78.87799835205078,79.49099731445312,21909000,72.48105296657651,4.509139246087017,72.72994995117188,66.68023986816407,0.28411068037286547,7.266059336123762
2023-06-09,77.20005798339844,80.46199798583984,81.7750015258789,80.38800048828125,80.58000183105469,19241000,72.54577802696218,4.439003366722218,73.61469993591308,67.03847984313965,0.2819156591300154,7.063565737244681
2023-06-12,82.068359375,85.53600311279297,85.80000305175781,81.11199951171875,81.11199951171875,51065000,78.97847460498954,4.738230612484287,74.73575000762939,67.4816999053955,0.3552404474065891,7.0886269111901035
2023-06-13,81.66156005859375,85.11199951171875,86.32599639892578,84.0999984741211,86.11299896240234,38990000,77.3475502577818,4.8848473341496685,75.79235000610352,67.90085990905762,0.3302907177348784,6.975054471761345
2023-06-14,85.0254135131836,88.61799621582031,88.85399627685547,84.72200012207031,85.58999633789062,43524000,80.86604197709022,5.2237308578995965,77.01604995727538,68.38827980041503,0.38154776899908915,6.970768132598874
2023-06-15,84.7615737915039,88.34300231933594,88.7969970703125,87.10199737548828,88.44100189208984,33814000,79.81881012811115,5.407771360743098,78.14584999084472,68.88631980895997,0.3436810821028753,6.878723858498512
2023-06-16,83.29167175292969,86.81099700927734,88.99500274658203,86.54499816894531,88.9280014038086,68299000,74.0643108456816,5.368124364040398,79.09689979553222,69.36451972961426,0.2805870458307256,6.68372431897237
2023-06-20,83.28399658203125,86.8030014038086,87.70700073242188,86.10099792480469,86.26599884033203,27535000,74.03431154698691,5.2752488697312,80.0257999420166,69.85529975891113,0.27230492261182615,6.3771792918195604
2023-06-21,81.76287078857422,84.76599884033203,86.5999984741211,84.45999908447266,86.0,23229000,66.62981360273236,4.979870441835757,80.87224998474122,70.29583976745606,0.24955409816374696,5.768667353413121
2023-06-22,81.25838470458984,84.24299621582031,84.89099884033203,83.53099822998047,84.50900268554688,23464000,64.83680988841849,4.649976929229169,81.65189971923829,70.73755966186523,0.22713757237227927,5.037200748570031
2023-06-23,79.30223083496094,82.21499633789062,83.60199737548828,81.88500213623047,83.4010009765625,37413000,58.286941171762024,4.17674439285949,82.36499938964843,71.14845962524414,0.20988025242917274,3.8701388387912177
2023-06-26,79.25209045410156,82.16300201416016,83.69999694824219,82.02200317382812,82.5,21372000,58.124817938992386,3.754232238621441,82.82914962768555,71.5432396697998,0.12737383521658718,3.165175197153951
2023-06-27,81.83424377441406,84.83999633789062,85.0,82.0999984741211,82.86799621582031,24923000,63.720036232310896,3.59397032891917,83.00749931335449,72.00095962524414,0.04388903569686886,3.173360209236819
2023-06-28,81.78987121582031,84.79399871826172,85.85299682617188,83.70600128173828,83.87300109863281,19445000,63.562878240070205,3.42378275104619,83.23049926757812,72.44211959838867,0.05551820032369892,3.1320372160288508
2023-06-29,83.20103454589844,86.25700378417969,86.28399658203125,84.64099884033203,85.44499969482422,23386000,66.40130699082599,3.3681343947112907,83.50354957580566,72.9026197052002,0.06759005799099205,3.1466380323657694
2023-06-30,83.6698226928711,86.74299621582031,87.45700073242188,86.43299865722656,86.85199737548828,23145000,67.31224206851118,3.3249205842127054,83.89094924926758,73.36847961425781,0.09808207101522659,3.0374048575969237
2023-07-03,84.53890228271484,87.64399719238281,87.6729965209961,86.49199676513672,86.86199951171875,9038000,68.9907989327009,3.325047499083894,84.21314926147461,73.85531959533691,0.07935961190057816,3.0784362463134873
2023-07-05,83.1325454711914,86.18599700927734,87.69000244140625,86.17500305175781,86.73999786376953,14440000,63.324018417448855,3.1709469477058008,84.5109489440918,74.31323951721191,0.07423648763725277,2.9585879335421805
2023-07-06,81.795654296875,84.80000305175781,85.38999938964844,84.43299865722656,84.5,23939000,58.41225299957424,2.903513129385729,84.80094909667969,74.74015960693359,0.07341776014883306,2.6590718690657296
2023-07-07,81.67508697509766,84.67500305175781,85.79900360107422,84.46600341796875,85.04299926757812,19409000,57.975488904044326,2.6509252303670365,85.07154922485351,75.18961967468262,0.06827905239692145,2.3195405616073383
2023-07-10,84.663330078125,87.77300262451172,87.91699981689453,84.8280029296875,84.8280029296875,30622000,64.9670707769083,2.6699526232032014,85.43919944763184,75.71269973754883,0.09143253696822162,2.117380325836073
2023-07-11,85.08003234863281,88.20500183105469,88.30000305175781,86.46299743652344,88.11100006103516,25498000,65.82099334908057,2.6888947893580166,85.82634963989258,76.2399797821045,0.09623181177501339,1.8504922879295358
2023-07-12,85.842041015625,88.99500274658203,89.75900268554688,88.19999694824219,88.9000015258789,28197000,67.38654768210864,2.7361128582181493,85.99929962158203,76.76687980651856,0.040439107602769475,1.9791005390202243
2023-07-13,85.88159942626953,89.03600311279297,89.89399719238281,87.8270034790039,89.89399719238281,25912000,67.46982752523539,2.7451969828835985,86.19549980163575,77.27169990539551,0.0461039997131536,2.0785156181497855
2023-07-14,85.70988464355469,88.85800170898438,90.33499908447266,88.61599731445312,88.61599731445312,18510000,66.67381698534493,2.7068303362876662,86.20750007629394,77.82417991638184,0.0027083155048952534,2.0938740690155577
2023-07-17,87.80976867675781,91.03500366210938,91.32099914550781,88.97799682617188,89.10099792480469,26819000,71.1559570731855,2.819587901895815,86.34210014343262,78.41847999572754,0.03047215141095827,2.313392828504761
2023-07-18,87.14227294921875,90.34300231933594,90.98999786376953,89.82599639892578,90.5979995727539,24513000,68.02414464934587,2.8205962817733052,86.51870040893554,79.00502006530762,0.04068615073826565,2.4798932709992743
2023-07-19,86.9435806274414,90.13700103759766,90.59700012207031,88.56300354003906,89.72699737548828,24118000,67.07766757300993,2.772809624937267,86.685400390625,79.54752006530762,0.03840880591535378,2.608720565427338
2023-07-20,85.6867446899414,88.83399963378906,90.69999694824219,88.5999984741211,89.25399780273438,28268000,61.27057669322376,2.599827834520454,86.88880043029785,80.06608009338379,0.0479909497806974,2.6097789950276806
2023-07-21,86.49794006347656,89.67500305175781,91.11499786376953,89.38300323486328,90.4489974975586,74287000,63.46884946550489,2.501761714863534,87.16040077209473,80.6225601196289,0.06448021888990452,2.6025826428868784
2023-07-24,86.96479034423828,90.15899658203124,90.54399871826172,89.4229965209961,90.08000183105469,19992000,64.71026017006088,2.43502835042635,87.55760078430175,81.17320007324219,0.09662471079475599,2.406947036213933
2023-07-25,88.54669952392578,91.79900360107422,92.31800079345703,90.06199645996094,90.06199645996094,20042000,68.60360406906665,2.4858215353587525,88.03940086364746,81.75384017944336,0.11727908365925299,2.2280468470672723
2023-07-26,86.14490509033203,89.30899810791016,91.06199645996094,88.76499938964844,90.9000015258789,19877000,58.11941537216751,2.2986553983399176,88.26285095214844,82.27772010803223,0.052675647842097106,2.1113322222808377
2023-07-27,86.18734741210938,89.35299682617188,90.98500061035156,88.5999984741211,90.8499984741211,21922000,58.240855967726596,2.1293296286469854,88.49080085754395,82.78518005371093,0.05376557512115898,1.9576168422841642
2023-07-28,86.79116821289062,89.97899627685547,90.35600280761719,89.3949966430664,89.93199920654297,18791000,60.01726221553481,2.022338401977464,88.67690048217773,83.30188003540039,0.043150032222176726,1.9104315461504555
2023-07-31,86.68122100830078,89.86499786376953,90.0999984741211,89.0999984741211,89.75,14952000,59.520706121962334,1.9063728848594081,88.8330005645752,83.7842399597168,0.03599139739399293,1.871243185414291
2023-08-01,88.74057006835938,92.0,92.06199645996094,89.7699966430664,89.89800262451172,19683000,65.30948629614721,1.9641052240832124,89.05080070495606,84.26843994140626,0.04970109701929215,1.9761324335298842
2023-08-02,86.06871795654297,89.2300033569336,91.30000305175781,89.02899932861328,91.2300033569336,26877000,54.433137857415794,1.765985755092757,89.20300102233887,84.6885400390625,0.03531903619248711,1.8575394469934576
2023-08-03,85.3626480102539,88.49800109863281,89.53299713134766,88.10800170898438,88.66200256347656,18281000,51.970061167792956,1.5322454125708873,89.38790092468261,85.10176010131836,0.04360846596453438,1.5557275744359662
2023-08-04,85.04145050048828,88.16500091552734,89.36199951171875,87.33699798583984,88.49800109863281,21156000,50.842961966925415,1.305089911229743,89.5624008178711,85.49206008911133,0.04121638899305702,1.1392645653796567
2023-08-07,86.52784729003906,89.70600128173828,89.73699951171875,88.5270004272461,88.76799774169922,11146000,55.63771033597423,1.2351750614866575,89.65905075073242,85.92712005615235,0.022022701735473493,1.058608875067129
2023-08-08,85.18709564208984,88.31600189208984,89.05999755859375,87.33999633789062,89.00900268554688,14081000,50.82232350299381,1.055439258536623,89.66460075378419,86.23584014892577,0.0012584327275200202,1.050846981255311
2023-08-09,82.05899810791016,85.072998046875,88.35299682617188,84.87200164794922,88.27200317382812,24672000,41.74455153804301,0.6438916502419971,89.46850051879883,86.31184005737305,-0.04406994301551004,1.4662278143137089
2023-08-10,81.30374145507812,84.29000091552734,86.1500015258789,83.70700073242188,85.31199645996094,20186000,39.89184649939818,0.25165495918864167,89.23120040893555,86.39096008300781,-0.053304304229079946,1.8687208312518244
2023-08-11,80.03629302978516,82.97599792480469,83.63999938964844,82.3479995727539,83.4010009765625,20331000,36.929721500017116,-0.16334160382179164,88.93710021972656,86.43456008911133,-0.0661955442509683,2.3351841557033732
2023-08-14,82.38404083251953,85.41000366210938,85.41799926757812,82.73799896240234,83.11299896240234,17688000,45.06672758090288,-0.2924542185455721,88.65585021972656,86.56286010742187,-0.06178941916538028,2.406852014814416
2023-08-15,81.26707458496094,84.25199890136719,85.46199798583984,83.64600372314453,84.9209976196289,14035000,42.27244278642907,-0.48265446206590923,88.35130004882812,86.62390014648437,-0.06742086560770744,2.5624639037069827
2023-08-16,80.34783935546875,83.29900360107422,85.44999694824219,83.19599914550781,84.77899932861328,16003000,40.07050734267703,-0.7021938282426561,88.00940017700195,86.68528015136718,-0.07586226918811279,2.7602180007900605
2023-08-17,79.77970886230469,82.70999908447266,83.94200134277344,82.70099639892578,83.6510009765625,19228000,38.72779626595662,-0.913181511577335,87.70320014953613,86.75948013305664,-0.06893757541664336,2.993728386273291
2023-08-18,79.65815734863281,82.58399963378906,82.81700134277344,81.19999694824219,82.0,17759000,38.43112496372705,-1.078129863400349,87.3486499786377,86.8259001159668,-0.07907447088544872,3.1630254847495367
2023-08-21,83.44893646240234,86.51399993896484,86.73400115966797,83.177001953125,83.40599822998047,30012000,51.03137765411405,-0.8815722245194166,87.16640014648438,86.94778015136718,-0.040428540481259545,3.0968928975366716
2023-08-22,82.54706573486328,85.5790023803711,87.4749984741211,85.08799743652344,87.34100341796875,17079000,48.48886773744884,-0.7921143671128448,86.85540008544922,87.05012023925781,-0.0677567400157526,2.914108719015095
2023-08-23,84.55239868164062,87.65799713134766,87.81900024414062,85.0,85.0770034790039,19692000,53.97929598363428,-0.547153622717957,86.7728500366211,87.0925601196289,-0.018486390078720105,2.8638977070234257
2023-08-24,82.41876983642578,85.44599914550781,90.98600006103516,85.24600219726562,90.23500061035156,30934000,48.10433053654013,-0.5254531224446168,86.57750015258789,87.09924011230468,-0.04372542409813929,2.811409421188211
2023-08-25,82.16413116455078,85.18199920654297,86.94400024414062,83.76699829101562,85.7020034790039,24181000,47.44069003838136,-0.5235230604106107,86.33765029907227,87.03052017211914,-0.05331240921550928,2.7086909219239135
2023-08-28,83.05732727050781,86.10800170898438,86.41300201416016,84.71099853515625,85.63899993896484,14306000,50.04401993892723,-0.4421756832899604,86.14980049133301,86.98582015991211,-0.04180711338223764,2.578330042235093
2023-08-29,85.84010314941406,88.99299621582031,89.28399658203125,85.64199829101562,85.83999633789062,27822000,57.16297662505847,-0.1432609321995102,85.99945030212402,87.02946014404297,-0.03268482374108361,2.290883010357874
2023-08-30,86.06678009033203,89.22799682617188,89.87100219726562,87.91100311279297,89.23899841308594,23234000,57.69186188507919,0.11131062725495156,85.99934997558594,87.07796005249024,-2.248717568342773e-05,2.2907341249439814
2023-08-31,89.01933288574219,92.28900146484376,92.36699676513672,89.37699890136719,89.8010025024414,55203000,63.93751069891138,0.5536754882913328,86.18889999389648,87.22842010498047,0.04283712986902155,2.638776311547126
2023-09-01,84.1607666015625,87.25199890136719,90.18699645996094,86.46600341796875,90.18699645996094,65017000,50.679488600064715,0.49213578189387874,86.14324989318848,87.28860015869141,-0.010355606019160857,2.6105372891818055
2023-09-05,84.12703704833984,87.21700286865234,88.30000305175781,86.69999694824219,86.95099639892578,24808000,50.60098071566462,0.4355208209169774,86.01879997253418,87.38864028930664,-0.027746175033137144,2.488216293765606
2023-09-06,84.13666534423828,87.22699737548828,87.73699951171875,86.67400360107422,87.25,20142000,50.624505180393186,0.3869984523673935,85.9643497467041,87.4899201965332,-0.012330772377266097,2.446872267008903
2023-09-07,82.66667938232422,85.7030029296875,86.16899871826172,84.052001953125,85.94999694824219,27789000,46.952785763548235,0.2229999063758612,85.99584999084473,87.50718032836915,0.00740546233559769,2.438835387816406
2023-09-08,82.71682739257812,85.75499725341797,86.08300018310547,85.01200103759766,85.5,16810000,47.09377070804242,0.09611740293222226,86.06909980773926,87.52640029907226,0.017380428544054638,2.406692655123791
2023-09-11,82.87019348144531,85.91400146484375,86.9000015258789,84.56500244140625,86.87699890136719,15710000,47.55283084777184,0.008296775756107877,86.21599998474122,87.51954025268554,0.03540787231871034,2.2950335874849883
2023-09-12,81.45999145507812,84.4520034790039,85.8270034790039,84.16600036621094,85.02400207519531,16680000,43.79043198426272,-0.177229729030131,86.16809997558593,87.47372039794922,-0.011216486852001717,2.3225730918034144
2023-09-13,82.27120208740234,85.29299926757812,85.91100311279297,84.42400360107422,84.71900177001953,17413000,46.41676111114872,-0.2534775575771846,86.22014999389648,87.42670043945313,0.012355794281268428,2.288791262274604
2023-09-14,84.07589721679688,87.16400146484375,87.66699981689453,85.5,85.90299987792969,19648000,51.811243526661556,-0.16107351511763568,86.41339988708496,87.44626052856445,0.046399088784774944,2.1902125867690474
2023-09-15,82.15064239501953,85.16799926757812,86.81600189208984,84.29000091552734,86.81600189208984,50190000,46.43989369915486,-0.24606683644694272,86.53629989624024,87.45362045288086,0.02971829537315185,2.0349233696015543
2023-09-18,81.98857879638672,85.0,85.63300323486328,84.0,84.25800323486328,16541000,46.00755941688845,-0.32325451596818766,86.65709991455078,87.4601203918457,0.02925506607726036,1.851386911153214
2023-09-19,81.91140747070312,84.91999816894531,85.10299682617188,83.8499984741211,84.5989990234375,13126000,45.78895125312067,-0.38642729395679964,86.5773998260498,87.40306030273437,-0.018424784094413504,1.8917415978881984
2023-09-20,80.55074310302734,83.05699920654297,84.9990005493164,83.03500366210938,84.9990005493164,13681000,40.913636770284,-0.5801332076841703,86.4512996673584,87.30010025024414,-0.029469882841338002,2.040039179864706
2023-09-21,78.39676666259766,80.83599853515625,82.25,79.50900268554688,79.51100158691406,53654000,35.99340429268834,-0.9024597382913413,86.11019973754883,87.13692016601563,-0.07782517077100515,2.371119456309173
2023-09-22,80.40623474121094,82.90799713134766,83.05799865722656,81.03800201416016,81.1240005493164,27764000,42.89312319357129,-0.9794226906288088,85.98329963684083,87.01436004638671,-0.02970299416638733,2.4742123514274903
2023-09-25,80.87271881103516,83.38899993896484,83.85600280761719,82.3010025024414,82.80000305175781,15648000,44.3917339978791,-0.9901891935262483,85.89364967346191,86.90498001098632,-0.021049039518673318,2.536474705106926
2023-09-26,79.1561508178711,81.61900329589844,83.0270004272461,81.12100219726562,82.91699981689453,17641000,40.21010784890932,-1.128536593892477,85.66919975280761,86.71666000366211,-0.05213218660278773,2.7092383293945264
2023-09-27,79.21626281738281,81.68099975585938,82.36799621582031,80.43800354003906,81.9260025024414,15352000,40.42180235466469,-1.2191220293518796,85.30359992980956,86.54341995239258,-0.08216372940437178,2.730378090844872
2023-09-28,80.6894302368164,83.19999694824219,83.88600158691406,81.46800231933594,82.01699829101562,16180000,45.512244414247526,-1.155026830625971,85.00219993591308,86.40467987060546,-0.067557270053625,2.6041640868931255
2023-09-29,80.55171203613281,83.05799865722656,84.40399932861328,82.29100036621094,83.6449966430664,16481000,45.12410515723601,-1.1029745946610348,84.54064979553223,86.28915985107422,-0.10002278344222448,1.990419324851764
2023-10-02,80.97553253173828,83.49500274658203,83.85600280761719,82.3499984741211,82.90599822998047,14676000,46.63252771054029,-1.014762692179687,84.35279998779296,86.1655598449707,-0.04305914136170341,1.8961154952891532
2023-10-03,79.02425384521484,81.48300170898438,83.57499694824219,80.89099884033203,82.69999694824219,18761000,41.03922940396911,-1.0945880628396338,84.06609992980957,85.99203994750977,-0.06574407479128008,1.8736113596251804
2023-10-04,79.8951416015625,82.38099670410156,83.05799865722656,81.62999725341797,82.03299713134766,16417000,44.253112314600294,-1.073020441235201,83.82379989624023,85.80367980957031,-0.05555620183193988,1.7527735180392476
2023-10-05,79.9000015258789,82.38600158691406,82.86299896240234,81.5479965209961,82.01100158691406,11474000,44.27134497913469,-1.0434953289135365,83.65794982910157,85.66521987915038,-0.03870344362956302,1.7222662571104002
2023-10-06,81.97542572021484,84.5260009765625,84.83899688720703,81.1719970703125,81.94000244140625,21103000,51.56570095945279,-0.8377592317218898,83.59650001525878,85.5686799621582,-0.014331482901499215,1.6644614025277846
2023-10-09,83.00537872314453,85.58799743652344,85.66100311279297,83.78299713134766,84.0459976196289,15760000,54.73228533789734,-0.5823052017119323,83.58019981384277,85.48085998535156,-0.003794538989709495,1.6420163876408627
2023-10-10,83.25072479248047,85.84100341796875,87.25499725341797,85.5719985961914,85.71499633789062,14718000,55.47906879463708,-0.35534438535849233,83.64964981079102,85.40038009643554,0.016447211217554658,1.708844851333634
2023-10-11,84.81700134277344,87.45600128173828,87.53399658203125,85.65499877929688,85.97100067138672,14334000,60.0137113795186,-0.0446448348622539,83.75779991149902,85.30950012207032,0.025359666475960774,1.8783622344206405
2023-10-12,87.82733917236328,90.55999755859376,91.79299926757812,87.64299774169922,87.64299774169922,43871000,66.975872873209,0.4469017505447539,83.92759971618652,85.33610000610352,0.03896099349132953,2.3070566042031557
2023-10-13,85.65299987792969,88.31800079345703,92.59100341796875,88.20899963378906,90.9000015258789,28312000,58.98696324539499,0.648074954422043,84.08509979248046,85.3325,0.0369857405712013,2.4959820176530805
2023-10-16,87.53349304199219,90.25700378417967,91.5790023803711,89.09700012207031,89.09700012207031,21150000,63.08775543210959,0.9529821196322956,84.34794998168945,85.37434005737305,0.061847103343290355,2.849211806707911
2023-10-17,85.77131652832031,88.44000244140625,89.2979965209961,86.5999984741211,88.51499938964844,33008000,57.305423563768656,1.036063328625545,84.5239501953125,85.3490200805664,0.04145082840743841,2.9915695860095965
2023-10-18,86.02637481689453,88.7030029296875,89.56300354003906,87.5199966430664,87.99500274658203,20404000,57.906812919507786,1.1103285503649118,84.80625038146972,85.35676010131836,0.06797745857762405,3.1099073587654016
2023-10-19,84.16432189941406,86.78299713134766,88.9489974975586,86.56700134277344,88.7020034790039,26620000,52.133434395024125,1.0026973806308774,85.1036003112793,85.39096008300781,0.07356869097874763,2.9924047731126633
2023-10-20,82.78717041015625,85.36299896240234,87.48999786376953,85.18399810791016,87.48999786376953,26953000,48.2981236589518,0.7936680076113589,85.22635040283203,85.41242004394532,0.02961115834417427,2.947617261037476
2023-10-23,83.62023162841797,86.22200012207031,87.36000061035156,84.28199768066406,85.7959976196289,16456000,50.66268393721851,0.689378215189393,85.36800041198731,85.47734008789062,0.03397330805236942,2.9226400283253926
2023-10-24,85.45223999023438,88.11100006103516,88.30000305175781,86.31199645996094,86.4000015258789,14972000,55.48417522626111,0.7505029801871501,85.69260025024414,85.53136001586914,0.07954026027003636,2.84379691115993
2023-10-25,82.39924621582031,84.96299743652344,87.87300109863281,84.60800170898438,87.70700073242188,21432000,47.20508727386232,0.5387172963333313,85.85670013427735,85.54557998657226,0.040180674703710784,2.690697844005475
2023-10-26,80.1802749633789,82.67500305175781,85.44200134277344,81.83399963378906,84.79100036621094,27917000,42.268419282446196,0.1841310427191587,85.83045043945313,85.53309997558594,-0.00631002302573358,2.7203771646751607
2023-10-27,81.30624389648438,83.83599853515625,84.02100372314453,82.85399627685547,83.0,18236000,45.389340433865385,-0.003162035285441789,85.86935043334961,85.55561996459961,0.009366947079238352,2.6839647790350667
2023-10-30,81.5865249633789,84.125,84.94300079345703,82.71499633789062,84.11000061035156,20889000,46.16944426069046,-0.12681134381678305,85.90085029602051,85.58643997192382,0.007545328854351885,2.658205354593652
2023-10-31,81.59815979003906,84.13700103759766,84.55000305175781,83.26000213623047,84.38899993896484,14747000,46.20381033606381,-0.22128509144673103,86.03355026245117,85.53889999389648,0.03257120225015786,2.486771854636829
2023-11-01,82.72024536132812,85.29399871826172,85.38300323486328,83.55699920654297,84.19999694824219,18684000,49.54790566582501,-0.20048510618707382,86.17920036315918,85.5331999206543,0.03536012103159125,2.3427172801149982
2023-11-02,84.50082397460938,87.12999725341797,88.05000305175781,86.0,86.19999694824219,18759000,54.392807654740004,-0.03544266927673334,86.41640014648438,85.52263992309571,0.05758254527620421,2.1724173276337733
2023-11-03,85.60449981689453,88.26799774169922,88.75,87.10600280761719,87.75,18041000,57.140140873625235,0.18504865408317528,86.6034999847412,85.57907989501953,0.04427036322437994,2.162153184919759
2023-11-06,85.42508697509766,88.08300018310547,88.58899688720703,87.12100219726562,88.15599822998047,12870000,56.543831731479344,0.3409318098296552,86.7282501220703,85.63709991455079,0.02915131585398356,2.1724306661138377
2023-11-07,87.07281494140625,89.78199768066406,90.177001953125,87.61599731445312,88.23200225830078,19365000,60.609509671309475,0.5947097885265293,86.92529983520508,85.71057983398437,0.0459103937020191,2.2644999521343383
2023-11-08,88.36366271972656,91.11299896240234,91.29100036621094,89.9000015258789,90.0,15280000,63.49121359581745,0.8929381101111744,87.10814971923828,85.75297988891602,0.04181528571016058,2.4496803119447885
2023-11-09,88.38790130615234,91.13800048828124,92.9800033569336,90.85600280761719,91.25,24486000,63.545162901247885,1.118411268857443,87.13704986572266,85.7911799621582,0.006382541356778404,2.4955273499141883
2023-11-10,92.86267852783203,95.7519989013672,95.8949966430664,91.82099914550781,92.17400360107422,36272000,71.8209663235548,1.6503868504705395,87.50874977111816,85.86043991088867,0.08417307956614106,3.1488089956349414
2023-11-13,91.83562469482422,94.69300079345705,95.23999786376953,94.0479965209961,95.00499725341797,16893000,68.00505205945463,1.9638905271663702,87.73054962158203,86.00925994873047,0.04914850729905251,3.4902995112559045
2023-11-14,94.36007690429688,97.2959976196289,97.677001953125,95.5250015258789,96.23400115966797,23886000,71.95001665410159,2.3947790175239305,88.17334938049316,86.21083984375,0.10013562792572261,4.094506348094498
2023-11-15,94.59671783447266,97.54000091552734,98.17500305175781,96.69100189208984,97.95099639892578,16099000,72.29486544151457,2.7245434365079575,88.61519927978516,86.41709991455077,0.099624563926485,4.600249786602738
2023-11-16,93.0595474243164,95.95500183105467,96.87000274658203,95.052001953125,96.4000015258789,26198000,66.5696677039313,2.8254182715772913,89.07379951477051,86.62213989257812,0.1056889598526427,4.857945835930969
2023-11-17,94.82268524169922,97.77300262451172,98.38899993896484,95.0999984741211,95.82099914550781,19789000,69.54847132171217,3.017278467516192,89.69429969787598,86.8625,0.14537919019896783,5.143206053223266
2023-11-20,96.5664291381836,99.5709991455078,99.98699951171875,97.30000305175781,97.30000305175781,18674000,72.18792493540825,3.276641266949298,90.36174964904785,87.13563995361328,0.15482126376723349,5.521161874769028
2023-11-21,95.15921020507812,98.12000274658205,99.0999984741211,97.16300201416016,97.5,43344000,67.13095977032663,3.326756097736734,90.8621997833252,87.40899993896484,0.11359538171866834,5.755075339852329
2023-11-22,94.2669677734375,97.1999969482422,98.79900360107422,97.0999984741211,98.36900329589844,33743000,64.06642328704174,3.254717327714161,91.47404975891114,87.64713989257812,0.1440273987609857,5.745372636454937
2023-11-24,94.93326568603516,97.88700103759766,97.98600006103516,96.67500305175781,97.49600219726562,23158000,65.33886574308818,3.2159896451924936,92.23464965820312,87.8615998840332,0.18399754973479143,5.521771764259315
2023-11-27,92.15664672851562,95.02400207519533,98.10099792480469,94.93299865722656,97.61499786376953,96962000,56.37899783206524,2.9206106075244094,92.79404983520507,88.05871994018554,0.1334510679842078,5.182429220954115
2023-11-28,91.77938842773438,94.63500213623048,95.08599853515625,93.41600036621094,93.99400329589844,39025000,55.26999547012347,2.6248736386360036,93.31954994201661,88.25141998291015,0.12493316060898052,4.773873816260553
2023-11-29,91.2440414428711,94.08300018310548,95.94300079345703,93.93699645996094,94.83399963378906,34843000,53.65705724452685,2.3192234514953753,93.81684989929201,88.43468002319337,0.11821195220713099,4.25703788786988
2023-11-30,89.77959442138672,92.572998046875,94.24199676513672,91.83699798583984,94.0999984741211,49571000,49.40930947384134,1.9328680239053284,94.18079986572266,88.625,0.08534011112149709,3.7737601213190874
2023-12-01,90.19371795654297,93.0,93.38999938964844,90.80000305175781,92.24600219726562,29612000,50.600259452963876,1.6422037504141969,94.47430000305177,88.86828002929687,0.0673706293081715,3.4069717055416797
2023-12-04,89.6089096069336,92.39700317382812,93.09700012207031,91.64399719238281,92.06400299072266,25009000,48.85134219806007,1.3476584474383486,94.68075027465821,89.05806015014649,0.046778057028230347,3.124489077470148
2023-12-05,88.55664825439453,91.31199645996094,91.72699737548828,90.58499908447266,91.16000366210938,37066000,45.78485970724344,1.014978162263418,94.84220008850099,89.21652008056641,0.03665856374264154,2.8357035983390757
2023-12-06,87.63723754882812,90.36399841308594,92.09700012207031,90.30999755859375,92.03600311279297,24813000,43.231433421702434,0.667140736666127,94.87130012512208,89.39141998291015,0.006482376728706107,2.7835493117677825
2023-12-07,89.44306182861328,92.22599792480467,92.41200256347656,90.36399841308594,90.55400085449219,43517000,49.22157968335523,0.5355513672706849,94.92695007324218,89.60231994628906,0.012215589159364715,2.7147321901122656
2023-12-08,91.58055877685547,94.43000030517578,95.072998046875,91.0530014038086,92.78399658203125,69668000,55.24188437946261,0.6021689872067384,95.09155006408692,89.82692001342774,0.03612104500051916,2.5687863547586103
2023-12-11,99.81825256347656,102.92400360107422,103.95099639892578,95.60900115966797,95.70099639892578,101184000,70.00261221582545,1.3250842630436352,95.45015029907226,90.22424011230468,0.07490187966827522,3.1095257428480108
2023-12-12,103.99238586425781,107.22799682617188,107.93900299072266,102.45800018310547,102.79900360107422,90242000,74.5776573601928,2.2197086906952137,96.076900100708,90.69889999389649,0.13237510616076031,4.065269743936233
2023-12-13,105.68085479736328,108.96900177001952,109.97799682617188,106.25399780273438,106.80000305175781,71654000,76.16147246815409,3.0342130247953207,96.66055030822754,91.24861999511718,0.11997414524722094,4.983705444138488
2023-12-14,107.31016540527344,110.64900207519533,112.14600372314453,109.02799987792969,109.21800231933594,66964000,77.61097235497589,3.771796638251928,97.31600036621094,91.81398010253906,0.1343961557988993,5.88584445052915
2023-12-15,109.56500244140625,112.9739990234375,114.98799896240234,109.46199798583984,109.52200317382812,118544000,79.47133329783011,4.492161942235796,98.16695022583008,92.42574005126953,0.1773643569133343,6.8328094887672375
2023-12-18,111.23890686035156,114.6999969482422,115.18199920654297,111.86399841308594,112.08000183105469,54741000,80.7501047065838,5.143044428620854,99.01329994201662,93.02921997070312,0.17312544229348314,7.766048602586776
2023-12-19,111.02748107910156,113.95800018310548,115.0459976196289,113.2509994506836,114.19999694824219,36020000,78.4866369084748,5.535194276534185,99.7326499938965,93.59662002563476,0.14448987316651585,8.456086110976345
2023-12-20,108.18258666992188,111.03800201416016,114.13600158691406,110.9260025024414,113.2699966430664,34523000,70.15286021633611,5.546420721946049,100.3785499572754,94.10055999755859,0.13165510503441258,8.812279327323367
2023-12-21,109.83008575439453,112.72899627685548,113.54199981689453,111.5,113.26499938964844,24106000,72.00658901696863,5.626903425524247,101.15499992370607,94.60601989746094,0.15976337259436635,9.193366905050949
2023-12-22,109.312744140625,112.197998046875,113.19999694824219,111.35299682617188,112.7979965209961,19089000,70.52535264718128,5.583476586044043,101.87054977416993,95.03877990722657,0.14619915675811335,9.478145679807906
2023-12-26,110.27828216552734,113.18900299072266,113.55000305175781,112.302001953125,112.42400360107422,16793000,71.69558924867883,5.56487787158963,102.77879981994629,95.53619995117188,0.19116223815907918,9.656204631802034
2023-12-27,109.72097778320312,112.61699676513672,113.95700073242188,112.2959976196289,113.5999984741211,20055000,69.96880090330848,5.441258691311191,103.6778995513916,95.98339981079101,0.1900142042900841,9.695100612411414
2023-12-28,109.35465240478516,112.24099731445312,113.2239990234375,111.90499877929688,113.16899871826172,21247000,68.79584942790538,5.252403152960895,104.58579940795899,96.45941970825196,0.19299976718438328,9.599022560525114
2023-12-29,108.7544937133789,111.625,112.43800354003906,111.46700286865234,112.14600372314453,20558000,66.81953803104551,4.995443578992635,105.53839950561523,96.9178596496582,0.20580517380973107,9.284331616520626
2024-01-02,105.74687957763672,108.53800201416016,110.19999694824219,107.70899963378906,109.21199798583984,28831000,57.85056079361854,4.490937593919256,106.31529960632324,97.35295974731446,0.1670752904748405,8.818318659001598
2024-01-03,103.13578796386719,105.85800170898438,107.5,105.53099822998047,107.0199966430664,34735000,51.4001546624873,3.83070139786291,106.98834953308105,97.7628598022461,0.14568652740643362,8.191530790582455
2024-01-04,102.20339965820312,104.9010009765625,106.94999694824219,104.73699951171875,105.7959976196289,25658000,49.28680078370623,3.19342567132513,107.66779975891113,98.13643981933593,0.1488194875090718,7.342372638552104
2024-01-05,102.22970581054688,104.9280014038086,105.5459976196289,104.1510009765625,105.16000366210938,22475000,49.35007541921139,2.6598971370792555,108.39599990844727,98.4727798461914,0.16117041351075923,6.163465054825143
2024-01-08,104.72095489501953,107.48500061035156,107.80000305175781,105.19999694824219,105.6500015258789,33110000,55.067656756892525,2.4155553772994125,109.15895004272461,98.92321990966796,0.16545229142424822,4.863921017262614
2024-01-09,105.46531677246094,108.2490005493164,108.8550033569336,106.47100067138672,106.56199645996094,23225000,56.64252751675596,2.257537693089617,109.84990005493164,99.43469985961914,0.14634120723796284,3.432312669041133
2024-01-10,105.27825164794922,108.05699920654295,108.2959976196289,106.26000213623047,108.03500366210938,17643000,56.11026753260173,2.0926913924408694,110.10654983520507,99.91911987304688,0.04987170558739473,3.0587553752900902
2024-01-11,107.1693344116211,109.9980010986328,110.12999725341797,107.45099639892578,108.43199920654297,25757000,60.18359745068986,2.094527730703959,110.24505004882812,100.43657989501953,0.025832845473662935,2.9833377077429546
2024-01-12,107.91951751708984,110.76799774169922,111.56900024414062,110.0009994506836,111.20999908447266,26882000,61.70207862864716,2.1335214290099174,110.3349998474121,100.96919982910157,0.016509245220732716,2.9699293757747074
2024-01-16,108.62879943847656,111.49600219726562,112.6240005493164,109.86299896240234,111.23400115966797,26145000,63.133632295869404,2.1978328423260365,110.37734985351562,101.49323989868164,0.007654837424513783,2.9806621309761856
2024-01-17,107.5288314819336,110.36699676513672,111.31099700927734,109.02100372314453,110.62899780273438,18314000,59.42391858412596,2.1331096377477365,110.24699974060059,101.95797988891601,-0.023076126195726965,2.9174636179368516
2024-01-18,111.4493637084961,114.39099884033205,114.65499877929688,112.18800354003906,112.48999786376953,32228000,66.89130365789029,2.3790946471364975,110.23154983520507,102.48043991088868,-0.0026939678825762536,2.8933595087762694
2024-01-19,118.00531768798828,121.12000274658205,121.69999694824219,115.5999984741211,115.73100280761719,53077000,75.1327505267084,3.0814923917757113,110.5896499633789,103.1411799621582,0.06284773821907019,3.7075053058516043
2024-01-22,118.9113998413086,122.0500030517578,123.13300323486328,120.8219985961914,121.625,31222000,76.02114691306357,3.670875351187661,111.14025001525879,103.78654006958008,0.0991732635480358,4.508715427233591
2024-01-23,119.47746276855469,122.63099670410156,122.697998046875,120.35199737548828,122.0999984741211,16952000,76.5839616144821,4.137156361726596,111.63535003662109,104.41690002441406,0.08783898335196194,5.1852647774452
2024-01-24,122.16258239746094,125.38700103759766,128.4550018310547,123.10099792480469,124.2300033569336,34805000,79.09101287313382,4.675181358277001,112.29480018615723,105.10188003540038,0.11755114369520614,6.0303892163241475
2024-01-25,119.83696746826172,123.0,128.10000610351562,122.87999725341797,128.10000610351562,36356000,71.90983807553279,4.853016456754247,112.7853500366211,105.64684005737304,0.08667800537196602,6.488594078476702
2024-01-26,117.38956451416016,120.48799896240234,122.12100219726562,120.02300262451172,121.97000122070312,25818000,65.2006190488283,4.736653371858225,113.17890014648438,106.16274002075195,0.06989177853570938,6.712674708340797
2024-01-29,118.64542388916016,121.7770004272461,122.36699676513672,120.4990005493164,121.49099731445312,21526000,66.90685833494092,4.694333084626848,113.65570030212402,106.6523600769043,0.08496007110554271,6.976052767210905
2024-01-30,117.7091293334961,120.81600189208984,122.80000305175781,120.42900085449219,121.677001953125,20683000,64.37275391628593,4.531018639294899,114.11525039672851,107.11788009643554,0.0823382028406705,7.136132600551804
2024-01-31,114.96556091308594,118.0,119.72200012207031,117.43099975585938,118.94499969482422,27400000,57.500200451392324,4.126791858662472,114.58835029602051,107.55878005981445,0.0871768211156625,7.06016434513338
2024-02-01,116.91510009765625,120.0009994506836,120.30899810791016,117.91100311279297,118.73500061035156,19411000,60.710128905748114,3.922684885758116,115.29550018310547,108.00333999633789,0.13360348309407843,6.844702354798062
2024-02-02,119.2855224609375,122.43399810791016,123.46900177001953,120.51499938964844,120.875,26689000,64.24612051686934,3.912154416557584,116.17215003967286,108.46059997558594,0.16713851124514023,6.56021219023403
2024-02-05,121.11328887939453,124.30999755859376,124.7750015258789,122.21499633789062,122.69599914550781,22045000,66.73228104474423,4.0089734704685895,117.14124984741211,108.98439987182617,0.1847171002542478,6.23530647786669
2024-02-06,119.12088775634766,122.26499938964844,127.21099853515625,121.19400024414062,126.35700225830078,25354000,61.69602202738546,3.876008790164292,117.88024978637695,109.4856999206543,0.13750754705650947,5.897319339430202
2024-02-07,122.47338104248047,125.70600128173828,125.95099639892578,122.66999816894531,123.4000015258789,25768000,66.30415601065475,4.00215902017618,118.75309982299805,110.04207992553711,0.1612670846274351,5.684851584903939
2024-02-08,124.19786834716797,127.47599792480467,129.5970001220703,126.5009994506836,126.69999694824219,29326000,68.40944032038867,4.196582334074819,119.72404975891114,110.6911198425293,0.17971069769523895,5.413728750235915
2024-02-09,125.04354095458984,128.343994140625,128.5749969482422,124.89900207519531,125.2030029296875,26293000,69.418514435906,4.370325855524385,120.64134941101074,111.36529968261719,0.16678478571207633,5.2301724144287745
2024-02-12,123.24697875976562,126.5,129.0070037841797,125.9000015258789,129.00100708007812,24778000,64.69096819914431,4.309546166176915,121.42794952392578,112.01363967895507,0.14202660135634448,4.8352068751996935
2024-02-13,121.94629669189453,125.16500091552734,125.58699798583984,122.70899963378906,123.51200103759766,31907000,61.429283089267585,4.106319460762393,122.11139945983886,112.66547973632812,0.12259631241376412,4.293110662809937
2024-02-14,122.97611236572266,126.22200012207033,127.30000305175781,124.13200378417969,126.92400360107422,27306000,63.01912499291843,3.9846196201673934,122.90414962768554,113.32991973876953,0.14365710603391135,3.376249637472304
2024-02-15,123.25379180908203,126.50700378417967,128.0,124.48500061035156,127.99500274658203,21873000,63.456512806708176,3.8665973064772885,123.50994987487793,114.01211975097657,0.10591746786614964,2.807406685245737
2024-02-16,121.34515380859375,124.5479965209961,127.56800079345703,124.23899841308594,125.90399932861328,21268000,58.348094389473616,3.5737918111501443,123.68134956359863,114.67683975219727,0.028302457865579722,2.758024179586412
2024-02-20,119.50084686279297,122.65499877929688,123.77200317382812,121.25599670410156,123.58599853515625,26329000,53.83788233069769,3.152650457226642,123.71159934997559,115.32265975952149,0.004956949712508596,2.742463871351599
2024-02-21,119.58853912353516,122.74500274658205,122.80500030517578,120.26399993896484,121.80000305175781,20579000,54.01986781177914,2.793948568127263,123.71729965209961,115.93303985595703,0.0009296674213254974,2.740217151155448
2024-02-22,127.13438415527344,130.49000549316406,131.09800720214844,127.64700317382812,128.17100524902344,40819000,66.32327659348368,3.098909431743934,123.97244987487792,116.65423995971679,0.04069803419284468,3.1157209155086276
2024-02-23,126.30327606201172,129.63699340820312,131.96200561523438,128.8820037841797,130.83700561523438,23115000,64.28308824854975,3.2344771280080664,124.30429954528809,117.18849975585937,0.0539592960016515,3.351241170311142
2024-02-26,127.54647064208984,130.91299438476562,131.87899780273438,130.14599609375,131.0,16282000,65.96946117105998,3.405620248533282,124.82554931640625,117.66219970703125,0.08652310198641722,3.5322737653540925
2024-02-27,126.28963470458984,129.6230010986328,131.19400024414062,129.2220001220703,130.91299438476562,12126000,62.744132584300445,3.397990804483655,125.21784934997558,118.07527969360352,0.06442924890463364,3.610701259058639
2024-02-28,125.62615966796875,128.94200134277344,129.8520050048828,128.2969970703125,129.3000030517578,10967000,61.04728979699699,3.2989650110487787,125.62414932250977,118.44113967895508,0.06725929780346118,3.545921020067126
2024-02-29,126.7046890258789,130.0489959716797,130.83999633789062,128.72799682617188,130.33099365234375,27536000,62.80805179443611,3.272092920936487,126.22659912109376,118.78263961791993,0.10211013535321767,3.1878904220006725
2024-03-01,136.31893920898438,139.91700744628906,140.7760009765625,132.0,132.59300231933594,44488000,74.06314518395338,4.000942279410694,127.22239952087402,119.28697982788086,0.1659653510118495,4.1162520103487426
2024-03-04,136.6199951171875,140.2259979248047,143.81700134277344,138.5189971923828,140.31500244140625,34854000,74.32514937273962,4.5510321308671,128.11199951171875,119.81233978271484,0.14531911145475407,4.878870135196392
2024-03-05,130.82205200195312,134.27499389648438,139.5,133.23699951171875,139.5,36040000,61.450236151685765,4.455426626120854,128.6102493286133,120.27707962036133,0.08016246909822033,4.977984825104751
2024-03-06,131.5283966064453,135.0,139.48300170898438,134.70599365234375,139.1580047607422,43196000,62.30689235950854,4.38758318050472,129.24699935913085,120.72249969482422,0.10415900440784509,4.9379520061605735
2024-03-07,137.082763671875,140.7010040283203,141.43099975585938,137.28900146484375,138.19900512695312,62832000,68.27666799712884,4.739209483999048,129.99674949645996,121.29255981445313,0.11928629177356864,5.480573733397726
2024-03-08,127.50655364990234,130.8719940185547,141.3000030517578,130.1580047607422,139.4250030517578,74025000,52.76150472153135,4.176611521752648,130.16654930114746,121.64621963500977,0.026640278554659558,5.450892276117873
2024-03-11,125.98666381835938,129.31199645996094,129.90199279785156,125.25599670410156,127.79299926757812,31105000,50.788849303652206,3.5637886803127685,130.21494941711427,121.98011962890625,0.007542248671763341,5.438140197432579
2024-03-12,125.86582946777344,129.18800354003906,130.7790069580078,125.9280014038086,130.6999969482422,42789000,50.62682788683732,3.0331526749708075,130.3493495941162,122.31905975341797,0.021249039842206052,5.374337206836078
2024-03-13,122.55230712890625,125.78700256347656,128.28799438476562,125.23600006103516,128.28799438476562,37838000,46.26699449314183,2.311541451287951,130.38044967651368,122.6022998046875,0.004969453468617768,5.344474287312611
2024-03-14,122.9809799194336,126.22699737548828,127.31300354003906,124.77100372314453,126.25399780273438,38029000,46.90404823260787,1.7549334809699815,130.38069953918458,122.95607971191406,3.959098582750897e-05,5.344269753762253
2024-03-15,120.37283325195312,123.5500030517578,126.73699951171875,123.00700378417969,125.34600067138672,88823000,43.52309411886753,1.0852959686458519,130.23284950256348,123.30991973876954,-0.023374205727506592,5.495830323038729
2024-03-18,120.54235076904297,123.7239990234375,126.28800201416016,123.16999816894531,125.39800262451172,25737000,43.80661858537824,0.5621631693390441,130.19164962768554,123.68637969970703,-0.006615903270830059,5.543571432877012
2024-03-19,120.61737823486328,123.8010025024414,124.0270004272461,120.4020004272461,121.69499969482422,24491000,43.94074761560326,0.15203759932589378,130.24894981384278,124.06383972167968,0.009343310379111625,5.466963454476216
2024-03-20,124.84812927246094,127.5999984741211,128.7989959716797,122.65899658203125,123.9020004272461,40946000,50.24994807166962,0.13203533452846727,130.49169960021973,124.46613967895507,0.039553510276606696,5.218364692805354
2024-03-21,131.892822265625,134.8000030517578,140.36099243164062,131.60000610351562,132.83200073242188,72468000,59.54319069583794,0.6892187077946232,130.70719947814942,124.99715972900391,0.03302933080817083,5.30653987318337
2024-03-22,132.42803955078125,135.3470001220703,137.6219940185547,134.61500549316406,135.0,38624000,60.15218766574442,1.161539137383727,130.99269981384276,125.54295974731446,0.04404612112444961,5.398733492986416
2024-03-25,132.24313354492188,135.1580047607422,135.843994140625,133.7469940185547,134.5030059814453,21237000,59.81714507908478,1.5032772897206996,131.2049503326416,126.04615982055664,0.03242619570292682,5.478294730490144
2024-03-26,130.27745056152344,133.1490020751953,137.99400329589844,133.05099487304688,136.468994140625,23522000,56.23169394147352,1.5936271687476733,131.38125038146973,126.49377990722657,0.027201969917973745,5.481440886168404
2024-03-27,129.02896118164062,131.8730010986328,135.0,129.6020050048828,135.0,25583000,54.01704877655869,1.5444638659376437,131.5278003692627,126.90131988525391,0.0227311483096011,5.451895056811471
2024-03-28,129.68255615234375,132.54100036621094,133.00900268554688,131.1529998779297,131.7899932861328,19856000,55.01587947810009,1.5416325717942811,131.65240058898925,127.34479995727538,0.01916204255105458,5.4447910500317365
2024-04-01,132.11395263671875,135.0260009765625,136.29800415039062,132.54100036621094,132.5679931640625,17252000,58.617111013932146,1.7200795259630581,131.40785026550293,127.7575,-0.03495648283932962,5.156246073537622
2024-04-02,130.98880004882812,133.87600708007812,134.23699951171875,130.34100341796875,131.57899475097656,24694000,56.368163026426444,1.748548942461639,131.0903507232666,128.01262008666993,-0.045283976856643315,4.765371519068584
2024-04-03,133.38104248046875,136.3209991455078,137.6820068359375,132.52699279785156,132.8000030517578,28650000,59.891528655289655,1.9459696592687123,131.19265098571776,128.29804000854492,0.015237425745859623,4.858389231025088
2024-04-04,128.90863037109375,131.75,140.3979949951172,131.5,138.53199768066406,27014000,51.515958684841785,1.7138296091566474,131.03015098571777,128.4804200744629,-0.024074074074074026,4.778028545715857
2024-04-05,131.05430603027344,133.9429931640625,136.1230010986328,131.4199981689453,132.60000610351562,19438000,54.78304849722622,1.6873623053854487,130.69225044250487,128.6515399169922,-0.04803100667922422,4.270075152377574
2024-04-08,130.72850036621094,133.61000061035156,134.25,131.5749969482422,133.36500549316406,17139000,54.1859705311473,1.6208331052072822,130.82915077209472,128.86373992919923,0.020921256777127528,4.319743039483134
2024-04-09,130.53086853027344,133.4080047607422,135.947998046875,130.86399841308594,135.73699951171875,17986000,53.802896148445996,1.534124426407061,131.0339511871338,129.12214004516602,0.031675392948167014,4.341072418460369
2024-04-10,129.38511657714844,132.23699951171875,133.5749969482422,131.54800415039062,132.3000030517578,17467000,51.5286067195047,1.3552938527650156,131.18640098571777,129.33134002685546,0.02360123144665449,4.32634687782305
2024-04-11,135.2645263671875,138.24600219726562,139.18699645996094,132.36500549316406,133.26800537109375,31713000,60.70728858002912,1.6790901263624107,131.80935096740723,129.679940032959,0.09904838639828317,4.404252736593191
2024-04-12,131.50833129882812,134.40699768066406,136.6510009765625,133.66200256347656,135.2010040283203,27823000,53.70969937407626,1.6073963607470034,132.218350982666,130.00807998657226,0.06480388882928656,4.235134234870264
2024-04-15,128.24229431152344,131.06900024414062,137.0,130.60000610351562,137.0,24370000,48.47733039442408,1.2666291265308303,132.59430084228515,130.2294400024414,0.06085792801828549,3.72858702664432
2024-04-16,130.03968811035156,132.906005859375,133.6320037841797,131.10000610351562,131.53799438476562,18923000,51.289719699965005,1.1317534892401966,133.05340118408202,130.4388801574707,0.07421362798173159,3.0894072525785297
2024-04-17,125.49681854248047,128.26300048828125,134.6999969482422,128.14199829101562,134.31100463867188,24718000,44.655026870079574,0.64280202313617,133.27650108337403,130.51794021606446,0.036041695104624516,2.4888159564278975
2024-04-18,123.18379974365234,125.89900207519533,129.26499938964844,125.5459976196289,128.8000030517578,24888000,41.69747143833172,0.06381394097792281,133.19145126342772,130.5906202697754,-0.013330692940962341,2.712059158838894
2024-04-19,117.87286376953125,120.47100067138672,126.0,119.75599670410156,125.89900207519531,44797000,35.82958419082796,-0.8235393857003714,132.4750011444092,130.48592025756835,-0.10629823483660705,3.8980861814875616
2024-04-22,119.8052749633789,122.4459991455078,123.31999969482422,120.05400085449219,122.44999694824219,25162000,39.1831545797795,-1.351824428487646,131.82995109558107,130.38532028198242,-0.09531796763080835,4.429073524031153
2024-04-23,122.22493743896484,124.91899871826172,125.79000091552734,122.802001953125,122.81700134277344,22025000,43.1868704210998,-1.553041240497464,131.31800079345703,130.31682037353517,-0.07575582416006832,4.612115695989652
2024-04-24,122.97148132324219,125.68199920654295,128.56199645996094,124.49600219726562,126.38999938964844,20108000,44.40298991865173,-1.6321251284428797,130.9446506500244,130.30046035766603,-0.056080051313004975,4.756075086126755
2024-04-25,126.65038299560547,129.44200134277344,130.80299377441406,125.69999694824219,127.24500274658203,30410000,50.074490757924664,-1.3755425325931583,130.82310066223144,130.38600036621094,-0.018434400791721872,4.762161089845538
2024-04-26,131.50833129882812,134.40699768066406,135.58299255371094,130.31300354003906,131.0,24100000,56.399403256269785,-0.7627724999721579,130.9164005279541,130.54970031738281,0.014078642150710863,4.815569200733769
2024-04-29,130.9750518798828,133.86199951171875,135.29800415039062,132.57000732421875,134.4080047607422,13372000,55.56723414275519,-0.3174650918804218,130.85820045471192,130.6968002319336,-0.008620572752101263,4.7701065880704165
2024-04-30,127.22278594970703,130.02699279785156,134.8350067138672,129.90499877929688,132.88800048828125,22113000,49.97893263724925,-0.27088614713832726,130.66574974060057,130.8063801574707,-0.02875059068593422,4.719318774228817
2024-05-01,121.6055908203125,124.28600311279295,129.23699951171875,124.13500213623047,127.83300018310547,30958000,43.006276980106,-0.6892763374204378,130.06399993896486,130.83900024414064,-0.08828424166601667,4.727549097359403
2024-05-02,121.18583679199219,123.85700225830078,126.44499969482422,122.33100128173828,125.62799835205078,29480000,42.528802168370625,-1.0434422089408883,129.6693500518799,130.861240234375,-0.059908901265269265,4.905496070334976
2024-05-03,125.05457305908203,127.81099700927734,128.38800048828125,124.71399688720703,125.9000015258789,24898000,48.233469123574686,-0.9936131286133048,129.3627502441406,130.80766006469727,-0.04578064152466921,4.815125969625607
2024-05-06,128.20513916015625,131.031005859375,131.07699584960938,127.50700378417969,128.6219940185547,16287000,52.37903567792407,-0.6863832214700665,129.2338005065918,130.8355403137207,-0.019302408047266684,4.7291631861978995
2024-05-07,127.50066375732422,130.31100463867188,131.8990020751953,129.67599487304688,131.6439971923828,12413000,51.388071399368215,-0.49528999306383525,129.07895050048828,130.82350051879882,-0.02321449996665914,4.635058175363623
2024-05-08,129.6786651611328,132.53700256347656,133.79100036621094,128.8489990234375,129.35000610351562,13918000,54.268718630579365,-0.16235626178607276,129.09395065307618,130.8817805480957,0.002268677093896221,4.646288116179967
2024-05-09,127.75115966796875,130.56700134277344,132.16099548339844,130.1999969482422,131.7830047607422,12170000,51.367616210112644,-0.05681162654718719,128.71000061035156,130.9142805480957,-0.05554591621054539,4.1398789079246034
2024-05-10,130.40562438964844,133.27999877929688,134.39999389648438,131.531005859375,131.531005859375,16300000,54.94010779154403,0.24294891310961475,128.6536506652832,130.97890060424805,-0.008384971919727091,4.065250373542306
2024-05-13,130.86648559570312,133.75100708007812,135.83900451660156,133.01100158691406,134.8000030517578,18507000,55.5505934754575,0.5126086999331392,128.7877510070801,130.85558059692383,0.02046255659951446,4.191397343871793
2024-05-14,135.0267791748047,138.0030059814453,138.19900512695312,132.5800018310547,133.23399353027344,19420000,60.723844710438556,1.057229713651111,129.0426010131836,130.81112075805663,0.03835041230163316,4.590896901775973
2024-05-15,140.5196990966797,143.61700439453125,143.89500427246094,136.9980010986328,138.0,32757000,66.30062213758963,1.9197192164552632,129.8103012084961,130.99796096801757,0.11970719418537867,5.621708571703569
2024-05-16,138.1675262451172,141.21299743652344,144.5399932861328,140.50599670410156,142.60000610351562,28395000,62.226114419754474,2.3818090785096615,130.5760009765625,131.12222091674803,0.12163714651353286,6.084777536478844
2024-05-17,136.51986694335938,139.5290069580078,141.9530029296875,138.17799377441406,141.24200439453125,18174000,59.46910931777441,2.5823667490295747,131.52890129089354,131.0987809753418,0.15819579965643626,5.90873902504392
2024-05-20,138.35342407226562,141.4029998779297,141.69400024414062,139.3159942626953,139.60000610351562,27170000,61.51270632416002,2.859562458871892,132.47675132751465,131.3094010925293,0.15481927433083764,5.895498095741165
2024-05-21,136.90243530273438,139.9199981689453,140.93899536132812,139.3459930419922,139.8679962158203,15333000,58.97839228694067,2.92584884781661,133.22680130004883,131.52156112670897,0.12008581244328065,5.837320302450855
2024-05-22,136.22145080566406,139.2239990234375,140.5,138.4219970703125,139.6009979248047,21002000,57.775325510402844,2.888918322159384,133.90390129089354,131.72228103637696,0.10774812544666745,5.6998841719805915
2024-05-23,136.3241729736328,139.32899475097656,142.89999389648438,137.8000030517578,142.84300231933594,31039000,57.914793285491264,2.835437731067401,134.39825096130372,131.99312088012695,0.07638164819486626,5.721245575998708
2024-05-24,137.74778747558594,140.78399658203125,141.35800170898438,139.20199584960938,139.97900390625,16730000,59.89183985285531,2.877292824500387,134.71710090637208,132.28426086425782,0.04744543819450686,5.89676420079133
2024-05-28,138.19886779785156,141.2449951171875,141.71800231933594,139.25399780273438,141.0,22919000,60.52459361016489,2.9140704267238675,135.0862506866455,132.6381607055664,0.05515378249540048,6.068995867616994
2024-05-29,136.06781005859375,139.06700134277344,139.91000366210938,138.3000030517578,139.91000366210938,26861000,56.02737461177969,2.7359329145328672,135.5382511138916,132.94502075195314,0.06952409150133976,6.008702914843896
2024-05-30,133.46615600585938,136.4080047607422,138.2779998779297,135.56399536132812,137.89999389648438,21717000,51.0410810112282,2.3530740774743606,136.14435119628905,133.19716079711915,0.09753311993586422,5.39386563747996
2024-05-31,129.9897918701172,132.85499572753906,136.2550048828125,130.7259979248047,136.13600158691406,73091000,45.24645574087516,1.7428668711191904,136.59425086975097,133.3022607421875,0.07264824196595021,4.637232982472278
2024-06-03,129.33914184570312,132.19000244140625,135.3000030517578,130.2530059814453,135.27000427246094,26278000,44.23424772933916,1.1918746738432162,136.8132011413574,133.25006072998048,0.0342615700886133,4.291164339315008
2024-06-04,130.21189880371094,133.08200073242188,133.19900512695312,130.7010040283203,132.0399932861328,23048000,45.97995566500595,0.8177595718551061,136.91575088500977,133.2047607421875,0.01565274462784827,4.168462303683428
2024-06-05,138.261474609375,141.3090057373047,141.43499755859375,134.0540008544922,134.60000610351562,32947000,58.792664952919765,1.1716155513495892,137.4656509399414,133.32778076171874,0.0843980992175466,3.9721112997722337
2024-06-06,137.10496520996094,140.1269989013672,142.2689971923828,138.82400512695312,142.18699645996094,20172000,56.71143724099399,1.3412102543391597,137.84515075683595,133.4673406982422,0.05726699858219231,3.8367097424628853
2024-06-07,137.63038635253906,140.66400146484375,142.5,139.70199584960938,140.7779998779297,17859000,57.44841311135551,1.5016369611257971,138.35000076293946,133.6431607055664,0.07733194465853566,3.475958642156344
2024-06-10,140.94041442871094,144.0469970703125,144.90499877929688,140.91299438476562,140.97999572753906,31042000,61.854319147830694,1.8800833243022907,138.88835067749022,133.87328063964844,0.08078480184296133,3.4831769781395923
2024-06-11,142.9520721435547,146.10299682617188,146.50100708007812,141.6230010986328,143.82000732421875,34844000,64.27531573650182,2.319172810742174,139.5059501647949,134.09482055664063,0.09235062984384479,3.6168331061581194
2024-06-12,146.32571411132812,149.55099487304688,150.5800018310547,147.63999938964844,150.0,56697000,67.94913052402006,2.911813445615394,140.083349609375,134.4083203125,0.08367925618340655,4.233478302634808
2024-06-13,164.2780303955078,167.8990020751953,173.5850067138672,165.2519989013672,171.0,89061000,79.83366905336938,4.806608666321438,141.2974494934082,135.03988037109374,0.1690746703918069,7.512331853374094
2024-06-14,169.7621612548828,173.50399780273438,174.7239990234375,168.2100067138672,168.68600463867188,69705000,82.0262348614591,6.683480835552103,142.91199951171876,135.87496032714844,0.22866875537236608,10.405936196147794
2024-06-17,178.94277954101562,182.88699340820312,184.3000030517578,177.85800170898438,180.0,87528000,84.9718850221806,8.826300778997535,145.07989883422852,136.85384033203124,0.3107453238253475,13.66891672295483
2024-06-18,176.36459350585938,180.2519989013672,185.16200256347656,178.50100708007812,183.95899963378906,86797000,80.95923410391288,10.194364696775608,147.0223487854004,137.78668029785158,0.2747395674559596,15.724672541388818
2024-06-20,169.7151641845703,173.45599365234375,180.47500610351562,172.2220001220703,180.3459930419922,68157000,71.57161196430235,10.607903077485616,148.69914855957032,138.5876400756836,0.23967978789497746,16.686115014339787
2024-06-21,162.28591918945312,165.86300659179688,171.39999389648438,165.14199829101562,169.5659942626953,99289000,62.8086255770476,10.205304230448547,150.03109893798828,139.26016021728515,0.19133919263355503,16.95107507655757
2024-06-24,156.2818145751953,159.2209930419922,166.10000610351562,159.0659942626953,164.2050018310547,58575000,56.3133915538482,9.24373078528751,151.02569885253905,139.67966003417968,0.1427699835670866,16.87348358657733
2024-06-25,155.160888671875,158.07899475097656,160.60400390625,156.39999389648438,160.01300048828125,53329000,55.255355968930196,8.293920036829206,151.89044876098632,140.15309997558595,0.12284775676806392,16.76380058046974
2024-06-26,156.26121520996094,159.1999969482422,161.8179931640625,157.35899353027344,159.76199340820312,46479000,56.126749035515886,7.544673385974761,152.78819885253907,140.71571990966797,0.12711956141283354,16.644044129982483
2024-06-27,155.73709106445312,158.66600036621094,160.56199645996094,157.10000610351562,159.1999969482422,31649000,55.57155816815134,6.829079577354378,153.76814880371094,141.2309197998047,0.1409320603320534,16.36834420203791
2024-06-28,157.58926391601562,160.55299377441406,163.92300415039062,158.60000610351562,159.58799743652344,69377000,57.18332406671583,6.3411342774958825,154.97539825439452,141.87671966552733,0.17700566074565693,15.904388076667642
2024-07-01,161.0511474609375,164.0800018310547,164.875,159.35000610351562,160.82000732421875,47623000,60.097162155545796,6.167934080957082,156.53664855957032,142.64033966064454,0.23503072603722264,15.132525426346598
2024-07-02,162.68832397460938,165.7480010986328,165.9199981689453,162.1999969482422,164.0800018310547,32539000,61.43385845641543,6.0950058448322295,158.21454849243165,143.54587966918945,0.2538618506501751,14.117283294084597
2024-07-03,169.72991943359375,172.9219970703125,172.9219970703125,166.4459991455078,167.0,39954000,66.6140173624303,6.5406941607677425,160.20654830932617,144.55539962768555,0.2993642725434671,13.162864201699064
2024-07-05,167.18673706054688,170.33099365234375,176.5469970703125,169.60000610351562,175.55599975585938,45240000,63.30668380991783,6.608652606739469,161.65764770507812,145.4636395263672,0.2053796059466395,12.555628586772082
2024-07-08,171.36322021484375,174.58599853515625,175.69000244140625,170.5,170.5,36398000,66.26854189547879,6.926014711964598,163.38059768676757,146.44171951293944,0.24591263570872668,11.786331645416471
2024-07-09,170.13137817382812,173.33099365234375,177.09800720214844,170.55599975585938,175.656005859375,37802000,64.6119327629872,6.995616943788775,165.0139472961426,147.31949935913087,0.23223420240653736,10.68457982941598
2024-07-10,171.2483673095703,174.468994140625,176.6490020751953,172.63600158691406,174.60000610351562,41074000,65.45522238129539,7.061207142217199,166.5350471496582,148.12073928833007,0.2111949411584253,9.658796618582603
2024-07-11,167.4458770751953,170.59500122070312,176.48699951171875,166.85000610351562,176.46600341796875,51026000,60.19636676497368,6.723089405012445,167.75964736938477,148.85539932250975,0.1676351952155435,8.402932830544293
2024-07-12,166.92762756347656,170.06700134277344,172.59100341796875,169.13099670410156,171.10299682617188,30453000,59.49477344959627,6.339446294091147,168.7854476928711,149.6561994934082,0.13718401864957497,7.234056347331485
2024-07-15,168.25564575195312,171.4199981689453,173.50999450683594,169.25999450683594,170.0,22999200,60.756965341276576,6.074558175723865,168.96149749755858,150.59887939453125,0.020970917338585915,7.254164151474614
2024-07-16,166.25331115722656,169.3800048828125,172.80999755859375,166.39999389648438,172.39999389648438,22244900,57.830855781186024,5.635064508300474,168.7552978515625,151.5093394470215,-0.023768863957882136,7.17644365349161
2024-07-17,153.1006622314453,155.97999572753906,162.83999633789062,155.61000061035156,162.30999755859375,43343400,43.13524051536268,4.157568004248361,167.4099479675293,152.07271942138672,-0.14712362634016152,6.904726548829835
2024-07-18,157.55685424804688,160.52000427246094,161.50999450683594,153.89999389648438,158.88999938964844,37973500,47.960264673295605,3.3147715046087285,166.423348236084,152.66249938964845,-0.10946893653980216,6.36154233574631
2024-07-19,154.44537353515625,157.35000610351562,163.9499969482422,157.1199951171875,161.83999633789062,26309500,45.08377024051427,2.363808336090756,165.61804885864257,153.2032794189453,-0.09285345066316475,6.4433257637488675
2024-07-22,158.08689880371094,161.05999755859375,162.99000549316406,157.89999389648438,160.22999572753906,28813300,48.943290872185614,1.8877674701516582,165.3778984069824,153.77373931884765,-0.028957687020733536,6.522733014668175
2024-07-23,160.7468719482422,163.77000427246094,165.3300018310547,159.89999389648438,160.39999389648438,21570200,51.6181286988434,1.7094708319021663,165.60534896850587,154.4377993774414,0.028570423683194957,6.374364935748247
2024-07-24,148.5463104248047,151.33999633789062,161.41000366210938,151.10000610351562,160.35000610351562,37162600,41.006480257932736,0.5587309999528998,165.26839904785157,154.7989993286133,-0.042630574819266465,6.945659800552994
2024-07-25,146.5047149658203,149.25999450683594,153.5500030517578,145.52000427246094,151.25999450683594,30872100,39.54156843513003,-0.5151391682960309,164.77139892578126,155.10917907714844,-0.062437202461994135,7.715687849115718
2024-07-26,148.8309783935547,151.6300048828125,153.5800018310547,149.9199981689453,153.5,20839900,42.080522474958464,-1.161559251110674,164.41959915161132,155.38171905517578,-0.044344695569050185,8.156527979458499
2024-07-29,147.44699096679688,150.22000122070312,155.0,149.14999389648438,152.02000427246094,16625800,40.97796057765388,-1.7672555140982809,163.90294952392577,155.5137789916992,-0.06435876597996903,8.721991058344017
2024-07-30,140.87066650390625,143.52000427246094,153.47000122070312,143.35000610351562,153.27999877929688,31102300,36.133249089672375,-2.7561368953403758,162.87494964599608,155.55991912841796,-0.1253047131225864,9.84000124903477
2024-07-31,157.71388244628906,160.67999267578125,161.3300018310547,151.0,151.47000122070312,45827500,51.838493803076524,-2.130604579007752,162.6215492248535,155.98293884277345,-0.030576588491318835,9.827367916133635
2024-08-01,144.30609130859375,147.02000427246094,158.91000366210938,146.1699981689453,157.5,40320000,42.813127054531556,-2.705920447912206,161.32644958496093,156.09527893066405,-0.1497900396519215,10.101405218976918
2024-08-02,141.16513061523438,143.82000732421875,145.35000610351562,139.60000610351562,141.92999267578125,33745800,41.01174969828279,-3.381100210612658,160.0009002685547,156.17327911376952,-0.15564393631282158,10.585445438565923
2024-08-05,139.45724487304688,142.0800018310547,145.4199981689453,128.5,129.61000061035156,41309300,40.02558117890082,-4.0103600046547285,158.3756004333496,156.23039916992187,-0.1861890241877321,10.7227818606698
2024-08-06,141.2633056640625,143.9199981689453,148.91000366210938,140.25,141.72999572753906,24751300,41.62413473231478,-4.310887371839954,156.9050506591797,156.32221923828126,-0.16968111047923218,10.5796062097752
2024-08-07,133.7545166015625,136.27000427246094,150.10000610351562,135.8300018310547,148.25,29749800,37.18628357422142,-5.107472288051184,154.99510116577147,156.23193939208986,-0.21894428896274265,10.689365524324158
2024-08-08,143.0496826171875,145.74000549316406,146.27000427246094,138.39999389648438,141.1999969482422,27583200,45.00324877935385,-4.917930774165711,153.75235137939453,156.32183959960938,-0.14569592045304725,10.214539545729195
2024-08-09,145.52316284179688,148.25999450683594,149.5500030517578,144.11000061035156,144.1999969482422,18438700,46.897055224391984,-4.512360028302481,152.66200103759766,156.50569946289062,-0.12822597366778432,9.521776834750058
2024-08-12,145.8765106201172,148.6199951171875,151.1300048828125,146.3699951171875,148.0800018310547,17778500,47.176896480478625,-4.114464266720063,151.52200088500976,156.74993927001952,-0.13300666955606288,8.46386684133094
2024-08-13,153.27734375,156.16000366210938,156.3800048828125,149.80999755859375,151.5500030517578,22053600,52.78858362075707,-3.1543519283728756,150.86100082397462,157.21603942871093,-0.07804936143347929,7.451485678810778
2024-08-14,154.77911376953125,157.69000244140625,160.25,154.72000122070312,158.02000427246094,20184200,53.85974150712496,-2.2441289466655405,150.94650115966797,157.72603942871095,0.010962987310591865,7.522783239596101
2024-08-15,163.0633087158203,166.1300048828125,166.6699981689453,160.33999633789062,161.1999969482422,27945000,59.340099654261316,-0.8321406158519835,151.22700119018555,158.38699951171876,0.034948918895051584,7.988696961947294
2024-08-16,162.66085815429688,165.72000122070312,166.08999633789062,162.67999267578125,164.47000122070312,19296900,58.97364794013623,0.2508942869914961,151.64550094604493,158.87521942138673,0.05319348454096118,8.527414995640223
2024-08-19,164.6141357421875,167.7100067138672,167.8300018310547,160.4199981689453,164.86000061035156,20441700,60.256526450861685,1.2553135888222187,151.9780014038086,159.42687957763673,0.04128901810553032,9.028737137484274
2024-08-20,162.88661193847656,165.9499969482422,168.3699951171875,164.14999389648438,167.0500030517578,19417500,58.51381093560101,1.8875465808754086,152.08700103759764,159.93259948730469,0.013311306215480379,9.190302386337262
2024-08-21,162.71974182128906,165.77999877929688,166.47000122070312,162.8800048828125,165.1199951171875,16097700,58.33830570418099,2.347814209823156,152.80900115966796,160.36725952148439,0.09541431737031791,9.682556178106061
2024-08-22,159.34326171875,162.33999633789062,172.4199981689453,161.49000549316406,170.83999633789062,30044500,54.75909601206293,2.4072508843586604,153.4630012512207,160.69199951171876,0.08763233493523703,9.870146607911995
2024-08-23,163.28907775878906,166.36000061035156,168.27999877929688,163.4600067138672,165.02999877929688,18848000,58.00186342163303,2.7470691225032056,154.19950103759766,161.02817962646483,0.09714433326651384,10.267732197848643
2024-08-26,156.67347717285156,159.6199951171875,165.6999969482422,158.66000366210938,164.9600067138672,18521200,51.35542111390606,2.444338595982259,154.66950073242188,160.8625994873047,0.06257484902209476,10.29109862750463
2024-08-27,158.4108123779297,161.38999938964844,162.02999877929688,155.8300018310547,157.60000610351562,16683100,52.88238695485538,2.3204977710583705,155.56300048828126,160.62031951904297,0.12451222537077666,10.044937197876076
2024-08-28,155.26007080078125,158.17999267578125,162.27999877929688,156.25,160.0800018310547,18063600,49.82759850728833,1.940958153033904,155.43800048828126,160.12617950439454,-0.015558875491390345,9.993332097845396
2024-08-29,154.03314208984375,156.92999267578125,163.1999969482422,155.41000366210938,158.49000549316406,23519300,48.649087762273076,1.5217637724958308,155.93349990844726,159.6597393798828,0.06740571429283104,9.797744178687294
2024-08-30,159.81442260742188,162.82000732421875,163.24000549316406,158.7100067138672,161.1199951171875,25158500,54.1518013934889,1.6458518078756015,156.88349990844728,159.44701965332033,0.1321095746933707,9.477278397437937
2024-09-03,149.9695587158203,152.7899932861328,160.74000549316406,151.3800048828125,160.3800048828125,37179100,45.2578882467386,0.9242005526947423,157.41899948120118,159.18555938720704,0.07538000645448495,8.880597881483295
2024-09-04,151.27503967285156,154.1199951171875,157.7899932861328,149.14999389648438,150.3000030517578,20324100,46.51238231513118,0.4543690822788733,157.9289993286133,159.08353942871094,0.07087268675662828,8.341064403861035
2024-09-05,149.9989776611328,152.82000732421875,156.36000061035156,150.11000061035156,150.57000732421875,31548500,45.41682388840554,-0.02261322226988227,158.75649948120116,158.97835968017577,0.1214500809632868,6.74805373424801
2024-09-06,134.4710235595703,137.0,143.5,136.60000610351562,143.25,76634600,34.7041014428012,-1.6580544927540757,158.31949920654296,158.53435974121095,-0.05996984468052602,7.831398086984095
2024-09-09,138.2205352783203,140.82000732421875,141.58999633789062,134.89999389648438,139.11000061035156,39516700,38.477717667342155,-2.615757986583162,157.9474998474121,158.17743988037108,-0.050182027912284544,8.483904373055244
2024-09-10,145.47412109375,148.2100067138672,149.86000061035156,141.0399932861328,141.22000122070312,36067500,45.08914085848093,-2.7467706530974567,157.9270004272461,157.93058013916016,-0.002758635559078293,8.508089210679387
2024-09-11,155.348388671875,158.27000427246094,158.8699951171875,145.0399932861328,148.38999938964844,39700800,52.56259833242389,-2.015606747223984,158.03250045776366,157.8143801879883,0.013511786378521462,8.498101420353736
2024-09-12,161.52227783203125,164.55999755859375,166.32000732421875,156.8300018310547,158.10000610351562,43530700,56.54495810010042,-0.9180218095720818,158.37600021362306,157.7906201171875,0.04356645957780492,8.62147837831215
2024-09-13,164.59449768066406,167.69000244140625,168.0800018310547,164.0399932861328,166.74000549316406,29850000,58.41576033669771,0.20205819558833582,158.45400009155273,157.68598022460938,0.009390221589978154,8.702003001718905
2024-09-16,160.99224853515625,164.02000427246094,165.5,160.41000366210938,165.19000244140625,26126900,55.40390834826397,0.7845477109908927,158.36900024414064,157.55976043701173,-0.01025824846560408,8.6353417000275
2024-09-17,159.47085571289062,162.47000122070312,166.02000427246094,160.6999969482422,165.49000549316406,19844300,54.134420715023225,1.1083264586903852,158.10699996948242,157.31744049072265,-0.03124444149658956,8.413661583251985
2024-09-18,158.6856231689453,161.6699981689453,167.47000122070312,161.36000061035156,163.77000427246094,26557600,53.45363708083361,1.2855508585005566,157.89300003051758,157.0842205810547,-0.02579089399219303,8.256642488882946
2024-09-19,164.86996459960938,167.4199981689453,170.0,165.66000366210938,167.67999267578125,32453100,57.58259618336985,1.8684411904487206,157.975,156.9432406616211,0.009892625176284309,8.34674605038197
2024-09-20,168.4939422607422,171.10000610351562,172.02000427246094,166.47000122070312,167.17999267578125,91758500,60.026545022739846,2.5973907593715637,158.41300048828126,156.95334075927735,0.05396088433679713,8.805114920779696
2024-09-23,170.305908203125,172.94000244140625,173.32000732421875,168.35000610351562,172.0,29431100,61.22937358285716,3.2856855339506126,158.74200057983398,157.01080078125,0.03955278797134887,9.230342070971226
2024-09-24,172.17697143554688,174.83999633789062,175.99000549316406,171.67999267578125,172.80999755859375,34223400,62.48471043483069,3.939070576614398,159.50300064086915,157.0792007446289,0.09535147028120838,9.908999767241275
2024-09-25,172.84658813476562,175.52000427246094,177.13999938964844,173.75999450683594,174.64999389648438,16613800,62.94711903136513,4.46033788884813,160.20950088500976,157.20200073242188,0.0875519235160167,10.534599736391662
2024-09-26,175.37745666503906,178.08999633789062,180.25,175.0,178.5,24340000,64.7171611597838,5.022921755346488,161.20500106811522,157.6442007446289,0.1258692918447566,11.249212469023853
2024-09-27,170.0596923828125,172.69000244140625,178.47000122070312,171.75999450683594,178.1699981689453,20580900,58.40395398110488,4.975682573477826,161.99300155639648,157.88760070800782,0.10042700886493594,11.48353857688872
2024-09-30,169.87258911132812,172.5,172.9199981689453,169.6300048828125,171.8699951171875,16902000,58.18886356763417,4.866811993229504,162.47700119018555,158.1906005859375,0.05945210809692303,11.721750972881356
2024-10-01,164.91921997070312,167.47000122070312,172.25,165.8000030517578,172.16000366210938,23770400,52.65980220917551,4.32479882125935,163.21100158691405,158.3188006591797,0.09607964251349088,11.54147273977923
2024-10-02,168.06065368652344,170.66000366210938,172.83999633789062,167.02000427246094,167.5500030517578,14317800,55.544777771805926,4.105332299272305,164.03800201416016,158.45660064697265,0.10731903107280427,11.447980530272869
2024-10-03,169.27188110351562,171.88999938964844,174.94000244140625,169.19000244140625,169.6199951171875,13072300,56.641960539062,3.984720497641433,164.99150161743165,158.8676007080078,0.12478727359940067,11.257035541013016
2024-10-04,173.9495391845703,176.63999938964844,176.89999389648438,172.60000610351562,176.3000030517578,17921400,60.678093364186864,4.223731530578618,166.97350158691407,159.41520080566406,0.28934306123830966,9.406864778422737
2024-10-07,172.41331481933594,175.0800018310547,178.30999755859375,173.86000061035156,174.82000732421875,15588300,58.74401342390872,4.238412944523844,168.68650131225587,159.8842007446289,0.2432892538342013,7.270400398407354
2024-10-08,177.97723388671875,180.72999572753903,181.60000610351562,174.88999938964844,175.4199981689453,20774200,63.3059279831323,4.652326238422432,170.31250076293946,160.4944006347656,0.21941830875464863,5.970088421855684
2024-10-09,183.11773681640625,185.9499969482422,186.4199981689453,176.4199981689453,179.24000549316406,25504100,66.94284169140843,5.340009671607959,171.6965003967285,161.34300048828126,0.1748909580373188,6.234022208504171
2024-10-10,182.8616943359375,185.69000244140625,186.30999755859375,182.52999877929688,183.55999755859375,16318000,66.58883071508694,5.797197874594218,172.75300064086915,161.84320068359375,0.1284030456751124,6.731552555824246
2024-10-11,178.71583557128906,181.47999572753903,182.58999633789062,177.39999389648438,181.13999938964844,23070000,60.96660953297302,5.753487835661332,173.44250030517577,162.53240051269532,0.08223503539485755,6.890040459578989
2024-10-14,179.53318786621094,182.30999755859372,184.9499969482422,180.1300048828125,183.3000030517578,17195800,61.65400629219416,5.719886237998509,174.35699996948242,163.3022003173828,0.11151074752900536,6.7866097903793525
2024-10-15,173.2996063232422,175.97999572753906,181.6999969482422,173.3699951171875,180.7899932861328,27657500,53.86335017506716,5.123418900167167,175.03249969482422,163.9802001953125,0.08315377857653639,6.187043996547347
2024-10-16,174.12681579589844,176.82000732421875,179.25,175.3300018310547,178.50999450683594,15285100,54.68172494687203,4.664724117269003,175.79000015258788,164.63820037841796,0.09370946574417394,5.333475969931135
2024-10-17,178.7650604248047,181.52999877929688,185.50999450683594,180.69000244140625,181.3699951171875,25232400,59.066110255160176,4.627914427742297,176.49550018310546,165.54340026855468,0.08427906322226209,5.095970532438045
2024-10-18,177.15003967285156,179.88999938964844,182.7100067138672,178.67999267578125,182.32000732421875,17835200,56.998323839688744,4.41550899970531,176.93499984741212,166.22640014648437,0.05137342473743023,4.98396094372993
2024-10-21,177.24851989746094,179.99000549316406,181.72000122070312,178.25,179.3800048828125,13695100,57.09695699037934,4.20675299454706,177.2875,166.86100036621093,0.04076560051019085,4.935613837758423
2024-10-22,176.6478271484375,179.3800048828125,180.69000244140625,177.41000366210938,178.66000366210938,12062600,56.24944815479716,3.9465964974343706,177.5145004272461,167.47620056152343,0.02596664744917976,4.9215055130418985
2024-10-23,170.86721801757812,173.50999450683594,178.97999572753906,172.57000732421875,177.58999633789062,19513700,48.750450949865595,3.2295317873971214,177.41399993896485,167.82320037841797,-0.011451741776993374,4.98449786087027
2024-10-24,168.74012756347656,171.35000610351562,174.3000030517578,169.5,174.25999450683594,20485200,46.304191773929304,2.4586184036284635,177.0770004272461,168.09640045166014,-0.03784597884761143,5.161103698070058
2024-10-25,170.36497497558594,173.0,176.8000030517578,172.72000122070312,174.19000244140625,19977700,48.432881180747586,1.9582314376759484,177.09250030517578,168.2338003540039,0.0017951100481277127,5.14768324227972
2024-10-28,169.39991760253906,172.02000427246094,173.97000122070312,171.35000610351562,173.0,13195800,47.2351382023351,1.4656980423518746,177.06850051879883,168.35980041503908,-0.0027825839277626496,5.171286359606776
2024-10-29,176.5099334716797,179.24000549316406,180.22999572753906,171.2100067138672,172.44000244140625,23702300,55.8899670276376,1.639061456301107,177.65700073242186,168.590400390625,0.07028126940149493,4.666563283489937
2024-10-30,173.9495391845703,176.63999938964844,179.19000244140625,175.6199951171875,177.47000122070312,17911500,52.54735249162008,1.5488008355386853,177.95600051879882,168.80420043945313,0.035040405480002645,4.377260324267274
2024-10-31,167.1842041015625,169.77000427246094,174.4499969482422,167.3800048828125,174.4499969482422,26086600,44.9051981355857,0.9123998744757955,177.85000076293946,168.8840005493164,-0.012333440716244315,4.553987245798677
2024-11-01,166.3471221923828,168.9199981689453,171.3300018310547,167.5,168.25999450683594,17847000,44.05155469957924,0.33559065883864037,177.4640007019043,169.0156005859375,-0.04370471720662572,4.970111292442555
2024-11-04,165.98275756835938,168.5500030517578,172.4499969482422,168.4199981689453,169.27999877929688,13621300,43.66246763126936,-0.14966506827477133,177.13750076293945,169.05940063476564,-0.0372972281871351,5.335984978938842
2024-11-05,171.2512664794922,173.89999389648438,174.39999389648438,170.0500030517578,170.0500030517578,13441800,50.47421667069104,-0.10136569799203698,176.7960006713867,169.34500061035158,-0.037791191238400135,5.312472724897496
2024-11-06,176.81521606445312,179.5500030517578,180.2100067138672,175.9600067138672,179.6300048828125,24300800,56.46132144389167,0.38834383467855105,176.4760009765625,169.70820068359376,-0.0344178220033301,4.909528049906041
2024-11-07,181.01031494140625,183.80999755859372,184.8699951171875,181.7899932861328,181.99000549316406,18970600,60.3530281139197,1.107422445325568,176.3820007324219,170.22080078125,-0.010124427045585027,4.738858455347785
2024-11-08,180.84292602539062,183.63999938964844,185.0500030517578,181.8300018310547,182.99000549316406,13503200,60.12207771135452,1.644621816881596,176.49000091552733,170.75500091552735,0.011902158435975974,4.883562765913135
2024-11-11,176.18496704101562,178.91000366210938,183.6300048828125,176.82000732421875,183.39999389648438,17036700,53.93747944488679,1.669440789928018,176.32000122070312,171.07680084228517,-0.018649519730214448,4.726969513930861
2024-11-12,173.53594970703125,176.22000122070312,179.55999755859375,173.1999969482422,178.89999389648438,15862000,50.74071452036608,1.4552737986706745,176.33200149536134,171.54540100097657,0.0013638225877425914,4.726365528438284
2024-11-13,170.9361572265625,173.5800018310547,175.58999633789062,172.60000610351562,174.7100067138672,17472500,47.74964805034295,1.0602965886974118,176.1700012207031,171.9346011352539,-0.01832374934372194,4.76413443700533
2024-11-14,167.78492736816406,170.3800048828125,175.57000732421875,169.8699951171875,174.77000427246094,20638900,44.33791404651016,0.4834879458250043,175.6125015258789,172.28580108642578,-0.0614223212221825,4.756275230590321
2024-11-15,162.3292694091797,164.83999633789062,169.13999938964844,163.42999267578125,168.47000122070312,20836200,39.12580144458385,-0.4158754952890149,174.86000137329103,172.84260101318358,-0.08366225528279059,5.212564162276796
2024-11-18,163.14663696289062,165.6699981689453,166.35000610351562,162.22000122070312,165.66000366210938,17856900,40.25889324228125,-1.0495546777838172,174.14400100708008,173.33960083007813,-0.07956001381844846,5.448958200324934
2024-11-19,162.83151245117188,165.35000610351562,166.8000030517578,164.30999755859375,166.66000366210938,18003400,39.95015166808272,-1.5595926672623364,173.44250106811523,173.6824008178711,-0.07821383876348176,5.6391877466564
2024-11-20,160.76348876953125,163.25,165.5399932861328,160.86000061035156,165.5399932861328,17196700,37.89617865780318,-2.108943799273675,172.92950134277345,173.78200073242186,-0.05913200871222268,6.082016107448498
2024-11-21,161.44297790527344,163.94000244140625,166.33999633789062,160.60000610351562,166.25,24835300,39.0058120251631,-2.4602706304607125,172.55900115966796,173.76960083007813,-0.043244840374460525,6.400651102847253
2024-11-22,161.7285614013672,164.22999572753906,164.91000366210938,162.39999389648438,164.3000030517578,17332500,39.495110269040474,-2.6843560550842653,172.12050094604493,173.7004006958008,-0.0506936663148031,6.6638481021084885
2024-11-25,162.3095703125,164.82000732421875,167.22999572753906,162.88999938964844,165.39999389648438,26850600,40.54022921738265,-2.7822641543552606,171.7605010986328,173.71640075683592,-0.041855579405975285,6.861124922227097
2024-11-26,162.2307891845703,164.74000549316406,166.3699951171875,162.69000244140625,164.60000610351562,16308800,40.43823126291462,-2.833647977579261,171.0355010986328,173.76180084228517,-0.08089711869905636,6.794957655761718
2024-11-27,157.23800659179688,159.6699981689453,163.1999969482422,157.5399932861328,163.1999969482422,19722700,34.51211485206056,-3.246058702805499,170.18700103759767,173.72180084228515,-0.09607111231510579,7.110491692257157
2024-11-29,159.61131286621094,162.0800018310547,162.69000244140625,159.0800018310547,159.57000732421875,11024000,39.082119194255185,-3.3399293925118627,169.80250091552733,173.61500091552733,-0.045296590963529115,7.338490784762413
2024-12-02,163.97381591796875,166.50999450683594,168.3800048828125,162.75,162.9499969482422,21472400,46.47602622228989,-3.02202320213388,169.68200073242187,173.52320068359376,-0.014267130524705629,7.373447649055195
2024-12-03,165.5888671875,168.14999389648438,168.27000427246094,164.02999877929688,164.47999572753906,17024400,48.94649909053638,-2.6076862275679673,169.6620002746582,173.4274005126953,-0.0023732373066205348,7.377221343482385
2024-12-04,167.962158203125,170.55999755859375,175.38999938964844,168.55999755859375,173.44000244140625,32748200,52.42184498681323,-2.061095015445545,169.49500045776367,173.34180053710938,-0.019206420098431876,7.313766869729732
2024-12-05,167.87351989746094,170.47000122070312,172.39999389648438,169.1999969482422,170.75,18490000,52.27872860668871,-1.6165449700481247,169.04100036621094,173.2408004760742,-0.05057088096198614,6.92842261356217
2024-12-06,176.79551696777344,179.52999877929688,180.67999267578125,169.3300018310547,170.10000610351562,27830800,63.17751346241328,-0.5270937620563245,168.8270004272461,173.26960052490233,-0.023284907437814972,6.501164464495016
2024-12-09,176.21450805664062,178.94000244140625,180.7899932861328,176.02000427246094,178.9499969482422,20886300,62.18157227809439,0.28540640827137054,168.59200057983398,173.39460052490233,-0.02559353606982817,6.003424555186211
2024-12-10,169.19309997558594,171.80999755859375,178.5,169.72999572753906,177.80999755859375,27762600,51.59603944482081,0.3499528028248733,168.23700027465821,173.38080047607423,-0.03968479100209932,5.554300534021535
2024-12-11,180.4096221923828,183.1999969482422,184.8699951171875,176.42999267578125,180.00999450683594,41295200,62.56074120854955,1.3051392136541722,168.58600006103515,173.695400390625,0.039609554416000226,6.257129753765594
2024-12-12,177.90830993652344,180.66000366210935,182.0,175.99000549316406,180.92999267578125,46967200,59.33295011456648,1.8360107068499474,168.94000015258788,173.895400390625,0.04078811934767468,6.7364560819513315
2024-12-13,221.37599182128906,224.8000030517578,228.6999969482422,211.11000061035156,213.89999389648438,121336600,79.31040036136991,5.752152019418617,171.66100006103517,174.9536004638672,0.3194036659781494,14.202309802085622
2024-12-16,246.19215393066406,250.0,251.8800048828125,230.80999755859375,231.7899932861328,111623200,84.10973793095124,10.765058479331628,175.91900024414062,176.42080047607422,0.5166222127762461,22.431495690133875
2024-12-17,236.5709991455078,240.22999572753903,242.47000122070312,233.8000030517578,240.64999389648438,70382100,76.682857252997,13.790497006197313,179.64700012207032,177.7238003540039,0.4500512970523465,26.47060973366188
2024-12-18,220.2139892578125,223.6199951171875,239.85000610351562,219.22000122070312,239.41000366210938,53960100,66.01108356966898,14.678683871648673,182.5604995727539,178.58160034179687,0.3524039120820628,27.978018706097618
2024-12-19,214.99472045898438,218.32000732421875,228.0500030517578,217.5800018310547,227.91000366210938,40845200,62.99837202929983,14.78448727423958,185.31399993896486,179.2290005493164,0.3373354200564702,28.678648576395553
2024-12-20,217.42706298828125,220.7899932861328,230.2899932861328,218.91000366210938,220.36000061035156,131910400,63.82694390922389,14.895933409707197,188.15649948120117,179.93100036621092,0.34677314870143006,29.260117513515414
2024-12-23,229.424072265625,232.3500061035156,233.39999389648438,225.1300048828125,226.69000244140625,40643800,67.49554704704121,15.735660795751329,191.56249999999997,180.94840057373048,0.41478421815822863,30.275495316223974
2024-12-24,236.66175842285156,239.67999267578125,240.22999572753906,234.8000030517578,240.1199951171875,22827200,69.6008133634273,16.798971371257238,195.3054992675781,182.09580047607423,0.45419234331366587,31.401842078685323
2024-12-26,242.27024841308594,245.3600006103516,247.27999877929688,237.60000610351562,240.0,28459000,71.15963144011243,17.893714234354263,199.3364990234375,183.48340057373048,0.48937715447953467,32.42940717695362
2024-12-27,238.70570373535156,241.75,245.77999877929688,236.35000610351562,245.63999938964844,29282200,68.7467893171625,18.25952452872582,203.44049911499025,184.7820004272461,0.5140602666269627,32.33889623734415
2024-12-30,232.61341857910156,235.5800018310547,238.77000427246094,231.6199951171875,234.6999969482422,27316800,64.70831128120841,17.845848699970304,207.11549911499023,185.86300048828124,0.4534797579568963,31.55815382700227
2024-12-31,228.92050170898438,231.83999633789065,237.4600067138672,231.30999755859375,235.8800048828125,17927700,62.31854993218987,17.02002419422601,210.38199920654296,186.9020004272461,0.39234883181965774,30.497210992315278
2025-01-02,229.05873107910156,231.97999572753903,239.5,230.24000549316406,236.16000366210938,31525800,62.374566251307805,16.19021834537577,213.5734992980957,187.9418002319336,0.3796015709066831,29.15542326765897
2025-01-03,229.62155151367188,232.5500030517578,236.49000549316406,229.0,233.58999633789062,24973200,62.61822714450259,15.401052314785488,216.6729995727539,189.0052001953125,0.36344984979181993,27.595331161340695
2025-01-06,233.43296813964844,236.41000366210935,241.75,233.3000030517578,236.5,34028400,64.3040609141016,14.915169549595646,219.96999969482422,190.26320037841796,0.386812940512832,25.655585022186497
2025-01-07,225.7607879638672,228.63999938964844,239.5,227.60000610351562,239.5,25928600,58.57737543227762,13.744689326648398,222.4254997253418,191.40900024414063,0.2735476017616665,23.869334463022607
2025-01-08,226.42234802246094,229.30999755859372,232.47000122070312,226.05999755859375,229.6999969482422,18756500,58.91712801688096,12.724458928111005,224.94399948120116,192.5352001953125,0.28149097144268276,21.587896758216356
2025-01-10,221.48532104492188,224.30999755859372,227.8300018310547,221.25,227.3000030517578,23864000,55.27358530969461,11.381264639477877,227.56899948120116,193.58100006103516,0.30557011085513497,17.612907558395307
2025-01-13,222.45298767089844,225.2899932861328,229.25999450683594,219.50999450683594,219.99000549316406,23772100,55.84989103883708,10.277379717651911,229.6734992980957,194.50199981689454,0.2297488921344355,14.220228058042894
2025-01-14,221.87039184570312,224.6999969482422,230.25999450683594,223.10000610351562,226.57000732421875,18143100,55.38718204846175,9.248326242342245,231.87549896240233,195.4631997680664,0.243772790841416,8.483791838327216
2025-01-15,225.1288604736328,228.0,230.33999633789062,225.5800018310547,228.5500030517578,21745600,57.50771675236566,8.599941839976708,232.03549880981444,196.6277996826172,0.014234861676160282,8.372777335752986
2025-01-16,226.52110290527344,229.41000366210935,238.60000610351562,229.2100067138672,235.22000122070312,23471900,58.417190442354645,8.106422251739161,231.00599899291993,197.83759979248046,-0.08235998535156264,7.236374238477085
2025-01-17,234.44998168945312,237.44000244140625,238.10000610351562,232.66000366210938,237.0800018310547,31196600,63.242311238745046,8.267950428514212,230.8664993286133,199.21539978027343,-0.011613842300097654,7.074275904008378
2025-01-21,237.28382873535156,240.30999755859372,242.75,237.39999389648438,241.5,30903200,64.8138201265459,8.529227665495227,231.70099945068358,200.54359985351562,0.07463555498541119,7.158367346250215
2025-01-22,237.87628173828125,240.91000366210935,246.99000549316406,240.69000244140625,246.75,29610500,65.14927924657027,8.684596612521517,232.83049926757812,201.77079986572267,0.10347194750842537,6.703658269787113
2025-01-23,237.25421142578125,240.27999877929688,240.39999389648438,236.1199951171875,238.41000366210938,17653900,64.45442588982223,8.657097858286164,233.80499954223632,202.90019989013672,0.08827395301337759,6.2633852152739
2025-01-24,241.61854553222656,244.6999969482422,249.58999633789062,241.91000366210938,244.6999969482422,25387800,67.10520526335927,8.889489310943162,234.42249908447266,204.1213998413086,0.053152530752353266,6.705566193843179
2025-01-27,199.58465576171875,202.1300048828125,218.42999267578125,196.22999572753906,213.39999389648438,90569400,37.83795698339421,5.574360861954176,232.5449996948242,204.58579986572266,-0.15666717682090048,9.730558499033707
2025-01-28,204.748779296875,207.3600006103516,209.9499969482422,198.88999938964844,208.00999450683594,50316000,41.22927988747355,3.3307201595362415,230.6449996948242,205.20859985351564,-0.15487446978102426,10.752849159223198
2025-01-29,203.75148010253906,206.3500061035156,211.4499969482422,202.77000427246094,208.83999633789062,32533700,40.76673682214499,1.454355715107539,228.875,205.86399993896484,-0.14643223948907713,11.700470614037933
2025-01-30,212.9442596435547,215.66000366210935,221.9600067138672,213.6999969482422,218.57000732421875,42449500,46.70240083432664,0.7103736255414219,227.87900009155274,206.76959991455078,-0.08455725449578222,11.944957098274635
2025-01-31,218.48361206054688,221.2700042724609,226.8000030517578,216.3000030517578,219.66000366210938,41104700,49.95663063913589,0.5669076653049387,227.35050048828126,207.89820007324218,-0.04559175393543713,11.994211541127301
2025-02-03,214.98817443847656,217.72999572753903,220.94000244140625,213.50999450683594,215.4600067138672,24507300,47.96639835336309,0.16565122945291932,226.6380004882812,208.93940002441406,-0.061427710416619985,12.127241757070092
2025-02-04,219.62896728515625,222.42999267578125,223.02999877929688,215.3000030517578,219.35000610351562,23768500,50.7706236993018,0.22431729718414317,226.13199996948237,210.08099975585938,-0.043517567160488047,12.07861242682827
2025-02-05,229.0784912109375,232.0,237.92999267578125,227.5,233.94000244140625,29196000,55.97348993976452,1.0311438057752582,225.9114997863769,211.45599975585938,-0.01865404844886498,11.920323959812203
2025-02-06,228.44654846191406,231.3600006103516,234.8000030517578,228.55999755859375,234.5,21169500,55.55066599827177,1.6004678277960522,226.0474998474121,212.8043997192383,0.011896436441410696,11.968511039702989
2025-02-07,222.03826904296875,224.8699951171875,235.64999389648438,224.11000061035156,235.0,22117500,51.31725179299344,1.5105592264739585,225.82549972534179,214.01719970703124,-0.019362445984378418,11.945967869916796
2025-02-10,232.0802001953125,235.0399932861328,235.82000732421875,227.1199951171875,227.42999267578125,23901600,56.8647175771745,2.234185569667659,226.36199951171875,215.42159942626952,0.04783556615543283,12.114085587884867
2025-02-11,232.0802001953125,235.0399932861328,237.88999938964844,229.97000122070312,232.47999572753906,18476200,56.8647175771745,2.775668481632323,226.84949951171876,216.8275991821289,0.04327755466536365,12.263929945774603
2025-02-12,233.37371826171875,236.3500061035156,236.47999572753906,230.0,230.36000061035156,16397300,57.5867310945282,3.2727781276450685,227.43199996948238,218.36119934082032,0.05184694843568205,12.431980629656561
2025-02-13,232.8306427001953,235.8000030517578,236.9499969482422,230.72999572753906,236.05999755859375,20962000,57.15418246809856,3.58107999286932,227.82200012207028,219.83559936523437,0.03421053970069221,12.572291074373993
2025-02-14,230.10537719726562,233.0399932861328,235.74000549316406,228.89999389648438,234.52999877929688,16988800,54.92466869556342,3.56164529066902,228.00349960327145,221.1661993408203,0.015823153158438297,12.622524583792337
2025-02-18,225.6521759033203,228.52999877929688,232.1999969482422,224.3000030517578,230.10000610351562,26080500,51.396527190982034,3.146058480243994,227.55799942016597,222.37379943847657,-0.03752528457924065,12.427674164849495
2025-02-19,225.84963989257812,228.72999572753903,229.07000732421875,224.39999389648438,227.85000610351562,16375500,51.545171282585116,2.800557932560025,226.97899932861324,223.53719940185547,-0.04818776558903337,12.066809447290906
2025-02-20,223.88473510742188,226.7400054931641,228.97999572753906,222.75,228.64999389648438,16104000,49.90957366399094,2.339205770435143,226.27049942016598,224.66259948730467,-0.058818637472686786,11.613274411128911
2025-02-21,215.90647888183594,218.66000366210935,227.75,215.6300048828125,225.64999389648438,24883600,43.82837675486641,1.3065313575131654,225.1894996643066,225.44519958496093,-0.08997833871743122,11.24084907909773
2025-02-24,205.3115692138672,207.92999267578125,219.47999572753906,207.5399932861328,218.60000610351562,33050400,37.32449627023938,-0.37338857582236074,223.35099945068356,226.02499938964843,-0.15026565071939235,10.88312670066699
2025-02-25,199.9894561767578,202.5399932861328,208.63999938964844,200.9199981689453,207.0,33100800,34.550861463235236,-2.1152814825862833,223.37149887084956,226.6395993041992,0.002028340144542229,10.841357099647475
2025-02-26,210.2584991455078,212.94000244140625,213.5399932861328,206.0,206.91000366210938,21368300,43.30528561356144,-2.626276260597905,223.6504989624023,227.2343994140625,0.026909730973332602,10.47316538806449
2025-02-27,195.3091583251953,197.8000030517578,219.25,197.39999389648438,217.27999877929688,27572900,35.79833874112933,-4.204448459518005,223.2229988098144,227.57719940185547,-0.04143446958498598,11.353975954949577
2025-02-28,196.9186248779297,199.42999267578125,201.19000244140625,193.14999389648438,195.75999450683594,39747200,37.063279565615595,-5.262966554652763,222.411498260498,227.06979919433593,-0.07525739919654673,12.450069144143228
2025-03-03,185.010498046875,187.3699951171875,204.05999755859375,184.52999877929688,204.0,37435600,32.03423620402384,-6.994364109023337,220.71649780273438,225.8171990966797,-0.1532065282266214,14.715233093932435
2025-03-04,185.11911010742188,187.47999572753903,193.9499969482422,180.47999572753906,189.22000122070312,37910500,32.124702298253254,-8.262389333883675,219.20399780273436,224.7621990966797,-0.1389335442685351,16.48638412003871
2025-03-05,189.16744995117188,191.5800018310547,194.0800018310547,187.10000610351562,191.86000061035156,25644500,35.56722314536941,-8.834632093435289,217.66149826049804,224.12139923095702,-0.1386952832826559,17.57586320330164
2025-03-06,177.1902313232422,179.4499969482422,186.8300018310547,177.61000061035156,181.0399932861328,56864100,30.61931667389878,-10.149926586944417,215.03399810791015,223.3439990234375,-0.22650863384378372,19.174763346989653
2025-03-07,192.5049285888672,194.9600067138672,195.47999572753906,181.55999755859375,187.72999572753906,74528900,41.773288947593336,-9.82749355540517,213.21399841308593,222.82739929199218,-0.15733054028551807,19.270837298941554
2025-03-10,182.12725830078125,184.4499969482422,191.97999572753906,180.42999267578125,189.60000610351562,44217100,37.38708948940701,-10.301286192278639,211.19299850463867,221.8693991088867,-0.17974829477752718,20.086333324909297
2025-03-11,187.6962432861328,190.08999633789065,195.6199951171875,185.35000610351562,188.0500030517578,42153200,40.96912236744914,-10.105183193591813,208.94549865722655,220.8775991821289,-0.1912440360459038,19.790198758884166
2025-03-12,191.7841033935547,194.22999572753903,199.97999572753906,192.4499969482422,196.22000122070312,30409700,43.52324257533654,-9.506126098653368,206.90499877929688,219.85499908447267,-0.17363001499456532,19.048052743281236
2025-03-13,188.9502410888672,191.3600006103516,196.32000732421875,189.47000122070312,193.14999389648438,27236100,42.16135208550267,-9.15739292993132,204.65549850463867,218.84719909667967,-0.190353307938818,18.016325104195303
2025-03-14,193.07760620117188,195.5399932861328,197.5,193.1999969482422,196.1999969482422,25900900,44.86723953099458,-8.446364473976473,202.64249801635742,218.04639892578126,-0.170737952691154,16.54219530955173
2025-03-17,192.0507354736328,194.5,196.72000122070312,187.5,188.0500030517578,26830600,44.31178244202339,-7.875998458957156,200.7154983520508,217.29959899902343,-0.1653793099745432,14.986425943558215
2025-03-18,186.2941436767578,188.6699981689453,192.88999938964844,186.89999389648438,190.44000244140625,24951000,41.23029472024191,-7.804446901416981,198.7224983215332,216.43339904785157,-0.17441911706675506,13.686860673623361
2025-03-19,193.1072540283203,195.57000732421875,198.27000427246094,186.89999389648438,189.33999633789062,37962700,46.015250933529735,-7.109020342223602,197.0644989013672,215.6937991333008,-0.14497437600103902,11.728916143795715
2025-03-20,188.70986938476562,190.5399932861328,193.83999633789062,188.94000244140625,191.52000427246094,31430000,43.25071667072213,-6.884410678176124,195.25449829101564,214.77639892578125,-0.15965427948321476,9.487369559770688
2025-03-21,189.81912231445312,191.66000366210935,192.07000732421875,187.3699951171875,188.2100067138672,43086500,44.05666292895041,-6.540634066059027,193.9044982910156,214.03679901123047,-0.12347937230314199,7.742045670338483
2025-03-24,189.41305541992188,191.25,196.69000244140625,190.6699981689453,194.3000030517578,33180300,43.811371190675,-6.229463120026594,193.07049865722655,213.2755990600586,-0.08021927217488933,7.016022687681721
2025-03-25,186.45176696777344,188.25999450683597,191.60000610351562,187.67999267578125,190.88999938964844,23417300,41.975929557335874,-6.153196143301699,192.35649871826172,212.55459899902343,-0.07050458799573067,6.722079158792687
2025-03-26,177.5481414794922,179.27000427246094,188.05999755859375,177.5800018310547,186.66000366210938,30578500,36.96197067550333,-6.740471138714668,190.67299880981446,211.63419921875,-0.1581196477078568,5.377501320799646
2025-03-27,170.3380584716797,171.99000549316406,178.3800048828125,170.4600067138672,177.66000366210938,32151700,33.47493087406636,-7.70451303331302,189.38249893188475,210.57999938964844,-0.1304853243699906,6.546936365705785
2025-03-28,167.49560546875,169.1199951171875,173.3000030517578,166.47000122070312,171.92999267578125,30391500,32.18578307929597,-8.60096249031767,187.86699905395508,209.4023992919922,-0.15198314532292811,7.532621241053664
2025-03-31,165.8218536376953,167.42999267578125,167.94000244140625,160.6199951171875,164.49000549316406,35656400,31.418497593032967,-9.340107274005362,186.86999893188477,208.1627990722656,-0.10642046731620558,8.81270406074293
2025-04-01,166.90138244628906,168.52000427246094,168.7100067138672,163.4199981689453,166.3699951171875,20472400,32.535607712091235,-9.725816851529771,185.92199935913087,206.78439910888673,-0.10113074401085587,9.717015592556661
2025-04-02,170.4370880126953,172.08999633789062,173.42999267578125,165.5,166.0800018310547,19523700,36.20102567157118,-9.632389753470136,184.94749908447267,205.41999908447266,-0.1017329852118457,10.089874414728623
2025-04-03,152.53074645996094,154.00999450683594,163.42999267578125,153.6999969482422,160.5399932861328,44354900,27.925938598958993,-10.89170040956489,183.67549896240234,203.6819989013672,-0.14176652479266283,12.201925477773
2025-04-04,144.8848876953125,146.2899932861328,152.8000030517578,139.1699981689453,148.1699981689453,72302200,25.269764853355426,-12.370058423717268,181.24199829101562,201.8021987915039,-0.24964101226753066,14.474569589205103
2025-04-07,152.6595001220703,154.13999938964844,160.42999267578125,138.10000610351562,144.49000549316406,68503500,32.31915845153972,-12.761135487246008,179.72649841308595,199.99099884033203,-0.16432636519424249,15.659270707167801
2025-04-08,154.53135681152344,156.02999877929688,169.77999877929688,153.08999633789062,167.6199951171875,58888200,33.93501609665154,-12.771339668474695,178.02349853515625,199.06899871826172,-0.17917827457922153,16.311378425244417
2025-04-09,183.3716583251953,185.1499938964844,187.3300018310547,157.50999450683594,160.5,72708300,52.680350231197,-10.31082949150246,177.56949844360352,198.6247985839844,-0.046748710450428166,15.959116054740377
2025-04-10,170.6450958251953,172.3000030517578,176.9499969482422,166.39999389648438,175.3000030517578,51212200,46.420958143375884,-9.290647517197499,176.61649856567382,197.9437985229492,-0.099602829733492,15.658526811212372
2025-04-11,180.19248962402344,181.94000244140625,182.66000366210938,173.30999755859375,173.6199951171875,33964100,51.11372837792148,-7.616480520294942,175.9364990234375,197.26939849853517,-0.06955094257789896,15.078030077919985
2025-04-14,176.6468505859375,178.36000061035156,186.0,175.82000732421875,185.0800018310547,25748300,49.383870595570876,-6.503597913571667,175.12949905395507,196.41119842529298,-0.08298200200333383,14.451074704166414
2025-04-15,177.231201171875,178.9499969482422,182.25999450683594,178.0800018310547,179.72999572753906,17242400,49.68608260737653,-5.510501030482999,174.64349899291992,195.63559844970703,-0.051518531377730326,14.131645728076217
2025-04-16,172.93289184570312,174.61000061035156,176.0800018310547,166.9199981689453,170.42999267578125,34638600,47.442139770706795,-5.015846473473374,173.59549865722656,194.67919860839845,-0.10717393224370741,13.24760372735322
2025-04-17,169.34767150878906,170.99000549316406,176.25,169.9199981689453,176.25,22501800,45.59255488896253,-4.859910502560865,172.6179992675781,193.4589987182617,-0.10260306750200543,12.63879508140739
2025-04-21,164.61358642578125,166.2100067138672,168.0,161.61000061035156,166.99000549316406,23469800,43.197721404573315,-5.063665294039879,171.34549942016602,192.15599884033202,-0.13278720892184537,11.879046127442265
2025-04-22,167.9512176513672,169.5800018310547,170.52000427246094,165.22000122070312,167.42999267578125,18504900,45.37618154253903,-4.896765132214568,170.26199951171876,191.05019897460937,-0.1133071799683415,10.917324229798949
2025-04-23,175.21080017089844,176.91000366210938,180.4499969482422,175.82000732421875,177.77999877929688,24380500,49.878796839974726,-4.125469815119544,169.69449996948242,189.8875991821289,-0.06028891520186708,10.20422621209137
2025-04-24,186.34280395507812,188.1499938964844,188.57000732421875,178.3000030517578,179.69000244140625,27576900,55.883972545169335,-2.5775273136263763,170.13849945068358,188.94979919433592,0.04953416306348357,10.81755561894459
2025-04-25,190.46287536621094,192.30999755859372,193.3699951171875,186.88999938964844,186.9199981689453,21242300,57.89470111264055,-1.003526174868,171.15449905395508,188.0689990234375,0.11814635395332496,11.9006254405676
2025-04-28,190.621337890625,192.47000122070312,193.10000610351562,187.67999267578125,190.52999877929688,16385800,57.97404172864493,0.25386562113510536,172.32199935913087,187.2023989868164,0.13806768435237848,12.801774381038445
2025-04-29,189.33383178710938,191.1699981689453,193.25,190.10000610351562,191.72000122070312,14630000,57.033691939729756,1.1324046409843618,173.50899963378907,186.36499908447266,0.14179063806766834,13.410441837890247
2025-04-30,190.621337890625,192.47000122070312,193.1999969482422,184.02000427246094,185.89999389648438,22768900,57.771337716158015,1.911517738830014,174.70649948120118,185.64379913330077,0.14211960800523205,13.997948053072646
2025-05-01,195.43467712402344,197.3300018310547,201.39999389648438,196.24000549316406,198.13999938964844,24939700,60.50143295638477,2.8878426620268556,175.96849975585937,185.0157992553711,0.1466674764964635,14.860814457109445
2025-05-02,201.6840362548828,203.63999938964844,205.67999267578125,201.0800018310547,203.89999389648438,17766800,63.7759346068447,4.123221336874849,178.45,184.55379913330077,0.32225184502950954,15.142153413952967
2025-05-05,198.7921142578125,200.72000122070312,203.22999572753906,200.0,200.25,14025400,61.24560624980227,4.811188007829912,181.1715003967285,184.19499908447267,0.3720692489752808,13.898063145194325
2025-05-06,198.16815185546875,200.08999633789065,201.91000366210938,195.94000244140625,196.44000244140625,16348800,60.68616336788701,5.245108081227556,183.46900024414063,184.03819915771484,0.298105599650911,12.960678092176032
2025-05-07,202.8428192138672,204.80999755859372,206.22999572753906,198.42999267578125,199.2899932861328,20253700,63.38468826551288,5.9018249531338824,185.90800018310546,184.08359924316406,0.3126321807404213,12.085592349905177
2025-05-08,205.77439880371094,207.7700042724609,211.16000366210938,203.69000244140625,208.0,18460900,65.00686840246222,6.585215346153802,187.03900070190429,183.98019927978515,0.12217127259870786,13.032265045921164
2025-05-09,206.2002716064453,208.1999969482422,209.9600067138672,206.52000427246094,209.3300018310547,13289200,65.24773275612263,7.079891390648811,188.83400039672853,184.18819915771485,0.20835747684635986,13.363477219712612
2025-05-12,219.45175170898438,221.5800018310547,221.8000030517578,215.8800048828125,219.49000549316406,25437700,71.76124415649281,8.454126386068396,190.81600036621094,184.6311993408203,0.217874018125368,15.11234223579164
2025-05-13,230.1876220703125,232.4199981689453,235.27999877929688,222.0,222.0,28790500,75.73003907803843,10.299191957740902,193.5190002441406,185.53219940185548,0.30309484959407573,17.424863369746575
2025-05-14,229.8905029296875,232.1199951171875,233.5,228.35000610351562,230.22999572753906,19751400,75.41414090923263,11.603454575774379,196.1775001525879,186.42499938964843,0.2971220959803855,19.064047063739793
2025-05-15,230.405517578125,232.63999938964844,234.4600067138672,228.07000732421875,230.16000366210938,18803700,75.60410069985046,12.534561474022325,199.07900009155273,187.2461993408203,0.3323406367129731,20.001713998546393
2025-05-16,226.4142303466797,228.6100006103516,232.63999938964844,226.38999938964844,232.32000732421875,23094600,71.024108174767,12.799735791121435,201.95999984741212,188.2293994140625,0.3369787313065564,19.892325784135004
2025-05-19,228.41482543945312,230.6300048828125,231.25,221.60000610351562,221.85000610351562,15355500,71.94162490256487,13.022767453989388,205.18099975585938,188.94279937744142,0.3875819479379796,18.994179507941453
2025-05-20,229.45474243164062,231.67999267578125,231.77000427246094,226.33999633789062,226.49000549316406,11787200,72.43030625427049,13.132859464461944,208.2859992980957,189.88739929199218,0.3661987862613312,17.913158024495747
2025-05-21,227.52345275878906,229.72999572753903,236.5,227.8300018310547,228.38999938964844,17642900,69.99222912820717,12.913896360391618,210.9269989013672,190.68019927978514,0.2985698432651305,16.909414507009732
2025-05-22,228.31578063964844,230.52999877929688,233.69000244140625,227.42999267578125,228.33999633789062,14340200,70.43196508227362,12.658995068050643,213.0459991455078,191.4061993408203,0.22524584776829126,16.556633408993
2025-05-23,226.52316284179688,228.72000122070312,230.64999389648438,226.17999267578125,226.94000244140625,15385600,68.00388506596585,12.170636756635872,214.8664993286133,192.15339935302734,0.18932974948957537,16.15342272328048
2025-05-27,233.3865966796875,235.6499938964844,236.47999572753906,231.1300048828125,232.8699951171875,17941700,71.98595177250925,12.202143059360253,217.02549896240234,192.95559936523438,0.22434661194950212,15.88586458466507
2025-05-28,237.13027954101562,239.42999267578125,240.99000549316406,234.42999267578125,237.14999389648438,20443000,73.89443336040384,12.389310087371854,219.43849868774413,193.85419921875,0.2524454410685639,15.409935691362149
2025-05-29,239.6459197998047,241.97000122070312,246.07000732421875,237.39999389648438,245.91000366210938,20743700,75.1209517557958,12.59738396660697,221.91349868774415,194.92019927978515,0.2571829359695328,14.81413353060516
2025-05-30,239.74496459960938,242.07000732421875,243.1699981689453,234.89999389648438,241.22000122070312,27088600,75.17041543390253,12.624822575785487,224.15049896240234,195.85019927978516,0.22672682855123316,14.274684273626056
2025-06-02,246.32118225097656,248.7100067138672,250.0,243.19000244140625,243.25,19197000,78.26086163745475,13.032134000660449,226.40399932861328,197.01359954833984,0.22132197730948233,14.423097633168918
2025-06-03,254.38296508789062,256.8500061035156,257.8800048828125,249.39999389648438,250.0800018310547,30380200,81.32891134823564,13.852082971452802,229.21049957275392,198.31739959716796,0.2796433068027653,14.621994713634615
2025-06-04,258.57232666015625,261.0799865722656,265.42999267578125,257.5899963378906,258.05999755859375,31536000,82.69561661208152,14.67406897774083,232.25999908447267,199.71399932861328,0.3048127909972149,14.588970971659535
2025-06-05,257.43341064453125,259.92999267578125,264.8900146484375,259.05999755859375,262.95001220703125,41970900,80.9605328689197,15.059111845879528,235.01599884033203,201.1473992919922,0.2691274633769689,14.334607873242645
2025-06-06,244.55824279785156,246.92999267578125,255.32000732421875,246.1300048828125,251.13999938964844,41146700,64.48833304053582,14.15213276141975,236.97399826049804,202.5005990600586,0.18847758385742508,13.032474558506468
2025-06-09,241.9337158203125,244.27999877929688,248.1699981689453,241.11000061035156,245.0500030517578,25334100,61.731130443144615,13.068863221893594,238.7779983520508,203.94639892578124,0.17329492007641112,11.209508733075015
2025-06-10,242.28033447265625,244.6300048828125,246.27999877929688,241.39999389648438,244.22000122070312,25491300,61.96245166238013,12.09913557129866,239.93049850463868,205.45659912109375,0.10402564699558248,10.511443385203458
2025-06-11,250.4808349609375,252.91000366210935,254.77000427246094,243.8000030517578,246.36000061035156,24599000,67.03840272437228,11.862008276773025,240.9549987792969,207.1661993408203,0.0881593909929812,10.737014976120518
2025-06-12,253.61048889160156,256.07000732421875,257.8900146484375,249.5,250.19000244140625,20410900,68.75222582713442,11.793125266623207,242.15249938964843,208.91719940185547,0.10317944473047191,11.03132468239287
2025-06-13,246.31126403808594,248.6999969482422,254.0,248.35000610351562,250.66000366210938,19028400,60.810716322204755,11.01684145071144,242.95549926757812,210.4493994140625,0.06903368982431468,10.886008046715004
2025-06-16,249.67860412597656,252.1000061035156,255.19000244140625,249.57000732421875,250.35000610351562,20363000,62.937612821401366,10.55431963068034,244.12999954223633,212.4111996459961,0.10275143445365242,10.517749179649465
2025-06-17,246.97482299804688,249.3699951171875,253.9600067138672,247.9199981689453,250.9499969482422,22014300,60.1163681105378,9.853889184388407,245.06699905395507,214.4727996826172,0.08125564686996012,10.077296641555339
2025-06-18,248.84666442871094,251.25999450683597,255.63999938964844,249.41000366210938,250.88999938964844,30435500,61.40619102144148,9.343593040349447,246.0459991455078,216.41519958496093,0.08451313212209688,9.650357707471919
2025-06-20,248.171630859375,249.9900054931641,253.52000427246094,244.1699981689453,253.2100067138672,42134900,60.002006615501344,8.735999011418016,247.05899963378906,218.29439971923827,0.0881905286310698,8.880133037502508
2025-06-23,251.92413330078125,253.7700042724609,254.2100067138672,246.4600067138672,249.11000061035156,19747000,62.733539958955554,8.461946623436546,248.22099990844725,219.66679992675782,0.10081119861286858,8.088664302452113
2025-06-24,261.85137939453125,263.7699890136719,265.8699951171875,258.7699890136719,258.7699890136719,32764900,68.80327423124889,8.948520354391661,249.9734992980957,221.4961996459961,0.15324408711919912,7.409667738548895
2025-06-25,262.7250061035156,264.6499938964844,269.8699951171875,263.42999267578125,266.0,18894200,69.27749286964593,9.297961469245934,251.4234992980957,223.15039947509766,0.12306386909027034,7.295806404059208
2025-06-26,268.2048645019531,270.1700134277344,271.6700134277344,264.1300048828125,265.0799865722656,23569600,72.13847236162565,9.906123884012146,252.96050033569335,224.98659973144532,0.12838834603975058,7.8528813945698746
2025-06-27,267.3907775878906,269.3500061035156,271.8500061035156,266.8800048828125,270.29998779296875,27477600,71.07954893908146,10.204300418047836,254.329500579834,226.7945999145508,0.11315454289657567,8.214328857148299
2025-06-30,273.6449890136719,275.6499938964844,277.7099914550781,272.1300048828125,274.7300109863281,24708400,74.21159895502393,10.824189316597,256.0084999084473,228.81539978027342,0.1387201452317468,8.97340004318439
2025-07-01,262.8143310546875,264.739990234375,274.5,262.6600036621094,274.3999938964844,28847600,61.741481488338245,10.316190989803772,256.8099990844727,230.69039947509765,0.06445250728873875,9.003037967329844
2025-07-02,267.93682861328125,269.8999938964844,272.0,262.7300109863281,263.989990234375,17582100,64.75776394520277,10.212247396389785,257.4624984741211,232.76419921875,0.05080781577910232,9.467035368581724
2025-07-03,273.1783752441406,275.17999267578125,275.79998779296875,270.1199951171875,270.7300109863281,10592700,67.57481559480416,10.43562770421289,258.16749877929686,234.87619903564453,0.05400646096483852,10.243748508928345
2025-07-07,272.1856689453125,274.17999267578125,277.55999755859375,272.6600036621094,275.1300048828125,16760600,66.49077975413027,10.411944153883894,258.8799987792969,236.82159881591798,0.054822453743437194,10.850403188771313
2025-07-08,269.8229675292969,271.79998779296875,276.3500061035156,271.1499938964844,276.3500061035156,14869400,63.86484944409264,10.08487609213239,260.1234985351563,238.49459869384765,0.10071678554594121,10.833892664863749
2025-07-09,275.8786315917969,277.8999938964844,279.45001220703125,272.7200012207031,272.9599914550781,20133000,67.41669452375793,10.200308996828255,261.80449829101565,240.20639862060546,0.13762893108396734,10.854452092733336
2025-07-10,273.39678955078125,275.3999938964844,281.17999267578125,272.70001220703125,279.7900085449219,17891600,64.61357052505862,9.975074845272843,263.3429977416992,241.86499847412108,0.12578174549116294,10.465728883436311
2025-07-11,272.38421630859375,274.3800048828125,276.4700012207031,271.8900146484375,274.1400146484375,14274700,63.4543228405301,9.603566630339401,264.4164978027344,243.52919860839845,0.08489186236139279,10.440352519047527
2025-07-14,273.5953674316406,275.6000061035156,278.3599853515625,269.5799865722656,274.1300048828125,11934200,64.27982001215977,9.300378620515005,265.3929977416992,245.1917987060547,0.07626820096337683,10.531542011618928
2025-07-15,278.896484375,280.94000244140625,283.3599853515625,277.8500061035156,279.80999755859375,17918400,67.71711848934103,9.382833550079567,267.00499801635743,246.8639987182617,0.129634120984222,10.306963276399232
2025-07-16,278.7674255371094,280.8099975585937,281.510009765625,275.6700134277344,280.1099853515625,15031000,67.54670218385922,9.330137352675536,268.4404975891113,248.40739868164061,0.11388334295910085,10.119398764154738
2025-07-17,284.3664245605469,286.45001220703125,288.2799987792969,279.9100036621094,281.1400146484375,17231100,70.96098722385122,9.632440504981616,270.2944984436035,250.1219989013672,0.1486947821144986,9.834297032870642
2025-07-18,281.279052734375,283.3399963378906,287.5299987792969,281.0,287.1099853515625,15012400,66.78836733720914,9.511423868310203,271.89849853515625,251.78699890136718,0.12767652046646005,9.159323446058616
2025-07-21,286.1136169433594,288.2099914550781,290.5400085449219,283.6300048828125,283.9599914550781,17726800,69.78455350687474,9.696707608262784,273.80949783325195,253.4549987792969,0.1528860559305807,8.293990473006351
2025-07-22,276.5635986328125,278.5899963378906,288.0,276.42999267578125,287.6499938964844,16564800,58.54824922979556,8.963962123284603,275.0504974365234,254.87139862060548,0.09780506619206908,6.872851031924793
2025-07-23,281.62652587890625,283.69000244140625,284.0,273.0,276.7799987792969,20556200,62.03799549508484,8.694558459570374,276.04649810791017,256.3811987304687,0.07552039374237474,6.589610540911273
2025-07-24,286.6099853515625,288.7099914550781,291.20001220703125,283.5,289.7900085449219,16413800,65.14822626056602,8.784858889835618,277.24949798583987,257.7237985229492,0.09091251884934715,6.595756035527089
2025-07-25,288.0693054199219,290.17999267578125,292.5899963378906,287.2699890136719,288.07000732421875,12476200,66.02601416085332,8.872759792807983,278.2499969482422,258.8789984130859,0.07406439742950677,6.9722554825553695
2025-07-28,292.1593017578125,294.29998779296875,295.45001220703125,290.5899963378906,292.4599914550781,13683400,68.42625330413274,9.169174529068414,279.4974960327148,260.1225982666016,0.0926303364547334,7.507546636659903
2025-07-29,295.25665283203125,297.4200134277344,302.19000244140625,294.8699951171875,297.5,19210800,70.1463452520724,9.545807213195985,280.5859970092773,261.41819854736326,0.07897703614470375,8.440561664704129
2025-07-30,300.4188232421875,302.6199951171875,303.260009765625,295.79998779296875,297.1499938964844,16738900,72.80545172406228,10.146919026834155,282.479997253418,262.8983984375,0.1430838040345821,8.933305354302098
2025-07-31,291.5636901855469,293.70001220703125,306.95001220703125,290.2300109863281,302.79998779296875,25488500,62.518358430913295,9.790675582842084,283.6699981689453,264.15979858398435,0.08818087754264625,8.752699295016273
2025-08-01,286.5404968261719,288.6400146484375,292.6400146484375,281.6099853515625,286.5400085449219,21428100,57.55071442894986,8.996346292044962,284.34299926757814,265.2989990234375,0.04891351962682444,8.581336587673228
2025-08-04,295.554443359375,297.7200012207031,298.4800109863281,291.3999938964844,292.20001220703125,17164600,63.20131693997889,8.995815476905477,285.5199996948242,266.65879913330076,0.08585604046155915,8.727145470319094
2025-08-05,290.79925537109375,292.92999267578125,301.20001220703125,291.45001220703125,297.80999755859375,18477500,58.75781118189104,8.51077423665248,286.57649993896484,267.9067990112305,0.07774100747534729,8.244435786176968
2025-08-06,299.4757385253906,301.6700134277344,302.80999755859375,291.8999938964844,292.8999938964844,17392100,63.763934205012674,8.730976923371884,287.76500091552737,269.3657992553711,0.08553443703962138,8.63202546250144
2025-08-07,301.550537109375,303.760009765625,310.3399963378906,299.8800048828125,306.1700134277344,16319400,64.86230953327987,8.970725437945305,289.18300170898436,270.7279995727539,0.10297754719559071,8.821199920314656
2025-08-08,302.7517395019531,304.9700012207031,307.8699951171875,302.54998779296875,304.04998779296875,12458700,65.51404808258249,9.15285563879462,290.7125015258789,272.03879974365236,0.1114877024328198,8.771278000259185
2025-08-11,301.68951416015625,303.8999938964844,308.30999755859375,301.2900085449219,305.04998779296875,12396400,64.37689391816485,9.105887483809568,292.1275009155273,273.27739959716797,0.10268500423160098,8.482951972163173
2025-08-12,310.5545349121094,312.8299865722656,313.44000244140625,304.6700134277344,306.6300048828125,17609600,69.18425380324899,9.677682362344456,293.7220001220703,274.6925991821289,0.1135117244028303,9.233329914654435
2025-08-13,306.84173583984375,309.0899963378906,317.3500061035156,304.75,316.75,17371200,65.21484898232313,9.717036024980416,295.13600006103513,275.9001989746094,0.10070866074985818,9.316936547256855
2025-08-14,308.9661865234375,311.2300109863281,314.1700134277344,307.0,307.010009765625,15717600,66.40267753540432,9.807846632619203,296.375,276.9877990722656,0.08650723589911102,9.739148378350619
2025-08-15,304.1117248535156,306.3399963378906,311.5,299.760009765625,311.0299987792969,22806900,61.25534796301831,9.377137573969435,297.525,277.89299926757815,0.08117456164773817,9.473256104251535
2025-08-18,303.5359802246094,305.760009765625,306.1700134277344,299.0,302.70001220703125,14724700,60.65479134145165,8.886558755029284,298.40250091552736,278.809599609375,0.060893164119476095,9.37733798953905
2025-08-19,292.764892578125,294.9100036621094,302.8999938964844,292.3900146484375,302.4200134277344,20149600,50.65042148380332,7.5354032532426345,299.21850128173827,279.7691998291016,0.0585807370643161,8.198523471378467
2025-08-20,289.0520935058594,291.1700134277344,295.489990234375,281.8699951171875,295.4599914550781,23600500,47.72812567837756,6.092585297211883,299.5925018310547,280.7070001220703,0.02636684734025141,7.601752939768177
2025-08-21,287.4934997558594,289.6000061035156,292.3900146484375,286.1700134277344,290.05999755859375,14946300,46.51487957388042,4.767498447709272,299.6370025634766,281.60640014648436,0.0030827289487000975,7.537023144961902
2025-08-22,291.86151123046875,294.0,300.0899963378906,289.010009765625,291.75,16301300,50.32588643612383,4.025991187588204,299.8280029296875,282.4282000732422,0.013164268456257178,7.330321953699752
2025-08-25,292.08984375,294.2300109863281,298.3999938964844,291.7099914550781,292.80999755859375,15124700,50.52434939243643,3.4175064193076423,299.82450408935546,283.1914001464844,-0.00023777373273237146,7.3331155745390975
2025-08-26,295.84234619140625,298.010009765625,300.25,293.989990234375,294.3500061035156,25689100,53.791709448823845,3.2033657608060366,299.85400390625,284.177600402832,0.001983714313946061,7.324114841745655
2025-08-27,298.0660705566406,300.25,301.17999267578125,293.7799987792969,297.5299987792969,13830300,55.66039591895741,3.1777748275619615,299.7355041503906,285.1406002807617,-0.0078315879830404,7.2961264696845785
2025-08-28,306.4049072265625,308.6499938964844,311.0,302.3299865722656,302.92999267578125,18907100,61.88522496162184,3.79159597613517,300.4830032348633,286.32620025634765,0.05090221677932649,7.410169522104198
2025-08-29,295.2268371582031,297.3900146484375,307.010009765625,293.6600036621094,307.010009765625,21610700,51.45674060205528,3.3310689476673474,300.9205032348633,287.24880065917966,0.030314577175508672,6.91597582001522
2025-09-02,296.0706481933594,298.239990234375,298.7099914550781,287.1700134277344,289.3399963378906,19693000,52.11274642607246,3.000100593783941,300.9465026855469,288.2138003540039,0.001746570642012113,6.904278333003671
2025-09-03,300.19049072265625,302.3900146484375,304.45001220703125,296.3999938964844,302.2900085449219,18529400,55.289729783630236,3.0376618014781798,301.4195037841797,289.18620056152344,0.03229448062399931,6.645365698052794
2025-09-04,303.87347412109375,306.1000061035156,308.7799987792969,302.25,305.05999755859375,31220800,57.97396383086902,3.3284266039060526,301.64100341796876,290.0328009033203,0.014684895676057907,6.72747675026083
2025-09-05,332.4541015625,334.8900146484375,356.3399963378906,331.4200134277344,355.7799987792969,78401600,72.01484514450246,5.814941856070902,303.1975036621094,291.4376013183594,0.10248223558733671,10.032769006408175
2025-09-08,343.13580322265625,345.6499938964844,354.1700134277344,341.25,342.75,43535600,75.33198959927552,8.55514512064741,305.23150329589845,292.9472009277344,0.13339014497475654,13.819897391047146
2025-09-09,334.2210998535156,336.6700134277344,350.9800109863281,335.8299865722656,349.54998779296875,26972300,68.07928034135904,9.888181770650135,306.87000427246096,294.29360107421877,0.1078315899618354,15.494846353932058
2025-09-10,366.8818359375,369.5700073242188,372.9700012207031,350.54998779296875,351.5199890136719,51086800,76.86673169604808,13.444398809880113,309.7070053100586,296.17200134277346,0.1813765405729284,20.896376546938196
2025-09-11,357.01416015625,359.6300048828125,374.2300109863281,358.760009765625,371.17999267578125,29430900,70.54772747509351,15.284461551160291,312.2340057373047,298.0698016357422,0.16351227520696798,23.68735290594026
2025-09-12,357.25238037109375,359.8699951171875,364.3900146484375,357.1600036621094,362.9100036621094,31949800,70.61054683363652,16.571068771131536,314.66600494384767,299.86920166015625,0.15628307815404097,25.96618260459513
2025-09-15,361.4416809082031,364.0899963378906,365.5,356.3399963378906,359.8699951171875,21792200,71.75151502691982,17.726888556280358,317.55350494384766,301.64740173339845,0.18851603019640373,28.113740340811045
2025-09-16,357.3813781738281,360.0,365.69000244140625,356.989990234375,365.42999267578125,21306500,68.95731556447667,18.104162029869713,320.26550445556643,303.3638018798828,0.17739399693227287,29.498247146908977
2025-09-17,343.6520690917969,346.1700134277344,359.92999267578125,341.5,358.8500061035156,45197100,60.392934469110266,17.090184631277623,322.82850494384763,304.8512023925781,0.17381577135089565,29.406003544394505
2025-09-18,342.8380126953125,345.3500061035156,350.70001220703125,343.7900085449219,350.0,24663900,59.917761340670815,16.035584265989655,325.5375045776367,306.20020263671876,0.18607682857846286,28.825913226687337
2025-09-19,342.43096923828125,344.94000244140625,346.2699890136719,336.42999267578125,344.6499938964844,41240100,59.664982947377595,14.993881872664247,328.30450439453125,307.5910028076172,0.19109114354821433,27.833678540422472
2025-09-22,336.9019775390625,338.7900085449219,346.6700134277344,337.94000244140625,342.42999267578125,28660000,55.858324534551464,13.516265021505603,330.5440048217773,308.8792028808594,0.15234696783987034,26.707380305629176
2025-09-23,337.0511169433594,338.94000244140625,345.2200012207031,337.0199890136719,340.239990234375,21944100,55.93217098552972,12.216521816226134,332.7795043945313,310.1460028076172,0.15195591811045972,25.344195384381933
2025-09-24,337.4190673828125,339.3099975585937,340.0799865722656,333.80999755859375,339.760009765625,19677300,56.127148158500475,11.088500148318644,334.84450378417966,311.31340270996094,0.13858590798829118,24.009517508232328
2025-09-25,334.2269592285156,336.1000061035156,338.05999755859375,327.29998779296875,332.989990234375,21678200,53.8990427512683,9.822290119800073,336.63700408935546,312.41920288085936,0.11940051991179224,22.58692814288286
2025-09-26,332.6656799316406,334.5299987792969,339.0799865722656,330.5799865722656,337.42999267578125,15464700,52.79511915523979,8.593067546011127,337.9310043334961,313.3808026123047,0.08384903740348748,21.619794943897517
2025-09-29,326.0726623535156,327.8999938964844,341.04998779296875,327.54998779296875,336.0,21336000,48.29658292969017,7.003185452863647,339.4565032958984,314.2720025634766,0.10259248039687718,19.589741567523717
2025-09-30,328.0714111328125,329.9100036621094,331.04998779296875,324.6099853515625,330.1199951171875,20109500,49.69600565279799,5.8380856124376805,341.04000396728514,315.1060028076172,0.10618969442309245,17.219307917118925
2025-10-01,331.53204345703125,333.3900146484375,337.95001220703125,324.5,328.1499938964844,21122700,52.1126757959934,5.136334925971312,342.59000396728516,316.20200317382813,0.10251661264688594,14.779497534329877
2025-10-02,336.29534912109375,338.17999267578125,347.6099853515625,335.25,347.6099853515625,19917600,55.296123224341684,4.910103035041061,344.1940032958984,317.29180297851565,0.10480230621562603,12.110694227020703
2025-10-03,336.4842834472656,338.3699951171875,344.3999938964844,335.739990234375,341.5,14749100,55.42271371457615,4.692057126817133,344.3680023193359,318.2850030517578,0.0103914130506495,11.994425748869933
2025-10-06,333.620361328125,335.489990234375,344.1300048828125,334.55999755859375,335.9200134277344,18465700,52.97400337341504,4.238008722294069,343.8600021362305,319.1912030029297,-0.02939390667298003,12.151398109539866
2025-10-07,334.53521728515625,336.4100036621094,338.1099853515625,326.5799865722656,337.0299987792969,18086700,53.67808300043239,3.907367781677351,343.84700164794924,320.0334033203125,-0.0007722985572067298,12.159631667933136
2025-10-08,343.57452392578125,345.5,346.5400085449219,332.6199951171875,333.82000732421875,21478300,60.04348197959525,4.3289181169042195,342.6435012817383,320.9950030517578,-0.0651297639072278,10.566499504011732
2025-10-09,343.0971984863281,345.0199890136719,347.30999755859375,340.3999938964844,345.75,17643700,59.577899694416466,4.571568721185088,341.9130004882812,321.8430029296875,-0.04062513046958183,9.808162778665574
2025-10-10,322.82086181640625,324.6300048828125,350.6000061035156,324.04998779296875,345.3900146484375,28941000,43.97814209613473,3.0830305036023447,340.1510009765625,322.46160278320315,-0.09792422461589079,9.575067734193144
2025-10-13,354.712158203125,356.70001220703125,359.3800048828125,343.5199890136719,352.7699890136719,45984300,61.19042299621381,4.439953789153492,339.78150177001953,323.822802734375,-0.02029713588725235,8.705776064130967
2025-10-14,342.2121887207031,344.1300048828125,350.6700134277344,339.6499938964844,350.1300048828125,22078000,54.16573967625676,4.449736932435087,338.98800201416014,324.75100280761717,-0.04408331976996527,7.3897125223351505
2025-10-15,349.3720397949219,351.3299865722656,359.3999938964844,347.5,354.4700012207031,23918500,57.196835837713365,4.981050049179714,339.2460006713867,325.9190026855469,0.01490589289764821,7.735635927444975
2025-10-16,352.17633056640625,354.1499938964844,363.239990234375,349.489990234375,356.79998779296875,20317200,58.35839276384561,5.565514755693016,339.68600006103514,326.9686022949219,0.025481359888353428,8.328642219909915
2025-10-17,347.3832092285156,349.3299865722656,350.9700012207031,340.7799987792969,349.6099853515625,20937900,55.58199978512332,5.575502021192392,339.90549926757814,327.8800018310547,0.012726804950971449,8.529816682488875
2025-10-20,347.2937316894531,349.239990234375,356.5899963378906,347.8399963378906,353.79998779296875,15640200,55.5288797504692,5.512609122236881,340.4279983520508,328.7654016113281,0.03084501144037577,8.774442481289903
2025-10-21,340.7503967285156,342.6600036621094,351.1000061035156,341.30999755859375,350.0,16092600,51.64274085897416,4.875613088831926,340.61399841308594,329.5406018066406,0.01097539739749731,8.780665877254856
2025-10-22,338.4035339355469,340.29998779296875,348.010009765625,335.510009765625,347.29998779296875,19268800,50.28349060231529,4.132716205989652,340.6634979248047,330.0900018310547,0.0029176571321158917,8.775716951126798
2025-10-23,342.3713073730469,344.2900085449219,346.57000732421875,340.3999938964844,340.3999938964844,12859200,52.557052174694796,3.8218702614001927,341.072998046875,330.7940020751953,0.02436775451555273,8.742585631008868
2025-10-24,352.1564636230469,354.1300048828125,358.29998779296875,350.8800048828125,352.510009765625,16143700,57.695132568540615,4.319732887192913,342.0529983520508,331.652001953125,0.058589681568278484,9.063198700267955
2025-10-27,360.03228759765625,362.0499877929688,362.75,355.0799865722656,361.5400085449219,20065800,61.3256325569313,5.292361981291549,343.760498046875,332.7662017822266,0.10414758930207646,9.464478717134243
2025-10-28,370.8914794921875,372.9700012207031,374.05999755859375,362.5299987792969,362.6199951171875,21056000,65.69677236947383,6.865193687640556,345.9134979248047,334.11040161132814,0.13052043612080144,10.931849898412027
2025-10-29,383.8289794921875,385.9800109863281,386.4800109863281,373.19000244140625,373.19000244140625,24975200,70.04122148097389,9.057068952406667,348.5429977416992,335.9318017578125,0.15774316574342273,13.728196016768662
2025-10-30,374.3719787597656,376.4700012207031,386.3999938964844,370.05999755859375,386.3999938964844,24295300,63.691306498848036,9.912502424097681,350.45749816894534,337.6378015136719,0.11322375472883506,14.832438425401465
2025-10-31,367.5700988769531,369.6300048828125,378.82000732421875,365.1000061035156,378.2699890136719,21598400,59.51223276889551,9.92411010944727,352.02049865722654,339.2384014892578,0.09238410679646325,15.135599785314232
2025-11-03,360.5295104980469,362.5499877929688,374.8500061035156,361.9800109863281,372.0,17198900,55.456098627236116,9.255321489839673,353.3734985351563,340.60940124511717,0.0806581368931143,14.785557490354671
2025-11-04,349.9786682128906,351.94000244140625,368.95001220703125,351.0,358.5199890136719,24047500,49.96069384059081,7.779487455095534,354.1499984741211,341.76360107421874,0.04616390300597373,14.245732888999544
2025-11-05,356.97943115234375,358.9800109863281,364.8699951171875,350.0899963378906,350.8900146484375,17087600,53.26966053223521,7.096148223992316,354.8239990234375,342.9830010986328,0.03901595075637654,14.13338380499378
2025-11-06,353.60833740234375,355.5899963378906,363.5,352.7099914550781,360.1099853515625,19896900,51.503497027641,6.209472179531872,355.3524993896484,344.0898010253906,0.030635927368833915,13.943834903826838
2025-11-07,347.482666015625,349.42999267578125,354.5,337.2699890136719,354.19000244140625,21903200,48.36551214504832,4.952623451657814,356.5924987792969,344.90540100097655,0.07639462594322177,12.040791528460515
2025-11-10,356.3927307128906,358.3900146484375,360.0,354.6099853515625,357.8999938964844,16409000,52.864123771818676,4.626232344143261,356.6769989013672,346.1254010009766,0.00473788164724076,12.04751394043635
2025-11-11,349.9985656738281,351.9599914550781,361.8900146484375,349.6700134277344,358.9700012207031,16446800,49.52918433351483,3.8048558958322474,357.0684982299805,347.1998010253906,0.02275299003622777,11.741664269680097
2025-11-12,353.2403869628906,355.2200012207031,358.8699951171875,351.67999267578125,358.0400085449219,12190500,51.20973322310252,3.3780249173953507,357.2629989624023,348.25640075683594,0.011072253428721757,11.673624636817838
2025-11-13,338.0853271484375,339.9800109863281,353.54998779296875,334.1600036621094,351.5799865722656,22616600,43.85770448852852,1.7893914549958367,356.5544998168945,348.9340008544922,-0.040011247082777146,12.286424222055816
2025-11-14,340.5514831542969,342.4599914550781,344.739990234375,329.05999755859375,331.4700012207031,18500800,45.235553534775754,0.7221768827598112,356.2110000610352,349.085400390625,-0.019666204967394907,12.591287538812539
2025-11-17,340.74041748046875,342.6499938964844,352.20001220703125,337.5199890136719,339.82000732421875,14799600,45.346222859476114,-0.10703293643263123,355.8815002441406,349.025400390625,-0.018869535340062527,12.866530271704312
2025-11-18,338.6024169921875,340.5,347.9700012207031,335.510009765625,343.20001220703125,21726800,44.25637194011233,-0.9269884852467953,355.7735000610352,349.1020001220703,-0.006303635204064628,12.991806568841769
2025-11-19,352.4448547363281,354.4200134277344,359.69000244140625,337.79998779296875,340.7099914550781,21851900,52.2569796682279,-0.44841140834182625,356.47950134277346,348.79900024414064,0.041492877288482166,12.48027350510439
2025-11-20,344.88720703125,346.82000732421875,376.0799865722656,345.17999267578125,366.0,28867000,48.19024489145353,-0.6746160496985567,356.60600128173826,348.54280029296876,0.007348452515335779,12.36248432241347
2025-11-21,338.30413818359375,340.20001220703125,348.6000061035156,331.79998779296875,345.1600036621094,30280300,44.911641493159,-1.3722447547000343,355.90950164794924,348.14940063476564,-0.03933581589730284,12.89045554372652
2025-11-24,375.8536376953125,377.9599914550781,382.0,347.6600036621094,347.7300109863281,47262400,61.14834963921413,1.1090102427036186,356.7050018310547,348.4268005371094,0.04394421819786709,13.751507397146469
2025-11-25,382.8842468261719,385.0299987792969,388.1300048828125,371.75,384.92999267578125,33507600,63.32780443030235,3.6043643406903243,357.30800170898436,348.9274005126953,0.032335033700089166,14.731738433340206
2025-11-26,395.3543701171875,397.5700073242188,399.8699951171875,383.260009765625,385.54998779296875,28693000,66.87700575024847,6.518681032546112,357.8875015258789,349.955400390625,0.030027452220320328,16.084786547843684
2025-11-28,400.7143249511719,402.9599914550781,403.0,397.1600036621094,399.3500061035156,13365500,68.29725612298542,9.157660866717606,359.21200103759764,351.10760009765625,0.07036414627588194,18.59091583752798
2025-12-01,383.92840576171875,386.0799865722656,395.4200134277344,385.1000061035156,394.8500061035156,23252000,59.66846505443444,9.774323756209242,360.0345001220703,351.93039978027343,0.0445039132974836,19.42142689426453
2025-12-02,379.4435729980469,381.5700073242188,393.5,379.7900085449219,388.30999755859375,22207000,57.57545769479179,9.786305467434431,360.9855010986328,352.7859997558594,0.05246178505489629,20.007902339692606
2025-12-03,378.4888916015625,380.6099853515625,382.29998779296875,370.6499938964844,380.0,21336400,57.116178948804226,9.607585050006548,362.41900024414065,353.6193994140625,0.08146270020819668,20.34984534389832
2025-12-04,378.9065856933594,381.0299987792969,383.8900146484375,376.5299987792969,380.67999267578125,15845900,57.27675098204667,9.391579126883641,363.52149963378906,354.45379943847655,0.06142399888056316,20.74714999599216
2025-12-05,388.0652160644531,390.239990234375,393.5299987792969,385.1499938964844,386.1700134277344,24779900,60.747509399177446,9.850017347327764,365.2539993286133,355.53659912109373,0.09744366898206858,21.48362695753159
2025-12-08,398.8647155761719,401.1000061035156,407.2900085449219,397.3999938964844,402.4800109863281,30410600,64.41817060618179,10.963267733563498,367.8375,356.8679992675781,0.14786942881481968,22.560358594730225
2025-12-09,404.0257873535156,406.2900085449219,406.92999267578125,395.510009765625,398.75,24546000,66.05202282028404,12.12455221686821,370.23249969482424,358.43579956054685,0.13365326024351387,24.001146663066656
2025-12-10,410.6685791015625,412.9700012207031,414.6099853515625,399.55999755859375,402.20001220703125,31531000,68.08341608161737,13.429095860637972,373.28300018310546,360.09699951171876,0.1733435937232426,25.393269100317347
2025-12-11,404.1053161621094,406.3699951171875,409.29998779296875,394.19000244140625,404.8299865722656,45681600,64.00804020578059,13.771639871167054,375.8404998779297,361.55659912109377,0.14399525285937997,26.04571427003845
2025-12-12,357.92413330078125,359.92999267578125,382.0,355.1499938964844,379.9599914550781,95588500,44.034597025981284,10.178457463906227,376.83799896240237,361.99159912109377,0.05867986659443747,24.959414311097827
2025-12-15,337.916259765625,339.8099975585937,362.0,337.510009765625,361.8900146484375,65894900,38.438275884830176,5.642278389451576,376.70549926757815,362.02039916992186,-0.007738112371097339,25.15776458221817
2025-12-16,339.3979797363281,341.29998779296875,347.5,335.05999755859375,336.0199890136719,58061100,39.05597921075598,2.142852086117216,376.6379989624023,362.13659912109375,-0.003939898227237282,25.25556835691575
2025-12-17,324.203125,326.0199890136719,346.6099853515625,321.4200134277344,346.6099853515625,73300900,35.15979016583803,-1.8422009269361297,375.91399841308595,361.928798828125,-0.04252572976895186,26.521863229221413
2025-12-18,328.0415954589844,329.8800048828125,336.0299987792969,323.6300048828125,336.0,54501900,36.873028942903055,-4.6354782219390245,374.68699798583987,361.61639892578125,-0.06923990636867783,28.08989509514288
2025-12-19,338.46319580078125,340.3599853515625,343.45001220703125,332.5799865722656,333.3399963378906,159095200,41.400188192548406,-5.93510753850029,374.363996887207,361.52319885253905,-0.018626439756162072,28.461876585254682
2025-12-22,340.19683837890625,341.45001220703125,346.239990234375,337.2200012207031,346.0299987792969,28739600,41.86716331404522,-6.798745373107806,374.426496887207,361.85959899902343,0.003674309098023576,28.38417310072887
2025-12-23,348.0379333496094,349.32000732421875,350.1099853515625,338.5400085449219,340.80999755859375,28232600,45.258979881421006,-6.7701002441715445,372.99449768066404,361.71199890136717,-0.0757751740352215,28.914030622005473
2025-12-24,348.93463134765625,350.2200012207031,352.8599853515625,347.1400146484375,350.69000244140625,11424400,45.64951853252451,-6.598710954896035,371.2539978027344,361.833798828125,-0.09040853354012868,29.197728620384925
2025-12-26,350.8376159667969,352.1300048828125,353.25,347.75,351.05999755859375,15028100,46.52150477544722,-6.236867647461793,368.98199768066405,361.84979919433596,-0.11429434213921963,28.807523535003533
2025-12-29,348.1076965332031,349.3900146484375,350.3299865722656,344.69000244140625,348.7200012207031,21946900,45.39631358486534,-6.100871483439676,366.30349884033205,361.754599609375,-0.13294118012361678,27.959980281620567
2025-12-30,348.56597900390625,349.8500061035156,352.67999267578125,349.29998779296875,349.9700012207031,16633600,45.63404415400816,-5.888101706282896,364.4919998168945,361.765,-0.09384060746170941,27.784345110922924
2025-12-31,344.8297424316406,346.1000061035156,349.8800048828125,345.4200134277344,349.7300109863281,15346100,43.95397406216435,-5.953446163424587,362.7184997558594,361.7022003173828,-0.09295804318960643,27.76890335250773
2026-01-02,346.3441467285156,347.6199951171875,360.6600036621094,345.55999755859375,352.7799987792969,25398600,44.84042201581537,-5.815543738004294,361.0690002441406,361.80140014648435,-0.08667662831783762,27.629666062077977
2026-01-05,342.15960693359375,343.4200134277344,355.0299987792969,336.5,354.739990234375,31136000,42.824860725125795,-5.976267798864967,359.1885009765625,361.8638006591797,-0.0987061004961639,27.479073579108263
2026-01-06,342.50830078125,343.7699890136719,349.04998779296875,338.0,343.6000061035156,27135500,43.05456035934933,-6.006167312070033,356.86500091552733,361.8534002685547,-0.11908057191369248,26.667990556296864
2026-01-07,342.2392883300781,343.5,349.70001220703125,335.8800048828125,341.70001220703125,20249300,42.91133559027344,-5.982684090605403,353.98500061035156,361.64080017089844,-0.14360509904517493,24.67520832977537
2026-01-08,331.2597351074219,332.4800109863281,343.67999267578125,330.5,342.7799987792969,24385200,37.43712815141591,-6.775194261880642,350.29450073242185,361.0494006347656,-0.18166825667934894,21.79172604085326
2026-01-09,343.70391845703125,344.9700012207031,347.3900146484375,333.5,337.9200134277344,22482500,45.86626041664547,-6.322544100885409,346.8945007324219,360.4894006347656,-0.1646608707630045,16.045394627917084
2026-01-12,350.9173278808594,352.2099914550781,353.8999938964844,340.95001220703125,340.95001220703125,20949600,50.06600671502048,-5.318302798208151,344.1865005493164,359.81400024414063,-0.1332775655508004,8.065174635178524
2026-01-13,353.3085021972656,354.6099853515625,359.489990234375,350.9100036621094,352.8800048828125,18308000,51.41169241961195,-4.279444112935607,343.92050018310545,359.3767999267578,-0.01478067244318515,7.592482997269575
2026-01-14,338.642578125,339.8900146484375,350.69000244140625,334.4200134277344,348.9700012207031,30094700,43.643068314636494,-4.590997573863831,343.9245010375977,358.7820001220703,0.00023547597309869772,7.5902237152212715
2026-01-15,341.76104736328125,343.0199890136719,349.67999267578125,341.6700134277344,349.1199951171875,22218800,45.52790952353558,-4.533088540340259,344.0105010986328,358.3914001464844,0.005039558400882438,7.568635338703899
2026-01-16,350.4191589355469,351.7099914550781,354.510009765625,344.04998779296875,346.2699890136719,31291200,50.47982683377568,-3.742839518289884,345.2950012207031,358.3867999267578,0.07879885684042809,6.452357350992192
2026-01-20,331.3793029785156,332.6000061035156,345.3999938964844,331.79998779296875,344.1000061035156,32293900,41.53725778223301,-4.605488380702184,345.4310012817383,357.85919982910156,0.00824542615630608,6.131009451139851
2026-01-21,327.5932312011719,328.79998779296875,335.79998779296875,324.20001220703125,335.510009765625,32006600,40.019083592493885,-5.532004039778826,344.8530014038086,357.32339965820313,-0.0339640323660646,7.102223487387468
2026-01-22,324.2953796386719,325.489990234375,336.989990234375,324.8900146484375,335.3500061035156,24275400,38.69249226448546,-6.458909229885876,344.0550003051758,356.844599609375,-0.046741898966397466,8.300284528531526
2026-01-23,318.8753356933594,320.04998779296875,321.989990234375,314.1099853515625,319.29998779296875,30259500,36.54816206892762,-7.545471505439423,342.5914993286133,356.07779907226563,-0.08379142023801478,9.772903911674646
2026-01-26,323.6577453613281,324.8500061035156,328.67999267578125,317.6000061035156,319.79998779296875,25006400,39.722468842178216,-7.927871012733249,341.32299957275393,355.53559936523436,-0.07244016626337602,10.359506375651101
2026-01-27,331.568603515625,332.7900085449219,334.760009765625,327.0199890136719,329.760009765625,25537600,44.65474628071862,-7.5037351497574605,340.3559997558594,355.0869995117188,-0.0549228866319611,10.199037296642825
2026-01-28,332.0169372558594,333.239990234375,339.989990234375,326.70001220703125,338.8500061035156,23001700,44.929768531811995,-7.050026345706044,339.5484985351562,354.9521990966797,-0.046223485895305116,10.084824127030819
2026-01-29,329.51617431640625,330.7300109863281,335.95001220703125,320.2799987792969,332.55999755859375,20447500,43.62747902728065,-6.814440569205544,338.5924987792969,354.7175994873047,-0.05465197880125283,9.962391991340894
2026-01-30,330.0840759277344,331.29998779296875,338.20001220703125,328.3299865722656,332.44000244140625,28313000,44.02425464898808,-6.506739140714444,337.85249786376954,354.4905993652344,-0.04276225960574043,9.924986683688344
2026-02-02,329.8947448730469,331.1099853515625,336.05999755859375,325.75,326.1099853515625,17278200,43.913296234498134,-6.206668539465056,337.0269973754883,354.3027990722656,-0.04749441918627051,9.754972561981221
2026-02-03,319.1543273925781,320.3299865722656,338.8999938964844,308.6499938964844,336.739990234375,36914800,38.053213098665836,-6.760782147211103,335.8724960327148,353.6209985351563,-0.06723553069899224,10.30914860062213
2026-02-04,306.91937255859375,308.04998779296875,319.510009765625,295.29998779296875,319.510009765625,43330300,32.69994432855205,-8.097471832002043,334.0864959716797,352.84559814453127,-0.10390668866467723,11.848202167707727
2026-02-05,309.3703918457031,310.510009765625,326.5299987792969,306.70001220703125,314.3399963378906,42775800,34.68231048733564,-8.856215879737476,332.43699645996094,352.2517980957031,-0.0960407284843523,12.732134373682195
2026-02-06,331.6981506347656,332.9200134277344,335.0,316.29998779296875,320.1000061035156,33003400,49.32575806891035,-7.562055330077101,332.45899658203126,351.35099853515624,0.0013233951722420034,12.732592747736955
2026-02-09,342.67767333984375,343.94000244140625,352.3399963378906,330.6499938964844,330.7699890136719,30091000,54.703512496182434,-5.582847168083617,332.4074966430664,350.5291986083984,-0.0029857633291362484,12.681305463917758
2026-02-10,339.1905212402344,340.44000244140625,348.010009765625,339.8399963378906,347.4700012207031,19542700,52.787423242908986,-4.247765591956693,331.8189971923828,349.3865985107422,-0.033417533003668454,11.96695092341741
2026-02-11,341.50201416015625,342.760009765625,347.20001220703125,333.739990234375,346.79998779296875,17004700,53.93912156239044,-2.9682821136636335,331.22649841308595,348.18259887695314,-0.03341692584936484,11.03631777945398
2026-02-12,329.9545593261719,331.1700134277344,346.2900085449219,329.55999755859375,343.8299865722656,22007300,47.681496566111896,-2.8565693286941496,330.7904983520508,347.0843994140625,-0.025655361572544555,10.846660044702746
2026-02-13,323.9765930175781,325.1700134277344,334.32000732421875,324.69000244140625,329.8500061035156,18397200,44.7848881201254,-3.215124048975099,329.8979995727539,345.95639953613284,-0.05203771254632639,10.516776011643538
2026-02-17,331.31951904296875,332.5400085449219,335.75,316.30999755859375,319.67999267578125,23469700,48.89193785436298,-2.8714835606563156,328.9395004272461,344.995,-0.05450508480253036,9.217522744032006
2026-02-18,332.28594970703125,333.510009765625,337.8800048828125,327.2300109863281,329.5199890136719,13565300,49.42514555275501,-2.4921470856990595,328.98500061035156,344.0446002197266,0.0027360302026757655,9.238764538249615
2026-02-19,332.7641906738281,333.989990234375,338.44000244140625,329.67999267578125,333.010009765625,15180900,49.70476655833589,-2.1282565669496876,329.2445007324219,342.9196002197266,0.015784679544070368,9.305939017067058
2026-02-20,331.4291076660156,332.6499938964844,340.1099853515625,329.5799865722656,332.3599853515625,17658900,48.892051803938635,-1.9257978163431062,329.60250091552734,341.55059997558595,0.021997615524070868,9.291612717042204
2026-02-23,329.1275939941406,330.3399963378906,338.5,325.32000732421875,332.25,16472400,47.451648840010805,-1.9295031837460783,330.11700134277345,340.03159973144534,0.03215125429587018,9.01561933983441
2026-02-24,324.2953796386719,325.489990234375,328.30999755859375,314.45001220703125,322.5400085449219,23614400,44.48814503858396,-2.2973126828892987,330.1490005493164,338.28199951171877,0.001970091176958233,8.997057891911165
2026-02-25,331.0903625488281,332.3099975585937,335.9100036621094,329.2799987792969,330.739990234375,20182300,49.28460912662381,-2.0152561485721776,330.125,336.80079956054686,-0.0014423840079422767,8.990279627439506
2026-02-26,320.5193176269531,321.70001220703125,326.5799865722656,307.92999267578125,326.5,33025300,43.05233189811972,-2.6176864001740228,329.5480010986328,336.03619995117185,-0.03462963139336139,9.148759272564515
2026-02-27,318.377197265625,319.54998779296875,320.0,310.0,310.70001220703125,28004200,41.896158580526844,-3.2313566485602223,328.98899993896487,335.63099975585936,-0.03380407831759047,9.410547288393728
2026-03-02,317.6498718261719,318.82000732421875,320.0400085449219,307.20001220703125,309.3599853515625,20567200,41.48876953226756,-3.733559910204008,328.36500091552733,335.18140014648435,-0.03766972812733338,9.659709746612444
2026-03-03,312.68817138671875,313.8399963378906,315.8800048828125,307.3999938964844,313.0,20826200,38.72245372522409,-4.4817421464672975,327.5015014648437,334.93780029296875,-0.05215786227447994,10.160340980050226
2026-03-04,316.3646240234375,317.5299987792969,322.6400146484375,311.739990234375,315.67999267578125,34895800,41.81802426226904,-4.722491656516127,327.3615020751953,334.69080017089846,-0.008740948117066383,10.282909405923661
2026-03-05,331.54864501953125,332.7699890136719,336.1199951171875,323.0299987792969,330.17999267578125,57076600,52.49245341992691,-3.6415697820855826,328.59750213623045,334.53900024414065,0.08024672033850777,9.275858635902452
2026-03-06,329.26708984375,330.4800109863281,343.510009765625,327.3999938964844,328.2799987792969,39152200,50.97896697693782,-2.935870608777577,329.59600219726565,334.31960021972657,0.06431355058658683,8.243772536724817
2026-03-09,344.48101806640625,345.75,348.489990234375,323.6099853515625,327.25,40605800,59.38771248093744,-1.131396399439609,330.2375015258789,334.2482000732422,0.03853774496813345,8.982169746330905
2026-03-10,341.3226318359375,342.5799865722656,353.1400146484375,340.79998779296875,348.7300109863281,29531700,57.19435715670889,0.042380287708965625,330.16950073242185,334.09539978027345,-0.003954224165513609,8.877511556583443
2026-03-11,340.3163757324219,341.57000732421875,345.80999755859375,338.2200012207031,342.5899963378906,20104100,56.478654271336886,0.8809547859132181,330.2260009765625,333.8841998291016,0.0033192482514066146,8.949620741602091
2026-03-12,334.7369384765625,335.9700012207031,339.8299865722656,332.20001220703125,337.739990234375,21982700,52.55194193104013,1.0811940935031998,329.8865005493164,333.61579956054686,-0.019809803802855575,8.569853737713261
2026-03-13,320.9776306152344,322.1600036621094,338.32000732421875,321.42999267578125,337.67999267578125,34725000,44.36096795970173,0.12410321479268305,329.43600006103514,333.06199951171874,-0.027206599028601675,8.734076650111051
2026-03-16,323.7275085449219,324.9200134277344,329.20001220703125,320.05999755859375,326.0199890136719,31363100,46.166885771677016,-0.40699687371750315,329.42350006103516,332.6383996582031,-0.0007688285809772655,8.740679763963131
2026-03-17,320.1307373046875,321.3099975585937,327.44000244140625,317.25,325.760009765625,38026500,44.148440588731525,-1.1064412645475272,328.86199951171875,332.11219970703127,-0.033770405658756,8.889381046407276
2026-03-18,314.77044677734375,315.92999267578125,325.44000244140625,315.54998779296875,320.42999267578125,25460600,41.253713222292745,-2.0710041680769677,327.9829986572266,331.56239929199216,-0.05271211230570905,9.266750875027498
2026-03-19,318.6661376953125,319.8399963378906,323.2699890136719,308.510009765625,312.4700012207031,23524800,44.12130754427988,-2.491205533487914,327.27549896240237,331.08379943847655,-0.04236652088451731,9.323976411770749
2026-03-20,309.3703918457031,310.510009765625,321.510009765625,309.9200134277344,320.1199951171875,43325900,39.203709865214925,-3.536305753936574,326.1684997558594,330.42399963378904,-0.06655639421941184,9.945857835942887
2026-03-23,322.0003967285156,322.510009765625,326.4800109863281,314.92999267578125,318.0,27369200,47.33422416160789,-3.357551730026728,325.7770004272461,330.224599609375,-0.023702811221977038,9.927101141907599
2026-03-24,317.78704833984375,318.2900085449219,324.3999938964844,314.8399963378906,320.0,19799000,45.052436456953494,-3.5158778573326117,325.41700134277346,329.69099975585937,-0.022120439661657887,10.06761376193447
2026-03-25,318.30621337890625,318.8099975585937,324.29998779296875,316.7200012207031,322.5899963378906,19900000,45.40169369709615,-3.558374954759927,324.74200134277345,329.0229998779297,-0.04062471818236424,10.033645222327594
2026-03-26,308.9310607910156,309.4200134277344,316.9200134277344,309.1700134277344,314.0199890136719,20343700,40.40699898354078,-4.300177683071979,324.1280014038086,328.11920043945315,-0.03817220489066697,10.589906787942406
2026-03-27,300.2048645019531,300.67999267578125,307.5,298.8699951171875,307.05999755859375,23593900,36.39375094941845,-5.529566915574037,323.1845016479492,327.335,-0.059051778557453916,11.791664001745925
2026-03-30,292.94635009765625,293.4100036621094,304.7699890136719,289.9599914550781,300.8699951171875,28054500,33.42033178561644,-7.0096907436611104,321.91400146484375,326.3428002929688,-0.0797001539375447,13.52777253219393
2026-03-31,309.02093505859375,309.510009765625,310.30999755859375,296.3399963378906,299.3900146484375,29289500,44.27792501634353,-6.8051184326949965,321.69750213623047,325.49880065917966,-0.013796796529413125,13.697375807203006
2026-04-01,312.99462890625,313.489990234375,315.7900085449219,310.4800109863281,313.3699951171875,19171000,46.59639817970969,-6.249798454428685,321.49550170898436,325.11660034179687,-0.012723234215517132,13.79153642066518
2026-04-02,314.0529479980469,314.54998779296875,314.69000244140625,301.75,304.489990234375,14021100,47.226196927161006,-5.658937715164939,320.5845016479492,324.8316003417969,-0.054752537254657785,13.608145272434673
2026-04-06,313.9331359863281,314.42999267578125,316.3999938964844,310.2799987792969,315.05999755859375,12111300,47.15839630738121,-5.141095575914392,319.78200073242186,324.610400390625,-0.04856577637674686,13.466385946207621
2026-04-07,333.4422607421875,333.9700012207031,334.1499938964844,321.79998779296875,326.7300109863281,33310900,57.78634609301036,-3.118043695984568,319.19300079345703,324.8888006591797,-0.03407085691770606,12.493264315589938
2026-04-08,350.0759582519531,350.6300048828125,354.1400146484375,342.5299987792969,351.75,31573100,64.36689598815465,-0.1684951367146823,319.5955017089844,325.40440063476564,0.023498215383486176,13.384290466380854
2026-04-09,354.34918212890625,354.9100036621094,358.70001220703125,351.5,352.29998779296875,20514900,65.84015260077746,2.485749308203765,320.2625015258789,325.8468005371094,0.03905494057394887,14.795061001153428
2026-04-10,370.9628601074219,371.5499877929688,376.54998779296875,360.82000732421875,360.94000244140625,29958100,70.88091684648765,5.864364068271641,322.0415008544922,326.6130004882813,0.10590227235464611,18.46670788093945
2026-04-13,379.1499328613281,379.75,380.8599853515625,369.4800109863281,369.6600036621094,24115800,72.99567209541547,9.098728582637591,324.9210006713867,327.59340026855466,0.1787620923865294,22.529271189231533
2026-04-14,380.17828369140625,380.7799987792969,382.2799987792969,376.32000732421875,377.8999938964844,24423000,73.25838232552351,11.611250784746971,327.71399993896483,328.58300048828124,0.17191918947149243,25.76003015333296
2026-04-15,396.0931091308594,396.7200012207031,397.0799865722656,385.57000732421875,389.8800048828125,29559300,76.98925663169467,14.718996285603055,331.4845001220703,329.89520080566405,0.23469547861907958,29.951265196282957
2026-04-16,397.8403625488281,398.4700012207031,399.67999267578125,392.3500061035156,395.0,18872900,77.36266376693513,17.12570291692208,335.6115005493164,331.4580010986328,0.2612604388897872,33.205072104084714
2026-04-17,405.8976135253906,406.5400085449219,406.7300109863281,399.80999755859375,400.8999938964844,20581700,79.05091683602274,19.45989584291408,339.94650115966795,333.42780151367185,0.2710730777880519,36.53061279390675
2026-04-20,398.9985046386719,399.6300048828125,406.4200134277344,395.8999938964844,405.70001220703125,16922000,73.96436152754394,20.51568891623907,344.40250091552736,335.21020141601565,0.2870116656930186,38.15047952065555
2026-04-21,401.5345153808594,402.1700134277344,403.6000061035156,394.57000732421875,399.4100036621094,16275500,74.61106170983992,21.31170196113152,348.3855010986328,336.59520141601564,0.24700009689621738,39.864402528010864
2026-04-22,421.98211669921875,422.6499938964844,423.20001220703125,404.8599853515625,406.9800109863281,23702500,79.1154764142209,23.326221142401835,353.60350036621094,338.1694012451172,0.32787703839228,42.46309052436819
2026-04-23,419.27642822265625,419.9400024414063,429.30999755859375,417.79998779296875,422.3900146484375,19501600,77.16457701861236,24.422540599773754,358.6600006103516,339.7594012451172,0.3172108956972908,44.09185797633577
2026-04-24,422.09197998046875,422.760009765625,425.0,408.8599853515625,424.9800109863281,22491100,77.77863744510691,25.228118643808898,364.3270004272461,341.35940124511717,0.3662982076767358,44.70940319897989
2026-04-27,417.5391845703125,418.2000122070313,422.75,414.6300048828125,420.4800109863281,17451600,74.2993820572402,25.208009116440735,370.20300140380857,343.1000012207031,0.3908474870091212,43.61343105943681
2026-04-28,399.19818115234375,399.8299865722656,405.80999755859375,394.6499938964844,400.30999755859375,25519200,62.22370057451432,23.439567879217236,375.5240005493164,344.59320068359375,0.3627005950100781,40.10173189371604
2026-04-29,404.809326171875,405.4500122070313,405.6400146484375,396.7799987792969,403.5,15962500,64.1437169491112,22.235240545941224,380.32100067138674,346.05140075683596,0.3099738277093411,37.439301126349285
2026-04-30,416.7703857421875,417.4299926757813,418.3800048828125,404.2300109863281,415.5199890136719,21821600,67.89021425798165,21.99395414790797,385.518000793457,347.72980041503905,0.33155764355888206,34.794767629883346
2026-05-01,420.6142883300781,421.2799987792969,423.1700134277344,413.2799987792969,415.0899963378906,11882600,69.01083840281298,21.861391740066495,390.85450134277346,349.4756005859375,0.33931017367127003,31.351771629936913
2026-05-04,415.84185791015625,416.5,423.8299865722656,409.5299987792969,418.2200012207031,15140400,65.93414650639991,21.127089190388517,395.9580017089844,351.1526007080078,0.32461918297172865,26.129041977932832
2026-05-05,426.6846923828125,427.3599853515625,433.3900146484375,419.3500061035156,421.6600036621094,21175200,69.2846377191286,21.17733999358154,400.6275009155273,353.09300048828123,0.27963584690094034,22.570705017044617
2026-05-06,424.7677307128906,425.4400024414063,437.67999267578125,417.7799987792969,435.55999755859375,20707000,68.0110712064786,20.82221204320939,404.36800079345704,355.09200073242187,0.213358801348438,19.888348361020697
2026-05-07,411.9080810546875,412.55999755859375,426.489990234375,406.29998779296875,421.82000732421875,22791700,60.03818471207521,19.279222951346355,407.25050048828126,356.6970007324219,0.1624355281666554,16.17376181057546
2026-05-08,429.3205261230469,430.0,435.0,414.0,419.79998779296875,22561400,65.87210699947605,19.241847385225697,410.1730010986328,358.8630004882813,0.15731399307594685,14.586247625354014
2026-05-11,427.75299072265625,428.4299926757813,433.6499938964844,425.04998779296875,427.6199951171875,16825500,64.95281552331114,18.868041472683842,412.60700073242185,361.0406005859375,0.12818957913306472,13.242049128339358
2026-05-12,418.6374206542969,419.2999877929688,429.3399963378906,408.4100036621094,423.42999267578125,19004300,59.73228298633765,17.631833699012873,414.53300018310546,363.0502001953125,0.10116074672293496,10.976851197472127
2026-05-13,416.13140869140625,416.7900085449219,418.6300048828125,404.79998779296875,415.80999755859375,16981200,58.34394120749371,16.2621360024292,415.53650054931643,365.1092004394531,0.05058985496688728,10.148852351578093
2026-05-14,439.0950622558594,439.7900085449219,442.3599853515625,415.5899963378906,416.7300109863281,19733800,66.11582915305726,16.838445374023877,417.60250091552734,367.5544006347656,0.10369665770982994,10.683447545087715
2026-05-15,424.51812744140625,425.1900024414063,432.80999755859375,419.79998779296875,432.80999755859375,18957100,58.63705547225999,15.933405843522564,418.5350006103516,369.4028009033203,0.04587492867734233,10.479014884050127
2026-05-18,420.0451965332031,420.7099914550781,422.010009765625,414.3699951171875,421.4100036621094,17863300,56.52419858795275,14.685372219935289,419.58899993896483,371.2074005126953,0.052748758388267536,9.490989455058953
2026-05-19,410.4204406738281,411.0700073242188,417.95001220703125,405.8599853515625,409.82000732421875,20652100,52.168218769048075,12.77121184662957,420.03399963378905,372.5138006591797,0.02212992913277878,8.815925737008593
2026-05-20,417.0998840332031,417.760009765625,424.1700134277344,411.4200134277344,412.80999755859375,16312600,54.77307153246327,11.659648081141711,419.7895004272461,374.01740112304685,-0.01156981947586877,8.807360534493787
2026-05-21,413.9149169921875,414.5700073242188,422.25,410.5,413.54998779296875,16865300,53.28300801015911,10.401418177457685,419.52100067138673,375.4774011230469,-0.012787529375548723,8.8840513728845
2026-05-22,413.485595703125,414.1400146484375,419.989990234375,410.2099914550781,417.489990234375,14086400,53.07341853243622,9.262789427757411,419.09000091552736,377.0408013916016,-0.020389807261964932,8.927631919173217
2026-05-26,421.3431701660156,422.010009765625,435.30999755859375,417.0,418.5,22562900,56.44992608681598,8.892948400414468,419.280500793457,379.03780151367187,0.009110467353854457,8.94826707632072
2026-05-27,421.193359375,421.8599853515625,432.79998779296875,416.489990234375,425.07000732421875,17601000,56.366664764088554,8.489875010913806,420.3820007324219,380.97660095214843,0.0550984156244998,7.6962854489411505
2026-05-28,425.9059143066406,426.5799865722656,429.67999267578125,414.010009765625,421.1400146484375,17855600,58.443416668133004,8.453850372803743,421.4384994506836,383.0820007324219,0.05211486922941533,6.953039247752001
2026-05-29,446.06402587890625,446.7699890136719,448.8999938964844,431.4700012207031,432.95001220703125,41798400,65.91635196965231,9.939884251401736,422.90549926757814,385.6988006591797,0.07028722624796879,8.888563937338057
2026-06-01,459.2431640625,459.9700012207031,466.04998779296875,442.2200012207031,450.0899963378906,30586000,69.74676694103931,12.043873201275574,424.8399993896484,388.50140075683595,0.0918391629166222,12.133932514895628
2026-06-02,480.8090515136719,481.5700073242188,488.82000732421875,470.4599914550781,488.7900085449219,38306700,74.74783338794711,15.278122885915536,428.0934997558594,391.9226007080078,0.156230509782038,17.372765990455115
2026-06-03,478.4727478027344,479.2300109863281,495.0,472.6400146484375,494.7799987792969,50126400,73.33354013382345,17.451303154495008,430.68700103759767,395.0570007324219,0.12137314538724397,20.79261853398706
2026-06-04,418.248046875,418.9100036621094,426.4800109863281,403.010009765625,408.989990234375,80979400,48.079468413333956,14.143209582310533,430.3605010986328,397.0694006347656,-0.015348812386762556,20.93016125520535
2026-06-05,385.1204833984375,385.7300109863281,410.5,385.5899963378906,407.6099853515625,51146100,39.93314173463638,8.743385178886513,429.01900177001954,398.4078009033203,-0.065032932739571,22.89839303212676
2026-06-08,395.9732971191406,396.6000061035156,402.8399963378906,391.3500061035156,402.6199951171875,37099000,43.32127131351063,5.280235924254271,427.3490020751953,400.1514007568359,-0.07767440441042883,24.013858508111728
2026-06-09,391.5403137207031,392.1600036621094,407.8699951171875,370.3299865722656,401.6099853515625,37026900,42.272403922904665,2.1525804909771864,425.5355026245117,401.9810009765625,-0.08465791292328972,25.264874797349957
2026-06-10,371.51202392578125,372.1000061035156,385.80999755859375,371.1700134277344,381.5,38193500,37.817442975501685,-1.9226203573297767,423.1755035400391,403.55480102539065,-0.11256852626658886,27.94076704824952
2026-06-11,384.9607238769531,385.5700073242188,389.5,370.54998779296875,372.82000732421875,35187600,42.22076253311765,-4.019001319367931,421.61450347900393,405.0760009765625,-0.07490582926806932,29.161715328528683
2026-06-12,381.4662780761719,382.0700073242188,384.9800109863281,377.0,383.7200012207031,27600900,41.40040844659423,-5.8948667304306355,418.72850341796874,406.4476013183594,-0.13124445780765692,30.109052181265724
2026-06-15,393.3175048828125,393.9400024414063,396.20001220703125,388.6000061035156,395.510009765625,32394200,45.2833591750269,-6.350489687237712,417.16600341796874,408.0354016113281,-0.07349655405951472,30.563511206273933
2026-06-16,376.1147155761719,376.7099914550781,391.7900085449219,376.4599914550781,390.2099914550781,31573700,41.03304764917064,-8.009562798320871,414.96600341796875,409.28100158691404,-0.104585108254312,31.8514357113401
2026-06-17,392.2791442871094,392.8999938964844,400.6499938964844,382.6499938964844,388.7099914550781,40005500,46.147875392443275,-7.9266191686775755,414.05750274658203,410.4596014404297,-0.044201749346804986,32.22534773961291
2026-06-18,410.70001220703125,411.3500061035156,412.70001220703125,405.3800048828125,409.5799865722656,45076100,51.32903222733091,-6.299507155505239,413.73700256347655,411.67400146484374,-0.015343746438788108,32.218460934148055
2026-06-22,392.1300048828125,392.1300048828125,414.6400146484375,391.9100036621094,413.6600036621094,26403700,46.328527626905206,-6.486134511446153,412.61500244140626,412.4184014892578,-0.05412837891057776,32.576667498381134
2026-06-23,380.1499938964844,380.1499938964844,391.0199890136719,376.6600036621094,377.8699951171875,33122200,43.48486930343877,-7.514106854623321,410.9155014038086,412.5904016113281,-0.08207374209132434,33.36988169525888
2026-06-24,382.07000732421875,382.0700073242188,388.739990234375,376.9599914550781,386.6199951171875,29938700,44.077315153519635,-8.080703979918553,408.91850128173826,412.6368017578125,-0.09464231064942741,33.86245033095397
2026-06-25,378.9100036621094,378.9100036621094,388.79998779296875,372.70001220703125,386.5799865722656,23353700,43.27328598631147,-8.68461137614537,406.7710021972656,412.5994018554687,-0.10181098748595507,34.35682585900332
2026-06-26,365.0199890136719,365.0199890136719,373.69000244140625,363.8299865722656,370.45001220703125,34839300,39.8336930785386,-10.166823622908964,403.69300231933596,411.9654016113281,-0.1443105619024747,35.23508101902558
2026-06-29,372.45001220703125,372.4500122070313,376.2099914550781,360.4599914550781,373.6199951171875,24285200,42.468014023547745,-10.619531383462515,399.9770034790039,411.4450018310547,-0.16634952802160186,34.36111055646243
2026-06-30,377.75,377.75,379.6199951171875,370.6400146484375,374.7900085449219,28517400,44.3401056092503,-10.430405601169753,395.8660034179687,410.86920166015625,-0.1787507902743689,31.61437541970155
2026-07-01,369.3399963378906,369.3399963378906,373.75,368.0299987792969,371.8699951171875,23712600,42.00439793068343,-10.834248592633742,390.25450286865237,410.26340148925783,-0.23305025080344943,24.834801481758834
2026-07-02,360.45001220703125,360.4500122070313,374.0,356.42999267578125,365.7300109863281,26749500,39.62802974353725,-11.736355099602804,384.3155029296875,409.42900146484374,-0.24785592733399464,14.481952727862142
2026-07-06,373.8999938964844,373.8999938964844,383.1600036621094,371.17999267578125,373.6099853515625,24544000,44.723291836683124,-11.23645305320224,382.06500244140625,408.45400146484377,-0.10744553572879068,12.129174137653141
2026-07-07,370.7799987792969,370.7799987792969,372.9599914550781,362.010009765625,366.55999755859375,24116700,43.79982675935317,-10.965629658069133,381.3175018310547,407.4708013916016,-0.03875771078533252,12.350078450078378
2026-07-08,388.69000244140625,388.6900024414063,395.0899963378906,376.8900146484375,377.5199890136719,31624100,50.161587845143885,-9.199763404983798,380.92200164794923,406.7894012451172,-0.01994453741900537,11.955255918046731
2026-07-09,401.1099853515625,401.1099853515625,407.5199890136719,387.92999267578125,402.19000244140625,28074000,54.04639359701356,-6.720641482753706,381.3695007324219,406.4476007080078,0.0228222705168184,12.550721567406827
2026-07-10,399.9700012207031,399.9700012207031,402.44000244140625,395.70001220703125,398.5,14595900,53.633154935224866,-4.79265989050225,382.76300048828125,406.45040100097657,0.07489920628873703,13.006293783631452
2026-07-13,384.04998779296875,384.0499877929688,395.75,383.4200134277344,393.4800109863281,21294500,48.1018761304341,-4.497488376386627,382.68699951171874,406.0224005126953,-0.0039422660019606814,12.993462744402077
2026-07-14,389.1099853515625,389.1099853515625,397.3299865722656,384.6400146484375,395.7200012207031,20118700,49.87145083333833,-3.811328685423746,383.03899841308595,405.45600036621096,0.0184258850273209,13.070995232356124
2026-07-15,394.2799987792969,394.2799987792969,399.0,386.739990234375,396.0899963378906,16324100,51.684178882035845,-2.8178825152441505,383.05599822998045,404.91600036621094,0.0008630662938098332,13.086131331848721
2026-07-16,374.45001220703125,374.4500122070313,386.739990234375,371.8999938964844,384.5400085449219,23407200,44.96740433410008,-3.5893081481873423,382.9429992675781,404.07500061035154,-0.0059992548626529585,13.153397899169134
2026-07-17,370.8299865722656,370.8299865722656,377.3500061035156,357.79998779296875,366.04998779296875,23272200,43.84714548066835,-4.441574627503826,381.83949890136716,402.9444006347656,-0.056172073471788986,13.199790115826707
2026-07-20,378.1600036621094,378.1600036621094,383.5899963378906,375.9599914550781,378.760009765625,14420500,46.740462241749825,-4.473957832023416,380.17999877929685,401.99880065917966,-0.08068555232512631,11.23445021192518
2026-07-21,386.5,386.5,390.5799865722656,379.2200012207031,390.2099914550781,17291100,49.903313046294436,-3.783045160951758,379.89849853515625,401.4776007080078,-0.01435749576086387,10.987072502974844
2026-07-22,396.80999755859375,396.80999755859375,398.5899963378906,380.0,380.20001220703125,16910400,53.57378552919223,-2.376170241210616,380.7314987182617,400.81380065917966,0.04382481633459112,11.62043853853332
2026-07-23,392.7101135253906,392.7101135253906,397.6000061035156,386.82000732421875,392.19000244140625,6002935,51.9439432627902,-1.5738952242193136,381.2635040283203,400.0994030761719,0.027848577478479797,11.924526381722483
