Price,Adj Close,Close,High,Low,Open,Volume,RSI,MACD,SMA20,SMA50,Return_20D,Volatility
Ticker,GOOGL,,GOOGL,GOOGL,GOOGL,GOOGL,,,,,,
Date,,,,,,,,,,,,
2018-01-02,53.18886184692383,53.66049957275391,53.79899978637695,52.6510009765625,52.6510009765625,31766000,,,,,,
2018-01-03,54.09632110595703,54.57600021362305,54.80500030517578,53.67150115966797,53.69649887084961,31318000,,,,,,
2018-01-04,54.30644607543945,54.78799819946289,55.20399856567383,54.7130012512207,54.85449981689453,26052000,,,,,,
2018-01-05,55.02656555175781,55.51449966430664,55.67900085449219,55.09000015258789,55.17250061035156,30250000,,,,,,
2018-01-08,55.22084426879883,55.71049880981445,55.95800018310547,55.5,55.54999923706055,24644000,,,,,,
2018-01-09,55.15046691894531,55.63949966430664,55.922000885009766,55.40999984741211,55.922000885009766,26808000,,,,,,
2018-01-10,55.01913070678711,55.50699996948242,55.638999938964844,55.19900131225586,55.349998474121094,20734000,,,,,,
2018-01-11,55.11379623413086,55.602500915527344,55.74250030517578,55.32400131225586,55.615501403808594,22424000,,,,,,
2018-01-12,56.035621643066406,56.532501220703125,56.564998626708984,55.4005012512207,55.505001068115234,38586000,,,,,,
2018-01-16,56.0380973815918,56.53499984741211,57.444000244140625,56.33300018310547,57.015499114990234,36462000,,,,,,
2018-01-17,56.45440673828125,56.95500183105469,56.965999603271484,56.17449951171875,56.81800079345703,27830000,,,,,,
2018-01-18,56.29928207397461,56.79850006103516,57.02949905395508,56.222999572753906,56.967498779296875,27498000,88.55631376772158,,,,,
2018-01-19,56.6724739074707,57.17499923706055,57.18899917602539,56.625,56.9015007019043,30552000,90.1185425184672,,,,,
2018-01-22,57.696388244628906,58.20800018310547,58.34400177001953,57.090999603271484,57.191001892089844,29550000,92.95874885470103,,,,,
2018-01-23,58.2916145324707,58.80849838256836,58.925498962402344,58.36249923706055,58.53099822998047,39138000,94.03252796718068,,,,,
2018-01-24,58.04975891113281,58.56449890136719,59.352500915527344,58.369998931884766,59.249000549316406,37128000,88.15018653157979,,,,,
2018-01-25,58.587486267089844,59.10699844360352,59.25,58.59199905395508,59.035499572753906,29984000,89.69388433460895,,,,,
2018-01-26,58.856109619140625,59.37799835205078,59.37799835205078,58.4015007019043,59.37649917602539,42170000,90.3688524529508,,,,,
2018-01-29,58.80258560180664,59.32400131225586,59.900001525878906,59.202999114990234,59.400001525878906,31494000,89.11648495912263,,,,,
2018-01-30,58.35108947753906,58.868499755859375,59.39649963378906,58.72549819946289,58.88600158691406,37338000,79.15149759240464,,56.86264972686767,,,1.748961170384945
2018-01-31,58.59145736694336,59.11100006103516,59.316001892089844,58.60499954223633,59.19049835205078,36022000,80.40756847841529,,57.13517475128174,,0.10157379323111515,1.6453179851322586
2018-02-01,58.56023406982422,59.079498291015625,59.372501373291016,58.46799850463867,58.79949951171875,73514000,79.73552327704776,,57.36034965515137,,0.08251792105989542,1.5836549853208928
2018-02-02,55.46815490722656,55.959999084472656,56.564998626708984,55.55849838256836,56.37099838256836,117842000,42.15854858809522,,57.41894969940186,,0.021391562450282287,1.5030952195841367
2018-02-05,52.65261459350586,53.11949920654297,55.7495002746582,52.83700180053711,55.03049850463867,83550000,28.833644704076463,,57.29919967651367,,-0.04314189035740423,1.7396029914342517
2018-02-06,53.744930267333984,54.22150039672852,54.36899948120117,51.5004997253418,51.69900131225586,76630000,37.13517432396785,,57.22474975585938,,-0.026727429208076248,1.840130993443037
2018-02-07,52.30668640136719,52.77050018310547,54.326499938964844,52.73099899291992,54.24850082397461,51942000,31.86455811052143,-0.08563964503397159,57.081299781799316,,-0.051564077651864104,2.0679423142979756
2018-02-08,49.94264602661133,50.385501861572266,53.19649887084961,50.23500061035156,52.993499755859375,66792000,25.466473004702465,-0.5393915563630713,56.82522487640381,,-0.0922676078823561,2.537042679930677
2018-02-09,51.85369873046875,52.3134994506836,52.58599853515625,49.849998474121094,51.29399871826172,98360000,36.55649424205948,-0.7349479007930881,56.66077480316162,,-0.059152041916971876,2.7204378666214395
2018-02-12,52.26456069946289,52.72800064086914,53.278499603271484,52.27450180053711,52.833499908447266,56240000,38.66931426609737,-0.8467204642970287,56.470549774169925,,-0.06729758099648198,2.8593467123154017
2018-02-13,52.24374771118164,52.70700073242188,53.06100082397461,52.34600067138672,52.5,31586000,38.59918008774412,-0.9263175313708842,56.27914981842041,,-0.06771025250414775,2.98036449130703
2018-02-14,53.16358184814453,53.6349983215332,53.77349853515625,52.4900016784668,52.715999603271484,41304000,43.47779427254725,-0.9040952830082176,56.113149642944336,,-0.05829169349111063,3.032738189111231
2018-02-15,54.08838653564453,54.56800079345703,54.70500183105469,53.36149978637695,54.17250061035156,37396000,47.95514140009215,-0.8019540617955982,56.00162467956543,,-0.039270390330400584,3.0471862860207097
2018-02-16,54.29356384277344,54.775001525878906,55.41550064086914,54.57749938964844,54.66899871826172,39948000,48.92188279792363,-0.6962769319139355,55.88162479400635,,-0.04197634880991785,3.0458024440102736
2018-02-20,54.694515228271484,55.179500579833984,55.81449890136719,54.5,54.63800048828125,33754000,50.843401510189125,-0.5732789491337087,55.73019981384277,,-0.052028923751798795,2.9989796817515195
2018-02-21,55.19804763793945,55.6875,56.810001373291016,55.3754997253418,55.45500183105469,41486000,53.223358790649044,-0.42985574450195685,55.57414989471435,,-0.053070533484212645,2.9102592862446843
2018-02-22,55.00723648071289,55.494998931884766,56.27299880981445,55.25749969482422,55.958499908447266,28010000,52.19214876633135,-0.32794470648340024,55.420674896240236,,-0.052412298014399394,2.823916274110064
2018-02-23,55.90873718261719,56.40449905395508,56.45000076293945,55.422000885009766,55.93299865722656,25292000,56.482232392530385,-0.17180989822412585,55.28554992675781,,-0.045722155765141936,2.700188228043171
2018-02-26,56.68238830566406,57.185001373291016,57.209999084472656,56.46699905395508,56.59299850463867,30912000,59.81486957446675,0.014738183843114427,55.175900077819826,,-0.03693282090375527,2.5664703671836846
2018-02-27,55.38439178466797,55.8754997253418,57.212501525878906,55.839500427246094,57.185001373291016,42964000,52.54437150899256,0.056264462163738926,55.00347499847412,,-0.05812995601498028,2.3823553186637416
2018-02-28,54.71086502075195,55.19599914550781,56.38249969482422,55.150001525878906,56.099998474121094,49292000,49.20234946521392,0.0339529306941273,54.81984996795654,,-0.06238481744196356,2.2035976153635373
2018-03-01,53.099647521972656,53.570499420166016,55.563499450683594,53.364498138427734,55.47700119018555,55338000,42.27525518799776,-0.1135840356491471,54.54282493591309,,-0.09373045008794123,1.9718153119002848
2018-03-02,53.73056411743164,54.20700073242188,54.34450149536133,52.50550079345703,52.89899826049805,50162000,45.510275103739936,-0.1771062375256136,54.2992000579834,,-0.08247357712133307,1.6577944765398103
2018-03-05,54.25688934326172,54.73799896240234,55.058998107910156,53.61349868774414,53.90650177001953,28648000,48.122281629137476,-0.1824972065469055,54.23810005187988,,-0.021837028986110063,1.6153375866768171
2018-03-06,54.56119918823242,55.04499816894531,55.28150177001953,54.724998474121094,55.10499954223633,23382000,49.625759420283735,-0.16015119478468876,54.334375,,0.03624843967213409,1.6024887595814237
2018-03-07,55.26197814941406,55.75199890136719,55.810001373291016,54.49549865722656,54.64099884033203,30748000,53.00366448586037,-0.0844196320452113,54.41089992523193,,0.028226782612806645,1.6330666959200302
2018-03-08,55.972679138183594,56.46900177001953,56.571998596191406,55.86000061035156,55.86000061035156,33862000,56.21062344932067,0.0330730705297313,54.595825004577634,,0.07008653649445873,1.646881519134514
2018-03-09,57.531856536865234,58.04199981689453,58.04999923706055,56.714500427246094,56.974998474121094,42662000,62.29022746662227,0.25023018232029415,54.97864990234375,,0.15195835453534867,1.5000062779657597
2018-03-12,57.78411865234375,58.29650115966797,58.90800094604492,57.959999084472656,58.252498626708984,44306000,63.18091645619834,0.43781799602622584,55.27779998779297,,0.11436821798978669,1.5366685155685798
2018-03-13,56.49455261230469,56.99549865722656,58.900001525878906,56.72850036621094,58.59149932861328,43140000,55.91081115501453,0.4760154510594603,55.49117488861084,,0.08093418988941736,1.4582629798834932
2018-03-14,56.93960189819336,57.44449996948242,57.987998962402344,57.11750030517578,57.290000915527344,41870000,57.71904155123263,0.5363353230624952,55.72804985046387,55.88419982910156,0.0898836809385426,1.3639290311833228
2018-03-15,57.024845123291016,57.53049850463867,58.125,56.78300094604492,57.47850036621094,33382000,58.07372106382628,0.5843426805923002,55.92282485961914,55.961599807739255,0.0726298183091676,1.3269465543581742
2018-03-16,56.22245788574219,56.72100067138672,57.84049987792969,56.56800079345703,57.76750183105469,58656000,53.52241249826011,0.5507207810688612,56.03047485351563,56.00449981689453,0.03945535564110014,1.2982725761333396
2018-03-19,54.520057678222656,55.00350189208984,55.96849822998047,54.44599914550781,55.88800048828125,63656000,45.39376547094929,0.3810943670701832,56.041899871826175,56.008809890747074,0.00417161770598895,1.287604293641624
2018-03-20,54.30843734741211,54.790000915527344,55.27750015258789,54.12099838256836,54.91999816894531,54598000,44.489230032988054,0.22682180678053498,56.02242488861084,55.994319915771484,-0.007058774729994388,1.304173553223232
2018-03-21,54.2192268371582,54.70000076293945,55.435001373291016,54.36050033569336,54.628501892089844,44898000,44.09038759999482,0.09618862849211496,55.97304992675781,55.974109954833985,-0.01773287069917928,1.3358296777579313
2018-03-22,52.19467544555664,52.657501220703125,54.19599914550781,52.481998443603516,54.0004997253418,69312000,36.166229876977994,-0.17018990633950892,55.83117504119873,55.914469985961915,-0.05113069223885236,1.5263671772695784
2018-03-23,50.876365661621094,51.32749938964844,53.3390007019043,51.243499755859375,52.56850051879883,49880000,32.11826921941767,-0.48304856366961957,55.5773250579834,55.83087997436523,-0.0900105443618977,1.8199441302625872
2018-03-26,52.24126434326172,52.704498291015625,52.9635009765625,50.52899932861328,52.529998779296875,65984000,39.649715835703866,-0.6128148521961805,55.353299903869626,55.772919921875,-0.07835101818093282,1.8861894364447456
2018-03-27,49.904483795166016,50.34700012207031,53.22700119018555,49.88100051879883,53.19499969482422,60816000,32.91625463319019,-0.8955624837246319,55.07687492370606,55.649209899902345,-0.0989431795768636,2.1867860419428924
2018-03-28,49.817256927490234,50.25899887084961,51.2495002746582,49.20000076293945,50.09550094604492,77698000,32.693063944006695,-1.113902608424361,54.83002490997315,55.523689880371094,-0.0894448936714285,2.436970413901115
2018-03-29,51.40121078491211,51.85699844360352,52.40250015258789,50.20199966430664,50.56050109863281,69338000,40.57298828181461,-1.1447970124745552,54.74434986114502,55.42172981262207,-0.031985906331077896,2.5125301652735845
2018-04-02,50.18648910522461,50.63150024414063,51.97650146484375,49.712501525878906,51.38100051879883,65068000,36.9958484280886,-1.2537164502206224,54.56557483673096,55.29838981628418,-0.06596012396868689,2.674744714780253
2018-04-03,50.486328125,50.93399810791016,51.25,49.86249923706055,50.807498931884766,51322000,38.43863302458656,-1.3006339413708687,54.37537479400635,55.17356979370117,-0.06949470069421082,2.7944119504619196
2018-04-04,51.03297805786133,51.48550033569336,51.637001037597656,49.82550048828125,49.9114990234375,50724000,41.08743740568073,-1.2785761405814284,54.19739990234375,55.03911979675293,-0.06466523665469226,2.862052102472724
2018-04-05,51.17818832397461,51.63199996948242,52.33549880981445,51.20000076293945,52.31949996948242,35836000,41.80376302875385,-1.235037139084234,53.991399955749515,54.89558982849121,-0.07389867651514348,2.8923791128441567
2018-04-06,50.05366516113281,50.497501373291016,51.79999923706055,50.3125,51.154998779296875,40134000,37.95497986170162,-1.2773522009796565,53.69282493591309,54.734249877929685,-0.10574829038148326,2.9311140097145287
2018-04-09,50.556209564208984,51.00450134277344,52.22949981689453,50.959999084472656,51.00199890136719,33220000,40.58751652034229,-1.25550386500192,53.34095001220703,54.57219993591308,-0.12124838041973629,2.8010580686812214
2018-04-10,51.36949157714844,51.82500076293945,52.06050109863281,50.77050018310547,51.51300048828125,36620000,44.678401305503996,-1.1586255413023991,53.017374992370605,54.42113998413086,-0.11101009954274543,2.562063301534937
2018-04-11,50.80252456665039,51.25299835205078,51.79349899291992,50.959999084472656,51.599998474121094,34060000,42.482302609423385,-1.1151498328189362,52.73024997711182,54.259719924926756,-0.10075357599222756,2.4100441184937726
2018-04-12,51.40864562988281,51.86449813842773,52.23249816894531,51.3025016784668,51.57350158691406,32896000,45.56288255282289,-1.0195987981101524,52.45124988555908,54.11963989257813,-0.09713726873798345,2.14385894865129
2018-04-13,51.34669876098633,51.80199813842773,52.64899826049805,51.50749969482422,52.34450149536133,25410000,45.295853918625035,-0.9381032717928974,52.164824867248534,53.97345985412598,-0.09957327878445299,1.7816087956938382
2018-04-16,51.845279693603516,52.30500030517578,52.57149887084961,51.69599914550781,52.27750015258789,29776000,47.94023109520988,-0.8234373359143774,51.944024848937985,53.83796989440918,-0.07785476832108529,1.4252299232874386
2018-04-17,53.493656158447266,53.96799850463867,54.25,52.85449981689453,53.060001373291016,54584000,55.58462558823187,-0.5915546256716055,51.89224967956543,53.7981298828125,-0.01882613564283042,1.323408330362225
2018-04-18,53.29690933227539,53.76950073242188,54.099998474121094,53.5260009765625,53.95050048828125,31126000,54.554896147519166,-0.4189733544540033,51.841224670410156,53.81112991333008,-0.018625664647803575,1.2215568329695312
2018-04-19,53.99372482299805,54.47249984741211,54.8754997253418,53.45100021362305,53.45100021362305,39884000,57.55398409966271,-0.22290578117086568,51.82984962463379,53.81614990234375,-0.004159066039382653,1.1942899520961303
2018-04-20,53.392555236816406,53.86600112915039,54.73749923706055,53.60499954223633,54.2135009765625,42434000,54.228971739141286,-0.11513301289103595,51.890274620056154,53.83805992126465,0.02295019475728788,1.2667430987692518
2018-04-23,53.218597412109375,53.69049835205078,54.400001525878906,53.33399963378906,54.14899826049805,69590000,53.26992722800712,-0.04338382323369672,52.00842456817627,53.90415985107422,0.04603767942139236,1.3205466333815474
2018-04-24,50.682586669921875,51.13199996948242,53.2244987487793,50.643001556396484,52.959999084472656,128220000,41.693770393523565,-0.19077240518016225,51.92979965209961,53.88052986145019,-0.029836131118266662,1.3237305479665864
2018-04-25,50.699928283691406,51.14950180053711,51.80350112915039,50.85049819946289,51.48749923706055,57860000,41.78696388290196,-0.30267758792952293,51.969924736022946,53.848959884643556,0.01593941399728016,1.2848182064006575
2018-04-26,51.707000732421875,52.16550064086914,52.60100173950195,51.022499084472656,51.6609992980957,50926000,47.075348461282516,-0.30585493087841087,52.065249824523924,53.8381298828125,0.03793354051716524,1.2203028919721504
2018-04-27,51.11920928955078,51.5724983215332,52.584999084472656,51.37950134277344,52.277000427246094,40746000,44.5324599007248,-0.35216380417993776,52.05102481842041,53.7968798828125,-0.00548624352756788,1.2245091864224782
2018-04-30,50.48137283325195,50.92900085449219,51.91849899291992,50.915000915527344,51.72100067138672,34492000,41.88822017565304,-0.43576555351996404,52.06589984893799,53.7240998840332,0.00587580081405914,1.2080539948070197
2018-05-01,51.58012390136719,52.03749847412109,52.08649826049805,50.53049850463867,50.814998626708984,35326000,47.654265411763994,-0.40787234982998655,52.12107486724854,53.66934982299804,0.02166530033383629,1.1784739031309461
2018-05-02,50.85158920288086,51.3025016784668,52.19900131225586,51.15800094604492,51.70000076293945,34698000,44.50128153281383,-0.4400028052837115,52.111924934387204,53.591809844970705,-0.0035543727075270093,1.184364069240634
2018-05-03,50.86397933959961,51.31499862670898,51.53450012207031,50.394500732421875,51.26850128173828,39282000,44.568436834670486,-0.4591650545083823,52.09607486724853,53.504359817504884,-0.006139629357003629,1.1932129513258074
2018-05-04,52.0881233215332,52.54999923706055,52.59400177001953,50.90250015258789,50.980499267578125,36892000,50.892459511369154,-0.3704269953314778,52.19869976043701,53.445459823608395,0.04064553310463648,1.1353496688571778
2018-05-07,52.507408142089844,52.97299957275391,53.25,52.51350021362305,52.69449996948242,34400000,52.875542458139705,-0.2629378681109955,52.29712467193603,53.376829833984374,0.03859459808755461,1.1114485478405374
2018-05-08,52.464290618896484,52.929500579833984,53.26150131225586,52.582000732421875,53.23099899291992,26030000,52.640128175362804,-0.1791963021385783,52.35234966278076,53.29171981811523,0.021312104209062932,1.1141917515827922
2018-05-09,53.96894454956055,54.4474983215332,54.70000076293945,53.105499267578125,53.20500183105469,47160000,59.42863418944558,0.009549146917109397,52.512074661254886,53.26315979003906,0.06232806025395399,1.1755821630987933
2018-05-10,54.78768539428711,55.27349853515625,55.47050094604492,54.694000244140625,54.75,36414000,62.57239465196805,0.22320956823930516,52.68252468109131,53.26470977783203,0.06572897683555734,1.3155530615019406
2018-05-11,54.684104919433594,55.16899871826172,55.45050048828125,54.861000061035156,55.02050018310547,30504000,61.918704810253885,0.37972746771964694,52.850874710083005,53.29667976379395,0.06499750397342852,1.4090554655489265
2018-05-14,54.84368896484375,55.33000183105469,55.907501220703125,55.2400016784668,55.278499603271484,39338000,62.567549340200735,0.5108716262507542,53.00212478637695,53.3191397857666,0.05783388793097033,1.5063701491595218
2018-05-15,53.76673889160156,54.243499755859375,54.95600128173828,53.93899917602539,54.845001220703125,35738000,55.6737253590709,0.5211254695145229,53.01589984893799,53.309249801635744,0.005104900290067604,1.516890417364562
2018-05-16,53.72808074951172,54.204498291015625,54.71900177001953,54.08150100708008,54.25450134277344,25628000,55.437595735422775,0.5201091276451635,53.03764972686768,53.29243980407715,0.008090042731816682,1.5313146235330783
2018-05-17,53.58782958984375,54.0629997253418,54.54999923706055,53.82099914550781,54.073001861572266,25738000,54.53389934725852,0.5020980439884042,53.01717472076416,53.25865982055664,-0.007517556991461727,1.5137567120477824
2018-05-18,53.011932373046875,53.48199844360352,53.686500549316406,53.23400115966797,53.29999923706055,35482000,50.867275390099415,0.43591720048346616,52.99797458648682,53.19891975402832,-0.007128850805653397,1.5048327446971006
2018-05-21,53.724117279052734,54.20050048828125,54.665000915527344,53.900001525878906,53.95000076293945,25180000,54.905231400902004,0.43641479730735,53.02347469329834,53.12208976745605,0.009498927219605324,1.5214152772372527
2018-05-22,53.29293441772461,53.76549911499024,54.59000015258789,53.612998962402344,54.4900016784668,22226000,52.11280040559899,0.3971303001141635,53.15514965057373,53.0314697265625,0.051503933878580765,1.46189390850021
2018-05-23,53.82075881958008,54.29800033569336,54.400001525878906,53.347999572753906,53.5,23740000,55.1217784896228,0.4043048763281334,53.312574577331546,52.977519760131834,0.06155482310334426,1.402880015751773
2018-05-24,53.79548263549805,54.272499084472656,54.35599899291992,53.6150016784668,54.345001220703125,20604000,54.943727958922224,0.40328423222371157,53.41792449951172,52.91407974243164,0.04039064933180736,1.391271261812273
2018-05-25,53.72758483886719,54.20399856567383,54.47850036621094,54.130001068115234,54.32749938964844,22224000,54.43508154934728,0.39242432172805763,53.54949951171875,52.847549743652344,0.051025262102570856,1.3306736271395183
2018-05-29,52.93412399291992,53.40349960327149,54.06700134277344,53.15399932861328,53.79999923706055,36076000,48.754835462236315,0.3155863057152857,53.673224449157715,52.78119972229004,0.04858722353201328,1.1807958800202485
2018-05-30,53.39999008178711,53.87350082397461,53.949501037597656,53.32749938964844,53.67399978637695,28686000,51.926703242139446,0.28928213065349695,53.76502456665039,52.75859970092773,0.03528229457007037,1.1165563889559806
2018-05-31,54.51658630371094,55.0,55.5,53.900001525878906,54.099998474121094,79368000,58.54906749097141,0.3552399661637651,53.94989948272705,52.762799682617185,0.07207247601114841,0.9858161427523663
2018-06-01,56.25120544433594,56.75,56.90800094604492,55.60049819946289,55.64350128173828,63202000,66.31273263519742,0.5424691539149649,54.2216495513916,52.8037996673584,0.10591447956235855,0.9702342166582816
2018-06-04,57.14528274536133,57.652000427246094,57.893001556396484,56.849998474121094,56.92499923706055,44754000,69.48519492416628,0.7549311538545851,54.47674961090088,52.90368965148926,0.09708851121328643,1.1597891328112784
2018-06-05,57.045162200927734,57.55099868774414,58.05500030517578,57.37300109863281,57.733001708984375,32964000,68.70495967363924,0.9047296628629198,54.70564956665039,53.028159637451175,0.08642136846909598,1.2916522514238513
2018-06-06,56.84345245361328,57.34749984741211,57.73550033569336,56.816001892089844,57.63850021362305,34934000,67.07083653668703,0.9955493317989337,54.9265495300293,53.1210196685791,0.08346950602555614,1.3484430991202143
2018-06-07,56.22245788574219,56.72100067138672,57.29349899291992,56.305999755859375,57.229000091552734,36108000,62.16842460096874,1.0053819092960765,55.040224647521974,53.24849967956543,0.04175586427180944,1.4007479436537047
2018-06-08,56.13771438598633,56.635501861572266,56.93899917602539,56.1614990234375,56.56050109863281,27284000,61.50768594662525,0.9948077340816184,55.10832481384277,53.37602973937988,0.02464116371337921,1.445092261875367
2018-06-11,56.543609619140625,57.04499816894531,57.387001037597656,56.56999969482422,56.64699935913086,24796000,63.50814819037219,1.0078526556945704,55.202124786376956,53.47978973388672,0.03400459486792551,1.5087219220959955
2018-06-12,56.904911041259766,57.40950012207031,57.4375,57.05099868774414,57.05099868774414,26092000,65.23984780805674,1.0356646144076223,55.30609970092773,53.61534973144531,0.037583557241967824,1.5875922286180932
2018-06-13,56.708648681640625,57.21149826049805,57.78200149536133,57.16899871826172,57.61399841308594,34302000,63.47766208382605,1.0298571445057263,55.45449962615967,53.74089973449707,0.054716205960108066,1.621394897747311
2018-06-14,57.49567413330078,58.00550079345703,58.29949951171875,57.529998779296875,57.61050033569336,35422000,67.29287207527264,1.0769101021177079,55.64454975128174,53.871299743652344,0.07012337762143672,1.6885407822154674
2018-06-15,57.454044342041016,57.9635009765625,58.195499420166016,57.68450164794922,57.99599838256836,44438000,66.89479934795054,1.098152062407685,55.83957481384277,53.99792976379395,0.07214733313054333,1.7211955497794875
2018-06-18,58.65886306762695,59.17900085449219,59.20650100708008,57.54999923706055,57.634498596191406,33038000,72.04821440588043,1.1992430236958427,56.12442493438721,54.17155975341797,0.10652186860399615,1.7808717026842291
2018-06-19,58.41651153564453,58.93450164794922,59.140499114990234,58.080501556396484,58.50550079345703,47282000,69.69790080652278,1.2452745464202266,56.361124992370605,54.330159759521486,0.0873423882993758,1.8257382633623163
2018-06-20,58.68313980102539,59.20349884033203,60.074501037597656,59.10150146484375,59.165000915527344,51686000,70.82551558140955,1.2886064323183462,56.63302497863769,54.47772972106934,0.10114292278234682,1.8237657292046705
2018-06-21,57.95807647705078,58.47200012207031,59.51649856567383,58.17399978637695,59.2755012512207,44966000,63.86557727531957,1.2495177678778404,56.841724967956544,54.622109756469726,0.07687207191004286,1.7808141699437945
2018-06-22,57.95063781738281,58.464500427246094,58.75,57.98249816894531,58.574501037597656,34220000,63.79635812912306,1.2040549609042515,57.05132503509522,54.75410980224609,0.07723988048254005,1.7076995581559997
2018-06-25,56.46332550048828,56.9640007019043,57.79949951171875,55.994998931884766,57.75,57682000,51.718671238819546,1.0350165447477764,57.189325141906735,54.85734985351562,0.050918792141993574,1.5715897878413563
2018-06-26,56.13325119018555,56.63100051879883,57.34349822998047,56.45000076293945,57.207000732421875,34688000,49.47989897001072,0.8642198617022601,57.3507001876831,54.94386985778809,0.06043613133041981,1.3055833145117217
2018-06-27,55.35614013671875,55.84700012207031,57.31050109863281,55.834999084472656,56.79999923706055,34538000,44.58638009413423,0.6580147950563244,57.44937515258789,54.981449890136716,0.03663209681776358,1.0848689353258745
2018-06-28,55.84382247924805,56.3390007019043,56.70000076293945,55.30350112915039,55.61949920654297,29726000,48.05809723808198,0.5282072843084435,57.51632518768311,55.032839889526365,0.024345467307350876,0.9598716517408321
2018-06-29,55.96326446533203,56.45949935913086,57.06800079345703,56.35100173950195,56.615501403808594,31562000,48.902460017731926,0.4300992153894754,57.50180015563965,55.072579879760745,-0.005118954024125877,0.9741696916915588
2018-07-02,56.60358428955078,57.105499267578125,57.14950180053711,55.33000183105469,55.76750183105469,23216000,53.286629756459014,0.3998652598973038,57.47447509765625,55.137369842529296,-0.009479309575001205,0.9773941259774667
2018-07-03,55.32343673706055,55.81399917602539,57.49549865722656,55.721500396728516,57.47100067138672,16448000,44.97792297902224,0.2685951705428522,57.38762512207031,55.17983985900879,-0.03018191780030144,1.0450674199782555
2018-07-05,56.56293869018555,57.06449890136719,57.207000732421875,56.15599822998047,56.22999954223633,28594000,52.672771807151435,0.26244228465944985,57.373475074768066,55.298489837646486,-0.004934843660105881,1.0475522439871185
2018-07-06,57.24638748168945,57.75400161743164,57.810001373291016,56.86199951171875,57.0885009765625,21820000,56.301594633439244,0.3096339179734997,57.42512512207031,55.430579833984375,0.018211966182148487,1.0391208690306108
2018-07-09,57.851016998291016,58.36399841308594,58.39649963378906,57.86149978637695,58.0,21584000,59.276518461251484,0.3917395412435596,57.511549949645996,55.55454978942871,0.03051966513404336,1.0418673664267948
2018-07-10,57.84408187866211,58.35699844360352,58.67499923706055,58.12799835205078,58.4995002746582,21334000,59.22668959607818,0.4510446383626032,57.57714996337891,55.69023979187012,0.02299939200230261,1.0521984486403482
2018-07-11,58.058189392089844,58.573001861572266,59.02199935913086,57.76850128173828,57.78099822998047,33252000,60.334735675234604,0.5095996778424094,57.635325050354005,55.84311981201172,0.020266710858446668,1.0743722193878549
2018-07-12,59.53508377075195,60.0629997253418,60.0994987487793,58.654998779296875,58.74300003051758,44148000,66.99729502506199,0.6685289579880518,57.77790012359619,56.00362983703613,0.04984140516404878,1.1973360738175705
2018-07-13,59.69169998168945,60.22100067138672,60.52199935913086,59.76449966430664,60.13999938964844,32612000,67.61843193676235,0.798031700715562,57.888675117492674,56.18199981689453,0.03819465132830291,1.316098221335976
2018-07-16,59.299678802490234,59.82550048828125,60.43550109863281,59.66999816894531,60.19049835205078,26784000,64.35344615199529,0.8588497130239787,57.98177509307861,56.352209854125974,0.03212365506479076,1.3856884577052488
2018-07-17,60.12089157104492,60.65399932861328,60.9379997253418,59.099998474121094,59.137001037597656,40162000,67.85499068949098,0.9628027673317163,58.05552501678467,56.51428985595703,0.024924355815803434,1.4882198718212076
2018-07-18,60.11246871948242,60.64550018310547,61.079498291015625,60.22800064086914,60.42649841308594,38948000,67.78143421574977,1.0325973621780946,58.14107494354248,56.66773986816406,0.02903220502952686,1.5872877395675358
2018-07-19,59.428035736083984,59.95500183105469,60.82400131225586,59.88650131225586,60.33250045776367,38338000,61.909657003899696,1.0204297561285856,58.178650093078616,56.808249893188474,0.01269355706069697,1.6222712047744072
2018-07-20,59.367576599121094,59.89400100708008,60.53850173950195,59.829498291015625,59.96200180053711,37938000,61.4035873478093,0.9944017397199829,58.2497501373291,56.91717994689942,0.024319347414849757,1.6663667310992218
2018-07-23,60.01780700683594,60.54999923706055,60.755001068115234,59.60049819946289,59.78300094604492,65446000,64.74144673804076,1.0150075487462118,58.35402507781983,57.0227099609375,0.0356711986688345,1.7439571840664247
2018-07-24,62.354591369628906,62.907501220703125,63.75,62.207000732421875,63.54999923706055,107600000,73.58315418270642,1.2076474998266136,58.65120010375976,57.17748001098633,0.10433783522160756,1.9844403139716391
2018-07-25,63.236270904541016,63.797000885009766,63.9119987487793,62.45249938964844,62.63100051879883,51104000,76.02597193306855,1.4157711099359886,59.009500122070314,57.34681999206543,0.12653847363745863,2.2319751117435707
2018-07-26,63.71007537841797,64.2750015258789,64.37000274658203,63.150001525878906,63.35900115966797,54686000,77.24377669038729,1.6008278799777855,59.430900192260744,57.54745002746582,0.1509123388075757,2.3932479965826734
2018-07-27,62.093894958496094,62.64450073242188,64.5719985961914,62.2244987487793,64.45600128173828,48362000,65.09667464917226,1.5975038857464057,59.74617519378662,57.716250076293946,0.1119206935153263,2.37978883330464
2018-07-30,60.96144104003906,61.50199890136719,62.644500732421875,61.208499908447266,62.252498626708984,43896000,58.19129193808332,1.4855546970679185,59.99830017089844,57.86503005981445,0.08931180048483434,2.2782015263617974
2018-07-31,60.82168197631836,61.36100006103516,62.06050109863281,60.80950164794922,61.58549880981445,39382000,57.38228893008763,1.3696680497626446,60.21107521057129,58.022610092163085,0.07451998227906431,2.1908545709956693
2018-08-01,61.10764694213867,61.64950180053711,62.29499816894531,61.24700164794922,61.955501556396484,36994000,58.64905141249285,1.2862792990448497,60.50285034179687,58.171590118408204,0.10455266977210842,1.9497526176537971
2018-08-02,61.51106643676758,62.05649948120117,62.22050094604492,60.90299987792969,60.92499923706055,34704000,60.43569055043126,1.2387548301417795,60.75245037078857,58.33741012573242,0.08747996873612052,1.8002153622907233
2018-08-03,61.36387634277344,61.90800094604492,62.32600021362305,61.47100067138672,62.25899887084961,21264000,59.426789546801146,1.1755576584799954,60.96015033721924,58.48961013793945,0.07192574042106714,1.6710625101899554
2018-08-06,61.33958435058594,61.88349914550781,62.12300109863281,61.5265007019043,62.080501556396484,22114000,59.25103300230991,1.1106929768391183,61.13612537384033,58.641830139160156,0.060302597973355354,1.5652437557705623
2018-08-07,62.2401008605957,62.79199981689453,63.30400085449219,62.59000015258789,62.60049819946289,42506000,63.55509036112208,1.1196885877799403,61.357875442504884,58.81359016418457,0.07599776362002264,1.4615183903687337
2018-08-08,62.51219177246094,63.06650161743164,63.58599853515625,62.60599899291992,62.83599853515625,34344000,64.76604390845051,1.1358740267333403,61.58255043029785,59.006850204467774,0.07671622783614596,1.35217154088112
2018-08-09,62.66731643676758,63.22299957275391,63.597999572753906,63.005001068115234,63.13650131225586,27326000,65.47046045151576,1.1480946602213038,61.740550422668456,59.193840179443356,0.05261142237088179,1.34988788492889
2018-08-10,62.0750617980957,62.6254997253418,63.060001373291016,62.358001708984375,62.95899963378906,26602000,60.49745370787575,1.0969217252947132,61.86077537536621,59.34635017395019,0.03992791596200673,1.3140289945598684
2018-08-13,61.883270263671875,62.43199920654297,63.298500061035156,62.35150146484375,62.560001373291016,27500000,58.93616035843185,1.0288924987068029,61.9911003112793,59.459990158081055,0.04356835625256972,1.2279857875319142
2018-08-14,62.354095458984375,62.90700149536133,63.02949905395508,61.97700119018555,62.625,28080000,61.558822504188605,1.0017598969415857,62.1037504196167,59.56509017944336,0.037145154345744835,1.2019341385804012
2018-08-15,61.06948471069336,61.61100006103516,62.5989990234375,61.3120002746582,62.2140007019043,37052000,51.83192019495832,0.8657013635104391,62.152025413513186,59.64629020690918,0.015920387745415265,1.158900737293714
2018-08-16,60.66506576538086,61.20299911499024,62.185001373291016,60.98149871826172,62.0994987487793,32176000,49.19644840083473,0.716690170812825,62.21442527770997,59.72340019226074,0.020815565771347133,1.0640990973705693
2018-08-17,60.258174896240234,60.79249954223633,61.34749984741211,60.20000076293945,61.10200119018555,33092000,46.62758943896598,0.5590296958492758,62.259350204467786,59.804830169677736,0.015001477945179253,0.9763241996079652
2018-08-20,60.56049728393555,61.09749984741211,61.295501708984375,60.435001373291016,61.03300094604492,22218000,48.76810872892624,0.4534663315944272,62.28672523498536,59.89407012939453,0.009042124149465813,0.9325685409708127
2018-08-21,60.33548355102539,60.87049865722656,61.63800048828125,60.75149917602539,61.1510009765625,23082000,47.24927571976621,0.3474839275441255,62.18487510681153,59.970580139160155,-0.032380916805612614,0.9716200121307433
2018-08-22,60.55058288574219,61.087501525878906,61.326499938964844,60.6609992980957,60.71099853515625,22296000,48.88804798445935,0.2778001198468445,62.04940013885499,60.04414016723633,-0.04247063845547483,0.9226698509738716
2018-08-23,60.52134704589844,61.05799865722656,61.75849914550781,60.967498779296875,60.99399948120117,24666000,48.66668479928626,0.2176852254924171,61.88854999542237,60.1210701751709,-0.050050607425611515,0.784292957316629
2018-08-24,61.29399108886719,61.837501525878906,61.869998931884766,61.07099914550781,61.29999923706055,24454000,54.52548788835663,0.23028848324976536,61.848200035095225,60.19771018981933,-0.01288220349923408,0.7638467557297112
2018-08-27,62.26141357421875,62.8134994506836,62.89350128173828,62.034000396728516,62.207000732421875,28580000,60.59043587339847,0.31539584463097015,61.913775062561044,60.29471015930176,0.021324519084651383,0.7884602419885179
2018-08-28,61.745487213134766,62.292999267578125,62.827999114990234,62.14849853515625,62.79499816894531,27330000,56.279551855133704,0.3369597645009179,61.96037502288819,60.35699012756348,0.015188787757955513,0.7815821060025555
2018-08-29,62.676727294921875,63.23249816894531,63.35850143432617,62.63999938964844,62.75,36926000,61.59145546155589,0.42496035750522765,62.039524841308605,60.442950057983396,0.025677358651329918,0.8272625257369288
2018-08-30,62.17071533203125,62.72200012207031,63.4744987487793,62.36050033569336,63.16999816894531,30104000,57.50318189535418,0.4483403470598404,62.07279987335206,60.51332008361816,0.010724108617675698,0.8412472650643186
2018-08-31,61.04867172241211,61.59000015258789,62.627498626708984,61.287498474121094,62.61050033569336,42308000,49.63546709398881,0.37124671912185647,62.05689983367921,60.575680084228516,-0.00513666712860239,0.8475078921316153
2018-09-04,60.033164978027344,60.56549835205078,61.39350128173828,60.327999114990234,61.125999450683594,41458000,43.795181834624444,0.2248883573712277,61.990999794006356,60.61770004272461,-0.021298097419442774,0.9105948661076175
2018-09-05,59.428035736083984,59.95500183105469,60.743499755859375,58.766998291015625,60.46099853515625,53988000,40.72043405656215,0.05895671777351197,61.849149894714365,60.67752006530762,-0.045180882821262425,0.9961963446118622
2018-09-06,58.67918014526367,59.199501037597656,59.949501037597656,58.18050003051758,59.92850112915039,46854000,37.236364255031134,-0.13198644455487596,61.65579986572267,60.728890075683594,-0.06131623731551872,1.1156009746541768
2018-09-07,58.36199188232422,58.87950134277344,59.4275016784668,58.4635009765625,58.599998474121094,32658000,35.837698682707156,-0.3056087104157399,61.43862495422364,60.78954010009765,-0.06870123624840341,1.2129816434905627
2018-09-10,58.236602783203125,58.75299835205078,59.33300018310547,58.53049850463867,59.209999084472656,27670000,35.2736291126747,-0.4482462375106451,61.244999885559096,60.837820053100586,-0.06183585584585738,1.3180781476139418
2018-09-11,58.976539611816406,59.4995002746582,59.547000885009766,58.29750061035156,58.55500030517578,29254000,41.15916738482989,-0.4953410556532276,61.09837493896485,60.89862007141113,-0.04697108805026762,1.34197603840664
2018-09-12,58.065128326416016,58.58000183105469,59.53450012207031,58.30799865722656,59.099998474121094,35716000,36.72901228241123,-0.5999440960734503,60.88202495574952,60.928110122680664,-0.06878407111211149,1.383207958085129
2018-09-13,58.587486267089844,59.10699844360352,59.393001556396484,58.46099853515625,58.98500061035156,40068000,40.6705371895883,-0.6330214595489423,60.75682487487793,60.99397010803223,-0.040642119344776795,1.4264020629870466
2018-09-14,58.381317138671875,58.89899826049805,59.400001525878906,58.67599868774414,59.400001525878906,24176000,39.62140524103864,-0.6683154602455801,60.64162483215332,61.03066009521484,-0.0376452279758932,1.480484652869557
2018-09-17,57.4818000793457,57.99150085449219,59.090999603271484,57.92300033569336,58.88850021362305,34096000,35.338269478848616,-0.7607442799571373,60.50157489776611,61.03541007995605,-0.04607474127294453,1.5936217535878188
2018-09-18,57.84259796142578,58.355499267578125,59.06650161743164,58.07149887084961,58.132999420166016,32314000,38.22295121310118,-0.7954536609669418,60.364474868774415,61.0352400970459,-0.04487909630806486,1.6563682733546823
2018-09-19,58.19744873046875,58.7135009765625,58.813499450683594,57.930999755859375,58.448001861572266,25962000,41.010335211183666,-0.7850240805745301,60.25662498474121,61.04237014770508,-0.03543584705639635,1.6915359580649845
2018-09-20,59.054847717285156,59.57849884033203,59.70000076293945,58.8125,59.03350067138672,29244000,47.208310298693554,-0.6989039349455979,60.18117485046387,61.06248008728027,-0.024702314677374826,1.6861701986419821
2018-09-21,58.09089660644531,58.60599899291992,59.82899856567383,58.60300064086914,59.74599838256836,91222000,41.88054142942075,-0.7010445045746678,60.05857486724854,61.03334007263184,-0.04015853316896156,1.7080609614625304
2018-09-24,58.45962905883789,58.97800064086914,59.259498596191406,57.57500076293945,57.97050094604492,31150000,44.4625226208813,-0.6650571327430868,59.91559982299805,61.008480072021484,-0.04624218014068804,1.670584455713102
2018-09-25,59.16982650756836,59.69449996948242,59.84299850463867,58.704498291015625,59.212501525878906,33152000,49.148408143257015,-0.5721262581395834,59.75964984893799,61.00586006164551,-0.04965492304166208,1.5250686102707895
2018-09-26,59.17824935913086,59.70299911499024,60.36199951171875,59.27000045776367,59.68450164794922,37650000,49.203158429606965,-0.4921192164793524,59.630149841308594,60.986840057373044,-0.04157770829852958,1.4037692876088692
2018-09-27,59.83740997314453,60.36800003051758,60.84299850463867,59.90250015258789,60.0,36274000,53.42824942886663,-0.3707789345498824,59.486924934387204,60.98129005432129,-0.04530104331437823,1.1378196599470873
2018-09-28,59.82353210449219,60.354000091552734,60.42250061035156,59.89149856567383,60.204498291015625,35612000,53.32768585990143,-0.2726031653823924,59.36852493286133,60.98927001953125,-0.037753898566833755,0.8767095973511302
2018-10-01,59.89539337158203,60.42649841308594,61.209999084472656,60.15950012207031,60.650001525878906,33164000,53.81250596990711,-0.18679489704758367,59.31034984588623,60.999919967651365,-0.0188910819389414,0.7511550250595536
2018-10-02,59.85128402709961,60.38199996948242,61.22600173950195,59.983001708984375,60.333499908447266,40180000,53.44553284951339,-0.12098721340266394,59.30117492675781,60.99655998229981,-0.003029751055654395,0.7359847035677514
2018-10-03,60.044071197509766,60.57649993896485,60.70899963378906,60.10749816894531,60.599998474121094,26246000,54.89347046787285,-0.05253404815630347,59.33224983215332,60.94993995666504,0.010366076039184602,0.777020201081982
2018-10-04,58.33621597290039,58.85350036621094,60.29499816894531,58.192501068115234,60.25149917602539,46576000,42.332733539114464,-0.1357512316370304,59.31494979858398,60.851069946289066,-0.005844655196789117,0.7839522155938059
2018-10-05,57.87827682495117,58.39149856567383,59.099998474121094,57.715999603271484,58.79999923706055,31852000,39.708961258263805,-0.23625770156778003,59.290549659729,60.733399887084964,-0.008288160836462333,0.8055165043468084
2018-10-08,57.28801727294922,57.79600143432617,58.792999267578125,56.77000045776367,58.0,46190000,36.56327367040727,-0.359813736047613,59.242699813842776,60.636429901123044,-0.01628847794269561,0.8653323295695908
2018-10-09,56.7552375793457,57.25849914550781,58.07749938964844,57.208499908447266,57.56549835205078,33690000,33.949065241555445,-0.49539413098970897,59.13064975738526,60.551559906005856,-0.037664200855563656,0.9691885451207297
2018-10-10,54.12803268432617,54.608001708984375,56.85100173950195,54.57550048828125,56.81999969482422,58980000,24.60633477454408,-0.8074082629206885,58.93204975128174,60.41649993896485,-0.06780471147006106,1.3994264852792033
2018-10-11,54.057655334472656,54.5369987487793,55.803001403808594,53.794498443603516,53.95199966430664,67696000,24.4125175732231,-1.0483265994308795,58.703549766540526,60.27424987792969,-0.07731740428647638,1.7083558835977044
2018-10-12,55.53456115722656,56.027000427246094,56.291500091552734,54.75149917602539,55.981998443603516,49370000,35.83451050513965,-1.1062730072528453,58.55994987487793,60.153659896850584,-0.04876140372625193,1.808814883164809
2018-10-15,54.63752365112305,55.12200164794922,56.09000015258789,54.9109992980957,55.900001525878906,30074000,32.61118269612737,-1.2112591495387122,58.41647491455078,60.01793991088867,-0.049481375102584324,1.963469898272994
2018-10-16,56.156044006347656,56.65399932861328,56.81850051879883,55.587501525878906,55.67399978637695,38378000,42.10496214979036,-1.1574990853559939,58.33139991760254,59.91334991455078,-0.029157490901807526,2.002720700058931
2018-10-17,55.883968353271484,56.37950134277344,57.349998474121094,55.70000076293945,57.0,35652000,40.99066253663617,-1.1240857794068404,58.21469993591309,59.78509994506836,-0.03975234988492271,2.046800365128091
2018-10-18,54.41300582885742,54.89550018310547,56.61750030517578,54.31700134277344,56.5,46152000,35.51801862668489,-1.203479027888477,57.98055000305176,59.62167991638184,-0.07860215930879377,2.1479373053337723
2018-10-19,54.773311614990234,55.25899887084961,56.04750061035156,54.85150146484375,55.18550109863281,41286000,37.71169255239241,-1.222969808412877,57.81319999694824,59.46239990234375,-0.05711019655982075,2.225623417342611
2018-10-22,55.08009338378906,55.56850051879883,56.08449935913086,55.0,55.6254997253418,27116000,39.59596817208638,-1.1996137949313308,57.64272499084473,59.32125991821289,-0.057809693191052,2.2619887962594
2018-10-23,55.25553512573242,55.74549865722656,55.900001525878906,53.95050048828125,54.56449890136719,37686000,40.700752481505724,-1.1535246018739898,57.445274925231935,59.18752990722656,-0.06615352024515997,2.24575892228532
2018-10-24,52.39142990112305,52.85599899291992,55.83100128173828,52.75299835205078,55.75,49286000,30.797710241001127,-1.3347706534475563,57.10292491912842,58.98650985717774,-0.11468435796471022,2.4000580490321366
2018-10-25,54.694515228271484,55.179500579833984,55.89099884033203,53.77750015258789,54.01499938964844,72956000,42.84124480802779,-1.27621093018643,56.843499946594235,58.85787986755371,-0.08594784402432865,2.3071754606039154
2018-10-26,53.71122360229492,54.1875,55.849998474121094,52.11149978637695,52.416500091552734,106438000,39.66716191959474,-1.2949210402086422,56.5351749420166,58.71756988525391,-0.10217218547567009,2.223884129339614
2018-10-29,51.28177261352539,51.73649978637695,55.44150161743164,50.36000061035156,54.82699966430664,81290000,33.13497082198464,-1.4903444079485908,56.10067501068115,58.536449890136716,-0.1438110573163227,2.271987686216761
2018-10-30,52.014278411865234,52.47549819946289,52.54499816894531,50.69850158691406,51.0004997253418,59768000,36.52879497541141,-1.567518461881022,55.705349922180176,58.364009857177734,-0.1309413695143511,2.1735631415751273
2018-10-31,54.04972839355469,54.52899932861328,55.400001525878906,53.40999984741211,53.40999984741211,70916000,44.898160215579814,-1.4463069501080383,55.402974891662595,58.237179870605466,-0.09983245345051062,1.8579876342177926
2018-11-01,53.821754455566406,54.29899978637695,54.994998931884766,53.89099884033203,54.56999969482422,40132000,44.19523689416942,-1.3532060773006762,55.175249862670896,58.10140983581543,-0.07738708065780264,1.683756829161569
2018-11-02,53.10362243652344,53.574501037597656,54.900001525878906,53.382999420166016,54.45000076293945,43438000,41.96640883858052,-1.3226374181399763,54.93439998626709,57.95173988342285,-0.08249484336591262,1.5376617922120517
2018-11-05,52.322540283203125,52.7864990234375,53.66749954223633,51.70000076293945,53.62649917602539,45358000,39.62567443720785,-1.3464753823984665,54.68392486572266,57.770719833374024,-0.08667558804359488,1.4526497012393034
2018-11-06,53.00845718383789,53.47850036621094,53.99100112915039,52.68050003051758,52.750999450683594,28660000,42.65079061933753,-1.2946050150019843,54.49492492675781,57.58401985168457,-0.06601637897792212,1.3417158672272782
2018-11-07,54.92496109008789,55.4119987487793,55.496498107910156,54.02949905395508,54.17449951171875,43388000,50.164436141880934,-1.084973317549128,54.53512477874756,57.44639984130859,0.01472306282290936,1.3572368480691697
2018-11-08,54.250450134277344,54.73149871826172,55.4109992980957,54.21799850463867,55.3650016784668,33694000,47.79120380956639,-0.9626524935740903,54.54484977722168,57.27637985229492,0.0035663856454288823,1.3579476207600196
2018-11-09,53.37769317626953,53.85100173950195,54.41749954223633,53.2130012512207,54.20100021362305,34860000,44.835564921674354,-0.9260857666163673,54.43604984283447,57.098959884643556,-0.03883839347369289,1.3195756716191716
2018-11-12,52.00684356689453,52.46799850463867,53.70500183105469,52.01750183105469,53.65650177001953,34002000,40.58940721855872,-0.9972079819905275,54.30334968566895,56.91651985168457,-0.04814780058715973,1.3790696456985136
2018-11-13,51.937957763671875,52.39849853515625,53.333499908447266,52.02000045776367,52.740501403808594,25750000,40.38243498917975,-1.0471104789860917,54.09057464599609,56.75317985534668,-0.07511386387346841,1.324511200358612
2018-11-14,52.26554870605469,52.729000091552734,53.28950119018555,52.05550003051758,53.0,34666000,41.899665542630544,-1.0479101974440184,53.90804958343506,56.60865982055664,-0.06474873250521596,1.2414054079839052
2018-11-15,53.08182144165039,53.5525016784668,53.94350051879883,52.06449890136719,52.573001861572266,41584000,45.613672349570756,-0.9709023266535866,53.84089965820313,56.495719833374025,-0.024464637359329355,1.221341663676871
2018-11-16,52.94403076171875,53.41350173950195,53.62200164794922,52.744998931884766,53.26150131225586,35366000,45.08973829199088,-0.9105924249927142,53.74862480163574,56.386399841308595,-0.03339722342167151,1.1774907385966666
2018-11-19,50.91948318481445,51.37099838256836,53.400001525878906,51.14350128173828,53.169498443603516,45684000,38.1545159039496,-1.0158986966093266,53.53874969482422,56.23875984191895,-0.07553743752380815,1.2096848851028945
2018-11-20,51.06964874267578,51.522499084472656,51.86750030517578,50.11050033569336,50.364498138427734,54458000,38.90514238839351,-1.0747408910674778,53.327599716186526,56.079219818115234,-0.07575498783714729,1.1722055723874287
2018-11-21,51.712955474853516,52.17150115966797,52.73550033569336,51.972999572753906,52.265499114990234,29698000,42.144625522297254,-1.0568223207149146,53.29337482452392,55.9510498046875,-0.012950239259381768,1.1964416967517733
2018-11-23,51.052310943603516,51.505001068115234,52.150001525878906,51.42599868774414,51.67499923706055,14178000,39.81007704992036,-1.0839080940301926,53.10964984893799,55.79900985717774,-0.06659175007215701,1.1734720173706084
2018-11-26,52.332950592041016,52.797000885009766,52.849998474121094,51.98849868774414,52.20000076293945,31558000,46.04896774648774,-0.9897114000488116,53.04012489318848,55.67696990966797,-0.025660883321619088,1.147147697840319
2018-11-27,52.15155792236328,52.61399841308594,53.3380012512207,52.275001525878906,52.56700134277344,33048000,45.33221442972393,-0.9192302968259938,53.08399982452393,55.569419860839844,0.016960919859909884,1.110871022370047
2018-11-28,54.109703063964844,54.589500427246094,54.643001556396484,52.147499084472656,52.87300109863281,46042000,53.70857830447703,-0.6959445960565844,53.18969993591308,55.494099884033204,0.04028551038710937,1.1498160426009887
2018-11-29,54.24797058105469,54.729000091552734,55.00749969482422,54.099998474121094,54.17649841308594,31004000,54.24175818255549,-0.5019464858104357,53.19969997406006,55.41440986633301,0.003667787148158963,1.1628726634194282
2018-11-30,54.99484634399414,55.48249816894531,55.48249816894531,54.159000396728516,54.78150177001953,59668000,57.11500085097033,-0.2841253677821527,53.25887489318848,55.332489852905276,0.02179595180803462,1.2487015971414823
2018-12-03,55.3274040222168,55.81800079345703,56.75,55.58649826049805,56.608001708984375,57532000,58.36849845986409,-0.0834661586219454,53.371049880981445,55.276729888916016,0.041876260392699205,1.373119744999338
2018-12-04,52.656593322753906,53.12350082397461,55.71200180053711,53.03900146484375,55.64950180053711,45630000,46.590263464582875,-0.1402492127301045,53.3878999710083,55.15963989257813,0.006384242311419097,1.3676257022554639
2018-12-06,53.43022155761719,53.90399932861328,53.97100067138672,52.124000549316406,52.25,47436000,49.75318766915948,-0.12087708993506396,53.40917491912842,55.04382987976074,0.007956449030705803,1.3724104575313048
2018-12-07,51.86906433105469,52.32899856567383,54.25149917602539,51.96849822998047,53.61149978637695,42682000,44.08027589179532,-0.2299630706584992,53.255024909973145,54.896349868774415,-0.05563777255324842,1.3072053752864468
2018-12-10,52.1961669921875,52.65900039672852,52.97999954223633,51.650001525878906,52.14699935913086,33652000,45.482890017582335,-0.2864837007063059,53.15139999389648,54.742169876098636,-0.03786664663070305,1.265481805886515
2018-12-11,52.615943908691406,53.08250045776367,53.52000045776367,52.505001068115234,53.34700012207031,33852000,47.309424767913654,-0.29371799344515637,53.11297492980957,54.59673988342285,-0.01427088182046865,1.2547428894145163
2018-12-12,53.214637756347656,53.686500549316406,54.58649826049805,53.5984992980957,53.854000091552734,28960000,49.888142606805786,-0.24785632953042125,53.173900032043456,54.46193992614746,0.02322371882681984,1.2513553565245261
2018-12-13,53.2052116394043,53.67699813842773,54.42100143432617,53.2495002746582,53.78350067138672,24986000,49.84681029069999,-0.2098582799868538,53.23782501220703,54.327839889526366,0.02439954653306864,1.2422824176584724
2018-12-14,52.12330627441406,52.58549880981445,53.58599853515625,52.46849822998047,53.000999450683594,36358000,45.2130790407674,-0.2647673525132035,53.23064994812012,54.16801986694336,-0.0027214868760856437,1.2457853904644849
2018-12-17,50.83176803588867,51.282501220703125,53.11899948120117,50.83150100708008,52.35049819946289,49932000,40.3865487777837,-0.4087128169855845,53.117149925231935,54.016599884033205,-0.04238831775577778,1.3163284937698367
2018-12-18,51.71196365356445,52.170501708984375,52.984500885009766,51.52399826049805,51.70000076293945,43640000,44.71777381706203,-0.44599526083199237,53.054999923706056,53.89217994689941,-0.02327127018519959,1.3308635771836483
2018-12-19,51.31794357299805,51.77299880981445,53.785499572753906,50.971500396728516,52.364498138427734,58264000,43.20453457825739,-0.5018322186416597,53.07509994506836,53.77171989440918,0.007825435360479638,1.3069116832541352
2018-12-20,50.72917938232422,51.17900085449219,52.37200164794922,50.393001556396484,51.29999923706055,53674000,40.973239271387186,-0.5872446895023771,53.05792503356933,53.65012992858887,-0.006666955914100603,1.3304345864170264
2018-12-21,49.12687683105469,49.5625,51.88349914550781,49.05950164794922,51.60200119018555,104656000,35.586901661927,-0.7764226799709562,52.92747497558594,53.54921989440918,-0.05000816732651159,1.5342231381400442
2018-12-24,48.80077362060547,49.23350143432617,50.60599899291992,48.882999420166016,49.215999603271484,36360000,34.59023588873056,-0.942035832386459,52.813899993896484,53.443149948120116,-0.044102506294194765,1.7181231358858489
2018-12-26,51.932010650634766,52.39250183105469,52.42250061035156,49.63249969482422,49.89950180053711,46318000,49.27905969689504,-0.8090542439999027,52.79367504119873,53.37045997619629,-0.007661402109488513,1.7207113729163688
2018-12-27,52.18228530883789,52.64500045776367,52.66699981689453,50.349998474121094,51.310001373291016,45996000,50.24091739838494,-0.6755040578741074,52.79522514343262,53.32091995239258,0.0005892356713574909,1.7205549492368022
2018-12-28,51.874019622802734,52.33399963378906,53.21149826049805,52.099998474121094,52.974998474121094,34398000,49.008155811288404,-0.5879818517635655,52.68245010375976,53.234519958496094,-0.04131748368833377,1.6699325280838742
2018-12-31,51.788780212402344,52.24800109863281,53.14950180053711,51.652000427246094,52.89149856567383,33110000,48.65265363595298,-0.5195699568830037,52.55840015411377,53.15188995361328,-0.045332437807553805,1.600615500100476
2019-01-02,52.2705078125,52.73400115966797,53.03950119018555,51.263999938964844,51.36000061035156,31868000,50.82365503022807,-0.42128063315459485,52.420975303649904,53.10865997314453,-0.04953809038857826,1.4469605953676126
2019-01-03,50.822837829589844,51.27349853515625,53.3129997253418,51.118499755859375,52.53350067138672,41960000,44.70632674489994,-0.45597974121270823,52.19375019073486,53.028949966430666,-0.0814164282794142,1.2252711846649134
2019-01-04,53.42972946166992,53.90349960327149,54.0,51.84299850463867,52.12799835205078,46022000,55.17036585200866,-0.2681686467508939,52.23275012969971,52.99564994812012,0.014682744307108475,1.2680878052013573
2019-01-07,53.32317352294922,53.79600143432617,54.1349983215332,53.13199996948242,54.048500061035156,47446000,54.71458419735976,-0.1265425019260107,52.22735023498535,52.95666000366211,-0.002003522848624373,1.2608056015186662
2019-01-08,53.7915153503418,54.26850128173828,54.66749954223633,53.41749954223633,54.29999923706055,35414000,56.418841020684646,0.02355252816540343,52.32432537078857,52.984910049438476,0.03706363143239488,1.3410692160959523
2019-01-09,53.607154846191406,54.08250045776367,54.582000732421875,53.71849822998047,54.39950180053711,26998000,55.532859633139324,0.126042272014935,52.395500373840335,52.96297004699707,0.02703241706661008,1.3963998983688815
2019-01-10,53.46739196777344,53.94150161743164,53.990501403808594,53.23400115966797,53.74700164794922,26598000,54.82994337039615,0.19365635446867913,52.43845043182373,52.9580500793457,0.016182379357797094,1.4314140492494893
2019-01-11,52.75571060180664,53.2234992980957,53.66849899291992,52.82149887084961,53.494998931884766,30864000,51.27100571829718,0.18714690237608522,52.415300369262695,52.98779006958008,-0.008624165227446468,1.413802851329431
2019-01-14,52.11339569091797,52.57550048828125,52.92250061035156,52.4275016784668,52.66699981689453,28490000,48.22844742208227,0.1282219633169106,52.36022548675537,52.98979011535644,-0.020520850426579806,1.3831894780175513
2019-01-15,53.84801483154297,54.32550048828125,54.41350173950195,52.72200012207031,52.9005012512207,37518000,55.84854624286842,0.22019562116721403,52.44722557067871,52.9857201385498,0.03308900206043197,1.4511561086062263
2019-01-16,53.9966926574707,54.47549819946289,55.11800003051758,54.4005012512207,54.5,38280000,56.44035987439067,0.3017110323844534,52.6068754196167,52.989250106811525,0.06226289480339786,1.4913570743187152
2019-01-17,54.47297668457031,54.95600128173828,55.03499984741211,54.16299819946289,54.39950180053711,24896000,58.36561521570284,0.4004688108998806,52.74615039825439,53.016880111694334,0.05339223280412142,1.5761176894100835
2019-01-18,54.87838363647461,55.3650016784668,55.900001525878906,54.9640007019043,55.429500579833984,44892000,59.98675355774876,0.5059062039384656,52.92575054168701,53.068450164794925,0.06937984955917642,1.661721146882341
2019-01-22,53.45747756958008,53.93149948120117,54.94850158691406,53.544498443603516,54.79999923706055,39632000,52.30021643329088,0.46839508355788695,53.06337547302246,53.07751014709473,0.05378179684544171,1.6229701533565992
2019-01-23,53.74394226074219,54.22050094604492,54.647499084472656,53.378501892089844,54.34299850463867,25194000,53.591319623333746,0.4567224413263631,53.296275520324706,53.05368019104004,0.09398236461124676,1.4150427164294477
2019-01-24,53.7236213684082,54.20000076293945,54.400001525878906,53.500999450683594,54.1254997253418,29114000,53.480737655514,0.44073705242058026,53.54460048675537,53.04305023193359,0.10087641918457124,1.054360673291821
2019-01-25,54.59142303466797,55.07550048828125,55.167999267578125,54.59000015258789,54.71149826049805,23260000,57.512831311948034,0.4930306767818422,53.6787504196167,53.06754020690918,0.05120959227864663,1.0706184039529933
2019-01-28,53.51844024658203,53.99300003051758,54.66849899291992,53.730499267578125,54.503501892089844,29334000,51.56191812768719,0.4420295690178335,53.74615039825439,53.09804023742676,0.02560546226674254,1.0442199370743444
2019-01-29,53.03274917602539,53.50299835205078,54.23649978637695,53.30099868774414,54.051998138427734,19704000,49.08603043435062,0.3579456091652844,53.80460033416748,53.12013023376465,0.02233727073110936,0.992448739191036
2019-01-30,54.416969299316406,54.89950180053711,54.97600173950195,53.832000732421875,53.86800003051758,29452000,55.62578812203282,0.39939069509549796,53.9371753692627,53.163540267944335,0.05074836637097069,0.94974846367749
2019-01-31,55.79970932006836,56.29449844360352,56.38349914550781,55.26250076293945,55.61199951171875,40232000,61.01295960277484,0.5385922388456095,54.115200233459475,53.21838020324707,0.06751805676863176,1.0416057339167788
2019-02-01,55.43939971923828,55.930999755859375,56.720001220703125,55.712501525878906,56.114498138427734,33116000,59.00285999526438,0.6125184277887996,54.34807529449463,53.26873016357422,0.09083642337200093,0.8811222233159688
2019-02-04,56.56938934326172,57.07099914550781,57.117000579833984,55.8754997253418,55.95050048828125,78408000,63.10788234898605,0.7543976618582633,54.50645027160645,53.38273017883301,0.05876240996501236,1.0629196424964593
2019-02-05,57.08729553222656,57.59349822998047,57.63850021362305,56.18000030517578,56.48149871826172,82296000,64.84532565796572,0.8986403202255104,54.69632511138916,53.50415016174316,0.07059068879478447,1.2517407587025984
2019-02-06,55.65102767944336,56.14450073242188,57.70000076293945,55.917999267578125,57.4635009765625,48256000,56.84938416971232,0.8858204907054201,54.79012508392334,53.583610153198244,0.03456884576458519,1.2877653904533126
2019-02-07,54.80949401855469,55.295501708984375,55.5994987487793,54.679500579833984,55.590999603271484,38298000,52.74545187143716,0.797955226497173,54.850775146484374,53.65942016601562,0.022428719843824663,1.281232109214768
2019-02-08,54.634544372558594,55.11899948120117,55.255001068115234,54.71200180053711,54.74399948120117,21766000,51.906525081971296,0.705941463131964,54.909650039672854,53.70586013793945,0.021829163602464785,1.2641910148415247
2019-02-11,54.62165451049805,55.10599899291992,55.67150115966797,55.0,55.1875,18498000,51.84112058912796,0.6247689148418374,55.00377502441406,53.75570014953613,0.03536970923840732,1.2005187004217546
2019-02-12,55.88347244262695,56.37900161743164,56.643001556396484,55.550498962402344,55.550498962402344,35036000,57.48964117399408,0.655602382212713,55.19395008087158,53.791490173339845,0.07234360289158204,1.0919576280704633
2019-02-13,55.935508728027344,56.43149948120117,57.14250183105469,56.29999923706055,56.652000427246094,28042000,57.709930653123045,0.6764762687759216,55.29925003051758,53.825540161132814,0.03876630632007183,1.1052653885641945
2019-02-14,55.96376037597656,56.459999084472656,56.80649948120117,55.85449981689453,56.25,21106000,57.83766435910936,0.6873947947627599,55.398475074768065,53.84509017944336,0.03642923792534192,1.1164435805615054
2019-02-15,55.48945999145508,55.98149871826172,56.96500015258789,55.83599853515625,56.96500015258789,27826000,54.84255333862642,0.649944667165677,55.44974994659424,53.84836013793945,0.018660335770539493,1.1185994618436614
2019-02-19,55.830440521240234,56.32550048828125,56.481998443603516,55.832000732421875,55.832000732421875,21980000,56.583247992303235,0.6406383589112181,55.49777488708496,53.91240013122559,0.017348483350412724,1.1352639203665262
2019-02-20,55.53704071044922,56.02949905395508,56.54650115966797,55.587501525878906,56.444000244140625,24090000,54.63180187477419,0.6024337196896923,55.602674865722655,53.954910125732425,0.0389011911950492,1.0784269987500383
2019-02-21,54.72523498535156,55.21049880981445,55.95750045776367,54.89899826049805,55.93899917602539,33272000,49.54076440443058,0.5003026156993329,55.65217475891113,54.012540130615236,0.018258736944438914,1.033427703964474
2019-02-22,55.337303161621094,55.82799911499024,55.86249923706055,55.025001525878906,55.48500061035156,29436000,53.090221870797805,0.463843198277047,55.73357467651367,54.07592010498047,0.03003686954122653,0.9755179332837263
2019-02-25,55.37547302246094,55.86650085449219,56.27000045776367,55.705501556396484,56.096500396728516,26208000,53.31075104703072,0.4330635291084377,55.77312469482422,54.13160011291504,0.014362109453353922,0.9633929399349039
2019-02-26,55.607418060302734,56.10049819946289,56.321998596191406,55.334999084472656,55.71849822998047,35026000,54.70446401571212,0.4226796616479689,55.878499603271486,54.17988006591797,0.039032803655179915,0.8690783182584993
2019-02-27,55.65102767944336,56.14450073242188,56.2864990234375,55.428001403808594,55.70050048828125,22092000,54.976637498314986,0.41323746428225405,56.01057472229004,54.229230117797854,0.049371109315967,0.6660772440963442
2019-02-28,55.83241653442383,56.32749938964844,56.699501037597656,55.920501708984375,55.95000076293945,27422000,56.15655062221645,0.4157286559336484,56.08197460174561,54.30407012939453,0.02601112108994319,0.6153098645380609
2019-03-01,56.921268463134766,57.42599868774414,57.5,56.54999923706055,56.54999923706055,34086000,62.50818054798282,0.5005723694011124,56.138549613952634,54.42694007873535,0.02009965938810465,0.6840567104384224
2019-03-04,57.164119720458984,57.67100143432617,58.2760009765625,56.912498474121094,57.72800064086914,35490000,63.76889828855987,0.580885214501528,56.22554969787598,54.53695007324219,0.03110979038568873,0.7624299596801412
2019-03-05,57.94568634033203,58.45949935913086,58.824501037597656,57.6510009765625,57.79999923706055,40094000,67.55071724216245,0.7000887285731494,56.29497470855713,54.670680084228515,0.024329348257648986,0.8951341888024629
2019-03-06,57.73505401611328,58.24700164794922,58.73699951171875,58.15250015258789,58.5880012512207,23602000,65.56450184151252,0.7685521916566742,56.327649879455564,54.812040100097654,0.011346826257352838,0.9549574695367287
2019-03-07,57.036746978759766,57.54249954223633,58.17900085449219,57.08549880981445,58.025001525878906,30086000,59.33543185744814,0.7572336293244248,56.39754981994629,54.97164009094238,0.024900013208366545,0.9913183052285597
2019-03-08,56.99312973022461,57.49850082397461,57.67250061035156,56.5099983215332,56.69499969482422,23694000,58.95868930339343,0.7362264975010788,56.5076997756958,55.13694007873535,0.03984047611294739,0.9847909338029002
2019-03-11,58.44475555419922,58.9630012512207,58.99549865722656,57.57849884033203,57.599998474121094,30032000,66.56773984261312,0.8282041177901647,56.69989986419678,55.26835006713867,0.06974004982312065,1.070849388154279
2019-03-12,59.33635330200195,59.86249923706055,60.285499572753906,59.1150016784668,59.1150016784668,42220000,70.21975737865577,0.9625829574250702,56.937724876403806,55.41270004272461,0.08631547074850676,1.2165081587814266
2019-03-13,59.426048278808594,59.95299911499024,60.35599899291992,59.89550018310547,60.29650115966797,25888000,70.56810894319975,1.064115281219749,57.11642475128174,55.56508003234863,0.06339235167395318,1.3814367817105446
2019-03-14,59.1024169921875,59.62649917602539,60.23500061035156,59.561500549316406,59.95100021362305,27302000,67.50038971547085,1.1054911491047577,57.27617473602295,55.712649993896484,0.05661730991019587,1.4793301096861065
2019-03-15,58.99190902709961,59.51499938964844,60.08599853515625,59.35049819946289,59.900001525878906,51886000,66.4382035900095,1.1164153800261474,57.42892475128174,55.8482699584961,0.05410911007286834,1.5468044425664218
2019-03-18,58.905174255371094,59.4275016784668,59.747501373291016,59.07400131225586,59.484500885009766,24442000,65.56627246893318,1.1052716936164373,57.60122489929199,56.011350021362304,0.06155610405408729,1.5688580573821818
2019-03-19,59.59455871582031,60.12300109863281,60.170501708984375,59.472999572753906,59.58599853515625,29788000,69.04398808773486,1.1394266315865593,57.79109992980957,56.13574005126953,0.06742062791153791,1.634751363075701
2019-03-20,60.78253173828125,61.32149887084961,61.4995002746582,59.97949981689453,60.06999969482422,41508000,73.93020540673525,1.2488079393857277,58.0556999206543,56.28625,0.09445024328699536,1.7582294368043976
2019-03-21,61.26325988769531,61.80649948120117,61.821998596191406,60.82899856567383,61.0,28150000,75.60809445949705,1.3589636230810882,58.38549995422363,56.437009963989254,0.1194700430819906,1.8141840421333255
2019-03-22,59.85177993774414,60.38249969482422,61.68149948120117,60.29999923706055,61.442501068115234,34422000,62.82317895263336,1.3161857441789238,58.61322498321533,56.56300994873047,0.08158093881267292,1.7613397215664435
2019-03-25,59.342796325683594,59.86899948120117,60.47200012207031,59.5,59.97800064086914,27576000,58.95199788435484,1.2267080642465729,58.813349914550784,56.68155990600586,0.07164398280704476,1.6571299073720178
2019-03-26,58.969112396240234,59.492000579833984,60.38249969482422,59.0880012512207,60.259498596191406,30752000,56.21328393910638,1.112550903344399,58.98292503356934,56.806929931640624,0.060454051019524835,1.5338530593498378
2019-03-27,58.3828125,58.9005012512207,59.59600067138672,58.21149826049805,59.59600067138672,29428000,52.12192618147662,0.9632477578667675,59.120725059509276,56.933429946899416,0.04908763071798594,1.3816801970109438
2019-03-28,58.09832763671875,58.61349868774414,58.86249923706055,58.17150115966797,58.775001525878906,22402000,50.21227264634341,0.8124003851740156,59.235025024414064,57.01918991088867,0.04058407212935511,1.2240064172374734
2019-03-29,58.32729721069336,58.84450149536133,59.19850158691406,58.319000244140625,59.00899887084961,30890000,51.74475271820822,0.7033845720175407,59.30595016479492,57.10656997680664,0.024701404242533975,1.152684904873684
2019-04-01,59.422088623046875,59.94900131225586,60.0099983215332,59.31800079345703,59.37699890136719,27706000,58.34647652034142,0.6980657912965853,59.4198501586914,57.206429977416995,0.03949991887211812,1.093665025290908
2019-04-02,59.7472038269043,60.277000427246094,60.29050064086914,59.5620002746582,60.002498626708984,18288000,60.092534493569126,0.7121086612574956,59.51072521209717,57.30466995239258,0.031089918457048116,1.0851443750993064
2019-04-03,60.008392333984375,60.54050064086914,61.029998779296875,60.25400161743164,60.6349983215332,22180000,61.48916906257256,0.7360156714445836,59.625400161743165,57.436849975585936,0.039375400072643396,1.0655777105445339
2019-04-04,60.43659591674805,60.97249984741211,61.02750015258789,60.45199966430664,60.56449890136719,21022000,63.730261284183065,0.7808200671678591,59.79690017700195,57.57188995361328,0.0596081215182207,0.9857302597484093
2019-04-05,60.04011154174805,60.5724983215332,61.019500732421875,60.50149917602539,60.96500015258789,20012000,60.23492781639365,0.7751160381952715,59.95060005187988,57.699339904785155,0.05346221994499123,0.8369134590154802
2019-04-08,59.88300704956055,60.41400146484375,60.6974983215332,60.23500061035156,60.55550003051758,21750000,58.85743935638016,0.7491702145270409,60.02315006256104,57.80610992431641,0.024608655984807104,0.8092289383052022
2019-04-09,59.60596466064453,60.134498596191406,60.35749816894531,59.91899871826172,60.09450149536133,19668000,56.407654661349454,0.6980082125636997,60.03675003051758,57.92893989562988,0.004543735437000596,0.8086723571404916
2019-04-10,59.79231262207031,60.3224983215332,60.446998596191406,60.03300094604492,60.25450134277344,15510000,57.683482577452324,0.6649666425334786,60.05522499084473,58.06532989501953,0.0061631479992227955,0.810876070407963
2019-04-11,59.94792556762695,60.47949981689453,60.637001037597656,60.22700119018555,60.44499969482422,16998000,58.7687569575868,0.6440257409428085,60.09787502288818,58.17692985534668,0.0143057307179979,0.8095711284607142
2019-04-12,60.599151611328125,61.13650131225586,61.15250015258789,60.66450119018555,60.78099822998047,24312000,63.04048105340623,0.672690102677592,60.17895011901855,58.27376991271973,0.027245264878376974,0.8290844655590732
2019-04-15,60.787479400634766,61.32649993896485,61.46500015258789,60.72800064086914,61.204498291015625,23796000,64.19574235876559,0.7026385374759059,60.27390003204346,58.381679916381835,0.03195487285958287,0.8470421005002813
2019-04-16,61.05411911010742,61.59550094604492,61.79899978637695,61.25199890136719,61.5,22622000,65.82450163089757,0.7395539039085932,60.34752502441406,58.472169952392576,0.0244914561898939,0.8958257519163203
2019-04-17,61.462005615234375,62.00699996948242,62.255001068115234,61.64500045776367,61.849998474121094,30366000,68.20710570439398,0.7928743677536261,60.3818000793457,58.56043998718262,0.01117880533345339,0.9467203285717841
2019-04-18,61.52791976928711,62.07350158691406,62.297000885009766,61.97050094604492,62.25,24750000,68.58823943391698,0.8309190269401014,60.39515018463135,58.67902000427246,0.004319968093227766,0.9694770518966254
2019-04-22,62.137020111083984,62.6879997253418,62.71699905395508,61.66849899291992,61.833499908447266,19084000,71.93610707639303,0.9002767279215789,60.51042518615723,58.82686996459961,0.038181593047152296,1.0966230890865636
2019-04-23,62.97111892700195,63.52949905395508,63.721500396728516,62.5984992980957,62.832000732421875,31868000,75.74800571820292,1.0114853947574574,60.693450164794925,58.99507995605469,0.06114181971427968,1.2749092644488493
2019-04-24,62.448753356933594,63.00249862670898,63.70000076293945,62.990501403808594,63.52949905395508,23396000,69.391189728936,1.0450478729282437,60.86897506713867,59.15300994873047,0.059007900434683735,1.3407484729449892
2019-04-25,62.810054779052734,63.367000579833984,63.63999938964844,62.900001525878906,63.51499938964844,31344000,71.19194989936118,1.0885109632209833,61.09230003356934,59.29276992797852,0.07583126176741506,1.3673309454222984
2019-04-26,63.30962371826172,63.87099838256836,63.945499420166016,63.25,63.66899871826172,27228000,73.51236693403607,1.1503635115234943,61.35517501831055,59.44155990600586,0.08969776267465068,1.3710719514017393
2019-04-29,64.24036407470703,64.80999755859375,64.84850311279297,63.58549880981445,64.02549743652344,72368000,77.1975198904069,1.2606198467537197,61.653449821472165,59.60855987548828,0.10137728949412006,1.4431305099182254
2019-04-30,59.42110061645508,59.948001861572266,60.04899978637695,59.150001525878906,59.53150177001953,133178000,43.47211469610936,0.9447854686474386,61.65339984893799,59.687889938354495,-1.6671681958291273e-05,1.4431926536947586
2019-05-01,58.150367736816406,58.66600036621094,59.962501525878906,58.58399963378906,59.875,74340000,38.67438388733282,0.5843021702886517,61.57284984588623,59.734699935913085,-0.02672661296375589,1.5639627455420155
2019-05-02,57.81285858154297,58.32550048828125,58.96900177001953,57.916500091552734,58.630001068115234,45098000,37.49089540676073,0.26805113806115344,61.46209983825683,59.78061996459961,-0.03658708020482748,1.7123057954401837
2019-05-03,58.95473861694336,59.477500915527344,59.56999969482422,58.6775016784668,58.87049865722656,41588000,43.761309133284676,0.10911886896737855,61.387349891662595,59.86596000671387,-0.024519233025152354,1.7665757130319089
2019-05-06,59.14851760864258,59.67300033569336,59.77149963378906,58.55799865722656,58.599998474121094,31774000,44.77376447601631,-0.0010488396138441658,61.34237499237061,59.94286003112793,-0.01484994033208098,1.7995549411041194
2019-05-07,58.424930572509766,58.94300079345703,59.73849868774414,58.25,59.29050064086914,36604000,41.75122686804618,-0.14558420053692345,61.26882495880127,60.00439002990723,-0.024348671429134328,1.8682455705544647
2019-05-08,58.02448654174805,58.53900146484375,59.2135009765625,58.381500244140625,58.864498138427734,25520000,40.13638823523813,-0.2893929431376989,61.189050102233885,60.05316009521484,-0.02653214325543085,1.951442761576471
2019-05-09,57.88521957397461,58.39849853515625,58.70349884033203,57.731998443603516,58.130001068115234,29556000,39.56327356168604,-0.40997389605482226,61.09285011291504,60.09824005126953,-0.031895227152588745,2.0417436496064845
2019-05-10,57.86886978149414,58.38199996948242,58.81399917602539,57.31850051879883,58.44200134277344,31650000,39.491962410533056,-0.5010902103193686,60.987975120544434,60.13933006286621,-0.034681170541463135,2.1269964011238836
2019-05-13,56.330013275146484,56.829498291015625,57.5984992980957,56.275001525878906,57.262001037597656,45626000,33.39258104273361,-0.6906134940189261,60.77262496948242,60.12740005493164,-0.070448961402651,2.320407358501155
2019-05-14,55.7486686706543,56.24300003051758,57.243499755859375,56.17649841308594,57.11600112915039,40392000,31.41842782374991,-0.8780163439768955,60.51844997406006,60.09884002685547,-0.08289238605670668,2.525867666640863
2019-05-15,58.02547836303711,58.540000915527344,58.915000915527344,56.06999969482422,56.127498626708984,59302000,45.106212936407296,-0.8315995165759347,60.36567497253418,60.1004500579834,-0.04960589626820422,2.5495877868824612
2019-05-16,58.70444869995117,59.22499847412109,59.70800018310547,58.42250061035156,58.59199905395508,35308000,48.412802005016864,-0.7311124589058693,60.22657489776611,60.12000999450684,-0.04486592637493403,2.531150958190228
2019-05-17,57.92536163330078,58.43899917602539,59.31449890136719,58.32099914550781,58.791500091552734,25362000,45.05886358400423,-0.7067523154636675,60.04484977722168,60.13793998718262,-0.05855159315927605,2.5220249452722103
2019-05-20,56.72996520996094,57.233001708984375,57.650001525878906,56.90700149536133,57.650001525878906,30602000,40.430639318328524,-0.7758175016992368,59.77209987640381,60.13263000488281,-0.08701821784484576,2.5160953919830606
2019-05-21,57.214664459228516,57.72200012207031,57.900001525878906,57.16550064086914,57.7239990234375,20562000,42.98774184372673,-0.7820787570883496,59.48172492980957,60.107809982299806,-0.09141420943603706,2.391679575447832
2019-05-22,57.2845458984375,57.79249954223633,58.18899917602539,57.54999923706055,57.5625,18826000,43.36520219097368,-0.772447835262156,59.22122497558594,60.06640998840332,-0.082695118416525,2.2685831783284867
2019-05-23,56.76366424560547,57.266998291015625,57.502498626708984,56.65800094604492,57.30350112915039,25214000,41.176793124918525,-0.7980197446380259,58.91622486114502,60.01268997192383,-0.09626465246896398,2.084453333366013
2019-05-24,56.43012237548828,56.93050003051758,57.71799850463867,56.83549880981445,57.599998474121094,18554000,39.792025417044854,-0.8358036403467253,58.56919994354248,59.958769989013675,-0.10866431600895377,1.7702031531684645
2019-05-28,56.47720718383789,56.97800064086914,57.824501037597656,56.93349838256836,57.07400131225586,20948000,40.09826747913523,-0.8520923573514665,58.17760009765625,59.90803001403808,-0.12084550552009843,1.0274166998914103
2019-05-29,55.50482940673828,55.99700164794922,56.75,55.59749984741211,56.6349983215332,36230000,36.02309578936825,-0.9334000483732723,57.9800500869751,59.839420013427734,-0.06590712102042062,1.0487155925698712
2019-05-30,55.57768249511719,56.070499420166016,56.34000015258789,55.79499816894531,56.00749969482422,18088000,36.54343571888546,-0.9806025475625404,57.85027503967285,59.7583699798584,-0.044241995872277284,1.1176881260079805
2019-05-31,54.83872985839844,55.32500076293945,55.66999816894531,55.16749954223633,55.28200149536133,31582000,33.56172453249978,-1.0658795831441452,57.70025005340576,59.6384400177002,-0.051444045918554226,1.2447009619520473
2019-06-03,51.48051071166992,51.9370002746582,53.349998474121094,51.35150146484375,53.346500396728516,96890000,23.984051156356813,-1.390813144751661,57.323225021362305,59.44105003356933,-0.12677904291201647,1.7267218576277108
2019-06-04,52.26108932495117,52.7244987487793,52.922000885009766,51.80149841308594,52.2244987487793,60512000,29.05215933150052,-1.566720607964406,56.9757999420166,59.28789001464844,-0.11644297333509179,1.9175444095003413
2019-06-05,51.772918701171875,52.23199844360352,52.84049987792969,51.650001525878906,52.75,46988000,27.803670244275096,-1.7259732532537697,56.64024982452393,59.13514999389648,-0.11385579728744422,2.1305355210809394
2019-06-06,51.92755126953125,52.38800048828125,52.5,51.7755012512207,52.31050109863281,29020000,28.84673113084675,-1.8186300258765158,56.3326997756958,58.99306999206543,-0.10507526303222903,2.280686375223129
2019-06-07,52.94898223876953,53.41849899291992,53.67150115966797,52.557498931884766,52.7140007019043,43828000,35.47810360827921,-1.7882942259844015,56.083699798583986,58.88342994689941,-0.0852761572155547,2.3148729465663296
2019-06-10,53.662166595458984,54.13800048828125,54.742000579833984,53.763999938964844,53.849998474121094,28510000,39.70352027930595,-1.6867513093337223,55.87149982452392,58.793919982910154,-0.07269362960192538,2.2874610605473467
2019-06-11,53.57692337036133,54.05199813842773,55.20050048828125,53.97850036621094,54.8494987487793,33508000,39.371618950304715,-1.594833242324107,55.73262481689453,58.698069915771484,-0.0488742684013278,2.310436093899891
2019-06-12,53.48077392578125,53.95500183105469,54.125999450683594,53.47999954223633,53.997501373291016,23670000,38.97588299899883,-1.5123805221232658,55.618224906921384,58.57818992614746,-0.04068058599686042,2.340286731971333
2019-06-13,54.07103729248047,54.55049896240234,54.829498291015625,54.128501892089844,54.23550033569336,20814000,42.778566024799815,-1.383041662233076,55.41874980926514,58.46365989685059,-0.06815001521578079,2.246275925374381
2019-06-14,53.83761215209961,54.31499862670898,54.737998962402344,54.07400131225586,54.48699951171875,24582000,41.672614948835154,-1.2847329906680613,55.17324981689453,58.33914985656738,-0.08290417853801346,2.0697659157576593
2019-06-17,54.21377182006836,54.69449996948242,55.06399917602539,54.400001525878906,54.45500183105469,19770000,44.17715581703322,-1.1627960839993818,54.98602485656738,58.21358985900879,-0.06407534795837422,1.9229597088993307
2019-06-18,54.77628707885742,55.262001037597656,55.93899917602539,55.03950119018555,55.57500076293945,34526000,47.78765199854133,-1.0087394926116033,54.887474822998044,58.10737991333008,-0.03443818448329461,1.8508991057523412
2019-06-19,54.740108489990234,55.22549819946289,55.471500396728516,54.80149841308594,55.36199951171875,26714000,47.574507628907966,-0.879456184536636,54.76264972686768,58.003609848022464,-0.043250440340387164,1.7299045080627111
2019-06-20,55.1707878112793,55.65999984741211,56.13600158691406,55.349998474121094,56.084999084472656,24018000,50.40983496372181,-0.7334824506296869,54.65602474212646,57.91411987304687,-0.036899246644726436,1.5936831244343246
2019-06-21,55.77394104003906,56.26850128173828,56.32849884033203,55.486000061035156,55.49300003051758,50774000,54.14971433508825,-0.5622153657634072,54.606099891662595,57.833039932250976,-0.017435818867321262,1.5215943858326442
2019-06-24,55.3442497253418,55.834999084472656,56.17850112915039,55.66550064086914,56.0,24236000,51.18799087895727,-0.4562061114105731,54.55132484436035,57.74014991760254,-0.01924277751745862,1.4516250626796052
2019-06-25,53.90105056762695,54.37900161743164,55.78499984741211,54.22999954223633,55.75400161743164,31644000,42.733770768058896,-0.4840994438449826,54.42137489318848,57.60499992370605,-0.04561407901654757,1.3345665806659488
2019-06-26,53.54124069213867,54.01599884033203,54.75600051879883,53.68450164794922,54.54999923706055,34698000,40.91922919590716,-0.5293938780412049,54.32232475280762,57.4587899017334,-0.03537694428840432,1.2840274360509447
2019-06-27,53.35836410522461,53.83150100708008,54.42300033569336,53.79249954223633,54.337501525878906,24078000,39.989811223052335,-0.5735657675649932,54.21037483215332,57.303509902954104,-0.03993184359404278,1.2195758594300372
2019-06-28,53.664154052734375,54.13999938964844,54.13999938964844,53.689998626708984,53.86149978637695,33672000,42.347821270233126,-0.5770274537099169,54.15112476348877,57.146169891357424,-0.021418912913686028,1.1910254446390984
2019-07-01,54.51658630371094,55.0,55.429500579833984,54.76649856567383,55.051998138427734,29196000,48.43111705946631,-0.5045597522431677,54.30427474975586,57.00469985961914,0.05897529139426139,1.0834019066428122
2019-07-02,55.141048431396484,55.630001068115234,55.644500732421875,54.98350143432617,55.24150085449219,20630000,52.39400730712065,-0.3917765989111004,54.44954986572266,56.86353988647461,0.05510725352136614,1.0548433409896638
2019-07-03,55.65599060058594,56.14950180053711,56.39950180053711,55.74250030517578,55.92499923706055,20154000,55.435212493998485,-0.25750738503708703,54.64542503356934,56.71593994140625,0.07500198103971534,0.9826429358979407
2019-07-05,56.13573455810547,56.63349914550781,56.73249816894531,55.875,55.96849822998047,29794000,58.11954892756951,-0.11076667559355968,54.857699966430665,56.58855995178223,0.08103952465557929,0.9262662969486963
2019-07-08,55.348716735839844,55.839500427246094,56.36050033569336,55.5880012512207,56.29349899291992,29888000,52.52956666875772,-0.057875514089239743,54.97875003814697,56.43800994873047,0.045321405130590575,0.8855859228975208
2019-07-09,55.72041320800781,56.214500427246094,56.393001556396484,55.35749816894531,55.51599884033203,29472000,54.743503739551656,0.01413751004194097,55.08257503509522,56.284879989624024,0.03835568214999596,0.9033741641489416
2019-07-10,56.54411315917969,57.045501708984375,57.117000579833984,56.53300094604492,56.61600112915039,30710000,59.27609541318493,0.13668755985555237,55.23225021362305,56.129590072631835,0.05538192247565488,0.9692251906700492
2019-07-11,56.70121765136719,57.20399856567383,57.6619987487793,56.97650146484375,57.30799865722656,26004000,60.09696699242959,0.24378848705392642,55.394700050354004,56.074710006713865,0.06021678480880199,1.0150753427655654
2019-07-12,56.76366424560547,57.266998291015625,57.375,56.928001403808594,57.14649963378906,21878000,60.43831959953423,0.329946872640555,55.530525016784665,56.04672996520996,0.04979788233441407,1.0760805554195825
2019-07-15,57.01988983154297,57.5255012512207,57.534000396728516,57.0,57.266998291015625,21164000,61.879337271999994,0.41431112173315654,55.691050148010255,56.03072998046875,0.05910895159137475,1.1236242415829614
2019-07-16,57.16609191894531,57.67300033569336,57.92900085449219,57.33649826049805,57.33649826049805,25352000,62.71388315748067,0.4874532823564266,55.8399751663208,55.99463996887207,0.0544570362261807,1.1805337409240473
2019-07-17,56.83305358886719,57.33700180053711,57.922000885009766,57.33100128173828,57.54600143432617,19538000,59.51744155184084,0.5124000688453094,55.943725204467775,55.94791999816894,0.037548418876973466,1.217661511982623
2019-07-18,56.85783004760742,57.36199951171875,57.40850067138672,56.643001556396484,57.099998474121094,25450000,59.68208660074344,0.5281000743215074,56.050550270080564,55.916299972534176,0.038686863530669635,1.2447513318464971
2019-07-19,56.080223083496094,56.57749938964844,57.57899856567383,56.5625,57.465999603271484,23184000,52.4698787057028,0.47180120762834576,56.096425247192386,55.87706993103027,0.016484001881990507,1.2465060042924545
2019-07-22,56.459861755371094,56.96049880981445,57.000999450683594,56.260501861572266,56.77349853515625,28914000,55.30930826803988,0.45286841729647875,56.13102512359619,55.848309936523435,0.012298133277289791,1.261052966186339
2019-07-23,56.897979736328125,57.40250015258789,57.44300079345703,56.64250183105469,57.17250061035156,20648000,58.39807929245885,0.46813350728852754,56.20940017700195,55.82871994018555,0.028073808432301783,1.290063267330699
2019-07-24,56.48563003540039,56.98649978637695,57.27299880981445,56.425498962402344,56.63100051879883,27192000,54.57496804641747,0.4415732664473708,56.33977508544922,55.83185997009277,0.04795046049741125,1.2254875296572794
2019-07-25,56.297794342041016,56.797000885009766,57.179500579833984,56.18550109863281,56.9474983215332,54762000,52.87679795879868,0.40061506549184855,56.47882518768311,55.84293998718262,0.05148478421917568,1.0992101182536425
2019-07-26,61.71377944946289,62.26100158691406,63.419498443603516,61.400001525878906,61.400001525878906,121216000,76.03361763771099,0.799834592923709,56.90030021667481,55.91736000061035,0.1565904799631226,1.5530853738471395
2019-07-29,61.54625701904297,62.09199905395508,62.449501037597656,61.5099983215332,62.125,41382000,74.80909817974512,1.0900168172804499,57.29790019989014,55.97470001220703,0.14687845869882032,1.8064529160321374
2019-07-30,60.86034393310547,61.400001525878906,61.84550094604492,61.26599884033203,61.349998474121094,28616000,69.84872306744653,1.2497436367757402,57.61790027618408,56.0339200592041,0.11636366410688925,1.9399004261266501
2019-07-31,60.37464904785156,60.90999984741211,61.74549865722656,60.409000396728516,61.243499755859375,39960000,66.48690707546447,1.3215551861120147,57.881900215148924,56.107460021972656,0.09491279305984324,2.013027525793077
2019-08-01,60.05646514892578,60.5890007019043,61.814998626708984,60.349998474121094,60.881500244140625,35426000,64.30346908283282,1.3371505685872478,58.103875160217285,56.164800033569335,0.07906568640872114,2.0562491123158066
2019-08-02,59.29026412963867,59.81600189208984,60.474998474121094,59.5,60.150001525878906,34910000,59.25682429310012,1.272467267252594,58.263000297546384,56.20527008056641,0.056194704452311006,2.059611664480916
2019-08-05,57.23002243041992,57.73749923706055,58.84400177001953,57.13750076293945,58.64849853515625,47840000,48.28380251069074,1.0414819359794905,58.35790023803711,56.2146800994873,0.033990254126420316,1.9844220122318343
2019-08-06,58.03934860229492,58.55400085449219,59.06999969482422,58.076499938964844,58.2760009765625,36014000,52.040880567465194,0.9137758147375052,58.47487525939941,56.2471501159668,0.04161738358368794,1.9193106399570659
2019-08-07,58.27872848510742,58.795501708984375,58.993499755859375,57.54199981689453,57.88999938964844,30686000,53.12557129157159,0.8225727871742166,58.56237525939942,56.2835001373291,0.03067726547357874,1.8903895573739782
2019-08-08,59.779422760009766,60.30950164794922,60.31399917602539,58.70000076293945,59.32149887084961,30116000,59.334946991920994,0.8625182987480571,58.717650413513184,56.3697501373291,0.05428821691039798,1.9004561336101509
2019-08-09,58.92252731323242,59.44499969482422,60.222999572753906,59.24449920654297,59.9995002746582,20418000,54.86566838363928,0.8150222525950994,58.82655048370361,56.43724014282227,0.03803240031441102,1.8751897825430048
2019-08-12,58.20884704589844,58.72499847412109,59.28049850463867,58.43600082397461,59.0,22064000,51.393603165739435,0.7110862529309045,58.886525344848636,56.5052400970459,0.02085157359450096,1.8504059542711249
2019-08-13,59.310577392578125,59.83649826049805,60.27149963378906,58.64950180053711,58.717498779296875,28434000,56.020581991828514,0.7102180167462322,58.994700241088864,56.66323005676269,0.037513184890880735,1.838932916345054
2019-08-14,57.70085906982422,58.212501525878906,59.13949966430664,58.05350112915039,58.80350112915039,35430000,48.72271394475983,0.5718945250450673,59.03847522735596,56.77299011230469,0.015269367037841874,1.8075478717886218
2019-08-15,57.952125549316406,58.46599960327149,58.82099914550781,58.150001525878906,58.42150115966797,28506000,49.82156716489713,0.47722617133848644,59.093675231933595,56.897670135498046,0.01924619261794036,1.7701259778582845
2019-08-16,58.44227600097656,58.96049880981445,59.19200134277344,58.650001525878906,59.03950119018555,24916000,51.98320739070772,0.43706456401238825,59.21282520294189,57.02912010192871,0.04211920720911211,1.6691667374466856
2019-08-19,59.49445343017578,60.02199935913086,60.46950149536133,59.52000045776367,59.59149932861328,24450000,56.33200211573003,0.48529623099283015,59.36590023040772,57.16119010925293,0.05374778334611241,1.590256247205768
2019-08-20,58.6563835144043,59.17649841308594,59.900001525878906,59.15250015258789,59.76750183105469,20206000,52.271156939577196,0.4501067637745706,59.454600143432614,57.26196006774902,0.03090454694102851,1.5230330437575788
2019-08-21,59.05534362792969,59.57899856567383,60.02799987792969,59.395999908447266,59.79100036621094,14152000,53.97221053690744,0.4495155208467736,59.58422508239746,57.372500076293946,0.04549320960254222,1.4078887982047388
2019-08-22,59.052371978759766,59.57600021362305,59.93899917602539,58.945499420166016,59.689998626708984,17352000,53.95678343315146,0.443690427553463,59.723175048828125,57.484920043945316,0.04892862801399667,1.2461767542248823
2019-08-23,57.17204284667969,57.67900085449219,59.78350067138672,57.5,59.25849914550781,36254000,45.16146682995389,0.2827427226487913,59.494075012207034,57.54749008178711,-0.07359343113081096,1.1741631200319105
2019-08-26,58.04430389404297,58.55899810791016,58.59299850463867,57.74250030517578,57.97249984741211,21166000,49.29089737960406,0.22362116525940223,59.31742496490479,57.63237007141113,-0.05689945564443655,1.0181401082995771
2019-08-27,58.02647018432617,58.54100036621094,59.25,58.22800064086914,59.150001525878906,23460000,49.20928186089017,0.1733167501292101,59.17447490692139,57.7093000793457,-0.04656353564523863,0.9047416603075715
2019-08-28,58.17168045043945,58.6875,58.92499923706055,58.01250076293945,58.243499755859375,16810000,49.935948497102395,0.14361591988640043,59.063349914550784,57.77781005859375,-0.03648825895550445,0.8121030019045138
2019-08-29,59.18717575073242,59.71200180053711,59.95949935913086,59.263999938964844,59.32099914550781,19636000,54.805584620756804,0.20043602934143934,59.019499969482425,57.86754013061523,-0.014474556292519036,0.7464088416486852
2019-08-30,59.00330352783203,59.5265007019043,60.01750183105469,59.2859992980957,60.01750183105469,18064000,53.78545857273003,0.22787122940141558,59.005024909973145,57.944870147705075,-0.004839861927044331,0.7328330355522704
2019-09-03,57.963523864746094,58.477500915527344,59.45399856567383,58.18550109863281,59.092498779296875,25908000,48.30933003036996,0.1630883264963856,59.04202499389648,57.98905014038086,0.012816656215546729,0.6824152544631172
2019-09-04,58.59392547607422,59.11349868774414,59.24399948120117,58.576499938964844,58.97249984741211,21312000,51.53139404769222,0.16120879947986566,59.069999885559085,58.05462013244629,0.009555245159802439,0.6727559207021268
2019-09-05,60.076786041259766,60.609500885009766,60.70000076293945,59.634498596191406,59.68299865722656,26394000,58.14095536853173,0.27723830488150014,59.16069984436035,58.17923011779785,0.03085268640114691,0.751475547656654
2019-09-06,59.78586959838867,60.31600189208984,60.647499084472656,60.16299819946289,60.457000732421875,18972000,56.51271926679545,0.34157217657428873,59.16102485656738,58.30523017883301,0.00010778142685641257,0.7519997760600069
2019-09-09,59.73382568359375,60.26350021362305,61.02750015258789,59.65850067138672,60.354000091552734,31854000,56.209472637197855,0.3838954786032005,59.20194988250732,58.43387016296387,0.013769038994041694,0.7895995870619655
2019-09-10,59.75514602661133,60.28499984741211,60.5,59.800498962402344,59.804500579833984,27922000,56.31285489213359,0.41439495407223603,59.27994995117187,58.556770172119144,0.02656451960536854,0.8165948881649493
2019-09-11,60.46384811401367,61.0,61.12350082397461,60.11399841308594,60.19449996948242,23522000,59.71873012123796,0.4906051541011749,59.33812503814697,58.67677017211914,0.019444682983229544,0.8959222343818074
2019-09-12,61.20578384399414,61.74850082397461,62.12099838256836,61.12799835205078,61.173500061035156,31644000,62.97307480412785,0.6044325257901804,59.51492500305176,58.79914016723633,0.06074295392586326,1.0044263861020193
2019-09-13,61.4565544128418,62.00149917602539,62.0525016784668,61.354000091552734,61.605499267578125,23676000,64.03086723640064,0.7069075997751852,59.69169998168945,58.91618011474609,0.0604710361020846,1.1151208029628523
2019-09-16,61.04024124145508,61.58150100708008,61.95100021362305,61.259498596191406,61.52199935913086,28218000,60.91948465679368,0.7456342841521391,59.822750091552734,59.01514015197754,0.04445352821250781,1.1769631715099087
2019-09-17,60.95351028442383,61.49399948120117,61.75,61.16749954223633,61.58150100708008,20806000,60.26248673840486,0.7604982680337358,59.89635009765625,59.12823013305664,0.024524343370550872,1.2346880890697571
2019-09-18,61.090789794921875,61.63249969482422,61.8120002746582,60.82350158691406,61.512001037597656,17440000,60.97981281914037,0.7745256426113798,60.01915016174316,59.2365901184082,0.0415029842521939,1.2806057516022156
2019-09-19,61.39311599731445,61.9375,62.21699905395508,61.615501403808594,61.61600112915039,16554000,62.58170911193581,0.8010197565239849,60.13707523345947,59.334430084228515,0.03958612079936863,1.3449178600104907
2019-09-20,60.951534271240234,61.492000579833984,62.13999938964844,61.17900085449219,61.68199920654297,37692000,58.78552718028605,0.7771104076214854,60.23287525177002,59.42019012451172,0.03216060761616579,1.3708380379500968
2019-09-23,61.191898345947266,61.734500885009766,61.98400115966797,61.18899917602539,61.32849884033203,20798000,60.20074840534081,0.7688668063857307,60.4356502532959,59.5095401763916,0.07031155135208489,1.269375990087089
2019-09-24,60.38108825683594,60.916500091552734,62.355499267578125,60.53200149536133,62.0,35804000,53.524215227588066,0.6883925050120183,60.553525352478026,59.57736015319824,0.040258577841414844,1.1931050862970292
2019-09-25,61.749454498291016,62.297000885009766,62.4010009765625,60.459999084472656,60.800498962402344,26798000,61.320647872269745,0.7276233292826078,60.74132537841797,59.66984016418457,0.06416016971528804,1.154637521369596
2019-09-26,61.56856155395508,62.11449813842773,62.23350143432617,61.590999603271484,62.106998443603516,23166000,59.890295363964505,0.7355091026529408,60.912675285339354,59.76539009094238,0.058394004488651285,1.0860541142157951
2019-09-27,60.75874328613281,61.29750061035156,62.2495002746582,60.7599983215332,62.14149856567383,34122000,53.836231220248095,0.6681319530235896,60.99195022583008,59.84410011291504,0.026552431035735014,1.0511031956689385
2019-09-30,60.520355224609375,61.05699920654297,61.37049865722656,60.67100143432617,61.029998779296875,24470000,52.164571925249014,0.5885442514087487,61.06847515106201,59.93369010925293,0.0257112124279415,0.9928986912344406
2019-10-01,59.77000045776367,60.29999923706055,61.643001556396484,60.27750015258789,61.1245002746582,24504000,47.19693503069721,0.4590946955818964,61.15960006713867,60.00048011779785,0.03116580382198375,0.8092374950546057
2019-10-02,58.37834548950195,58.89599990844727,59.9379997253418,58.631500244140625,59.82500076293945,33030000,39.654342146317745,0.24044230858508797,61.14872512817383,60.03035011291504,-0.0036793420136703725,0.8390919491161901
2019-10-03,58.94879150390625,59.47150039672852,59.54999923706055,58.15700149536133,59.16699981689453,28368000,43.63093545995766,0.11230224594523008,61.09182510375977,60.08005012512207,-0.018775942247739263,0.9129189288427909
2019-10-04,60.01582717895508,60.54800033569336,60.62300109863281,59.548500061035156,59.714500427246094,24282000,50.236756818476856,0.09650245130497836,61.10342502593994,60.15507011413574,0.0038463829883583767,0.9039722574007761
2019-10-07,59.88151550292969,60.41249847412109,60.945499420166016,60.21799850463867,60.349998474121094,17040000,49.4511979256072,0.0722146864750357,61.11087493896484,60.118100051879885,0.002472446173386267,0.8972750205171215
2019-10-08,58.98347473144531,59.50650024414063,60.34349822998047,59.4739990234375,59.938499450683594,20086000,44.446669612580514,-0.019910511569378286,61.07194995880127,60.06639007568359,-0.012913653566259287,0.9503072134665962
2019-10-09,59.591583251953125,60.119998931884766,60.42300033569336,59.90599822998047,60.06650161743164,15948000,48.2647400967668,-0.04292140660954402,61.02794990539551,60.04079002380371,-0.014426247018282545,0.9738935980585162
2019-10-10,59.94198226928711,60.4734992980957,60.78099822998047,59.893001556396484,59.93000030517578,12842000,50.380877365269065,-0.03226129337792827,60.96419982910156,60.03206001281738,-0.020648299292537198,0.9659423125296659
2019-10-11,60.25123977661133,60.78549957275391,61.4375,60.68199920654297,61.201499938964844,22330000,52.23778973192585,0.001347208054077953,60.90339984893799,60.03598999023438,-0.019612422593511702,0.9349882511589506
2019-10-14,60.35333251953125,60.88850021362305,61.29399871826172,60.59400177001953,60.69449996948242,13296000,52.864917788222456,0.035879877586623365,60.86874980926514,60.057439956665036,-0.011253392368226867,0.9212761709421964
2019-10-15,61.566078186035156,62.11199951171875,62.35649871826172,61.04600143432617,61.07500076293945,27584000,59.64343213822886,0.16012758401905813,60.89964981079102,60.1449299621582,0.010049761533342805,0.9531632198074761
2019-10-16,61.6037483215332,62.150001525878906,62.70949935913086,61.92649841308594,62.09049987792969,22986000,59.83663250396798,0.2586793370940583,60.92552490234375,60.21684997558594,0.008396573781967565,0.9807301898376242
2019-10-17,62.08943557739258,62.63999938964844,63.1875,62.493499755859375,62.56999969482422,20958000,62.340117187287554,0.37203248505074527,60.96064987182617,60.29373992919922,0.011342068854061527,1.0302134755691081
2019-10-18,61.67362594604492,62.22050094604492,62.90549850463867,62.00699996948242,62.734500885009766,31624000,58.952178599205105,0.4231379817088339,60.997074890136716,60.331959915161136,0.011847075381213878,1.0623660736589908
2019-10-21,61.66718673706055,62.2140007019043,62.675498962402344,61.9995002746582,62.435001373291016,18094000,58.89876423099039,0.4578372774871724,61.021049880981444,60.387339935302734,0.007767128753299213,1.0850521972523868
2019-10-22,61.51454162597656,62.060001373291016,62.436500549316406,61.99250030517578,62.2239990234375,22862000,57.56796375578734,0.46752096987442116,61.07822494506836,60.45403999328613,0.01877161819900497,1.1091138456661407
2019-10-23,62.32882308959961,62.88150024414063,62.902000427246094,62.010501861572266,62.010501861572266,21282000,62.44292683978171,0.5353127075119914,61.1074499130249,60.51494003295898,0.009382463855840406,1.149870518288252
2019-10-24,62.40216827392578,62.95550155639648,63.14500045776367,62.61750030517578,62.955501556396484,20224000,62.85690052266623,0.5882287011400464,61.14950008392334,60.609800033569336,0.01353956714090332,1.2027955677585167
2019-10-25,62.65938186645508,63.21500015258789,63.400001525878906,62.45750045776367,62.599998474121094,27104000,64.3412211882856,0.6436843824406537,61.245375061035155,60.70478004455566,0.031281855265604674,1.2885767859333015
2019-10-28,63.882537841796875,64.4489974975586,64.96199798583984,63.615501403808594,63.75,65428000,70.39907479446816,0.7782356658796417,61.414974975585935,60.81455001831055,0.055554618390943444,1.4725667023513778
2019-10-29,62.47898864746094,63.03300094604492,64.04000091552734,62.78049850463867,63.79999923706055,52654000,58.18417653547692,0.7618275657081881,61.55162506103515,60.87477005004883,0.04532341199939305,1.4903544861104343
2019-10-30,62.48096466064453,63.03499984741211,63.4010009765625,62.532501220703125,62.75749969482422,29204000,58.19520367493415,0.7404498774697146,61.7585750579834,60.951940078735355,0.07027641852415845,1.3858963121423367
2019-10-31,62.38679504394531,62.93999862670898,63.32600021362305,62.4739990234375,63.0,31904000,57.420190040359344,0.7076843562299899,61.93199996948242,61.01916007995605,0.05832202326900182,1.2989264862347834
2019-11-01,63.05339431762695,63.61249923706055,63.650001525878906,62.98550033569336,63.290000915527344,28812000,61.344650315193334,0.7275953571530636,62.08522491455078,61.099890060424805,0.05061271857661409,1.3077915382406136
2019-11-04,63.913761138916016,64.48049926757812,64.625,63.80550003051758,63.80550003051758,30632000,65.7344586343238,0.804145626895874,62.288624954223636,61.23592002868652,0.06733707256288457,1.3496188429050182
2019-11-05,64.00445556640625,64.5719985961914,64.86199951171875,64.46900177001953,64.55999755859375,25148000,66.17058593842017,0.862255948470974,62.541899871826175,61.35618003845215,0.08512512635205005,1.2731759503410354
2019-11-06,63.98314666748047,64.55049896240234,64.64949798583984,64.1135025024414,64.50450134277344,24626000,65.9581529283179,0.8962426290783156,62.76342487335205,61.47637001037597,0.0736942799273379,1.2136496205500258
2019-11-07,64.77265167236328,65.34700012207031,66.13249969482422,64.6875,64.71399688720703,45140000,69.82332191304418,0.9761953331279116,63.00709991455078,61.60956001281738,0.08058903289110764,1.2189191510531003
2019-11-08,64.87474060058594,65.44999694824219,65.85549926757812,65.07599639892578,65.07599639892578,30392000,70.29303830787089,1.0359278784667794,63.24032478332519,61.72431991577148,0.07673700813966922,1.2177173444718987
2019-11-11,64.34346008300781,64.91400146484375,65.24500274658203,64.79350280761719,65.19999694824219,17234000,64.6530849496682,1.0281639608575546,63.44159984588623,61.832069931030276,0.06611266884711431,1.1386454764775256
2019-11-12,64.2904281616211,64.8604965209961,65.46749877929688,64.71199798583984,64.92849731445312,28852000,64.10019333631281,1.0060959505621057,63.579024696350096,61.95972984313965,0.044250660595120284,1.135584149155969
2019-11-13,64.2393798828125,64.80899810791016,65.1259994506836,64.60749816894531,64.65899658203125,20538000,63.53699413231619,0.973232582471212,63.71197452545166,62.07363983154297,0.042783532047445894,1.1149389897566075
2019-11-14,64.88216400146484,65.4574966430664,65.78600311279297,64.6969985961914,64.75,28948000,67.4190858732774,0.9881260366862961,63.85284938812256,62.1705997467041,0.044979203079040575,1.1498167428210728
2019-11-15,66.09095001220703,66.677001953125,66.677001953125,65.59449768066406,65.75250244140625,39286000,73.19793069410866,1.085816476697829,64.07567443847657,62.297819747924805,0.07162431898361876,1.2447309688635817
2019-11-18,65.4119644165039,65.99199676513672,66.69599914550781,65.80799865722656,66.61699676513672,27984000,66.10527715354718,1.0953363052810374,64.26457424163819,62.41238967895508,0.060725817671403615,1.2339612712005996
2019-11-19,65.05266571044922,65.62950134277344,66.33149719238281,65.5885009765625,66.33149719238281,21864000,62.645914858423474,1.061395381671602,64.4430492401123,62.51927970886231,0.05751691734603548,1.1538577380977175
2019-11-20,64.52088928222656,65.09300231933594,65.6604995727539,64.46050262451172,65.56800079345703,28892000,57.82297914338308,0.9799101731943125,64.55362434387207,62.60113975524902,0.035169359296598035,1.1010959273315
2019-11-21,64.4356460571289,65.00700378417969,65.55599975585938,64.5374984741211,64.9625015258789,25546000,57.064589805713645,0.8980411361333154,64.65619945526123,62.66630981445312,0.03258654409965178,1.0381399354526084
2019-11-22,64.11497497558594,64.68350219726562,65.34500122070312,64.46800231933594,65.1500015258789,27776000,54.18556500396569,0.7978582467603701,64.72962455749511,62.719949874877926,0.02323027827466695,0.9812135633994841
2019-11-25,64.7082290649414,65.28199768066406,65.52050018310547,64.78050231933594,64.81300354003906,23590000,58.370152663012014,0.7580182067904531,64.77127456665039,62.79395980834961,0.012924951751763558,0.986340688930589
2019-11-26,65.07298278808594,65.6500015258789,65.70050048828125,65.2020034790039,65.49549865722656,21910000,60.744411123053204,0.7475225482352386,64.90212459564209,62.87707984924317,0.04151794362565875,0.9145784886234125
2019-11-27,65.02986907958984,65.60649871826172,65.88200378417969,65.47350311279297,65.77100372314453,18808000,60.3065491122168,0.727310369007597,65.03069953918457,62.956559829711914,0.040794778727284875,0.8134390988178214
2019-11-29,64.63139343261719,65.20449829101562,65.49749755859375,65.1614990234375,65.33000183105469,12802000,56.270073483975146,0.6711177686471359,65.1439245223999,63.02189979553223,0.03597870533390335,0.6478611752875805
2019-12-02,63.876590728759766,64.44300079345703,65.27200317382812,64.01899719238281,65.12799835205078,26538000,49.50991761364797,0.5586979221931188,65.18544960021973,63.08091979980469,0.013055634762934032,0.5659785180001254
2019-12-03,64.16799926757812,64.73699951171875,64.86150360107422,63.852500915527344,63.93299865722656,25270000,51.91194565491114,0.48770565623216555,65.19827461242676,63.14096977233887,0.003977950652587436,0.5518945773442411
2019-12-04,65.36736297607422,65.9469985961914,66.2135009765625,65.15249633789062,65.30500030517578,35506000,60.28606589805172,0.5230511793120627,65.26702461242675,63.24157974243164,0.02129405980754484,0.5554040525831765
2019-12-05,65.76486206054688,66.3479995727539,66.39900207519531,65.71600341796875,66.3499984741211,24408000,62.60989276985163,0.5767715253903276,65.35689964294434,63.322599716186524,0.02784642472552412,0.5783163861085462
2019-12-06,66.38087463378906,66.96949768066406,67.12349700927734,66.5615005493164,66.63749694824219,32968000,65.93669305807876,0.6618654173887393,65.43802452087402,63.41969970703125,0.024828952447134123,0.6814572821593953
2019-12-09,66.55928802490234,67.14949798583984,67.87750244140625,66.80349731445312,66.94300079345703,30842000,66.85647902068314,0.7353507939555044,65.5229995727539,63.536739654541016,0.025966403618652878,0.7816271629100926
2019-12-10,66.55433654785156,67.14450073242188,67.4000015258789,66.69999694824219,66.99700164794922,17606000,66.80254835077002,0.7841460996088756,65.63452453613282,63.65848968505859,0.03436083460031525,0.8465879001339823
2019-12-11,66.62175750732422,67.2125015258789,67.49449920654297,67.05500030517578,67.41500091552734,20480000,67.19039549620999,0.818864466768531,65.75212478637695,63.79673973083496,0.036262519268896565,0.895362496869704
2019-12-12,66.8318862915039,67.42449951171875,67.72899627685547,66.91000366210938,67.1604995727539,29114000,68.42876393723652,0.8536451981227913,65.88289985656738,63.96730972290039,0.04035707201419236,0.9402438912569602
2019-12-13,66.75159454345703,67.34349822998047,67.56749725341797,67.08300018310547,67.3949966430664,33170000,67.38226373329144,0.8647052677560083,65.97719993591309,64.12474967956543,0.028812614041723084,0.9886631734700809
2019-12-16,67.4370346069336,68.03500366210938,68.17649841308594,67.53050231933594,67.75,28128000,71.4030316446929,0.918679199886256,66.0451000213623,64.27448974609375,0.020366868173513186,1.0815259059874165
2019-12-17,67.1490707397461,67.74449920654297,68.21649932861328,67.53849792480469,68.12049865722656,32948000,67.63126690377563,0.9273230454144965,66.13272514343262,64.42112976074219,0.026556287539583723,1.1460651633795242
2019-12-18,67.00138092041016,67.59549713134766,67.97149658203125,67.52300262451172,67.8499984741211,23330000,65.71388214003485,0.9116412996399674,66.23102493286133,64.58290969848633,0.029955976326958567,1.1843064267986536
2019-12-19,67.22589874267578,67.8219985961914,67.87650299072266,67.4375,67.59549713134766,28922000,67.23457309000577,0.9070344498652503,66.3674747467041,64.73694969177247,0.04192457222156465,1.2033458450489722
2019-12-20,66.96717834472656,67.56099700927734,68.19999694824219,67.5364990234375,68.15499877929688,50090000,63.727029024131774,0.8722678802894421,66.49517440795898,64.8786996459961,0.03928797016359642,1.1867747827583146
2019-12-23,66.93795013427734,67.53150177001953,68.09249877929688,67.4000015258789,67.9365005493164,19936000,63.32498000729615,0.8327358436691554,66.63757438659668,65.01361968994141,0.04402976765340183,1.127328384392119
2019-12-24,66.63066864013672,67.22149658203125,67.60050201416016,67.20850372314453,67.510498046875,13468000,59.104357097482776,0.7675438245554034,66.73454933166504,65.14027961730957,0.029709551948065682,1.0872904653335767
2019-12-26,67.52474212646484,68.12349700927734,68.16000366210938,67.27549743652344,67.32749938964844,23662000,66.16965370611032,0.7796749681690471,66.85822410583496,65.26050956726074,0.03767700572593902,1.0980564954522016
2019-12-27,67.13668823242188,67.73200225830078,68.35250091552734,67.6500015258789,68.19999694824219,23212000,61.225525079478956,0.7490638900885074,66.96449928283691,65.37214958190918,0.032397759087354316,1.0731070684253914
2019-12-30,66.39673614501953,66.9854965209961,67.8499984741211,66.89199829101562,67.84049987792969,19994000,53.08106308788476,0.6569941958519507,67.05354919433594,65.45905952453613,0.027314039317220873,0.99005200511534
2019-12-31,66.38087463378906,66.96949768066406,67.03299713134766,66.60649871826172,66.78949737548828,19514000,52.91859121225014,0.5760964459153115,67.17987403869628,65.55403945922852,0.03920514029606692,0.7778783175505896
2020-01-02,67.83252716064453,68.43399810791016,68.43399810791016,67.32450103759766,67.42050170898438,27278000,63.83177481610774,0.6229760611479378,67.36472396850586,65.67843940734863,0.05710796953946207,0.5812237614589663
2020-01-03,67.47764587402344,68.07599639892578,68.6875,67.36599731445312,67.4000015258789,23408000,60.16068455846599,0.6240471212414462,67.47117385864257,65.79875930786133,0.03228346775523039,0.49672251141462115
2020-01-06,69.27620697021484,69.8905029296875,69.91600036621094,67.55000305175781,67.58149719238281,46768000,69.67899480290468,0.7625215825009235,67.64829902648925,65.93893936157227,0.05339276812783278,0.6748137360706403
2020-01-07,69.14240264892578,69.75550079345703,70.17500305175781,69.5780029296875,70.02300262451172,34330000,68.3701702347399,0.8515538637029181,67.7875991821289,66.07493934631347,0.04160107525485235,0.8027431699719778
2020-01-08,69.63453674316406,70.25199890136719,70.59249877929688,69.63150024414062,69.74099731445312,35314000,70.56032222398291,0.9512108691081238,67.94272422790527,66.21567932128906,0.04620289069296657,0.9577482524055212
2020-01-09,70.36554718017578,70.989501953125,71.43399810791016,70.510498046875,71.09649658203125,33200000,73.49606904204668,1.0772818618694089,68.13497428894043,66.3464894104004,0.057264573848361255,1.154734980383954
2020-01-10,70.82002258300781,71.447998046875,71.74700164794922,70.9800033569336,71.47350311279297,26258000,75.15483077339115,1.2003539022878584,68.34674911499023,66.514789352417,0.06301649878877513,1.3487429528932517
2020-01-13,71.36865234375,72.00150299072266,72.0739974975586,71.26850128173828,71.76249694824219,30730000,77.02427888168751,1.32725285936381,68.57559928894042,66.6941194152832,0.06788338826613605,1.5563499306442645
2020-01-14,70.90079498291016,71.52950286865234,72.13150024414062,71.38849639892578,72.0,26076000,72.0459206863228,1.3738972990802125,68.78489952087402,66.86590950012207,0.062159001962988514,1.6599559065594076
2020-01-15,71.32752227783203,71.95999908447266,72.03900146484375,71.58300018310547,71.6510009765625,21550000,73.714643785185,1.4291267172245483,68.98114929199218,67.03285949707032,0.057690824003721275,1.7932952997382348
2020-01-16,71.87069702148438,72.50800323486328,72.53500366210938,72.0,72.27249908447266,26080000,75.70298620358442,1.4998267153206513,69.21932449340821,67.19340957641602,0.070315731669919,1.9314175238643418
2020-01-17,73.32579803466797,73.97599792480469,74.02749633789062,72.82749938964844,73.12699890136719,52424000,80.05538176623021,1.6552313988918854,69.53834953308106,67.38148956298828,0.09439239393503995,2.1622440425428326
2020-01-21,73.46112060546875,74.11250305175781,74.49400329589844,73.510498046875,73.94999694824219,48930000,80.40685222997595,1.7690134671004643,69.85287475585938,67.5727296447754,0.09275020768732789,2.3488987817285825
2020-01-22,73.54138946533203,74.19349670410156,75.02899932861328,74.13300323486328,74.48650360107422,28458000,80.62502023878835,1.844460296600701,70.18449974060059,67.74965957641602,0.09817054200537423,2.4732035152760994
2020-01-23,73.58202362060547,74.2344970703125,74.67500305175781,74.01599884033203,74.37750244140625,26650000,80.74192204730474,1.8858222543786667,70.51964950561523,67.92534957885742,0.09925731139698635,2.547811752222379
2020-01-24,72.6641616821289,73.30850219726562,74.70999908447266,73.15899658203125,74.64099884033203,29786000,70.40919657678994,1.8228689578718615,70.82399978637696,68.09323959350586,0.09055147422679477,2.4961323190601257
2020-01-27,70.95731353759766,71.58650207519531,71.8290023803711,70.9749984741211,71.5770034790039,34132000,56.04551021297457,1.6154056080461459,70.99715003967285,68.22775970458984,0.05083422340233601,2.417827742088857
2020-01-28,71.88755798339844,72.5250015258789,72.73999786376953,71.51799774169922,72.08699798583984,29724000,60.74564100186497,1.50931996982645,71.23680000305175,68.38207977294923,0.07076417509849597,2.3123971026737955
2020-01-29,72.19481658935547,72.83499908447266,73.20700073242188,72.26950073242188,72.9229965209961,21566000,62.18407634857254,1.4337333637036664,71.52927513122559,68.52962982177735,0.08732491161938438,2.1072088279090653
2020-01-30,72.07342529296875,72.7125015258789,72.76249694824219,71.75,71.90499877929688,27110000,61.22926982000239,1.3484023614836929,71.81642532348633,68.65033981323242,0.08575551622918942,1.8256304100514567
2020-01-31,71.00935363769531,71.63899993896484,73.4834976196289,71.35299682617188,73.39299774169922,43822000,53.479583109372385,1.1805457247600089,71.97667541503907,68.76327987670898,0.04683347341479127,1.6448110681703474
2020-02-03,73.47845458984375,74.12999725341797,74.31500244140625,72.83049774169922,73.0824966430664,71636000,64.65782670797952,1.2342926387390207,72.27937545776368,68.93328979492188,0.08893003664633414,1.4325468190222084
2020-02-04,71.63528442382812,72.27050018310547,73.36699676513672,71.10150146484375,72.72450256347656,95880000,54.19000968132655,1.1140000826721206,72.39837532043457,69.07683975219726,0.034053228316475836,1.3179282955878748
2020-02-05,71.66700744628906,72.30249786376953,73.22899627685547,71.48400115966797,73.18049621582031,36376000,54.32703534284286,1.009611141958473,72.52572517395019,69.22274963378906,0.03651320743655817,1.1630679002546676
2020-02-06,73.14986419677734,73.79850006103516,74.0780029296875,72.52400207519531,72.5989990234375,37822000,60.30527019924063,1.035658601386828,72.70305023193359,69.40504959106445,0.050482565836271975,1.064327143470597
2020-02-07,73.30548095703125,73.95549774169922,74.26249694824219,73.27050018310547,73.36949920654297,28360000,60.88391865539945,1.0567878093522012,72.85135002136231,69.57851959228516,0.04178076626784466,1.0186568454860419
2020-02-10,74.77001190185547,75.43299865722656,75.44400024414062,73.76000213623047,73.86150360107422,38302000,65.919070630878,1.1791621870953009,73.05060005187988,69.77417953491211,0.05577483931372185,1.1149008695559015
2020-02-11,74.8393783569336,75.50299835205078,76.49400329589844,75.27249908447266,75.66349792480469,34852000,66.14144195021461,1.267185824092607,73.22567481994629,69.97210952758789,0.04863086485540857,1.2121686594580945
2020-02-12,75.26412963867188,75.93150329589844,76.01499938964844,75.43350219726562,75.79299926757812,31042000,67.53777803115194,1.355892078524576,73.44577484130859,70.18664962768554,0.06154104601187238,1.285410693848063
2020-02-13,75.0044174194336,75.66950225830078,76.29750061035156,75.19999694824219,75.5,22914000,65.75226078576162,1.3890391514646296,73.63125,70.41117965698243,0.051549516690148955,1.3267043798940272
2020-02-14,75.26905822753906,75.9365005493164,76.00250244140625,75.27749633789062,75.72650146484375,23198000,66.7179070476923,1.4204785833765783,73.80267486572265,70.63516967773438,0.04728439843182208,1.393736228705967
2020-02-18,75.30426025390625,75.97200012207031,76.52799987792969,75.55049896240234,75.71700286865234,25642000,66.85173483214389,1.4317547015514833,73.90247497558593,70.83566970825196,0.026981754261625968,1.4758448566193698
2020-02-19,75.57337188720703,76.24349975585938,76.53700256347656,76.04900360107422,76.36000061035156,22746000,67.91435306757492,1.4459310646226555,74.00902481079102,71.03357971191406,0.028753538422705116,1.565978265911164
2020-02-20,75.18283081054688,75.84950256347656,76.35350036621094,75.21299743652344,75.95050048828125,25962000,64.6742670634791,1.4091300794356698,74.09182510375976,71.21117980957031,0.02232009452229322,1.61912389183669
2020-02-21,73.52107238769531,74.1729965209961,75.54750061035156,73.92449951171875,75.22899627685547,42520000,53.07168769365907,1.2305005625307643,74.08875007629395,71.35164978027343,-0.000828463204353036,1.6188970540117285
2020-02-24,70.3690185546875,70.99299621582031,71.81900024414062,70.3395004272461,71.15249633789062,49560000,38.83873920555659,0.8228506253686731,73.97297477722168,71.4286196899414,-0.031585776711336,1.7547312370705659
2020-02-25,68.70675659179688,69.31600189208984,71.84249877929688,69.02100372314453,71.55000305175781,51580000,33.70518852415745,0.36031223139289636,73.85944976806641,71.47068969726563,-0.0317168756299967,1.9766657001645678
2020-02-26,68.91242980957031,69.52349853515625,70.68350219726562,68.82749938964844,69.7490005493164,49776000,34.852586486943665,0.010370917253140988,73.70937461853028,71.51266967773438,-0.04138576942534278,2.186155102202882
2020-02-27,65.16962432861328,65.74749755859375,68.47000122070312,65.71199798583984,67.95700073242188,62290000,26.02516698914883,-0.5651372662260457,73.35499954223633,71.48074966430664,-0.09730900823735789,2.8183751229152505
2020-02-28,66.37393951416016,66.9625015258789,67.12249755859375,63.410499572753906,63.71549987792969,80198000,31.99383367494586,-0.9126702870462253,73.06749954223633,71.45929962158203,-0.07907856117360412,3.159943624780214
2020-03-02,68.70675659179688,69.31600189208984,69.37349700927734,66.26000213623047,67.56950378417969,55430000,41.79108202984167,-0.9868095728680544,72.95134963989258,71.49072967529297,-0.03242644437881814,3.256434424256816
2020-03-03,66.29812622070312,66.88600158691406,70.40950012207031,66.46199798583984,69.88400268554688,56602000,36.02092735731091,-1.2274963929662022,72.58914985656739,71.4765397644043,-0.09772016639552628,3.51132304631666
2020-03-04,68.47283935546875,69.08000183105469,69.13899993896484,66.8499984741211,67.947998046875,47598000,43.59357026075671,-1.2270601625365458,72.42962493896485,71.50169982910157,-0.044146620598547015,3.5979674045518624
2020-03-05,65.16020965576172,65.73799896240234,67.68150329589844,65.08200073242188,67.27749633789062,54380000,36.50557306073792,-1.479333314399696,72.10139999389648,71.46523986816406,-0.09079214543508363,3.897158776567675
2020-03-06,64.21757507324219,64.78700256347656,65.13749694824219,62.86050033569336,63.497501373291016,64640000,34.77296793004453,-1.735987680994242,71.65082511901855,71.41034988403321,-0.12210949396133552,4.199805702527177
2020-03-09,60.25520324707031,60.78950119018555,62.63650131225586,59.902000427246094,60.24800109863281,69252000,28.62326625146207,-2.236175824987626,70.99252529144287,71.28170997619628,-0.17802593388659094,4.80744301863047
2020-03-10,63.19810104370117,63.75849914550781,63.79249954223633,60.72549819946289,62.71950149536133,54872000,37.46863884242159,-2.3657344960679723,70.40880031585694,71.1944100189209,-0.15476647779532915,4.946648481524363
2020-03-11,60.012855529785156,60.54499816894531,62.846500396728516,59.55699920654297,62.41350173950195,54732000,32.73947469174645,-2.6966282963715997,69.66090030670166,71.05066993713379,-0.1981113400736778,5.256944997775723
2020-03-12,55.08901596069336,55.57749938964844,59.4375,55.423500061035156,56.13100051879883,94326000,27.054808660033387,-3.321412477905284,68.64320011138916,70.82250999450683,-0.2680574336442705,5.908875524313059
2020-03-13,60.179874420166016,60.7135009765625,60.720001220703125,55.614498138427734,58.7495002746582,79400000,38.8727121540017,-3.3633553712857633,67.89540004730225,70.69739006042481,-0.19764899775189992,5.919230466818339
2020-03-16,53.17845916748047,53.650001525878906,57.27349853515625,53.354000091552734,54.480499267578125,96520000,31.350191075136223,-3.921357818048243,66.78107509613037,70.40171012878417,-0.293488623550195,6.403724972239081
2020-03-17,55.411659240722656,55.90299987792969,56.29999923706055,52.45500183105469,54.53200149536133,83194000,35.62910693870246,-4.134125019558411,65.77762508392334,70.15825019836426,-0.2641631155148496,6.459865388698144
2020-03-18,54.079959869384766,54.55950164794922,55.2495002746582,51.849998474121094,52.99700164794922,93044000,34.25786036023037,-4.360884081599757,64.69342517852783,69.85163017272949,-0.28440454828732753,6.430475664000654
2020-03-19,55.09496307373047,55.58349990844727,57.63050079345703,52.77750015258789,54.4109992980957,74064000,36.271092690570455,-4.407161159779328,63.680125045776364,69.5681901550293,-0.26718702127372784,6.171523997862195
2020-03-20,52.94105911254883,53.41049957275391,56.92399978637695,53.10499954223633,56.54499816894531,82878000,33.898741936370655,-4.566538827185816,62.64200019836426,69.23136016845703,-0.279919888936467,6.058822415774636
2020-03-23,52.243247985839844,52.70650100708008,53.34550094604492,50.44350051879883,52.81850051879883,83672000,33.14243286310571,-4.695526471251085,61.727675437927246,68.86570014953614,-0.2575816796511712,6.111819724700165
2020-03-24,56.003902435302734,56.5004997253418,56.666500091552734,54.32149887084961,55.19900131225586,72468000,40.8071333962323,-4.440419725158819,61.086900329589845,68.56675018310547,-0.18488518981084678,5.943865831185021
2020-03-25,54.59687805175781,55.08100128173828,57.30849838256836,54.1505012512207,56.229000091552734,90324000,39.005395028246525,-4.303183036682725,60.36477546691894,68.22834014892578,-0.20773547876211618,5.738726372125814
2020-03-26,57.63494110107422,58.14599990844727,58.57400131225586,54.60150146484375,55.736000061035156,76562000,44.684531217468,-3.9021209767809992,59.98470058441162,67.96067008972167,-0.11561653192004873,5.613830461903516
2020-03-27,55.02508544921875,55.51300048828125,57.5525016784668,55.20000076293945,56.37350082397461,62794000,41.14074004009106,-3.7534697898423914,59.412225532531735,67.63173011779786,-0.17098377116590813,5.446092750603833
2020-03-30,56.811737060546875,57.31549835205078,57.54999923706055,54.92449951171875,56.63199996948242,58736000,44.3920366012293,-3.4504415968138034,58.81220035552978,67.3278800201416,-0.17312746281473756,4.934569106895984
2020-03-31,57.58686065673828,58.09749984741211,58.66999816894531,56.83599853515625,57.436500549316406,65228000,45.79107643193627,-3.111323188437062,58.37277526855469,67.01031005859375,-0.13139523264941855,4.554420151983363
2020-04-01,54.62066650390625,55.10499954223633,56.47100067138672,54.67449951171875,56.20000076293945,51970000,41.48936583521542,-3.0488934262933896,57.67402515411377,66.63015998840332,-0.20230170698310468,3.8414685965220396
2020-04-02,55.3606071472168,55.85150146484375,56.13850021362305,54.65650177001953,55.0,56410000,42.92966325346049,-2.9056859843341556,57.17970027923584,66.26332008361817,-0.15039243137310887,3.354396298041363
2020-04-03,54.15479278564453,54.6349983215332,55.93949890136719,53.75400161743164,55.73550033569336,51374000,41.1518986982868,-2.857416176746028,56.67210006713867,65.87133010864258,-0.1566981622895225,2.87675636479385
2020-04-06,58.639530181884766,59.15950012207031,59.537498474121094,56.25,56.650001525878906,63320000,49.524155951995354,-2.4261058855529924,56.59060001373291,65.58835006713868,-0.02681385825186533,2.775268012817196
2020-04-07,58.608306884765625,59.12799835205078,61.03900146484375,58.86249923706055,60.85049819946289,61620000,49.47138280007502,-2.0630497486306325,56.35907497406006,65.33917999267578,-0.07262562412094165,2.297912940960578
2020-04-08,59.81956481933594,60.34999847412109,60.744998931884766,59.1974983215332,60.154998779296875,40334000,51.62485470207055,-1.6576120276444684,56.349324989318845,65.09567993164063,-0.0032207399574131212,2.2795577819792348
2020-04-09,59.798255920410156,60.32849884033203,61.0994987487793,59.62099838256836,60.909000396728516,54028000,51.583200906529136,-1.3227862964886938,56.58687496185303,64.84554992675781,0.08548422478267326,2.4370041999134604
2020-04-13,59.98857116699219,60.52050018310547,60.72600173950195,59.11650085449219,60.07500076293945,38702000,51.95601527818679,-1.0300676103022255,56.57722492218018,64.60170989990235,-0.0031788776854020373,2.420127254029202
2020-04-14,62.705482482910156,63.26150131225586,63.787498474121094,61.426998138427734,61.99850082397461,63358000,57.04153097015548,-0.5703355853486656,57.057799911499025,64.43415992736817,0.1791519014541072,2.7412556691385292
2020-04-15,62.31246566772461,62.8650016784668,63.75550079345703,61.70000076293945,62.32550048828125,42236000,56.11618869268304,-0.2352767264953073,57.40590000152588,64.20886001586913,0.12453717717724277,3.0152395908932097
2020-04-16,62.31890869140625,62.87149810791016,63.667999267578125,61.90999984741211,63.356998443603516,57896000,56.12874632883311,0.030433225399477237,57.821499824523926,64.02087997436523,0.1523473677159839,3.1710702230855397
2020-04-17,63.3879280090332,63.95000076293945,64.5,63.29999923706055,64.08499908447266,51050000,58.26398165991372,0.3242981205854747,58.23982486724854,63.85383003234863,0.15052130341329373,3.403620395491023
2020-04-20,62.503265380859375,63.057498931884766,63.840999603271484,62.821998596191406,63.49449920654297,35292000,55.84184821565513,0.47964171723584315,58.72217483520508,63.63901000976563,0.18061990500557012,3.3665723228664506
2020-04-21,60.07529830932617,60.608001708984375,62.5,60.25,62.135501861572266,49648000,49.73129922458455,0.4004821729871111,59.11724987030029,63.37206008911133,0.14991510631379024,3.074416509647671
2020-04-22,62.36747360229492,62.920501708984375,63.99399948120117,61.86000061035156,62.05550003051758,46296000,54.763927062384525,0.5183716221029329,59.43824996948242,63.12181015014649,0.11362734869339675,3.121615831373106
2020-04-23,62.99986267089844,63.55849838256836,64.40750122070312,63.0265007019043,63.2869987487793,34202000,56.07062012025539,0.6557221032390856,59.862124824523924,62.88292015075684,0.1539096404124507,3.0740223570298375
2020-04-24,63.26898193359375,63.83000183105469,63.885501861572266,62.20000076293945,62.75,37402000,56.64456978606553,0.7775186572479242,60.146324920654294,62.64089012145996,0.09775396298209782,3.168315382505789
2020-04-27,62.984500885009766,63.542999267578125,64.70500183105469,63.25299835205078,64.5999984741211,44186000,55.814412843676614,0.841187904957593,60.54782485961914,62.398360061645505,0.1446507792529068,3.05710460025482
2020-04-28,61.08782196044922,61.62950134277344,64.23799896240234,61.51900100708008,64.16000366210938,80700000,50.50038845413954,0.7288413226379333,60.76352500915527,62.11222007751465,0.07526765211434827,2.9679289294367766
2020-04-29,66.51917266845703,67.10900115966797,68.00749969482422,66.33650207519531,67.25,108358000,61.73536884735621,1.0696257085199434,61.21410007476807,61.9349600982666,0.15510996748437988,3.2155908034728697
2020-04-30,66.7431869506836,67.33499908447266,67.5,66.07499694824219,66.56800079345703,55842000,62.11727787496894,1.3424608799672555,61.82560005187988,61.75679008483887,0.22193992639202187,3.154996964069577
2020-05-01,65.28707885742188,65.86599731445312,67.57150268554688,65.48300170898438,66.20449829101562,48872000,58.06081005620947,1.423736603806553,62.32632484436035,61.5571199798584,0.17930575878811594,2.944634377966746
2020-05-04,65.56361389160156,66.1449966430664,66.22350311279297,64.80049896240234,65.40650177001953,30806000,58.613598315326016,1.4934456033557097,62.90182476043701,61.396559982299806,0.21067079116202314,2.444632232975731
2020-05-05,66.85814666748047,67.45099639892578,68.55049896240234,66.75150299072266,66.875,39666000,61.19218972700171,1.6352239099843615,63.316399574279785,61.32571998596191,0.14015494146750251,2.4793975468121543
2020-05-06,66.68023681640625,67.27149963378906,68.43450164794922,67.25650024414062,67.9000015258789,31732000,60.633034510270946,1.7133499192695822,63.7235746383667,61.2848299407959,0.13772665249466942,2.423406831341964
2020-05-07,67.86223602294922,68.46399688720703,68.80000305175781,67.62699890136719,68.06549835205078,30652000,63.04877705382208,1.8501623864264545,64.129274559021,61.26363990783691,0.1344490243287304,2.506663237964184
2020-05-08,68.60863494873047,69.21700286865234,69.83200073242188,68.60050201416016,69.09100341796875,33326000,64.52896967114276,1.996336022901957,64.57369976043701,61.33303001403809,0.1473350771058468,2.584087533942233
2020-05-11,69.56267547607422,70.17949676513672,70.77649688720703,68.7750015258789,68.8395004272461,32718000,66.38265927698077,2.1648893990863343,65.05664958953858,61.397369918823244,0.15959875666605283,2.6872445462344965
2020-05-12,68.15465545654297,68.75900268554688,70.71649932861328,68.72550201416016,70.41100311279297,33918000,61.291793270674965,2.1589600162539853,65.33152465820312,61.38622993469238,0.08690121573554821,2.773731258722759
2020-05-13,66.82394409179688,67.41649627685547,69.2665023803711,66.40049743652344,68.80799865722656,40368000,56.854070130866575,2.0226164271164606,65.55909938812256,61.39683982849121,0.0724010892685254,2.7473018601391828
2020-05-14,67.24669647216797,67.84300231933594,67.86849975585938,66.16500091552734,66.6760025024414,36660000,57.897021832444416,1.926768040985877,65.80767459869385,61.37209983825684,0.07907405360204534,2.71606237773648
2020-05-15,68.04959106445312,68.65299987792969,68.72899627685547,66.94999694824219,67.41300201416016,41544000,59.880481095274426,1.8943308708741284,66.04282455444336,61.430399856567384,0.0735418148378777,2.750137946647194
2020-05-18,68.65026092529297,69.25900268554688,69.63800048828125,67.70999908447266,68.0790023803711,47094000,61.34759098474331,1.8956714217261208,66.35289974212647,61.51983985900879,0.09834680821009134,2.745432724440417
2020-05-19,68.1159896850586,68.72000122070312,69.62449645996094,68.68800354003906,69.27400207519531,31586000,59.27147018081547,1.8321213498793156,66.7584997177124,61.67844985961914,0.1338437051706367,2.43353441508775
2020-05-20,69.8387222290039,70.45800018310547,70.60150146484375,69.37100219726562,69.45800018310547,38262000,63.554430922298344,1.9000963236396444,67.13537464141845,61.812439880371095,0.1197939982898264,2.39115790113436
2020-05-21,69.71928405761719,70.3375015258789,70.822998046875,69.71949768066406,70.54949951171875,30894000,63.05930923807043,1.9220871216088398,67.47432479858398,62.008289947509766,0.10665769827516502,2.3373051811546763
2020-05-22,70.04092407226562,70.66200256347656,70.8499984741211,69.79750061035156,70.19499969482422,28544000,63.87549053212125,1.9432983751923842,67.81592483520508,62.30998001098633,0.10703431828977261,2.2750743495998513
2020-05-26,70.44384765625,71.06849670410156,72.25550079345703,70.97000122070312,72.0979995727539,44590000,64.9210555047004,1.970197911295557,68.19219970703125,62.51707992553711,0.11843157426097783,2.1500670479195216
2020-05-27,70.38983154296875,71.01399993896484,71.26750183105469,69.7300033569336,71.0,31684000,64.65089322406291,1.9644733282737832,68.66142463684082,62.86435989379883,0.1522728302472598,1.5947790464686127
2020-05-28,70.28873443603516,70.91200256347656,72.2229995727539,69.9540023803711,70.0,35170000,64.11313248160845,1.9294645528955527,68.85157470703125,63.164539947509766,0.05666902111626371,1.6263460061319563
2020-05-29,71.04601287841797,71.6760025024414,71.83650207519531,70.79900360107422,71.02149963378906,37044000,66.36963175606826,1.9409936892215427,69.0686248779297,63.50686996459961,0.06446875290698229,1.7012410411283825
2020-06-01,71.1129150390625,71.74349975585938,72.0790023803711,71.11399841308594,71.28500366210938,25162000,66.56962638735303,1.9332912984194621,69.3625,63.83006996154785,0.08923424347992892,1.6248251901953774
2020-06-02,71.48164367675781,72.1155014038086,72.1500015258789,71.08049774169922,71.75,23442000,67.709368763544,1.9349001972181128,69.66102523803711,64.20416999816895,0.0902638909025939,1.5492854651464507
2020-06-03,71.32999420166016,71.9625015258789,72.45050048828125,71.58100128173828,72.13500213623047,27732000,66.70212168169894,1.9019054672999403,69.88660049438477,64.58929000854492,0.06688567060256179,1.5389727487419302
2020-06-04,70.09346008300781,70.71499633789062,72.06600189208984,70.30049896240234,71.83899688720703,26982000,58.99584436279823,1.7548646756749662,70.05877532958985,64.87357994079589,0.05118804728372628,1.4189489993232272
2020-06-05,71.36815643310547,72.0009994506836,72.31500244140625,70.38099670410156,70.78199768066406,42642000,63.65715693947491,1.7222504613121004,70.23562545776367,65.21197990417481,0.051662227218543855,1.4300957989717284
2020-06-08,71.76564025878906,72.4020004272461,72.44999694824219,71.2239990234375,71.31400299072266,33878000,64.9934975578214,1.7090599101688326,70.39487533569336,65.49709991455079,0.046014670190757556,1.4869021832308218
2020-06-09,71.96585083007812,72.60399627685547,73.38999938964844,72.11799621582031,72.26200103759766,33624000,65.67811985597419,1.6953625955933092,70.5161003112793,65.83891983032227,0.034547120219921235,1.5651904450685707
2020-06-10,72.59130859375,73.23500061035156,73.63849639892578,72.71800231933594,73.07550048828125,31762000,67.79684819950478,1.715647237893151,70.73990020751953,66.15730987548828,0.06509690004194235,1.6197774433893124
2020-06-11,69.47891235351562,70.09500122070312,72.58000183105469,69.92050170898438,72.05149841308594,47144000,50.94382959217189,1.4615039466416704,70.87382545471192,66.3972599029541,0.03973070526904854,1.4301649138671595
2020-06-12,70.02507019042969,70.64600372314453,71.72550201416016,69.29000091552734,71.29299926757812,36676000,53.144899133076244,1.2896881323614338,71.01397552490235,66.70807998657227,0.04131599882055492,1.2425617628667789
2020-06-15,70.41263580322266,71.03700256347656,71.25,69.36000061035156,69.47450256347656,30468000,54.69822274485722,1.1715680926827616,71.13317565917968,67.01179000854492,0.03472539713902978,1.1115987953561224
2020-06-16,71.68782806396484,72.32350158691406,72.8584976196289,71.44950103759766,72.44999694824219,30648000,59.46037688657231,1.1682994014402652,71.28640060424804,67.36556007385254,0.04424693949580494,1.0491144024272103
2020-06-17,71.9886703491211,72.62699890136719,73.11000061035156,71.75650024414062,72.64700317382812,30610000,60.51488917380244,1.1766351196945095,71.48175048828125,67.63491004943847,0.05685386512314272,0.8991149453115008
2020-06-18,71.07575988769531,71.70600128173828,72.64849853515625,71.31199645996094,72.49250030517578,34862000,55.77367536323411,1.096287110268662,71.5441505432129,67.88647010803223,0.017712695441107096,0.867060806666221
2020-06-19,70.60591888427734,71.23200225830078,72.2249984741211,70.94999694824219,72.0,52784000,53.45254614660879,0.9830312023215697,71.58887557983398,68.10411018371582,0.012717266223804646,0.8235201250026216
2020-06-22,71.89550018310547,72.53299713134766,72.54750061035156,70.95950317382812,71.25050354003906,29442000,58.551297308664076,0.9868783731209163,71.68242530822754,68.34820014953613,0.026478085816919128,0.818945516192157
2020-06-23,72.55563354492188,73.1989974975586,73.76000213623047,72.25,72.5999984741211,37752000,60.911762199792605,1.0317742954321574,71.7889503479004,68.6017700958252,0.029978132256371026,0.871746420283841
2020-06-24,71.00537872314453,71.63500213623047,73.78949737548828,71.5,73.16400146484375,31592000,53.24347034498649,0.9304278889839424,71.82000045776367,68.76924011230469,0.008744785504257724,0.8535610955653838
2020-06-25,71.42168426513672,72.05500030517578,72.11599731445312,70.97699737548828,71.56099700927734,23958000,54.8859715563661,0.8739263944006836,71.87715034484863,68.95304008483886,0.016118537065372918,0.8274312467469289
2020-06-26,67.52821350097656,68.12699890136719,71.85099792480469,67.75,71.63150024414062,97640000,40.54180230130321,0.5063547251851759,71.69970016479492,69.058150100708,-0.04951453034721531,1.1787953476300075
2020-06-29,69.24449157714844,69.8584976196289,69.9000015258789,67.5824966430664,68.01699829101562,45074000,47.10430635808228,0.3507260533228447,71.6054500579834,69.17632003784179,-0.026274187106080205,1.2484107310740773
2020-06-30,70.27930450439453,70.90249633789062,71.19999694824219,69.34649658203125,69.84400177001953,40286000,50.64167811870074,0.308079828638796,71.5447998046875,69.33321998596192,-0.016820309674140388,1.2517877785596383
2020-07-01,71.46630096435547,72.0999984741211,72.42400360107422,70.70899963378906,70.95850372314453,42182000,54.407940828050975,0.3666838990427266,71.5516746520996,69.56305992126465,0.0019106749394022238,1.2545770050958462
2020-07-02,72.85051727294922,73.49649810791016,74.4260025024414,72.55349731445312,72.59200286865234,57218000,58.39493534439711,0.5198217153133982,71.69074974060058,69.77457984924317,0.03933397318906651,1.309897059847846
2020-07-06,74.3234634399414,74.98249816894531,75.5,73.8489990234375,74.40750122070312,44712000,62.1844971534325,0.752418907114432,71.83982467651367,70.0030598449707,0.04140912960942811,1.5025532995733524
2020-07-07,73.84123992919922,74.49600219726562,76.06600189208984,74.48500061035156,74.80650329589844,42364000,60.24966828542707,0.8872698042933536,71.94452476501465,70.21637985229492,0.02892187726392592,1.6127070608715008
2020-07-08,74.51922607421875,75.18000030517578,75.55850219726562,74.61499786376953,75.04000091552734,31766000,62.038085626024646,1.0373748314401183,72.07332496643066,70.44911987304687,0.035480196138204745,1.7639260438886815
2020-07-09,75.26561737060547,75.93299865722656,76.45700073242188,74.77950286865234,75.49649810791016,41836000,63.96043140088509,1.2032247943945862,72.20822486877441,70.73518981933594,0.03684028161930053,1.9507204836670096
2020-07-10,76.27415466308594,76.95050048828125,77.06700134277344,75.03600311279297,75.6624984741211,35918000,66.43391984968608,1.4006204978260257,72.55099983215332,70.9320198059082,0.09780296951551093,2.151798122706448
2020-07-13,74.94693756103516,75.61150360107422,78.81800079345703,75.3280029296875,77.49700164794922,42954000,60.544975355959856,1.4324991975711612,72.79927482604981,71.09754989624024,0.07028705965292881,2.206203356437097
2020-07-14,75.3746337890625,76.04299926757812,76.13999938964844,74.29650115966797,74.6395034790039,38108000,61.72250709480518,1.475571916379522,73.04957466125488,71.30108993530274,0.0704702693448862,2.2785322644677715
2020-07-15,75.17738342285156,75.84400177001953,76.81649780273438,74.8915023803711,76.1614990234375,31026000,60.820978378488626,1.4766282698699627,73.22559967041016,71.4950700378418,0.04867712577321415,2.3542170561752878
2020-07-16,75.08025360107422,75.74600219726562,75.79550170898438,74.41349792480469,75.07499694824219,26484000,60.353459207416634,1.4528105949220418,73.38154983520508,71.66097015380859,0.0429455070852407,2.4149982885777503
2020-07-17,75.17589569091797,75.84249877929688,76.17150115966797,74.90499877929688,75.84549713134766,34264000,60.674010924911535,1.4252915103252235,73.588374710083,71.83239013671874,0.057686907980072366,2.4409380651047883
2020-07-20,77.50475311279297,78.19200134277344,78.45050048828125,75.13500213623047,75.75,30166000,67.55288777322629,1.5749130415842245,73.93637466430664,72.02695022583008,0.0977088789282432,2.5795164968691187
2020-07-21,77.11222839355469,77.7959976196289,79.35250091552734,77.63099670410156,79.25150299072266,27486000,65.47407544400173,1.6426001204498704,74.1995246887207,72.19853012084961,0.07256008570486405,2.6946971702238223
2020-07-22,77.55480194091797,78.24250030517578,78.3489990234375,77.1614990234375,77.7854995727539,24482000,66.71771351648364,1.7125306657534765,74.45169982910156,72.35979019165039,0.06890125520893098,2.8287919598628286
2020-07-23,75.17094421386719,75.8375015258789,78.51750183105469,75.42949676513672,78.29650115966797,33910000,55.18689537069333,1.5559517810673213,74.66182479858398,72.50136016845703,0.058665446559998946,2.763891473660331
2020-07-24,74.7477035522461,75.4104995727539,75.77149963378906,74.37950134277344,74.95950317382812,29902000,53.4215285355075,1.381481538615887,74.8295997619629,72.661240234375,0.04656858307357603,2.698389741041313
2020-07-27,75.79936218261719,76.47149658203125,76.87799835205078,75.61650085449219,75.66300201416016,27124000,57.094214844739426,1.313682887422587,75.2468246459961,72.83381011962891,0.1224844454508418,2.2080507179856905
2020-07-28,74.52169799804688,75.18250274658203,76.30049896240234,75.0260009765625,76.25,30910000,51.75505701704989,1.1427678218373387,75.51302490234374,72.96440017700195,0.07621127433833008,1.809144740141037
2020-07-29,75.50596618652344,76.17549896240234,76.66649627685547,75.15049743652344,75.25,22676000,55.228526431719565,1.0750503851412532,75.77667503356933,73.10273010253906,0.07436977394114397,1.4505672126071527
2020-07-30,76.2424545288086,76.91850280761719,77.04450225830078,74.75849914550781,74.89849853515625,36042000,57.68351470478797,1.069015088941896,76.01760025024414,73.26670013427734,0.06683085208698869,1.1832978107529515
2020-07-31,73.74359130859375,74.39749908447266,75.2509994506836,72.69999694824219,74.85250091552734,91468000,48.05510294977744,0.850998362279114,76.06265029907226,73.34549011230469,0.012259100770211084,1.096210268606939
2020-08-03,73.48637390136719,74.13800048828125,74.8864974975586,73.58599853515625,74.55000305175781,45482000,47.1820788725254,0.6497888067955273,76.02042541503906,73.42150009155273,-0.011262597289854237,1.1547100697922854
2020-08-04,73.01754760742188,73.66500091552734,74.65550231933594,73.20149993896484,74.33550262451172,37212000,45.55744144509677,0.4470088323730721,75.97887535095215,73.48156005859374,-0.011154978216653677,1.2252471679713655
2020-08-05,73.30448150634766,73.95449829101562,74.5,73.56099700927734,73.84100341796875,29134000,46.76564455050399,0.3061353230226729,75.91760025024413,73.53928009033203,-0.01630090461805689,1.2959083425294822
2020-08-06,74.58612823486328,75.24749755859375,75.3134994506836,73.59500122070312,73.80750274658203,33306000,51.89998821854648,0.2954208590019789,75.8833251953125,73.62395004272462,-0.009027710096466413,1.304516347784856
2020-08-07,74.2600326538086,74.91850280761719,76.00450134277344,74.3134994506836,75.4520034790039,27718000,50.56367897179851,0.25741512091353513,75.7817253112793,73.70408004760742,-0.026406555743890392,1.2961291264515435
2020-08-10,74.1832046508789,74.84100341796875,75.35749816894531,73.87449645996094,74.54000091552734,20546000,50.23554977875308,0.21852275234336105,75.74320030212402,73.76738006591796,-0.0101902507741497,1.3127985827713964
2020-08-11,73.3763656616211,74.0270004272461,75.52200317382812,73.90950012207031,74.69999694824219,31098000,46.80023424147697,0.12062652411998442,75.64240036010742,73.8130500793457,-0.026511300971154284,1.3649293847984234
2020-08-12,74.69961547851562,75.36199951171875,75.58350372314453,74.25,74.35600280761719,22512000,52.53326750575439,0.14904819223202992,75.61830024719238,73.8779800415039,-0.006355179672116296,1.3654376102589938
2020-08-13,75.16598510742188,75.8324966430664,76.84850311279297,75.4104995727539,75.4104995727539,22388000,54.39842405118614,0.20714986072096053,75.62262496948242,73.95537994384766,0.0011419011339439677,1.3660002259031414
2020-08-14,74.57026672363281,75.23149871826172,75.989501953125,74.94999694824219,75.68049621582031,21942000,51.60877129696444,0.20236757438775044,75.59207496643066,74.04570999145508,-0.008056169968940208,1.3676554068263118
2020-08-17,75.14567565917969,75.81199645996094,76.18900299072266,75.25,75.79850006103516,19990000,54.05937440231159,0.24262209783046274,75.47307472229004,74.12192993164062,-0.03043795838373775,1.225704353109647
2020-08-18,77.10529327392578,77.78900146484375,77.86849975585938,76.08350372314453,76.30599975585938,28378000,61.255633784762644,0.42910541889069975,75.47272491455078,74.22966995239258,-8.992949507968806e-05,1.2250073148222422
2020-08-19,76.55170440673828,77.23049926757812,78.44300079345703,77.0,77.62449645996094,30472000,58.46926045111109,0.5257676128866109,75.4221248626709,74.32220001220703,-0.012934160253704419,1.1210691129132953
2020-08-20,78.11979675292969,78.8125,79.00849914550781,76.7229995727539,76.99849700927734,26382000,63.529810914921,0.7217079359781735,75.57087478637695,74.43375,0.039228592902759374,1.3525550512400843
2020-08-21,78.08609008789062,78.77850341796875,79.59400177001953,78.1155014038086,78.58999633789062,34838000,63.351163822608726,0.8642858642100748,75.7392749786377,74.60742004394531,0.04466226671745477,1.5296144491868064
2020-08-24,78.56088256835938,79.25749969482422,80.43900299072266,78.75199890136719,79.62349700927734,25638000,64.85089766798096,1.0043533358877994,75.87857513427734,74.7796499633789,0.03643191564590875,1.715384764417916
2020-08-25,79.5867919921875,80.2925033569336,80.44400024414062,78.89399719238281,79.00499725341797,25150000,67.90694127999485,1.185211580636775,76.13407516479492,74.96475997924804,0.06796795030322222,1.968181008790458
2020-08-26,81.48394775390625,82.20649719238281,82.6395034790039,80.04900360107422,80.31500244140625,52188000,72.64374402696157,1.4660862198846303,76.43562507629395,75.16241989135742,0.07917241517455853,2.3913763879882874
2020-08-27,80.7103271484375,81.4260025024414,82.39949798583984,80.94049835205078,82.33049774169922,31350000,68.22181698704215,1.6071754779907934,76.66100006103515,75.3383999633789,0.058600980652185,2.6388769324586248
2020-08-28,81.25102233886719,81.97149658203125,82.06749725341797,81.28050231933594,81.47350311279297,22418000,69.61398568091316,1.7429153021952004,77.03969993591309,75.54370986938477,0.10180446373552021,2.8332557295594136
2020-08-31,80.76038360595703,81.47650146484375,82.2249984741211,81.2665023803711,82.17849731445312,26422000,66.75607183964013,1.7899150946914375,77.40662498474121,75.74859985351563,0.09898433904651194,2.9117917331369414
2020-09-01,82.02664184570312,82.75399780273438,82.96099853515625,81.47650146484375,81.60800170898438,22652000,70.16080560901108,1.908248940898389,77.86107482910157,75.95301986694336,0.12338283817615792,3.0048753630745595
2020-09-02,85.1147689819336,85.86949920654297,86.30500030517578,83.0094985961914,83.40049743652344,49522000,76.48572949818617,2.227744243604832,78.45682487487792,76.20642990112304,0.16111259207845707,3.350816094036766
2020-09-03,80.75939178466797,81.47550201416016,85.0,80.385498046875,84.97599792480469,63726000,57.85838247866812,2.1021553828730077,78.76822509765626,76.40323989868165,0.08276693122873335,3.3261691992465323
2020-09-04,78.36560821533203,79.06050109863281,81.74949645996094,76.89849853515625,80.44999694824219,55850000,50.56890571395007,1.7871537194328084,78.97532501220704,76.54334991455079,0.05528672004633939,3.20042666034336
2020-09-08,75.51043701171875,76.18000030517578,77.77749633789062,75.82499694824219,76.25,54032000,43.525129876864995,1.2902075811405496,79.04227485656739,76.70440994262695,0.01789122040132285,3.1224439221836557
2020-09-09,76.6815414428711,77.36150360107422,77.93599700927734,76.25849914550781,77.44499969482422,39242000,46.7985167237186,0.980410070970251,79.2090000152588,76.85447006225586,0.04504441831471051,2.923224010876438
2020-09-10,75.6318588256836,76.30249786376953,78.68299865722656,76.0,77.50900268554688,33024000,44.31892937684674,0.6420393694738209,79.25602493286132,76.96247009277344,0.012479742551211537,2.865067729174542
2020-09-11,75.12187957763672,75.78800201416016,76.93499755859375,74.6510009765625,76.40750122070312,30706000,43.123484875152236,0.32857502708499453,79.25380020141601,77.03623016357422,-0.0005867488329663884,2.8678819140649896
2020-09-14,74.77841186523438,75.44149780273438,77.8499984741211,75.25550079345703,76.5824966430664,42660000,42.29601734890964,0.05159749949186221,79.26430015563965,77.07513015747071,0.002791371806363907,2.8527246640087682
2020-09-15,76.08136749267578,76.75599670410156,77.54949951171875,76.1050033569336,76.39450073242188,23042000,46.49073280446824,-0.06113538041638833,79.31150016784667,77.11060012817383,0.01245185838944618,2.799918708772857
2020-09-16,74.94000244140625,75.60449981689453,77.71849822998047,75.57949829101562,77.1240005493164,22128000,43.50710833005283,-0.24061946387762134,79.20227508544922,77.1327700805664,-0.028082397341692156,2.9031434657137107
2020-09-17,73.69850158691406,74.35199737548828,74.93299865722656,73.12300109863281,74.29049682617188,40008000,40.4651098736922,-0.47841351930698295,79.05834999084473,77.11621002197266,-0.03727156912603646,3.0724548988036853
2020-09-18,71.91679382324219,72.55449676513672,74.76000213623047,71.58100128173828,74.41500091552734,63056000,36.51880628849104,-0.802657759351689,78.74544982910156,77.04863998413086,-0.07940368894354677,3.40000880291158
2020-09-21,70.8785171508789,71.50700378417969,72.00299835205078,70.13400268554688,71.58100128173828,56908000,34.412631497309036,-1.131108866023169,78.3818748474121,76.93977005004882,-0.09230309435061557,3.7654342770225235
2020-09-22,72.34945678710938,72.99099731445312,73.19850158691406,71.4749984741211,72.51599884033203,33950000,39.717051371985676,-1.2571709743505437,78.06854972839355,76.8873599243164,-0.07906510304387404,3.9451689290410217
2020-09-23,69.85011291503906,70.46949768066406,72.65399932861328,70.13400268554688,72.60449981689453,37726000,34.59706782553103,-1.5427561186203889,77.57739944458008,76.77588989257812,-0.12234025924689607,4.253158887667444
2020-09-24,70.51768493652344,71.14299774169922,71.89949798583984,70.10749816894531,70.13400268554688,34552000,36.93557870591598,-1.695197396371782,77.0242244720459,76.68186981201171,-0.13458181322082563,4.338025128301359
2020-09-25,71.32058715820312,71.9530029296875,72.2969970703125,70.38400268554688,71.25250244140625,30326000,39.7268429975855,-1.7306971585725677,76.5505744934082,76.60600982666016,-0.11633875275247452,4.3492620688017976
2020-09-28,72.29197692871094,72.93299865722656,73.64949798583984,72.31400299072266,73.59950256347656,30784000,43.01317954446723,-1.6606110206803493,76.09864959716796,76.54781982421875,-0.11026391247791356,4.224124118005585
2020-09-29,72.65674591064453,73.3010025024414,73.5999984741211,72.69999694824219,73.19550323486328,31816000,44.242608403294646,-1.5574194546715177,75.68987464904785,76.44999984741212,-0.10034180181300478,4.069041437060347
2020-09-30,72.63592529296875,73.27999877929688,74.30999755859375,72.78800201416016,73.0469970703125,40924000,44.184018497362786,-1.4604985024690649,75.21617469787597,76.35967987060548,-0.11448388325626557,3.741676369420543
2020-10-01,73.74111938476562,74.3949966430664,74.75350189208984,73.83999633789062,74.18299865722656,32884000,48.11235321860246,-1.2789737273946997,74.64244956970215,76.28272979736329,-0.13362722118451864,2.7777357199979327
2020-10-02,72.14032745361328,72.77999877929688,73.95149993896484,72.36750030517578,72.98149871826172,31222000,43.352963087110055,-1.2510100012708278,74.20767440795899,76.22157974243164,-0.10672537167493656,2.289541752420847
2020-10-05,73.4898452758789,74.1415023803711,74.23500061035156,73.00450134277344,73.13249969482422,21602000,48.0211959834759,-1.1062346009311455,73.9617244720459,76.19619979858399,-0.062218157612294545,1.9847133123675962
2020-10-06,71.91332244873047,72.5510025024414,74.22599792480469,72.25050354003906,73.7750015258789,26096000,43.51026131148932,-1.1070774017428278,73.78027458190918,76.1177899169922,-0.047637146077667,1.9365400408237345
2020-10-07,72.31576538085938,72.95700073242188,73.44850158691406,71.6614990234375,72.96549987792969,36108000,44.93228172510973,-1.0627341258932148,73.56004943847657,76.07327987670898,-0.05693403907148442,1.749227732339104
2020-10-08,73.51959228515625,74.17150115966797,74.40149688720703,73.27249908447266,73.27249908447266,26076000,49.06301994680121,-0.9189980879299497,73.45349960327148,76.0331999206543,-0.0279282692410181,1.6345279058719928
2020-10-09,74.85871887207031,75.52249908447266,75.59249877929688,74.3499984741211,74.64299774169922,32966000,53.26287478789062,-0.6881395560605625,73.4402244567871,76.0052798461914,-0.0035032316808918385,1.615537726723853
2020-10-12,77.54190826416016,78.22949981689453,79.4209976196289,76.46499633789062,76.9000015258789,55344000,60.32225321541841,-0.2834823623393845,73.57962455749512,76.08191986083985,0.03695581470890552,1.8936555637885373
2020-10-13,77.66482543945312,78.35350036621094,79.25800323486328,77.93150329589844,78.85050201416016,39072000,60.615712181882515,0.0466790994940709,73.65949974060058,76.16622985839844,0.020812753800433903,2.060986552432707
2020-10-14,77.48492431640625,78.1719970703125,79.19249725341797,77.29499816894531,78.7300033569336,33174000,59.91716264109399,0.2903417585284416,73.78787460327149,76.25636978149414,0.03395958255971743,2.2589663514585703
2020-10-15,77.08992004394531,77.77349853515625,78.56999969482422,77.05650329589844,77.2249984741211,31210000,58.32783031025832,0.4461477562947209,73.95894966125488,76.33274978637695,0.04601760921618414,2.4272280126061214
2020-10-16,77.69605255126953,78.38500213623047,78.885498046875,77.88300323486328,78.09149932861328,34194000,60.07781695107684,0.6119145915956636,74.25047492980957,76.3954998779297,0.08036035850358725,2.594072125038389
2020-10-19,75.82514190673828,76.49749755859375,79.19650268554688,76.14600372314453,78.79650115966797,29734000,52.7186808765333,0.5842453413607558,74.49999961853027,76.42707977294921,0.06979027941761085,2.556027128694921
2020-10-20,76.87236022949219,77.55400085449219,78.69200134277344,76.0250015258789,76.15550231933594,41670000,55.96978599882734,0.6401885524864355,74.72814979553223,76.48133972167969,0.06251460738892423,2.6171600166280085
2020-10-21,78.60252380371094,79.29949951171875,80.75700378417969,78.35700225830078,78.49250030517578,60322000,60.76933513654871,0.8159651657398683,75.16964988708496,76.58678970336913,0.1253024659132418,2.6056989998187916
2020-10-22,79.6269302368164,80.33300018310547,80.6709976196289,78.8740005493164,79.25,30512000,63.31891020440717,1.0268276352001635,75.62915000915527,76.68620971679688,0.12917648585420372,2.667811342372142
2020-10-23,80.93135833740234,81.64900207519531,81.70600128173828,80.59549713134766,80.75250244140625,30548000,66.32041664354819,1.2853117421497302,76.11394996643067,76.80253982543945,0.13475461413309953,2.8400432853163804
2020-10-26,78.51824951171875,79.2145004272461,81.47899627685547,78.38899993896484,80.75,35826000,57.024416128843214,1.2789750934316544,76.42802505493164,76.88219985961913,0.08612701912260023,2.8169895286984747
2020-10-27,79.24134826660156,79.94400024414062,80.0999984741211,78.84950256347656,79.44650268554688,25902000,58.884179346176595,1.31762898545972,76.7601749420166,76.96483993530273,0.09062628770292691,2.8205123706675037
2020-10-28,74.87605285644531,75.54000091552734,77.69049835205078,75.42400360107422,77.50050354003906,45174000,45.95489732826944,0.9815814731084487,76.87317504882813,76.91985992431641,0.0308406410190738,2.7171224007960695
2020-10-29,77.15980529785156,77.84400177001953,79.43699645996094,75.82749938964844,75.85099792480469,55406000,51.9046504107685,0.8909052113897928,77.04562530517578,76.93212997436524,0.04636071352352933,2.660418281030223
2020-10-30,80.09527587890625,80.80549621582031,84.06600189208984,80.07849884033203,83.37200164794922,99878000,58.2646822628949,1.0459543614303328,77.44690017700195,76.97198989868164,0.11027064538514919,2.5874119595701206
2020-11-02,80.5021743774414,81.21600341796875,82.91200256347656,80.71199798583984,81.177001953125,44228000,59.072595913642594,1.1882589211898278,77.80062522888184,77.02073989868164,0.0954189058822017,2.5953132730746247
2020-11-03,81.5597915649414,82.28299713134766,82.94999694824219,80.60549926757812,81.53800201416016,31432000,61.17629658508619,1.3713259930522526,78.28722496032715,77.08124984741211,0.13414004346223551,2.4684845324478477
2020-11-04,86.52526092529297,87.2925033569336,88.50150299072266,85.1500015258789,85.27899932861328,71342000,69.18481632342366,1.8987456942100067,79.00400009155274,77.22124984741211,0.19649248846027545,2.885383480465491
2020-11-05,87.35043334960938,88.125,89.59100341796875,87.05149841308594,88.52249908447266,39758000,70.28192151133742,2.356738118846465,79.70167503356933,77.33961990356445,0.18812480025575495,3.3109698504913334
2020-11-06,87.21317291259766,87.98650360107422,88.42500305175781,86.83399963378906,87.56700134277344,28622000,69.83646386020973,2.677658532321445,80.32487525939942,77.4708299255371,0.16503697133566053,3.639644343645136
2020-11-09,87.29692077636719,88.07099914550781,90.84449768066406,87.87750244140625,89.79900360107422,53440000,69.96155319402786,2.9053176628640927,80.81695022583008,77.59281997680664,0.1258029177183606,3.989870658624254
2020-11-10,86.12234497070312,86.88600158691406,87.96900177001953,85.80599975585938,86.4885025024414,43022000,65.8378982742453,2.956044325562516,81.24357528686524,77.70100997924804,0.10889751167240336,4.164934509733531
2020-11-11,86.59365844726562,87.36150360107422,88.1449966430664,87.15299987792969,87.41999816894531,31838000,66.68642152546767,3.000032107147419,81.70305061340332,77.79316009521484,0.11755496693395373,4.31252162490669
2020-11-12,86.3750991821289,87.14099884033203,88.2490005493164,86.89849853515625,87.0999984741211,26474000,65.86936345287658,2.982716945342517,82.1714256286621,77.81859008789063,0.12044591643182101,4.371567289856942
2020-11-13,87.83415222167969,88.61299896240234,88.85649871826172,86.79900360107422,87.4000015258789,29744000,68.6323107320166,3.0525843702435367,82.68282546997071,77.96134002685547,0.13048410470661165,4.501623561042353
2020-11-16,87.921875,88.70149993896484,89.71700286865234,88.06649780273438,88.20700073242188,25468000,68.79586626506665,3.0795964263989646,83.29302558898925,78.15416000366211,0.1595346615230564,4.445855292225368
2020-11-17,87.30880737304688,88.08300018310547,88.85700225830078,87.97450256347656,88.39299774169922,21314000,66.19807514356881,3.016325590424856,83.81947555541993,78.3922200012207,0.13576345788230748,4.3529265211662
2020-11-18,86.26704406738281,87.03199768066406,88.25,86.92849731445312,87.83200073242188,20108000,61.91932433529328,2.8485396863708843,84.20610046386719,78.5856298828125,0.09751005008300995,4.272999410297681
2020-11-19,87.1556625366211,87.92849731445312,88.17449951171875,86.5009994506836,86.6614990234375,20106000,64.05363512889838,2.756137143310383,84.58587532043457,78.81814987182617,0.09455014893051428,4.24811232965817
2020-11-20,86.05592346191406,86.81900024414062,88.41799926757812,86.75,88.0999984741211,27694000,59.60147525234198,2.563826129396915,84.84437522888183,79.03876983642579,0.06331979617073524,4.217182193157511
2020-11-23,85.6187973022461,86.37799835205078,87.29949951171875,85.50900268554688,87.01100158691406,22530000,57.87940831354246,2.3487580771966066,85.20255012512207,79.2574998474121,0.09043164933399961,4.013127221554818
2020-11-24,87.41981506347656,88.19499969482422,88.3239974975586,86.0364990234375,86.375,27984000,62.66571318139286,2.298436968745847,85.61510009765625,79.48627990722656,0.10320973963631919,3.8654819935789724
2020-11-25,87.43122100830078,88.20649719238281,88.51899719238281,87.41799926757812,88.3905029296875,19600000,62.69460070733766,2.2337357642805955,86.24842491149903,79.73831985473633,0.16767932384618023,3.087178739196779
2020-11-27,88.56566619873047,89.35099792480469,89.85050201416016,88.22699737548828,88.22699737548828,14790000,65.55195747706907,2.2488874629209192,86.82377471923829,80.03829986572265,0.14782123083524334,2.4436153298337016
2020-11-30,86.94900512695312,87.72000122070312,89.01699829101562,87.39199829101562,88.78250122070312,32418000,58.65696130047106,2.1050221055407548,87.16949996948242,80.34160995483398,0.08556973632604303,1.9953483873072617
2020-12-01,88.97901153564453,89.76799774169922,91.08599853515625,88.15149688720703,88.33300018310547,37350000,63.80516560317492,2.1316911678945445,87.59709968566895,80.70682983398437,0.10529937406201362,1.509585646975563
2020-12-02,90.44649505615234,91.24849700927734,91.63700103759766,89.25849914550781,89.76799774169922,29424000,67.0039099081647,2.246395461250387,88.04537467956543,81.07197982788085,0.10895932562614519,1.1325828595106675
2020-12-03,90.29136657714844,91.09200286865234,92.19149780273438,90.8499984741211,91.0270004272461,24728000,66.33654959189778,2.2981796860092487,88.23534965515137,81.48442993164062,0.04352606885591115,1.3051608694274872
2020-12-04,90.38652801513672,91.18800354003906,91.4749984741211,90.67949676513672,91.01100158691406,20544000,66.55660470626327,2.320219463398061,88.38849983215331,81.88533004760743,0.034757486979166696,1.4618362891608752
2020-12-07,90.052978515625,90.85150146484376,91.4645004272461,90.1520004272461,90.77749633789062,22288000,64.95381817641014,2.2842023774232985,88.5317497253418,82.26330001831055,0.03256178784827357,1.5576079302758938
2020-12-08,89.7704849243164,90.56649780273438,90.79850006103516,89.56400299072266,90.4260025024414,19936000,63.55776953659732,2.2072177315776855,88.65652465820312,82.6159700012207,0.028335078305443018,1.617555657367216
2020-12-09,88.11168670654297,88.89299774169922,91.41850280761719,88.0999984741211,90.51799774169922,31728000,55.95310544744689,1.9882500670681793,88.75687446594239,82.92780990600586,0.02309918880059758,1.563279375037214
2020-12-10,87.60567474365234,88.38249969482422,88.74949645996094,86.67649841308594,88.12999725341797,28688000,53.83696263788003,1.7533125932194906,88.80792427062988,83.2298599243164,0.011687025196043477,1.5316654274535395
2020-12-11,87.96003723144531,88.73999786376953,88.8655014038086,87.63700103759766,88.0,18628000,55.117127326529555,1.5777823739864516,88.88787422180175,83.51675994873047,0.018349560421809352,1.4809689993592519
2020-12-14,86.84293365478516,87.61299896240234,89.48999786376953,87.45649719238281,88.53600311279297,33050000,50.37452424226258,1.3323752257718695,88.83787422180175,83.81341995239258,-0.011285026031274348,1.5073829688883529
2020-12-15,87.28006744384766,88.05400085449219,88.19999694824219,87.08350372314453,87.99299621582031,21352000,52.110995725811065,1.160100542912673,88.80549926757813,84.091669921875,-0.007299753498173023,1.5173862853558935
2020-12-16,87.08727264404297,87.8594970703125,88.45549774169922,87.4530029296875,88.45549774169922,24676000,51.259061803902895,0.996391010391406,88.79432411193848,84.39783981323242,-0.002537414851087605,1.5237968366590973
2020-12-17,86.2605972290039,87.02549743652344,88.33550262451172,86.55750274658203,88.19650268554688,34880000,47.66104961734225,0.7902437875110593,88.79399909973145,84.67920974731446,-7.468798044230063e-05,1.5241931503769788
2020-12-18,85.5523910522461,86.31099700927734,87.41799926757812,85.75,87.30850219726562,85256000,44.7622060784257,0.562729618265962,88.71312408447265,84.92199966430664,-0.01839563229872132,1.612868009617182
2020-12-21,85.9657211303711,86.72799682617188,86.8499984741211,84.69999694824219,85.45649719238281,33974000,46.79607473118901,0.4113298457804291,88.70857391357421,85.14610961914063,-0.0010481970272963048,1.618611037774669
2020-12-22,85.25502014160156,86.01100158691406,86.63050079345703,85.28900146484375,86.46649932861328,20370000,43.80920011442252,0.23082806938195688,88.69022407531739,85.30173965454101,-0.004248729678140384,1.648232096246176
2020-12-23,85.65200805664062,86.4114990234375,87.20549774169922,86.05999755859375,86.19650268554688,22974000,45.886878423080546,0.11872729284505112,88.60104904174804,85.46289962768554,-0.0202222425030677,1.722987136244457
2020-12-24,85.94589233398438,86.70800018310547,87.12049865722656,86.21749877929688,86.44999694824219,9312000,47.43644125653197,0.053198545698833755,88.52612419128418,85.63361968994141,-0.01698851056299222,1.7729056868768251
2020-12-28,87.91840362548828,88.697998046875,89.3499984741211,87.09100341796875,87.24549865722656,27650000,56.450161070089784,0.15999837629013314,88.4934741973877,85.85210968017579,-0.007308255006611475,1.7628998302826062
2020-12-29,87.11553192138672,87.88800048828125,89.42350006103516,87.75550079345703,89.36150360107422,19726000,52.50355493943715,0.1772349240588369,88.5018741607666,86.0421696472168,0.001915176302328625,1.7594171762211914
2020-12-30,86.04947662353516,86.8125,88.38800048828125,86.4000015258789,88.25,21026000,47.73180133225784,0.10292465986591992,88.35409927368164,86.24846969604492,-0.03292373469444476,1.77155291656299
2020-12-31,86.86177062988281,87.63200378417969,87.875,86.80449676513672,86.8635025024414,21070000,51.35935355726162,0.10890495805541889,88.17327461242675,86.45002975463868,-0.03963345527466566,1.6402748079971687
2021-01-04,85.54792785644531,86.30650329589844,88.12449645996094,85.35700225830078,88.0,37324000,45.8201621296336,0.006611364032679035,87.93399963378906,86.59016983032227,-0.052534793637749155,1.537946985530335
2021-01-05,86.2378158569336,87.00250244140625,87.34149932861328,85.84500122070312,86.25450134277344,20360000,48.93451476686732,-0.018087233511963063,87.72472457885742,86.72355987548828,-0.04589969004853833,1.3444537591807415
2021-01-06,85.38684844970703,86.14399719238281,87.19850158691406,84.80500030517578,85.01300048828125,46588000,45.46308844556539,-0.10571661346463657,87.48934936523438,86.81345977783204,-0.051815371199809945,1.1688387816609895
2021-01-07,87.937255859375,88.71700286865234,88.89099884033203,86.33799743652344,86.33799743652344,41936000,55.62382144036942,0.03208665121464094,87.39687461853028,87.00350982666015,-0.020421402825032242,0.9685789073435668
2021-01-08,89.10140991210938,89.8915023803711,89.96800231933594,88.06099700927734,88.85800170898438,35484000,59.34707864448028,0.23337878087296815,87.44679985046386,87.20245986938477,0.0112326579600035,1.070162053396338
2021-01-11,87.04267120361328,87.81449890136719,89.21900177001953,87.60700225830078,88.85099792480469,34796000,51.17065831843934,0.22273981540412535,87.41839981079102,87.44794982910156,-0.006426620602701716,1.0513957324555911
2021-01-12,86.10795593261719,86.87149810791016,88.3949966430664,85.81900024414062,87.26799774169922,29528000,47.94118190075473,0.1366409636025736,87.32497482299804,87.62849975585938,-0.021055891377502967,1.0099802559400548
2021-01-13,86.59465026855469,87.36250305175781,87.81950378417969,86.36599731445312,86.36599731445312,23432000,49.72052753027889,0.10679592180169095,87.31245002746581,87.75963989257812,-0.0028591180944739225,1.007771258596175
2021-01-14,85.78531646728516,86.5459976196289,88.37750244140625,86.30349731445312,87.44349670410156,29212000,46.85266576094653,0.017061670285855257,87.23704986572265,87.86623977661132,-0.017125891160303275,1.0057807456999874
2021-01-15,85.62176513671875,86.38099670410156,87.38099670410156,85.58550262451172,86.45099639892578,31444000,46.271832939968434,-0.06659984391004059,87.1631248474121,87.9481997680664,-0.016828008530799132,1.011939034630552
2021-01-19,88.43929290771484,89.22350311279297,90.19200134277344,86.6415023803711,87.1500015258789,41660000,56.31835251522406,0.09536500627548605,87.27302513122558,87.98681976318359,0.02525703088192932,1.1107381952877646
2021-01-20,93.17727661132812,94.00350189208984,94.98600006103516,90.97550201416016,91.31849670410156,64152000,67.368378159673,0.602484207404359,87.65765037536622,88.10438980102539,0.08912543186108324,1.847560770077533
2021-01-21,93.37947082519531,94.2074966430664,96.60399627685547,93.97049713134766,94.68250274658203,58634000,67.74340187329017,1.009206989478912,88.03162536621093,88.22880966186523,0.08624089210645125,2.340661396822091
2021-01-22,93.79627227783203,94.62799835205078,95.21949768066406,93.82499694824219,94.572998046875,32744000,68.54587614818847,1.3499078013425958,88.46247520446778,88.3599496459961,0.10018482061773515,2.7126584762362156
2021-01-25,93.88151550292969,94.71399688720705,96.09100341796875,92.95800018310547,95.63700103759766,50586000,68.71728174977531,1.6083153541674307,88.87760009765626,88.51650955200195,0.09608093781034444,3.0021067224002733
2021-01-26,94.55902099609375,95.39749908447266,95.7874984741211,93.80650329589844,94.29949951171875,31462000,70.11135989363162,1.8469674257731015,89.31207504272462,88.67722946166992,0.10021565349237838,3.2868702128970178
2021-01-27,90.14763641357422,90.9469985961914,94.02349853515625,89.86399841308594,93.74549865722656,82512000,53.418582082810836,1.6578718027434576,89.42452507019043,88.7533494567871,0.025355708120129883,3.3031865350985528
2021-01-28,91.8456039428711,92.66000366210938,94.39949798583984,91.55000305175781,91.55000305175781,55278000,57.60277878369949,1.6274768121496663,89.66312522888184,88.83428955078125,0.05429641301788868,3.358246704527088
2021-01-29,90.56494140625,91.36799621582033,92.37699890136719,90.0780029296875,91.70099639892578,44530000,53.68581133753894,1.4820502077109694,89.89090003967286,88.88761947631836,0.05247511839677843,3.3088516949064672
2021-02-01,93.82156372070312,94.65350341796876,95.7770004272461,92.22949981689453,92.22949981689453,40252000,60.95652557637667,1.613314266425121,90.24197502136232,89.01902954101563,0.08012483260204384,3.4269535114974654
2021-02-02,95.11261749267578,95.95600128173828,97.46849822998047,95.31849670410156,95.65650177001953,66332000,63.4089581201091,1.801674093394439,90.72444992065431,89.19750961303711,0.11180499287240186,3.5216825738090374
2021-02-03,102.03919982910156,102.94400024414062,105.33100128173828,100.67749786376953,103.28050231933594,97882000,73.15243585049676,2.486164768580366,91.52152481079102,89.49781967163086,0.18323033654658993,4.34317773745238
2021-02-04,101.77899932861328,102.68150329589844,103.46499633789062,101.75499725341797,103.03099822998047,48596000,72.372837464139,2.9731743470733107,92.34840011596681,89.81506973266602,0.191975142116785,4.814197891424152
2021-02-05,103.52352142333984,104.44149780273438,104.7969970703125,102.5,102.97799682617188,29866000,74.34686971358775,3.4612506515994568,93.1346248626709,90.17633972167968,0.17724330653237375,5.434037483479588
2021-02-08,103.3099136352539,104.22599792480467,105.75,103.1675033569336,105.0,28828000,73.65291947978017,3.7870112913608693,93.85134963989259,90.4969596862793,0.15946441170576864,5.908394246671512
2021-02-09,102.85743713378906,103.76950073242188,104.92549896240234,103.5,103.73999786376953,21892000,72.11730951922061,3.962664309543868,94.64909973144532,90.80821975708008,0.18168983517147064,6.12360136121958
2021-02-10,103.40706634521484,104.3239974975586,104.94400024414062,102.61199951171875,104.15699768066406,25102000,72.8575711700548,4.099358988136373,95.52172470092775,91.10767974853516,0.20090017750090228,6.1999764516298015
2021-02-11,103.51956939697266,104.4375,104.69999694824219,103.44300079345703,104.55000305175781,20480000,73.01549806019486,4.168793947477553,96.37547454833985,91.4420297241211,0.19544995108629304,6.192928170772716
2021-02-12,103.830810546875,104.75150299072266,104.9749984741211,103.67849731445312,103.9885025024414,18990000,73.47530009197297,4.200735604939524,97.28574981689454,91.74169982910156,0.21035641013819317,6.007285233795419
2021-02-16,104.60742950439453,105.53500366210938,107.25700378417969,104.5875015258789,104.5875015258789,31004000,74.63662513599449,4.240390967278856,98.24345016479494,92.02742996215821,0.22173866578108536,5.696050298915837
2021-02-17,104.99993896484375,105.93099975585938,106.12200164794922,104.4175033569336,104.6989974975586,20294000,75.22698707986187,4.254725871550093,99.07882499694826,92.32420989990234,0.18725443476418335,5.526190002057932
2021-02-18,104.36505126953125,105.29049682617188,106.09950256347656,104.66649627685547,105.25,22546000,72.29582759449337,4.166375766584679,99.64317474365235,92.606259765625,0.12006994108622471,5.556849222740756
2021-02-19,103.52254486083984,104.44049835205078,105.92900085449219,104.17150115966797,105.3895034790039,37938000,68.48230886315508,3.981869387076955,100.15482482910157,92.87803970336914,0.10862194701718053,5.500836747799658
2021-02-22,101.81021881103516,102.71299743652344,104.0165023803711,102.4000015258789,102.68000030517578,29466000,61.39428136104414,3.6541293370835035,100.5590747833252,93.12096969604492,0.08543981934811207,5.368793696054306
2021-02-23,102.10063934326172,103.00599670410156,103.625,99.5114974975586,100.69950103759766,34658000,62.110586091578746,3.379083606016991,100.97367477416992,93.40322967529296,0.08754777635209798,5.2115236558367455
2021-02-24,103.27473449707031,104.19049835205078,104.41600036621094,101.37650299072266,101.50199890136719,22608000,64.9425053833812,3.219574021046114,101.41332473754883,93.7193896484375,0.09217221994249658,5.085728092026026
2021-02-25,99.91156005859375,100.79750061035156,104.1500015258789,100.32450103759766,102.79650115966797,41548000,52.774493090892285,2.787245335237685,101.90584983825684,93.96053970336914,0.1083103584088223,4.4568788421368675
2021-02-26,100.20693969726562,101.09549713134766,102.82599639892578,100.05049896240234,101.49749755859375,40042000,53.59683144055574,2.4405346020457444,102.32762451171875,94.23018966674805,0.09103705089413605,3.9002343637367924
2021-03-01,102.5734634399414,103.48300170898438,103.8115005493164,101.72100067138672,102.4000015258789,26060000,59.65791120194433,2.331538984204883,102.93337478637696,94.53876968383788,0.1325957227358603,2.928152910949389
2021-03-02,102.31673431396484,103.2239990234375,104.73699951171875,102.83350372314453,103.24199676513672,25564000,58.76123017718141,2.1989121293947136,103.3618995666504,94.84605972290039,0.09054599455894774,2.1856353135360234
2021-03-03,99.68656158447266,100.57050323486328,103.79949951171875,99.69999694824219,102.59750366210938,33892000,50.402821472522035,1.8582684950059587,103.59262466430664,95.11695983886719,0.04808976918052554,1.4981201450768864
2021-03-04,100.80266571044922,101.69650268554688,103.72949981689453,100.27149963378906,100.74349975585938,49216000,53.43003525788056,1.6600289257245038,103.53024978637696,95.42466995239258,-0.012118215297979518,1.551564029660395
2021-03-05,103.93190002441406,104.85350036621094,105.30999755859375,101.38899993896484,103.05750274658203,53100000,60.676963136463826,1.737635586132754,103.63884963989258,95.78718002319336,0.02115275877928502,1.5649854674429156
2021-03-08,99.4927749633789,100.375,105.68699645996094,100.2594985961914,104.2030029296875,36868000,49.02262472189537,1.421377121784687,103.43552474975586,96.07445999145507,-0.038935651903566515,1.7124322642366532
2021-03-09,101.12133026123047,102.01799774169922,103.19599914550781,101.77999877929688,102.48750305175781,33920000,52.61816917173693,1.28846359068703,103.32512474060059,96.3865899658203,-0.021184735354594086,1.729874237443495
2021-03-10,100.91465759277344,101.80950164794922,103.06999969482422,100.96649932861328,103.06999969482422,27100000,52.11582376256372,1.1530135449901593,103.22712478637695,96.6886199951172,-0.018888007272258922,1.7586537343026734
2021-03-11,104.10389709472656,105.0270004272461,105.5634994506836,102.82250213623047,102.91100311279297,27702000,58.67285509891142,1.2904185281061302,103.26227493286133,97.01520004272462,0.006738650229578758,1.788502874480271
2021-03-12,101.5990982055664,102.5,103.88050079345703,101.62100219726562,103.82050323486328,33818000,52.58268270849993,1.181782300988118,103.16539993286133,97.30744003295898,-0.018551765409934196,1.7739091816603278
2021-03-15,101.81913757324219,102.72200012207033,102.74949645996094,101.3895034790039,102.2490005493164,26168000,53.04380681423815,1.1009102547105272,103.06392478942871,97.62563003540039,-0.01937445106474578,1.7360459959064978
2021-03-16,103.27871704101562,104.19450378417967,105.68399810791016,102.9645004272461,103.29949951171875,31900000,56.09377164846898,1.1424676586816958,102.99689979553223,97.95688003540039,-0.012701945623857402,1.6598254405744264
2021-03-17,103.19593811035156,104.11100006103516,104.94999694824219,102.20600128173828,103.42350006103516,26382000,55.87214019318467,1.1553460381953755,102.90589981079101,98.31296997070312,-0.017180992334810408,1.535750223837603
2021-03-18,100.17869567871094,101.06700134277344,103.4375,100.95899963378906,102.40899658203125,31700000,48.369536736095256,0.9094434914778589,102.6947250366211,98.59425994873047,-0.040112789004796645,1.4799607959837413
2021-03-19,100.45721435546875,101.3479995727539,101.85199737548828,100.14649963378906,101.48650360107422,46072000,49.04969082236967,0.7288365858545802,102.54010009765625,98.8983399963379,-0.02961014958845365,1.449195108118409
2021-03-22,100.64207458496094,101.53450012207033,102.41699981689453,100.69999694824219,101.38150024414062,33536000,49.52495948587532,0.5939071556296227,102.48117523193359,99.15468994140625,-0.011473692170082206,1.4656605802162106
2021-03-23,101.1694107055664,102.06649780273438,103.20549774169922,101.4000015258789,101.99749755859375,28510000,50.93105047226602,0.5238636032769364,102.43420028686523,99.39818984985351,-0.009120817539060577,1.463007800730182
2021-03-24,100.73328399658203,101.62650299072266,103.37999725341797,101.44999694824219,102.58799743652344,25218000,49.69795205310295,0.4279169193839891,102.30600051879883,99.67442993164063,-0.024608725381700447,1.4124732525222694
2021-03-25,100.72980499267578,101.6230010986328,102.28199768066406,99.80449676513672,101.45249938964844,35616000,49.687640991715725,0.3475891167440608,102.34727554321289,99.96945999145508,0.00818969203881692,1.3777055061927
2021-03-26,100.34671783447266,101.23650360107422,101.96949768066406,100.19249725341797,101.5895004272461,27978000,48.49183128160719,0.24986138989336837,102.35432586669921,100.2469400024414,0.0013947848690367692,1.3713083984184289
2021-03-29,101.39044189453125,102.28949737548828,102.46050262451172,100.27249908447266,101.10800170898438,26492000,51.88903481760423,0.2544461626571177,102.29465065002441,100.5618099975586,-0.01153333700980641,1.345329517343855
2021-03-30,101.42415618896484,102.32350158691406,103.13349914550781,101.80750274658203,102.64900207519531,27312000,51.99913451201984,0.2578511363873872,102.24962577819824,100.88066009521485,-0.008723721663980277,1.3275406206537868
2021-03-31,102.21958923339844,103.1259994506836,104.31300354003906,102.3499984741211,102.72000122070312,42570000,54.63749958850779,0.3215972999652337,102.37740058898926,101.15871002197265,0.025409997301618636,1.2795346222885526
2021-04-01,105.55304718017578,106.48899841308594,106.7874984741211,104.57150268554688,104.61250305175781,39880000,63.65353371859384,0.6361493704248176,102.61702537536621,101.40841995239258,0.047125472371039256,1.5627267345445846
2021-04-05,109.97285461425781,110.947998046875,111.44950103759766,107.260498046875,107.35749816894531,48510000,71.68839580476751,1.2310474092874273,102.92175025939942,101.74322998046875,0.058123931574801446,2.3945807484941626
2021-04-06,109.49209594726562,110.46299743652344,111.4000015258789,110.0895004272461,110.5459976196289,35240000,69.87892337628375,1.64441707868977,103.42615013122558,102.05992996215821,0.10050308778603667,2.8492142014476003
2021-04-07,110.967529296875,111.95149993896484,112.2249984741211,110.65499877929688,110.65499877929688,24134000,72.19827610352098,2.068283348887064,103.92282524108887,102.40468002319336,0.09737009564152,3.402842330865862
2021-04-08,111.53252410888672,112.52149963378906,113.5895004272461,112.15049743652344,113.19999694824219,28664000,73.05393639516322,2.4222721875303392,104.45842514038085,102.74716003417969,0.10521609292304812,3.864420037550707
2021-04-09,112.53562927246094,113.53350067138672,113.69850158691406,111.86299896240234,112.27200317382812,26146000,74.55149212684417,2.7527390562753737,104.8837501525879,103.1988900756836,0.08099346081994607,4.3658772134908475
2021-04-12,111.24456024169922,112.2310028076172,112.84449768066406,111.39099884033203,112.70600128173828,25024000,69.21941602334206,2.876378636031035,105.37030029296875,103.59031005859374,0.09493661275724108,4.621016230378865
2021-04-13,111.73074340820312,112.72149658203124,113.17350006103516,112.15249633789062,112.54949951171875,25682000,70.08705748780372,2.97959571743354,105.87027511596679,104.01738006591796,0.09734522739119122,4.854456041073471
2021-04-14,111.11026000976562,112.09549713134766,113.37149810791016,111.8010025024414,113.37149810791016,21002000,67.47297991799286,2.976571016284865,106.2653247833252,104.36621994018554,0.07582927179665333,5.029246152730428
2021-04-15,113.25822448730469,114.2624969482422,114.80000305175781,112.55850219726562,113.09750366210938,29174000,71.44356284740083,3.113146281219386,106.77289962768555,104.73234985351563,0.09750647752164254,5.3050820897663105
2021-04-16,113.13430786132812,114.1374969482422,114.71199798583984,113.5459976196289,114.46199798583984,26282000,70.90587768491864,3.1747007334476365,107.42642440795899,104.95621978759766,0.12932505597093535,5.369858124615996
2021-04-19,113.48172760009766,114.48799896240234,115.20449829101562,113.50900268554688,113.50900268554688,30290000,71.55238871850648,3.21470850503016,108.0834243774414,105.19234970092774,0.12965228169319443,5.390819470975433
2021-04-20,112.9489517211914,113.95050048828124,114.94999694824219,112.85600280761719,114.87449645996094,22288000,69.01951248347049,3.1665413993027727,108.70422439575195,105.38252975463867,0.12228356225010928,5.311279342054785
2021-04-21,112.91625213623047,113.9175033569336,114.0,112.24099731445312,113.60250091552734,23204000,68.85836254040689,3.090085446738726,109.29677467346191,105.57635986328125,0.11611063188534065,5.191494173461366
2021-04-22,111.6361083984375,112.6259994506836,114.44400024414062,112.01599884033203,113.7699966430664,24146000,62.68882487595713,2.8919434578012044,109.84674949645996,105.75348983764648,0.10823452678446555,4.911221560554126
2021-04-23,113.98576354980469,114.99649810791016,115.30599975585938,113.0625,113.3499984741211,29066000,68.30252566323298,2.8928469951610936,110.51542434692382,105.96693984985352,0.13159911501036436,4.6352720868171176
2021-04-26,114.48137664794922,115.49649810791016,116.22650146484375,114.86599731445312,115.22599792480469,32038000,69.35002890741674,2.900474017364303,111.22842407226562,106.18811981201172,0.14085822800664793,4.210104089821922
2021-04-27,113.54219055175781,114.54900360107422,115.92250061035156,114.30799865722656,115.88150024414062,44386000,64.96850703062908,2.797812162221902,111.84139938354492,106.38406982421876,0.11985107503836168,3.701931329281446
2021-04-28,116.91529083251953,117.9520034790039,121.56900024414062,117.66100311279297,119.625,81106000,71.8480137072402,2.956959563273159,112.62282447814941,106.63240982055665,0.15273619109696823,3.2029445017323352
2021-04-29,118.58645629882812,119.63800048828124,120.20800018310547,118.69249725341797,119.46150207519531,41234000,74.51801491033714,3.1824456410388535,113.4484245300293,106.90654983520508,0.1601148219222246,2.71747673286816
2021-04-30,116.6407241821289,117.6750030517578,119.09249877929688,117.3280029296875,118.4010009765625,44856000,66.59824090966575,3.1662489475880164,114.00772476196289,107.15423995971679,0.10504375856067094,2.3337673993853105
2021-05-03,116.1242904663086,117.15399932861328,119.07749938964844,116.7750015258789,118.24549865722656,28242000,64.63477427482036,3.075915070843351,114.31802482604981,107.40850997924805,0.055936126752970106,2.3180564533396364
2021-05-04,114.3277359008789,115.34149932861328,116.24949645996094,112.83399963378906,115.67749786376953,44818000,58.20570382880228,2.825500608199036,114.5619499206543,107.66108001708984,0.04416412740287301,2.140961460657137
2021-05-05,114.72124481201172,115.7385025024414,116.75,115.41400146484375,116.43150329589844,26636000,59.163840551612395,2.6287772726070244,114.75130004882813,107.91573013305664,0.03382717127989543,2.0640195964285697
2021-05-06,115.84031677246094,116.86750030517578,116.86750030517578,114.6520004272461,115.31649780273438,25190000,61.842826686066886,2.5347542301521315,114.96860008239746,108.16927017211914,0.03862373577966127,2.045602067294287
2021-05-07,116.56291198730469,117.59649658203124,118.5625,117.30799865722656,118.19450378417969,28898000,63.507562580918375,2.4903569143579602,115.17174987792968,108.50525009155274,0.03578675797555575,2.096691647653546
2021-05-10,113.58036041259766,114.5875015258789,116.55000305175781,114.22699737548828,116.40699768066406,30914000,53.19193239326908,2.187158763152553,115.28957481384278,108.77509017944335,0.020996860576049103,1.9860288323598339
2021-05-11,112.50538635253906,113.50299835205078,114.01399993896484,111.69599914550781,112.15350341796875,34186000,50.03723532645236,1.838172394203042,115.32864990234376,108.97549011230468,0.006933032240667769,1.9399971830503755
2021-05-12,109.04557037353516,110.0124969482422,112.39900207519531,109.68099975585938,111.30950164794922,46376000,41.50514405529893,1.2653576353866072,115.22449989318848,109.11126007080078,-0.018582371606458925,2.1655126199645216
2021-05-13,110.47242736816406,111.4520034790039,111.97200012207031,110.33599853515625,111.30599975585938,33204000,45.62314796466598,0.9169835432078628,115.08397521972657,109.32889007568359,-0.02459681474063513,2.3171078739307442
2021-05-14,112.91773986816406,113.91899871826172,114.23600006103516,112.5,112.927001953125,31996000,51.87589806777792,0.8303882645105176,115.07305030822754,109.5733399963379,-0.0019143422260220477,2.3223145345011806
2021-05-17,113.44010162353516,114.4459991455078,114.48899841308594,112.77549743652344,113.17849731445312,21598000,53.11614361446903,0.7951197666845218,115.07095031738281,109.76518997192383,-0.0003668490782893219,2.3228903391899567
2021-05-18,112.12921142578125,113.12349700927734,115.38400268554688,113.1094970703125,115.11750030517578,22204000,49.65754337499978,0.6529278128858493,115.02960014343262,110.02015991210938,-0.007257567763723327,2.3510752395686354
2021-05-19,112.57675170898438,113.5749969482422,113.74949645996094,111.27200317382812,111.42150115966797,23684000,50.8345524853082,0.5701001768312466,115.01247482299804,110.25129989624024,-0.003006617934894762,2.3608293203990236
2021-05-20,114.33367919921875,115.34750366210938,115.5999984741211,114.1760025024414,114.55000305175781,32352000,55.25721044824621,0.6401064086430353,115.14855003356934,110.52205993652343,0.024164084888919968,2.2935084234787415
2021-05-21,113.69831085205078,114.7064971923828,115.94450378417969,114.46499633789062,115.87049865722656,40632000,53.38688515490216,0.6365255167949755,115.13404998779296,110.71564987182617,-0.0025218238841954177,2.295436236289475
2021-05-24,117.014404296875,118.052001953125,118.27749633789062,115.5979995727539,115.74449920654297,31832000,60.837361741332735,0.8933439953573128,115.2618251800537,111.02668991088868,0.022126245272191758,2.38601261543857
2021-05-25,117.1051025390625,118.14350128173828,119.19999694824219,117.75,118.5999984741211,22440000,61.02086722232769,1.091673587449577,115.44155006408691,111.33511993408203,0.03137956304868594,2.4636087105189723
2021-05-26,117.96944427490234,119.0155029296875,119.44950103759766,118.322998046875,118.32599639892578,21572000,62.80939002833583,1.304180680378792,115.49472503662109,111.63153991699218,0.009016374621164447,2.5311969383687583
2021-05-27,117.0956802368164,118.13400268554688,119.45249938964844,117.81300354003906,119.45249938964844,35224000,59.821206337763485,1.3854932758149232,115.41952514648438,111.91199996948242,-0.012571238206891322,2.4215931624666385
2021-05-28,116.80675506591797,117.84249877929688,118.80349731445312,117.64250183105469,118.72100067138672,21482000,58.82454431024767,1.4101567552071543,115.42789993286132,112.24750991821288,0.0014233755954560223,2.430078765766865
2021-06-01,118.0125503540039,119.05899810791016,119.2854995727539,117.71399688720703,118.72200012207031,23354000,61.69284589208082,1.5104525130795423,115.52314987182618,112.60172988891601,0.01626063805089073,2.536308726478
2021-06-02,117.48771667480469,118.52950286865234,119.68199920654297,117.61799621582031,119.4574966430664,21158000,59.74209542802247,1.5295797400407025,115.68255004882812,112.94162994384766,0.02763969220615281,2.6229891572028596
2021-06-03,116.3473129272461,117.37899780273438,117.85099792480469,116.47599792480469,117.2864990234375,18696000,55.62626058756751,1.4353561691246313,115.76457481384277,113.24787994384765,0.014174153499682207,2.6503387402211693
2021-06-04,118.62660217285156,119.67849731445312,119.95149993896484,118.12049865722656,118.4635009765625,24458000,61.35662231184505,1.528612806303272,115.90512466430664,113.60891983032226,0.024052854745219898,2.7831151877032827
2021-06-07,119.05927276611328,120.11499786376952,120.22550201416016,119.05000305175781,119.47200012207031,24120000,62.35054110809992,1.619077590861039,116.03104972839355,113.978759765625,0.021416465242920513,2.9174071380039477
2021-06-08,118.86796569824219,119.9219970703125,120.97599792480469,119.73899841308594,120.60050201416016,24240000,61.5961640464927,1.656107457451185,116.29777450561524,114.35246963500977,0.04655390398950998,3.0205160019054844
2021-06-09,119.33880615234375,120.39700317382812,120.64399719238281,119.84500122070312,120.57150268554688,17942000,62.78943558986674,1.704138666513657,116.6424747467041,114.71461975097657,0.06073852604663621,3.077621759865937
2021-06-10,120.68635559082031,121.75650024414062,121.80000305175781,120.18900299072266,120.34600067138672,25904000,66.04162169183755,1.8307994807440764,117.22967491149902,115.1032797241211,0.10675153843134422,2.858633541331047
2021-06-11,120.4420166015625,121.51000213623048,122.08599853515625,120.947998046875,122.0,21958000,64.93347369413686,1.8895076829346777,117.73257484436036,115.47095977783204,0.09024511308243444,2.667005770999054
2021-06-14,121.36927795410156,122.44550323486328,122.44599914550781,120.9000015258789,121.61299896240234,22098000,67.18398536218236,1.9885981548218439,118.15890007019043,115.79008987426758,0.07484708093062564,2.70651011499836
2021-06-15,120.35231018066406,121.41950225830078,122.77549743652344,121.05599975585938,122.44999694824219,21562000,62.45018025280645,1.9617248209356148,118.50757522583008,115.9995199584961,0.06093269458836037,2.651644466111888
2021-06-16,119.71099090576172,120.77249908447266,121.88600158691406,119.47000122070312,121.5719985961914,26472000,59.59835942366787,1.8667015874038668,118.89002532958985,116.20570999145508,0.06761638631599243,2.3709799142831387
2021-06-17,120.67346954345703,121.74349975585938,122.52249908447266,120.5,120.69750213623047,25842000,62.3752571406801,1.8484389755177801,119.2984504699707,116.40154998779298,0.07192166433726332,2.094679186913558
2021-06-18,119.05531311035156,120.11100006103516,121.60299682617188,120.01499938964844,121.36699676513672,46116000,55.4720152930304,1.6828379338487736,119.536625289917,116.5533399963379,0.04129691798861668,1.8817915356319974
2021-06-21,120.74185180664062,121.8125,122.0,119.89849853515625,120.50050354003906,27414000,60.39223593313162,1.6696480765742479,119.89192543029785,116.71891998291015,0.061949436008835734,1.5661947306207735
2021-06-22,121.25531005859375,122.33049774169922,122.4000015258789,121.06400299072266,121.75,22390000,61.77694195381853,1.6816085714767723,120.10585021972656,116.9209098815918,0.036242467029683034,1.593612132624306
2021-06-23,121.05358123779297,122.1269989013672,123.09549713134766,121.83450317382812,122.09349822998047,19148000,60.87652050541211,1.6555821734226157,120.30502510070801,117.10901992797852,0.03371745018906647,1.5843512524273602
2021-06-24,121.42330932617188,122.5,123.05549621582031,122.30000305175781,122.69999694824219,21362000,61.97065601897892,1.6460791608959227,120.47924995422363,117.31710998535156,0.029277673786507252,1.6261218041646184
2021-06-25,121.4317398071289,122.5084991455078,122.63300323486328,121.56500244140625,122.0,34594000,61.99673582638196,1.6205530383483335,120.69797477722167,117.48203002929688,0.03702995209266802,1.587815892860598
2021-06-28,121.45899963378906,122.53600311279295,122.78500366210938,121.40550231933594,122.67849731445312,28526000,62.087345486424454,1.58428014726573,120.93264999389649,117.6500001525879,0.03982862194976344,1.4872295459396991
2021-06-29,121.19779968261719,122.27249908447266,123.02100372314453,121.69100189208984,122.67050170898438,23108000,60.59668390594238,1.5167864765257093,121.09332504272462,117.8056901550293,0.026990828308918857,1.4472019735618178
2021-06-30,121.01642608642578,122.0895004272461,122.25700378417969,121.35449981689453,121.99449920654297,24474000,59.52777440001363,1.4320233205087476,121.2713249206543,117.9684701538086,0.030034695771387288,1.329403895280359
2021-07-01,121.36829376220703,122.44450378417967,122.58699798583984,121.53150177001953,121.7249984741211,18110000,60.966247117294074,1.377613442467279,121.52460021972657,118.13901016235351,0.043155130613385495,0.9873449333138475
2021-07-02,124.15657043457031,125.25749969482422,125.40399932861328,123.05950164794922,123.1500015258789,25982000,70.04995798689971,1.54368385633272,121.80355033874511,118.39164016723633,0.04661658113664613,1.2028984623944083
2021-07-06,125.08087921142578,126.19000244140624,126.4280014038086,124.5824966430664,125.64849853515625,26404000,72.3473028494125,1.7305918486175216,122.10730056762695,118.61551025390625,0.05057656983457459,1.487435059406205
2021-07-07,125.36238098144531,126.4739990234375,127.28399658203125,126.15299987792969,127.16200256347656,24060000,73.02591732419108,1.8799628878788468,122.43490066528321,118.8350602722168,0.054635530704875146,1.688706537279806
2021-07-08,123.9449462890625,125.04399871826172,125.59549713134766,124.02200317382812,124.0260009765625,23790000,64.44937854150436,1.861493302979781,122.66725044250488,119.04496017456054,0.03859726921711082,1.7130690172113148
2021-07-09,124.41527557373047,125.51850128173828,125.7344970703125,124.55149841308594,125.0250015258789,18632000,65.881285535194,1.8636612879318477,122.85535049438477,119.19629013061524,0.030897742872489475,1.8115134197815126
2021-07-12,125.85948181152344,126.97550201416016,127.06950378417969,125.61100006103516,126.1780014038086,17668000,69.89145945397503,1.9603495250198932,123.12862548828124,119.34304016113282,0.04497983525506033,2.0002912738722274
2021-07-13,126.22225952148438,127.34149932861328,128.0574951171875,126.67449951171875,127.03849792480469,19240000,70.81929113696421,2.0429586187629667,123.37342529296875,119.53637008666992,0.03998510328598148,2.2017367489300996
2021-07-14,127.1098861694336,128.23699951171875,129.32650756835938,127.91449737548828,127.95800018310547,23742000,73.01079410943035,2.155835175547139,123.71430015563965,119.75803009033203,0.056148288591356676,2.401949592311056
2021-07-15,125.88870239257812,127.00499725341795,128.6999969482422,126.52999877929688,128.6490020751953,24218000,65.70034005272254,2.1214239196526705,124.02592506408692,119.99130004882812,0.05160527616958621,2.4044932414103553
2021-07-16,125.8540267944336,126.97000122070312,127.8115005493164,126.15350341796875,127.66300201416016,20424000,65.4997133790045,2.0674960565028044,124.2872501373291,120.21593002319337,0.04293043550846498,2.427284279124252
2021-07-19,123.48304748535156,124.5780029296875,126.20500183105469,123.50499725341797,126.0895004272461,27968000,53.478981336731046,1.8108689945635916,124.51060028076172,120.3701400756836,0.03719062256065153,2.2193910641515884
2021-07-20,125.10021209716797,126.20950317382812,127.04299926757812,124.35050201416016,125.52749633789062,26312000,59.0052357126084,1.719319390074702,124.73045043945312,120.54240020751953,0.036096485777963094,2.1548974977035638
2021-07-21,126.42794036865234,127.54900360107422,127.59600067138672,126.02349853515625,126.13349914550781,20746000,62.90174353076815,1.7348538435452099,124.99137573242187,120.80163024902343,0.04265907484815323,2.1649226325034037
2021-07-22,127.29276275634766,128.42149353027344,128.48300170898438,127.4990005493164,127.84400177001953,14302000,65.22058811476593,1.7968546337098275,125.30610046386718,121.1000001525879,0.05154056584973343,2.184044177726658
2021-07-23,131.8459014892578,133.01499938964844,133.3990020751953,129.80050659179688,130.4304962158203,41506000,74.32105780500206,2.1913872913250145,125.83185043334962,121.56005020141602,0.08583672971141576,2.6818649506929697
2021-07-26,132.85691833496094,134.03500366210938,134.23699951171875,132.30149841308594,133.32850646972656,30572000,75.83323437084525,2.5568888620024666,126.40817565917969,122.01171020507813,0.09408738656500182,3.1309964485422777
2021-07-27,130.7406768798828,131.89999389648438,134.3990020751953,130.10400390625,134.25050354003906,54710000,66.94661543309462,2.643797987503305,126.87637519836426,122.37133010864258,0.07641828153209773,3.2203446007797214
2021-07-28,134.89785766601562,136.093994140625,138.2969970703125,135.27749633789062,136.31199645996094,95130000,73.51296007485298,3.0163245527416223,127.56744995117188,122.80429000854492,0.11303846048491817,3.636502838695375
2021-07-29,134.58412170410156,135.77749633789062,136.66099548339844,135.54299926757812,136.14999389648438,31716000,72.34495979256583,3.2485683383627304,128.2518497467041,123.25736999511719,0.11211443951153921,3.8339739868420892
2021-07-30,133.54234313964844,134.72650146484375,135.30450439453125,134.2550048828125,135.03500366210938,25576000,68.45539254891406,3.3096649516021728,128.8659496307373,123.68040008544922,0.10030664751038798,3.8384567108150636
2021-08-02,133.66925048828125,134.85450744628906,135.3365020751953,133.79400634765625,135.11700439453125,21634000,68.6762848705664,3.3300269923853705,129.34580001831054,124.07054016113281,0.07661822864776058,3.9615124329793776
2021-08-03,134.4379119873047,135.6300048828125,135.73199462890625,133.3195037841797,135.13499450683594,20762000,70.0448388714959,3.369894176056306,129.81780014038085,124.48901031494141,0.07480784736326118,4.124729812550407
2021-08-04,133.93783569335938,135.12550354003906,135.64950561523438,134.48699951171875,135.34950256347656,19676000,67.96448438998826,3.3224806752233462,130.25037536621093,124.83048034667969,0.0684054001882104,4.2084051701911
2021-08-05,135.05393981933594,136.25149536132812,136.35000610351562,134.8459930419922,135.6804962158203,17870000,70.0990237301561,3.3372930272635983,130.81075019836425,125.19264022827149,0.08962842485802258,4.224798293525846
2021-08-06,134.54544067382812,135.73849487304688,136.47250366210938,135.2100067138672,136.04200744628906,20488000,67.87990323010882,3.2699432011386307,131.32174987792968,125.52710006713868,0.08142220857440652,4.168691876934748
2021-08-09,135.70962524414062,136.91299438476562,137.1840057373047,135.33949279785156,135.9425048828125,17760000,70.20545205424507,3.273604202105048,131.81862449645996,125.90267990112305,0.0782630681743417,4.215362282256369
2021-08-10,135.6045379638672,136.8070068359375,137.7725067138672,136.364501953125,137.3419952392578,19414000,69.71492712290774,3.2307116297123457,132.29189987182616,126.28197006225587,0.07433167943859242,4.217606088394644
2021-08-11,135.0812225341797,136.2790069580078,137.6824951171875,136.27149963378906,137.18150329589844,15352000,67.19610218443415,3.1181694630203936,132.69400024414062,126.62637023925781,0.06271206809976992,4.193961404701438
2021-08-12,135.98817443847656,137.19400024414062,137.3000030517578,135.42550659179688,135.97549438476562,16506000,69.26828367962406,3.067451623474369,133.20345039367675,126.99966018676758,0.08022521326772813,4.083931212967028
2021-08-13,136.5169677734375,137.7274932861328,137.85650634765625,137.0330047607422,137.25,15948000,70.44072639771062,3.0353165602456613,133.74132499694824,127.40663009643555,0.0847246748208712,3.925063074360968
2021-08-16,137.0938720703125,138.3094940185547,138.3625030517578,135.2989959716797,137.52499389648438,22384000,71.70877535200307,3.021976423148601,134.4278995513916,127.77925003051757,0.11022404249502471,3.4042565239940275
2021-08-17,135.46034240722656,136.6614990234375,138.2655029296875,136.08200073242188,137.75,21716000,63.413327355928025,2.845622282813679,134.95049934387208,128.11018005371093,0.08281465013941025,2.830054898693145
2021-08-18,134.2584991455078,135.44900512695312,137.10450744628906,135.32150268554688,136.5,19258000,58.088943328122255,2.5783011807483547,135.34549942016602,128.42072021484375,0.06193699129620156,2.2304220917786433
2021-08-19,134.4874725341797,135.67999267578125,136.3524932861328,134.25,134.4355010986328,21782000,58.798674228176736,2.357905578401443,135.70842437744142,128.7263800048828,0.05652090585441383,1.5227504396029419
2021-08-20,136.2216033935547,137.42950439453125,137.5540008544922,135.25,136.0,31194000,63.799003440848495,2.297922430726203,135.92914962768555,129.03984008789064,0.03318802409607313,1.4288345391180968
2021-08-23,138.81065368652344,140.04150390625,140.87449645996094,137.6074981689453,137.96949768066406,28454000,69.7096229830192,2.4331045703117695,136.22947463989257,129.41047012329102,0.04481292259507441,1.6272282080069316
2021-08-24,140.0198974609375,141.26150512695312,142.0800018310547,140.3385009765625,140.6114959716797,19268000,72.00847441619587,2.60861085032451,136.69755020141602,129.7867901611328,0.07097431132419696,1.6623476402997144
2021-08-25,140.83021545410156,142.07899475097656,142.1894989013672,141.37600708007812,141.625,15848000,73.46186801541673,2.7816008590847616,136.9968002319336,130.19998001098634,0.04397696348133695,2.0430787883559813
2021-08-26,140.1973419189453,141.4405059814453,142.41749572753906,141.35699462890625,141.75,20610000,70.3878251579821,2.8345016095858,137.27995071411132,130.61334014892577,0.041708013450638015,2.24740297682082
2021-08-27,142.73829650878906,144.00399780273438,144.5124969482422,141.4969940185547,141.65249633789062,28780000,74.92470571632391,3.048141127949151,137.74382553100585,131.0585501098633,0.06886170305781714,2.619307782508632
2021-08-30,143.3196258544922,144.5904998779297,145.9705047607422,144.16299438476562,144.39999389648438,24434000,75.83684868502412,3.227572356278472,138.2306251525879,131.54814010620117,0.07219627000987239,2.9392444886524416
2021-08-31,143.4257049560547,144.69749450683594,145.17149353027344,144.281005859375,145.14700317382812,22448000,76.00830556033908,3.339906111192505,138.68399963378906,132.0058399963379,0.06685459925963988,3.2043573144166904
2021-09-01,143.93917846679688,145.2154998779297,146.25399780273438,144.8834991455078,145.0,21936000,76.86424298379052,3.4311776455150493,139.1884994506836,132.4635400390625,0.07467129500761382,3.402765205687423
2021-09-02,142.027587890625,143.28700256347656,145.51950073242188,143.18499755859375,145.21600341796875,32342000,67.24558798495053,3.3097447012186194,139.540274810791,132.8867401123047,0.05163618339373688,3.44654080218055
2021-09-03,142.4761505126953,143.739501953125,144.15499877929688,142.40049743652344,143.08050537109375,19850000,68.24956398201437,3.2129838591210387,139.94032516479493,133.31153015136718,0.058944274338398106,3.446381769364258
2021-09-07,143.01239013671875,144.28050231933594,144.56500244140625,143.61900329589844,143.83450317382812,20124000,69.45503666957946,3.143715606245223,140.30870056152344,133.74697021484374,0.053811604717850736,3.4991111362046006
2021-09-08,142.4280548095703,143.6909942626953,144.39999389648438,143.0,144.10000610351562,18344000,66.49254259336207,3.006593504958147,140.65289993286132,134.1700700378418,0.05031896820177684,3.475026571010128
2021-09-09,142.27935791015625,143.54100036621094,144.3105010986328,143.17750549316406,143.8404998779297,15314000,65.72438766721766,2.8529331602990737,141.0159996032715,134.59544006347656,0.053287689500414404,3.3718161642144904
2021-09-10,139.63778686523438,140.87600708007812,144.718505859375,140.73800659179688,144.21249389648438,36840000,53.82628971699108,2.487439885557876,141.20009994506836,134.9711701965332,0.026837958142376994,3.250488228496269
2021-09-13,141.08152770996094,142.33250427246094,142.9499969482422,141.25,141.94949340820312,22094000,58.272329528828735,2.288925672710718,141.43035049438475,135.36893020629884,0.03343566978861001,3.1532008548713555
2021-09-14,141.29164123535156,142.54449462890625,143.36300659179688,141.75,142.99549865722656,19674000,58.89275283622632,2.124220882843673,141.64210052490233,135.71467010498046,0.030619739016494618,3.073791140161249
2021-09-15,143.16006469726562,144.42950439453125,144.45050048828125,141.34750366210938,142.77149963378906,27408000,64.01610612679744,2.1213421725664148,142.03050079345704,136.07946014404297,0.05684121297221778,2.8970200763897846
2021-09-16,142.3477783203125,143.61000061035156,144.3000030517578,142.40150451660156,143.95050048828125,26190000,60.4865755388655,2.0295384119580433,142.43855056762695,136.42218017578125,0.06025142433308628,2.4635278857817595
2021-09-17,139.56248474121094,140.8000030517578,143.4499969482422,140.47000122070312,143.03050231933594,53384000,50.25491933668698,1.7103243964145634,142.69455108642578,136.73730026245119,0.03773592756753197,1.9331788806643804
2021-09-20,137.50025939941406,138.71949768066406,139.0,136.32200622558594,138.1614990234375,46518000,44.28230172987016,1.2747708287486432,142.75905075073243,137.00132019042968,0.0093865818101877,1.7622288501423111
2021-09-21,137.81100463867188,139.0330047607422,140.01150512695312,138.2779998779297,139.74949645996094,25332000,45.33655825487417,0.9440069649852774,142.70862579345703,137.24247024536132,-0.0072014304143930286,1.8560153162146673
2021-09-22,139.05050659179688,140.2834930419922,140.88699340820312,138.55149841308594,139.3040008544922,25056000,49.44549931942445,0.7738576244728677,142.65972518920898,137.5013101196289,-0.006923415434955116,1.9082969740656375
2021-09-23,139.97483825683594,141.21600341796875,141.69650268554688,140.40150451660156,140.9875030517578,20952000,52.32353214276133,0.7061191384003109,142.6165756225586,137.7608901977539,-0.00607402476714014,1.931732199105442
2021-09-24,140.96502685546875,142.21499633789062,142.33050537109375,140.24099731445312,140.5384979248047,22984000,55.26190450441701,0.7246924761047637,142.65530014038086,138.06509017944336,0.005475732365853636,1.914602210267588
2021-09-27,139.8320770263672,141.07200622558594,141.93850708007812,140.0675048828125,140.80450439453125,21882000,51.36153711645713,0.639806934280756,142.50870056152343,138.347130279541,-0.02036048736066942,1.9181451615315885
2021-09-28,134.63616943359375,135.8300018310547,139.09649658203125,135.36000061035156,138.65499877929688,45772000,38.08526283348729,0.14784432805396364,142.0706756591797,138.57217025756836,-0.060588337783402335,2.3657662427407535
2021-09-29,133.17262268066406,134.35350036621094,137.1510009765625,133.86500549316406,136.97999572753906,30848000,35.316196774396374,-0.35706488858480157,141.55347595214843,138.73505020141602,-0.07148703006834933,2.8436897352363304
2021-09-30,132.50106811523438,133.67599487304688,135.54249572753906,133.55599975585938,134.26150512695312,37996000,34.0913434171821,-0.8026259393822954,140.97650070190429,138.85759002685546,-0.0794646922303962,3.2087965855901173
2021-10-01,135.34286499023438,136.54299926757812,136.91050720214844,134.072998046875,134.44749450683594,35360000,43.08680327908174,-0.9138585951227753,140.63930053710936,139.02002014160155,-0.04706639943082647,3.3060914442672757
2021-10-04,132.4846954345703,133.6595001220703,135.9604949951172,131.0500030517578,135.9604949951172,51202000,37.53767869878575,-1.2206150681209351,140.13530044555665,139.03291015625,-0.07012687322613576,3.566663008349878
2021-10-05,134.82745361328125,136.0229949951172,137.22450256347656,134.04100036621094,134.04100036621094,32404000,43.913789028594174,-1.2585002913593826,139.7224250793457,139.07266998291016,-0.057232316158301266,3.539399677542335
2021-10-06,136.3558807373047,137.56500244140625,137.75,134.5500030517578,134.75,24364000,47.66721649671754,-1.1508314216415556,139.41612548828124,139.1859701538086,-0.04263309508520452,3.4416045351908933
2021-10-07,138.0012969970703,139.22500610351562,140.04200744628906,138.6510009765625,138.89199829101562,25110000,51.435133955191795,-0.9209386370317816,139.2003257751465,139.2485903930664,-0.03006802413027687,3.301823557506237
2021-10-08,138.55690002441406,139.78550720214844,140.33099365234375,139.21749877929688,139.57699584960938,26526000,52.67415317913359,-0.6856158419390965,139.14580078125,139.32875061035156,-0.007740848853771243,3.2816379676264518
2021-10-11,137.6930389404297,138.91400146484375,140.71200561523438,138.85899353027344,139.29200744628906,17954000,50.51609053054207,-0.5629546699342427,138.97487564086913,139.41250061035157,-0.02401772402650415,3.194799647541439
2021-10-12,135.24969482421875,136.44900512695312,139.5070037841797,135.75999450683594,139.47999572753906,36332000,44.91137529983458,-0.6570750587657415,138.67010116577148,139.44439056396484,-0.042762012786406345,3.1263585972264245
2021-10-13,136.37274169921875,137.58200073242188,138.0,136.5189971923828,137.40249633789062,19654000,47.77927116508838,-0.6329466534679682,138.327725982666,139.48343048095703,-0.047410698325214606,2.8226253659357594
2021-10-14,139.91036987304688,141.1510009765625,141.33749389648438,138.8249969482422,139.4739990234375,31894000,55.617474023901366,-0.3221229927651166,138.20477600097655,139.6039404296875,-0.017122760415974936,2.6272177364634763
2021-10-15,140.12547302246094,141.3679962158203,141.71800231933594,140.7550048828125,141.614501953125,30274000,56.049417104242536,-0.0576191028404196,138.2331756591797,139.70627044677735,0.004034042270962823,2.659618250522606
2021-10-18,141.5230712890625,142.7779998779297,142.79600524902344,141.0695037841797,141.07650756835938,20396000,58.851755245065974,0.2627488421160251,138.43610076904298,139.847060546875,0.029256898021707167,2.8469111756450585
2021-10-19,141.97804260253906,143.23699951171875,143.66250610351562,142.60000610351562,143.3874969482422,20164000,59.751425138598435,0.5473704353942423,138.64630050659179,139.97354064941408,0.030237386857970172,3.0418295859309317
2021-10-20,140.52294921875,141.7689971923828,143.54600524902344,141.37649536132812,143.33799743652344,23288000,55.56689151680968,0.6470211233387602,138.72057571411133,140.07278045654297,0.010589301122876593,3.1014624430851674
2021-10-21,140.63893127441406,141.88600158691406,142.156005859375,140.5,141.7689971923828,26292000,55.832390464139216,0.7270552479492096,138.7540756225586,140.1849203491211,0.00474449179079417,3.133290124531107
2021-10-22,136.3573760986328,137.56649780273438,140.58299255371094,136.05599975585938,139.14999389648438,50588000,45.11491259451745,0.4368987160946176,138.5216506958008,140.19237030029296,-0.03268641602403033,3.0338838668572263
2021-10-25,136.23895263671875,137.44700622558594,138.0,135.4239959716797,137.5500030517578,34412000,44.858382629590984,0.19505710559732847,138.34040069580078,140.18676055908202,-0.02569609731220046,2.9813286617053585
2021-10-26,138.0841064453125,139.30850219726562,140.08299255371094,138.30450439453125,139.2635040283203,49236000,49.66053633166929,0.1518525924859091,138.51432571411132,140.20674072265626,0.025609219754980872,2.928159211681468
2021-10-27,144.93234252929688,146.21749877929688,148.64999389648438,139.40499877929688,139.40499877929688,85782000,62.65873438436554,0.6674174153385763,139.10752563476564,140.39786071777343,0.08830434920376407,3.2273249130162562
2021-10-28,144.5670928955078,145.8489990234375,147.1580047607422,144.6269989013672,147.13450622558594,36206000,61.74300066137291,1.0343480804641558,139.71617584228517,140.60586059570312,0.09106350143083963,3.2961998160699943
2021-10-29,146.74478149414062,148.04600524902344,148.24200439453125,144.64950561523438,145.0780029296875,43320000,65.0249004446973,1.4853016841794613,140.29132614135742,140.85318084716798,0.08424456796135926,3.693057372410345
2021-11-01,142.2357635498047,143.4969940185547,148.04600524902344,143.22549438476562,148.04600524902344,46924000,54.583753384966585,1.458802310481076,140.78320083618163,140.97453063964844,0.07360115732514227,3.4073539528728602
2021-11-02,144.15423583984375,145.4324951171875,146.60899353027344,144.3354949951172,144.57949829101562,33482000,57.69624727923346,1.575815113195432,141.25367584228516,141.0823504638672,0.0691758045939812,3.364838318456712
2021-11-03,145.3095245361328,146.59800720214844,146.66900634765625,144.59100341796875,145.90049743652344,27494000,59.496358667704776,1.7425091265076276,141.70532608032227,141.1890805053711,0.06566353796700342,3.448847318903322
2021-11-04,146.96434020996094,148.2675018310547,149.73350524902344,146.30799865722656,147.12449645996094,38412000,61.99127892792059,1.986431254040923,142.1574508666992,141.31285064697266,0.06494879031153244,3.690801051975843
2021-11-05,147.543701171875,148.8520050048828,150.32749938964844,148.19700622558594,149.16949462890625,38354000,62.853982101542975,2.201527974618358,142.61077575683595,141.46108062744142,0.06486007014749395,3.932985373003795
2021-11-08,147.72113037109375,149.031005859375,150.61500549316406,148.4304962158203,149.8249969482422,23052000,63.1299791490063,2.359241678852271,143.1166259765625,141.56162078857423,0.0728292633416916,4.080342029321112
2021-11-09,147.60964965820312,148.9185028076172,149.83450317382812,147.2449951171875,149.23300170898438,19530000,62.8140839065366,2.4469459993642317,143.7401008605957,141.64818084716796,0.09138577206233456,3.958766546318927
2021-11-10,144.61122131347656,145.89349365234375,148.07000732421875,144.53750610351562,147.5,29970000,54.864475363414286,2.246463514451648,144.1556755065918,141.67210083007814,0.060411193874746694,3.7065069127845125
2021-11-11,144.48533630371094,145.76649475097656,147.53550720214844,145.60049438476562,146.489501953125,16518000,54.55232779639022,2.0536586522093216,144.3864501953125,141.68312072753906,0.03269898011690642,3.6528806719272944
2021-11-12,147.3712158203125,148.67799377441406,148.85000610351562,145.41099548339844,146.61549377441406,22360000,60.149897773593494,2.111453526655964,144.7519500732422,141.7909405517578,0.05170899888425873,3.700367588519486
2021-11-15,147.14720153808594,148.45199584960938,149.54949951171875,147.5749969482422,148.90049743652344,23508000,59.53691719208453,2.1146439382561937,145.03564987182617,141.8851904296875,0.03973998778895038,3.758119864285812
2021-11-16,146.57627868652344,147.87600708007812,148.7624969482422,147.3125,148.14950561523438,18904000,57.91692991558975,2.0470972199945265,145.26760025024413,141.95710052490233,0.0323869362257887,3.784332658711672
2021-11-17,146.74575805664062,148.0469970703125,148.5594940185547,147.24000549316406,148.02749633789062,19594000,58.27985122069727,1.984487485876656,145.5815002441406,142.04422058105467,0.04428330595729846,3.738958896521091
2021-11-18,148.5215606689453,149.8385009765625,150.58050537109375,147.88450622558594,148.2415008544922,35608000,61.979454436467485,2.0557310259025314,145.97912521362304,142.17017059326173,0.056048512895594094,3.7481201712940893
2021-11-19,147.6175537109375,148.92649841308594,150.9665069580078,148.8990020751953,149.97549438476562,33682000,59.10600292040821,2.015369138797581,146.54712524414063,142.33118041992188,0.082578249732296,3.231277404891554
2021-11-22,145.01612854003906,146.302001953125,149.82949829101562,146.1475067138672,149.33250427246094,30594000,51.680625971526794,1.75141786703702,146.98987503051757,142.41057037353517,0.06442479884214958,2.4247549142465643
2021-11-23,144.50067138671875,145.78199768066406,146.66000366210938,144.11500549316406,146.1529998779297,27218000,50.33143982583354,1.4831774373184885,147.3135498046875,142.4753204345703,0.04646877528143789,1.6554449773762543
2021-11-24,144.83570861816406,146.1199951171875,146.24949645996094,144.3730010986328,145.47349548339844,18040000,51.22279783539621,1.2830780079759734,147.30867462158204,142.50913024902343,-0.0006668398989408963,1.6589824557758954
2021-11-26,140.93331909179688,142.18299865722656,144.5574951171875,141.84249877929688,144.34849548339844,30470000,41.8105601122373,0.7976205835315113,147.1253746032715,142.48059020996095,-0.025135588113442076,1.9968680251619706
2021-11-29,144.25137329101562,145.53050231933594,146.29750061035156,143.89349365234375,144.0,32596000,50.19118695484968,0.6752240834822487,146.9995994567871,142.5752001953125,-0.016991359715895382,2.014968007517675
2021-11-30,140.65032958984375,141.8975067138672,146.0,141.60150146484375,145.0084991455078,42068000,42.95977903181217,0.28182291311017593,146.91962509155275,142.63876037597657,-0.011146486486543927,2.185803632469287
2021-12-01,139.811767578125,141.05149841308594,145.95050048828125,140.91200256347656,144.0,34020000,41.46169264558311,-0.09709687585461779,146.70057525634766,142.67913024902344,-0.030123919008412936,2.5344023630871413
2021-12-02,141.7094268798828,142.96600341796875,143.864501953125,140.21449279785156,141.25,29194000,46.04688838641052,-0.24014079131097787,146.51897506713868,142.73278045654297,-0.024775260274659816,2.6687040562619098
2021-12-03,140.75340270996094,142.00149536132812,144.39999389648438,140.30099487304688,143.68099975585938,41230000,44.16983123181327,-0.4264164014852838,146.20567474365234,142.74849029541016,-0.04226149623041764,2.8163505748865414
2021-12-06,141.8967742919922,143.15499877929688,143.8524932861328,140.14999389648438,143.04049682617188,30618000,46.95480414289506,-0.47548201826268155,145.92082443237305,142.7672903442383,-0.038272955916173634,2.822704438951776
2021-12-07,145.97509765625,147.26950073242188,147.531005859375,145.2274932861328,145.59649658203125,32240000,55.484711220160484,-0.18028276428330514,145.8327491760254,142.891240234375,-0.011819722458394133,2.747018487874042
2021-12-08,146.88404846191406,148.18649291992188,148.39300537109375,146.406005859375,147.59649658203125,24270000,57.138934953971344,0.12620358087752948,145.79614868164063,143.13837005615235,-0.004915506628756394,2.7083452230290326
2021-12-09,146.34088134765625,147.6385040283203,149.10000610351562,147.11500549316406,147.59100341796875,23270000,55.80435694879425,0.32117577925609453,145.88339920043944,143.40407012939454,0.01196085125039792,2.7395743735351994
2021-12-10,146.70066833496094,148.00149536132812,148.9774932861328,146.70399475097656,148.6999969482422,24458000,56.52866610074669,0.49922822586950133,145.99514923095703,143.69058013916015,0.015332745801219794,2.779842768409934
2021-12-13,144.54481506347656,145.82650756835938,147.97000122070312,145.5175018310547,147.781494140625,27070000,51.12235966513357,0.45953549570450036,145.8525749206543,143.87625030517577,-0.019178939220697244,2.7071759125796575
2021-12-14,142.64215087890625,143.90699768066406,144.47999572753906,141.21499633789062,143.96800231933594,38446000,46.86267716988488,0.2700770352097379,145.62532501220704,144.08120025634764,-0.03061594519449684,2.6679645131435175
2021-12-15,145.15386962890625,146.4409942626953,146.7209930419922,141.67799377441406,143.40899658203125,36370000,52.49057803565936,0.320705295950404,145.5535743713379,144.2895602416992,-0.009704162600263633,2.623170457076722
2021-12-16,143.17543029785156,144.44500732421875,147.677001953125,143.60699462890625,147.17050170898438,33650000,48.1634411771321,0.19749252171263265,145.37347488403321,144.42716033935548,-0.02433004260385674,2.5659971830641397
2021-12-17,140.47933959960938,141.72500610351562,143.83450317382812,141.3000030517578,142.5,50416000,42.96545864835058,-0.11827248450367733,144.96780014038086,144.47716033935546,-0.05414826509987558,2.46219751878877
2021-12-20,140.3623809814453,141.60699462890625,141.77450561523438,139.3209991455078,140.0,27192000,42.74988677441394,-0.3737329063285699,144.60182495117186,144.51359008789063,-0.04914843135489,2.385602436309249
2021-12-21,142.21148681640625,143.47250366210938,143.86900329589844,140.50250244140625,142.05349731445312,28756000,47.255057664571765,-0.4208053605930786,144.4603500366211,144.60476013183595,-0.019340120116211335,2.3632642724282777
2021-12-22,145.12811279296875,146.4149932861328,146.5,143.0675048828125,143.0675048828125,26322000,53.47420681421401,-0.21816146887715604,144.49199981689452,144.80407989501953,0.0043420697722591495,2.3860249477168165
2021-12-23,145.62522888183594,146.91650390625,148.24349975585938,146.45199584960938,146.5,26384000,54.45979393427035,-0.016902171268384336,144.53182525634764,144.9907699584961,0.0054510595105323745,2.421018881210605
2021-12-27,146.6064910888672,147.906494140625,148.343994140625,147.16949462890625,147.25599670410156,15976000,56.42225671751149,0.21994581189395035,144.81800003051757,145.12587982177735,0.04025442941456436,2.4666064446046208
2021-12-28,145.39772033691406,146.68699645996094,148.2989959716797,146.05450439453125,148.23599243164062,18200000,53.37121411469522,0.3057220998240666,144.87582473754884,145.23225982666017,0.00794674739792578,2.4975505253365853
2021-12-29,145.36599731445312,146.65499877929688,147.41700744628906,145.6475067138672,146.64450073242188,17788000,53.28978794314359,0.3668892101457004,145.11369934082032,145.3097998046875,0.033527664971753524,2.4244457791918883
2021-12-30,144.91551208496094,146.20050048828125,147.3000030517578,145.9945068359375,146.69400024414062,15688000,52.07449647006239,0.3743748122808199,145.37114944458008,145.36906982421874,0.03650441245307334,2.2364781833440746
2021-12-31,143.57887268066406,144.8520050048828,146.69850158691406,144.8520050048828,146.0500030517578,18136000,48.537643006338115,0.2684009313773572,145.46544952392577,145.43072998046875,0.013191958520377911,2.16845557540456
2022-01-03,143.7171173095703,144.9915008544922,145.8509979248047,143.71299743652344,145.05499267578125,28646000,48.92410293036459,0.1934421359787848,145.61494979858398,145.4928399658203,0.021056154976085928,2.014688618043198
2022-01-04,143.13034057617188,144.39950561523438,146.48500061035156,143.7165069580078,145.39599609375,28400000,47.30070851252921,0.08528457478860219,145.67717514038085,145.6295001220703,0.008693422140683804,1.9529861078021542
2022-01-05,136.5640411376953,137.77499389648438,144.49949645996094,137.68800354003906,144.4199981689453,54618000,33.78929802690929,-0.5288772364690999,145.20244979858398,145.6360598754883,-0.06447028603151406,2.594230690402807
2022-01-06,136.5367889404297,137.74749755859375,139.94000244140625,136.55850219726562,136.99850463867188,37348000,33.746209295833566,-1.0062244917708938,144.68050003051758,145.60483978271483,-0.07044498560991808,2.983232024855658
2022-01-07,135.81272888183594,137.01699829101562,138.44850158691406,135.76649475097656,138.14549255371094,29760000,32.558319562139815,-1.4270210066800075,144.14942474365233,145.42082977294922,-0.07194265349144457,3.351609550666904
2022-01-10,137.45069885253906,138.66949462890625,138.8195037841797,133.1645050048828,135.0780029296875,44408000,37.884959152610335,-1.6086194685385067,143.68282470703124,145.2772396850586,-0.06305342192414276,3.4356438081855436
2022-01-11,138.50782775878906,139.73599243164062,140.21600341796875,136.6925048828125,138.0070037841797,28730000,41.117297444003526,-1.647488872129344,143.3782989501953,145.11103942871094,-0.04176548720995521,3.5048591024036266
2022-01-12,140.1874237060547,141.4304962158203,142.60800170898438,140.6945037841797,141.14999389648438,26108000,45.931573852376744,-1.523993215553645,143.2544738769531,145.06970947265626,-0.01720904128886913,3.5288619709885825
2022-01-13,137.36895751953125,138.58700561523438,142.85000610351562,138.40899658203125,141.5399932861328,31436000,40.0186811765536,-1.636701074231354,142.86177444458008,144.9327996826172,-0.0536324455252738,3.592034757752755
2022-01-14,138.25457763671875,139.48049926757812,140.74200439453125,136.99850463867188,137.07899475097656,29662000,42.52254418222283,-1.6350772411083199,142.61354904174806,144.7904495239258,-0.03436953722808411,3.6479672694196883
2022-01-18,134.80267333984375,135.9980010986328,137.13150024414062,135.43850708007812,136.1750030517578,34872000,36.182686970435796,-1.8929777700462296,142.32719879150392,144.54505950927734,-0.04040927682655959,3.934875611587541
2022-01-19,133.92893981933594,135.1165008544922,137.95950317382812,135.0155029296875,136.52349853515625,28648000,34.7695772949006,-2.143783300569538,142.0026741027832,144.27034942626952,-0.04583455634676081,4.2522490688419365
2022-01-20,132.13583374023438,133.3074951171875,137.62600708007812,132.96449279785156,136.25,29908000,32.00695445737546,-2.460160931156878,141.49442367553712,143.95587921142578,-0.07084987217384442,4.655671071805184
2022-01-21,129.205810546875,130.35150146484375,134.86549377441406,130.0865020751953,132.593505859375,55652000,28.08070071113677,-2.91580488258856,140.69124908447264,143.5845391845703,-0.10971206883093487,5.124148766659147
2022-01-24,129.6543426513672,130.8040008544922,131.2030029296875,124.5,125.97799682617188,76622000,29.506255058061782,-3.2034655213441,139.88562393188477,143.28274932861328,-0.10967115758512391,5.3552942486839985
2022-01-25,125.81932830810547,126.93499755859376,129.3990020751953,126.50050354003906,128.74000549316406,46960000,24.952069798984482,-3.7009723756391395,138.8370491027832,142.90611938476562,-0.1417888829282382,5.741348339803735
2022-01-26,128.0971221923828,129.23300170898438,133.0,127.14199829101562,131.11900329589844,49130000,31.69552039807992,-3.8652640543218695,137.96434936523437,142.51721954345703,-0.11898801647179902,5.811433787275606
2022-01-27,127.87115478515625,129.0050048828125,132.65249633789062,128.9324951171875,131.3040008544922,31950000,31.394112693002597,-3.9681217937898907,137.08184967041015,142.1282797241211,-0.12035044180830201,5.762167185060316
2022-01-28,132.17893981933594,133.3509979248047,133.35650634765625,128.48500061035156,129.65899658203125,34362000,42.59928791477552,-3.656798676988643,136.43937454223632,141.83777954101564,-0.08788959354148396,5.396698888190386
2022-01-31,134.11428833007812,135.30349731445312,135.47300720214844,132.20950317382812,134.16200256347656,39986000,46.80298213204148,-3.2154566976768137,135.96194915771486,141.58290954589845,-0.06591905780046203,5.022695778196496
2022-02-01,136.43421936035156,137.6439971923828,137.79299926757812,134.36849975585938,137.59449768066406,68644000,51.39783734630809,-2.646326020515886,135.59457397460938,141.33901947021485,-0.05067540937784376,4.576364771811453
2022-02-02,146.69918823242188,148.0,151.54649353027344,145.5225067138672,151.25,123200000,65.56892874635274,-1.3441484737506357,135.77459869384765,141.32048950195312,0.024934257007495964,4.992830500108636
2022-02-03,141.83233642578125,143.08999633789062,149.6750030517578,142.66549682617188,145.70550537109375,71518000,57.07228677046492,-0.7002871725643729,136.04034881591798,141.25624938964845,0.03857741010244298,5.240227851763794
2022-02-04,142.0335693359375,143.29299926757812,144.875,140.51499938964844,143.4445037841797,57998000,57.31854661609026,-0.17166298866769125,136.3176239013672,141.2064694213867,0.04025845701208097,5.476690909826514
2022-02-07,137.9775390625,139.2010040283203,144.25,138.89999389648438,144.25,54974000,50.971122154079744,-0.08196943930292377,136.42682418823242,141.06808959960938,0.01593967000113361,5.513022790487874
2022-02-08,138.1737823486328,139.3990020751953,140.0,137.01400756835938,139.02650451660156,54284000,51.252419675077434,0.005032125212835581,136.4632995605469,141.01240966796874,0.0052607637190955625,5.531025635882055
2022-02-09,140.3474884033203,141.5919952392578,142.52450561523438,140.18699645996094,140.9635009765625,40144000,54.37475953217279,0.24807802360237474,136.55609970092775,140.9336395263672,0.013282210082882884,5.60391503432214
2022-02-10,137.401611328125,138.6199951171875,141.4844970703125,137.95700073242188,139.70350646972656,39330000,49.72629580085293,0.19858886845918278,136.4155746459961,140.8680892944336,-0.01987195954077714,5.509696656134248
2022-02-11,133.10227966308594,134.28250122070312,139.156494140625,133.39999389648438,138.60000610351562,39958000,43.836231375008204,-0.18845871626947996,136.20034942626953,140.73270935058594,-0.03105994227541109,5.504480660474013
2022-02-14,134.33482360839844,135.5260009765625,136.3000030517578,133.25650024414062,133.25650024414062,34302000,45.817681001615796,-0.390356886557953,136.00262451171875,140.5839093017578,-0.028351621278823735,5.4512205272745895
2022-02-15,135.40780639648438,136.60850524902344,138.10850524902344,135.82150268554688,137.57049560546875,26680000,47.55236859467519,-0.4577370850029183,136.03314971923828,140.47604949951173,0.0044890670852424375,5.452902335978248
2022-02-16,136.52737426757812,137.73800659179688,138.08599853515625,134.9239959716797,136.64649963378906,25022000,49.37367049487813,-0.4152087905148676,136.16422500610352,140.36770965576173,0.019401817844052927,5.461209674300331
2022-02-17,131.3740692138672,132.53900146484375,137.11349487304688,132.47850036621094,136.2429962158203,38950000,42.122781168214,-0.7918926292853143,136.12580032348632,140.07309967041016,-0.005764819537477539,5.4850189366268705
2022-02-18,129.25686645507812,130.4029998779297,134.07000732421875,130.19650268554688,133.4669952392578,45620000,39.55274908525682,-1.2483841665454918,136.1283752441406,139.71742980957032,0.0003950734169320125,5.482176896636892
2022-02-22,128.67254638671875,129.81350708007812,132.1804962158203,128.22349548339844,129.83799743652344,44990000,38.84829118633767,-1.6388326976571932,136.07885055541993,139.36092987060547,-0.00757235075336804,5.537007316263973
2022-02-23,126.46659851074219,127.58799743652344,132.05099487304688,127.52749633789062,131.64849853515625,32786000,36.22513560760098,-2.103597043197425,136.11150054931642,138.95265991210937,0.005144364363565357,5.481902133402879
2022-02-24,131.52471923828125,132.6909942626953,133.0,124.95349884033203,124.95349884033203,54456000,45.339137424528424,-2.036679367180227,136.28440017700194,138.68994964599608,0.026757813468558656,5.30522086617575
2022-02-25,133.2777099609375,134.45950317382812,135.27149963378906,131.75149536132812,133.552001953125,36406000,48.106942276126055,-1.819963333319322,136.55712509155273,138.50099975585937,0.04228129207832265,5.045138754453159
2022-02-28,133.86996459960938,135.0570068359375,135.75149536132812,132.59249877929688,133.0500030517578,38864000,49.0457091355719,-1.5817671362136707,136.64242553710938,138.27332000732423,0.012793371910833518,5.002318704641122
2022-03-01,132.88316345214844,134.06149291992188,136.2554931640625,133.218505859375,134.8784942626953,26496000,47.50376731265494,-1.4565345632778701,136.5803253173828,138.06564971923828,-0.00917939609236229,5.027461490215937
2022-03-02,133.38870239257812,134.57150268554688,135.2624969482422,133.07150268554688,134.6280059814453,23520000,48.398807525775844,-1.301134650890532,136.42670059204102,137.9225796508789,-0.02232203778957076,5.0401752844428485
2022-03-03,132.72259521484375,133.89950561523438,136.4394989013672,133.02549743652344,136.00999450683594,24604000,47.25555839341877,-1.218161441371052,135.72167587280273,137.76842987060547,-0.09527361070787588,4.262246931706864
2022-03-04,130.7471160888672,131.906494140625,133.85150146484375,130.33749389648438,132.92750549316406,30430000,43.940449367374875,-1.2982584297064363,135.16250076293946,137.53710968017577,-0.07815712127671781,3.9681505590967565
2022-03-07,125.26771545410156,126.37850189208984,131.73500061035156,126.29499816894531,131.48800659179688,45112000,36.3279377143539,-1.7871969511662655,134.31677589416503,137.1363798522949,-0.11804133811103357,3.946529304600997
2022-03-08,125.98735046386719,127.10449981689452,131.25,125.67449951171875,126.25,40428000,37.85076928223037,-2.091987161144175,133.71195068359376,136.74013977050782,-0.08689954713950754,4.083160208845269
2022-03-09,132.24729919433594,133.4199981689453,133.73550415039062,129.90049743652344,131.25,37026000,49.22687841854492,-1.803142161833449,133.41300048828126,136.45040985107423,-0.04289129633097932,3.857508105427856
2022-03-10,131.2655487060547,132.42950439453125,133.27200317382812,130.91250610351562,131.26600646972656,27102000,47.750608698442534,-1.6353042194568275,132.95487594604492,136.16526000976563,-0.06471051438496978,3.345073002045966
2022-03-11,128.72903442382812,129.87049865722656,133.79550170898438,129.63150024414062,133.48849487304688,31526000,44.073197710976,-1.6893085203489306,132.51740112304688,135.8295700073242,-0.06311857429055767,3.1304352985748234
2022-03-14,124.84397888183594,125.95099639892578,130.40899658203125,125.2750015258789,130.25,38812000,39.10559862551286,-2.0250350499681815,132.100825881958,135.4245799255371,-0.062044605559468335,3.423788852542909
2022-03-15,128.0624237060547,129.197998046875,129.85450744628906,125.72049713134766,126.97599792480469,30920000,44.66942342561569,-2.005971258808188,131.78442573547363,135.11149978637695,-0.046692168912899956,3.3827478396514734
2022-03-16,132.1090545654297,133.28050231933594,133.33299255371094,128.7344970703125,130.73300170898438,35576000,50.761055159775644,-1.6425053122750342,131.61802558898927,134.87727981567383,-0.02436160855153846,3.210422154593536
2022-03-17,132.6626739501953,133.83900451660156,134.08050537109375,132.18499755859375,133.1490020751953,28264000,51.54696433257122,-1.2944676539583497,131.4230754852295,134.66606979370118,-0.028307379870470162,2.9249189540408898
2022-03-18,134.9290313720703,136.12550354003906,136.24400329589844,132.2584991455078,133.42449951171875,44566000,54.732489554419544,-0.8246380262968955,131.60240058898927,134.63307998657226,0.027059975068143505,3.1015467773385246
2022-03-21,134.90524291992188,136.10150146484375,137.0500030517578,134.09249877929688,136.1634979248047,26832000,54.69184100479523,-0.44905500177662816,131.88732566833497,134.60016006469726,0.043699160235948886,3.244038714456718
2022-03-22,138.638671875,139.8679962158203,141.0500030517578,136.10150146484375,136.10150146484375,35496000,59.74427617077473,0.15078375827332025,132.39005012512206,134.65718002319335,0.07745333564973222,3.6583552365456256
2022-03-23,137.06015014648438,138.27549743652344,139.5885009765625,137.8350067138672,138.70249938964844,25154000,56.85733927652679,0.49198762767596804,132.92442512512207,134.6493000793457,0.08376571632701713,3.700322496024866
2022-03-24,140.32769775390625,141.57200622558594,141.61900329589844,137.75050354003906,139.1999969482422,26396000,61.05277716124995,1.0166752620599198,133.3684757232666,134.6860203552246,0.0669300280116103,4.173461867086567
2022-03-25,140.42779541015625,141.67300415039062,142.03500366210938,139.7375030517578,141.91600036621094,24126000,61.177342875346156,1.4242260891307978,133.72915077209473,134.69087051391602,0.05364813052474959,4.565955349659396
2022-03-28,140.21224975585938,141.45550537109375,142.00250244140625,139.81149291992188,140.90049743652344,35050000,60.726907749309625,1.7099514659617228,134.04907569885253,134.7482405090332,0.047376279728521764,4.877431007009173
2022-03-29,141.25299072265625,142.5054931640625,143.7935028076172,142.0384979248047,142.6475067138672,34318000,62.1747959513326,1.9980834630209472,134.47127571105958,134.80874038696288,0.06298602275885767,5.231197490395775
2022-03-30,140.6909637451172,141.93850708007812,142.7205047607422,141.60000610351562,142.4600067138672,19884000,60.869783893029194,2.155828064125302,134.83962593078613,134.92755050659179,0.05474416386466108,5.4915196711385486
2022-03-31,137.84521484375,139.0675048828125,142.10800170898438,139.02450561523438,142.05299377441406,37524000,54.6182867428265,2.0258234815719334,135.09802589416503,135.0065705871582,0.03859610417404058,5.566037525996978
2022-04-01,138.9186553955078,140.15049743652344,140.4709930419922,138.3074951171875,139.5,25942000,56.43584444303303,1.987274300305387,135.51022605895997,135.1434306335449,0.06249884321168864,5.622221490659692
2022-04-04,141.71487426757812,142.97149658203125,143.71200561523438,140.3105010986328,140.35850524902344,25942000,60.835895241527176,2.1594619186093666,136.33987579345703,135.39583053588868,0.13129602299059995,5.424573295032041
2022-04-05,139.35528564453125,140.59100341796875,142.99049377441406,140.38250732421875,142.86900329589844,21418000,55.72143992722523,2.079860604550703,137.01420097351075,135.5915705871582,0.10610563450155386,5.040778662242462
2022-04-06,135.3478546142578,136.54800415039062,139.36050415039062,135.51699829101562,138.75,32468000,48.29526098600289,1.6712743274096056,137.170601272583,135.78383071899415,0.023444806058867007,4.971441417151435
2022-04-07,134.6941375732422,135.8885040283203,137.1645050048828,134.2274932861328,136.00999450683594,26234000,47.19043728637089,1.2795013161805286,137.34355125427246,135.91694076538087,0.026119554321400118,4.856666093506798
2022-04-08,132.11599731445312,133.28750610351562,135.6699981689453,132.9654998779297,135.58349609375,25142000,43.01135083230952,0.7504884237382328,137.5144016265869,136.0025907897949,0.02631088262244785,4.634981947872181
2022-04-11,127.69123077392578,128.82350158691406,132.09249877929688,128.6685028076172,131.82350158691406,36884000,36.961481109116704,-0.028635865667581584,137.65802688598632,135.9120408630371,0.022806530080081044,4.289429689871399
2022-04-12,126.59198760986328,127.7145004272461,131.60000610351562,126.78900146484375,131.60000610351562,32710000,35.62099878628793,-0.7272018730596699,137.58385200500487,135.76026092529298,-0.011482357637543794,4.453127383857405
2022-04-13,128.7523193359375,129.8939971923828,130.33399963378906,127.74099731445312,128.0,27928000,40.21030440181185,-1.0923612323666987,137.41452674865724,135.60526092529298,-0.025408856269457658,4.683780266508009
2022-04-14,125.61614990234375,126.7300033569336,130.47950744628906,126.60099792480469,130.47950744628906,31598000,36.17835023212619,-1.618404555080474,137.05907669067383,135.17986099243163,-0.05311606422465698,5.209636516846849
2022-04-18,126.55430603027344,127.67649841308594,128.21249389648438,126.18199920654297,127.0,20808000,38.175480440370265,-1.9365995236095443,136.63662643432616,134.87159103393554,-0.06206776031846217,5.616038461600412
2022-04-19,128.8662872314453,130.00900268554688,130.33299255371094,126.99949645996094,127.69149780273438,26490000,42.91615713092762,-1.9777593487438878,136.33200149536134,134.60591110229493,-0.04476437595268279,5.808528134947043
2022-04-20,126.91461944580078,128.0399932861328,131.3990020751953,127.5,130.89199829101562,31696000,40.11946448781112,-2.1445404817939107,135.74060134887696,134.38269088745116,-0.08456547065589293,6.02756842659543
2022-04-21,123.71746063232422,124.8144989013672,130.09849548339844,124.52649688720703,129.25,36446000,35.9827850125521,-2.5080746482754535,135.06755142211915,134.0910008239746,-0.09734912392078443,6.465268073770646
2022-04-22,118.583984375,119.635498046875,125.4020004272461,118.92500305175781,125.0,56884000,30.53809603195164,-3.1774524862102282,133.9707260131836,133.65187088012695,-0.15494947598437303,7.13026888686511
2022-04-25,121.99226379394531,123.0739974975586,123.27749633789062,118.51100158691406,119.10099792480469,46128000,37.3194830699628,-3.391387275008185,133.040775680542,133.34095092773438,-0.13128123289521387,7.2840539789527705
2022-04-26,117.60714721679688,118.6500015258789,122.51000213623047,118.51100158691406,122.29450225830078,73054000,32.87277460246332,-3.873263072804278,131.90050048828124,133.0283009338379,-0.16122033416364379,7.672142223729066
2022-04-27,113.28993225097656,114.29450225830078,117.24199676513672,112.73650360107422,114.46949768066406,91820000,29.18570653852713,-4.554108575923635,130.48995094299318,132.60367095947265,-0.19796423477713387,8.195267772343527
2022-04-28,117.48077392578125,118.52249908447266,119.64949798583984,114.11499786376953,116.41500091552734,48884000,36.61752936719514,-4.6983597665826835,129.31915054321288,132.24195083618164,-0.16497290606554538,8.146102904835853
2022-04-29,113.10655975341797,114.1094970703125,117.91999816894531,113.81449890136719,116.7344970703125,42676000,32.75369199754529,-5.109868868466975,128.07125015258788,131.76938064575197,-0.1794668555643626,8.479010918373953
2022-05-02,115.5583267211914,116.58300018310548,116.74549865722656,112.5999984741211,113.40499877929688,35534000,36.780351403188256,-5.176727672985805,126.89287528991699,131.45026062011718,-0.1681584987887187,8.348587094452531
2022-05-03,116.3027114868164,117.33399963378906,118.44200134277344,116.03450012207031,116.43049621582031,24968000,37.994353762210245,-5.110207091594347,125.61100044250489,131.18888061523438,-0.17931893811807753,7.692324272884792
2022-05-04,121.18641662597656,122.26100158691406,122.85449981689453,115.11599731445312,117.03150177001953,49916000,45.40187612338562,-4.606816655877736,124.69450035095215,131.0378305053711,-0.13037819906982717,6.860595940419293
2022-05-05,115.48150634765625,116.50550079345705,121.03900146484375,115.00550079345703,120.2040023803711,45840000,39.46997799184615,-4.619051373174642,123.69237518310547,130.81618057250978,-0.1467799070490936,6.491925433648365
2022-05-06,114.72915649414062,115.74649810791016,117.57150268554688,114.0155029296875,115.18450164794922,39710000,38.75094785641496,-4.636545438585657,122.68527488708496,130.47729064941407,-0.14822450261290976,6.04745794548197
2022-05-09,111.5221176147461,112.51100158691406,115.0770034790039,112.00050354003906,113.25,40802000,35.76031022326248,-4.855515777108664,121.64644966125488,130.0383206176758,-0.1558773595813686,5.9133594417910516
2022-05-10,113.38954162597656,114.3949966430664,116.25,112.90049743652344,115.50749969482422,39900000,38.72571004085793,-4.821450017601904,120.9250244140625,129.62508041381835,-0.11200211736298049,5.871666967889159
2022-05-11,112.60401153564453,113.60250091552734,116.364501953125,113.23650360107422,113.23650360107422,37534000,37.932491163926656,-4.803034053033031,120.21942443847657,129.21590057373047,-0.11049645470568781,5.860743288571895
2022-05-12,111.85218811035156,112.84400177001952,114.29499816894531,109.82450103759766,111.37750244140625,53836000,37.148205386657274,-4.794377214302671,119.3669246673584,128.78135055541992,-0.13126084184714837,5.61427836844262
2022-05-13,115.0304946899414,116.05049896240234,117.875,113.6050033569336,114.53299713134766,35038000,42.55540721880666,-4.477169063605302,118.83294944763183,128.42437042236327,-0.08426973969575735,5.380097197962037
2022-05-16,113.43911743164062,114.44499969482422,116.16999816894531,113.8895034790039,114.95549774169922,25990000,40.66880541661182,-4.305696305189315,118.17137451171875,128.07514053344727,-0.10363300123921304,5.0380425822099975
2022-05-17,115.44928741455078,116.4729995727539,116.9000015258789,114.87000274658203,116.84049987792969,23054000,44.04338317114454,-3.9605060192429136,117.4945743560791,127.87703048706055,-0.10411589069360483,4.204317679049967
2022-05-18,110.9159927368164,111.89949798583984,115.4000015258789,111.55549621582031,115.0,35126000,38.69787435791479,-4.0097615512126055,116.68754959106445,127.57293045043946,-0.12605823294776008,3.57566847289164
2022-05-19,109.41381072998047,110.38400268554688,113.01000213623047,110.0,111.43150329589844,34144000,37.09140620659525,-4.12355099136937,115.96602478027344,127.11221054077149,-0.11561554421032294,3.294318338392169
2022-05-20,107.95077514648438,108.90799713134766,112.18350219726562,105.79650115966797,111.95099639892578,48962000,35.54377785590326,-4.283454260871395,115.42964973449708,126.64178039550781,-0.08966820960885824,3.5302817050464577
2022-05-23,110.50809478759766,111.48799896240234,112.14749908447266,108.74099731445312,109.5875015258789,37184000,40.237715087080865,-4.154108194774636,114.85034980773926,126.27413040161133,-0.09413847580099999,3.138753351306508
2022-05-24,105.03860473632812,105.97000122070312,106.45850372314453,101.8844985961914,105.77200317382812,76780000,34.45797430766861,-4.445610576005052,114.21634979248047,125.87451049804687,-0.10686894346486908,3.5804130669339718
2022-05-25,104.87504577636719,105.80500030517578,106.5,103.85649871826172,104.9854965209961,40258000,34.29932065077902,-4.636495869934137,113.79187469482422,125.40665054321289,-0.07427743054463876,4.043896681788455
2022-05-26,106.84508514404297,107.7925033569336,108.64949798583984,105.2249984741211,105.677001953125,37948000,38.00222570329532,-4.574665063385808,113.25537490844727,124.89689056396485,-0.09053129836463913,4.094707212750845
2022-05-27,111.32930755615234,112.31649780273438,112.31800079345703,109.13849639892578,109.48300170898438,37914000,45.52790545370244,-4.113200742768285,113.16572494506836,124.4664404296875,-0.01571297143193351,4.0946508060002165
2022-05-31,112.76211547851562,113.76200103759766,115.73500061035156,112.07849884033203,112.74649810791016,50012000,47.71191271657752,-3.589469740725363,113.02467498779296,124.01917037963867,-0.02419734559135689,4.018621212591758
2022-06-01,112.89097595214844,113.89199829101562,117.10150146484375,113.25,114.8550033569336,36606000,47.91416778006281,-3.1278633942284557,112.85257492065429,123.57498031616211,-0.029335072131831064,3.8961966251926876
2022-06-02,116.58869171142578,117.62249755859376,117.89949798583984,112.94650268554688,114.0,37992000,53.475694318304676,-2.4329711482006786,112.62064971923829,123.13007034301758,-0.03793935897885503,3.4150171330200845
2022-06-03,113.53426361083984,114.54100036621094,116.32150268554688,113.51850128173828,116.0625,26136000,48.83693044419966,-2.1066311742299746,112.52242469787598,122.65538040161132,-0.01686186844283699,3.3244486206827486
2022-06-06,115.79373168945312,116.82050323486328,119.34700012207031,116.16400146484375,116.70449829101562,33542000,52.14401389402071,-1.6451038298962715,112.57612495422363,122.16035034179687,0.009278942728373707,3.3873477390975424
2022-06-07,116.1198501586914,117.14949798583984,117.69100189208984,115.052001953125,115.48049926757812,31590000,52.62002479657401,-1.2385161146863055,112.80804977416992,121.66988021850585,0.04122704743093575,3.5380940958971365
2022-06-08,116.16393280029297,117.19400024414062,118.57050323486328,116.5999984741211,116.7614974975586,26108000,52.688577470801754,-0.902300304504223,112.94799995422363,121.1846501159668,0.02446788481324602,3.657512290150363
2022-06-09,113.826171875,114.83550262451172,118.29900360107422,114.7760009765625,116.32749938964844,25798000,48.669515775410204,-0.8167429949074148,113.00965003967285,120.63125030517578,0.010853649339121585,3.679450810427086
2022-06-10,110.1844711303711,111.1614990234375,113.27899932861328,110.36599731445312,112.44499969482422,41452000,43.14800708779668,-1.0334862106091975,112.92552490234375,120.01571014404297,-0.014909988304128263,3.702598583325648
2022-06-13,105.45738220214844,106.39250183105467,108.79149627685547,106.11900329589844,106.7864990234375,47252000,37.24185986387896,-1.5719544751740955,112.44262504577637,119.36221008300781,-0.08322236627760327,3.898222072879066
2022-06-14,105.77754974365234,106.71549987792967,107.92449951171875,105.80000305175781,106.53500366210938,33706000,37.86223823144476,-1.9501510835562783,112.05615005493163,118.69351013183594,-0.06753899110931727,4.068685105988812
2022-06-15,108.79974365234375,109.7645034790039,111.42350006103516,107.66950225830078,108.54499816894531,39698000,43.53635437146465,-1.9810096651539908,111.72072525024414,118.02937026977538,-0.05759700633072129,3.9604801657061524
2022-06-16,105.10155487060547,106.03350067138672,108.64849853515625,105.13800048828125,107.22100067138672,51684000,38.86009304424263,-2.2802408614276004,111.42742538452148,117.33822021484374,-0.052422016363249724,4.158787318253073
2022-06-17,106.2017822265625,107.14350128173828,108.69950103759766,105.0459976196289,106.03350067138672,51376000,40.894133684998685,-2.400148549289952,111.26540031433106,116.7501301574707,-0.02935662165685249,4.263387333373692
2022-06-21,110.56360626220703,111.54399871826172,112.489501953125,108.5999984741211,108.92949676513672,47416000,48.24517605924337,-2.1157043662196884,111.39720039367675,116.26324005126953,0.02420393043988245,4.2272661416737085
2022-06-22,110.50760650634766,111.4875030517578,113.34649658203125,110.38249969482422,110.55650329589844,30774000,48.162358175298216,-1.8732454227806699,111.39717559814453,115.82723999023438,-4.4481078605995705e-06,4.227265582507239
2022-06-23,111.25546264648438,112.24199676513672,112.74250030517578,110.50050354003906,112.23149871826172,28362000,49.411318849241155,-1.601749653232332,111.71077537536621,115.49560989379883,0.059186519507260726,4.0315748292404106
2022-06-24,116.9380874633789,117.9749984741211,118.0790023803711,112.95249938964844,112.99500274658203,41164000,57.74269034986466,-0.9134522655107418,112.31927528381348,115.30081985473633,0.11502290188406139,4.011661852460352
2022-06-27,114.81539916992188,115.83350372314452,118.57949829101562,115.17949676513672,118.27300262451172,36420000,54.15495059302063,-0.5346097080801542,112.72132530212403,115.01960998535156,0.07459702776903443,3.9363383910790852
2022-06-28,111.02303314208984,112.00749969482422,117.30950164794922,111.8479995727539,115.80249786376953,35792000,48.37221916490361,-0.5369116188130079,112.70587539672852,114.72515991210938,-0.0027511373124620153,3.938616684455935
2022-06-29,110.71971893310547,111.70149993896484,113.1604995727539,110.87249755859375,111.552001953125,24716000,47.93138506835387,-0.5570066961359288,112.60285034179688,114.40565994262695,-0.018112384450338803,3.936485286504088
2022-06-30,108.00528717041016,108.96299743652344,110.88800048828125,106.75,110.0,43170000,44.0613597439052,-0.7848590880094974,112.35640029907226,113.98473983764649,-0.04327785031831344,4.005222157398943
2022-07-01,107.78177642822266,108.7375030517578,109.25,106.73049926757812,107.93299865722656,35476000,43.748131719077215,-0.9724198121879368,111.91215057373047,113.59869003295898,-0.07553822347982275,3.881208212880007
2022-07-05,112.26750183105469,113.26300048828124,113.37699890136719,105.73149871826172,107.10050201416016,39342000,51.23987372466517,-0.747279047736825,111.84825057983399,113.36766006469726,-0.011157575661498331,3.8460098716149544
2022-07-06,113.56499481201172,114.5719985961914,115.5895004272461,111.47599792480469,113.302001953125,37432000,53.182165894298215,-0.45794920888644697,111.73582534790039,113.26639007568359,-0.019247517143042403,3.7239393746428386
2022-07-07,117.73898315429688,118.78299713134766,119.18949890136719,114.83350372314453,115.08000183105469,40936000,58.85956439079662,0.10987261875963839,111.81750030517578,113.18057006835937,0.013943714429790033,3.864195481025733
2022-07-08,118.30445861816406,119.35350036621094,119.68499755859375,116.90149688720703,117.25,38238000,59.57479807933215,0.5990053899955541,111.9254753112793,113.19464004516601,0.018426712268303946,4.0481282281762345
2022-07-11,114.6597900390625,115.67649841308594,117.99800109863281,115.33049774169922,117.99800109863281,31196000,53.159980351973616,0.6820807057858644,111.967525100708,113.22227996826172,0.007323482454063779,4.0841545703396385
2022-07-12,113.01834869384766,114.02050018310548,116.9739990234375,113.69000244140625,116.21499633789062,29960000,50.52152999639615,0.6072927815116174,112.1104751586914,113.13223999023438,0.02571934693922384,4.104441668576893
2022-07-13,110.3747787475586,111.35350036621094,114.19599914550781,111.20149993896484,111.70099639892578,43722000,46.51723717323583,0.3290254163420627,112.35852508544922,113.07712005615234,0.04662921211340665,3.884717718809748
2022-07-14,109.39744567871094,110.36750030517578,111.09300231933594,108.37300109863281,110.21050262451172,37004000,45.09422409173532,0.028604821481721387,112.54112510681152,112.95281005859376,0.03422183685990854,3.6862703599679634
2022-07-15,110.79505157470703,111.77749633789062,113.1405029296875,110.9000015258789,112.00050354003906,46770000,47.5645030579383,-0.0946151043202832,112.64177474975585,112.84167999267578,0.018339197054462852,3.6335721758781987
2022-07-18,108.07170104980469,109.02999877929688,113.68000030517578,108.37000274658203,112.63999938964844,43164600,43.46119831956227,-0.4092502918385179,112.79159965515137,112.57705993652344,0.028259918694910846,3.4010894362140927
2022-07-19,112.80968475341797,113.80999755859376,114.0199966430664,109.55999755859375,110.8499984741211,36530900,51.328108413623966,-0.2697850769662722,113.12492446899414,112.52314987182618,0.06222025785143659,3.1346517319601817
2022-07-20,112.8989028930664,113.9000015258789,115.4000015258789,112.4800033569336,113.16999816894531,35600400,51.4650485442385,-0.150263181006963,113.242724609375,112.48621994018555,0.021121735231744543,3.1163293934932117
2022-07-21,113.33502960205078,114.33999633789062,114.55000305175781,111.11000061035156,114.27999877929688,32676200,52.1734704258531,-0.019808967761491658,113.38534927368164,112.52279983520508,0.0255857670864561,3.096985253255443
2022-07-22,106.95164489746094,107.9000015258789,112.33999633789062,106.5,111.0,48901200,42.41504139770893,-0.4311072874845081,113.16824951171876,112.39289993286133,-0.03868423018474376,3.3251369132190787
2022-07-25,106.5650634765625,107.51000213623048,109.87000274658203,106.30000305175781,108.41000366210938,34690900,41.90389225137238,-0.779547719632788,112.64499969482422,112.2710499572754,-0.08870520426568351,3.3522128959715545
2022-07-26,104.0969467163086,105.0199966430664,107.19999694824219,104.06999969482422,106.5999984741211,47991000,38.6973972885149,-1.242291542341718,112.10432434082031,112.11456985473633,-0.09335388063477423,3.6680470318584724
2022-07-27,112.0662841796875,113.05999755859376,113.91000366210938,108.01000213623047,109.26000213623047,59858500,51.580886725807275,-0.9493153584124343,112.15694923400879,112.05475982666016,0.009396673139184353,3.6741297589756963
2022-07-28,113.2160873413086,114.22000122070312,114.33999633789062,111.45999908447266,112.37000274658203,32816600,53.111989499235186,-0.6164212998561283,112.2828742980957,112.05025985717774,0.022546709606535487,3.7007607129386173
2022-07-29,115.29763793945312,116.31999969482422,116.70999908447266,113.05999755859375,113.08000183105469,37223400,55.83476810109329,-0.18106087655756653,112.65072441101074,112.04719985961914,0.06751835422466801,3.7189945741999897
2022-08-01,113.85045623779297,114.86000061035156,116.72000122070312,114.33999633789062,115.30000305175781,26034300,53.50833664385154,0.04562968055952865,112.95684928894043,112.10640991210937,0.056305298418334315,3.6308679788459335
2022-08-02,114.11808776855469,115.12999725341795,116.3499984741211,113.72000122070312,114.0,20236000,53.89095179777659,0.24425443979264116,113.05019912719726,112.20132980346679,0.016483730406999797,3.663011437177507
2022-08-03,117.04216003417969,118.08000183105467,118.62000274658203,115.4800033569336,115.70999908447266,28499000,57.961759790463105,0.6324166027663409,113.22559928894043,112.38476989746094,0.03061832976508705,3.820327488511699
2022-08-04,117.15119171142578,118.19000244140624,118.77999877929688,116.88999938964844,117.4800033569336,21602900,58.11027095401385,0.9381002081695868,113.19594955444336,112.51880996704102,-0.004992252294204191,3.7769814320042214
2022-08-05,116.4375228881836,117.47000122070312,118.11000061035156,116.0,116.2300033569336,19159500,56.698358147683,1.109469314931772,113.10177459716797,112.74880996704101,-0.015780845469371974,3.636227753355543
2022-08-08,116.26902770996094,117.3000030517578,120.1500015258789,116.87999725341797,118.38999938964844,19138300,56.35022424410092,1.2175282276651131,113.18294982910156,112.97871002197266,0.01403487018490357,3.7140205500258583
2022-08-09,115.60490417480469,116.62999725341795,117.31999969482422,115.70999908447266,117.13999938964844,19086500,54.918968606617334,1.2348670474300718,113.31342468261718,113.15545989990234,0.022886209638809607,3.790050658432938
2022-08-10,118.64791870117188,119.6999969482422,120.91999816894531,118.41000366210938,118.77999877929688,30930400,59.93983587386107,1.4792792944406727,113.73074951171876,113.3031298828125,0.07495495475743419,4.0156863318124065
2022-08-11,117.79547119140625,118.83999633789062,121.48999786376953,118.55999755859375,121.27999877929688,24293700,57.99136751575085,1.5853084501680286,114.1543743133545,113.40468978881836,0.0767662220244878,4.0884483998650225
2022-08-12,120.61052703857422,121.68000030517578,121.68000030517578,119.45999908447266,120.26000213623047,19096300,62.34458277382309,1.876866555889805,114.64949951171874,113.56044982910156,0.08859121282651583,4.3750206884698954
2022-08-15,121.00701141357422,122.08000183105467,122.30000305175781,120.61000061035156,121.12999725341797,19494800,62.9272938485327,2.115815432170521,115.30199966430663,113.64959991455078,0.11969185726741283,4.465032337477553
2022-08-16,120.63034057617188,121.6999969482422,122.43000030517578,120.63999938964844,121.5199966430664,19041200,61.94655099617512,2.2486004536228563,115.69649963378906,113.79277984619141,0.06932606588965395,4.6701147070498
2022-08-17,118.49923706054688,119.5500030517578,121.29000091552734,119.37999725341797,120.12000274658203,22847000,56.57416755530482,2.155499741324661,115.978999710083,113.8473698425293,0.04960492932561711,4.726272668713346
2022-08-18,119.1137924194336,120.16999816894533,120.81999969482422,118.72000122070312,119.43000030517578,17987700,57.71308335023948,2.107451788145042,116.27049980163574,113.9077798461914,0.05098829821391848,4.799090392992453
2022-08-19,116.1798095703125,117.20999908447266,119.1500015258789,116.76000213623047,119.05999755859375,21809500,50.85552381842718,1.8096655526971404,116.73599967956542,113.90809982299805,0.08628357207539827,4.377440481383806
2022-08-22,113.23590850830078,114.23999786376952,115.62999725341797,113.8499984741211,115.19999694824219,21456600,45.068938356716124,1.318811105008706,117.07249946594239,113.89618972778321,0.06259878703203059,3.858852232296547
2022-08-23,112.85926055908203,113.86000061035156,115.01000213623047,113.43000030517578,113.4800033569336,15870400,44.37325117267006,0.8888961744387274,117.51449966430664,113.95015975952148,0.0841744834303304,2.7536971468800013
2022-08-24,112.69074249267578,113.69000244140624,114.77999877929688,112.87000274658203,113.5,17734600,44.0456928861816,0.5283772589544782,117.54599990844724,114.09610977172852,0.005572305823604573,2.703199432334724
2022-08-25,115.6247329711914,116.6500015258789,116.72000122070312,114.11000061035156,114.23999786376953,16956800,50.84916015894793,0.47602330901503365,117.66749992370603,114.2947998046875,0.021274735415913515,2.5984181119436007
2022-08-26,109.37017059326172,110.33999633789062,115.12000274658203,110.19000244140625,114.72000122070312,37245700,39.7526645685857,-0.07378174720457764,117.36849975585935,114.30630966186523,-0.05140993270824157,3.0639867985398577
2022-08-29,108.45829010009766,109.41999816894533,110.94999694824219,108.80000305175781,109.98999786376953,21191200,38.43568623555565,-0.577090044076499,117.09649963378907,114.3740396118164,-0.047362026924070544,3.5077261724500914
2022-08-30,107.98249053955078,108.94000244140624,110.5,107.80000305175781,110.16999816894531,27513300,37.73330591563268,-1.00313363904678,116.78699989318845,114.40996963500976,-0.053765265002018836,3.937165879996997
2022-08-31,107.26882934570312,108.22000122070312,110.8499984741211,108.12999725341797,110.6500015258789,28627000,36.651353267761834,-1.3829327508425848,116.29399986267087,114.3434896850586,-0.08350271390119846,4.361221821841741
2022-09-01,108.77545928955078,109.73999786376952,110.44999694824219,107.36000061035156,108.27999877929688,28360900,40.52828320474794,-1.5434829466676945,115.87149963378904,114.30853958129883,-0.0714950875969893,4.572082603675351
2022-09-02,106.90206146240234,107.8499984741211,110.73999786376953,107.26000213623047,110.58999633789062,24160700,37.45851956009342,-1.802449769959395,115.39049949645994,114.22069961547851,-0.08189327187038953,4.890037661305583
2022-09-06,105.8712158203125,106.80999755859376,108.02999877929688,105.77999877929688,107.30000305175781,25068300,35.849410461976206,-2.0677663026093853,114.86599922180173,113.99739959716797,-0.08942885950766255,5.225512803676956
2022-09-07,108.48800659179688,109.4499969482422,109.9800033569336,106.9000015258789,107.05999755859375,23167000,42.591102029345,-2.041472850638314,114.50699920654297,113.86972946166992,-0.06156220933088752,5.343256785888759
2022-09-08,107.42742156982422,108.37999725341795,109.5999984741211,107.16000366210938,108.04000091552734,24238300,40.72311552253439,-2.0829640208960853,113.94099922180173,113.7971794128418,-0.09456975758920838,5.36373434451828
2022-09-09,109.67745971679688,110.6500015258789,110.98999786376953,109.0199966430664,109.06999969482422,23197700,46.121886927398776,-1.9106509043957942,113.53149948120115,113.77614944458008,-0.068916148303519,5.282044902023275
2022-09-12,109.88561248779297,110.86000061035156,111.62000274658203,109.93000030517578,110.98999786376953,22966800,46.60636537817768,-1.7371218872436742,112.99049949645993,113.81408950805664,-0.08892175926764834,4.947009673379195
2022-09-13,103.4030990600586,104.31999969482422,108.30000305175781,104.08999633789062,107.80000305175781,38172900,35.80744169632925,-2.1030793184942667,112.10249938964844,113.72573944091796,-0.14547839015278152,4.821949921083156
2022-09-14,104.07713317871094,105.0,105.27999877929688,103.66000366210938,104.56999969482422,26395100,37.4307906496272,-2.3115863491923108,111.26749954223631,113.56047943115234,-0.13722265708309378,4.508248948646124
2022-09-15,102.00548553466797,102.91000366210938,105.2699966430664,102.3499984741211,104.02999877929688,34188300,34.53966833978707,-2.6153270486399833,110.43549957275391,113.3272395324707,-0.1391886153482098,4.434109755147112
2022-09-16,101.89647674560547,102.8000030517578,103.12999725341797,100.94000244140625,102.06999969482422,42797200,34.389114198311844,-2.832271211726564,109.56699981689451,113.00757965087891,-0.1445451891641647,4.116844504289326
2022-09-19,102.1640853881836,103.06999969482422,103.33000183105469,101.55000305175781,101.75,23036800,35.13646262764739,-2.9484269211170044,108.85999984741208,112.68190963745117,-0.1206381665395101,3.94580629091095
2022-09-20,100.25104522705078,101.13999938964844,102.37000274658203,100.5199966430664,102.08000183105469,26517100,32.30386187518418,-3.15979193804813,108.20499992370605,112.39117965698242,-0.11467085713484293,4.090373093478535
2022-09-21,98.40739440917969,99.27999877929688,102.87999725341797,99.2699966430664,101.66999816894531,31487300,29.809696338721196,-3.4377584024176855,107.47599983215332,112.09636962890625,-0.12805200907164893,4.322156374733055
2022-09-22,99.25983428955078,100.13999938964844,101.23999786376953,98.79000091552734,98.81999969482422,34298600,32.40826836100551,-3.547757624645925,106.79849967956542,111.872099609375,-0.11918376955564958,4.358673287733047
2022-09-23,97.87213897705078,98.73999786376952,99.66000366210938,97.47000122070312,99.62999725341797,31625400,30.433039598441496,-3.7051900985456143,105.90299949645996,111.63954956054687,-0.15353624884553507,4.057556790685823
2022-09-26,97.3071517944336,98.16999816894533,99.87999725341797,97.80000305175781,98.0999984741211,27072700,29.640931915137273,-3.831780301916851,105.2944995880127,111.36739959716797,-0.11029543749192727,4.264409016079825
2022-09-27,96.6430435180664,97.5,100.0,96.87000274658203,99.43000030517578,30072800,28.695487126277243,-3.940740796076099,104.69849967956543,111.13679962158203,-0.10893802201075486,4.484761733628181
2022-09-28,99.1706314086914,100.0500030517578,100.69999694824219,97.11000061035156,97.6500015258789,32466300,36.93974905041745,-3.7777809307207377,104.25399971008301,110.86159973144531,-0.08160454553349172,4.4828048028199685
2022-09-29,96.5637435913086,97.41999816894533,98.63999938964844,95.95999908447266,98.63999938964844,31047200,32.73579299581222,-3.8168551473109034,103.71399955749511,110.53199966430664,-0.09979673747861406,4.628047473313665
2022-09-30,94.80929565429688,95.6500015258789,98.9000015258789,95.55999755859375,97.05000305175781,32941500,30.24139038404543,-3.945168238418887,103.00949974060059,110.15819976806641,-0.1283943558608579,4.7336791839587615
2022-10-03,97.77301788330078,98.63999938964844,99.29000091552734,96.5199966430664,96.76000213623047,27982000,38.734088808106144,-3.762220907693745,102.54899978637695,109.9729997253418,-0.08539637658578758,4.685742961295055
2022-10-04,100.74665069580078,101.63999938964844,101.83999633789062,100.37999725341797,100.44000244140625,28850800,45.85653232501689,-3.336695552764425,102.29049987792969,109.85559967041016,-0.048403691481306965,4.579710922503531
2022-10-05,100.53849792480469,101.43000030517578,101.93000030517578,98.80000305175781,99.83000183105469,22176900,45.458147597257984,-2.982033785096661,101.88950004577637,109.78379974365234,-0.07327543962252459,4.259771024532062
2022-10-06,100.5285873413086,101.41999816894533,102.93000030517578,100.58999633789062,100.68000030517578,22324000,45.437899707527535,-2.6709794790152728,101.54150009155273,109.55099975585938,-0.06421848367645289,3.976504237687344
2022-10-07,97.81266784667969,98.68000030517578,100.52999877929688,98.30000305175781,99.8499984741211,27502800,40.16061494940696,-2.615412778437218,100.94300003051758,109.24019973754883,-0.10817895215214768,3.3911531130101196
2022-10-10,96.9998779296875,97.86000061035156,99.0999984741211,97.01000213623047,99.0,18225100,38.711572065248,-2.6074854214069205,100.29300003051758,108.87099975585937,-0.11726501829719571,2.525725056983313
2022-10-11,96.32585906982422,97.18000030517578,99.25,96.30999755859375,97.43000030517578,26507100,37.503122814812976,-2.6258046341589676,99.93600006103516,108.51739974975585,-0.06844324588320227,2.4293329779291954
2022-10-12,96.70252227783203,97.55999755859376,98.75,96.73999786376953,97.30000305175781,21876400,38.65556412833268,-2.579920422975121,99.56399993896484,108.16599975585937,-0.0708571661086308,2.168738735190433
2022-10-13,98.18932342529297,99.05999755859376,99.77999877929688,94.37999725341797,95.1500015258789,34574500,43.114750781263496,-2.3949123324695307,99.37149963378906,107.78559967041015,-0.037411388266553436,2.0220140618889624
2022-10-14,95.71131134033203,96.55999755859376,100.69000244140625,96.37000274658203,99.98999786376953,25410700,38.138750785689574,-2.4221007250082494,99.05949935913085,107.3529995727539,-0.06070044073853109,1.9451058862683714
2022-10-17,99.09134674072266,99.97000122070312,100.93000030517578,98.83000183105469,98.86000061035156,28419200,47.10602087757058,-2.1437768005326063,98.90449943542481,107.00299957275391,-0.030076632223729027,1.7190833303563386
2022-10-18,99.88429260253906,100.7699966430664,103.47000122070312,99.97000122070312,103.12999725341797,24060700,48.97474042140886,-1.8374689422445556,98.8859992980957,106.67239944458008,-0.003658322610390452,1.6955899008004383
2022-10-19,98.75432586669922,99.62999725341795,101.0199966430664,98.91999816894531,100.01000213623047,23811100,46.45601050995024,-1.6674844582330763,98.90349922180175,106.33239944458008,0.003525367429739079,1.7016655856445801
2022-10-20,99.09134674072266,99.97000122070312,102.31999969482422,99.38999938964844,100.0,25323200,47.32610996920816,-1.4881802359536493,98.89499931335449,105.9377995300293,-0.0016976050527406361,1.6955778152172092
2022-10-21,100.24114227294922,101.12999725341795,101.30999755859375,97.72000122070312,97.8499984741211,32458700,50.29384771725854,-1.238205104937478,99.01449928283691,105.58359954833985,0.024204977125337646,1.7668032969219114
2022-10-24,101.6189193725586,102.5199966430664,102.75,99.9800033569336,101.80000305175781,27176400,53.6628567287745,-0.9173619016344787,99.23199920654297,105.20039947509765,0.04431087455695959,1.9185999443843433
2022-10-25,103.56169891357422,104.4800033569336,104.81999969482422,102.72000122070312,102.9000015258789,40611400,57.98702959776297,-0.4991809429360643,99.58099937438965,104.84839950561523,0.0715897780198318,2.201018820947731
2022-10-26,94.09562683105469,94.93000030517578,98.30999755859375,94.69000244140625,96.43000030517578,88114100,38.92606336580592,-0.9276812222392294,99.32499923706055,104.31299957275391,-0.051174438684757906,2.4294931206166224
2022-10-27,91.4094467163086,92.22000122070312,95.43000030517578,91.80000305175781,94.5199966430664,60710900,35.37275236538889,-1.4690112116541627,99.06499938964843,103.76639953613281,-0.05337709963024628,2.880481218652439
2022-10-28,95.44367980957031,96.29000091552734,96.55000305175781,92.12999725341797,92.2699966430664,43697300,43.6868058285389,-1.5517169403932343,99.09699935913086,103.28879959106445,0.006691054672647079,2.8438687060713446
2022-10-31,93.67932891845703,94.51000213623048,96.02999877929688,93.9800033569336,95.41999816894531,31675000,41.19100701942467,-1.7408256966951967,98.89049949645997,102.8347996520996,-0.041869396583262386,3.023095710440491
2022-11-01,89.67483520507812,90.47000122070312,96.02999877929688,90.37000274658203,95.44999694824219,47161400,36.143918135070756,-2.191428633535722,98.33199958801269,102.35939971923828,-0.10989766072433615,3.484927277122762
2022-11-02,86.20559692382812,86.97000122070312,91.18000030517578,86.87999725341797,90.94000244140625,57038300,32.43594665324295,-2.798693856034305,97.60899963378907,101.82159973144532,-0.14256136291990906,4.228925857079877
2022-11-03,82.69670867919922,83.43000030517578,86.5199966430664,83.33999633789062,86.31999969482422,61288000,29.175754048317657,-3.5249707403583415,96.70949974060059,101.2163996887207,-0.17738116928183956,5.181600926953063
2022-11-04,85.81902313232422,86.58000183105469,86.63999938964844,83.70999908447266,85.4000015258789,51124900,35.398098580803136,-3.8025383115921443,96.10449981689453,100.61499969482422,-0.12261854921666882,5.626694516361623
2022-11-07,87.71222686767578,88.48999786376953,88.9000015258789,86.8499984741211,87.27999877929688,34078900,38.903172178099766,-3.8243076561132625,95.63599967956543,100.17799972534179,-0.09574905669468059,5.858161835886872
2022-11-08,88.11862182617188,88.9000015258789,90.31999969482422,87.58999633789062,88.9000015258789,30429000,39.66000002013454,-3.7650747118961476,95.22199974060058,99.76759979248047,-0.08520270377953354,6.033262868721191
2022-11-09,86.55252075195312,87.31999969482422,89.44000244140625,87.27999877929688,88.44999694824219,31769100,37.72083709972337,-3.8018003323014113,94.7099998474121,99.33519973754883,-0.1049610303405295,6.2548400170239065
2022-11-10,93.11434936523438,93.94000244140624,94.38999938964844,91.61000061035156,92.25,51620100,48.97747716490699,-3.259157219418043,94.45400009155273,99.0495997619629,-0.051685798943807426,6.171654847388878
2022-11-11,95.56261444091797,96.41000366210938,96.93000030517578,93.91999816894531,94.69000244140625,33090500,52.43212250141497,-2.5998309541750757,94.44650039672851,98.78299987792968,-0.0015533751064292778,6.169051566101091
2022-11-14,94.85887145996094,95.6999969482422,96.79000091552734,94.51000213623047,95.08999633789062,30179500,51.35570632183827,-2.1102758009835014,94.23300018310547,98.5399998474121,-0.04271285606003006,6.040378572603297
2022-11-15,97.57479095458984,98.44000244140624,100.13999938964844,96.70999908447266,98.26000213623047,41640800,55.179813851298604,-1.4840965299287916,94.11650047302246,98.37259994506836,-0.023121904130980142,5.9291092538679635
2022-11-16,97.98118591308594,98.8499984741211,99.63999938964844,97.63999938964844,97.9000015258789,29105200,55.74049716230441,-0.9438812177470908,94.07750053405762,98.16059997558594,-0.007828955142022753,5.89339206683812
2022-11-17,97.49549102783203,98.36000061035156,99.27999877929688,96.79000091552734,96.97000122070312,26052600,54.857260065910026,-0.5489672703527475,93.99700050354004,97.96020004272461,-0.01610483735813084,5.819196763521538
2022-11-18,96.57365417480469,97.43000030517578,98.9000015258789,96.37000274658203,98.7699966430664,28342300,53.13629781768269,-0.30749377727602223,93.81200065612794,97.69580001831055,-0.03658654255641369,5.636438379968334
2022-11-21,94.7597427368164,95.5999984741211,98.4000015258789,95.36000061035156,97.29000091552734,21647400,49.82400314453856,-0.26078399255899853,93.46600074768067,97.39059997558594,-0.06749900893030636,5.274530350597543
2022-11-22,96.1969985961914,97.0500030517578,97.22000122070312,94.05000305175781,95.94999694824219,23438500,52.35813362624871,-0.10554622919364931,93.09450073242188,97.2452000427246,-0.07111408945683884,4.686875919328061
2022-11-23,97.59459686279297,98.45999908447266,98.76000213623047,97.08999633789062,97.08999633789062,18868100,54.75129674766042,0.12975992111481105,93.27100067138672,97.11440002441407,0.03718528144894995,4.824094030546637
2022-11-25,96.60338592529297,97.45999908447266,98.63999938964844,97.4000015258789,98.23999786376953,9701400,52.728304877245876,0.23286576627253908,93.53300056457519,97.00539993286132,0.05682062236400376,4.905614453033678
2022-11-28,95.2057876586914,96.0500030517578,97.58000183105469,95.61000061035156,97.04000091552734,26237500,49.92713805427943,0.19851464216219483,93.52100067138672,96.87039993286133,-0.00249244845246277,4.898804261788615
2022-11-29,94.35334777832031,95.19000244140624,96.12000274658203,94.11000061035156,95.7300033569336,20061700,48.243684327488445,0.10073505586920817,93.55500068664551,96.71279998779296,0.007195008885890974,4.908380072044143
2022-11-30,100.10237884521484,100.98999786376952,101.04000091552734,94.41999816894531,94.81999969482422,43647500,58.425121296408186,0.48565683755617783,94.08100051879883,96.7097999572754,0.11628160164829304,5.119519655467475
2022-12-01,100.10237884521484,100.98999786376952,102.25,100.25,101.0199966430664,28687100,58.425121296408186,0.7816991811849334,94.78200035095215,96.74399993896485,0.1612049723615383,5.054024277498612
2022-12-02,99.55722045898438,100.44000244140624,100.7699966430664,98.9000015258789,99.05000305175781,21480700,57.187890862475605,0.9608586568173934,95.63250045776367,96.75,0.20388352000491605,4.436678110905193
2022-12-05,98.60565185546875,99.4800033569336,101.37999725341797,99.0,99.4000015258789,24405100,54.99862148037098,1.013694687604925,96.27750053405762,96.76480010986329,0.14899516346801356,3.9638709532084047
2022-12-06,96.12760925292969,96.9800033569336,99.77999877929688,96.41999816894531,99.30000305175781,24910700,49.666361208809754,0.8441081625797153,96.70200080871582,96.74100021362305,0.0959431088046181,3.5152112196237764
2022-12-07,94.10556030273438,94.94000244140624,96.87999725341797,94.72000122070312,96.41000366210938,31045400,45.76705335702131,0.5388866450098533,97.00400085449219,96.68980026245117,0.0679415164438335,3.0365046849855752
2022-12-08,92.88636016845703,93.70999908447266,95.58000183105469,93.44999694824219,95.37999725341797,32213300,43.54709422053486,0.19549189314122373,97.32350082397461,96.56300018310547,0.07317910458063359,2.1790367008250433
2022-12-09,92.01409149169922,92.83000183105467,94.26000213623047,92.75,93.7699966430664,28225400,41.97826309603029,-0.14597661806145368,97.26800079345703,96.47120025634766,-0.011816058989820744,2.281477876913712
2022-12-12,92.4898681640625,93.30999755859376,93.55999755859375,91.61000061035156,92.70999908447266,29420000,43.18067651074076,-0.3735551187377979,97.11300048828124,96.42440017700196,-0.03215440292254612,2.442462232555943
2022-12-13,94.78948211669922,95.62999725341795,99.52999877929688,95.02999877929688,97.76000213623047,40593700,48.712977650891396,-0.36252912374054347,97.10950050354003,96.36420013427734,-0.0007314492900361014,2.4446427786011617
2022-12-14,94.2343978881836,95.06999969482422,96.87000274658203,93.5999984741211,95.19999694824219,28733600,47.5104858756426,-0.394431307562229,96.94100036621094,96.23280014038086,-0.034234078250738764,2.4641724371571554
2022-12-15,90.0614013671875,90.86000061035156,93.63999938964844,90.01000213623047,93.12999725341797,40107000,39.59681107115931,-0.7507713351575234,96.54150047302247,96.02140014648438,-0.08082951934350624,2.767414251630801
2022-12-16,89.46668243408203,90.26000213623048,91.33000183105469,89.5199966430664,90.76000213623047,58011800,38.60976214112572,-1.0692624449110042,96.13650054931641,95.79820022583007,-0.08235053297944595,3.064077357516559
2022-12-19,87.66268157958984,88.44000244140625,90.55999755859375,88.20999908447266,90.26000213623047,29493000,35.70250768682797,-1.4517923504883328,95.68700065612794,95.59340026855469,-0.09227135210520943,3.493639102796526
2022-12-20,88.23756408691406,89.0199966430664,89.18000030517578,87.44000244140625,88.11000061035156,23453800,37.322215129991974,-1.6886832820704711,95.35800056457519,95.41660018920898,-0.06882847213471344,3.798762411745059
2022-12-21,88.79265594482422,89.58000183105469,90.22000122070312,88.31999969482422,89.08000183105469,24745600,38.92206765565803,-1.81036455783439,94.98450050354003,95.26460021972656,-0.0769706438516986,3.9862505294873025
2022-12-22,86.9886474609375,87.76000213623047,88.54000091552734,86.31999969482422,88.16000366210938,27658300,35.73005945236579,-2.030253116406513,94.44950065612792,95.0686003112793,-0.10867354304017662,4.207158448040711
2022-12-23,88.44573974609375,89.2300033569336,89.55000305175781,87.06999969482422,87.11000061035156,23003000,40.00945073323675,-2.0621286348168297,94.03800086975097,94.87200042724609,-0.08444485742715613,4.29869546745807
2022-12-27,86.62189483642578,87.38999938964844,88.94000244140625,87.01000213623047,88.80000305175781,20097300,36.71416204800172,-2.210383233413836,93.60500068664551,94.68860046386719,-0.09016140954667962,4.516023282331244
2022-12-28,85.26394653320312,86.0199966430664,88.04000091552734,85.94000244140625,86.9800033569336,19523200,34.43970537988773,-2.410635537074299,93.14650039672851,94.40960037231446,-0.09633370693507848,4.8030169515794485
2022-12-29,87.6725845336914,88.44999694824219,88.8499984741211,86.61000061035156,86.62000274658203,23333500,41.37687889143869,-2.346210559334722,92.51950035095214,94.16320037841797,-0.12417072166337861,4.536312993263175
2022-12-30,87.45452117919922,88.2300033569336,88.30000305175781,86.56999969482422,86.9800033569336,23986300,40.954375351920326,-2.2865470534683823,91.88150062561036,93.93520050048828,-0.1263490917590524,4.164348430998511
2023-01-03,88.33670043945312,89.12000274658203,91.05000305175781,88.5199966430664,89.58999633789062,28131200,43.46927988596476,-2.142747522877869,91.31550064086915,93.71820053100586,-0.11270409617351373,3.681139388764703
2023-01-04,87.30583190917969,88.08000183105469,90.6500015258789,87.2699966430664,90.3499984741211,34854800,41.257869830884616,-2.088628333792002,90.7455005645752,93.45720062255859,-0.11459591014463255,3.2017783134324693
2023-01-05,85.44236755371094,86.19999694824219,87.56999969482422,85.9000015258789,87.47000122070312,27194400,37.54002444870381,-2.1723971269115765,90.20650024414063,93.13080062866212,-0.11115700181011268,2.9978804279774685
2023-01-06,86.57233428955078,87.33999633789062,87.69000244140625,84.86000061035156,86.79000091552734,41381500,41.011259114409924,-2.1223311630656525,89.82649993896484,92.78800048828126,-0.08005062047692779,2.8440265294390272
2023-01-09,87.24636840820312,88.0199966430664,90.05000305175781,87.86000061035156,88.36000061035156,29003900,43.04458214135026,-2.0046745441060665,89.54199981689453,92.64980041503907,-0.060719266855153164,2.716851246907899
2023-01-10,87.6428451538086,88.41999816894531,88.66999816894531,85.83000183105469,85.9800033569336,30467800,44.26168782391102,-1.8577391848043021,89.32149963378906,92.57380035400391,-0.04750623263086129,2.612921908480812
2023-01-11,90.71561431884766,91.5199966430664,91.5999984741211,89.01000213623047,89.18000030517578,26862000,52.69807624250553,-1.4741547465633005,89.2319995880127,92.4784002685547,-0.019183377583986472,2.497208181532146
2023-01-12,90.32903289794922,91.12999725341795,91.87000274658203,89.75,91.4800033569336,30258100,51.63914221652319,-1.187937206414091,89.00699958801269,92.41080017089844,-0.04705636441748573,2.05375710073617
2023-01-13,91.31033325195312,92.12000274658205,92.19000244140625,90.12999725341797,90.8499984741211,26329200,54.1574085656913,-0.8711801517836619,88.85949974060058,92.44380020141601,-0.03102973553919952,1.664428788029301
2023-01-17,90.48763275146484,91.29000091552734,92.25,90.05000305175781,92.05999755859375,32602400,51.72554678964861,-0.6792916635757535,88.88099975585938,92.5302001953125,0.004732558906969553,1.6941420408404324
2023-01-18,90.31912231445312,91.12000274658205,92.80000305175781,90.63999938964844,92.13999938964844,29116700,51.21825750703072,-0.5347715718919801,88.92399978637695,92.68400024414062,0.009528036671808904,1.7412447847992762
2023-01-19,92.2321548461914,93.0500030517578,93.61000061035156,90.62999725341797,90.72000122070312,37000400,56.441297477058875,-0.26148917859987364,89.15449981689453,92.81340026855469,0.05212574042391949,1.9646049401429608
2023-01-20,97.1584701538086,98.0199966430664,98.30000305175781,95.0199966430664,95.0999984741211,63191100,66.41390427411443,0.3520676174866537,89.60449981689453,93.00400024414063,0.10110088002009587,2.789668172277539
2023-01-23,98.91291809082031,99.79000091552734,100.04000091552734,97.5,97.94999694824219,40005100,69.12499451468534,0.9699592644460608,90.11499977111816,93.2218002319336,0.11397632145317904,3.601128113673091
2023-01-24,96.8412857055664,97.6999969482422,99.61000061035156,97.19999694824219,98.0999984741211,33078500,62.690107230361036,1.2762847766172172,90.61199951171875,93.42940017700195,0.1132633838885031,3.9299145805914875
2023-01-25,94.38309478759766,95.22000122070312,96.16000366210938,93.76000213623047,95.56999969482422,42330000,56.0254242842741,1.303904424393565,90.91149940490723,93.45500015258789,0.06712986258454601,4.045596086857472
2023-01-26,96.66287231445312,97.5199966430664,97.56999969482422,95.37999725341797,96.5,30114000,60.24644229322072,1.4941598582029627,91.41799926757812,93.47720001220704,0.11591712237290497,4.212203682743978
2023-01-27,98.49661254882812,99.37000274658205,100.31999969482422,97.30999755859375,97.30999755859375,33879800,63.29809447863347,1.773771754964244,92.0854995727539,93.55060012817383,0.15519654294931562,4.36671218774362
2023-01-30,96.08795928955078,96.94000244140624,98.29000091552734,96.4000015258789,97.4800033569336,27226200,57.09800681704595,1.7787808035242705,92.5099998474121,93.52060012817383,0.09598649842952622,4.407175013462136
2023-01-31,97.97126770019531,98.83999633789062,98.87999725341797,96.81999969482422,96.87000274658203,29870700,60.3668657086001,1.9140007301381559,93.04049949645996,93.52040008544923,0.12025379777029377,4.50241180073516
2023-02-01,99.54729461669922,100.43000030517578,101.19000244140625,97.58000183105469,98.70999908447266,35531100,62.913492625308606,2.1249682172670674,93.60599937438965,93.5618000793457,0.12690750908922643,4.690422232379684
2023-02-02,106.79303741455078,107.73999786376952,107.8499984741211,105.61000061035156,105.80000305175781,69883800,71.86439580345007,2.8491736808910275,94.5889991760254,93.76800003051758,0.22320612652148286,5.467168255238063
2023-02-03,103.85905456542969,104.77999877929688,107.80999755859375,102.58000183105469,102.93000030517578,65309300,65.02111494703703,3.147976625072772,95.51799926757812,93.95160003662109,0.2155452724924205,5.54469370339366
2023-02-06,101.99559020996094,102.9000015258789,104.36000061035156,101.87999725341797,102.4000015258789,31999600,61.04506812634328,3.196235827505788,96.29599952697754,94.06860000610351,0.17815440623321743,5.42720958822396
2023-02-07,106.69393157958984,107.63999938964844,108.18000030517578,103.12000274658203,103.22000122070312,49010200,66.59200369280086,3.575740891735421,97.27699966430664,94.25220001220703,0.22290392518581803,5.622250711221024
2023-02-08,98.49661254882812,99.37000274658205,103.13999938964844,98.04000091552734,102.05000305175781,94743500,52.53605915283157,3.1726099033888318,97.82449989318847,94.29040008544922,0.12384081434512595,5.234115893462588
2023-02-09,94.17493438720703,95.01000213623048,100.02999877929688,93.62999725341797,100.0,119455000,46.9138739348119,2.4728051213412243,97.99900016784667,94.26960006713867,0.03813380267894151,5.068421554424611
2023-02-10,93.7387924194336,94.56999969482422,96.75,94.25,95.44999694824219,54980700,46.37451207895018,1.8612449962476916,98.17100028991699,94.25720001220704,0.03774829962783999,4.877834972605431
2023-02-13,93.77845001220703,94.61000061035156,95.19999694824219,93.83999633789062,94.73999786376953,50076100,46.43480428263846,1.3640826351338688,98.29550018310547,94.12960006713867,0.027029936924984455,4.745237775417981
2023-02-14,93.84782409667969,94.68000030517578,94.8499984741211,92.26000213623047,94.43000030517578,54726100,46.5480610764556,0.9646068847300171,98.46500015258789,94.0034001159668,0.03713439977709365,4.537844166712723
2023-02-15,96.08795928955078,96.94000244140624,97.12000274658203,94.1500015258789,94.48999786376953,50169000,50.20850783876453,0.820919707848148,98.7560001373291,93.93340011596679,0.06387181210925164,4.217330006236158
2023-02-16,94.67053985595703,95.51000213623048,97.68000030517578,94.73999786376953,95.37000274658203,42462600,47.9700310532966,0.5849149756007819,98.87900009155274,93.85400009155273,0.026437388541560303,4.0756471604700675
2023-02-17,93.52073669433594,94.3499984741211,95.55999755859375,93.20999908447266,94.8499984741211,34284100,46.17174218613074,0.3008093807019634,98.69550018310547,93.80139999389648,-0.03744132110419651,4.197164582720907
2023-02-21,90.98323822021484,91.79000091552734,93.0999984741211,91.72000122070312,93.0,33629300,42.39458771310177,-0.12942482944222888,98.29550018310547,93.73839996337891,-0.08016835280693135,4.4603257400266045
2023-02-22,90.8444595336914,91.6500015258789,92.11000061035156,90.61000061035156,91.69999694824219,30884000,42.1913132594278,-0.4761960299608461,97.99300041198731,93.69720001220703,-0.06192421301270212,4.701475213643986
2023-02-23,90.09114074707031,90.88999938964844,91.94000244140625,89.76000213623047,91.91999816894531,41206400,41.04087748505366,-0.803083083628195,97.77650032043456,93.65839996337891,-0.04547365863836217,4.93003238871234
2023-02-24,88.34660339355469,89.12999725341797,89.88999938964844,88.58000183105469,89.44000244140625,36585100,38.42771192225674,-1.19043826094574,97.35700035095215,93.57479995727539,-0.08603363082913884,5.296353186191843
2023-02-27,89.08011627197266,89.87000274658203,90.16000366210938,89.33999633789062,89.87000274658203,27502300,40.15314474449289,-1.421323636757549,96.88200035095215,93.45960006713867,-0.09560229181262425,5.527282757128886
2023-02-28,89.26844024658203,90.05999755859375,91.2300033569336,89.31999969482422,89.33000183105469,30142000,40.613288488559576,-1.5708630358028302,96.53800010681152,93.35940002441406,-0.07097178367589774,5.733722375766304
2023-03-01,89.5657958984375,90.36000061035156,91.02999877929688,89.66999816894531,89.9800033569336,31111200,41.37971187738858,-1.6461900931960542,96.11400032043457,93.34940002441407,-0.08579518455817903,5.86653689702204
2023-03-02,91.1913833618164,92.0,92.27999877929688,89.58999633789062,89.66000366210938,32204400,45.519014019646704,-1.5556208553048663,95.69250030517578,93.38419998168945,-0.08393906481688351,5.842911790453006
2023-03-03,92.8268814086914,93.6500015258789,93.7300033569336,92.44999694824219,92.4800033569336,35160100,49.39098759545419,-1.3353101243478847,94.98800048828124,93.48839996337891,-0.1307777670063306,5.118367079390041
2023-03-06,94.29386138916016,95.12999725341795,95.97000122070312,94.0,94.0199966430664,32639300,52.64216077876154,-1.0294224551693816,94.5055004119873,93.61059997558594,-0.09209774420980077,4.572438919081362
2023-03-07,93.03504180908203,93.86000061035156,95.66999816894531,93.52999877929688,94.9800033569336,27835500,49.69212934679661,-0.879345837394709,94.05350036621094,93.69619995117188,-0.08785229136516415,4.123741887380617
2023-03-08,93.4216079711914,94.25,95.95999908447266,94.0,94.12000274658203,34103300,50.607506202900076,-0.7206323440962308,93.38400039672851,93.82599990844727,-0.12439613030076002,2.611520510217798
2023-03-09,91.50857543945312,92.31999969482422,95.52999877929688,91.9000015258789,94.05000305175781,28813500,46.133857331902746,-0.7420319694849979,93.03150024414063,93.88779983520507,-0.07094699463516241,2.2052031096355984
2023-03-10,89.83341979980469,90.62999725341795,92.79000091552734,90.4000015258789,92.16999816894531,35941000,42.584021512499945,-0.8851568625429564,92.8125,93.95259979248047,-0.04610046083918873,2.2158403310203973
2023-03-13,90.30921173095703,91.11000061035156,92.56999969482422,89.41999816894531,90.08999633789062,37335600,43.90428262451071,-0.9489136264934643,92.63950004577637,94.05439987182618,-0.03658664582465909,2.2064515259404245
2023-03-14,93.14408111572266,93.97000122070312,94.36000061035156,92.44000244140625,92.55999755859375,36050200,51.116891913903444,-0.7599034797429454,92.60750007629395,94.16479995727539,-0.006764606125353012,2.180861965403446
2023-03-15,95.2652587890625,96.11000061035156,96.93000030517578,92.63999938964844,93.22000122070312,50622100,55.70611032465803,-0.4324465361944476,92.67900009155274,94.32239990234375,0.015103509722925068,2.273844727831366
2023-03-16,99.43826293945312,100.31999969482422,101.19000244140625,95.5,96.19999694824219,65492000,63.05453275931883,0.1648765976683535,92.84799995422364,94.5463998413086,0.034866898785782086,2.693994704792275
2023-03-17,100.72683715820312,101.62000274658205,102.83999633789062,100.0999984741211,100.26000213623047,61028500,64.98621804426378,0.7346898195225435,93.15349998474122,94.81719985961914,0.06397236387490146,3.291853692460418
2023-03-20,100.3303451538086,101.22000122070312,101.75,99.87000274658203,100.12000274658203,32960400,63.879495779206174,1.140843192762432,93.49700012207032,95.11759994506836,0.07281402074920407,3.7498540363629913
2023-03-21,103.9978256225586,104.91999816894533,105.0999984741211,101.22000122070312,101.25,42110300,69.1184115486322,1.7412099147587412,94.15349998474122,95.46919998168946,0.14304387321557255,4.507992301869446
2023-03-22,102.46146392822266,103.37000274658205,106.58999633789062,103.33000183105469,104.2699966430664,43427400,64.87349973528683,2.068093496137024,94.73950004577637,95.77620010375976,0.12787780715305064,4.909316569841068
2023-03-23,104.6718521118164,105.5999984741211,106.30000305175781,104.45999908447266,105.05999755859375,40797800,67.92555486747023,2.4785222461813703,95.475,96.11980010986328,0.16184397825123087,5.3814445411143685
2023-03-24,104.51327514648438,105.44000244140624,105.48999786376953,103.83999633789062,104.98999786376953,30393300,67.47257941056226,2.759074748635669,96.29050025939941,96.39820022583008,0.18299120038806915,5.600659556902771
2023-03-27,101.5594482421875,102.45999908447266,104.76000213623047,101.93000030517578,104.62000274658203,31120900,59.51210401348117,2.7097173275138715,96.92000007629395,96.62480026245117,0.1400911978760282,5.548327813643203
2023-03-28,100.14201354980469,101.02999877929688,102.44999694824219,99.73999786376953,102.44000244140625,32057900,56.09216802155271,2.5260929153672294,97.4685001373291,96.80300018310547,0.12180770062275381,5.373964024922267
2023-03-29,100.49885559082031,101.38999938964844,102.48999786376953,100.6500015258789,102.27999877929688,28779600,56.765752953115644,2.382158248951413,98.02000007629394,97.0050001525879,0.1220672720760616,5.168093635544514
2023-03-30,100.00325012207031,100.88999938964844,101.16000366210938,99.77999877929688,100.91000366210938,33086200,55.4924386119874,2.2023557809737753,98.46450004577636,97.20040008544922,0.09663042814835254,5.002733649411049
2023-03-31,102.81829833984375,103.7300033569336,103.88999938964844,101.04000091552734,101.30000305175781,36863400,60.86246394154279,2.262939852957345,98.9685001373291,97.41400009155274,0.10763482826286142,4.999922855447279
2023-04-03,103.44275665283203,104.36000061035156,104.52999877929688,101.93000030517578,102.38999938964844,25035400,61.958940942302746,2.3348737090238956,99.43000030517578,97.54080017089844,0.09702516160434316,5.0526692659499
2023-04-04,103.7995834350586,104.72000122070312,105.58000183105469,104.04000091552734,104.33000183105469,24420100,62.60368028803518,2.3933418932747514,99.97300033569336,97.63940017700196,0.1157042461083666,5.00590230540289
2023-04-05,103.55179595947266,104.47000122070312,106.0999984741211,103.66000366210938,105.77999877929688,28290500,61.82010137004534,2.391932728305761,100.48400039672852,97.77480026245117,0.10843502621435674,4.911693687964419
2023-04-06,107.46707916259766,108.41999816894533,109.16999816894531,104.33000183105469,105.26000213623047,48711500,68.52369981150515,2.6786696607020133,101.28900032043457,98.03880020141601,0.17439339825976763,4.821763263633637
2023-04-10,105.50447082519531,106.44000244140624,107.58999633789062,105.12000274658203,106.9800033569336,27067400,62.59118825118275,2.7148465763574876,102.07950057983399,98.21720031738282,0.1744456103621037,4.243628547322719
2023-04-11,104.4240493774414,105.3499984741211,106.7300033569336,104.68000030517578,106.55000305175781,26311800,59.53541126206655,2.625300007741643,102.79150047302247,98.3368002319336,0.15629456446465695,3.4211927101789925
2023-04-12,103.72028350830078,104.63999938964844,106.75,104.33999633789062,106.58000183105469,24370300,57.56401499057508,2.468586387326951,103.32500038146972,98.49080017089844,0.11354685570222744,2.7366161181408115
2023-04-13,106.48575592041016,107.43000030517578,107.48999786376953,105.83999633789062,105.83999633789062,24843600,62.779682381168605,2.5402371977868228,103.89100036621093,98.66260025024414,0.1177817045358025,2.3019439245668045
2023-04-14,107.91311645507812,108.87000274658205,108.94000244140625,106.83999633789062,106.88999938964844,26578000,65.15980711518182,2.6822972902218396,104.31850051879883,98.83140029907227,0.08522730340676965,2.3958655408256355
2023-04-17,105.03860473632812,105.97000122070312,106.16000366210938,104.5199966430664,104.66000366210938,37571200,57.22357581532285,2.5316912888946064,104.53600044250489,98.79600036621093,0.0428065179743109,2.334666685441411
2023-04-18,103.5815200805664,104.5,106.54000091552734,104.06999969482422,106.48999786376953,26596400,53.65612507728188,2.2675788965861727,104.70000038146972,98.790400390625,0.032404650659360046,2.2008398839791394
2023-04-19,103.26433563232422,104.18000030517578,104.9800033569336,103.06999969482422,103.58000183105469,20905700,52.8832353040021,2.009284836967254,104.66300048828126,98.81600036621094,-0.0070529725189089065,2.2031657714618995
2023-04-20,104.36457061767578,105.29000091552734,106.25,103.87000274658203,103.91000366210938,27820800,55.28909371626058,1.8725669205762898,104.75900039672851,98.76900039672852,0.018574036160686758,2.1856206590682885
2023-04-21,104.48352813720703,105.41000366210938,106.0,104.77999877929688,105.47000122070312,25800100,55.55332638986931,1.7536848186232277,104.74950065612794,98.88980041503906,-0.0017991933215631972,2.182183096007356
2023-04-24,105.03860473632812,105.97000122070312,106.62999725341797,104.69999694824219,105.48999786376953,23542800,56.83530664689568,1.6852307283925825,104.77600059509277,99.10900039672852,0.005026543693333219,2.1941947594176066
2023-04-25,102.9372329711914,103.8499984741211,106.69000244140625,103.83999633789062,105.83000183105469,46664100,50.85515707554991,1.4432766696139652,104.84550056457519,99.29460037231445,0.013566263928056932,2.1382769036693166
2023-04-26,102.7984619140625,103.70999908447266,106.3499984741211,102.62999725341797,104.91999816894531,53347600,50.477440911884976,1.2260958839936507,104.97950057983398,99.47660034179688,0.026526777566634685,1.9634090100560289
2023-04-27,106.64435577392578,107.58999633789062,108.37000274658203,103.54000091552734,104.44999694824219,50089200,59.463457783826435,1.3514828455723915,105.2895004272461,99.73480026245117,0.06114998506327218,1.8532005753233358
2023-04-28,106.39656066894531,107.33999633789062,107.3499984741211,105.08999633789062,107.04000091552734,36139800,58.72406781171848,1.414375959680271,105.6120002746582,99.94280014038085,0.06393098411401099,1.5897946928576816
2023-05-01,106.2577896118164,107.1999969482422,107.98999786376953,106.81999969482422,106.83999633789062,26681700,58.28698292568329,1.4363649044973243,105.78549995422364,100.1766000366211,0.033452168890503176,1.5627114493411347
2023-05-02,104.39431762695312,105.31999969482422,107.19999694824219,103.70999908447266,107.13999938964844,30997200,52.62277532223628,1.2872525885742476,105.83349990844727,100.39600006103515,0.00919891796529404,1.5310443048377824
2023-05-03,104.48352813720703,105.41000366210938,107.48999786376953,104.95999908447266,105.52999877929688,21795400,52.85896224474039,1.1629369585196656,105.86800003051758,100.66840011596679,0.006589022472908823,1.5122917634599171
2023-05-04,103.76985168457031,104.69000244140624,105.5999984741211,103.97000122070312,105.48999786376953,23419500,50.682262685173136,0.9948498352183037,105.87900009155274,100.92920013427734,0.0021058793733363945,1.5023553227410604
2023-05-05,104.64212036132812,105.56999969482422,105.87999725341797,104.11000061035156,104.81999969482422,26639300,53.217928814741356,0.9220195356369629,105.73650016784669,101.22280014038085,-0.026286649347476487,1.3787302367784986
2023-05-08,106.8227767944336,107.7699966430664,107.95999908447266,105.16000366210938,105.18000030517578,26511400,58.90631944228175,1.0299497465297662,105.8029998779297,101.59560012817383,0.012495247756052263,1.4449329339261565
2023-05-09,106.40646362304688,107.3499984741211,110.1500015258789,107.19000244140625,108.38999938964844,36360100,57.469644621650744,1.0692690065836956,105.90299987792969,101.94520004272461,0.018984338196182282,1.480696615432491
2023-05-10,110.76779174804688,111.75,112.94000244140625,107.93000030517578,107.97000122070312,63153400,66.64706727584999,1.4388865655954106,106.25849990844726,102.37900009155274,0.06794725393562007,1.9428874555298188
2023-05-11,115.5454330444336,116.56999969482422,117.91999816894531,114.41000366210938,115.4000015258789,78900000,73.41476672779008,2.096576804686336,106.71549987792969,102.90320007324219,0.08507864994586711,3.013120928408314
2023-05-12,116.47716522216797,117.51000213623048,118.02999877929688,116.11000061035156,116.68000030517578,41102300,74.50141686564793,2.6629545166254616,107.1474998474121,103.4134001159668,0.079360697820132,3.843285147506317
2023-05-15,115.4859619140625,116.51000213623048,118.4800033569336,116.01000213623047,116.11000061035156,36266800,71.16873240516742,2.9965785984395836,107.67449989318848,103.87060012817383,0.09946211941222649,4.361079893444301
2023-05-16,118.4595947265625,119.51000213623048,120.75,116.43000030517578,116.48999786376953,45035600,74.80934935924748,3.463132182784676,108.425,104.35820022583007,0.14363638407876067,5.026759940400057
2023-05-17,119.77790069580078,120.83999633789062,121.66999816894531,118.88999938964844,119.61000061035156,33323600,76.24167026861274,3.8952961275432187,109.25799980163575,104.89780014038087,0.15991549226255053,5.630426424629197
2023-05-18,121.75041961669922,122.83000183105467,123.30999755859375,120.83000183105469,120.94999694824219,35234200,78.23571359485933,4.348242150640118,110.1349998474121,105.46940017700196,0.16658752742911864,6.305402758790366
2023-05-19,121.6810302734375,122.76000213623048,125.97000122070312,122.1500015258789,123.55000305175781,41353400,77.98775927316339,4.647977752617365,111.00249977111817,106.07820022583007,0.1645953692377844,6.795578851257928
2023-05-22,123.9509048461914,125.0500030517578,126.43000030517578,122.73999786376953,122.94000244140625,35253000,80.19873402908411,5.012523066486423,111.9564998626709,106.76660034179687,0.1800509730231754,7.367145879602821
2023-05-23,121.48278045654297,122.55999755859376,124.62999725341797,122.20999908447266,124.16000366210938,34046300,71.75871343062227,5.042379805060364,112.89199981689453,107.39560028076171,0.1801636914721294,7.470776487345005
2023-05-24,119.83737182617188,120.9000015258789,121.91000366210938,119.86000061035156,121.12000274658203,34182600,66.71780107974405,4.8758874830420496,113.75149993896484,107.93420028686523,0.16575067585725134,7.346612788710347
2023-05-25,122.39469909667969,123.4800033569336,125.31999969482422,121.95999908447266,124.5199966430664,42317000,70.2193941832899,4.8956912231626575,114.54600028991699,108.48160034179688,0.14769037605633684,7.502759863619776
2023-05-26,123.51477813720703,124.61000061035156,125.26000213623047,122.44999694824219,123.16999816894531,35635900,71.6273703783272,4.945557852040764,115.40950050354004,108.96740036010742,0.1608906732034674,7.622617532767689
2023-05-30,122.58303833007812,123.66999816894533,125.66000366210938,122.0,125.63999938964844,35076700,68.71691005193202,4.853281564787025,116.23300056457519,109.40840026855469,0.15363807546240027,7.578565650332245
2023-05-31,121.7900619506836,122.87000274658205,124.05999755859375,122.5,122.75,37325800,66.24967989844991,4.66185997766425,117.11050071716309,109.84140029907226,0.16663504654966577,7.257716650632416
2023-06-01,122.63258361816406,123.72000122070312,124.41999816894531,122.62000274658203,122.81999969482422,30772700,67.58152568530998,4.526565336370723,118.02600059509277,110.21740036010742,0.17370265555901354,6.847341526682855
2023-06-02,123.5742416381836,124.66999816894533,126.1500015258789,123.76000213623047,123.98999786376953,26980100,69.0514827155536,4.444763703463536,119.02500038146972,110.64340026855469,0.19084912848981594,6.228835657101026
2023-06-05,124.9024658203125,126.01000213623048,127.43000030517578,123.83999633789062,124.01000213623047,32305500,71.04579115673313,4.4369164305879,120.04700050354003,111.05160034179687,0.19361563418104644,5.544238357194969
2023-06-06,126.1910400390625,127.30999755859376,128.2899932861328,125.36000061035156,126.01000213623047,26638300,72.87215853460431,4.483908470653489,121.02400054931641,111.48900024414063,0.18131206759005214,4.957549909025801
2023-06-07,121.42330932617188,122.5,129.0399932861328,122.12000274658203,126.97000122070312,52539000,58.2352300633236,4.08592341508313,121.78150062561035,111.88980026245117,0.14112717038865275,3.7745186881970563
2023-06-08,121.06646728515625,122.13999938964844,123.2300033569336,121.23999786376953,122.2300033569336,29389200,57.307455404105276,3.6988305346499857,122.30100059509277,112.3120002746582,0.09297538603712252,2.9450471126584996
2023-06-09,121.15570068359375,122.2300033569336,123.76000213623047,121.91000366210938,122.25,23778300,57.48980002575234,3.360580525608043,122.58400077819825,112.72880035400391,0.04855454814212101,2.6192770661505373
2023-06-12,122.55329132080078,123.63999938964844,124.05000305175781,121.66000366210938,122.79000091552734,28306400,60.3471058655586,3.1697509367961914,122.89050064086913,113.1838003540039,0.05216574880418601,2.337817945371656
2023-06-13,122.74163055419922,123.83000183105467,125.16000366210938,123.18000030517578,124.9800033569336,22278300,60.73014998334941,2.9992749473059774,123.25650062561036,113.58580032348632,0.06282722135963237,1.7967110846208627
2023-06-14,122.58303833007812,123.66999816894533,124.05000305175781,121.44999694824219,123.0999984741211,30592300,60.20274331891938,2.818767541499426,123.4645004272461,113.9720002746582,0.03480876879219563,1.5661668703221792
2023-06-15,123.99054718017578,125.08999633789062,125.45999908447266,122.4000015258789,123.13999938964844,35246300,63.25280095656334,2.758497860495652,123.6770004272461,114.37940017700195,0.03517047441905108,1.4771199731889624
2023-06-16,122.44426727294922,123.52999877929688,126.11000061035156,123.27999877929688,125.93000030517578,45535600,57.994310197278466,2.5553979022088953,123.71200027465821,114.76060012817383,0.005698908554971904,1.4642312149321868
2023-06-20,122.01803588867188,123.0999984741211,124.56999969482422,122.13999938964844,122.93000030517578,26097500,56.597591860152235,2.3328506410048817,123.72900009155273,115.05420013427734,0.0027696019222394064,1.45453833944976
2023-06-21,119.4904556274414,120.5500030517578,122.66000366210938,120.0999984741211,122.4000015258789,30306300,49.0528706551086,1.9284866204313857,123.50400009155274,115.33640014648438,-0.03598560487949343,1.5819113554878719
2023-06-22,122.06759643554688,123.1500015258789,123.23999786376953,118.83000183105469,120.0,26952200,55.55801669323113,1.7971074327845287,123.53350028991699,115.69240020751953,0.004814001134449075,1.5688278588605726
2023-06-23,121.26470184326172,122.33999633789062,122.79000091552734,121.05999755859375,121.37999725341797,34913600,53.27575048821094,1.6090793655546207,123.60550003051758,116.04640014648437,0.011910626913461897,1.4716380571606178
2023-06-26,117.29986572265625,118.33999633789062,122.0,118.2699966430664,120.76000213623047,33969900,43.72375891362107,1.1243385223909712,123.34849967956544,116.26460006713867,-0.04162622999114418,1.8853653697078707
2023-06-27,117.28996276855469,118.33000183105467,119.08000183105469,116.0999984741211,117.08000183105469,39535900,43.70267465022996,0.7309455532998896,123.03449974060058,116.45380004882813,-0.050397229343847716,2.1662417830780623
2023-06-28,119.12369537353516,120.18000030517578,120.38999938964844,116.8499984741211,117.08999633789062,27091400,48.639677399258446,0.5619800506279233,122.85999984741211,116.73800003051758,-0.02822024674894763,2.2512542739345793
2023-06-29,118.05318450927734,119.0999984741211,120.05999755859375,118.30000305175781,119.23999786376953,24090900,46.09813828376991,0.3370413477594383,122.67149963378907,117.03,-0.030682869603547935,2.4030861076048318
2023-06-30,118.64791870117188,119.6999969482422,121.08000183105469,119.69000244140625,120.16999816894531,29532200,47.73213511324252,0.20482952039625957,122.47049942016602,117.34039993286133,-0.03249275972192778,2.4777333113959554
2023-07-03,118.8461685180664,119.9000015258789,120.19000244140625,118.81999969482422,119.23999786376953,14467900,48.29480810743686,0.11486529694147407,122.2319995880127,117.63259994506836,-0.03826098269932121,2.4844368859544432
2023-07-05,120.67991638183594,121.75,122.61000061035156,119.2300033569336,119.23999786376953,27584800,53.302431893578614,0.19064972610831887,122.01899948120118,117.95939987182618,-0.03380685710666809,2.3207048113155184
2023-07-06,119.05432891845703,120.11000061035156,120.30000305175781,118.4000015258789,119.80000305175781,24745200,48.791191570243356,0.11702618253649177,121.65899963378907,118.24219985961913,-0.05655484318840276,1.9918962644093627
2023-07-07,118.42986297607422,119.4800033569336,121.05000305175781,119.4000015258789,120.0999984741211,21709500,47.14065847390339,0.0077540961886342075,121.50799980163575,118.55479995727539,-0.0246530338209503,2.0387055749791014
2023-07-10,115.42647552490234,116.4499969482422,118.30999755859375,116.13999938964844,118.30000305175781,35315200,40.11235442594724,-0.31965621598737926,121.22349967956544,118.80959991455079,-0.04658590527132811,2.323056641175612
2023-07-11,116.11042022705078,117.13999938964844,117.70999908447266,115.3499984741211,116.29000091552734,23078800,42.224812150203185,-0.5174885311585626,120.96899948120117,119.00059997558594,-0.04164283586265993,2.4804686415223327
2023-07-12,117.88468933105469,118.93000030517578,120.33000183105469,118.41000366210938,118.80000305175781,30404400,47.407574512477694,-0.5237959582601803,120.73349952697754,119.23240005493165,-0.03809446059304167,2.4367346734821735
2023-07-13,123.44538116455078,124.54000091552734,124.83000183105469,120.44999694824219,120.93000030517578,44297900,59.63033743487766,-0.07524707373043782,120.76899948120118,119.57920013427734,0.005733659646079525,2.488835733694039
2023-07-14,124.31764221191406,125.41999816894533,126.77999877929688,123.48999786376953,124.80000305175781,33283100,61.155373888452836,0.34723684261231824,120.85649948120117,119.98120010375976,0.01415056218897437,2.623322855544692
2023-07-17,123.55442810058594,124.6500015258789,127.0999984741211,124.19999694824219,125.94000244140625,25716200,59.0532369101351,0.6128614113244168,120.83449974060059,120.36600006103515,-0.003517426052385586,2.587552345157633
2023-07-18,122.6722412109375,123.76000213623048,124.68000030517578,122.95999908447266,124.5999984741211,26193600,56.63019993470101,0.742990550470779,120.84599990844727,120.74740005493165,0.0018619230891805394,2.600640809307728
2023-07-19,120.95744323730469,122.02999877929688,125.18000030517578,121.80000305175781,124.5999984741211,37224000,52.15080579635649,0.6984704851409305,120.79249992370606,121.07660003662109,-0.00869211785611157,2.562558534237393
2023-07-20,118.15230560302734,119.1999969482422,124.08999633789062,118.22000122070312,121.41999816894531,37906800,45.77256531563341,0.4298751826457732,120.72499961853028,121.3052000427246,-0.011198723096970564,2.586946521088281
2023-07-21,118.9651107788086,120.0199966430664,120.98999786376953,118.7300033569336,120.62000274658203,72937900,47.76601237199051,0.27995148617377197,120.56849937438965,121.55860000610352,-0.02541619848989407,2.526492286205789
2023-07-24,120.46183776855469,121.52999877929688,123.0,120.9800033569336,121.66000366210938,29686100,51.315189575865716,0.2797555811594066,120.52799949645996,121.75419998168945,-0.006620872836685554,2.502983240945079
2023-07-25,121.1358642578125,122.20999908447266,123.1500015258789,121.0199966430664,121.36000061035156,52509600,52.868305196303076,0.3306590351233183,120.72149963378907,121.86699996948242,0.03270240718558237,2.4743579253683117
2023-07-26,128.13381958007812,129.27000427246094,130.97999572753906,128.32000732421875,130.07000732421875,61682100,65.25978981294585,0.9299637615143439,121.26849975585938,122.10220001220704,0.09245332774545068,3.0582071016911083
2023-07-27,128.2626495361328,129.39999389648438,133.24000549316406,128.7899932861328,131.6699981689453,44952100,65.43995584951031,1.3992761665973603,121.7294994354248,122.35999984741211,0.07671820242882399,3.5421219827545034
2023-07-28,131.41470336914062,132.5800018310547,133.74000549316406,130.57000732421875,130.77999877929688,36591200,69.59427658216704,2.004700750356349,122.40349960327148,122.62139984130859,0.11318222946797629,4.230960679017635
2023-07-31,131.55349731445312,132.72000122070312,133.52999877929688,131.77999877929688,132.72999572753906,28055500,69.76658068701198,2.467358700334856,123.05449981689453,122.85899993896484,0.10877196829078217,4.761494626770126
2023-08-01,130.39376831054688,131.5500030517578,132.6300048828125,130.67999267578125,130.77999877929688,23166800,66.38103984306787,2.708388765042187,123.63699989318847,123.03339996337891,0.09716431507604617,5.058611102822406
2023-08-02,127.25161743164062,128.3800048828125,130.08999633789062,127.55999755859375,129.4499969482422,26273300,58.14777255282776,2.6134878077882746,123.9685001373291,123.14580001831055,0.05445589226129366,5.144945700699439
2023-08-03,127.32099914550781,128.4499969482422,129.38999938964844,127.41999816894531,127.97000122070312,20089500,58.27083974449735,2.514935281737152,124.38549995422363,123.21379989624023,0.06943631917001136,5.1537256688244915
2023-08-04,126.98399353027344,128.11000061035156,131.50999450683594,127.91000366210938,129.27999877929688,26147200,57.38805397298761,2.3819393180564106,124.81699981689454,123.32479995727539,0.07222963685091965,5.082172363749304
2023-08-07,130.37393188476562,131.52999877929688,131.61000061035156,129.02000427246094,129.16000366210938,22746300,63.3953213711057,2.523415960352793,125.57099990844726,123.53739990234375,0.12949765758909537,4.890529720884531
2023-08-08,130.2450714111328,131.39999389648438,131.50999450683594,129.5399932861328,130.6199951171875,23535200,63.03155538028778,2.5951318465959616,126.28399963378907,123.69579971313476,0.12173463019580733,4.629177300240004
2023-08-09,128.52035522460938,129.66000366210938,132.0399932861328,129.0,131.66000366210938,24912900,58.2166892206985,2.4829427148808065,126.82049980163575,123.79679977416993,0.09022116647944411,4.345086853568947
2023-08-10,128.5501251220703,129.69000244140625,132.0500030517578,129.4499969482422,131.32000732421875,20857800,58.275866497644046,2.369142668553536,127.07799987792968,123.91719985961915,0.041352187955836284,4.355414416081376
2023-08-11,128.42127990722656,129.55999755859375,129.92999267578125,128.1699981689453,128.66000366210938,19591100,57.89319999420455,2.2426135513655936,127.28499984741211,124.05099975585938,0.03300908507486744,4.370820849396687
2023-08-14,130.17568969726562,131.3300018310547,131.3699951171875,128.9600067138672,129.38999938964844,24695600,61.591160182357626,2.2591211245757563,127.6189998626709,124.20319976806641,0.05359005393825789,4.413884360099158
2023-08-15,128.6392822265625,129.77999877929688,131.4199981689453,129.27999877929688,131.10000610351562,19770700,56.880153949457814,2.122662471257428,127.91999969482421,124.30539978027343,0.04864250597248532,4.341544490083387
2023-08-16,127.5688247680664,128.6999969482422,130.27999877929688,127.87000274658203,128.6999969482422,25216100,53.79273515937102,1.9054065430035934,128.25349960327148,124.35919967651367,0.05465867602775809,4.115586571865285
2023-08-17,128.77809143066406,129.9199981689453,131.99000549316406,129.2899932861328,129.8000030517578,33446300,56.65490373002478,1.8107997844220165,128.78949966430665,124.4113996887207,0.08993289844929975,3.530978615028797
2023-08-18,126.3397216796875,127.45999908447266,129.25,126.37999725341797,128.50999450683594,30504800,49.937913687529786,1.5198025419352348,129.16149978637696,124.51059967041016,0.061989690464101965,2.892677655480969
2023-08-21,127.24170684814453,128.3699951171875,128.72999572753906,126.55999755859375,127.18000030517578,25248700,52.19575243700694,1.3470858384150404,129.50349960327148,124.63519958496094,0.05628236983950208,2.283020746811117
2023-08-22,127.94550323486328,129.0800018310547,130.27999877929688,128.32000732421875,128.50999450683594,22054900,53.941190048442955,1.2530537904565477,129.84699974060058,124.77219955444336,0.056214735275739836,1.5158087043500843
2023-08-23,131.20654296875,132.3699951171875,133.41000366210938,129.8699951171875,130.17999267578125,27819700,61.039840744752425,1.427551749605584,130.00199928283692,124.94679946899414,0.02398074373226411,1.6093138334092347
2023-08-24,128.6392822265625,129.77999877929688,134.25,129.57000732421875,133.9499969482422,28500700,53.98589347598325,1.3413888843822974,130.02099952697753,125.06579940795899,0.0029366684755525174,1.6040669172691702
2023-08-25,128.7384490966797,129.8800048828125,130.75999450683594,127.25,129.5399932861328,26762900,54.205952855276266,1.2665735778993792,129.88599967956543,125.18999954223632,-0.02036503930421396,1.4866860063463354
2023-08-28,129.85850524902344,131.00999450683594,132.5399932861328,130.13999938964844,131.30999755859375,20543300,56.724354954332014,1.2836653325383054,129.80049934387208,125.30839950561523,-0.01288431809930124,1.3587932695156513
2023-08-29,133.38720703125,134.57000732421875,136.57000732421875,132.24000549316406,132.24000549316406,43075600,63.529264501469584,1.5664172700946324,129.9514995574951,125.52919967651367,0.022957082496400494,1.6907096874380785
2023-08-30,134.68572998046875,135.8800048828125,136.27999877929688,134.07000732421875,134.77999877929688,28315800,65.66857695942025,1.8745968865853229,130.3264995574951,125.7847998046875,0.058420312468800084,2.1048386058456674
2023-08-31,134.97314453125,136.1699981689453,138.0,135.7899932861328,136.00999450683594,30053800,66.14204703549234,2.117818593138935,130.71249961853027,126.09719970703125,0.06010121762644993,2.425976294126575
2023-09-01,134.4676513671875,135.66000366210938,137.4600067138672,134.85000610351562,137.4600067138672,21543700,64.45843233821671,2.243558902934609,131.08999977111816,126.34739974975587,0.05893375236739917,2.5820893873720303
2023-09-05,134.57669067382812,135.77000427246094,136.4199981689453,134.5800018310547,135.44000244140625,19403100,64.66734063243112,2.325280745304724,131.30200004577637,126.61599990844726,0.03223603385170448,2.78611677655569
2023-09-06,133.2781982421875,134.4600067138672,136.52999877929688,133.6699981689453,136.02000427246094,18684500,60.13418521502128,2.2583076741649677,131.45500068664552,126.9384001159668,0.02328776985936143,2.8744034306297044
2023-09-07,134.07115173339844,135.25999450683594,135.5800018310547,132.9499969482422,133.58999633789062,18844300,61.89105699887707,2.2439168848288773,131.73500022888183,127.27699996948242,0.043189809398124,2.9617711214286615
2023-09-08,135.18130493164062,136.3800048828125,136.66000366210938,134.85000610351562,134.91000366210938,23558300,64.2654423436185,2.2964159045456825,132.06950035095215,127.60100006103515,0.05158456562161584,3.093506960595541
2023-09-11,135.71656799316406,136.9199981689453,137.47999572753906,135.7899932861328,136.5399932861328,20763400,65.38523267655944,2.354454020829621,132.43750038146973,127.95740005493164,0.056807662465592434,3.21466348699777
2023-09-12,134.1504364013672,135.33999633789062,136.8699951171875,135.19000244140625,136.25999450683594,18405500,59.50917381254187,2.247054062496943,132.63800010681152,128.2702000427246,0.030533727639739716,3.2665859555805437
2023-09-13,135.50843811035156,136.7100067138672,136.89999389648438,134.14999389648438,135.08999633789062,20749500,62.644028730740416,2.2465899192943084,132.98450050354003,128.60640014648436,0.05339811989330845,3.314663656985739
2023-09-14,136.88619995117188,138.10000610351562,138.6999969482422,136.24000549316406,137.60000610351562,24751000,65.55762477219852,2.3315072522067055,133.45450096130372,128.9334002685547,0.07303814590651259,3.341496089777489
2023-09-15,136.19235229492188,137.39999389648438,138.52000427246094,136.47999572753906,137.97999572753906,38919600,62.89705117065991,2.315626613304147,133.82850074768066,129.27920013427735,0.05757385955172367,3.343674420297962
2023-09-18,136.99525451660156,138.2100067138672,139.16000366210938,136.61000061035156,136.61000061035156,21861300,64.6831480561089,2.341412017108439,134.3660011291504,129.653800201416,0.0843402456190987,3.1227911085572
2023-09-19,136.82672119140625,138.0399932861328,138.41000366210938,136.6199951171875,137.4199981689453,20353700,63.98690051359426,2.3213691738069713,134.84950103759766,130.08560012817384,0.07532911534442044,2.8851283734159385
2023-09-20,132.5645294189453,133.74000549316406,138.0800018310547,133.6199951171875,138.0800018310547,29927500,49.48009640591838,1.9361927726495196,135.08250122070314,130.41760025024413,0.03610167025104771,2.5650836290150782
2023-09-21,129.2935333251953,130.44000244140625,132.22999572753906,130.07000732421875,131.44000244140625,31503900,41.6718235580666,1.3491034083813815,134.98600158691406,130.64780029296875,-0.014580288184438017,2.704988456252397
2023-09-22,129.1051788330078,130.25,132.02999877929688,129.60000610351562,130.75999450683594,26397300,41.26802234082606,0.8586018210120585,135.0095016479492,130.7620002746582,0.0036215227702567354,2.659031176572216
2023-09-25,129.95762634277344,131.11000061035156,131.1699981689453,128.9600067138672,129.8300018310547,20094600,43.91701351830846,0.533125106707871,135.07100143432618,130.87580032348632,0.009470247007219212,2.5459691151005037
2023-09-26,127.4399642944336,128.57000732421875,130.36000061035156,127.22000122070312,129.77000427246094,25718700,38.40719859942269,0.06942593613177905,134.94900207519532,130.95420043945313,-0.01862443542419867,2.7969032334448074
2023-09-27,129.39263916015625,130.5399932861328,130.89999389648438,128.57000732421875,128.57000732421875,22746500,44.24930842055493,-0.13751243628803422,134.74750137329102,131.08980026245118,-0.02994734204313776,2.9657195547510957
2023-09-28,131.14710998535156,132.30999755859375,133.3000030517578,129.7899932861328,129.83999633789062,22513100,48.93584267202661,-0.15687962444013692,134.5690010070801,131.2954002380371,-0.026273235177593945,3.0011924832083676
2023-09-29,129.70980834960938,130.86000061035156,134.0500030517578,130.36000061035156,133.27999877929688,30859800,45.557245234228034,-0.2859348175878438,134.3035011291504,131.5286003112793,-0.038995356025529726,3.0857879521843583
2023-10-02,132.99073791503906,134.1699981689453,134.4199981689453,131.1699981689453,131.2100067138672,22288000,53.45692861028625,-0.11974253042160399,134.2290008544922,131.81160034179686,-0.01098338090035178,3.069256523475592
2023-10-03,131.2660369873047,132.42999267578125,134.25999450683594,131.83999633789062,133.94000244140625,22989400,49.399077906867355,-0.12697416778965476,134.0620002746582,132.02960021972658,-0.024600511833063,3.0718615267467415
2023-10-04,134.05133056640625,135.24000549316406,135.57000732421875,132.52999877929688,132.7899932861328,26752300,55.30026489578504,0.0929675851495233,134.10100021362305,132.2902003479004,0.005800972336381882,3.0821147799165436
2023-10-05,133.8828582763672,135.07000732421875,135.49000549316406,133.4499969482422,135.07000732421875,19832600,54.88325969736613,0.25066605519856466,134.09150085449218,132.40620040893555,-0.0014046073512711255,3.078645473403309
2023-10-06,136.37074279785156,137.5800018310547,138.16000366210938,134.00999450683594,134.00999450683594,27597600,59.71368144128314,0.57158987637834,134.1515007019043,132.56980056762694,0.008798921434804985,3.136738918461904
2023-10-09,137.203369140625,138.4199981689453,138.94000244140625,135.61000061035156,136.94000244140625,19278100,61.21043915243911,0.8835203287426339,134.22650070190429,132.68660049438478,0.010955302512852372,3.2231602848136625
2023-10-10,136.84652709960938,138.05999755859375,139.72000122070312,137.3300018310547,138.5,27786600,60.178519347845715,1.0891236791567565,134.36250076293945,132.79340042114256,0.02009754170461453,3.3282869586024484
2023-10-11,139.31466674804688,140.5500030517578,141.11000061035156,138.5800018310547,138.5800018310547,25884300,64.6212018658738,1.4364301761820002,134.55450057983398,132.97340042114257,0.02808862664989631,3.572626258591725
2023-10-12,137.74855041503906,138.97000122070312,141.22000122070312,138.25999450683594,141.0500030517578,24765500,60.043614211427034,1.566126799280795,134.59800033569337,133.18520034790038,0.006299747130607436,3.623009080888905
2023-10-13,136.15272521972656,137.36000061035156,140.0,136.6199951171875,139.3800048828125,23420500,55.712798108935516,1.5214602667030306,134.59600067138672,133.3634004211426,-0.0002910719644059201,3.621391843747204
2023-10-16,137.87742614746094,139.10000610351562,139.6300048828125,137.99000549316406,138.1699981689453,28501900,59.142701055287176,1.607930398563127,134.64050064086913,133.58320053100587,0.006439471430538246,3.6732354814759267
2023-10-17,138.49195861816406,139.72000122070312,139.89999389648438,137.17999267578125,138.6300048828125,23515800,60.32187286267158,1.7068119596700058,134.72450103759766,133.74700057983398,0.012170443467698133,3.7729241326744103
2023-10-18,136.7474365234375,137.9600067138672,140.72000122070312,137.3800048828125,139.4499969482422,23375000,55.431191430697496,1.624433997488552,134.9355010986328,133.87820083618163,0.03155376886027428,3.8324996563082268
2023-10-19,136.53927612304688,137.75,139.66000366210938,137.3800048828125,138.5,26066000,54.859641634287364,1.5246281183485735,135.3010009765625,134.04000076293946,0.05604107192406271,3.7283629211886624
2023-10-20,134.40817260742188,135.60000610351562,137.8699951171875,135.0800018310547,137.3300018310547,26335700,49.259736422586826,1.2575484649626674,135.5685012817383,134.15820083618163,0.041074902906069966,3.5337379665248503
2023-10-23,135.3002471923828,136.5,137.66000366210938,133.9499969482422,135.0399932861328,26317900,51.49191462752373,1.1057613725427018,135.8380012512207,134.29700088500977,0.041110513039101404,3.377913037267358
2023-10-24,137.58995056152344,138.80999755859375,139.36000061035156,137.4199981689453,137.8300018310547,44814300,56.750985249858424,1.158511901702127,136.35000076293946,134.44660079956054,0.07964524889971036,2.9696871143676074
2023-10-25,124.5059814453125,125.61000061035156,128.30999755859375,125.06999969482422,128.16000366210938,84366200,34.04014306074123,0.13364703948349188,136.1035011291504,134.36320083618165,-0.037766147765728175,3.6123906983679586
2023-10-26,121.20524597167969,122.27999877929688,124.33000183105469,121.2699966430664,123.2699966430664,57061100,30.702160271026372,-0.9364739762931151,135.60200119018555,134.23480087280274,-0.07580680949566998,4.699420281696507
2023-10-27,121.0962142944336,122.16999816894533,123.30999755859375,120.20999908447266,122.87999725341797,44566500,30.595430741664515,-1.7729907869006354,135.16750106811523,134.07980087280274,-0.06640686535896911,5.495274511788149
2023-10-30,123.36608123779297,124.45999908447266,125.4000015258789,122.75,123.20999908447266,28940100,35.61349004294654,-2.225498291557898,134.6820011138916,134.01980087280273,-0.07237086693737549,5.994313883845032
2023-10-31,122.98943328857422,124.08000183105467,125.37000274658203,122.69000244140625,125.05999755859375,26292300,35.15921757857063,-2.5849783306183554,134.26450157165527,133.93400100708007,-0.06305211286365664,6.434074215724995
2023-11-01,125.33859252929688,126.4499969482422,126.48999786376953,123.72000122070312,124.06999969482422,30082400,40.276059589728256,-2.6481043538032907,133.82500114440919,133.88140090942383,-0.06499562398617442,6.660174532852788
2023-11-02,126.36945343017578,127.48999786376952,128.97999572753906,126.93000030517578,128.4199981689453,27124600,42.42325620956897,-2.5844212008855436,133.4460006713867,133.78380096435546,-0.056119116379807155,6.799806384085999
2023-11-03,127.96530151367188,129.10000610351562,129.52999877929688,127.86000061035156,128.02000427246094,26393100,45.679141154420016,-2.3766411935669964,133.02200088500976,133.77020111083985,-0.061636833948819914,6.792845141373488
2023-11-06,129.1051788330078,130.25,130.33999633789062,128.6699981689453,129.0500030517578,19052700,47.94351889533315,-2.095028954568619,132.6135009765625,133.77760101318358,-0.05902325008683795,6.696111707173726
2023-11-07,129.81887817382812,130.97000122070312,131.91000366210938,129.8800048828125,130.7100067138672,29757300,49.36663846589485,-1.793081616327811,132.25900115966797,133.77680114746093,-0.05135445794051663,6.579248445040918
2023-11-08,130.6812286376953,131.83999633789062,132.2100067138672,130.77999877929688,130.97000122070312,26425800,51.10600215073357,-1.466677890507924,131.8235008239746,133.72220092773438,-0.06197087530947765,6.283166037948424
2023-11-09,129.09527587890625,130.24000549316406,132.5500030517578,130.07000732421875,131.9600067138672,23747800,47.850447382838375,-1.3218687950373749,131.38700103759766,133.6094009399414,-0.06281928222533906,6.059831863310411
2023-11-10,131.4246368408203,132.58999633789062,132.8000030517578,129.41000366210938,130.10000610351562,26913300,52.624031245180845,-1.005886686527731,131.14850082397462,133.53780090332032,-0.03472629769412994,5.904246949525716
2023-11-13,130.9290008544922,132.08999633789062,132.58999633789062,131.25,131.77999877929688,18324800,51.54296603046295,-0.7867453002420746,130.79800033569336,133.46640075683592,-0.050395466988033655,5.608008721205082
2023-11-14,132.44557189941406,133.6199951171875,135.6999969482422,133.32000732421875,134.19000244140625,32395200,54.61539666506301,-0.4840363878493861,130.49300003051758,133.42340057373048,-0.04365878936602641,5.251799318512543
2023-11-15,133.43678283691406,134.6199951171875,135.02999877929688,133.57000732421875,134.8699951171875,23861500,56.55434059886164,-0.16158312158330546,130.32599945068358,133.42660034179687,-0.024209998797745547,5.051131406972403
2023-11-16,135.72647094726562,136.92999267578125,137.22000122070312,134.32000732421875,135.19000244140625,28013200,60.72816441103097,0.27716591645125277,130.28499908447264,133.46000030517578,-0.005952866237522669,4.990664775251855
2023-11-17,134.12074279785156,135.30999755859375,136.05999755859375,133.64999389648438,136.0,37240600,56.620029665652226,0.48852619711348666,130.27049865722657,133.4386001586914,-0.0021387059872289838,4.974805301053922
2023-11-20,135.05245971679688,136.25,136.66000366210938,133.6199951171875,133.69000244140625,27815500,58.379421598734694,0.7235405582332533,130.25799865722655,133.4252001953125,-0.001831501831501825,4.958616595133337
2023-11-21,135.76611328125,136.97000122070312,137.17999267578125,135.9600067138672,136.2899932861328,22635300,59.726766491391025,0.9568591373064521,130.16599884033204,133.45780029296876,-0.013255502991518564,4.806326456321914
2023-11-22,137.27276611328125,138.49000549316406,139.4199981689453,137.47000122070312,137.47000122070312,17813900,62.48760924734707,1.2500081182888039,130.80999908447265,133.4934002685547,0.10253964509376057,5.021804806021389
2023-11-24,135.48858642578125,136.69000244140625,138.1300048828125,135.99000549316406,138.02999877929688,12514300,57.46380543727108,1.3218481520431453,131.53049926757814,133.4652001953125,0.11784432291431401,4.760490193025632
2023-11-27,135.2110595703125,136.41000366210938,138.4199981689453,136.0,136.02999877929688,23436500,56.70016196914975,1.340733197211108,132.24249954223632,133.445400390625,0.11655894005557688,4.3324647487037815
2023-11-28,135.99411010742188,137.1999969482422,137.25,135.4199981689453,136.0800018310547,18730000,58.38068002909373,1.403269569416409,132.8794994354248,133.4252001953125,0.10236218831339317,4.0557227602584245
2023-11-29,133.80355834960938,134.99000549316406,138.2899932861328,134.83999633789062,137.57000732421875,23967200,52.26909610879796,1.2599780119708441,133.42499961853028,133.36420043945313,0.08792717199476097,3.5063890842182213
2023-11-30,131.36512756347656,132.52999877929688,135.5500030517578,131.27999877929688,135.0500030517578,38988300,46.441120792246664,0.9371139711340959,133.728999710083,133.34000030517578,0.048082261587901076,3.111122381045433
2023-12-01,130.70101928710938,131.86000061035156,132.11000061035156,130.6699981689453,131.86000061035156,31442300,44.97042872939997,0.6200313049087356,133.9474998474121,133.3684002685547,0.034277220329485436,2.786393011944352
2023-12-04,128.13381958007812,129.27000427246094,130.02999877929688,127.9000015258789,129.8800048828125,36669900,39.73233396555232,0.1579294362690007,133.95599975585938,133.3488003540039,0.0013167944299630197,2.7710444412373336
2023-12-05,129.83871459960938,130.99000549316406,132.13999938964844,128.25,128.9499969482422,27384800,44.36675024583726,-0.0687078783786319,133.99300003051758,133.34640045166014,0.005681424131777746,2.7234881463256557
2023-12-06,128.87718200683594,130.02000427246094,131.83999633789062,129.8800048828125,131.44000244140625,23576200,42.387169183640566,-0.3228687450289556,133.94550018310548,133.375400390625,-0.007253546150933543,2.786541100206521
2023-12-07,135.72647094726562,136.92999267578125,138.55999755859375,134.6999969482422,135.0399932861328,56767100,57.07898250776329,0.032905932874854216,134.2,133.50320037841797,0.038607376208093624,2.8163999101157757
2023-12-08,133.80355834960938,134.99000549316406,136.39999389648438,134.02999877929688,134.1999969482422,32260100,52.99313612889926,0.1565149687118037,134.4375,133.55680053710938,0.036471128682878495,2.6608713235108397
2023-12-11,132.1184539794922,133.2899932861328,133.33999633789062,131.36000061035156,132.3800048828125,31138000,49.63982452814124,0.11596249914896362,134.4724998474121,133.605400390625,0.005279409967387849,2.6398114954216942
2023-12-12,131.35525512695312,132.52000427246094,133.0,131.25999450683594,131.80999755859375,29032800,48.15354755410707,0.0214454863022695,134.49400024414064,133.5724005126953,0.0032554163562117377,2.6210700963736793
2023-12-13,131.40480041503906,132.57000732421875,133.5,131.57000732421875,133.3800048828125,30104800,48.26188454857738,-0.04886184996223619,134.44150085449218,133.57520080566405,-0.007858014004924141,2.649855017162872
2023-12-14,130.7803192138672,131.94000244140625,133.72000122070312,129.69000244140625,133.3800048828125,38722400,46.931270402885275,-0.1536459148956908,134.30750122070313,133.5092007446289,-0.019907835187843337,2.707488802517784
2023-12-15,131.43453979492188,132.60000610351562,133.50999450683594,131.17999267578125,131.6199951171875,50847100,48.532194079232696,-0.181340876884434,134.09100189208985,133.45980072021484,-0.031621900269271475,2.6594425183216543
2023-12-18,134.60643005371094,135.8000030517578,137.14999389648438,132.42999267578125,132.6300048828125,32258000,55.53592009718391,0.054297765598221304,134.11550216674806,133.4242007446289,0.0036213546818806286,2.6734836815671232
2023-12-19,135.4489288330078,136.64999389648438,137.47000122070312,136.0800018310547,136.83999633789062,25476800,57.201891108889534,0.3061016951500335,134.13550186157227,133.38880065917968,0.0029357350200687193,2.691725649668588
2023-12-20,137.1240692138672,138.33999633789062,141.6999969482422,138.07000732421875,138.97000122070312,49107200,60.38041730299561,0.6347106473025121,134.20400161743163,133.39440063476562,0.010002154522726459,2.7835219581826562
2023-12-21,139.18580627441406,140.4199981689453,140.69000244140625,139.17999267578125,139.49000549316406,27488300,63.930975837416405,1.050860705770475,134.3005012512207,133.39180053710936,0.01393597082264919,2.967317020131011
2023-12-22,140.24639892578125,141.49000549316406,141.99000549316406,140.7100067138672,140.77000427246094,26532200,65.63700146227491,1.4502852879178647,134.5405014038086,133.4422006225586,0.035115977511342766,3.3413020587112023
2023-12-26,140.27615356445312,141.52000427246094,142.67999267578125,141.19000244140625,141.58999633789062,16780300,65.6860046081737,1.7490903727018292,134.79600143432617,133.52540069580078,0.03746060019915509,3.6708991139505427
2023-12-27,139.13624572753906,140.3699951171875,142.0800018310547,139.88999938964844,141.58999633789062,19628600,62.03389060210614,1.8715256447164563,134.95450134277343,133.55080047607422,0.023104943436268233,3.8444921129033873
2023-12-28,138.9974822998047,140.22999572753906,141.13999938964844,139.75,140.77999877929688,16045700,61.58498415606781,1.9349547453289802,135.21650085449218,133.56100036621095,0.038817616276342504,4.021514365807563
2023-12-29,138.46224975585938,139.69000244140625,140.36000061035156,138.77999877929688,139.6300048828125,18733000,59.78782524949469,1.919522755800216,135.57450103759766,133.59560028076172,0.05402553178947045,4.087919420101154
2024-01-02,136.95558166503906,138.1699981689453,139.4499969482422,136.47999572753906,138.5500030517578,23711200,54.928761629416485,1.7643033604369407,135.89000091552734,133.60400024414062,0.047853765580055496,4.0292281289996374
2024-01-03,137.69898986816406,138.9199981689453,139.6300048828125,137.0800018310547,137.25,24212100,56.794620498156455,1.6824157616715354,136.37250061035155,133.67040008544922,0.07464990777091018,3.7638118673712144
2024-01-04,135.19122314453125,136.38999938964844,139.16000366210938,136.35000610351562,138.4199981689453,27137700,49.36982316655442,1.397262717433705,136.6425003051758,133.6682000732422,0.04122447263173967,3.5446800130466305
2024-01-05,134.53701782226562,135.72999572753906,137.16000366210938,135.14999389648438,136.75,22513900,47.620841783254164,1.1052791260542278,136.9279998779297,133.6066000366211,0.043916253402919825,3.196012172124467
2024-01-08,137.61972045898438,138.83999633789062,139.00999450683594,136.25999450683594,136.2899932861328,21404000,55.602310207713906,1.1120124962999967,137.02350006103515,133.8711999511719,0.013948760419726591,3.224484480014105
2024-01-09,139.71115112304688,140.9499969482422,141.49000549316406,138.14999389648438,138.5,24759600,60.05012320490067,1.2729345587565035,137.32149963378907,134.24459991455078,0.04415135352653898,3.301155346522783
2024-01-10,141.0294647216797,142.27999877929688,143.0,140.91000366210938,141.0,21320200,62.59392148615339,1.4906037331440984,137.77099990844727,134.6467999267578,0.0674469648585343,3.3351995617882726
2024-01-11,140.8312225341797,142.0800018310547,145.22000122070312,140.63999938964844,143.49000549316406,24008700,61.95507002746522,1.6282011504467278,138.24899978637694,134.99919998168946,0.07214003358269139,3.2263098601145668
2024-01-12,141.39620971679688,142.64999389648438,143.1999969482422,141.82000732421875,142.6699981689453,18785500,63.11064703589024,1.7629198484195854,138.75299911499025,135.37059982299806,0.0760351966158801,3.0763094624213556
2024-01-16,141.2375946044922,142.49000549316406,144.35000610351562,141.4499969482422,142.0,22670500,62.53647782783067,1.8356158235075668,139.28049926757814,135.69139999389648,0.07996060979643382,2.7318114583909585
2024-01-17,140.22657775878906,141.47000122070312,141.83999633789062,138.89999389648438,141.35000610351562,20968600,58.85981082519646,1.790284798511152,139.7239990234375,135.97100006103517,0.06689287110788711,2.271379968426766
2024-01-18,142.2189178466797,143.47999572753906,144.2100067138672,141.99000549316406,142.0500030517578,25746400,63.423355481149535,1.8947083743611586,140.10799865722657,136.25859985351562,0.056553700318063616,2.2217208211903263
2024-01-19,145.0934295654297,146.3800048828125,146.4499969482422,144.3800048828125,144.74000549316406,34271900,68.80072313140752,2.1862693607114636,140.59449920654296,136.58119995117187,0.0712038889200306,2.4754737368800694
2024-01-22,144.7068634033203,145.99000549316406,148.38999938964844,145.83999633789062,147.10000610351562,32200400,67.36636297985532,2.358674519951734,140.97699966430665,136.88160003662108,0.055298607472769934,2.690470582181513
2024-01-23,145.74765014648438,147.0399932861328,147.17999267578125,145.5,145.88999938964844,21636100,69.22650877140117,2.550630015434308,141.30799942016603,137.18559997558594,0.04714424728323019,3.006943117651064
2024-01-24,147.39303588867188,148.6999969482422,149.85000610351562,148.10000610351562,148.5399932861328,25233500,71.94884482868007,2.804377433482898,141.66849899291992,137.5547998046875,0.05095760248186898,3.432060404237463
2024-01-25,150.53512573242188,151.8699951171875,153.0500030517578,149.5399932861328,150.07000732421875,29149100,76.26661312607183,3.2241010202631912,142.18599853515624,137.94039978027342,0.07313447238738258,4.119875385925297
2024-01-26,150.8523712158203,152.19000244140625,152.5399932861328,151.00999450683594,151.10000610351562,26115500,76.65722607573656,3.5417300440855968,142.7769989013672,138.34239990234374,0.08420608203591406,4.6582732728164045
2024-01-29,152.16073608398438,153.50999450683594,153.77999877929688,151.42999267578125,152.05999755859375,27784300,78.24756907744103,3.855521608777451,143.44099884033204,138.74019989013672,0.09470155590034635,5.192011773773749
2024-01-30,150.12876892089844,151.4600067138672,153.6199951171875,151.19000244140625,152.8000030517578,36331800,70.24352827929557,3.893900342828829,144.02949905395508,139.0770001220703,0.08425802896952428,5.407064590269032
2024-01-31,138.86863708496094,140.10000610351562,144.0,139.8699951171875,143.6199951171875,71910000,43.61732551252116,2.9733833439768773,144.1259994506836,139.140400390625,0.01396835753164316,5.313396772004615
2024-02-01,139.9193115234375,141.16000366210938,143.05999755859375,140.7899932861328,142.1199951171875,40466500,45.68615482465646,2.302854066428239,144.2379997253418,139.2574005126953,0.01612442789151136,5.220684167304545
2024-02-02,141.1285858154297,142.3800048828125,142.6199951171875,136.5,139.25999450683594,62499600,48.04888404787864,1.8485892988730086,144.5375,139.38000061035157,0.04391821629129411,4.909294876989982
2024-02-05,142.41714477539062,143.67999267578125,145.47000122070312,142.77999877929688,142.82000732421875,38505400,50.518936201935,1.5753200394141516,144.93499984741212,139.51420043945313,0.05857214468790528,4.4599115658177535
2024-02-06,142.83348083496094,144.10000610351562,145.36000061035156,143.19000244140625,144.64999389648438,29128200,51.32419042255341,1.3767731718008065,145.19800033569337,139.62640045166015,0.037885406974686786,4.230778041908025
2024-02-07,144.2607879638672,145.5399932861328,145.6199951171875,143.92999267578125,144.75999450683594,25208900,54.083155189639676,1.320397558787704,145.4275001525879,139.8034002685547,0.032564713992694116,4.111013430166613
2024-02-08,144.62754821777344,145.91000366210938,146.3300018310547,145.10000610351562,145.8300018310547,22563800,54.79222028773836,1.2906978628150227,145.6090003967285,139.9934002685547,0.02551310735139456,4.0443293309506485
2024-02-09,147.69041442871094,149.0,149.44000244140625,146.17999267578125,146.67999267578125,26829500,60.30508898779254,1.4992154970520346,145.9550003051758,140.22940032958985,0.04870494143977977,4.022477134844046
2024-02-12,146.2333221435547,147.52999877929688,149.33999633789062,147.3699951171875,148.4199981689453,21564100,56.75904618355594,1.5282338823719215,146.1990005493164,140.4802001953125,0.03420963961872814,3.958953570909349
2024-02-13,143.8643035888672,145.13999938964844,146.6699981689453,143.69000244140625,144.9199981689453,27837700,51.46080897650661,1.3428980918401123,146.3315002441406,140.73240020751953,0.01859775278492437,3.8716695018717204
2024-02-14,144.65731811523438,145.94000244140625,146.52000427246094,144.08999633789062,146.0800018310547,22704200,53.04094401802065,1.2462062134515293,146.55500030517578,141.01400024414062,0.03159681333238695,3.7015410882478825
2024-02-15,141.51515197753906,142.77000427246094,143.52000427246094,140.4600067138672,143.13999938964844,37590700,46.57140859504224,0.9033713412545694,146.51950073242188,141.28400024414063,-0.004948365460132553,3.735829785607594
2024-02-16,139.28492736816406,140.52000427246094,143.19000244140625,140.13999938964844,142.99000549316406,31468900,42.59970665712054,0.4449865115703062,146.22650070190429,141.47460021972657,-0.04003279419920025,3.969817560947799
2024-02-20,139.87966918945312,141.1199951171875,142.0800018310547,139.49000549316406,139.66000366210938,25144700,43.97188350311406,0.12864454417115212,145.98300018310547,141.6966000366211,-0.033358519026869926,4.131166504861227
2024-02-21,141.2970733642578,142.5500030517578,142.69000244140625,140.67999267578125,141.4499969482422,23223300,47.21093920944208,-0.006593054243325014,145.7585006713867,141.80900024414063,-0.030535843575820176,4.192251193983159
2024-02-22,142.82354736328125,144.08999633789062,145.0,142.8000030517578,144.92999267578125,27191900,50.52788186108297,0.010375164174604379,145.52800064086915,141.99100006103515,-0.03100202222570425,4.148514841916177
2024-02-23,142.69471740722656,143.9600067138672,144.67999267578125,143.42999267578125,143.6699981689453,19493800,50.240918702827116,0.013181574247482786,145.13250122070312,142.20440032958984,-0.05208394454228249,3.8804682820288208
2024-02-26,136.36087036132812,137.57000732421875,142.44000244140625,137.38999938964844,142.13999938964844,53641800,38.62732770824606,-0.49451342984684743,144.40150146484376,142.305400390625,-0.09606409673865568,3.8579952884040085
2024-02-27,137.65936279296875,138.8800048828125,139.25,137.08999633789062,138.02000427246094,33099200,41.60736292654709,-0.782143460518995,143.67000198364258,142.43160034179687,-0.09530317339286953,3.3998364856269716
2024-02-28,135.18130493164062,136.3800048828125,138.00999450683594,135.41000366210938,137.89999389648438,37328600,37.8319908085512,-1.198011507791847,142.91600189208984,142.520400390625,-0.09956424905977512,3.2501695156030985
2024-02-29,137.2430419921875,138.4600067138672,138.86000061035156,136.39999389648438,137.27999877929688,42133000,42.50630783612148,-1.344255427163148,142.83400192260743,142.63760040283202,-0.011705919473241844,3.344280400688305
2024-03-01,135.93463134765625,137.13999938964844,138.8699951171875,136.9199981689453,138.42999267578125,31151100,40.42881505296859,-1.5488145758713472,142.63300170898438,142.66440032958985,-0.028478351998938112,3.5637900399034934
2024-03-04,132.17794799804688,133.35000610351562,135.66000366210938,131.91000366210938,135.66000366210938,55999400,35.12116971222767,-1.9937670533727783,142.18150177001954,142.59840057373046,-0.06342181815999459,4.1253028318899245
2024-03-05,131.50393676757812,132.6699981689453,133.24000549316406,130.6699981689453,131.8800048828125,40194800,34.25228792918763,-2.373901199433618,141.63100204467773,142.48500061035156,-0.0766285848279542,4.619789084088181
2024-03-06,130.2450714111328,131.39999389648438,133.5800018310547,130.85000610351562,133.1199951171875,35318600,32.62873004809222,-2.745984974356446,140.99600143432616,142.30460052490236,-0.08813332178423416,5.109431957461478
2024-03-07,133.19886779785156,134.3800048828125,134.94000244140625,131.61000061035156,132.7899932861328,37738200,39.83513263303974,-2.7684886512486457,140.43800201416016,142.1624005126953,-0.07667987438600254,5.195726406804174
2024-03-08,134.21986389160156,135.41000366210938,138.08999633789062,134.0,134.2100067138672,39370400,42.13887642190313,-2.6724048641262925,139.91300201416016,142.04020050048828,-0.07196216665387345,5.143935368270522
2024-03-11,136.45997619628906,137.6699981689453,139.10000610351562,136.1300048828125,136.1300048828125,32437800,46.93970532236867,-2.3863863253611726,139.34650192260742,141.98620056152345,-0.07604028074533342,4.694792395871611
2024-03-12,137.2826690673828,138.5,139.3800048828125,137.02999877929688,137.02999877929688,27563400,48.6256076634337,-2.0688914685765667,138.89500198364257,141.95160064697265,-0.061207882152874205,4.282463248191867
2024-03-13,138.56134033203125,139.7899932861328,141.08999633789062,138.99000549316406,139.0,23347200,51.21978436644431,-1.6936593788279026,138.62750167846679,141.9536004638672,-0.036861004037576084,4.031587297012997
2024-03-14,141.84225463867188,143.10000610351562,143.58999633789062,140.4600067138672,141.19000244140625,42753400,57.19283543557656,-1.116326555229847,138.48550186157226,142.0522006225586,-0.019460026657398877,3.804066909585217
2024-03-15,139.93911743164062,141.17999267578125,143.17999267578125,140.02999877929688,142.5,49475400,53.128936416762116,-0.8044420631106846,138.40600128173827,142.09740051269532,-0.011136874337030367,3.7256189100427157
2024-03-18,146.3820037841797,147.67999267578125,152.14999389648438,147.1699981689453,148.61000061035156,69273700,62.772877038007785,-0.03240216685651376,138.7640007019043,142.32320037841797,0.05095351683478078,4.2469749297818025
2024-03-19,145.73768615722656,147.02999877929688,148.7899932861328,146.0800018310547,148.16000366210938,24070400,61.41210827449968,0.5209902862367812,139.05950088500975,142.54920043945313,0.041879279100042854,4.609650816756282
2024-03-20,147.4326934814453,148.74000549316406,148.86000061035156,146.74000549316406,148.0,21311500,63.64491282337315,1.085033452743886,139.36900100708007,142.74720062255858,0.043423376421526605,5.043711509223567
2024-03-21,146.30271911621094,147.60000610351562,150.3699951171875,146.89999389648438,149.47000122070312,24755600,61.10640852645584,1.4236424386935198,139.54450149536132,142.88020080566406,0.02435984353413434,5.272506292744051
2024-03-22,149.44483947753906,150.77000427246094,151.5800018310547,148.97999572753906,149.1199951171875,29211800,65.25623691882433,1.9255878806076225,139.885001373291,143.05000091552733,0.047304787725727104,5.769171939396621
2024-03-25,148.75100708007812,150.07000732421875,150.3800048828125,147.82000732421875,149.94000244140625,19229300,63.641454526913556,2.241065745146585,140.510001373291,143.20980102539062,0.09086282862906714,6.168451999076495
2024-03-26,149.34571838378906,150.6699981689453,152.25999450683594,149.97999572753906,150.22000122070312,22149100,64.45339331326848,2.510558318992622,141.09950103759766,143.37020111083984,0.08489338185206186,6.555691181503819
2024-03-27,149.54393005371094,150.8699951171875,151.63999938964844,148.89999389648438,151.17999267578125,22879200,64.73608351788084,2.7090430457233197,141.8240005493164,143.53780090332032,0.10624717492000268,6.802691302682897
2024-03-28,149.6034393310547,150.92999267578125,151.42999267578125,150.1699981689453,150.85000610351562,24485400,64.82645338956095,2.8384648671155617,142.4474998474121,143.72700073242189,0.09006200604687065,7.045279049496237
2024-04-01,154.1233673095703,155.49000549316406,155.74000549316406,150.61000061035156,150.69000244140625,31730800,70.92504254856382,3.271278258286827,143.3650001525879,143.96720092773438,0.13380491603604838,7.4980153059273915
2024-04-02,153.20152282714844,154.55999755859375,154.6999969482422,152.14999389648438,153.5,24586000,68.32316723457073,3.498908877577378,144.4254997253418,144.13080078125,0.1590550467512799,7.506905982850649
2024-04-03,153.558349609375,154.9199981689453,155.0800018310547,152.72999572753906,153.60000610351562,24705000,68.80029926318738,3.666096347333621,145.5379997253418,144.30940063476564,0.16770935635098372,7.319435795815305
2024-04-04,149.20693969726562,150.52999877929688,154.77000427246094,150.4499969482422,153.5,34724700,57.43852833343355,3.405105423924738,146.49449996948243,144.37920074462892,0.14558604087822813,6.5880580095601236
2024-04-05,151.15966796875,152.5,153.4199981689453,149.60000610351562,150.02999877929688,23459200,60.58419581078566,3.3189718300402262,147.4004997253418,144.45520080566405,0.13484145303454365,6.0590775165015565
2024-04-08,153.48899841308594,154.85000610351562,155.27000427246094,152.61000061035156,152.77999877929688,20702000,64.00210457157698,3.401130078644343,148.37249984741212,144.51480102539062,0.14356400498972866,5.5742049296572835
2024-04-09,155.22360229492188,156.60000610351562,158.55999755859375,155.19000244140625,156.08999633789062,31079500,66.34268355615299,3.5663408993040377,149.31900024414062,144.6030010986328,0.1375027833685294,5.259550252710723
2024-04-10,154.76763916015625,156.13999938964844,156.61000061035156,154.67999267578125,156.2100067138672,22838600,65.14365610976725,3.618441822654205,150.20100021362305,144.65560119628907,0.12736461653175768,4.809591800667829
2024-04-11,158.0089111328125,159.41000366210938,159.67999267578125,156.4600067138672,156.91000366210938,27166400,69.38016197396992,3.8788808718267944,151.18200073242187,144.8146011352539,0.14035346819007866,4.569237707955789
2024-04-12,156.34365844726562,157.72999572753906,160.22000122070312,157.13999938964844,157.9600067138672,25353700,65.00852595970395,3.904707062331653,151.91350021362305,145.16720092773437,0.10223612159345685,4.374185655691954
2024-04-15,153.49888610839844,154.86000061035156,159.24000549316406,154.58999633789062,158.86000061035156,27136500,58.255476187480795,3.651497691557438,152.59750061035157,145.4412008666992,0.09689763878927482,3.61031455494489
2024-04-16,153.0429229736328,154.39999389648438,155.64999389648438,153.42999267578125,154.19000244140625,20779500,57.229314324175895,3.3748060798268966,152.93350067138672,145.68160064697267,0.045503802505301616,3.4371211137947126
2024-04-17,154.103515625,155.47000122070312,157.0800018310547,154.5800018310547,155.6199951171875,21763100,59.03682148033549,3.20492228362437,153.35550079345703,145.91740081787108,0.05740326811860563,3.182873973175206
2024-04-18,154.63877868652344,156.00999450683594,156.94000244140625,154.6199951171875,155.33999633789062,19883000,59.95653331398287,3.078375499925045,153.71900024414063,146.1556005859375,0.04887715977666818,3.0399441723371603
2024-04-19,152.7356719970703,154.08999633789062,156.36000061035156,152.3000030517578,156.1999969482422,32615600,55.2100354474741,2.790985710046158,154.0434997558594,146.32660064697265,0.043970121720885436,2.6771302486261264
2024-04-22,154.9064178466797,156.27999877929688,157.63999938964844,154.05999755859375,154.30999755859375,26446200,59.179596927146335,2.7087177137569824,154.31899948120116,146.5340005493164,0.03654569443984812,2.6050725237183396
2024-04-23,156.8690185546875,158.25999450683594,158.97000122070312,156.27999877929688,156.9600067138672,21151600,62.42222551430819,2.771342530100384,154.72849884033204,146.71920043945312,0.05457444381223442,2.545019565246115
2024-04-24,157.73138427734375,159.1300048828125,159.57000732421875,157.1699981689453,157.49000549316406,22779100,63.78357719673085,2.8582278432097326,155.1514991760254,146.95120056152345,0.05614924548138012,2.538012164798528
2024-04-25,154.62887573242188,156.0,156.49000549316406,150.8699951171875,151.3300018310547,57109700,55.93282455134807,2.644040985698325,155.40799942016602,147.16840057373048,0.034002817318498524,2.333524986189007
2024-04-26,170.43869018554688,171.9499969482422,174.7100067138672,169.64999389648438,174.3699951171875,64665300,73.6985363305536,3.7184636774144053,156.45899963378906,147.68860046386717,0.13926989526604472,4.198712504400787
2024-04-29,164.6896514892578,166.14999389648438,169.5500030517578,165.2100067138672,169.05999755859375,45610000,63.64969426751668,4.055193877024237,156.99199905395508,148.15620025634766,0.06855738649896037,4.714195805251167
2024-04-30,161.34927368164062,162.77999877929688,168.10000610351562,162.60000610351562,165.61000061035156,33562900,58.646100626888796,4.00396927902807,157.40299911499022,148.60140014648437,0.05318323855166285,4.847446904019135
2024-05-01,162.41978454589844,163.86000061035156,167.1199951171875,163.08999633789062,164.3000030517578,33493200,59.7384366301557,4.004360759667605,157.84999923706056,149.05620025634767,0.057707220159252115,5.015704183592478
2024-05-02,165.15553283691406,166.6199951171875,166.72999572753906,163.88999938964844,164.7899932861328,24294500,62.46692635000927,4.179204236387278,158.65449905395508,149.53760009765625,0.10688896876616161,5.069903469531376
2024-05-03,165.7700958251953,167.24000549316406,167.9600067138672,163.0500030517578,167.55999755859375,34662400,63.07234917605364,4.318023124363663,159.3914993286133,150.00060028076172,0.09665577372566592,5.197895205260878
2024-05-06,166.62252807617188,168.10000610351562,168.13999938964844,166.02999877929688,167.4600067138672,21871300,63.94119061861157,4.446180157941683,160.0539993286133,150.48340026855467,0.0855666740571035,5.4278956922235695
2024-05-07,169.7448272705078,171.25,171.75999450683594,168.38999938964844,168.5,28039700,67.00352125851828,4.747200934875451,160.7864990234375,151.15700012207031,0.09355040437738205,5.904807261188263
2024-05-08,167.89129638671875,169.3800048828125,170.14999389648438,168.74000549316406,169.0,19569100,63.55294356085903,4.779770868311431,161.4484992980957,151.7670001220703,0.0847957316825878,6.095562336993141
2024-05-09,168.46617126464844,169.9600067138672,170.69000244140625,168.17999267578125,169.38999938964844,15346700,64.16928760341378,4.797086251477197,161.9759994506836,152.4386001586914,0.06618156206883952,6.3605978272917145
2024-05-10,167.16769409179688,168.64999389648438,169.85000610351562,166.19000244140625,168.02999877929688,29799900,61.63408562973798,4.651482338308995,162.52199935913086,153.04239990234376,0.06923222256220929,6.445064312837227
2024-05-13,167.65338134765625,169.13999938964844,169.27999877929688,164.0,164.25999450683594,31327600,62.23509852407402,4.523485609916122,163.2359992980957,153.68239990234375,0.09221231255982798,6.341733148696965
2024-05-14,168.84283447265625,170.33999633789062,171.25,168.8000030517578,169.77000427246094,25127100,63.73343229538006,4.467379831577318,164.03299942016602,154.42219970703124,0.10323836186219681,6.172185511797731
2024-05-15,170.99375915527344,172.50999450683594,172.64999389648438,170.50999450683594,170.6300048828125,26948400,66.33459748217925,4.545617268503207,164.88499908447267,155.21899963378905,0.10960309482433894,6.1036574230655685
2024-05-16,172.64906311035156,174.17999267578125,175.1199951171875,172.69000244140625,173.2899932861328,27867900,68.22349713959005,4.6883317266544395,165.79349899291992,156.074599609375,0.11646688551193529,6.065266960589495
2024-05-17,174.51254272460938,176.05999755859375,176.27000427246094,173.69000244140625,174.17999267578125,24479300,70.24734764596975,4.896688666266158,166.8919990539551,156.90819946289062,0.14257902357611196,5.818558211184819
2024-05-20,175.36500549316406,176.9199981689453,178.77000427246094,176.0800018310547,176.19000244140625,22554400,71.1524662386667,5.072732600220604,167.9239990234375,157.73839935302735,0.13207063956275578,5.665697853438294
2024-05-21,176.2868194580078,177.85000610351562,178.14999389648438,175.80999755859375,176.89999389648438,16989400,72.13952035739968,5.227038507925869,168.90349960327148,158.54199951171876,0.12378372473552379,5.6000315633585105
2024-05-22,174.82974243164062,176.3800048828125,177.14999389648438,175.2100067138672,176.63999938964844,17880000,68.16910802557663,5.171101004813522,169.7659996032715,159.299599609375,0.10840193219816308,5.337777597099209
2024-05-23,172.02462768554688,173.5500030517578,178.25,172.9499969482422,177.07000732421875,21024900,61.18716361496697,4.842590267934071,170.64349975585938,159.9747998046875,0.11250001956255007,4.296640857514805
2024-05-24,173.4519805908203,174.99000549316406,175.77000427246094,173.64999389648438,174.97999572753906,16579400,63.249741553298655,4.64489583672551,170.79550018310547,160.61259979248047,0.017679608019050663,4.397872841822181
2024-05-28,174.84957885742188,176.39999389648438,177.27000427246094,174.3699951171875,174.4499969482422,20572200,65.19982591182398,4.54955145884432,171.30800018310546,161.31699981689454,0.06169124511907009,4.425172736730621
2024-05-29,174.3539581298828,175.89999389648438,176.83999633789062,174.72000122070312,175.42999267578125,23388700,63.90483749734952,4.383118667526077,171.96399993896483,161.8813998413086,0.08059955286629572,4.051080466497914
2024-05-30,170.59725952148438,172.11000061035156,175.22000122070312,171.7899932861328,175.1999969482422,22931500,54.989242997224984,3.9004368889097236,172.37649993896486,162.38299987792968,0.05034785773996164,3.5744502120691424
2024-05-31,170.9838409423828,172.5,173.05999755859375,169.44000244140625,171.86000061035156,37638900,55.67454180541272,3.508929043425468,172.67050018310547,162.8581997680664,0.03528991150598082,3.3079360211745525
2024-06-03,171.64794921875,173.1699981689453,174.52999877929688,171.16000366210938,172.5399932861328,27459100,56.88890089115863,3.2156514794613713,172.96699981689454,163.369599609375,0.035457979436765985,3.051378969435362
2024-06-04,172.26251220703125,173.7899932861328,173.85000610351562,171.88999938964844,173.27999877929688,26879600,58.034636006952375,2.9986883092997516,173.2514991760254,163.82999938964844,0.03384882198703365,2.8310148024725907
2024-06-05,173.86825561523438,175.41000366210938,176.64999389648438,173.92999267578125,175.1999969482422,22068500,60.95461075584198,2.9237614303701207,173.45949935913086,164.33679931640626,0.0242919921875,2.8290421716074743
2024-06-06,175.17665100097656,176.72999572753906,177.14999389648438,175.75,175.89999389648438,23251000,63.20137693503816,2.9370373289595477,173.82699890136718,164.85799926757812,0.043393497655238145,2.747428133330674
2024-06-07,172.92662048339844,174.4600067138672,177.8699951171875,174.3000030517578,177.0500030517578,19661400,57.11479007606749,2.732886418456559,174.0519989013672,165.32979949951172,0.026476817028937116,2.5940563228984788
2024-06-10,173.6708526611328,175.00999450683594,177.05999755859375,172.75999450683594,174.97000122070312,23726700,58.16600283871032,2.5856687892285777,174.36999893188477,165.81139953613283,0.03771124127199954,2.2660776806511302
2024-06-11,175.2685546875,176.6199951171875,176.83999633789062,173.77000427246094,176.22000122070312,21540600,61.16684680624887,2.569294127961456,174.7439987182617,166.2339993286133,0.04422369489494549,1.9531233267182193
2024-06-12,176.42962646484375,177.7899932861328,180.41000366210938,176.11000061035156,178.25,27864700,63.230989961108975,2.6205184595003743,175.11649856567382,166.69859924316407,0.043736040321758596,1.7709177976226105
2024-06-13,173.81971740722656,175.16000366210938,176.74000549316406,174.8800048828125,176.11000061035156,20913300,56.02236939038767,2.4209882824705744,175.2489990234375,167.10339935302736,0.015361481883117367,1.661384155508523
2024-06-14,175.43727111816406,176.7899932861328,177.05999755859375,174.14999389648438,174.22000122070312,18063600,59.132081549387884,2.367099272953709,175.37949905395507,167.62859924316408,0.014984502928587329,1.6754423220899044
2024-06-17,175.88381958007812,177.24000549316406,178.36000061035156,174.80999755859375,175.4600067138672,19618500,59.97359125406517,2.333801458389388,175.4384994506836,168.12339935302734,0.006702305753341742,1.720829322366197
2024-06-18,173.75025939941406,175.08999633789062,177.38999938964844,174.10000610351562,177.13999938964844,21869900,54.2284046781266,2.10960669717457,175.34699935913085,168.52819915771485,-0.010343668607249112,1.6862132631856734
2024-06-20,174.9510040283203,176.3000030517578,177.2899932861328,174.99000549316406,175.3699951171875,20160100,56.74007152364612,2.006439181121891,175.26949920654297,168.9221990966797,-0.008715226306237223,1.5984537925696187
2024-06-21,178.2555389404297,179.6300048828125,180.85000610351562,176.61000061035156,177.0,57759000,62.79139952996563,2.168385698587855,175.43199920654297,169.39199920654298,0.018426124900944973,1.860937764568923
2024-06-24,177.8486785888672,179.22000122070312,180.88999938964844,178.6699981689453,180.16000366210938,18298000,61.64796426101222,2.237849080267978,175.71549911499022,169.78819915771484,0.03267068896134995,1.9867760671531969
2024-06-25,182.62185668945312,184.02999877929688,184.2899932861328,179.4199981689453,179.6199951171875,23130200,68.82116665788129,2.6504729129790405,176.16749877929686,170.31419921875,0.05166005487373937,2.709795034208724
2024-06-26,182.4730224609375,183.8800048828125,184.50999450683594,182.47999572753906,182.6300048828125,19839000,68.39158989792107,2.9315835489963717,176.54149932861327,170.89459930419923,0.04240369186587145,3.2130323570413206
2024-06-27,183.99130249023438,185.41000366210935,186.0500030517578,184.02000427246094,184.17999267578125,18848900,70.41983973905886,3.240469749933908,177.01699981689453,171.51479949951172,0.05406486694491597,3.7687411497822025
2024-06-28,180.7562255859375,182.1499938964844,185.1300048828125,181.9600067138672,184.32000732421875,29156600,61.38186035923417,3.1854884189384336,177.51899948120118,172.04839935302735,0.05833474667670746,3.749341703454414
2024-07-01,181.58982849121094,182.9900054931641,183.8800048828125,181.3000030517578,183.02999877929688,16006100,62.70992919519928,3.1731194873359243,178.0434997558594,172.58799957275392,0.06081162604732815,3.7440004020769537
2024-07-02,183.82261657714844,185.2400054931641,185.57000732421875,181.55999755859375,182.0500030517578,17372500,66.07525946434026,3.306755002606508,178.64700012207032,173.21099975585938,0.06970033754024318,3.887142533731658
2024-07-03,184.3981475830078,185.82000732421875,186.08999633789062,184.0,184.85000610351562,10242100,66.90441513264464,3.4200393272746794,179.2485008239746,173.8017999267578,0.06922155764330684,4.024354276437108
2024-07-05,189.14161682128906,190.6000061035156,190.86000061035156,185.8000030517578,185.86000061035156,20967500,72.80384621477852,3.85113048908363,180.00800094604492,174.44860015869142,0.0865971274401578,4.64700765317448
2024-07-08,187.5836181640625,189.02999877929688,190.1699981689453,187.77999877929688,189.89999389648438,21035900,68.48568874679489,4.019749698379968,180.6230010986328,175.0466000366211,0.06959771034409168,4.9914956380120525
2024-07-09,187.5339813232422,188.97999572753903,191.36000061035156,188.72000122070312,190.30999755859375,15121400,68.3466483847888,4.102060804686943,181.3490005493164,175.70619995117187,0.08322818098640883,5.10263554591688
2024-07-10,189.7171173095703,191.17999267578125,191.75,189.02999877929688,189.14999389648438,15952500,71.12433536015095,4.295300763565734,182.15750045776366,176.09079986572266,0.0923947127391842,5.321717507284671
2024-07-11,184.1500701904297,185.57000732421875,190.86000061035156,185.0800018310547,189.85000610351562,25625800,57.31286152276313,3.9502300963111736,182.60500106811523,176.47920013427733,0.05067383339634279,5.206620123563634
2024-07-12,183.65391540527344,185.07000732421875,187.11000061035156,184.49000549316406,185.0800018310547,22898400,56.26417255123131,3.594972677848915,182.96900177001953,176.9250003051758,0.04094726538613225,5.1057810103800945
2024-07-15,185.10272216796875,186.52999877929688,188.24000549316406,184.9199981689453,184.9199981689453,16474000,58.643754708770935,3.3921352987995306,183.5375015258789,177.37840026855469,0.0649120511502197,4.8152575686462695
2024-07-16,182.5126953125,183.9199981689453,188.67999267578125,183.3699951171875,187.36000061035156,18290700,53.08346293845356,2.9863551349145894,183.89400177001954,177.72440032958986,0.040330364577098265,4.545807735246834
2024-07-17,179.63490295410156,181.0200042724609,183.5500030517578,179.89999389648438,182.97000122070312,20734100,47.67462178308719,2.4030651214969794,184.08300170898437,178.00000030517577,0.021327006669736415,4.3279554366793365
2024-07-18,176.33038330078125,177.69000244140625,182.5,176.47000122070312,181.92999267578125,25315700,42.33973520879228,1.6530449920230126,184.21300201416017,178.1918002319336,0.014849541138250544,4.075285326914838
2024-07-19,176.30059814453125,177.66000366210938,180.2899932861328,177.1300048828125,178.8800048828125,18881900,42.29381978065622,1.0441911988784511,184.28100204467773,178.32000030517577,0.00771412698133811,3.9455825676156167
2024-07-22,180.27989196777344,181.6699981689453,182.6999969482422,180.22999572753906,180.58999633789062,24100300,50.085980833937725,0.8751549831551984,184.38300170898438,178.56580017089843,0.01135663993030378,3.844081590189282
2024-07-23,180.3990020751953,181.7899932861328,183.61000061035156,181.5399932861328,182.0500030517578,36352700,50.302241171522,0.742318185504871,184.51150131225586,178.80239990234375,0.014339873049464158,3.702766944403516
2024-07-24,171.30908203125,172.6300048828125,176.19000244140625,171.82000732421875,173.60000610351562,49585200,37.0911056510354,-0.10092702073114879,183.94150161743164,178.8820001220703,-0.06194638902408589,4.559197168006506
2024-07-25,166.00003051757812,167.27999877929688,173.4199981689453,167.19000244140625,172.52000427246094,44852000,31.832531242804322,-1.187220167541426,183.11150131225585,178.8448001098633,-0.09027629792643788,5.888271940066763
2024-07-26,165.72216796875,167.0,168.08999633789062,164.05999755859375,167.14999389648438,41336900,31.58018349267175,-2.0471110522222773,182.19100112915038,178.77800018310546,-0.09929347553252676,6.8675979563223155
2024-07-29,168.23281860351562,169.52999877929688,170.42999267578125,167.99000549316406,168.8300018310547,20293800,36.48008162668285,-2.4956625714759184,181.56000137329102,178.7184002685547,-0.0692835330225674,7.428431219152594
2024-07-30,168.98699951171875,170.2899932861328,171.22999572753906,168.44000244140625,170.24000549316406,18959700,37.91836065419441,-2.758024882921603,180.92500076293945,178.64060028076173,-0.06940276422640856,7.831629097766766
2024-07-31,170.22743225097656,171.5399932861328,174.25,170.00999450683594,173.24000549316406,25729100,40.31224255751445,-2.8324338177247057,180.2400001525879,178.5502001953125,-0.07395817210519817,8.030954767152592
2024-08-01,169.45338439941406,170.75999450683594,174.0500030517578,168.8800048828125,170.25,24531400,39.29403854222437,-2.9206750929961345,179.48699951171875,178.42700012207033,-0.08104623949942114,8.184781393325489
2024-08-02,165.38479614257812,166.66000366210938,168.50999450683594,164.6699981689453,166.44000244140625,29130100,34.37862564116283,-3.283590745360783,178.28999938964844,178.2032000732422,-0.1256033666043238,8.224478879174818
2024-08-05,158.03147888183594,159.25,164.42999267578125,154.92999267578125,155.5,53630700,27.64722918305587,-4.121617936124039,176.8009994506836,177.86059997558593,-0.1575411255970366,8.84971179236118
2024-08-06,157.07882690429688,158.2899932861328,160.57000732421875,156.41000366210938,159.3300018310547,49004600,26.91203225331492,-4.8078036731715486,175.2664993286133,177.55539978027343,-0.1623981539593925,9.277210798422495
2024-08-07,157.72384643554688,158.94000244140625,162.97999572753906,158.47000122070312,161.25,25138600,28.30226462589971,-5.238771213478458,173.65449981689454,177.23439971923827,-0.16863684208341945,9.16690427384512
2024-08-08,160.79019165039062,162.02999877929688,163.69000244140625,160.2100067138672,160.50999450683594,25578800,34.66455569974603,-5.270227313961499,172.47749938964844,176.94699981689453,-0.12685244175150534,9.06715776987479
2024-08-09,162.41766357421875,163.6699981689453,163.7899932861328,159.05999755859375,160.00999450683594,28602300,37.81840099787279,-5.103986674265883,171.40749893188476,176.70239990234376,-0.11563196794920627,8.760426727561166
2024-08-12,161.04820251464844,162.2899932861328,164.89999389648438,161.83999633789062,164.35000610351562,15895300,36.23342550338002,-5.025661928127363,170.19549865722655,176.50599975585936,-0.12995231679513897,8.218132925300631
2024-08-13,162.9038848876953,164.16000366210938,164.72999572753906,162.97000122070312,163.41000366210938,18551700,39.908614547269785,-4.757849268788505,169.20749893188477,176.33919982910157,-0.10743798773140911,7.649420035200809
2024-08-14,159.1428985595703,160.3699951171875,163.22000122070312,157.7100067138672,162.39999389648438,40591100,35.44923607935996,-4.7961408951830435,168.17499847412108,176.0831997680664,-0.1140758406136827,7.359218915832175
2024-08-15,160.0657958984375,161.3000030517578,161.63999938964844,159.61000061035156,160.5,31524300,37.30064313920461,-4.697295913729448,167.35549850463866,175.8333999633789,-0.0922392884487302,7.153588041683131
2024-08-16,161.7130889892578,162.9600067138672,165.05999755859375,161.1300048828125,161.47000122070312,24208600,40.57679251283844,-4.4339008821234245,166.62049865722656,175.58440002441407,-0.08274229790178345,6.784795856838966
2024-08-19,165.3946990966797,166.6699981689453,166.69000244140625,164.25999450683594,165.27999877929688,22416200,47.215120277066696,-3.881054734082568,165.87049865722656,175.3832000732422,-0.08256729317545675,5.789739818756688
2024-08-20,165.90078735351562,167.17999267578125,168.63999938964844,166.82000732421875,166.89999389648438,18341500,48.07386848346895,-3.3630012986439226,165.13999862670897,175.23759979248047,-0.08036746328141287,4.439728036135865
2024-08-21,164.58099365234375,165.85000610351562,166.85000610351562,164.6699981689453,165.14999389648438,22902000,45.9733389372845,-3.024889971245699,164.80099868774414,175.05440002441406,-0.039274741282081194,4.082169272325504
2024-08-22,162.54666137695312,163.8000030517578,167.58999633789062,163.30999755859375,167.25999450683594,22493300,42.86442526134035,-2.88904926050418,164.6269989013672,174.79800018310547,-0.02080341793958551,4.044938654707635
2024-08-23,164.3527374267578,165.6199951171875,166.17999267578125,163.8300018310547,164.72000122070312,13955700,46.33418959884125,-2.6045131627037392,164.55799865722656,174.55460021972655,-0.008263502292290448,4.013980386253338
2024-08-26,164.8885955810547,166.16000366210938,167.5500030517578,164.4600067138672,166.3800048828125,14190400,47.355740983098634,-2.3088273541460183,164.38949890136718,174.37460021972657,-0.01987845892439799,3.8621409644107447
2024-08-27,163.41989135742188,164.67999267578125,166.44000244140625,164.4600067138672,165.83999633789062,11821900,44.836645505485436,-2.168916815249247,164.1089988708496,174.13240020751954,-0.032943806632990236,3.6062918048769177
2024-08-28,161.60391235351562,162.85000610351562,165.60000610351562,161.52999877929688,165.0399932861328,16407400,41.870784864034086,-2.18056513025158,163.67449951171875,173.84460021972657,-0.05065866574987021,3.159705699012346
2024-08-29,160.54212951660156,161.77999877929688,165.97000122070312,160.25,164.30999755859375,19699800,40.19649982565758,-2.2501982675244108,163.2254997253418,173.57840026855467,-0.052588404874770456,2.7051990832375346
2024-08-30,162.1298828125,163.3800048828125,163.66000366210938,161.69000244140625,162.6199951171875,22123800,43.814449388094154,-2.151475044679671,163.06149978637694,173.32000030517577,-0.01968077947452118,2.5826758305805906
2024-09-03,156.15591430664062,157.36000061035156,161.85000610351562,156.47999572753906,161.72000122070312,38945300,35.18866594092175,-2.529837817237734,162.96699981689454,172.87460021972657,-0.011868128035468994,2.7580984278785876
2024-09-04,155.25291442871094,156.4499969482422,159.0,155.9600067138672,156.66000366210938,19353800,34.09593114675917,-2.870038711037097,162.875,172.41920013427733,-0.011624211358481462,2.9465652510438454
2024-09-05,156.03684997558594,157.24000549316406,159.4499969482422,155.97999572753906,156.3000030517578,18688700,35.95531225500221,-3.04085025432164,162.79000015258788,171.88340026855468,-0.01069584070799856,3.087215971331595
2024-09-06,149.76519775390625,150.9199981689453,157.8300018310547,150.5500030517578,157.3000030517578,37912100,28.924669025988777,-3.644183526299088,162.2345001220703,171.22420013427734,-0.06856755350275989,4.073243153385428
2024-09-09,147.7679443359375,148.7100067138672,153.39999389648438,147.22000122070312,152.50999450683594,39260500,26.940854533467544,-4.251646991913873,161.48650054931642,170.4902001953125,-0.09140338255295855,5.051816171774097
2024-09-10,147.71826171875,148.66000366210938,151.27000427246094,148.33999633789062,150.4499969482422,31118800,26.895906629067028,-4.6831169364313325,160.80500106811525,169.820400390625,-0.08398539767015989,5.801454794847081
2024-09-11,150.20242309570312,151.16000366210938,151.5,147.52000427246094,149.9199981689453,29607700,32.921624568730294,-4.768364135851755,160.15500106811524,169.1838003540039,-0.0791910313717945,6.1250160453176665
2024-09-12,153.71005249023438,154.69000244140625,154.82000732421875,152.64999389648438,153.8000030517578,29621500,40.39274069729827,-4.499217575956891,159.87100143432616,168.57280029296874,-0.03541805106142637,6.245029523597674
2024-09-13,156.46250915527344,157.4600067138672,158.3800048828125,155.2100067138672,155.42999267578125,29591200,45.52048920936423,-4.016105627512957,159.67900161743165,168.0056002807617,-0.023806548451573484,6.257799565288746
2024-09-16,157.0587158203125,158.05999755859375,158.25,156.60000610351562,157.30999755859375,18379800,46.59220850746521,-3.5439690121725675,159.43400115966796,167.35480010986328,-0.030068783464627047,6.218379920174
2024-09-17,158.3107452392578,159.32000732421875,160.5500030517578,158.3800048828125,159.02000427246094,20715600,48.86710782688765,-3.0331606967742744,159.06650161743164,166.7606002807617,-0.04409906357157478,5.980886008145629
2024-09-18,158.79762268066406,159.80999755859375,160.5,158.60000610351562,159.86000061035156,23677300,49.76325076547547,-2.55930127773118,158.69800186157227,166.1772003173828,-0.044084193324977705,5.673841913208028
2024-09-19,161.11285400390625,162.13999938964844,163.7899932861328,161.33999633789062,163.7100067138672,26587700,53.90063096280007,-1.9730089796761376,158.51250152587892,165.59640045166014,-0.022369650752690262,5.485220016127097
2024-09-20,162.55368041992188,163.58999633789062,163.72999572753906,162.05999755859375,163.5,40896400,56.31198892465034,-1.3755094570703932,158.50200119018555,165.1568002319336,-0.0012820922463647744,5.474756471007573
2024-09-23,160.82469177246094,161.85000610351562,165.49000549316406,161.6699981689453,164.35000610351562,24150900,52.7464564303719,-1.030510368801572,158.31350173950196,164.69240020751954,-0.022762885670926103,5.278151931443583
2024-09-24,161.2618865966797,162.2899932861328,163.22000122070312,160.69000244140625,163.02999877929688,23332100,53.547417291534586,-0.7133695372847342,158.12000122070313,164.20760009765624,-0.023290865976666297,5.040963316460282
2024-09-25,160.46697998046875,161.49000549316406,162.80999755859375,161.3000030517578,161.47000122070312,18869200,51.82727909226856,-0.5205844985008241,157.96050186157225,163.75900024414062,-0.01937082417107927,4.870045671430228
2024-09-26,161.6990966796875,162.72999572753906,164.0800018310547,162.27999877929688,163.63999938964844,20319300,54.2789415437693,-0.2646929024265319,157.95450134277343,163.39320007324218,-0.000736938111628227,4.863773994248897
2024-09-27,162.91139221191406,163.9499969482422,165.6999969482422,162.6300048828125,162.80999755859375,21101300,56.61827943339708,0.03613044432509582,158.0630012512207,163.11839996337892,0.013413266073179164,4.97650132962375
2024-09-30,164.7993621826172,165.85000610351562,166.14999389648438,163.25999450683594,163.32000732421875,20413900,60.04681164172484,0.4229741905560047,158.18650131225587,162.88220001220702,0.015118136533750048,5.143251152013027
2024-10-01,165.93214416503906,166.99000549316406,169.16000366210938,164.5800018310547,167.69000244140625,28338100,61.98794944644399,0.8121768012723294,158.6680015563965,162.5886001586914,0.061197285494793086,5.500188267552185
2024-10-02,164.80929565429688,165.86000061035156,167.52000427246094,164.72999572753906,166.4199981689453,17760200,58.931529518135676,1.0177092058967219,159.13850173950195,162.27000030517578,0.06014703640564756,5.699340894931389
2024-10-03,164.80929565429688,165.86000061035156,166.63999938964844,163.9199981689453,164.41000366210938,15073100,58.93152951813569,1.1671410419312451,159.56950149536132,162.13460021972656,0.05482062335314697,5.871547314126821
2024-10-04,166.00169372558594,167.05999755859375,168.22999572753906,165.47999572753906,168.05999755859375,19047400,61.28267899098398,1.3666427664114167,160.37650146484376,162.1302001953125,0.10694407358513702,5.7275646236483695
2024-10-07,161.9475555419922,162.97999572753906,168.47999572753906,162.75,167.72000122070312,22463100,50.662674028297,1.181903028225861,161.09000091552736,162.04980010986327,0.09595849888655272,5.046021815680299
2024-10-08,163.3386993408203,164.3800048828125,164.72999572753906,162.8699951171875,163.94000244140625,23072700,53.632017126308355,1.1353765787492875,161.8760009765625,161.9468002319336,0.10574465783300568,4.153297735965457
2024-10-09,160.8346405029297,161.86000061035156,164.83999633789062,159.74000549316406,163.4499969482422,31181800,48.028752130229236,0.8849594860143384,162.4110008239746,161.77820037841798,0.07078590029780685,3.302239434891313
2024-10-10,161.05325317382812,162.0800018310547,163.07000732421875,160.39999389648438,160.8699951171875,14144100,48.534278244771116,0.6962287046283393,162.78050079345704,161.5890005493164,0.04777296058578595,2.7621126561728704
2024-10-11,162.20590209960938,163.24000549316406,163.89999389648438,161.24000549316406,162.1300048828125,15344300,51.22810130776717,0.6329643822335242,163.0695007324219,161.43860076904298,0.03670772598022398,2.4622318524170677
2024-10-14,163.91500854492188,164.9600067138672,166.22999572753906,163.39999389648438,163.63999938964844,19016100,54.990055913302015,0.7133931229519703,163.41450119018555,161.40460083007812,0.043654367087507806,2.1919411333124157
2024-10-15,164.41183471679688,165.4600067138672,167.67999267578125,164.6300048828125,165.7899932861328,20247200,56.05130136032776,0.8081632973273827,163.72150115966798,161.52880096435547,0.03853878425421753,2.010783375884824
2024-10-16,164.1137237548828,165.16000366210938,165.8000030517578,163.74000549316406,164.52999877929688,16406000,55.2101643201473,0.849271728423389,163.98900146484374,161.666201171875,0.033477292943165704,1.808751338309508
2024-10-17,161.89784240722656,162.92999267578125,166.3699951171875,162.75999450683594,165.72999572753906,21453400,49.28912214589642,0.6939082640944036,164.02850112915038,161.7460009765625,0.004872291162616449,1.7745501007967996
2024-10-18,162.384765625,163.4199981689453,164.7100067138672,163.0800018310547,163.19000244140625,19757700,50.54421214479878,0.6033657229597793,164.02000122070314,161.77380096435547,-0.0010391721544769084,1.777166247832546
2024-10-21,163.0306396484375,164.07000732421875,164.5,162.6199951171875,162.9499969482422,20946500,52.233111993231184,0.5774044541386729,164.1310012817383,161.78180114746092,0.013716411102778991,1.7022474170319097
2024-10-22,164.09385681152344,165.13999938964844,165.77000427246094,162.97999572753906,162.97999572753906,16568100,54.959784615229445,0.6358398133685341,164.27350158691405,161.83880126953125,0.01756119429058578,1.6587553848629357
2024-10-23,161.74880981445312,162.77999877929688,165.82000732421875,161.92999267578125,164.75999450683594,18280500,48.397630970336465,0.48611430751350326,164.3380012512207,161.811201171875,0.007988068872704535,1.5673882921322142
2024-10-24,161.68917846679688,162.72000122070312,163.3300018310547,161.00999450683594,162.8300018310547,22412500,48.239937302783304,0.35848210528899926,164.3375015258789,161.8582012939453,-6.141772935752687e-05,1.5679294500778225
2024-10-25,164.22303771972656,165.27000427246094,165.58999633789062,163.4199981689453,163.6699981689453,19828900,54.95740192629761,0.45781914636111765,164.40350189208985,161.93760131835938,0.008051279956018842,1.5785058400755505
2024-10-28,165.66384887695312,166.72000122070312,168.75,163.9499969482422,168.75,32138600,58.2735442595553,0.6460992724584571,164.4470016479492,162.0128012084961,0.005245674315166982,1.6315617830535487
2024-10-29,168.6051025390625,169.67999267578125,170.3800048828125,167.08999633789062,167.72999572753906,42169000,64.08625229942507,1.022373911572771,164.58150100708008,162.0730010986328,0.016108671741599023,1.9349066096728469
2024-10-30,173.3548126220703,174.4600067138672,182.02000427246094,174.05999755859375,180.67999267578125,68890800,71.09010397831744,1.686836655665502,165.01150131225586,162.21860137939453,0.05185099524821113,2.9324474840668833
2024-10-31,170.02603149414062,171.11000061035156,176.82000732421875,171.0,173.1300048828125,44769000,61.968919372972096,1.9209669608062825,165.27400131225585,162.32380126953126,0.0316532013787556,3.2320706603743337
2024-11-01,170.20489501953125,171.2899932861328,172.32000732421875,168.8800048828125,170.07000732421875,31796500,62.249180201584885,2.096869413775977,165.48550109863282,162.47360107421875,0.025320219019250523,3.4836993945824495
2024-11-04,168.16787719726562,169.24000549316406,170.72999572753906,168.00999450683594,169.92999267578125,21492700,57.08908250309061,2.047256988443877,165.79850158691406,162.54600128173828,0.03840968173842718,3.527683211215614
2024-11-05,168.66473388671875,169.74000549316406,170.52999877929688,168.83999633789062,169.42999267578125,18242100,58.00349231592127,2.024942330551852,166.06650161743164,162.61760131835936,0.032607375904221136,3.616724803286492
2024-11-06,175.39183044433594,176.50999450683594,176.94000244140625,173.5,173.8000030517578,33695500,67.95932129046456,2.5244391742564005,166.79900131225585,162.85420135498046,0.09051027950847201,4.162325037900711
2024-11-07,179.60499572753906,180.75,181.0800018310547,177.19000244140625,177.41000366210938,25352900,72.3761591108642,3.225248374057884,167.7325012207031,163.21220123291016,0.11519001701644926,5.0477040711178205
2024-11-08,177.22018432617188,178.35000610351562,180.89999389648438,178.0800018310547,180.64999389648438,22006200,66.76578160390937,3.546107939150801,168.4880012512207,163.54360137939454,0.09256309790423467,5.4543092454467805
2024-11-11,179.20753479003906,180.3500061035156,180.5500030517578,178.47000122070312,178.5800018310547,17450400,68.92739842312551,3.9166263113557704,169.25750122070312,163.8830014038086,0.0932953368287821,5.98971973315842
2024-11-12,180.46946716308594,181.6199951171875,182.49000549316406,179.38999938964844,179.82000732421875,25134900,70.25060027551203,4.263594230141422,170.06550064086915,164.3682012939453,0.0976670358249534,6.517228732591272
2024-11-13,177.746826171875,178.8800048828125,180.9600067138672,178.5399932861328,180.4600067138672,23184000,63.92564661857553,4.268272504167015,170.7515007019043,164.81680145263672,0.0830709670409795,6.6934013045573995
2024-11-14,174.46771240234375,175.5800018310547,178.82000732421875,174.32000732421875,178.27999877929688,31007500,57.24119188984211,3.9600484297828302,171.38400115966797,165.18360137939453,0.07764076427871713,6.510590959607913
2024-11-15,171.3972930908203,172.49000549316406,174.13999938964844,171.22000122070312,173.72999572753906,32504600,51.781208229847216,3.4269381402223758,171.8375015258789,165.6150015258789,0.05550120808863346,6.236787079940073
2024-11-18,174.18948364257812,175.3000030517578,175.44000244140625,172.89999389648438,173.4199981689453,20135300,55.90072942903304,3.194365061734061,172.39900131225585,166.1468014526367,0.06844636573549656,6.001763157481323
2024-11-19,176.99163818359375,178.1199951171875,178.8699951171875,173.55999755859375,173.72000122070312,23434900,59.628364497798366,3.2007032982036208,173.04800109863282,166.73600128173828,0.07859995019687949,5.875975644501874
2024-11-20,174.86517333984375,175.97999572753906,177.67999267578125,173.77999877929688,177.33999633789062,18997100,55.775399041266446,2.998481699702637,173.70800094604493,167.23240112304688,0.08109102498605636,5.382561660845005
2024-11-21,166.56809997558594,167.6300048828125,174.1300048828125,163.6999969482422,173.89999389648438,59734400,43.86519254923592,2.1397791069991285,173.9535011291504,167.491201171875,0.03017455521924295,4.949576919748497
2024-11-22,163.71627807617188,164.75999450683594,166.4600067138672,163.89999389648438,165.85000610351562,38604600,40.65197311099799,1.213674776660696,173.92800064086913,167.63720092773437,-0.003085918511771868,4.9977487714179665
2024-11-25,166.58795166015625,167.64999389648438,168.6300048828125,165.61000061035156,166.08999633789062,33135300,45.019429294403764,0.7048046711348661,173.9745002746582,167.8290008544922,0.005578170999112064,4.931036143836211
2024-11-26,168.04861450195312,169.1199951171875,169.82000732421875,167.5800018310547,167.6300048828125,20486700,47.14988654201845,0.41535035909942053,173.9465003967285,168.02500061035155,-0.0033003157871639432,4.958220056943073
2024-11-27,168.15792846679688,169.22999572753906,169.47999572753906,168.02000427246094,169.0,19266500,47.31440610334333,0.1926115552353167,173.68499984741212,168.21340057373047,-0.029978280322468964,5.066448217851632
2024-11-29,167.87969970703125,168.9499969482422,169.42999267578125,167.16000366210938,168.5,14257200,46.91407393100253,-0.006429992069200807,173.57699966430664,168.34960052490234,-0.012623479950935712,5.146615668432465
2024-12-02,170.4036102294922,171.49000549316406,172.0800018310547,168.57000732421875,168.77000427246094,23789100,50.96709143085199,0.040320816242314095,173.5870002746582,168.5076007080078,0.0011676817961989716,5.142130165730334
2024-12-03,170.25457763671875,171.33999633789062,172.67999267578125,170.85000610351562,171.49000549316406,22248700,50.72079822489915,0.0645229036299213,173.69199981689454,168.6974005126953,0.012408359587363638,5.069624273262938
2024-12-04,173.26536560058594,174.3699951171875,174.91000366210938,171.05999755859375,171.14999389648438,31615100,55.40814898521554,0.32445865359397885,173.9234992980957,168.9390005493164,0.02727694988916385,4.9846622303642185
2024-12-05,171.54632568359375,172.63999938964844,176.05999755859375,172.3300018310547,175.36000061035156,21356200,52.346611217931574,0.38640912725389853,173.72999954223633,169.16200042724608,-0.021925076412812494,4.953992886685962
2024-12-06,173.60325622558594,174.7100067138672,175.0800018310547,171.86000061035156,172.02999877929688,21462400,55.51399657860513,0.5956710897199855,173.4279998779297,169.40160064697267,-0.03341628374070715,4.68005171243352
2024-12-09,174.45875549316406,175.3699951171875,176.25999450683594,173.64999389648438,173.9600067138672,25389600,56.50660851827904,0.8054831427463682,173.27899932861328,169.63000061035157,-0.016708779839337384,4.561024662926476
2024-12-10,184.2078399658203,185.1699981689453,186.36000061035156,181.0500030517578,182.85000610351562,54813000,67.94425304283975,1.7424531355112833,173.51999893188477,170.01640045166016,0.026725766023335762,5.054914617297398
2024-12-11,194.3846893310547,195.3999938964844,195.61000061035156,184.85000610351562,185.30999755859375,67894100,75.2585474710902,3.2727574541420665,174.2089988708496,170.58460021972655,0.07587269656298345,6.840748255111027
2024-12-12,190.96255493164062,191.9600067138672,195.17999267578125,191.7100067138672,195.0,34817500,69.51462246472343,4.1600025159472125,174.86299896240234,171.10660034179688,0.07312165403631132,7.860114358985749
2024-12-13,188.83367919921875,189.82000732421875,192.72999572753906,189.63999938964844,191.00999450683594,25143500,66.13309228576938,4.637017897777639,175.57499923706055,171.5858004760742,0.08110266171922009,8.543713217115192
2024-12-16,195.6381378173828,196.66000366210935,199.0,192.6199951171875,192.8699951171875,44934900,70.99049700737127,5.503545122487594,176.78349914550782,172.17780059814453,0.14012405008534334,9.713681235680923
2024-12-17,194.4045867919922,195.4199981689453,201.4199981689453,194.97999572753906,197.25,43504000,69.0568034896958,6.0208119387175145,177.78949890136718,172.82660064697265,0.11477464213875122,10.55719780612312
2024-12-18,187.4210662841797,188.3999938964844,197.0,187.74000549316406,195.22000122070312,34166100,59.22193671459049,5.797464380539282,178.30349884033203,173.3070004272461,0.057713895469925,10.821089405177924
2024-12-19,187.53048706054688,188.50999450683597,193.02999877929688,188.3800048828125,191.6300048828125,32265200,59.31970286786134,5.5651839847235465,178.92999877929688,173.84000030517578,0.07120126766394774,11.039992815565379
2024-12-20,190.41543579101562,191.41000366210935,192.88999938964844,185.22000122070312,185.77999877929688,63462900,61.912303359188954,5.551116781189165,180.1189987182617,174.42660034179687,0.14186003750295817,11.039483275245884
2024-12-23,193.6186981201172,194.6300048828125,195.10000610351562,190.14999389648438,192.6199951171875,25675000,64.60930912036034,5.733701072023848,181.61249923706055,175.05440032958984,0.18129407241960815,10.871481384197793
2024-12-24,195.0909881591797,196.1100006103516,196.11000061035156,193.77999877929688,194.83999633789062,10403300,65.80774290553859,5.929472456817393,183.0354995727539,175.67740020751953,0.16975847151798806,10.810132755958545
2024-12-26,194.5836639404297,195.6000061035156,196.75,194.3800048828125,195.14999389648438,12046600,64.99103236871912,5.974598937727791,184.3595001220703,176.2802001953125,0.15657528234895834,10.636299427814388
2024-12-27,191.75840759277344,192.75999450683597,195.32000732421875,190.64999389648438,194.9499969482422,18891400,60.48901685218041,5.715314213489677,185.53600006103517,176.83220001220704,0.1390415373949443,10.165653745516709
2024-12-30,190.2462921142578,191.2400054931641,192.5500030517578,189.1199951171875,189.8000030517578,14264700,58.166640750531364,5.325786440263897,186.65050048828124,177.3984002685547,0.13193257737524822,9.448106911653232
2024-12-31,188.31637573242188,189.3000030517578,191.9600067138672,188.50999450683594,191.0800018310547,17466900,55.25094471014564,4.8051501104703505,187.54100036621094,177.91600036621094,0.10385443459154642,8.758115679190599
2025-01-02,188.44570922851562,189.42999267578125,192.0,187.5,190.64999389648438,20370800,55.41222272960337,4.352854151318127,188.44550018310548,178.42320007324219,0.10557953031711453,7.887767267292063
2025-01-03,190.79342651367188,191.7899932861328,193.2100067138672,189.97999572753906,191.3699951171875,18596200,58.347319195995745,4.137148201795924,189.31650009155274,178.95619995117187,0.09990249846160748,7.181898118997467
2025-01-06,195.84703063964844,196.8699951171875,198.22000122070312,193.85000610351562,193.97999572753906,29563600,63.86185377452233,4.326243137248184,190.5279998779297,179.6379998779297,0.1403498367307796,6.196809569767891
2025-01-07,194.47421264648438,195.4900054931641,201.0,194.60000610351562,197.11000061035156,26487200,61.48062661770348,4.315007881486679,191.56699981689454,180.2933999633789,0.11893994608637115,5.038957194537692
2025-01-08,192.9422149658203,193.9499969482422,196.2899932861328,192.3800048828125,192.57000732421875,24864800,58.843739357990074,4.134181767189887,192.49599990844726,180.86699981689452,0.10594743883432844,3.312699592738434
2025-01-10,191.04212951660156,192.0399932861328,196.52000427246094,190.30999755859375,194.3000030517578,26665200,55.655456954564116,3.793030738587504,192.83949966430663,181.3733996582031,0.03710101628299123,2.8347782995998085
2025-01-13,190.01748657226562,191.00999450683597,191.17999267578125,187.36000061035156,190.07000732421875,21823700,53.95761804532205,3.400356602860086,192.61999969482423,181.7999996948242,-0.022466732480933893,2.7957744979644454
2025-01-14,188.6745147705078,189.66000366210935,191.97999572753906,188.30999755859375,191.24000549316406,17174900,51.730151076573044,2.9462638467665556,192.50499954223633,182.10399963378907,-0.011981678325247103,2.870652143977862
2025-01-15,194.53390502929688,195.5500030517578,196.36000061035156,191.86000061035156,193.08999633789062,21776000,59.57186992443869,3.026775013710619,192.79149932861327,182.5927996826172,0.030186468793840238,2.87451095623761
2025-01-16,191.9076385498047,192.91000366210935,195.47999572753906,192.80999755859375,194.13999938964844,17815400,55.240121621650495,2.8447621588520065,192.60399932861327,183.02519989013672,-0.01906844264298424,2.7274341519558845
2025-01-17,194.9815673828125,196.0,197.22999572753906,193.75,196.52999877929688,27735100,58.99818329348351,2.9162359871694434,192.63299942016602,183.56039978027343,0.002967975828928493,2.761818575132176
2025-01-21,197.02090454101562,198.0500030517578,202.2899932861328,197.8699951171875,199.07000732421875,29971300,61.31856185209472,3.1025335492430486,193.1154998779297,184.1265997314453,0.05122085704830526,2.825584743797788
2025-01-22,197.3392333984375,198.3699951171875,200.47999572753906,197.52999877929688,199.05999755859375,26200600,61.68307714537104,3.238663102534474,193.60849990844727,184.56379974365234,0.05230492227293548,2.839873177650869
2025-01-23,196.95127868652344,197.97999572753903,200.3000030517578,195.1999969482422,198.13999938964844,26951400,60.92946154055767,3.2772984069072777,193.93699951171874,184.90839965820314,0.03432418337459264,2.950031791103097
2025-01-24,199.16970825195312,200.2100067138672,200.89999389648438,198.0,198.10000610351562,23877500,63.66320776381634,3.448112716571302,194.21599960327148,185.34559967041017,0.028669792380750403,3.265969717315149
2025-01-27,190.81333923339844,191.80999755859372,196.8800048828125,190.72999572753906,192.41000366210938,41728900,49.588302472806625,2.872560659430775,194.0009994506836,185.57479949951173,-0.021926485331574153,3.276243921305145
2025-01-28,194.28521728515625,195.3000030517578,195.47999572753906,190.67999267578125,192.75,24157900,54.12618127339036,2.667298823126572,193.9859992980957,185.84839965820314,-0.0015337578854625056,3.2692168577274616
2025-01-29,194.3946533203125,195.41000366210935,196.7899932861328,193.42999267578125,195.55999755859375,18218300,54.26591948806585,2.484859554789466,194.11849975585938,186.17899963378906,0.013747713378251758,3.270613749327608
2025-01-30,199.82626342773438,200.8699951171875,201.39999389648438,197.6699981689453,198.0,24354700,60.66998745717107,2.7491601921977917,194.59999923706056,186.6847994995117,0.05035551844495023,3.523615794175142
2025-01-31,202.9599151611328,204.0200042724609,205.47999572753906,201.8000030517578,202.0,32001100,63.81784417831923,3.1761866619019656,195.33599929809571,187.31539947509765,0.07776017423876325,3.877832482878725
2025-02-03,200.18441772460938,201.22999572753903,203.75,200.10000610351562,200.69000244140625,27838300,59.29136311916717,3.251990916213117,195.9259994506836,187.8339993286133,0.06229215809533439,3.8293216839657203
2025-02-04,205.30764770507812,206.3800048828125,207.0500030517578,202.80999755859375,203.38999938964844,43856400,64.32183005757221,3.6851489293709108,196.65550003051757,188.39919952392577,0.07607285107368855,4.353743986433587
2025-02-05,190.33584594726562,191.3300018310547,192.75,188.02999877929688,191.07000732421875,70373900,46.31143476200993,2.781951699888509,196.37850036621094,188.7061996459961,-0.028140363811332003,4.512713000883309
2025-02-06,190.6044158935547,191.6000061035156,192.10000610351562,188.72000122070312,189.5,29297400,46.60031794166214,2.0641541919731026,196.18400039672852,189.18559967041017,-0.019898712365551185,4.635191323224923
2025-02-07,184.376953125,185.33999633789065,191.17999267578125,183.24000549316406,191.0500030517578,49315000,41.08116682337935,0.9788801039898374,195.75350036621094,189.59719970703125,-0.04439288860957913,5.216925998233383
2025-02-10,185.5010986328125,186.47000122070312,188.1999969482422,185.86000061035156,187.35000610351562,23105600,42.40716180292849,0.20758164845534566,195.47500076293946,189.97359985351562,-0.029004333785466185,5.562808839540986
2025-02-11,184.35708618164062,185.32000732421875,186.94000244140625,184.27999877929688,185.02999877929688,21239500,41.38635210068137,-0.4908150209673465,195.19050140380858,190.29760009765624,-0.0297889500353532,5.936155120538139
2025-02-12,182.6559600830078,183.6100006103516,185.11000061035156,181.8300018310547,183.22000122070312,22072600,39.85023803699501,-1.1688093571372917,194.88800125122071,190.5852001953125,-0.031899203495409645,6.371037597046978
2025-02-13,185.1728057861328,186.13999938964844,186.27999877929688,183.13999938964844,184.32000732421875,21402500,43.208808592695725,-1.484858471661198,194.41750106811523,190.92900024414064,-0.04812070322299489,6.660465302762855
2025-02-14,184.2675323486328,185.22999572753903,186.39999389648438,184.32000732421875,185.05999755859375,20448400,42.29404824399154,-1.7881467199417784,194.03350067138672,191.20380004882813,-0.03981135134921354,6.966320265531339
2025-02-18,182.8151092529297,183.7700042724609,185.9600067138672,181.74000549316406,185.60000610351562,29916700,40.80158404809395,-2.1218545323052354,193.42200088500977,191.45240020751953,-0.06239793738540356,7.312773042113034
2025-02-19,184.3073272705078,185.2700042724609,185.4600067138672,183.58999633789062,184.07000732421875,19549400,43.02605424285215,-2.2394677239597343,192.78300094604492,191.670400390625,-0.06452915214526411,7.44427214645522
2025-02-20,183.60101318359375,184.55999755859372,185.30999755859375,182.72000122070312,184.8000030517578,20441500,42.217398175269125,-2.362732523952417,192.09250106811524,191.90880035400392,-0.06961737106680621,7.538651447295947
2025-02-21,178.72647094726562,179.66000366210938,185.33999633789062,179.0800018310547,185.14999389648438,35199200,37.04303760706519,-2.8232644869260355,191.17650146484374,192.00780029296874,-0.09253456137377492,7.890425044098702
2025-02-24,178.318603515625,179.25,183.1199951171875,178.88999938964844,181.99000549316406,29854200,36.63838860942777,-3.184613018006104,190.12850112915038,192.085400390625,-0.10469010544424218,8.01836203968177
2025-02-25,174.5084991455078,175.4199981689453,178.74000549316406,174.69000244140625,178.0399932861328,41913400,33.01075615909207,-3.7369561668509164,189.30900115966796,191.890400390625,-0.08544914028603556,8.650127748607268
2025-02-26,171.8324737548828,172.72999572753906,176.0800018310547,171.5800018310547,175.07000732421875,35431300,30.710815463726348,-4.341704342418723,188.18050079345704,191.4370004272461,-0.115565831907526,9.276939567931644
2025-02-27,167.6244659423828,168.5,174.55999755859375,167.94000244140625,173.99000549316406,39991000,27.469749953518843,-5.1034673375257,186.83500061035156,190.96780029296875,-0.13771047110075507,10.089127895367938
2025-02-28,169.39520263671875,170.27999877929688,170.61000061035156,166.77000427246094,168.67999267578125,48130600,30.78023070839572,-5.500136820386103,185.30550079345704,190.5770001220703,-0.15228753463176237,10.167852211011462
2025-03-03,166.14219665527344,167.00999450683594,173.3699951171875,165.92999267578125,171.92999267578125,40770500,28.230987550673774,-6.009093174044182,183.4550003051758,189.98399993896484,-0.1814038280099216,9.948089003977252
2025-03-04,170.03189086914062,170.9199981689453,173.2899932861328,165.8000030517578,166.24000549316406,45388000,35.14739175755729,-6.027459333647386,181.9395004272461,189.49399993896483,-0.15062365552913293,9.390829906939121
2025-03-05,172.12100219726562,173.02000427246094,173.77999877929688,169.05999755859375,170.52000427246094,30954900,38.57145442773561,-5.805637925265245,180.27150039672853,189.18640014648437,-0.16164356924642076,7.616259311349766
2025-03-06,171.4544677734375,172.35000610351562,174.80999755859375,170.5,170.52999877929688,28302000,37.88421154180976,-5.619132254964143,179.32250061035157,188.86320037841796,-0.0992003112209161,7.3434120781119905
2025-03-07,172.95660400390625,173.86000061035156,174.97000122070312,170.27000427246094,171.25999450683594,27385800,40.45902979739946,-5.288518481334336,178.43550033569335,188.51220031738282,-0.09258875223406648,6.836260494408181
2025-03-10,165.1981658935547,165.8699951171875,168.4600067138672,163.69000244140625,168.25999450683594,43604000,32.72824348943591,-5.60660193471054,177.4620002746582,187.93700012207032,-0.10505018671311328,7.1789916546602415
2025-03-11,163.3755645751953,164.0399932861328,166.75,161.3699951171875,164.91000366210938,39587400,31.25518688898255,-5.937902770064227,176.3404998779297,187.29559997558593,-0.1202874874657317,7.444784222014567
2025-03-12,166.43313598632812,167.11000061035156,167.63999938964844,163.52999877929688,166.5800018310547,28372400,36.42478899751857,-5.884899674804643,175.42999954223632,186.72579986572265,-0.0982624972705114,7.402210820742508
2025-03-13,162.1007537841797,162.75999450683594,166.1300048828125,162.11000061035156,166.0399932861328,31756200,32.67530139124291,-6.123317683359744,174.38749923706055,186.12579986572266,-0.11355593940529718,7.6534899093451365
2025-03-14,164.81971740722656,165.49000549316406,166.49000549316406,162.4499969482422,163.27000427246094,31995900,37.05453898450512,-6.022552367126195,173.35499954223633,185.61079986572267,-0.11093797122700944,7.372299758114365
2025-03-17,163.62457275390625,164.2899932861328,166.3000030517578,163.6699981689453,165.02999877929688,31184300,35.947658698534624,-5.970699576140873,172.30799942016603,185.11059967041015,-0.11304865801653186,7.0781349374278975
2025-03-18,160.0192108154297,160.6699981689453,164.25,156.72000122070312,163.67999267578125,42074800,32.76776192538573,-6.150806548949191,171.15299911499022,184.53539978027345,-0.1257006343062771,6.993549258711938
2025-03-19,163.22618103027344,163.88999938964844,165.8699951171875,161.0,161.75999450683594,34275600,38.01980284022082,-5.964955144809011,170.0839988708496,183.97739990234376,-0.11539917088451468,6.32410173942508
2025-03-20,162.14059448242188,162.8000030517578,164.88999938964844,160.9600067138672,161.57000732421875,28138500,36.96706746213912,-5.838319648350733,168.99599914550782,183.29600006103516,-0.11790200907391968,5.523720058646083
2025-03-21,163.32579040527344,163.99000549316406,164.24000549316406,160.88999938964844,161.2100067138672,36625800,38.95440300497513,-5.577641276616276,168.21249923706054,182.66600006103516,-0.08722029305095769,5.019853847872284
2025-03-24,167.00083923339844,167.67999267578125,168.32000732421875,165.13999938964844,167.07000732421875,30879100,44.76934721112187,-5.015485269645524,167.6339988708496,182.14059997558593,-0.06454676331502784,4.2953071521674735
2025-03-25,169.8691864013672,170.55999755859375,170.6300048828125,168.32000732421875,168.97999572753906,24174400,48.863597848907375,-4.288149145103375,167.39099884033203,181.71100006103515,-0.027704940491852792,3.9556908376072135
2025-03-26,164.39144897460938,165.05999755859375,169.61000061035156,164.83999633789062,169.0,28901600,42.39948435803221,-4.108177547298595,167.00749893188475,181.1920001220703,-0.044404552530898145,3.778676638789543
2025-03-27,161.58287048339844,162.24000549316406,165.4199981689453,162.0,164.6300048828125,24508300,39.513221684397394,-4.14531395255932,166.69449920654296,180.6436001586914,-0.03715130271119249,3.905674706580179
2025-03-28,153.7049102783203,154.3300018310547,161.82000732421875,153.6300048828125,160.49000549316406,48669300,32.77389102873694,-4.758166824854271,165.89699935913086,179.81920013427734,-0.09366923339549282,4.685568388756544
2025-03-31,154.01365661621094,154.63999938964844,155.5399932861328,150.66000366210938,153.11000061035156,54603500,33.254357969938226,-5.15936893579746,165.27849960327148,179.05380004882812,-0.07406739431202836,5.306237256101389
2025-04-01,156.43382263183594,157.07000732421875,158.10000610351562,153.6199951171875,153.6199951171875,30672900,37.052227194502244,-5.221058060008943,164.58600006103515,178.2752001953125,-0.08103200908671071,5.4334667117758535
2025-04-02,156.40390014648438,157.0399932861328,158.41000366210938,154.6999969482422,155.14999389648438,25041700,37.02420486389226,-5.21228504002184,163.78699951171876,177.455,-0.09235932604165131,5.301292808084488
2025-04-03,150.1095428466797,150.72000122070312,152.77999877929688,150.38999938964844,151.11000061035156,46883400,31.604073796728514,-5.650171242801008,162.70549926757812,176.5020001220703,-0.1255004590473947,5.656849179667746
2025-04-04,145.01028442382812,145.60000610351562,151.07000732421875,145.3800048828125,148.00999450683594,62259500,28.024731695166793,-6.337287721645197,161.29249954223633,175.45440032958984,-0.1625445439297516,6.22491826998634
2025-04-07,146.15562438964844,146.75,152.85000610351562,140.52999877929688,141.5500030517578,76794100,29.943915946885767,-6.711669635303394,160.33649978637695,174.3852001953125,-0.11527096931352276,6.914875872940699
2025-04-08,144.11390686035156,144.6999969482422,152.24000549316406,143.02999877929688,151.22000122070312,52200200,28.485757215167766,-7.092035541753518,159.36949996948243,173.44300018310548,-0.11789805614144422,7.679697233657051
2025-04-09,158.06716918945312,158.7100067138672,159.5500030517578,143.91000366210938,144.4199981689453,70406200,47.353959867489365,-6.191614483831216,158.9495002746582,172.71120025634767,-0.050266254956641054,7.460664668858845
2025-04-10,152.20101928710938,152.82000732421875,157.72000122070312,149.92999267578125,156.5399932861328,48022000,42.30095564062669,-5.885454181968555,158.45250091552734,171.85940032958985,-0.0610714396540466,7.524274677400766
2025-04-11,156.5035400390625,157.13999938964844,157.6699981689453,152.82000732421875,152.89999389648438,33636200,46.78604671759416,-5.233899545010871,158.03500061035157,170.98480041503908,-0.050456256126358845,7.342699698831752
2025-04-14,158.42572021484375,159.07000732421875,161.72000122070312,157.55999755859375,160.0,30333000,48.70446386814611,-4.509815939565385,157.77400131225585,170.0858004760742,-0.0317730000318569,7.200049090946675
2025-04-15,155.6768798828125,156.30999755859375,159.64999389648438,155.2100067138672,159.1300048828125,27551500,46.14260142236672,-4.111291774840964,157.55600128173828,169.18740051269532,-0.027136370573471957,7.173707329948822
2025-04-16,152.70896911621094,153.3300018310547,155.88999938964844,151.50999450683594,153.10000610351562,28187400,43.483117209546165,-3.9899258716287704,157.0280014038086,168.12640045166015,-0.06443344681140284,7.070856875654288
2025-04-17,150.54774475097656,151.16000366210938,154.67999267578125,148.5,154.2899932861328,33046600,41.60273707417577,-4.022474651858346,156.44600143432618,167.32300048828125,-0.07149876640940733,7.049771318974494
2025-04-21,147.07186889648438,147.6699981689453,148.9499969482422,146.10000610351562,148.8800048828125,26049100,38.70385446468496,-4.280540662582865,155.63000106811523,166.44440032958985,-0.09951830463777289,7.075068686547594
2025-04-22,150.8564910888672,151.47000122070312,152.19000244140625,148.5399932861328,148.88999938964844,26971800,43.33379458879294,-4.13081389577286,154.81950149536132,165.7670004272461,-0.09667218608734707,6.529449284849145
2025-04-23,154.7207794189453,155.35000610351562,157.52999877929688,153.80999755859375,155.61000061035156,31128800,47.67937824842569,-3.656915738580267,154.05900192260742,165.14460052490233,-0.08917678044556099,5.385123162958371
2025-04-24,158.63487243652344,159.27999877929688,159.58999633789062,155.7899932861328,156.14999389648438,45894000,51.71817341398152,-2.9304500659188477,153.77000198364257,164.62380035400392,-0.03501756249114851,4.896604419737818
2025-04-25,161.30401611328125,161.9600067138672,166.10000610351562,161.0399932861328,165.07000732421875,56034000,54.308437044495435,-2.114096554769219,153.75600204467773,164.19080047607423,-0.0017258306818084268,4.871448828517887
2025-04-28,159.95948791503906,160.61000061035156,163.14999389648438,158.60000610351562,162.42999267578125,29745800,52.772572631220186,-1.5581038741800626,154.07000198364258,163.68020050048827,0.040692015193336095,5.107090846834513
2025-04-29,159.51129150390625,160.16000366210938,160.74000549316406,157.52000427246094,160.32000732421875,26809000,52.242218804177455,-1.140638096094733,154.34600219726562,163.1788006591797,0.035695837391670704,5.285555602329763
2025-04-30,158.1568145751953,158.8000030517578,159.27000427246094,155.39999389648438,157.97999572753906,34981100,50.58753440716387,-0.909055120972198,154.43250198364257,162.6794006347656,0.011014169776971228,5.346288126504005
2025-05-01,160.6466827392578,161.3000030517578,161.9499969482422,158.91000366210938,160.4499969482422,30203200,53.50297573803966,-0.5178256661500029,154.64550247192383,162.20000061035157,0.02712691000860601,5.537096492454071
2025-05-02,163.36563110351562,164.02999877929688,164.97000122070312,161.8699951171875,163.41000366210938,25715000,56.51990357309963,0.012371721632888466,155.3110023498535,161.78940063476563,0.08830943106949407,5.832444296155905
2025-05-05,163.54489135742188,164.2100067138672,165.38999938964844,162.72000122070312,163.0,21341800,56.719314182667,0.44198715445830317,156.2415023803711,161.48040069580077,0.12781593289989712,5.684248537687973
2025-05-06,162.56884765625,163.22999572753906,164.8000030517578,161.19000244140625,162.1699981689453,21277200,55.234100214624604,0.695366037056516,157.06550216674805,161.16000061035157,0.1122998005283753,5.424475993095811
2025-05-07,150.76686096191406,151.3800048828125,165.0,147.83999633789062,164.0800018310547,127490100,41.189332475215984,-0.0593405586302822,157.39950256347657,160.6792007446289,0.04616453403906906,4.791779643856258
2025-05-08,153.6551055908203,154.27999877929688,155.92999267578125,152.89999389648438,155.0,57498700,44.882990438434426,-0.4186201098490301,157.17800216674806,160.31020080566407,-0.027912593706564626,4.830247488301042
2025-05-09,152.1313018798828,152.75,155.0500030517578,152.1999969482422,154.1699981689453,32435300,43.336548664229745,-0.8173875228577572,157.17450180053712,159.99520080566407,-0.0004581031335133545,4.833596047493077
2025-05-12,157.8181915283203,158.4600067138672,159.10000610351562,156.25,157.49000549316406,44138800,50.228786217226286,-0.664998065586218,157.24050216674806,159.75880096435546,0.008400199372189388,4.842104673728434
2025-05-13,158.88385009765625,159.52999877929688,160.57000732421875,156.16000366210938,158.7899932861328,42382100,51.42121509068863,-0.45267079822426126,157.26350173950195,159.60920104980468,0.002891754786561229,4.852333685786966
2025-05-14,164.70021057128906,165.3699951171875,167.0,159.61000061035156,159.9600067138672,48755900,57.41774021349181,0.18470976923549642,157.71650161743165,159.49820098876953,0.057961727977108746,5.171071296099799
2025-05-15,163.29591369628906,163.9600067138672,166.2100067138672,162.3699951171875,165.83999633789062,33146700,55.63221092231123,0.569499346675741,158.24800186157228,159.31700103759766,0.06932762509534873,5.2422861322764245
2025-05-16,165.51687622070312,166.19000244140625,169.35000610351562,165.6199951171875,167.72999572753906,42846900,57.863971763322404,1.0423740383579343,158.9995018005371,159.19380096435546,0.09943105593523072,5.250014163037059
2025-05-19,165.86544799804688,166.5399932861328,166.63999938964844,164.22000122070312,164.50999450683594,30426100,58.21918902926306,1.4289004990745298,159.9430015563965,159.0474008178711,0.1277848943669575,4.781476588987393
2025-05-20,163.31582641601562,163.97999572753906,168.5,162.89999389648438,166.42999267578125,46607700,54.59382560026594,1.5112345248868735,160.5685012817383,159.0096008300781,0.0825905750710858,4.419266658447082
2025-05-21,167.87725830078125,168.55999755859375,173.13999938964844,163.55999755859375,163.69000244140625,73416000,59.45792213136008,1.9238754658224195,161.2290008544922,159.10000091552735,0.08503373631202704,4.5824296317936835
2025-05-22,170.17791748046875,170.8699951171875,176.77000427246094,170.7100067138672,171.85000610351562,74864400,61.687187935579395,2.4095184531005316,161.80850067138672,159.17520080566408,0.07276491980609623,5.0336150335052166
2025-05-23,167.78762817382812,168.47000122070312,169.9600067138672,167.88999938964844,169.05999755859375,35211400,58.11195271813911,2.571096568734447,162.1340003967285,159.2894009399414,0.040195074320644286,5.249771723702531
2025-05-27,172.19967651367188,172.89999389648438,173.1699981689453,170.0,170.16000366210938,37995700,62.43929221252994,3.0217785927978866,162.74850006103514,159.4376007080078,0.07652072249192621,5.756798286913493
2025-05-28,171.661865234375,172.36000061035156,175.27000427246094,171.91000366210938,173.16000366210938,34784000,61.603864560421066,3.2973644339219277,163.35849990844727,159.59900085449217,0.07617380537765595,6.103978153774593
2025-05-29,171.16392517089844,171.86000061035156,174.4199981689453,170.6300048828125,174.0,29317300,60.79277433917399,3.4358164241596114,164.01149978637696,159.8228009033203,0.08224179664742892,6.286492958021807
2025-05-30,171.04440307617188,171.74000549316406,172.2100067138672,167.44000244140625,171.35000610351562,52639900,60.586608785015116,3.4955633424999917,164.53349990844725,159.97980102539063,0.0647241304642523,6.479960135854711
2025-06-02,168.34536743164062,169.02999877929688,169.8699951171875,167.38999938964844,167.83999633789062,38612300,55.970119297054175,3.2863552547088943,164.78349990844725,160.1044009399414,0.030482229087421597,6.555523073559918
2025-06-03,165.50689697265625,166.17999267578125,168.47999572753906,165.27999877929688,167.49000549316406,45084900,51.523775946759244,2.857643528042672,164.88199920654296,160.14820068359376,0.011996747344068526,6.561249993079512
2025-06-04,167.3693389892578,168.0500030517578,168.22000122070312,166.36000061035156,166.74000549316406,26900800,54.100329878985,2.638367150783324,165.1229995727539,160.1556008911133,0.029528931264963365,6.5858522099725665
2025-06-05,167.5286865234375,168.2100067138672,170.92999267578125,167.58999633789062,170.33999633789062,36379100,54.32403133438784,2.4492663820927874,165.96449966430663,160.10860107421874,0.11117717854536502,5.760997717228229
2025-06-06,172.9765167236328,173.67999267578125,174.5,170.8300018310547,170.8300018310547,35731800,61.27291480237928,2.709550798090845,166.93449935913085,160.2810009765625,0.1257453594113438,5.305290718654564
2025-06-09,175.58908081054688,176.08999633789062,176.47000122070312,174.3699951171875,174.5399932861328,28935900,63.8802013119599,3.074850267453172,168.10149917602538,160.55800079345704,0.15279866669650155,4.531535199289863
2025-06-10,178.09194946289062,178.60000610351562,181.11000061035156,174.91000366210938,176.1999969482422,61766100,66.4161845211006,3.526241225978282,169.1084991455078,161.04340087890625,0.12709831210606626,4.5139590863034575
2025-06-11,176.8455047607422,177.35000610351562,180.3699951171875,176.75,179.77000427246094,31646800,64.00604956706064,3.7399949259512084,169.99949951171874,161.49760101318358,0.1117031747042887,4.276236913364701
2025-06-12,175.2001953125,175.6999969482422,176.72000122070312,174.75,176.17999267578125,20941900,60.866228802559625,3.7332200867520555,170.5159996032715,161.87020080566407,0.06246599828302868,4.311342163951045
2025-06-13,174.17312622070312,174.6699981689453,177.1300048828125,172.38999938964844,172.44000244140625,27663100,58.92308756327503,3.6032032008629074,171.0514991760254,162.22280090332032,0.06532075516298641,4.1148333681673535
2025-06-16,176.26715087890625,176.77000427246094,176.94000244140625,174.64999389648438,174.72999572753906,27389200,61.6138251315466,3.6277978289981547,171.58049926757812,162.74380096435547,0.06366208361291092,4.136967789958164
2025-06-17,175.44947814941406,175.9499969482422,177.36000061035156,174.5800018310547,175.6999969482422,24973000,59.962120484058474,3.5403110094627266,172.0509994506836,163.35080078125,0.05650296650331921,4.068065286919642
2025-06-18,172.82696533203125,173.32000732421875,176.55999755859375,173.1999969482422,176.00999450683594,28707500,54.88059597006757,3.2216220382868244,172.51800003051758,163.88220092773437,0.0569582378340745,3.6022028161649393
2025-06-20,166.1659698486328,166.63999938964844,174.33999633789062,165.4600067138672,173.9499969482422,75659900,44.552954008599386,2.4023451796130644,172.4220001220703,164.3210009765625,-0.011390592054783877,3.7363240150603088
2025-06-23,164.72010803222656,165.19000244140625,167.33999633789062,162.0,166.27000427246094,57671000,42.67563888317822,1.6174151756115975,172.13800048828125,164.45060089111328,-0.03324160378120078,4.062162898356613
2025-06-24,166.29559326171875,166.77000427246094,168.22000122070312,166.1300048828125,166.9199981689453,40524300,45.37657781921723,1.1100494760864592,172.05300064086913,164.7296008300781,-0.010090799168542275,4.159572638143322
2025-06-25,170.19447326660156,170.67999267578125,172.36000061035156,167.5500030517578,167.6300048828125,35479000,51.47033815905934,1.0117985074802505,171.94200057983397,165.00040069580078,-0.012839799300584431,4.165397429284842
2025-06-26,173.04632568359375,173.5399932861328,173.69000244140625,169.94000244140625,172.42999267578125,31796700,55.39054283983793,1.1514389823897204,172.00100021362306,165.28980041503905,0.00684609347646048,4.179961071728131
2025-06-27,178.0221405029297,178.52999877929688,178.67999267578125,171.72999572753906,173.5399932861328,108140200,61.26919287237097,1.6457852173729748,172.33450012207032,165.73420043945313,0.038810649047231305,4.426908831618938
2025-06-30,175.7286834716797,176.22999572753906,181.22999572753906,174.5800018310547,180.77999877929688,63378900,57.5074683429818,1.8308621071213622,172.55899963378906,166.1922003173828,0.02614411372284331,4.508275290472641
2025-07-01,175.3397979736328,175.83999633789062,176.08999633789062,173.52999877929688,175.74000549316406,35904500,56.869869877942236,1.9238897804608825,172.89949951171874,166.68580017089843,0.04028869199416829,4.484820390717725
2025-07-02,178.13182067871094,178.63999938964844,178.86000061035156,175.07000732421875,175.5399932861328,29128900,60.27523447726878,2.1982121066595823,173.52249984741212,167.3052001953125,0.07497898220622012,4.366123435146473
2025-07-03,179.01930236816406,179.52999877929688,179.6699981689453,177.0500030517578,178.5,21689700,61.320624122128564,2.459083258192777,174.09649963378905,167.86640014648438,0.06831297541841352,4.363424236649965
2025-07-07,176.28709411621094,176.7899932861328,179.3000030517578,175.67999267578125,179.05999755859375,34175600,56.3997689395367,2.4168698104157613,174.52549896240234,168.29519989013673,0.05100758712209408,4.171792817877639
2025-07-08,173.864013671875,174.36000061035156,177.9499969482422,172.80999755859375,177.85000610351562,40442500,52.38484007777947,2.162408350865263,174.55949935913085,168.59679992675783,0.0039152922803245005,4.167307847841055
2025-07-09,176.1175537109375,176.6199951171875,179.44000244140625,172.77000427246094,175.25,43025600,55.5538376094871,2.118685591354051,174.58599929809571,168.8899996948242,0.0030098176518777997,4.179220628088379
2025-07-10,177.11471557617188,177.6199951171875,178.42999267578125,174.3800048828125,175.6300048828125,29252400,56.92008330982711,2.1400573827187372,174.5369987487793,169.23019958496093,-0.005487183386545413,4.135193466015651
2025-07-11,179.67742919921875,180.19000244140625,181.42999267578125,176.47999572753906,176.7899932861328,34282900,60.29783538617819,2.33742837466329,174.67899856567382,169.63079956054688,0.016013511362570565,4.282994749356449
2025-07-14,181.04351806640625,181.55999755859372,183.6699981689453,179.67999267578125,181.00999450683594,32536600,62.00791143924584,2.5747137665930495,174.9719985961914,170.0859994506836,0.033352309118581225,4.548716218676569
2025-07-15,181.48226928710938,182.0,184.22000122070312,181.60000610351562,182.80999755859375,33448300,62.565601430103,2.766379567372809,175.33849868774413,170.49999938964845,0.041964858921936354,4.810846947289715
2025-07-16,182.44952392578125,182.97000122070312,184.3300018310547,182.02999877929688,183.24000549316406,33104200,63.82625296323229,2.9623984024856895,175.64849853515625,170.87879943847656,0.035073806632294646,5.099067733255712
2025-07-17,183.0577850341797,183.5800018310547,184.05999755859375,180.47999572753906,182.13999938964844,31992600,64.63286872261786,3.1308759042974827,176.02999877929688,171.26619934082032,0.04336462071696978,5.399397323739147
2025-07-18,184.5335693359375,185.05999755859372,186.4199981689453,183.7100067138672,185.39999389648438,34014500,66.57999700736421,3.345256786782244,176.61699829101562,171.7027993774414,0.06773592048385813,5.718031467783902
2025-07-21,189.55923461914062,190.1000061035156,190.2899932861328,186.14999389648438,186.25,45803100,72.19417320647511,3.8771483958819317,177.78999862670898,172.47719940185547,0.1407825660093256,5.9646069721319135
2025-07-22,190.7957000732422,191.33999633789065,191.64999389648438,187.4600067138672,191.5,44660200,73.3790541421498,4.34860516363517,179.0974983215332,173.21839935302734,0.15830252139962253,5.9232175438876995
2025-07-23,189.6888427734375,190.22999572753903,192.52999877929688,189.17999267578125,191.5,58681900,70.48360050154429,4.579876312888047,180.2704978942871,173.96799926757814,0.1406727280329758,5.671036498519917
2025-07-24,191.62335205078125,192.1699981689453,197.9499969482422,191.0,197.02999877929688,74881700,72.5242035843881,4.863637364604159,181.34499816894532,174.6421990966797,0.12590816976413777,5.792834702952767
2025-07-25,192.63046264648438,193.17999267578125,194.3300018310547,191.25999450683594,191.97999572753906,39785900,73.54945687389142,5.111100572452926,182.32699813842774,175.3151989746094,0.11317275642200819,6.0586791116189165
2025-07-28,192.0321807861328,192.5800018310547,194.0500030517578,190.83999633789062,193.64999389648438,38139500,71.83461166234615,5.198873325205824,183.0294982910156,175.85939910888672,0.07869827562776588,6.400168625549271
2025-07-29,195.19314575195312,195.75,195.9199981689453,192.0800018310547,192.42999267578125,41389200,75.1334434837791,5.461272078586717,184.00549850463867,176.49519897460937,0.11076436898199726,6.785462054435676
2025-07-30,195.970947265625,196.52999877929688,197.60000610351562,194.69000244140625,195.60000610351562,32445400,75.8819677735059,5.666840553474771,185.03999862670898,177.10199890136718,0.1176638015940854,7.047176672424866
2025-07-31,191.35409545898438,191.8999938964844,195.99000549316406,191.08999633789062,195.7100067138672,51329200,63.636656914228,5.393973977011996,185.70299835205077,177.60919891357423,0.07422746614498887,7.0371175848081755
2025-08-01,188.59197998046875,189.1300048828125,190.8300018310547,187.82000732421875,189.02999877929688,34832200,57.64340993833062,4.897752048755251,186.18299865722656,178.1121990966797,0.053472991526710256,6.920335777992879
2025-08-04,194.4851837158203,195.0399932861328,195.27000427246094,190.1199951171875,190.2899932861328,31547400,65.17860144040321,4.92461141293569,187.09549865722656,178.64179901123046,0.10322982461152397,6.819069921447742
2025-08-05,194.11622619628906,194.6699981689453,197.86000061035156,193.88999938964844,194.7100067138672,31602300,64.40610869007128,4.860018866544323,188.11099853515626,179.11779907226563,0.11648312392462778,6.316435993700697
2025-08-06,195.5321807861328,196.08999633789065,196.6300048828125,193.6699981689453,194.5,21562900,66.06826519671952,4.8673035474749895,189.0844985961914,179.67019897460938,0.11023667624826272,5.94145608856863
2025-08-07,195.9609832763672,196.5200042724609,197.5399932861328,194.3300018310547,197.05999755859375,26321800,66.5772582852386,4.851845699138806,190.02949905395508,180.14259918212892,0.10640699062514813,5.5093628246241675
2025-08-08,200.84703063964844,201.4199981689453,202.61000061035156,197.1699981689453,197.22000122070312,39161800,71.77327022000844,5.17532586441672,191.09099884033202,180.7237991333008,0.11782005349848745,5.558779857147414
2025-08-11,200.42822265625,201.0,201.47999572753906,199.07000732421875,200.94000244140625,25832400,70.75786514502576,5.336282540380552,192.06299896240233,181.30659912109374,0.10707205718667479,5.5038420566576445
2025-08-12,202.7615509033203,203.33999633789065,204.5,200.58999633789062,201.3699951171875,30397900,73.04585754998189,5.588242236077008,193.12999877929687,181.93859893798827,0.11725272713126733,5.518820525268786
2025-08-13,201.385498046875,201.9600067138672,204.52999877929688,197.50999450683594,204.1300048828125,28342900,69.58786281161555,5.611878241488881,194.0794990539551,182.59719909667967,0.1037875354783313,5.30839798469742
2025-08-14,202.3627166748047,202.94000244140625,204.44000244140625,201.22999572753906,201.5,25230400,70.65044681784283,5.6446197483077185,195.04749908447266,183.33239929199217,0.10545811317818932,5.051999558687262
2025-08-15,203.31997680664062,203.8999938964844,206.44000244140625,201.27999877929688,203.85000610351562,34931400,71.69378709015845,5.682526289971889,195.9894989013672,184.04939910888672,0.10180480161265293,4.84388108770784
2025-08-18,202.92111206054688,203.5,205.27000427246094,202.49000549316406,204.1999969482422,18526600,70.56813598085922,5.615558668023766,196.6594985961914,184.75519897460939,0.07048918183194419,4.9126260817383685
2025-08-19,200.99661254882812,201.57000732421875,203.44000244140625,199.9600067138672,203.02999877929688,24240200,65.24512537279202,5.345136657682701,197.1709991455078,185.31299926757814,0.05346509450257719,4.861921543530586
2025-08-20,198.7530059814453,199.32000732421875,201.27999877929688,196.60000610351562,200.72999572753906,28955500,59.60079674293974,4.892867143510301,197.6254997253418,185.77759948730468,0.04778432319211667,4.596546947529498
2025-08-21,199.18179321289062,199.75,202.47999572753906,199.42999267578125,199.75,19774600,60.30749809062688,4.517067171859054,198.00449981689454,186.20059936523438,0.039444251981470835,4.432623173538676
2025-08-22,205.50375366210938,206.08999633789065,208.5399932861328,201.3000030517578,202.72999572753906,42827000,68.9359646980079,4.6769151392933,198.65,186.77539916992188,0.06682888576239154,4.628747647393979
2025-08-25,207.8969268798828,208.4900054931641,210.52000427246094,205.27999877929688,206.42999267578125,29928900,71.46476843347071,4.940307694378447,199.44550018310548,187.4311993408203,0.08261503536627246,4.890405269988696
2025-08-26,206.55075073242188,207.13999938964844,207.85000610351562,205.6999969482422,207.50999450683594,28464100,68.10622050451191,4.982676785468101,200.0150001525879,188.08059936523438,0.05818645920637766,5.096269030127397
2025-08-27,206.88978576660156,207.47999572753903,208.91000366210938,205.64999389648438,205.6999969482422,23022900,68.50763041418699,4.986211515863289,200.5625,188.69479919433593,0.055716669293520926,5.286790914131624
2025-08-28,211.03794860839844,211.63999938964844,212.22000122070312,206.89999389648438,207.25,32339300,72.98737319366032,5.264010112257296,201.54950027465821,189.40859924316408,0.10286610797816009,5.425289684799542
2025-08-29,212.30435180664062,212.91000366210935,214.64999389648438,210.1999969482422,210.50999450683594,39728400,74.19424319175117,5.522980748121199,202.73850021362304,190.20039916992187,0.12573361267574246,5.159479520092851
2025-09-02,210.74879455566406,211.3500061035156,211.67999267578125,206.1999969482422,208.44000244140625,47523000,70.0539623837223,5.538493768717956,203.5540008544922,191.09459930419922,0.083623940621528,5.16758392247576
2025-09-03,230.0038604736328,230.66000366210935,231.30999755859375,224.7899932861328,226.2100067138672,103336100,82.82792006779063,7.027929772221796,205.3535011291504,192.40399932861328,0.18487700124150575,7.6033940068360195
2025-09-04,231.63919067382812,232.3000030517578,232.3699951171875,226.11000061035156,229.64999389648438,51684200,83.47273237485881,8.245602606366646,207.16400146484375,193.71459930419923,0.1846601427411536,9.384095233221053
2025-09-05,234.33152770996094,235.0,235.75999450683594,231.89999389648438,232.1999969482422,46588900,84.50436276549243,9.321037174785857,209.0880012512207,195.0009994506836,0.19580701654264843,10.907931103548052
2025-09-08,233.5829620361328,234.0399932861328,238.1300048828125,233.6699981689453,235.47000122070312,32474700,82.53175903668212,9.980809737828196,210.71900100708007,196.2109994506836,0.16195013113755863,12.077113391176871
2025-09-09,239.16204833984375,239.6300048828125,240.47000122070312,233.22999572753906,234.1699981689453,38061000,84.76226889000654,10.829910993077078,212.6505012512207,197.4329995727539,0.19218907901896776,13.45176566392956
2025-09-10,238.7029266357422,239.1699981689453,241.66000366210938,237.85000610351562,238.89999389648438,35141100,83.8138355063107,11.335047782914273,214.44200134277344,198.69179962158202,0.17620734964269325,14.49220980123205
2025-09-11,239.9005889892578,240.3699951171875,242.25,236.25,239.8800048828125,30599300,84.30713112644295,11.697362143667391,216.36250076293945,199.98239959716796,0.19018611173715594,15.27494175082088
2025-09-12,240.32977294921875,240.8000030517578,242.0800018310547,238.0,240.3699951171875,26771600,84.48954956383066,11.882226026289658,218.25550079345703,201.22559967041016,0.18655760399570642,15.85877167033087
2025-09-15,251.11865234375,251.6100006103516,252.41000366210938,244.66000366210938,244.66000366210938,58383800,88.20231161288855,12.75398840593806,220.6410011291504,202.66719970703124,0.23398728858269857,17.123609404433424
2025-09-16,250.66952514648438,251.16000366210935,253.0399932861328,249.47000122070312,252.0800018310547,34109700,87.26585916172084,13.255751329666765,223.02400131225585,204.15459991455077,0.23420149219709763,17.910837325220932
2025-09-17,249.04270935058594,249.52999877929688,251.60000610351562,246.27999877929688,251.22000122070312,34108000,83.79537679724282,13.367778856698038,225.42200088500977,205.65799987792968,0.2379321809416619,18.096888049992856
2025-09-18,251.53782653808594,252.02999877929688,253.99000549316406,249.8000030517578,251.67999267578125,31239500,84.79420412452694,13.502640550449627,228.05750045776367,207.16619995117188,0.26444907444408616,17.932921957762197
2025-09-19,254.2225799560547,254.72000122070312,256.0,251.80999755859375,253.25,55571400,85.80787344600151,13.669012265376324,230.80600051879884,208.70820007324218,0.27519399860176774,17.574942422572228
2025-09-22,252.036865234375,252.52999877929688,255.77999877929688,250.3000030517578,254.42999267578125,32290500,81.06958283937598,13.468887206071344,233.12800064086915,210.155,0.22533846021942017,17.20145490846542
2025-09-23,251.16856384277344,251.66000366210935,254.36000061035156,250.47999572753906,253.0399932861328,26628000,79.19860356044933,13.089201156457676,235.2865005493164,211.55700012207032,0.2070602764234697,16.646689037600794
2025-09-24,246.65737915039062,247.13999938964844,252.35000610351562,246.44000244140625,251.66000366210938,28201000,70.14143593554425,12.281991504325191,237.2865005493164,212.85980010986327,0.19310611237743847,15.44670424667986
2025-09-25,245.30999755859375,245.7899932861328,246.49000549316406,240.74000549316406,244.39999389648438,31020400,67.65290578860986,11.401903779960037,239.2020004272461,214.11619995117186,0.18464429510063285,13.848639745079721
2025-09-26,246.0585479736328,246.5399932861328,249.4199981689453,245.97000122070312,247.07000732421875,18503200,68.32524999127287,10.64226919500203,240.9470001220703,215.37539978027343,0.16490263653908976,12.305739765382137
2025-09-29,243.57342529296875,244.0500030517578,251.14999389648438,242.77000427246094,247.85000610351562,32505800,63.598888040420505,9.727202772762837,242.50400009155274,216.55519989013672,0.14625897728632808,10.392973007807413
2025-09-30,242.62527465820312,243.1000061035156,243.2899932861328,239.25,242.80999755859375,34724300,61.84123499187458,8.823635844678478,244.09150009155275,217.61519989013672,0.15022474134422015,7.368655621292464
2025-10-01,244.42173767089844,244.8999938964844,246.3000030517578,238.61000061035156,240.75,31658200,63.878206559488156,8.15874755294405,244.8034996032715,218.6863998413086,0.061735845002564904,6.656039313220513
2025-10-02,245.210205078125,245.69000244140625,246.80999755859375,242.3000030517578,245.14999389648438,25483300,64.76717238914031,7.607867122229152,245.4729995727539,219.79559997558593,0.05764097810478752,5.970269254834282
2025-10-03,244.8708953857422,245.3500061035156,246.3000030517578,241.66000366210938,244.49000549316406,30249600,64.036753155498,7.062444089760618,245.9904998779297,220.85920013427733,0.04404257916389609,5.439685848875165
2025-10-06,249.9409637451172,250.42999267578125,251.32000732421875,244.5800018310547,244.77999877929688,28894700,69.56043562400434,6.959875752824843,246.80999984741212,222.00420013427734,0.07003076337303749,4.733288303164279
2025-10-07,245.2800750732422,245.75999450683597,250.44000244140625,245.52000427246094,248.27000427246094,23181300,60.379294287304255,6.427665654821681,247.1164993286133,223.06779998779297,0.025581060381070664,4.432818338024473
2025-10-08,244.1422882080078,244.6199951171875,246.00999450683594,243.82000732421875,244.9600067138672,21307100,58.35449811989154,5.84650205801168,247.38899917602538,224.04519989013673,0.022787126269877778,4.0713906792646934
2025-10-09,241.05833435058594,241.52999877929688,244.75999450683594,239.14999389648438,244.47000122070312,27892100,53.151574605010296,5.078052215231821,247.44699935913087,224.9451998901367,0.004825908747653207,3.9732156302642188
2025-10-10,236.1080322265625,236.57000732421875,244.08999633789062,235.83999633789062,241.42999267578125,33180300,46.0534598929145,4.022451997660369,247.2354995727539,225.8386001586914,-0.017566427217319713,4.431788038059762
2025-10-13,243.6732177734375,244.1499938964844,244.5,239.7100067138672,240.2100067138672,24995000,55.773749261960305,3.754246174870218,246.86249923706055,226.93899993896486,-0.02964908666496091,4.357544335090474
2025-10-14,244.97068786621094,245.4499969482422,247.1199951171875,240.50999450683594,241.22999572753906,22111600,57.198170845735696,3.6050339226834467,246.57699890136718,227.94720001220702,-0.022734538264894022,4.246807281341726
2025-10-15,250.53977966308594,251.02999877929688,252.11000061035156,245.99000549316406,247.25,27007700,62.74469821900057,3.892175080026533,246.6519989013672,229.07440002441408,0.006011301275750558,4.31441018257161
2025-10-16,250.9689483642578,251.4600067138672,256.9599914550781,250.10000610351562,251.77000427246094,27997200,63.141093151302734,4.107090578935981,246.6234992980957,230.1818002319336,-0.0022616040478928845,4.278750316428426
2025-10-17,252.80535888671875,253.3000030517578,254.22000122070312,247.80999755859375,250.75999450683594,29671600,64.86383248478305,4.375447551429687,246.55249938964843,231.31740020751954,-0.00557474152850268,4.1470847108876185
2025-10-20,256.04901123046875,256.54998779296875,257.3299865722656,254.22999572753906,254.69000244140625,22350200,67.73256835706331,4.795094132580573,246.75349884033204,232.42,0.01591885729657494,4.53163837122754
2025-10-21,249.9709014892578,250.4600067138672,254.8800048828125,244.14999389648438,254.74000549316406,47312100,58.15145335156643,4.583421662698356,246.69349899291993,233.40920013427734,-0.0047683260382263,4.470791709239677
2025-10-22,251.19851684570312,251.69000244140625,256.3599853515625,249.2899932861328,254.3699951171875,35029400,59.400591741749274,4.463468000312815,246.9209991455078,234.37620025634766,0.018410629857549488,4.608357107408382
2025-10-23,252.58578491210938,253.0800018310547,255.0399932861328,251.85000610351562,252.97999572753906,19901400,60.823735868912244,4.429504620691404,247.2854995727539,235.3986001586914,0.02965950097258574,4.7985692931166986
2025-10-24,259.4124450683594,259.9200134277344,261.67999267578125,255.32000732421875,256.5799865722656,28655100,66.961097398249,4.8980584008292,247.954500579834,236.53820037841797,0.05427119536777458,5.561252186403737
2025-10-27,268.7441711425781,269.2699890136719,270.1400146484375,264.2799987792969,264.82000732421875,35235200,73.1526368803535,5.95520760977746,249.2154998779297,237.84560028076172,0.10333942080125857,7.23633213780949
2025-10-28,266.9476623535156,267.4700012207031,270.7300109863281,266.5,269.69000244140625,29738600,70.41678250648195,6.572004030912865,250.43399963378906,239.12500030517577,0.10024678940900733,8.146869839434391
2025-10-29,274.0338134765625,274.57000732421875,275.3399963378906,267.6700134277344,267.75,43580300,74.47231809180256,7.546736710647991,251.9175003051758,240.58500030517578,0.12115154825310204,9.64900987100666
2025-10-30,280.93035888671875,281.4800109863281,291.5899963378906,280.05999755859375,291.5899963378906,74876000,77.67941847773648,8.775638826384835,253.70700073242188,242.22820037841797,0.1456714078280712,11.562367520430488
2025-10-31,280.6408996582031,281.19000244140625,286.0,277.0299987792969,283.2099914550781,39267900,77.2408218776425,9.61531200947391,255.4990005493164,243.8570004272461,0.14607701425028452,12.899060079397227
2025-11-03,283.16595458984375,283.7200012207031,285.5299987792969,279.79998779296875,282.17999267578125,29786000,78.3872918507658,10.365422673667467,257.1635009765625,245.40960052490234,0.1329313960729166,14.28405086346765
2025-11-04,276.9980163574219,277.5400085449219,281.2699890136719,276.260009765625,276.75,30078400,69.21535804289724,10.342000870353104,258.7525016784668,246.7906005859375,0.12931321105315985,14.710024703184663
2025-11-05,283.7547912597656,284.3099975585937,286.4200134277344,277.3399963378906,278.8699951171875,31010300,72.94938222399841,10.745848998529596,260.7370018005371,248.3340005493164,0.1622516688482163,15.365725269103796
2025-11-06,284.1939392089844,284.75,288.3500061035156,281.1400146484375,285.3299865722656,37173600,73.17710188303812,10.974894319366626,262.89800186157225,249.87940063476563,0.1789425803798239,15.560275738423295
2025-11-07,278.2854919433594,278.8299865722656,283.7799987792969,275.19000244140625,283.2099914550781,34479600,65.22160829941818,10.557023977418396,265.0110008239746,251.22320037841797,0.1786362511716444,14.638972836090504
2025-11-10,289.5334777832031,290.1000061035156,290.79998779296875,282.8599853515625,284.4200134277344,29557300,71.56034733668093,11.008357615394289,267.30850143432616,252.7670004272461,0.18820402767043798,14.797576940725001
2025-11-11,290.7411193847656,291.3099975585937,291.9200134277344,287.32000732421875,287.75,19842100,72.14729989384125,11.333038757058091,269.60150146484375,254.36620025634767,0.18684050185595225,14.785337683794536
2025-11-12,286.1501159667969,286.7099914550781,292.010009765625,283.69000244140625,291.67999267578125,24829900,66.52606975850239,11.091315076234366,271.3855010986328,255.48720001220704,0.1421343777607662,14.577676917541737
2025-11-13,278.0260314941406,278.57000732421875,282.8399963378906,277.239990234375,282.3399963378906,29494000,57.92543644632223,10.126190209580443,272.7410011291504,256.41260009765625,0.10781038688668954,13.870659716610177
2025-11-14,275.8702087402344,276.4100036621094,278.55999755859375,270.70001220703125,271.4100036621094,31647200,55.861635421568394,9.08233208505851,273.896501159668,257.2408001708984,0.0912356902168272,13.107479555054002
2025-11-17,284.4634094238281,285.0199890136719,293.95001220703125,283.57000732421875,285.7799987792969,52670200,61.71680284076855,8.847828601468734,275.32000122070315,258.2604000854492,0.11097253001499996,12.662871115814344
2025-11-18,283.724853515625,284.2799987792969,288.79998779296875,278.20001220703125,287.9200134277344,49158700,60.968228535860916,8.50424028535599,277.0110008239746,259.1533999633789,0.13503150666312425,11.359416286948427
2025-11-19,292.2381896972656,292.8099975585937,303.80999755859375,286.6300048828125,287.1600036621094,68198900,66.07615084637163,8.818588484067902,279.067000579834,260.22619995117185,0.16337556008709653,10.197014702539182
2025-11-20,288.884765625,289.45001220703125,306.4200134277344,288.6700134277344,304.5400085449219,62025200,62.600948985315,8.696342930978858,280.8855010986328,261.2078002929687,0.14370953893170757,8.404093650923114
2025-11-21,299.0748291015625,299.6600036621094,303.9200134277344,293.8500061035156,296.4200134277344,74137700,68.09256185533317,9.315935130177706,282.87250061035155,262.38500030517577,0.15289315243677426,7.8670329584326
2025-11-24,317.9578552246094,318.5799865722656,319.4800109863281,309.6000061035156,311.1300048828125,85165100,75.32360676485428,11.204492496967873,285.33800048828124,263.7244000244141,0.18312474308486748,10.62354976562944
2025-11-25,322.8083801269531,323.44000244140625,328.8299865722656,317.6499938964844,326.2099914550781,88632100,76.7793510901246,12.94413850897746,288.1365005493164,265.17,0.20925711655610835,12.814879275384307
2025-11-26,319.3252258300781,319.95001220703125,324.5,316.7900085449219,320.67999267578125,51373400,73.42935467227593,13.881193701867005,290.405500793457,266.5784002685547,0.16527662771712248,14.226150918978597
2025-11-28,319.55474853515625,320.17999267578125,326.8500061035156,316.7900085449219,323.3699951171875,26018600,73.51137297542513,14.475509531958608,292.3404998779297,267.9414001464844,0.13748749530684368,15.521217394665369
2025-12-01,314.2751159667969,314.8900146484375,319.8500061035156,313.8900146484375,317.70001220703125,41183000,68.28967978319157,14.35418597179256,294.02550048828124,269.1448004150391,0.11984783212217365,16.066667163322187
2025-12-02,315.19329833984375,315.8099975585937,318.3800048828125,313.9100036621094,316.739990234375,35854700,68.7060009164809,14.168940383620338,295.63000030517577,270.410400390625,0.1131044558008727,16.57755407837364
2025-12-03,319.0058288574219,319.6300048828125,321.5799865722656,314.1000061035156,315.8900146484375,41838300,70.44132997010888,14.167065474208073,297.7345001220703,271.7698004150391,0.15165379780219346,16.829899323370586
2025-12-04,316.9997253417969,317.6199951171875,322.3599853515625,314.70001220703125,322.2300109863281,31240900,68.29532653156701,13.84380582912911,299.4,273.17940032958984,0.11716083797485499,17.077844309170963
2025-12-05,320.6426086425781,321.2699890136719,323.1600036621094,319.1700134277344,319.489990234375,28851700,70.07800131039372,13.723943160719784,301.2259994506836,274.68900024414063,0.12825281479779416,17.378739276994963
2025-12-08,313.3121643066406,313.7200012207031,320.44000244140625,311.2200012207031,320.04998779296875,33909400,62.277559277483654,12.871357221521635,302.97050018310546,276.03260040283203,0.12513006609278343,16.752131097059312
2025-12-09,316.66778564453125,317.0799865722656,317.989990234375,311.8999938964844,312.3699951171875,30194000,64.18803480397105,12.324727670747166,304.31949920654296,277.4932000732422,0.09300234367841687,16.747468073486605
2025-12-10,319.7937316894531,320.2099914550781,321.30999755859375,314.67999267578125,315.8299865722656,33428900,65.91959940699417,12.00569091739328,305.7644989013672,279.03539978027345,0.09920701019082445,16.812551982292614
2025-12-11,312.02386474609375,312.42999267578125,321.1199951171875,308.6000061035156,320.0799865722656,42353700,58.365449831967645,10.99828967334139,307.05049896240234,280.38599975585936,0.08970737674739504,16.25269987139782
2025-12-12,308.887939453125,309.2900085449219,314.8699951171875,305.55999755859375,313.70001220703125,35940200,55.59628139786612,9.833195495359348,308.5864990234375,281.6579998779297,0.11027749008510135,14.80673012794221
2025-12-15,307.8193359375,308.2200012207031,311.4200134277344,304.8800048828125,311.32000732421875,29151900,54.6448300286732,8.722956503893158,310.1769989013672,282.91539978027345,0.11508265669530227,12.73155953200029
2025-12-16,306.1714782714844,306.57000732421875,310.7699890136719,302.5899963378906,304.95001220703125,30585000,53.13475067859032,7.622080783749766,311.2544998168945,284.0382000732422,0.07560879636941231,11.324576514701539
2025-12-17,296.3342590332031,296.7200012207031,308.0899963378906,296.1199951171875,308.010009765625,43930400,45.11892477662752,5.886954524282885,311.87649993896486,285.05740020751955,0.043759682337216166,10.03301101807505
2025-12-18,302.0668029785156,302.4599914550781,303.9599914550781,299.2300109863281,301.7200012207031,33518000,49.86535309874996,4.9183282767386345,312.35899963378904,286.21420013427735,0.032956504139013854,9.270916299413248
2025-12-19,306.7607116699219,307.1600036621094,307.25,300.9700012207031,301.7300109863281,59943200,53.417870162676216,4.478313492166762,313.24449920654297,287.5268002319336,0.061184973944347076,7.676257160577577
2025-12-22,309.3773193359375,309.7799987792969,310.1300048828125,305.29998779296875,309.8800048828125,26429900,55.318561259712844,4.291540111982442,313.75049896240233,288.99100006103515,0.03377159111497119,7.040922057089255
2025-12-23,313.94134521484375,314.3500061035156,314.94000244140625,309.32000732421875,309.6300048828125,25478700,58.49944095229983,4.4608602404140925,313.5389999389648,290.39500030517576,-0.013277608911539396,6.951175237121434
2025-12-24,313.6816711425781,314.0899963378906,315.0799865722656,311.9200134277344,314.7699890136719,10097400,58.24537935753404,4.521940926794571,313.0714996337891,291.76780029296873,-0.02890800776941449,6.55326564689906
2025-12-26,313.10247802734375,313.510009765625,315.0899963378906,312.2799987792969,314.4800109863281,10899000,57.64399197011227,4.471997339968425,312.74949951171874,293.0174005126953,-0.020128151885298595,6.35264220405023
2025-12-29,313.15240478515625,313.5599975585937,314.0199890136719,310.6199951171875,311.3699951171875,19621800,57.684544930180664,4.385892446709306,312.4184997558594,294.2594003295898,-0.020675855045980462,6.113051861369845
2025-12-30,313.4420166015625,313.8500061035156,316.95001220703125,312.4599914550781,312.5,17380900,57.93616652042566,4.291584252477719,312.36649932861326,295.470400390625,-0.003302767622158531,6.095319178234955
2025-12-31,312.5931091308594,313.0,314.5799865722656,311.44000244140625,312.8500061035156,16377700,56.86878719446698,4.100982368369387,312.2259994506836,296.59940063476563,-0.008897747317427318,6.0439366769011205
2026-01-02,314.74029541015625,315.1499938964844,322.5,310.3299865722656,316.8999938964844,32009400,58.929867896287924,4.076425050700664,312.0019989013672,297.893200378418,-0.014016240396362845,5.834476311193198
2026-01-05,316.1285095214844,316.5400085449219,319.0199890136719,314.6300048828125,317.6600036621094,30195600,60.25232587350628,4.12161436008688,311.94799957275393,299.1902005004883,-0.003400247430477954,5.784527884960503
2026-01-06,313.9313659667969,314.3399963378906,320.94000244140625,311.7799987792969,316.3999938964844,31212100,57.1174866870585,3.93454957616666,311.6014999389648,300.415400390625,-0.02157061945641725,5.390905673589962
2026-01-07,321.56146240234375,321.9800109863281,326.1499938964844,314.19000244140625,314.3599853515625,35104400,64.10239499265401,4.352610534210839,312.0145004272461,301.6566003417969,0.026329241787214075,5.8579207352207305
2026-01-08,325.0169372558594,325.44000244140625,330.32000732421875,321.5,328.9700012207031,31896100,66.74427121535157,4.906559485970092,312.4325012207031,302.7800006103516,0.026365637136279263,6.501335622464827
2026-01-09,328.14288330078125,328.57000732421875,330.8299865722656,325.79998779296875,327.0899963378906,26214200,68.96909732682819,5.534336866336616,312.85050201416016,304.0020007324219,0.026107916967710976,7.253003690926466
2026-01-12,331.4285888671875,331.8599853515625,334.0400085449219,325.0,325.79998779296875,33923900,71.15360612529614,6.225564264915249,313.8220016479492,305.1478002929687,0.06218990855959339,8.40370402718361
2026-01-13,335.5332336425781,335.9700012207031,340.489990234375,333.6199951171875,334.95001220703125,33517600,73.64927594345826,7.024042105044543,315.15600128173827,306.23760009765624,0.08626205806420728,9.668795193228515
2026-01-14,335.4034118652344,335.8399963378906,336.5199890136719,330.4800109863281,335.05999755859375,28525600,73.43286117394096,7.559213332670311,316.53700103759763,307.3305999755859,0.08961130039516818,10.557618245672964
2026-01-15,332.347412109375,332.7799987792969,337.69000244140625,330.739990234375,337.6499938964844,28442400,68.34242606385456,7.648259778897568,317.8475006103516,308.3117999267578,0.08549431069217173,10.877181781762276
2026-01-16,329.5710144042969,330.0,334.6499938964844,327.70001220703125,334.4100036621094,40341600,64.0016831988864,7.409099573132892,319.5115005493164,309.3609997558594,0.11215960717977658,9.983888815631236
2026-01-20,321.5814208984375,322.0,327.7300109863281,320.42999267578125,320.8699951171875,35361000,53.475749830485555,6.499112522198914,320.4885009765625,310.1147998046875,0.06460361402153914,9.148571220639717
2026-01-21,327.953125,328.3800048828125,332.4800109863281,319.3500061035156,320.9200134277344,35386600,59.23391285875962,6.221042002606623,321.5495010375977,310.9873999023437,0.06908451936355009,8.74294700060953
2026-01-22,330.11029052734375,330.5400085449219,335.1499938964844,328.75,334.45001220703125,26253600,60.99407748111324,6.10459340329254,322.5875015258789,312.0216003417969,0.06701533296994899,8.501091151052451
2026-01-23,327.5036926269531,327.92999267578125,333.69000244140625,327.45001220703125,332.489990234375,27280000,57.749374924609235,5.735584335598844,323.26650085449216,312.7782000732422,0.043200210938738604,8.349495867226231
2026-01-26,332.8267822265625,333.260009765625,335.8399963378906,327.0,327.80999755859375,26042100,62.17465040575296,5.806298431204198,324.2250015258789,313.6172003173828,0.06103350520948059,8.340942323302258
2026-01-27,334.1150817871094,334.54998779296875,337.9100036621094,333.4800109863281,335.3699951171875,21636200,63.1798022736538,5.898436799672197,325.2770004272461,314.5740002441406,0.0671110247582618,8.244664358161966
2026-01-28,335.57318115234375,336.010009765625,337.5400085449219,331.94000244140625,336.05999755859375,27434400,64.33499072112754,6.019875316379853,326.39950103759764,315.72280029296877,0.07159718198057496,8.092311159122506
2026-01-29,337.810302734375,338.25,342.2900085449219,326.5400085449219,340.29998779296875,39785600,66.09263959301177,6.225105565358774,327.6195007324219,316.95960021972655,0.07774412433319067,7.938583379774638
2026-01-30,337.56060791015625,338.0,340.0,332.2900085449219,340.0,31024000,65.70345418595737,6.295014101563254,328.8695007324219,318.01920043945313,0.07987220447284349,7.469855134415662
2026-02-02,343.2431945800781,343.69000244140625,344.8299865722656,335.6300048828125,336.2200012207031,32006100,70.02918187267798,6.731951022957446,330.29650115966797,319.2074005126953,0.09056007963717838,7.437004835534253
2026-02-03,339.26837158203125,339.7099914550781,349.0,337.4700012207031,347.3399963378906,36506700,63.953058100416406,6.680069375306118,331.45500030517576,320.145400390625,0.0731976441672082,6.971377884761967
2026-02-04,332.6070861816406,333.0400085449219,343.30999755859375,328.5199890136719,342.9599914550781,70618400,55.29434394865697,6.031216805249926,332.39000091552737,321.0172003173828,0.0594897640290426,5.691667270869918
2026-02-05,330.81939697265625,331.25,332.69000244140625,306.4599914550781,312.2200012207031,88205800,53.21216485995093,5.311332009682246,332.85350036621094,321.6490002441406,0.028790573008786957,5.1510935326968905
2026-02-06,322.4402770996094,322.8599853515625,330.3800048828125,319.9200134277344,327.17999267578125,56380500,44.713210066627234,4.017502787528144,332.72449951171876,321.7346002197266,-0.007927781067136208,5.374007098143158
2026-02-09,323.8984069824219,324.32000732421875,327.70001220703125,317.260009765625,320.92999267578125,39640100,46.31996175128653,3.074504405738594,332.5119995117187,321.7522003173828,-0.012934838558792405,5.625092523780416
2026-02-10,318.16583251953125,318.5799865722656,321.6700134277344,314.6099853515625,320.9700012207031,39170000,41.24495132479427,1.8427575291865423,331.8479995727539,321.7247998046875,-0.04001687267366216,6.432031666514458
2026-02-11,310.55572509765625,310.9599914550781,321.05999755859375,309.6600036621094,318.9700012207031,45406400,35.6593705851723,0.24885073588222895,330.59749908447264,321.54039978027345,-0.0744411991390731,7.860937910883032
2026-02-12,308.59832763671875,309.0,316.239990234375,307.20001220703125,312.0899963378906,47761300,34.37004726983949,-1.159125138318359,329.2554992675781,321.4225994873047,-0.07991899901906485,9.110553368765029
2026-02-13,305.32257080078125,305.7200012207031,308.6300048828125,303.7099914550781,307.7300109863281,38499700,32.26744590905227,-2.5106830604613606,327.9024993896484,321.2207995605469,-0.08131497583344915,10.467812492362608
2026-02-17,301.6273498535156,302.0199890136719,304.44000244140625,296.25,300.0400085449219,39247600,30.03529825737928,-3.8361418585934075,326.50349884033204,320.86859924316406,-0.0847879120797822,11.93907263643278
2026-02-18,302.9356689453125,303.3299865722656,305.3800048828125,301.25,302.0899963378906,28482100,31.833269758188536,-4.72638878284215,325.5699981689453,320.58279907226563,-0.05798140816066577,12.993094019731569
2026-02-19,302.456298828125,302.8500061035156,305.4700012207031,300.0400085449219,301.82000732421875,25834400,31.51371799117385,-5.408302749115762,324.29349822998046,320.2143994140625,-0.07774529021158783,13.923290241333351
2026-02-20,314.570556640625,314.9800109863281,316.5,303.8999938964844,304.32000732421875,53210800,46.20936571639078,-4.913297031195555,323.51549835205077,320.239599609375,-0.04707447557435118,13.99044540328862
2026-02-23,311.0850524902344,311.489990234375,319.5199890136719,309.8699951171875,319.04998779296875,31423000,43.32857775377279,-4.747886263394605,322.6934982299805,320.1277996826172,-0.050132658825324916,14.198832588050026
2026-02-24,310.495849609375,310.8999938964844,312.2699890136719,305.92999267578125,310.5199890136719,25615600,42.84232695512891,-4.611249201463238,321.57549743652345,319.9415997314453,-0.06709480649918353,14.203348666226988
2026-02-25,312.4932556152344,312.8999938964844,313.6400146484375,309.44000244140625,312.05999755859375,29963600,45.09183816667293,-4.2921033643208375,320.49299774169924,319.95099975585936,-0.06471377876684348,13.985816129267075
2026-02-26,306.98040771484375,307.3800048828125,313.1400146484375,302.3500061035156,312.6400146484375,36431200,40.36947264494316,-4.433488474609703,319.0614974975586,319.91279968261716,-0.08520580950187351,13.777646013549278
2026-02-27,311.354736328125,311.760009765625,312.3699951171875,303.79998779296875,304.1400146484375,44640600,45.26757043226775,-4.144334100570461,317.7369979858398,319.9835998535156,-0.07831482700480419,13.092131384319213
2026-03-02,306.12152099609375,306.5199890136719,308.489990234375,301.29998779296875,303.2300109863281,34790200,40.93544148240691,-4.288567125617817,316.1629974365234,319.9825994873047,-0.09313612717848563,12.401945230640056
2026-03-03,303.1853332519531,303.5799865722656,303.94000244140625,296.7099914550781,298.5899963378906,35497000,38.697754565473105,-4.58722775736976,314.1574966430664,320.11979919433594,-0.11670405186132449,10.86402114609253
2026-03-04,302.7359619140625,303.1300048828125,305.4700012207031,300.75,302.8900146484375,29536200,38.35219580118481,-4.8048410052529675,312.3284973144531,320.1331994628906,-0.1076800432497812,9.302752751387175
2026-03-05,300.4888916015625,300.8800048828125,303.29998779296875,297.989990234375,303.0400085449219,35752300,36.59264307385134,-5.100066871768263,310.72049713134766,320.0075994873047,-0.09656498569832184,8.254730560955705
2026-03-06,298.1319274902344,298.5199890136719,300.5299987792969,295.17999267578125,296.0899963378906,25576900,34.78970864608699,-5.461512142823949,309.08399658203126,319.7823992919922,-0.09880758033608494,7.139586400311534
2026-03-09,306.1770935058594,306.3599853515625,306.79998779296875,294.0799865722656,294.3599853515625,29312100,44.561673266622854,-5.0570434918499245,308.2589965820313,319.62259887695313,-0.05110574474577001,6.376478387868892
2026-03-10,306.8567199707031,307.0400085449219,309.510009765625,305.57000732421875,306.1700134277344,23239700,45.32697274222608,-4.628275108945843,307.3949966430664,319.4815991210937,-0.053280705442332654,5.135685286469614
2026-03-11,308.5157470703125,308.70001220703125,311.4200134277344,305.9200134277344,306.75,24125700,47.241594405628426,-4.107179643779261,306.9009979248047,319.38539916992187,-0.0310125393359989,4.429853122815022
2026-03-12,303.3687744140625,303.54998779296875,308.94000244140625,301.0299987792969,306.82000732421875,24928300,42.29318968782269,-4.062936658302988,306.5304977416992,319.18519897460936,-0.023829443869726408,4.382121619152359
2026-03-13,302.09954833984375,302.2799987792969,307.69000244140625,300.44000244140625,307.010009765625,23693100,41.14854548370713,-4.083281743042619,306.1944976806641,318.953798828125,-0.021747576766029564,4.4400520801896075
2026-03-16,305.3775939941406,305.5599975585937,306.489990234375,303.0199890136719,304.3500061035156,23519700,45.268530032578184,-3.7910361746976946,306.1864974975586,318.80499877929685,-0.0005233666801993664,4.44109606241832
2026-03-17,310.7344055175781,310.9200134277344,311.4200134277344,305.5,305.8599853515625,21955200,51.271897940271344,-3.0912865441291046,306.6314987182617,318.72039916992185,0.02946832904380914,4.447525680309905
2026-03-18,307.5063171386719,307.69000244140625,312.4700012207031,306.92999267578125,309.2699890136719,20009800,47.86471149212958,-2.7654860114632243,306.84949951171876,318.54339904785155,0.01437383728002084,4.383576823758731
2026-03-19,306.9466552734375,307.1300048828125,308.05999755859375,302.3500061035156,304.010009765625,25075800,47.278109644440946,-2.523385843690221,307.0634994506836,318.39919921875,0.014132404467688708,4.281330252506454
2026-03-20,300.8203125,301.0,306.0,298.2699890136719,305.4599914550781,44364100,41.30993092160061,-2.793952929748343,306.3644989013672,317.97959899902344,-0.044383803729484694,4.056111835535586
2026-03-23,301.87969970703125,302.0599975585937,305.9800109863281,300.92999267578125,302.1099853515625,29326900,42.65791245870213,-2.889537560250801,305.8929992675781,317.5119989013672,-0.03027382250288646,3.9762495787454943
2026-03-24,290.2666320800781,290.44000244140625,299.9200134277344,290.3299865722656,299.20001220703125,36864300,33.55859434138097,-3.8584477779955932,304.8699996948242,316.74939880371096,-0.06580891558939805,5.094864321914804
2026-03-25,290.7563171386719,290.92999267578125,296.0,289.239990234375,293.44000244140625,29460700,34.19601713993154,-4.534507015047893,303.771499633789,315.9307989501953,-0.07021413118969688,5.614380726248178
2026-03-26,280.7523193359375,280.9200134277344,287.95001220703125,278.5,287.9100036621094,39080600,28.236284629801744,-5.811024624946697,302.44850006103513,314.8297991943359,-0.08608234444256024,7.515131060065314
2026-03-27,274.1762390136719,274.3399963378906,279.3699951171875,273.95001220703125,277.2799987792969,35890600,25.13520955789798,-7.269824404827091,300.5774993896484,313.59979919433596,-0.12002826615211493,9.476945989521857
2026-03-30,273.33673095703125,273.5,277.0899963378906,272.1099853515625,276.4200134277344,35141200,24.761345238917144,-8.396919958413264,298.9264999389648,312.41419921875,-0.10772540192215352,11.120865658797959
2026-03-31,287.3883361816406,287.5599975585937,288.0799865722656,277.0899963378906,278.0400085449219,43875400,40.668987161569326,-8.06268538793438,298.1255004882812,311.5653991699219,-0.05277024086651527,11.34276918554948
2026-04-01,297.2124938964844,297.3900146484375,300.5199890136719,290.4100036621094,290.8399963378906,37684500,48.81687907756906,-6.924777333948441,297.83850097656244,311.0731994628906,-0.018935737610646708,11.281933260813519
2026-04-02,295.59344482421875,295.7699890136719,298.0799865722656,289.45001220703125,290.69000244140625,21666500,47.65535686263974,-6.08357190258522,297.5830001831054,310.42099914550784,-0.01698356748940788,11.26728082487962
2026-04-06,299.8109130859375,299.989990234375,300.6199951171875,295.17999267578125,295.8699951171875,16945500,50.93060060052568,-5.018541089437349,297.6565002441406,309.80999877929685,0.00492429745009737,11.278503853759666
2026-04-07,305.27764892578125,305.4599914550781,305.6300048828125,297.7200012207031,302.7300109863281,23205400,54.87222162306644,-3.690570513502564,297.61150054931636,309.3605987548828,-0.0029377005467982054,11.243692166158953
2026-04-08,317.1305847167969,317.32000732421875,322.0799865722656,315.0199890136719,320.45001220703125,33547100,61.99966918655578,-1.6619818104484239,298.1255004882812,309.0417987060547,0.03348097476942602,11.912479556612713
2026-04-09,318.29986572265625,318.489990234375,319.5400085449219,311.05999755859375,315.9100036621094,23739200,62.626759033605765,0.03964024671984134,298.6149993896484,308.7205987548828,0.0317135654040015,12.553750070014905
2026-04-10,317.0506286621094,317.239990234375,321.8299865722656,316.32000732421875,320.0199890136719,19152600,61.4598181879723,1.2726530807209997,299.2994995117187,308.34519836425784,0.045099663949725866,13.193901184120808
2026-04-13,321.1181945800781,321.3099975585937,321.6300048828125,315.4700012207031,317.1400146484375,18866400,63.82348109393761,2.5488585568051576,300.25099945068354,308.0063983154297,0.0629548724895661,14.076806505329028
2026-04-14,332.7112731933594,332.9100036621094,333.2900085449219,323.75,324.7900085449219,27721400,69.5546195038067,4.445044433142414,301.6184997558594,307.9045983886719,0.08950780966762872,15.83799080136782
2026-04-15,336.91876220703125,337.1199951171875,337.4800109863281,330.8999938964844,332.8900146484375,24918800,71.3298385207063,6.215844145399842,302.92849884033205,307.7731982421875,0.08426598661376516,17.629988154362035
2026-04-16,335.81939697265625,336.0199890136719,339.8800048828125,334.5199890136719,338.75,20541500,70.17842136988527,7.444637231983222,304.3449981689453,307.6993981933594,0.09207314617789875,19.108772527333233
2026-04-17,341.4760437011719,341.67999267578125,342.32000732421875,336.239990234375,337.6499938964844,25581900,72.62687629901728,8.774037951132925,306.07249755859374,307.87219787597655,0.11249303957179801,20.855668208616976
2026-04-20,337.2185974121094,337.4200134277344,341.3999938964844,336.6099853515625,340.760009765625,18784200,68.09525323508196,9.375774780239226,307.8934982299805,307.99559814453124,0.1209967223512769,21.950703960550346
2026-04-21,332.0916442871094,332.2900085449219,339.3399963378906,331.3500061035156,337.69000244140625,23123800,62.99754454797404,9.331143418884665,309.4049987792969,308.18419860839845,0.10007949159326923,22.560214153242377
2026-04-22,339.1174621582031,339.32000732421875,339.82000732421875,335.1700134277344,337.0199890136719,20293000,66.67883821844856,9.750635634760101,311.8489990234375,308.48419860839846,0.16829639330647517,23.0400976519796
2026-04-23,338.6877136230469,338.8900146484375,341.9599914550781,336.17999267578125,341.17999267578125,18650300,66.24471635705093,9.933877862409133,314.2470001220703,308.89039916992186,0.1648507310351599,23.243198677552854
2026-04-24,344.19439697265625,344.3999938964844,345.2699890136719,335.3900146484375,338.7300109863281,26426100,69.02746496104305,10.403779629073426,317.42099914550784,309.55919921875,0.2259717265928438,22.78239048260909
2026-04-27,350.130859375,350.3399963378906,353.17999267578125,342.7300109863281,345.9800109863281,28576900,71.73288692609698,11.127221041255098,321.2209991455078,310.3859991455078,0.27702850847309435,21.521832952635332
2026-04-28,349.5711975097656,349.7799987792969,352.4200134277344,346.1199951171875,348.54998779296875,27824100,71.10232714392775,11.522541760754507,325.03499908447264,311.2671990966797,0.2789031033977949,19.259976729955877
2026-04-29,349.7311096191406,349.94000244140625,355.7900085449219,344.2099914550781,347.57000732421875,35376300,71.18027895384085,11.713718778869577,328.1539993286133,312.22559936523436,0.21692865980116682,17.87280729505265
2026-04-30,384.5702819824219,384.7999877929688,385.8399963378906,365.82000732421875,374.07000732421875,72040000,82.35075097048252,14.51086520254455,332.52449798583984,313.8549993896484,0.29392369897780135,20.454863862405208
2026-05-01,385.45977783203125,385.6900024414063,386.760009765625,379.04998779296875,381.6300048828125,30105200,82.53685630308262,16.60799402264911,337.02049865722654,315.51179931640627,0.3040200722446451,21.789693544436346
2026-05-04,383.0212097167969,383.25,387.3800048828125,379.7900085449219,385.6300048828125,26298600,80.04487985652412,17.867134709483253,341.1834991455078,316.8771990966797,0.27754262634088533,22.290334144843307
2026-05-05,388.1981201171875,388.4299926757813,392.82000732421875,384.0199890136719,386.2300109863281,23878600,81.33338220186432,19.063245663794703,345.33199920654295,318.41599914550784,0.2716231373721656,23.00135238993842
2026-05-06,397.8023986816406,398.0400085449219,399.8500061035156,392.760009765625,394.25,31308500,83.46632803190653,20.549735618542286,349.3679992675781,320.15879943847654,0.254380434128215,24.836156424499674
2026-05-07,397.7524108886719,397.989990234375,400.1000061035156,392.67999267578125,399.9200134277344,24433500,83.41290395476318,21.476189414514124,353.34299926757814,321.86059936523435,0.24961538019294238,25.9701171557891
2026-05-08,400.56072998046875,400.7999877929688,402.0,396.3599853515625,397.0,21461800,84.0312865479729,22.18145997826008,357.52099914550786,323.7289990234375,0.2633967977897749,26.57077693897121
2026-05-11,388.40802001953125,388.6400146484375,397.44000244140625,388.4700012207031,393.6499938964844,30753700,71.59279852144238,21.511215867348994,360.88750000000005,325.26659912109375,0.20954846597191734,26.000614856645697
2026-05-12,387.1187744140625,387.3500061035156,388.5199890136719,382.7699890136719,387.3399963378906,26017500,70.40222122698653,20.6380471117144,363.60950012207036,326.8831994628906,0.1635276856884742,25.766099433373974
2026-05-13,402.3796691894531,402.6199951171875,403.70001220703125,385.0,385.6000061035156,28144600,75.57922537850285,20.936867898427863,366.88450012207034,328.86399963378904,0.1942928362265528,26.377380725239142
2026-05-14,400.8305969238281,401.0700073242188,402.92999267578125,395.8399963378906,397.2799987792969,21136700,74.16124365156415,20.80874421338342,370.1370010375977,330.8227996826172,0.19358972810364627,26.381825559471903
2026-05-15,396.54315185546875,396.7799987792969,399.5400085449219,393.17999267578125,396.32000732421875,20309700,70.2336375796574,20.12900281880053,372.8920013427735,332.74079956054686,0.16126202085177344,26.129496487673016
2026-05-18,396.70306396484375,396.9400024414063,408.6099853515625,394.5299987792969,395.69000244140625,26837200,70.29682204061152,19.37981537650296,375.8680007934571,334.7091998291016,0.1763973286854823,25.251549324924486
2026-05-19,387.4285888671875,387.6600036621094,397.1499938964844,386.1099853515625,396.9599914550781,39545700,62.06771090006179,17.831707758388575,378.63650054931645,336.3352001953125,0.1666315377932952,23.17200242142253
2026-05-20,388.6778564453125,388.9100036621094,393.8599853515625,382.8999938964844,387.70001220703125,31744400,62.701084873316034,16.515307684271818,381.116000366211,337.97260009765625,0.14614521769271205,21.32294547146166
2026-05-21,387.4285888671875,387.6600036621094,392.5,383.0199890136719,385.70001220703125,24852800,61.59351575244509,15.196016370541827,383.5544998168946,339.55179992675784,0.143910964931397,18.8896471030521
2026-05-22,382.74139404296875,382.9700012207031,388.739990234375,381.7699890136719,387.3500061035156,20442100,57.49017879009531,13.615078350264696,385.4830001831055,341.1402001953125,0.11199189317004365,16.49950655939529
2026-05-26,388.6478576660156,388.8800048828125,389.260009765625,382.6000061035156,384.510009765625,27747400,61.01471715332935,12.692747391751197,387.41000061035163,342.8722003173828,0.11000744690238395,14.280429976756631
2026-05-27,388.5978698730469,388.8299865722656,393.8800048828125,385.8999938964844,386.6700134277344,23087300,60.9686442634798,11.821486662823816,389.36250000000007,344.53760009765625,0.11164156878394982,11.202530661218407
2026-05-28,389.8971252441406,390.1300048828125,391.8699951171875,385.1600036621094,388.0,24357500,61.77652299601715,11.107862348262529,391.37200012207035,346.12179992675783,0.11484826587705022,6.283357744118985
2026-05-29,380.1129455566406,380.3399963378906,385.239990234375,378.4599914550781,385.239990234375,44415800,52.89713603481242,9.641200310783233,391.14900054931644,347.5747998046875,-0.011590414751982192,6.60004103465053
2026-06-01,376.14532470703125,376.3699951171875,378.55999755859375,373.5199890136719,376.5199890136719,28672100,49.772894023667554,8.065539639188898,390.6830001831055,348.959599609375,-0.024164503267451676,7.297892651548201
2026-06-02,361.6340026855469,361.8500061035156,373.5400085449219,358.44000244140625,366.5899963378906,50412300,40.379302825746855,5.58084295648797,389.6130004882813,350.1765997314453,-0.05583820977556264,9.6385180528578
2026-06-03,358.77569580078125,358.989990234375,366.45001220703125,358.0799865722656,362.0299987792969,55441600,38.824995082377,3.3423945123151952,388.14100036621096,351.31519958496096,-0.07579229976192803,11.828051263591824
2026-06-04,371.96783447265625,372.1900024414063,373.25,358.2099914550781,358.8999938964844,44055500,48.64955259814543,2.603526824566245,386.84850006103517,352.95019958496096,-0.06494323572651162,12.09868624509185
2026-06-05,368.30999755859375,368.5299987792969,372.0799865722656,364.1199951171875,366.3399963378906,37471200,46.42333704473181,1.7030059585597428,385.37550048828126,354.50219970703125,-0.0740219406968734,12.458829250113272
2026-06-08,363.30999755859375,363.30999755859375,366.20001220703125,360.5299987792969,365.17999267578125,27942500,43.374746623101984,0.5616518384294409,383.5010009765625,356.1499993896484,-0.09353790263521744,12.830725339313227
2026-06-09,364.260009765625,364.260009765625,372.0799865722656,357.29998779296875,367.0899963378906,29535100,44.09429846844335,-0.2631876162504909,382.28200073242186,357.94839965820313,-0.06273158697996284,13.459510023302759
2026-06-10,356.3800048828125,356.3800048828125,368.55999755859375,355.20001220703125,363.19000244140625,32357100,39.59937549304574,-1.5350344432896463,380.7335006713867,359.6059997558594,-0.07995353229044921,14.580595347478999
2026-06-11,357.7699890136719,357.7699890136719,358.79998779296875,346.3599853515625,355.92999267578125,35538200,40.74678844990315,-2.403120437587461,378.4910003662109,361.01019958496096,-0.11139537689990153,14.485945146944259
2026-06-12,359.67999267578125,359.67999267578125,366.57000732421875,354.94000244140625,362.6199951171875,24704600,42.36695233781166,-2.9034938397028327,376.42149963378904,362.2559991455078,-0.10319897746674067,14.040159165942596
2026-06-15,369.3500061035156,369.3500061035156,372.989990234375,366.54998779296875,367.92999267578125,27727500,49.84426009050651,-2.4910389515157476,375.05,363.7275994873047,-0.0691314903981306,13.265135599672808
2026-06-16,373.25,373.25,376.0,367.05999755859375,369.6000061035156,24876100,52.519778478067735,-1.8283920023446854,373.86549987792966,365.1927996826172,-0.05968156974781913,12.22447848291971
2026-06-17,363.7900085449219,363.7900085449219,372.3299865722656,362.0199890136719,369.1300048828125,24543600,46.09637019685105,-2.0430309815776013,372.6720001220703,366.3594000244141,-0.06157456248180038,11.96938631635553
2026-06-18,368.0299987792969,368.0299987792969,369.4800109863281,358.6700134277344,365.75,44470100,49.10112880578915,-1.8496801804387246,371.6279998779297,367.3735998535156,-0.053688526101666856,11.374335502436368
2026-06-22,349.67999267578125,349.67999267578125,358.9200134277344,341.7200012207031,357.95001220703125,52814800,38.97517964049219,-3.1409336843232722,369.72899932861327,367.9973999023438,-0.09797247749972193,11.722000160295188
2026-06-23,346.1300048828125,346.1300048828125,349.2900085449219,340.20001220703125,340.69000244140625,34007700,37.369578046971455,-4.399995328295063,367.8869995117187,368.5752001953125,-0.09619551458460052,12.406343047937602
2026-06-24,345.2900085449219,345.2900085449219,353.4800109863281,341.92999267578125,349.0400085449219,44997300,36.98136704213112,-5.403305494220945,365.7074996948242,369.05480041503904,-0.11209112268712895,12.353015710737804
2026-06-25,343.7099914550781,343.7099914550781,345.57000732421875,335.8399963378906,336.7300109863281,44491400,36.21918726029405,-6.253839830882953,363.45149993896484,369.27080017089844,-0.1160404204288441,12.023646038747064
2026-06-26,337.3900146484375,337.3900146484375,346.3599853515625,330.20001220703125,342.54998779296875,114706300,33.265859826177106,-7.35310175066769,360.8145004272461,369.2762005615234,-0.1351856806046412,11.641975502125867
2026-06-29,353.6499938964844,353.6499938964844,354.3500061035156,340.6700134277344,341.8299865722656,34213900,45.56420445955181,-6.833458451501997,359.4800003051758,369.62880065917966,-0.07017406188776187,10.784110216343178
2026-06-30,357.3699951171875,357.3699951171875,358.6199951171875,350.3999938964844,353.8699951171875,35237200,47.9285244436458,-6.051704106042507,358.5300003051758,369.94260070800783,-0.050482238877953334,10.028312097966163
2026-07-01,361.2099914550781,361.2099914550781,362.9700012207031,356.42999267578125,358.3699951171875,26736400,50.32689033312029,-5.063928724599577,358.4979995727539,370.4184002685547,-0.0017687291353931656,10.018176271355637
2026-07-02,359.9100036621094,359.9100036621094,364.2099914550781,353.4200134277344,359.4800109863281,25974800,49.49574575917733,-4.336024774194868,358.54400024414065,370.9708001708984,0.002562782954292686,10.022665471128775
2026-07-06,366.4599914550781,366.4599914550781,367.92999267578125,357.3800048828125,361.54998779296875,26915800,53.64928936507652,-3.193810119889406,358.2574996948242,371.51359985351564,-0.01539539200070339,9.688382976712704
2026-07-07,367.0299987792969,367.0299987792969,373.1600036621094,365.5,369.07000732421875,24045600,54.00380658264978,-2.2170452324486405,358.18249969482423,372.07639953613284,-0.004070224961247537,9.610166032062246
2026-07-08,361.9200134277344,361.9200134277344,367.8399963378906,358.0199890136719,364.760009765625,22094800,50.29026125507082,-1.8341422833539127,358.1130004882813,372.42679992675784,-0.003825890121934239,9.57609882077244
2026-07-09,358.8900146484375,358.8900146484375,359.6499938964844,351.0799865722656,354.30999755859375,24729100,48.17486213972227,-1.7549544932851404,357.84450073242186,372.59780029296877,-0.014742203297701262,9.469363034906428
2026-07-10,357.17999267578125,357.17999267578125,357.82000732421875,352.75,357.5299987792969,18146100,46.973954870937256,-1.809325305229038,357.88450012207034,372.74580017089846,0.002244760598260287,9.464539673212807
2026-07-13,352.510009765625,352.510009765625,358.1300048828125,351.75,356.19000244140625,15901700,43.76534005834228,-2.2038386771607748,357.62150115966796,372.7972003173828,-0.014702125414565947,9.540664707074857
2026-07-14,359.510009765625,359.510009765625,360.1600036621094,351.0899963378906,351.20001220703125,18259400,49.35012284441537,-1.929410821242186,357.61300201416014,372.2914007568359,-0.0004725948443551342,9.538809952054947
2026-07-15,370.9200134277344,370.9200134277344,373.6499938964844,357.760009765625,357.9700012207031,28284600,56.86916480277709,-0.7822159317788646,357.6915023803711,371.9960009765625,0.004250730467779462,9.646338417256594
2026-07-16,354.4599914550781,354.4599914550781,375.2699890136719,352.29998779296875,373.05999755859375,41158500,46.211471467442436,-1.1875525611373519,356.752001953125,371.4202008056641,-0.050341616999120875,8.940468744243082
2026-07-17,346.7699890136719,346.7699890136719,348.5199890136719,341.3599853515625,346.0,29959300,42.229626386965116,-2.1050381200786887,355.9010009765625,370.58700073242187,-0.046785285828289336,9.044715346438798
2026-07-20,351.989990234375,351.989990234375,359.67999267578125,350.5199890136719,350.8800048828125,24736600,45.65288616392994,-2.383466445004217,355.09900054931643,369.66600036621094,-0.04358342688945005,8.61348380488935
2026-07-21,347.1499938964844,347.1499938964844,351.32000732421875,347.0,351.32000732421875,23369800,43.102553726475875,-2.960542858210715,354.9725006103516,368.6492004394531,-0.007235183116818034,8.715234627475171
2026-07-22,342.0899963378906,342.0899963378906,349.94000244140625,341.7300109863281,348.1600036621094,38215500,40.55202035759625,-3.7825764019131043,354.77050018310547,367.4750006103516,-0.011671939698754796,8.97395083975715
2026-07-23,319.6091003417969,319.6091003417969,324.489990234375,314.9100036621094,321.1300048828125,43103923,31.604143067953387,-6.1768613215744494,353.48645477294923,366.09438232421877,-0.0743748952115536,11.795567732716714
