Price,Adj Close,Close,High,Low,Open,Volume,RSI,MACD,SMA20,SMA50,Return_20D,Volatility
Ticker,META,,META,META,META,META,,,,,,
Date,,,,,,,,,,,,
2018-01-02,179.84071350097656,181.4199981689453,181.5800018310547,177.5500030517578,177.67999267578125,18151900,,,,,,
2018-01-03,183.06240844726562,184.6699981689453,184.77999877929688,181.3300018310547,181.8800048828125,16886600,,,,,,
2018-01-04,182.7253875732422,184.3300018310547,186.2100067138672,184.10000610351562,184.89999389648438,13880900,,,,,,
2018-01-05,185.2234649658203,186.8500061035156,186.89999389648438,184.92999267578125,185.58999633789062,13574500,,,,,,
2018-01-08,186.6409912109375,188.27999877929688,188.89999389648438,186.3300018310547,187.1999969482422,17994700,,,,,,
2018-01-09,186.23455810546875,187.8699951171875,188.8000030517578,187.10000610351562,188.6999969482422,12393100,,,,,,
2018-01-10,186.20484924316406,187.83999633789065,187.88999938964844,185.6300048828125,186.94000244140625,10529900,,,,,,
2018-01-11,186.13543701171875,187.7700042724609,188.39999389648438,187.3800048828125,188.39999389648438,9588600,,,,,,
2018-01-12,177.8085479736328,179.3699951171875,181.47999572753906,177.39999389648438,178.05999755859375,77551300,,,,,,
2018-01-16,176.83709716796875,178.38999938964844,181.75,178.0399932861328,181.5,36183800,,,,,,
2018-01-17,176.05398559570312,177.60000610351562,179.32000732421875,175.8000030517578,179.25999450683594,27992400,,,,,,
2018-01-18,178.23483276367188,179.8000030517578,180.97999572753906,177.0800018310547,178.1300048828125,23304900,40.47394852317028,,,,,
2018-01-19,179.7118377685547,181.2899932861328,182.3699951171875,180.1699981689453,180.85000610351562,26826500,46.29387873389758,,,,,
2018-01-22,183.75631713867188,185.3699951171875,185.38999938964844,180.41000366210938,180.8000030517578,21059500,58.313005284060054,,,,,
2018-01-23,187.70166015625,189.3500061035156,189.5500030517578,185.5500030517578,186.0500030517578,25678800,66.24815660963085,,,,,
2018-01-24,184.92604064941406,186.5500030517578,190.66000366210938,186.52000427246094,189.88999938964844,24334500,57.898294321616184,,,,,
2018-01-25,185.84796142578125,187.47999572753903,188.6199951171875,186.60000610351562,187.9499969482422,17377700,59.71447979434757,,,,,
2018-01-26,188.34603881835938,190.0,190.0,186.80999755859375,187.75,17759200,64.2187316849392,,,,,
2018-01-29,184.36102294921875,185.97999572753903,188.83999633789062,185.6300048828125,188.75,20453200,53.871130061549614,,,,,
2018-01-30,185.49110412597656,187.1199951171875,188.17999267578125,181.83999633789062,187.6199951171875,20858600,56.03460440375655,,184.8664993286133,,,3.840190868145501
2018-01-31,185.26309204101562,186.88999938964844,189.8300018310547,185.22000122070312,188.3699951171875,43275100,55.469365603874635,,185.13999938964844,,0.03015103779027295,3.776063034415233
2018-02-01,191.40911865234375,193.08999633789065,195.32000732421875,187.88999938964844,188.22000122070312,54211300,65.55598826955296,,185.5609992980957,,0.04559483539520204,4.169760315142532
2018-02-02,188.62359619140625,190.27999877929688,194.2100067138672,189.97999572753906,192.0399932861328,26677500,59.02983036530803,,185.8584991455078,,0.03227904784428737,4.287893598840228
2018-02-05,179.6820831298828,181.25999450683597,190.61000061035156,180.61000061035156,186.92999267578125,33128200,43.916545618419505,,185.57899856567383,,-0.029917106845491537,4.400570215241144
2018-02-06,183.69683837890625,185.30999755859372,185.77000427246094,177.74000549316406,178.57000732421875,37758500,50.0948080365169,,185.43049850463868,,-0.015774385170804095,4.35449713207266
2018-02-07,178.61148071289062,180.17999267578125,185.0800018310547,179.9499969482422,184.14999389648438,27601900,43.55039363870733,0.4869164573156013,185.04599838256837,,-0.04093257380780502,4.465841825811245
2018-02-08,170.08639526367188,171.5800018310547,181.83999633789062,171.47999572753906,181.00999450683594,38478300,35.239113157192534,-0.6531121266344826,184.23299865722657,,-0.08656300481175017,5.327379075824153
2018-02-09,174.57693481445312,176.11000061035156,176.89999389648438,167.17999267578125,174.75999450683594,39887600,41.56516117195018,-1.1774866174020815,183.6499984741211,,-0.062097264721740486,5.553156014993753
2018-02-12,174.87432861328125,176.41000366210938,177.5500030517578,171.83999633789062,177.05999755859375,32092100,41.96944714690463,-1.5509708141036356,183.5019989013672,,-0.016502154962675264,5.71044431621039
2018-02-13,171.64271545410156,173.14999389648438,175.97000122070312,173.10000610351562,175.6199951171875,21809400,38.82592484127388,-2.085969515739066,183.239998626709,,-0.029373874718832016,6.066443062658785
2018-02-14,177.95726013183594,179.52000427246094,179.80999755859375,173.2100067138672,173.4499969482422,28929700,47.15493938479066,-1.9732073344269168,183.33599853515625,,0.010810800129287257,5.98716794443557
2018-02-15,178.39341735839844,179.9600067138672,180.5,176.83999633789062,180.5,20922100,47.68479044444865,-1.8272742929513583,183.34399871826173,,0.0008898979944027552,5.982299313997579
2018-02-16,175.8160400390625,177.36000061035156,179.8800048828125,176.3000030517578,178.99000549316406,20645300,44.82475573924075,-1.8995235445777041,183.14749908447266,,-0.021677934918219566,6.116359639186551
2018-02-20,174.477783203125,176.00999450683594,177.9499969482422,175.11000061035156,175.77000427246094,21204900,43.37020476619134,-2.0421748862226536,182.67949905395508,,-0.05049361200249447,6.292900142602632
2018-02-21,176.36129760742188,177.91000366210938,181.27000427246094,176.39999389648438,176.7100067138672,23200800,46.02486763068076,-1.9790984277035761,182.10749893188478,,-0.06041722774042102,6.173457578904893
2018-02-22,177.431884765625,178.99000549316406,180.2100067138672,177.41000366210938,178.6999969482422,18464200,47.530519707202245,-1.8209717294896848,181.72949905395507,,-0.04052531458011421,6.118329817778821
2018-02-23,181.69444274902344,183.2899932861328,183.38999938964844,179.50999450683594,179.89999389648438,19007300,53.13582534916077,-1.3333125068973288,181.51999893188477,,-0.022349064096926163,5.98126179108387
2018-02-26,183.32015991210938,184.92999267578125,185.66000366210938,183.22000122070312,184.5800018310547,17599700,55.10572735641439,-0.8052227087473796,181.26649856567383,,-0.026684249074835575,5.703954077105833
2018-02-27,179.88038635253906,181.4600067138672,184.6999969482422,181.4600067138672,184.4499969482422,15849800,50.289067813839054,-0.6591088101928619,181.04049911499024,,-0.024303630054350767,5.595889586563718
2018-02-28,176.7677001953125,178.32000732421875,182.8800048828125,178.13999938964844,182.3000030517578,18783000,46.341699113246726,-0.7876051793292902,180.6004997253418,,-0.047028580710776424,5.436399929715171
2018-03-01,174.40841674804688,175.94000244140625,180.1199951171875,174.41000366210938,179.00999450683594,23201600,43.55128868719753,-1.069161354582718,180.0529998779297,,-0.05859059866233107,5.319783073180546
2018-03-02,175.08248901367188,176.6199951171875,177.11000061035156,172.99000549316406,173.2899932861328,20025900,44.57809528463072,-1.2233251946239818,179.22949981689453,,-0.08529701969584214,4.388747243312706
2018-03-05,178.82958984375,180.3999938964844,181.14999389648438,175.88999938964844,176.1999969482422,16189300,50.02058814393621,-1.0286294379645824,178.7354995727539,,-0.05192350717992256,3.5565858051322228
2018-03-06,178.21498107910156,179.77999877929688,182.3800048828125,179.11000061035156,181.77999877929688,15086800,49.167727933248656,-0.9138260546256731,178.66149978637696,,-0.008165043431485275,3.516466032139882
2018-03-07,182.11077880859375,183.7100067138672,183.82000732421875,178.07000732421875,178.74000549316406,19097300,54.467316421836586,-0.49996150532462025,178.5815002441406,,-0.008634131270875645,3.372505197087514
2018-03-08,180.75271606445312,182.33999633789065,184.39999389648438,181.4499969482422,183.55999755859375,17225900,52.41577745430233,-0.2792996632968823,178.6895004272461,,0.011988032800046566,3.4598438421178033
2018-03-09,183.61753845214844,185.22999572753903,185.50999450683594,183.2100067138672,183.91000366210938,18526300,56.16644893006911,0.1273077102671607,179.37200012207032,,0.07955469023671391,3.3273733962246923
2018-03-12,183.15167236328125,184.75999450683597,186.10000610351562,184.22000122070312,185.22999572753906,15301200,55.40163715717745,0.40693096584934096,179.80449981689452,,0.04911699430188965,3.441278706615695
2018-03-13,180.29669189453125,181.8800048828125,185.99000549316406,181.11000061035156,185.61000061035156,18067500,50.83383685462279,0.3916288631400562,180.0779998779297,,0.03100731878663865,3.3740078858485867
2018-03-14,182.5865936279297,184.19000244140625,184.25,181.85000610351562,182.60000610351562,16821700,54.102560815306575,0.5594503387611951,180.63000030517577,182.48379943847655,0.06375979748241867,3.070332262416693
2018-03-15,182.2594757080078,183.8600006103516,184.0,182.19000244140625,183.24000549316406,15614300,53.55478891170245,0.6582339660297123,180.8470001220703,182.53259948730468,0.02417555834782492,3.140322613323329
2018-03-16,183.478759765625,185.08999633789065,185.3300018310547,183.41000366210938,184.49000549316406,24403400,55.368609330498415,0.8262466213169262,181.10349960327147,182.5409994506836,0.028506276020427324,3.2708546774858314
2018-03-19,171.05784606933594,172.55999755859375,177.1699981689453,170.05999755859375,177.00999450683594,88140100,38.761714558919365,-0.05107951002665345,180.8634994506836,182.30559936523437,-0.027063616572166715,3.7070129634743023
2018-03-20,166.68624877929688,168.14999389648438,170.1999969482422,161.9499969482422,167.47000122070312,129851800,34.80496449538023,-1.0896563493954545,180.47049942016602,181.93159912109374,-0.044656558466322216,4.565803612168506
2018-03-21,167.91546630859375,169.38999938964844,173.39999389648438,163.3000030517578,164.8000030517578,106598800,36.75974759614405,-1.7920205990257614,180.04449920654298,181.55379913330077,-0.047889405300908905,5.174209874245561
2018-03-22,163.45462036132812,164.88999938964844,170.27000427246094,163.72000122070312,166.1300048828125,73743000,32.904017977798546,-2.6808584515962366,179.3394989013672,181.09419921875,-0.07877538226040293,6.186925551153509
2018-03-23,158.0024871826172,159.38999938964844,166.60000610351562,159.02000427246094,165.44000244140625,53609700,28.912367020249775,-3.7854367298027682,178.14449920654297,180.52519927978517,-0.1303944283481655,7.5432037979342
2018-03-26,158.6666717529297,160.05999755859375,161.10000610351562,149.02000427246094,160.82000732421875,126116600,30.025984479329495,-4.554261034239005,176.9009994506836,179.97099914550782,-0.13448329693490824,8.370307774582114
2018-03-27,150.8948974609375,152.22000122070312,162.85000610351562,150.75,156.30999755859375,79117000,25.07577793486375,-5.730128661144818,175.4389991760254,179.42799926757812,-0.16113746506838156,9.938752497497891
2018-03-28,151.69786071777344,153.02999877929688,155.8800048828125,150.8000030517578,151.64999389648438,60029200,26.42538271970534,-6.5214766700163125,174.17449874877929,178.9207992553711,-0.14182372984619707,11.094524697829915
2018-03-29,158.39901733398438,159.7899932861328,161.4199981689453,154.13999938964844,155.14999389648438,59434300,36.67701586443571,-6.527901027760436,173.36699829101562,178.56459899902345,-0.0917927073500634,11.538122034266411
2018-04-02,154.0372772216797,155.38999938964844,159.1999969482422,154.11000061035156,157.80999755859375,36796000,33.4135568163902,-6.8095389860799855,172.30549850463868,178.07639892578126,-0.12020154180987797,12.18172014189588
2018-04-03,154.75106811523438,156.11000061035156,157.38999938964844,150.80999755859375,156.5500030517578,42543900,34.44152310225968,-6.895157927430034,171.09099884033202,177.57279907226564,-0.13464520015488868,12.537868773811832
2018-04-04,153.74986267089844,155.10000610351562,155.55999755859375,150.50999450683594,152.02999877929688,49885600,33.65658826132672,-6.964230358635035,169.85699920654298,176.9673992919922,-0.13727885662119244,12.84835222128737
2018-04-05,157.9529266357422,159.33999633789062,161.57000732421875,156.64999389648438,161.55999755859375,41449600,39.853717785372126,-6.600749648049089,168.63849868774415,176.36719909667968,-0.13265477919193291,12.618969853897578
2018-04-06,155.83154296875,157.1999969482422,161.4199981689453,156.80999755859375,157.72999572753906,41644800,37.92802722159117,-6.411461297356254,167.38149871826172,175.78019897460936,-0.13787430017856328,12.43305633979112
2018-04-09,156.55519104003906,157.92999267578125,160.52999877929688,156.0399932861328,157.82000732421875,34915200,39.010615361327595,-6.1318600950740745,166.01649856567383,175.18919891357422,-0.14738435286644536,11.855566140379947
2018-04-10,163.603271484375,165.0399932861328,165.97999572753906,157.00999450683594,157.92999267578125,57889300,48.442409851954345,-5.27574104066457,165.03049850463867,174.68999877929687,-0.10673306888398681,11.00412726812064
2018-04-11,164.87217712402344,166.32000732421875,168.64999389648438,163.25,165.36000061035156,56144600,49.94324351157475,-4.4427607067851795,164.25249862670898,174.29679901123046,-0.08555089696978646,10.276126685143913
2018-04-12,162.44349670410156,163.8699951171875,167.4499969482422,163.10000610351562,166.97999572753906,38263000,47.116102269381045,-3.9349536046566413,163.23649826049805,173.83179901123046,-0.11032090262707317,9.14322852407099
2018-04-13,163.08782958984375,164.52000427246094,165.6999969482422,163.77000427246094,164.5800018310547,19990600,47.95781175308704,-3.440403679153434,162.2694984436035,173.38439910888673,-0.10518871028874444,7.766292533544425
2018-04-16,163.3951416015625,164.8300018310547,165.77999877929688,163.38999938964844,165.72000122070312,18119400,48.37978224225288,-2.9889997592941313,161.25649871826172,172.81919921875,-0.10946023506235514,5.67194563851122
2018-04-17,167.19180297851562,168.66000366210938,169.0,165.66000366210938,165.8300018310547,22743000,53.40642431356207,-2.295745832604638,161.0614990234375,172.38679931640624,-0.02260079944171367,5.3189367803748375
2018-04-18,164.91184997558594,166.36000061035156,168.1199951171875,165.77000427246094,166.8800048828125,20969600,50.242380752713785,-1.9099118504940407,160.97199935913085,172.08879943847657,-0.01064521766937887,5.207271417536502
2018-04-19,166.63668823242188,168.10000610351562,168.3300018310547,165.1999969482422,166.1999969482422,22235000,52.53347664114292,-1.447051034850233,160.90749969482422,171.744599609375,-0.00761552211335359,5.104489191425663
2018-04-20,164.83250427246094,166.27999877929688,168.42999267578125,165.80999755859375,167.7899932861328,19119400,49.943080415181804,-1.2131059540430442,160.97699966430665,171.4665997314453,0.008429858662099665,5.170601236955302
2018-04-23,164.39634704589844,165.83999633789062,168.4499969482422,165.08999633789062,167.27000427246094,23088100,49.310039126904584,-1.051090989146246,161.29949951171875,171.35179962158202,0.04046676060569121,5.26666412759177
2018-04-24,158.2998809814453,159.69000244140625,166.10000610351562,158.19000244140625,165.42999267578125,35079900,41.40943505187032,-1.4027757464065473,161.28099975585937,171.02339965820312,-0.002311602666694168,5.27189439901318
2018-04-25,158.2998809814453,159.69000244140625,161.05999755859375,156.19000244140625,160.13999938964844,41083600,41.40943505187032,-1.6623261887454532,161.65449981689454,170.68899963378905,0.04907371673103844,4.843357212236874
2018-04-26,172.6439208984375,174.16000366210938,176.27000427246094,170.8000030517578,173.22000122070312,77556900,59.2330680017037,-0.6924316950375555,162.71100006103515,170.70919982910155,0.13807753415254642,5.157446459037789
2018-04-27,172.07888793945312,173.58999633789062,177.10000610351562,172.60000610351562,176.80999755859375,29804700,58.478392037139514,0.029877443058438757,163.40100021362304,170.59059967041014,0.08636337462663524,5.646070365075865
2018-04-30,170.502685546875,172.0,175.72000122070312,171.7100067138672,173.7899932861328,20750500,56.32273150216935,0.4686113625548103,164.23150024414062,170.4313995361328,0.10689233976184731,5.6272651948534165
2018-05-01,172.3465576171875,173.86000061035156,174.02000427246094,170.22999572753906,172.0,26025900,58.261062683294604,0.9553845805067454,165.11900024414064,170.3613995361328,0.1137018764371398,5.678455571587882
2018-05-02,174.53729248046875,176.07000732421875,178.0800018310547,174.1999969482422,174.25,30424500,60.50387137202239,1.5021688671251354,166.1675003051758,170.36259979248047,0.13520309732745917,5.667123844967005
2018-05-03,172.50515747070312,174.02000427246094,176.1199951171875,172.1199951171875,175.1300048828125,24026100,57.42159422676562,1.7499093739693592,166.9015007019043,170.2847998046875,0.09213008831405034,5.686926083453721
2018-05-04,175.07260131835938,176.61000061035156,176.97999572753906,173.05999755859375,173.0800018310547,17677800,60.18155044780035,2.1306754689756815,167.87200088500975,170.23719970703124,0.1234733081356234,5.5997171948162885
2018-05-07,176.4207305908203,177.97000122070312,179.5,177.1699981689453,177.35000610351562,18697200,61.58950093792673,2.5132053588351653,168.87400131225587,170.13079986572265,0.12689172085293854,5.519467017555467
2018-05-08,177.3625030517578,178.9199981689453,179.0399932861328,177.11000061035156,178.25,15577200,62.58472254916229,2.860050979424358,169.5680015563965,170.01059997558593,0.0841008570495303,5.873291534443118
2018-05-09,181.0699005126953,182.66000366210935,183.00999450683594,178.77999877929688,179.6699981689453,23282800,66.28802173562869,3.397550966754636,170.385001373291,170.03459991455077,0.09824432189951704,6.5006752447251985
2018-05-10,183.9149627685547,185.52999877929688,186.1300048828125,182.5,183.14999389648438,21071400,68.83703558236863,4.00889614034449,171.46800155639647,170.17879974365235,0.13217797221889072,7.131784474741087
2018-05-11,185.36224365234375,186.9900054931641,188.32000732421875,184.17999267578125,184.85000610351562,21207800,70.07656758307445,4.558652625142571,172.59150161743165,170.3997998046875,0.13657914318729691,7.724865995436369
2018-05-14,185.0152587890625,186.63999938964844,187.86000061035156,186.1999969482422,187.7100067138672,15646700,69.36427198529802,4.90950234571369,173.68200149536133,170.6001998901367,0.13231812968702306,8.101764425593027
2018-05-15,182.71548461914062,184.32000732421875,185.2899932861328,183.1999969482422,184.8800048828125,15429400,64.67183763416134,4.943365268625854,174.4650016784668,170.6786001586914,0.09284953944079333,8.343980084597524
2018-05-16,181.605224609375,183.1999969482422,184.32000732421875,182.66000366210938,183.6999969482422,16975500,62.47455572921534,4.824215844691395,175.30700149536133,170.74700012207032,0.10122623392706798,8.332712629677282
2018-05-17,182.16033935546875,183.75999450683597,184.05999755859375,182.22000122070312,182.67999267578125,14840700,63.148729442167934,4.7205605075970425,176.09000091552736,170.7479998779297,0.09315876165808668,8.355579421910498
2018-05-18,181.08973693847656,182.67999267578125,184.19000244140625,182.61000061035156,183.49000549316406,13130500,60.87717321262168,4.499399507594575,176.91000061035157,170.7547998046875,0.09862878287756094,8.14423367703982
2018-05-21,182.8839874267578,184.4900054931641,185.3000030517578,183.1300048828125,183.77000427246094,13532900,63.26230624019141,4.419238498636389,177.84250106811524,170.74,0.1124578483303571,7.873214547455154
2018-05-22,182.20001220703125,183.8000030517578,185.4199981689453,183.42999267578125,184.92999267578125,12731400,61.71760288599947,4.251029667247678,179.04800109863282,170.72080017089843,0.1509800253099629,6.706935357546362
2018-05-23,185.27301025390625,186.8999938964844,186.91000366210938,182.17999267578125,182.5,16628100,65.76240922881993,4.3180900557133555,180.40850067138672,170.82119995117188,0.1703925796172625,5.153328781379342
2018-05-24,184.31143188476562,185.92999267578125,186.8000030517578,185.02999877929688,185.8800048828125,12354700,63.50152000849423,4.244042227865833,180.99700012207032,170.8559997558594,0.06758146971854129,5.0736454249354885
2018-05-25,183.3102569580078,184.9199981689453,186.3300018310547,184.4499969482422,186.02000427246094,10965100,61.1443583199849,4.057093031965735,181.56350021362306,170.87719970703125,0.06526874860346776,4.829751228222152
2018-05-29,184.1231231689453,185.7400054931641,186.80999755859375,183.7100067138672,184.33999633789062,16398900,62.365796210560454,3.9298018754920463,182.25050048828126,170.89019989013673,0.07988375286723315,4.351325956836911
2018-05-30,186.03631591796875,187.6699981689453,188.0,185.25,186.5399932861328,13736900,65.14313132893881,3.939247799679066,182.94100036621094,171.19239990234374,0.07943171235541513,4.033943997673639
2018-05-31,190.1105194091797,191.77999877929688,192.72000122070312,187.47999572753906,187.8699951171875,30782600,70.1885733737419,4.229620036267534,183.72649993896485,171.665,0.08922582382898092,4.15336601184398
2018-06-01,192.30128479003906,193.9900054931641,194.5500030517578,192.07000732421875,193.07000732421875,17307200,72.4941144954741,4.585215685569665,184.725,172.15700012207031,0.11475692868870624,4.097123355657109
2018-06-04,191.5974884033203,193.27999877929688,193.97999572753906,191.47000122070312,191.83999633789062,18939800,70.6049117275889,4.75492438308396,185.55849990844726,172.72480010986328,0.09438875551404213,4.054771867877541
2018-06-05,191.26043701171875,192.94000244140625,195.0,192.6199951171875,194.3000030517578,15544300,69.66862358917415,4.8065776503864015,186.30699996948243,173.39580017089844,0.08411530661360511,3.9608514740678396
2018-06-06,189.6743621826172,191.33999633789065,192.52999877929688,189.11000061035156,191.02999877929688,22558900,65.281339590207,4.664635106250188,186.9279998779297,174.02140014648438,0.06941648947043788,3.707240303644253
2018-06-07,186.5418701171875,188.17999267578125,190.97000122070312,186.77000427246094,190.75,21503200,57.570382872277015,4.248188261231604,187.2039993286133,174.74059997558595,0.03022002027265347,3.5759221338689553
2018-06-08,187.453857421875,189.1000061035156,189.47999572753906,186.42999267578125,187.52999877929688,12677100,59.08563965589691,3.9468912257658815,187.38249969482422,175.46200012207032,0.01924221068133325,3.577064948566505
2018-06-11,189.8726043701172,191.5399932861328,192.60000610351562,188.8000030517578,188.80999755859375,12928900,62.872591819570715,3.860496329632383,187.60999908447266,176.0970001220703,0.024332786027620346,3.693579501161621
2018-06-12,190.7251434326172,192.3999938964844,193.27999877929688,191.55999755859375,192.1699981689453,11562700,64.13270225821165,3.817417797822145,187.89799880981445,176.83720001220703,0.03086152231929029,3.8357894620878907
2018-06-13,190.73504638671875,192.41000366210935,194.5,191.91000366210938,192.74000549316406,15853800,64.14795464276163,3.7409619744557574,188.302498626709,177.5632000732422,0.0438910374154895,3.865066880544839
2018-06-14,195.0967254638672,196.80999755859372,197.27999877929688,192.91000366210938,193.10000610351562,19120900,70.15572092929152,3.989425307156523,188.98299865722657,178.39739990234375,0.07429039758224798,4.109786181511923
2018-06-15,194.1450958251953,195.8500061035156,197.07000732421875,194.63999938964844,195.7899932861328,21860900,67.49811423752313,4.062046260210394,189.58749923706054,179.12760009765626,0.06579240290644361,4.1894862553350105
2018-06-18,196.58370971679688,198.30999755859372,199.5800018310547,194.1300048828125,194.8000030517578,16826000,70.57425367765117,4.268890527421661,190.36899948120117,179.94980010986328,0.085559478374583,4.289752685990996
2018-06-19,195.77084350585938,197.4900054931641,197.9600067138672,193.7899932861328,196.24000549316406,19994000,68.25528709150505,4.31688720417776,191.01899948120118,180.74100036621093,0.07046452172435802,4.33670830993306
2018-06-20,200.24156188964844,202.0,203.5500030517578,198.80999755859375,199.10000610351562,28230900,73.4270540502409,4.665067783900298,191.9289993286133,181.48020050048828,0.09902065639855895,4.64100833442105
2018-06-21,199.74591064453125,201.5,203.38999938964844,200.08999633789062,202.75999450683594,19045700,72.0260613107169,4.844809630874948,192.65899963378905,182.1838003540039,0.07811667512200082,4.946531789506208
2018-06-22,199.98382568359375,201.7400054931641,202.24000549316406,199.30999755859375,201.16000366210938,17420200,72.29927769193182,4.9495672468382566,193.4495002746582,182.94120056152343,0.08503207357702558,5.07617067472648
2018-06-25,194.6407470703125,196.3500061035156,200.0,193.11000061035156,200.0,25275100,58.484443020926406,4.545265516047351,194.02100067138673,183.57780059814453,0.06181055617428499,4.6944028233113935
2018-06-26,197.26766967773438,199.0,199.10000610351562,196.22999572753906,197.60000610351562,17897600,62.29869162930143,4.388102527642474,194.68400039672852,184.26120056152342,0.07139008352901088,4.3897915064942
2018-06-27,194.13519287109375,195.83999633789065,200.75,195.8000030517578,199.17999267578125,18734400,55.724102658403005,3.9628822015428398,195.09250030517578,184.80480041503907,0.0435338532991858,4.0713231768702105
2018-06-28,194.5218048095703,196.22999572753903,197.33999633789062,193.25999450683594,195.17999267578125,18172400,56.336549999635096,3.6156823850943454,195.31500015258788,185.4022003173828,0.023203655107763677,4.001768567145421
2018-06-29,192.62841796875,194.32000732421875,197.60000610351562,193.9600067138672,197.32000732421875,15811600,52.50599451746545,3.150091631941393,195.3315002441406,185.92660034179687,0.0017011280051038025,3.9966949270316405
2018-07-02,195.64195251464844,197.3600006103516,197.4499969482422,192.22000122070312,193.3699951171875,13961600,57.46346560814165,2.9919206586276914,195.53550033569337,186.54820037841796,0.021109281130085256,3.9905920361707574
2018-07-03,191.05224609375,192.72999572753903,195.39999389648438,192.52000427246094,194.5500030517578,13489500,49.06356740908209,2.4645564506090807,195.525,187.08600036621092,-0.001088456054783138,3.9980502671201648
2018-07-05,196.7224578857422,198.4499969482422,198.64999389648438,194.02999877929688,194.74000549316406,19684200,57.35691998870549,2.4795896448317194,195.88050003051757,187.86120025634764,0.03715898790860139,3.921717258732523
2018-07-06,201.46087646484375,203.22999572753903,203.63999938964844,197.6999969482422,198.4499969482422,19740100,62.80674041948216,2.8444208005359997,196.63300018310548,188.7320001220703,0.07997663746160155,3.8086439276070423
2018-07-09,202.9577178955078,204.7400054931641,205.8000030517578,202.1199951171875,204.92999267578125,18149400,64.35645312990907,3.2182987437099086,197.41500015258788,189.3436001586914,0.08270755623924719,3.7861010289536448
2018-07-10,201.76812744140625,203.5399932861328,204.91000366210938,202.25999450683594,204.5,13190100,62.14054080163761,3.378819819496556,198.0150001525879,189.94260009765625,0.062650101392004,3.756793805420775
2018-07-11,200.77687072753906,202.5399932861328,204.5,201.75,202.22000122070312,12927400,60.277947868458995,3.386307046172732,198.52200012207032,190.5533999633789,0.052702701202287816,3.6415929311942397
2018-07-12,205.11874389648438,206.9199981689453,207.0800018310547,203.19000244140625,203.42999267578125,15454700,65.19836426793479,3.7029848121841553,199.24749984741212,191.21459991455077,0.0754118508948054,3.801700837459552
2018-07-13,205.5152587890625,207.32000732421875,208.42999267578125,206.4499969482422,207.80999755859375,11486800,65.61724546611767,3.940804478144429,199.77300033569335,191.83959991455077,0.053401808322750544,4.156837108495249
2018-07-16,205.42601013183594,207.22999572753903,208.72000122070312,206.83999633789062,207.5,11078200,65.42641068851722,4.075040562245448,200.34199981689454,192.50379974365234,0.05810563834248028,4.3652231420679275
2018-07-17,208.16201782226562,209.9900054931641,210.4600067138672,204.83999633789062,204.89999389648438,15349900,68.45580504841995,4.353943793915818,200.92600021362304,193.17139984130858,0.05889772617802258,4.835080903937879
2018-07-18,207.53749084472656,209.3600006103516,210.99000549316406,208.44000244140625,209.82000732421875,15334900,67.01241211601214,4.472583329001139,201.5194999694824,193.79919982910155,0.06010428268279311,5.1117182370961265
2018-07-19,206.278564453125,208.08999633789065,209.99000549316406,207.75999450683594,208.77000427246094,11350400,64.07923969867508,4.413254038982757,201.82399978637696,194.38259979248048,0.030148496722230966,5.319031089310214
2018-07-20,208.11244201660156,209.94000244140625,211.5,208.5,208.85000610351562,16163900,66.38725649868817,4.464056318149289,202.24599990844726,194.9281997680664,0.0418858681955645,5.618356118569344
2018-07-23,209.0740203857422,210.91000366210935,211.6199951171875,208.8000030517578,210.5800018310547,16732000,67.56405943727552,4.530365251704524,202.70449981689453,195.43579986572266,0.045454535140557306,5.939861204299464
2018-07-24,212.80125427246094,214.6699981689453,216.1999969482422,212.60000610351562,215.11000061035156,28468700,71.7000959070195,4.830631183078509,203.62049942016603,195.9893997192383,0.0933027323450728,6.309431229667562
2018-07-25,215.6066131591797,217.5,218.6199951171875,214.27000427246094,215.72000122070312,58954200,74.35110220806745,5.236587472722562,204.545499420166,196.6065997314453,0.09296482412060292,6.922687901500471
2018-07-26,174.72560119628906,176.25999450683594,180.1300048828125,173.75,174.88999938964844,169803700,30.10062367092152,2.2051671762913543,203.56649932861328,196.44539947509764,-0.09997958638271498,9.221438775031256
2018-07-27,173.3675537109375,174.88999938964844,179.92999267578125,173.0,179.8699951171875,60073700,29.47308407778725,-0.3042946855462958,202.49949951171874,196.27919952392577,-0.1087499200046903,11.148309572182647
2018-07-30,169.57090759277344,171.05999755859375,175.3000030517578,166.55999755859375,175.3000030517578,65280800,27.7324083638471,-2.5724567497420026,201.3364990234375,196.02519958496094,-0.11969951054404904,13.09057135162455
2018-07-31,171.07765197753906,172.5800018310547,174.24000549316406,170.0,170.6699981689453,40356500,29.511670815917157,-4.198937151525342,200.09749908447264,195.82319976806642,-0.1255573505404478,14.575248092315965
2018-08-01,170.15577697753906,171.64999389648438,175.0800018310547,170.89999389648438,173.92999267578125,34042100,29.040554798928426,-5.49958269013581,199.04349899291992,195.56639953613282,-0.1093758226449364,15.8431147322159
2018-08-02,174.8346710205078,176.3699951171875,176.7899932861328,170.27000427246094,170.67999267578125,32400000,34.73503782524436,-6.079409351610593,197.9394989013672,195.4177993774414,-0.11126229362862317,16.63610628347717
2018-08-03,176.23240661621094,177.77999877929688,178.85000610351562,176.14999389648438,177.69000244140625,24763400,36.37758206204258,-6.351929556625009,196.66699905395507,195.23539947509767,-0.12522756228545018,17.174754398762715
2018-08-06,184.0735626220703,185.69000244140625,185.7899932861328,178.3800048828125,178.97000122070312,49716200,44.77446406960034,-5.862058433016472,195.7144989013672,195.23059967041016,-0.0930448497638332,17.23162251478577
2018-08-07,182.20989990234375,183.80999755859372,188.3000030517578,183.72000122070312,186.5,33398600,43.31135524506587,-5.561424085422004,194.72799911499024,195.20839965820312,-0.09693424574207887,17.324553049043043
2018-08-08,183.5679473876953,185.17999267578125,186.85000610351562,183.75999450683594,184.75,22205200,44.72874816761206,-5.153218942369506,193.85999908447266,195.19719940185547,-0.08571147025677395,17.34742711334976
2018-08-09,181.49618530273438,183.08999633789065,186.57000732421875,182.47999572753906,185.85000610351562,19732100,42.963893273327635,-4.941397310893819,192.66849899291992,195.10559936523438,-0.11516529113632612,17.221111974792084
2018-08-10,178.6907958984375,180.25999450683597,182.10000610351562,179.4199981689453,182.0399932861328,21500400,40.626368927812784,-4.9448831039711365,191.31549835205078,194.87519927978516,-0.13052292041966218,17.0717669788662
2018-08-13,178.48265075683594,180.0500030517578,182.61000061035156,178.89999389648438,180.10000610351562,17423300,40.45050528920968,-4.908013649334606,189.9564987182617,194.59639923095702,-0.13115858339116515,16.818163560469134
2018-08-14,179.53341674804688,181.1100006103516,181.99000549316406,178.6199951171875,180.7100067138672,19102000,41.81959748055672,-4.738637335194966,188.5124984741211,194.35299926757813,-0.13753037824341907,16.23734857529779
2018-08-15,177.9671630859375,179.52999877929688,180.8699951171875,174.77999877929688,179.33999633789062,33020200,40.33115293619937,-4.677973561805629,187.02099838256837,194.08479919433594,-0.14248185777651268,15.578246964655428
2018-08-16,173.17921447753906,174.6999969482422,180.5,174.00999450683594,180.4199981689453,31351800,36.10108403222891,-4.962434015766462,185.35149841308595,193.75199920654296,-0.1604594164893478,14.979132133326402
2018-08-17,172.2870635986328,173.8000030517578,176.22000122070312,172.0399932861328,174.5,24893200,35.35693760877689,-5.2005443231103925,183.54449844360352,193.4643994140625,-0.1721444173067257,14.004982434501565
2018-08-20,170.9983673095703,172.5,174.57000732421875,170.91000366210938,174.0399932861328,21518000,34.258449524051514,-5.4315364674874616,181.62399826049804,193.1323992919922,-0.18211560853056785,12.619939898438451
2018-08-21,171.1173095703125,172.6199951171875,174.1699981689453,171.38999938964844,172.80999755859375,19578500,34.4608564438814,-5.541043107238153,179.52149810791016,192.75399932861328,-0.19588206740778213,10.069805315075103
2018-08-22,172.12843322753906,173.63999938964844,174.24000549316406,172.1300048828125,172.2100067138672,16894100,36.25740215907878,-5.482325255026154,177.32849807739257,192.37879943847656,-0.2016551752200072,4.716483084913451
2018-08-23,171.3948516845703,172.89999389648438,175.5500030517578,172.8300018310547,173.08999633789062,18053600,35.49716547483641,-5.432876375909899,177.160498046875,191.98859924316406,-0.019062752269751404,4.815351057378728
2018-08-24,173.12965393066406,174.64999389648438,174.82000732421875,172.9199981689453,173.6999969482422,14631600,38.76699777867776,-5.1926201159081415,177.14849777221679,191.54539916992186,-0.001372322568481077,4.82160214208707
2018-08-27,175.91519165039062,177.4600067138672,178.6699981689453,175.7899932861328,175.99000549316406,17921900,43.70207553628315,-4.721049429723422,177.46849822998047,191.17759918212892,0.03741382699997531,4.603707283123798
2018-08-28,174.72560119628906,176.25999450683594,178.24000549316406,175.8300018310547,178.10000610351562,15910700,42.140128343037645,-4.393511553305132,177.65249786376953,190.73659912109375,0.021323401533995368,4.469630039599468
2018-08-29,174.36875915527344,175.89999389648438,176.7899932861328,174.75,176.3000030517578,18494100,41.65909369627515,-4.115543048637306,177.86499786376953,190.30479888916017,0.024759686286752958,4.265605111667445
2018-08-30,176.09359741210938,177.63999938964844,179.7899932861328,175.6999969482422,175.89999389648438,24216500,44.93113441495274,-3.7120568241734873,177.9284980773926,189.81759887695313,0.007200795529971549,4.2516083517915595
2018-08-31,174.20025634765625,175.72999572753906,177.6199951171875,174.97999572753906,177.14999389648438,18065200,42.13742166241746,-3.5059974609678477,177.82599792480468,189.3021987915039,-0.011531123106276797,4.279993438746916
2018-09-04,169.67002868652344,171.16000366210938,173.88999938964844,168.8000030517578,173.5,29809000,36.318665268526345,-3.6691583245194295,177.09949798583983,188.6905987548828,-0.07824868645732153,4.104461001382022
2018-09-05,165.72467041015625,167.17999267578125,171.1300048828125,166.6699981689453,169.49000549316406,31226700,32.15424932412701,-4.072670893738234,176.26799774169922,188.10719848632812,-0.09047388664216305,4.350579695709536
2018-09-06,161.11517333984375,162.52999877929688,166.97999572753906,160.0,166.97999572753906,41514800,28.100221218387162,-4.713340700182044,175.135498046875,187.37779846191407,-0.12231339665371233,4.830174785417641
2018-09-07,161.62071228027344,163.0399932861328,164.6300048828125,160.16000366210938,160.30999755859375,24300600,29.155224971575947,-5.120893371919692,174.13299789428712,186.7217984008789,-0.10950900351079684,5.161641119748996
2018-09-10,162.75079345703125,164.17999267578125,165.00999450683594,162.16000366210938,163.50999450683594,20197700,31.57225734723113,-5.290903139241692,173.32899780273436,186.08079833984374,-0.08920449529052277,5.403712877455892
2018-09-11,164.4954833984375,165.94000244140625,167.19000244140625,163.72000122070312,163.94000244140625,20457100,35.24542092261811,-5.223406842999765,172.6234977722168,185.5131982421875,-0.0783671223059933,5.401134770674484
2018-09-12,160.58978271484375,162.0,164.49000549316406,161.8000030517578,163.25,24078100,31.206879873293417,-5.425301314569111,171.66799774169922,184.80599822998047,-0.10551598777510762,5.510044644661186
2018-09-13,159.95535278320312,161.36000061035156,163.32000732421875,160.86000061035156,162.0,25453800,30.593653401144536,-5.5727080306188554,170.75949783325194,184.1785983276367,-0.10120870212494337,5.641890083673137
2018-09-14,160.90699768066406,162.32000732421875,162.83999633789062,160.33999633789062,161.72000122070312,21770400,32.729045011936975,-5.5481092465816175,170.14049835205077,183.45599853515625,-0.07086428071141415,5.861658693896923
2018-09-17,159.18214416503906,160.5800018310547,162.05999755859375,159.77000427246094,161.9199981689453,21005300,30.87489499613382,-5.604414235789676,169.47949829101563,182.60299865722655,-0.0760644475752178,6.164817441690423
2018-09-18,158.90455627441406,160.3000030517578,161.75999450683594,158.8699951171875,159.38999938964844,22465200,30.574727041229337,-5.6069959477821385,168.8694984436035,181.71419860839845,-0.07072461998980983,6.44732589893613
2018-09-19,161.64056396484375,163.05999755859375,163.44000244140625,159.47999572753906,160.0800018310547,19629000,37.06940251721512,-5.3249507649200325,168.39149856567383,180.90459869384765,-0.055381750834274435,6.508725363383594
2018-09-20,164.5747833251953,166.02000427246094,166.4499969482422,164.47000122070312,164.5,18936000,43.205793936244284,-4.807166102996831,168.01049880981446,180.17419891357423,-0.043883869753352234,6.407563866109967
2018-09-21,161.51165771484375,162.92999267578125,167.25,162.80999755859375,166.63999938964844,45994800,38.937349071610626,-4.593208491219542,167.5119987487793,179.29439880371095,-0.05766339833807155,6.394960818058726
2018-09-24,163.97012329101562,165.41000366210938,165.6999969482422,160.8800048828125,161.02999877929688,19222800,43.74126937304297,-4.1753979931544905,167.04999923706055,178.45619873046874,-0.05290575755674842,6.182375165550831
2018-09-25,163.47445678710938,164.91000366210938,165.58999633789062,161.14999389648438,161.99000549316406,27622800,43.006659214380576,-3.840356742611732,166.42249908447266,177.60979888916015,-0.07072017681140508,5.687241897571932
2018-09-26,165.49667358398438,166.9499969482422,169.3000030517578,164.2100067138672,164.3000030517578,25252200,46.92329274203353,-3.3713607799866168,165.95699920654297,176.74899871826173,-0.0528196859681207,5.199786547808647
2018-09-27,167.37025451660156,168.83999633789062,171.77000427246094,167.2100067138672,167.5500030517578,27266900,50.329014826439675,-2.814724552772873,165.60399932861327,175.9385986328125,-0.04013642867292255,4.705395410933518
2018-09-28,163.0283660888672,164.4600067138672,168.7899932861328,162.55999755859375,168.3300018310547,34265600,43.381825186712824,-2.695937797154045,164.94499969482422,175.06599884033204,-0.07419496015011406,3.7587230808944097
2018-10-01,161.02593994140625,162.44000244140625,165.8800048828125,161.25999450683594,163.02999877929688,26407700,40.598496084661484,-2.733288254832445,164.28050003051757,174.11599884033203,-0.07562734655009218,2.805630246437735
2018-10-02,157.94302368164062,159.3300018310547,162.27999877929688,158.6699981689453,161.5800018310547,36031000,36.69497762550709,-2.979494066604701,163.68899993896486,173.08439880371094,-0.06911662525088835,2.51042118037317
2018-10-03,161.01602172851562,162.42999267578125,163.66000366210938,159.52999877929688,160.0,23109500,42.61754532866083,-2.8911432925836493,163.45149993896484,172.03959869384767,-0.028412490777002586,2.384290908102016
2018-10-04,157.4672088623047,158.85000610351562,161.4600067138672,157.35000610351562,161.4600067138672,25739600,38.175689787795505,-3.0745580732027804,163.2675003051758,170.86659881591797,-0.022641928895713592,2.5920879957896283
2018-10-05,155.96041870117188,157.3300018310547,160.89999389648438,156.1999969482422,159.2100067138672,25744000,36.439121022823095,-3.304475315386128,162.98200073242188,170.48799896240234,-0.03502202950325917,2.913050598021531
2018-10-08,155.88111877441406,157.25,158.33999633789062,154.38999938964844,155.5399932861328,24046000,36.34540918465684,-3.4533339809371455,162.6355010986328,170.13519897460938,-0.04220972703699921,3.1643642391469418
2018-10-09,156.5254364013672,157.89999389648438,160.58999633789062,157.4199981689453,157.69000244140625,18844400,37.746241575401264,-3.478755542194193,162.2335006713867,169.8719989013672,-0.0484512982200348,3.2324345736768967
2018-10-10,150.0622100830078,151.3800048828125,157.69000244140625,151.30999755859375,156.82000732421875,30610000,30.49641656139292,-3.9791418657261772,161.70250091552734,169.44799896240235,-0.06555552541473764,4.043374474264468
2018-10-11,152.0150604248047,153.35000610351562,154.80999755859375,149.16000366210938,150.1300048828125,35338900,34.58466866992359,-4.168684992018768,161.30200119018554,169.08199920654297,-0.04964052104944083,4.454846728825358
2018-10-12,152.40171813964844,153.74000549316406,156.88999938964844,151.3000030517578,156.72999572753906,25293500,35.394845387820965,-4.238569997295798,160.8730010986328,168.6293994140625,-0.05285855990578503,4.7546882626850735
2018-10-15,152.18359375,153.52000427246094,155.57000732421875,152.5500030517578,153.32000732421875,15433500,35.13052497764127,-4.262570369494341,160.52000122070314,168.14419952392578,-0.04396560890578105,5.0315984930474595
2018-10-16,157.39779663085938,158.77999877929688,159.4600067138672,155.00999450683594,155.39999389648438,19180100,45.59210915680727,-3.8131970779992344,160.4440010070801,167.60599945068358,-0.009482247308318259,5.046553660729672
2018-10-17,158.03221130371094,159.4199981689453,160.49000549316406,157.9499969482422,159.55999755859375,17592000,46.71805142327452,-3.3666146666507757,160.26200103759766,167.11819946289063,-0.02232306785323268,5.012768104072894
2018-10-18,153.5714111328125,154.9199981689453,158.66000366210938,153.27999877929688,158.50999450683594,21675100,40.38904604480138,-3.3373365419002425,159.70700073242188,166.5129995727539,-0.06685944957150491,4.955862683731722
2018-10-19,152.70896911621094,154.0500030517578,157.35000610351562,153.5500030517578,155.86000061035156,19761300,39.28108819301544,-3.3457668347984395,159.26300125122071,165.93219970703126,-0.05450187211199331,5.048825599587887
2018-10-22,153.43263244628906,154.77999877929688,157.33999633789062,154.4600067138672,154.75999450683594,15424700,40.749803514329095,-3.2560100907435015,158.73150100708008,165.42259979248047,-0.0642645828394206,4.925679120152372
2018-10-23,153.04600524902344,154.38999938964844,154.77000427246094,150.85000610351562,151.22000122070312,19095000,40.19047739165506,-3.1796933896952737,158.20550079345702,164.90939971923828,-0.06379239608784315,4.791028885436879
2018-10-24,144.76869201660156,146.0399932861328,154.64999389648438,145.60000610351562,154.27999877929688,27744600,30.52872674988437,-3.7497626334314305,157.16000061035157,164.20799957275392,-0.12524710418887808,5.056507766667219
2018-10-25,149.63595581054688,150.9499969482422,152.2100067138672,147.0,147.72999572753906,22105700,39.70733523126233,-3.7619845392851516,156.26550064086913,163.6363995361328,-0.10595830240274418,4.424432086499894
2018-10-26,144.10452270507812,145.3699951171875,149.0,143.8000030517578,145.82000732421875,31303300,34.1803828999455,-4.173816839063392,155.31100006103514,163.04979949951172,-0.11607692336954056,4.618481581024829
2018-10-29,140.8531036376953,142.08999633789062,148.8300018310547,139.02999877929688,148.5,31336800,31.412536375946075,-4.710564932804317,154.2934997558594,162.41559936523439,-0.12527706105431802,5.173531814404466
2018-10-30,144.94712829589844,146.22000122070312,146.63999938964844,139.74000549316406,139.94000244140625,50528300,38.1986990372157,-4.747953335450433,153.63799972534179,161.88999938964844,-0.08228205899509577,5.329977865570693
2018-10-31,150.46865844726562,151.7899932861328,156.39999389648438,148.9600067138672,155.0,60101300,45.963892404992336,-4.278808661814708,153.1059997558594,161.47339935302733,-0.06550513987208284,4.921596474563001
2018-11-01,150.42901611328125,151.75,152.75,149.35000610351562,151.52000427246094,25640800,45.91927884151425,-3.8656741664147773,152.7509994506836,161.03559936523436,-0.0446962910337495,4.738113922963682
2018-11-02,149.04119873046875,150.35000610351562,154.1300048828125,148.9600067138672,151.8000030517578,24708700,44.29835918163291,-3.60962045188748,152.40199966430663,160.584599609375,-0.044365319051063,4.639114233901363
2018-11-05,147.38571166992188,148.67999267578125,150.19000244140625,147.44000244140625,150.10000610351562,15971200,42.376718185633855,-3.501093735859058,151.9734992980957,160.06519958496094,-0.054499251664348214,4.562918122841925
2018-11-06,148.63473510742188,149.94000244140625,150.97000122070312,148.0,149.30999755859375,16667100,44.33861976956624,-3.2756535783412346,151.57549972534179,159.51479949951172,-0.05041160077749285,4.361481593767092
2018-11-07,150.21090698242188,151.52999877929688,153.00999450683594,149.8300018310547,151.57000732421875,21877400,46.80010319087906,-2.934859974091353,151.582999420166,159.02019958496095,0.0009908435172827357,4.36125669574119
2018-11-08,146.58277893066406,147.8699951171875,150.94000244140625,146.74000549316406,150.49000549316406,24145800,42.176471165008635,-2.9263768443875904,151.30899887084962,158.459599609375,-0.035735316388764704,4.416197469312134
2018-11-09,143.6981201171875,144.9600067138672,147.75999450683594,144.07000732421875,146.75,17326900,38.886935537244405,-3.118517320874446,150.86999893188477,157.80599975585938,-0.05710939550920768,4.5946117810613165
2018-11-12,140.3177947998047,141.5500030517578,145.0399932861328,140.49000549316406,144.47999572753906,18542100,35.40239684901118,-3.5055391564569334,150.2714988708496,157.12239990234374,-0.07797030281121708,4.993545514983356
2018-11-13,140.92250061035156,142.16000366210938,144.8800048828125,141.6199951171875,142.0,15141700,36.498584944334745,-3.720151210786014,149.44049911499025,156.54239990234376,-0.10467310268901808,4.884804641563651
2018-11-14,142.9645538330078,144.22000122070312,145.5800018310547,141.5500030517578,143.6999969482422,22068400,40.18976559950331,-3.6815693830274085,148.6804992675781,156.08320007324218,-0.09534560985337603,4.409775103906432
2018-11-15,142.5977783203125,143.85000610351562,144.83999633789062,140.8300018310547,142.3300018310547,30320300,39.74292187666575,-3.63890152865568,148.12699966430665,155.70960021972655,-0.07145618510373009,4.278165459787651
2018-11-16,138.31539916992188,139.52999877929688,141.77000427246094,137.77000427246094,141.07000732421875,37250600,34.86826846163834,-3.9086193036165753,147.4009994506836,155.23940032958984,-0.09425513784366824,4.448750405335978
2018-11-19,130.4048614501953,131.5500030517578,137.75,131.2100067138672,137.61000061035156,44362700,28.02919290668791,-4.711974834302822,146.23949966430663,154.58680053710938,-0.15008396375983346,5.359983522571713
2018-11-20,131.27716064453125,132.42999267578125,134.16000366210938,126.8499984741211,127.02999877929688,41939500,29.66745332908131,-5.217488116721228,145.1414993286133,153.91660034179688,-0.1422372355766689,5.831036680567
2018-11-21,133.64639282226562,134.82000732421875,137.19000244140625,134.1300048828125,134.39999389648438,25469700,34.05778937636974,-5.363430538493077,144.58050003051758,153.37300048828126,-0.07682817363549865,6.2637229898924565
2018-11-23,130.583251953125,131.72999572753906,134.5,131.25999450683594,133.64999389648438,11886100,31.334415609107168,-5.663147827781728,143.61949996948243,152.780400390625,-0.1273269401078112,6.69463585621003
2018-11-26,135.19281005859375,136.3800048828125,137.0,132.77999877929688,133.0,24263600,39.21190312221598,-5.46249086737032,143.17000045776368,152.26160034179688,-0.0618421306757827,6.870416731882448
2018-11-27,133.8248291015625,135.0,136.61000061035156,133.7100067138672,135.75,20750300,37.8250218339264,-5.353116249524561,142.81550064086915,151.75000030517577,-0.04989792751511224,7.107886618702326
2018-11-28,135.5694580078125,136.75999450683594,136.7899932861328,131.85000610351562,136.27999877929688,29847500,40.705415014743565,-5.066021289133971,142.34250030517578,151.27920013427735,-0.06469707724587104,7.183764353669961
2018-11-29,137.47276306152344,138.67999267578125,139.99000549316406,135.66000366210938,135.9199981689453,24238700,43.766032424755046,-4.63019465667125,141.6870002746582,150.7916000366211,-0.08636933388381185,6.867498465127684
2018-11-30,139.38597106933594,140.61000061035156,140.97000122070312,137.36000061035156,138.25999450683594,25732600,46.74195867514016,-4.082008546352455,141.13000030517577,150.2833999633789,-0.0734102101459535,6.447272592208874
2018-12-03,139.8617706298828,141.08999633789062,143.67999267578125,140.75999450683594,143.0,24819200,47.48627783901204,-3.5677091306995123,140.66699981689453,149.84660003662108,-0.06158968666252995,6.071871548983317
2018-12-04,136.72927856445312,137.92999267578125,143.38999938964844,137.16000366210938,140.72999572753906,30307400,43.20527351109451,-3.376190403382452,140.12949981689454,149.29699981689453,-0.07230293603418425,5.7946885233654415
2018-12-06,138.41453552246094,139.6300048828125,139.6999969482422,133.6699981689453,133.82000732421875,28218100,46.02445917072596,-3.0520515047425647,139.61399993896484,148.7913998413086,-0.0687608202662442,5.3147194684313845
2018-12-07,136.22372436523438,137.4199981689453,140.8699951171875,136.66000366210938,139.25,21195500,43.0338986584036,-2.939612145321888,138.90849990844725,148.20079986572264,-0.09311687932435575,4.5279635661845
2018-12-10,140.61517333984375,141.85000610351562,143.0500030517578,139.00999450683594,139.60000610351562,26422200,50.04149289980519,-2.464627830250862,138.60750045776368,147.66100006103517,-0.04071136276768661,4.07869094073282
2018-12-11,140.8431854248047,142.0800018310547,143.8800048828125,141.10000610351562,143.8800048828125,20300300,50.382752646223395,-2.0460549574969207,138.46350021362304,147.21339996337892,-0.019867582432562036,3.8890391497516865
2018-12-12,143.24209594726562,144.5,147.19000244140625,142.50999450683594,143.0800018310547,23696900,53.947347786324684,-1.5017480954803943,138.61100006103516,146.8545999145508,0.020840670325973143,4.0642574932614774
2018-12-13,143.7476348876953,145.00999450683594,145.85000610351562,143.19000244140625,145.57000732421875,18148600,54.68617588280519,-1.0174995894180938,138.75349960327148,146.5681997680664,0.020047768509492414,4.241345190194352
2018-12-14,142.8059539794922,144.05999755859375,146.00999450683594,142.50999450683594,143.33999633789062,21785800,52.98107181276538,-0.702290407155914,138.74549942016603,146.20079986572264,-0.001109441552871182,4.230628745004897
2018-12-17,138.96963500976562,140.19000244140625,144.9199981689453,138.4199981689453,143.0800018310547,24334000,46.60596157203768,-0.7560458958468814,138.56249923706054,145.82759979248047,-0.025443194347003373,4.074484088367573
2018-12-18,142.409423828125,143.66000366210938,145.92999267578125,139.8300018310547,141.0800018310547,24709100,52.16404775728504,-0.5127368976330047,138.76899948120118,145.55419982910155,0.029599404564929266,4.227868942619808
2018-12-19,132.0801544189453,133.24000549316406,144.91000366210938,132.5,141.2100067138672,57404900,39.02648863687785,-1.1474919592601793,138.85349960327147,145.07399993896485,0.012846844562529824,4.090654945516224
2018-12-20,132.23870849609375,133.39999389648438,135.57000732421875,130.0,130.6999969482422,40297900,39.27935167081658,-1.6189677393668944,138.90199966430663,144.58399993896484,0.007324633952656923,4.015548320101222
2018-12-21,123.8622817993164,124.9499969482422,134.89999389648438,123.41999816894531,133.38999938964844,56901500,31.782416094356037,-2.6439816513972687,138.40849914550782,144.05539978027343,-0.07320879572599992,5.023590669052955
2018-12-24,122.98003387451172,124.05999755859376,129.74000549316406,123.0199966430664,123.0999984741211,22066000,31.108939488982145,-3.4879214864768073,138.02499923706054,143.469599609375,-0.05822514550755298,5.793955322411876
2018-12-26,133.01190185546875,134.17999267578125,134.24000549316406,125.88999938964844,126.0,39723400,45.30216282653461,-3.3020864591825614,137.91499862670898,143.07839935302735,-0.016131486495558178,5.8474668992974665
2018-12-27,133.34898376464844,134.52000427246094,134.99000549316406,129.6699981689453,132.44000244140625,31202500,45.70688873445504,-3.0917351684427388,137.89099884033203,142.69839935302736,-0.003555523907696756,5.8610299234410155
2018-12-28,132.04046630859375,133.1999969482422,135.9199981689453,132.1999969482422,135.33999633789062,22627600,44.33534935491045,-2.9969963064795024,137.71299896240234,142.18679931640625,-0.026030986411130663,5.950561284115587
2018-12-31,129.94883728027344,131.08999633789062,134.63999938964844,129.9499969482422,134.4499969482422,24625300,42.157668993534095,-3.0569360353228774,137.3334991455078,141.62019927978517,-0.05473029087645842,6.125112660731461
2019-01-02,134.49888610839844,135.67999267578125,137.50999450683594,128.55999755859375,128.99000549316406,28146200,48.12668130708506,-2.702906929424614,137.0869987487793,141.23539916992186,-0.0350615739504333,6.085385728858764
2019-01-03,130.5932159423828,131.74000549316406,137.1699981689453,131.1199951171875,134.69000244140625,22717900,43.935473865245164,-2.709032311970361,136.61949920654297,140.78919921875,-0.06626969372325064,6.12072278432392
2019-01-04,136.74911499023438,137.9499969482422,138.0,133.75,134.00999450683594,29002100,51.155659573923664,-2.1875753040216637,136.62049942016603,140.4525991821289,0.0001450320707836461,6.120949839206253
2019-01-07,136.8482666015625,138.0500030517578,138.8699951171875,135.91000366210938,137.55999755859375,20089300,51.26450890043487,-1.7461190382085192,136.54149932861327,140.1257992553711,-0.011315632570382927,6.09018212916334
2019-01-08,141.28924560546875,142.52999877929688,143.13999938964844,139.5399932861328,139.88999938964844,26263800,55.99542360678719,-1.022971375466227,136.79699935913087,140.05559936523437,0.037185276367630804,6.234457766097076
2019-01-09,142.97445678710938,144.22999572753906,144.6999969482422,141.27000427246094,142.9499969482422,22205900,57.67445031248378,-0.3091326082104615,136.91599884033204,139.92119934082032,0.01677821305334759,6.357482741790696
2019-01-10,142.94473266601562,144.1999969482422,144.55999755859375,140.83999633789062,143.0800018310547,16125000,57.632660679839304,0.25127259295155113,137.0219985961914,139.8977993774414,0.014921136612233044,6.464881372356365
2019-01-11,142.54818725585938,143.8000030517578,145.36000061035156,142.57000732421875,143.14999389648438,12908000,57.039198606495354,0.6555646466443932,136.98699874877929,139.93199951171874,-0.004844269538008206,6.424031656014711
2019-01-14,144.12435913085938,145.38999938964844,146.57000732421875,141.27000427246094,142.0,20520300,58.853000752296644,1.0916841726839834,137.00599899291993,139.91539947509764,0.0026205427019347916,6.44952144403063
2019-01-15,147.6533660888672,148.9499969482422,150.67999267578125,145.99000549316406,146.00999450683594,24069000,62.654811170073444,1.7049208239967015,137.25049896240233,139.85859954833984,0.03394418625933637,6.813434086512991
2019-01-16,146.25564575195312,147.5399932861328,149.64999389648438,147.0,149.0,18025700,60.27920193205097,2.0534686680877314,137.61799850463868,139.7743994140625,0.05242878034614895,7.1692570687477986
2019-01-17,147.00904846191406,148.3000030517578,149.0,146.5,146.9499969482422,15787900,61.134598212063146,2.363773670623857,137.8499984741211,139.73339935302735,0.0322984774562709,7.44484847162255
2019-01-18,148.73387145996094,150.0399932861328,152.42999267578125,148.5500030517578,149.75,31029600,63.09415076935757,2.718755173693495,138.68999786376952,139.76059936523438,0.12608816496807096,7.834880059147123
2019-01-22,146.28536987304688,147.57000732421875,151.52999877929688,146.3699951171875,149.1999969482422,22378700,58.57904045611439,2.7688557027982768,139.39849853515625,139.71319946289063,0.10622199457317816,7.970843339452777
2019-01-23,143.0438690185547,144.3000030517578,148.8000030517578,143.05999755859375,148.27999877929688,20098400,53.15569141278769,2.5156993012704163,140.36599884033203,139.56859954833985,0.1548619974078984,7.268160336660839
2019-01-24,144.56053161621094,145.8300018310547,146.44000244140625,142.52000427246094,144.63999938964844,20955500,55.24358353977102,2.4107396380084936,141.4544990539551,139.5277996826172,0.1754796445339193,6.257500490948624
2019-01-25,147.7128448486328,149.00999450683594,149.8300018310547,146.5399932861328,147.47999572753906,22237200,59.30359269935676,2.554708096620516,142.1959991455078,139.60879943847655,0.11052319750000561,6.22871346126016
2019-01-28,146.18626403808594,147.47000122070312,148.9600067138672,146.2100067138672,148.0500030517578,15508500,56.62470180460442,2.515541947674933,142.84349899291993,139.72719940185547,0.09626818716131513,6.059571097455928
2019-01-29,142.934814453125,144.19000244140625,148.10000610351562,143.42999267578125,148.08999633789062,17632100,51.308484255233104,2.1945367494668346,143.39299926757812,139.7677993774414,0.08250755063781634,5.621512086484992
2019-01-30,149.11056518554688,150.4199981689453,150.9499969482422,145.6999969482422,146.22000122070312,44613200,59.15284231164553,2.415007700652012,144.35949935913087,139.89179931640626,0.14745596438366437,5.024984674309891
2019-01-31,165.2389373779297,166.69000244140625,171.67999267578125,165.0,165.60000610351562,77233600,71.8895365278277,3.8581119753021937,145.9099998474121,140.34859924316407,0.22855256072813934,6.708186063240163
2019-02-01,164.26747131347656,165.7100067138672,169.10000610351562,165.66000366210938,165.83999633789062,30806500,70.4643055436485,4.866605842129843,147.60849990844727,140.87219940185548,0.25785638230040764,7.2131054983910845
2019-02-04,167.7766571044922,169.25,169.3000030517578,163.6199951171875,165.6999969482422,20036000,72.57908215453566,5.883669095750349,149.17350006103516,141.6261993408203,0.22689382924380452,8.318123095847854
2019-02-05,169.67002868652344,171.16000366210938,171.97999572753906,168.69000244140625,169.14999389648438,22557000,73.67433189409871,6.765828129658331,150.82900009155273,142.4007995605469,0.23984063656947496,9.232359602534364
2019-02-06,169.00587463378906,170.49000549316406,172.47000122070312,169.27000427246094,171.1999969482422,13281200,72.57919746666042,7.326427768050365,152.22700042724608,143.11419952392578,0.19616927631608538,9.994963006774608
2019-02-07,164.93165588378906,166.3800048828125,169.24000549316406,165.25,168.1999969482422,17517600,66.08933406992281,7.354288658066736,153.33450088500976,143.80719970703126,0.15357422042164104,10.285172593547848
2019-02-08,165.8733673095703,167.3300018310547,167.3699951171875,164.2100067138672,164.47000122070312,12561400,66.82768725421951,7.3680906656821605,154.4910011291504,144.4261996459961,0.16040225639612582,10.502119481745412
2019-02-11,164.3467559814453,165.7899932861328,168.3000030517578,165.0800018310547,167.89999389648438,12811200,64.38049684739633,7.172087674724054,155.59050064086915,145.04199951171876,0.15292065207022398,10.47500171816498
2019-02-12,163.603271484375,165.0399932861328,168.33999633789062,164.5,166.86000061035156,16292300,63.16731319140462,6.876961825116155,156.57300033569337,145.6075994873047,0.1351536830523119,10.38907354003735
2019-02-13,162.64175415039062,164.07000732421875,166.22000122070312,163.72999572753906,165.3800048828125,14205100,61.55183137127096,6.489990136010107,157.3290008544922,146.11539978027344,0.10151064575872759,10.355238513703844
2019-02-14,162.52279663085938,163.9499969482422,164.8699951171875,162.25,163.19000244140625,12755200,61.34280008297633,6.103273709868915,158.14950103759764,146.58219970703124,0.11122410470959232,10.187548741707754
2019-02-15,161.08538818359375,162.5,164.6999969482422,160.86000061035156,164.50999450683594,15504400,58.7468984239782,5.615068505939917,158.85950088500977,147.01039978027345,0.09575183180061209,9.957195422383219
2019-02-19,160.87725830078125,162.2899932861328,164.14999389648438,160.3300018310547,160.5,14345400,58.361683393235715,5.151829494280321,159.47200088500978,147.49759979248046,0.08164489834812727,9.760960133259589
2019-02-20,161.14488220214844,162.55999755859375,163.72000122070312,161.25,162.25,11770700,58.736318433834114,4.751721441418226,160.22150039672852,147.9561996459961,0.10157884048512122,9.366496267105175
2019-02-21,158.64683532714844,160.0399932861328,162.24000549316406,159.58999633789062,161.92999267578125,15607800,53.86509565352841,4.183069817681314,161.00849990844728,148.40859954833985,0.10907823909559689,8.587154717209561
2019-02-22,160.48072814941406,161.88999938964844,162.41000366210938,160.30999755859375,160.5800018310547,15858500,56.70390708137714,3.8374535644051093,161.81149978637694,148.8093994140625,0.11012821337820045,7.808697438313825
2019-02-25,163.18695068359375,164.6199951171875,166.07000732421875,162.89999389648438,163.07000732421875,18737100,60.56056480135668,3.7407173719906552,162.59199981689454,149.26019927978516,0.1047580778860806,7.21972758134473
2019-02-26,162.7012176513672,164.1300048828125,166.24000549316406,163.8000030517578,164.33999633789062,13784100,59.53550646292907,3.583210109983696,163.425,149.6527993774414,0.11297215382249881,6.28355285255536
2019-02-27,161.39271545410156,162.80999755859375,163.92999267578125,160.41000366210938,162.89999389648438,12697500,56.748813924373536,3.313672951664671,164.3559997558594,150.00879943847656,0.1291351328241639,4.372374873066903
2019-02-28,160.0445556640625,161.4499969482422,163.5,160.86000061035156,162.3699951171875,11114200,53.94707078993187,2.9562443834759904,164.90749969482422,150.35659942626953,0.07332800766895664,3.003377458582943
2019-03-01,160.86734008789062,162.27999877929688,163.1300048828125,161.69000244140625,162.60000610351562,11097800,55.394458800971556,2.70872933357208,164.68699951171874,150.79839935302735,-0.02645631770063439,3.027412351899936
2019-03-04,165.91302490234375,167.3699951171875,167.5,163.8300018310547,163.89999389648438,18894700,63.06153323862216,2.8899781694782973,164.76999893188477,151.2725991821289,0.010017430064960475,3.0792465673538576
2019-03-05,169.7691650390625,171.25999450683594,171.8800048828125,166.5500030517578,167.3699951171875,28187900,67.63950186079833,3.3093613606647807,164.87049865722656,152.03299896240233,0.011875890734628802,3.2606187508165054
2019-03-06,171.00828552246094,172.50999450683594,173.57000732421875,171.27000427246094,172.89999389648438,21531700,68.97031322771063,3.6999395148916108,164.9379981994629,152.8151989746094,0.007887303200761808,3.4083022320200094
2019-03-07,167.65771484375,169.1300048828125,171.74000549316406,167.61000061035156,171.5,18306500,61.59414562453099,3.6941546854903606,164.8699981689453,153.69879913330078,-0.00797701077208357,3.303663141933171
2019-03-08,168.12362670898438,169.60000610351562,169.6199951171875,165.97000122070312,166.1999969482422,13184800,62.1995339403232,3.6850167577193247,165.03099822998047,154.6095993041992,0.019353294423636314,3.456070535221488
2019-03-11,170.57212829589844,172.07000732421875,174.3000030517578,171.5800018310547,171.60000610351562,18884000,65.29555936208453,3.8329000540491904,165.26799850463868,155.36739959716797,0.028327290033438368,3.7702638202494323
2019-03-12,170.4234161376953,171.9199981689453,173.8000030517578,171.22000122070312,172.08999633789062,12155300,64.94764205513297,3.893116720507493,165.5744987487793,156.11539947509766,0.03697451674440244,4.0534629068062
2019-03-13,171.8607940673828,173.3699951171875,174.02999877929688,172.1199951171875,172.32000732421875,11973300,66.78968353863847,4.011598290150744,165.99099884033203,156.91879943847655,0.050472625847801655,4.408098350077859
2019-03-14,168.6886444091797,170.1699981689453,171.14999389648438,168.16000366210938,169.75999450683594,18037400,59.37408427859589,3.8034390990980853,166.29599838256837,157.70039947509767,0.0371791952972389,4.478654772088734
2019-03-15,164.53512573242188,165.97999572753906,167.5800018310547,162.50999450683594,167.16000366210938,37135400,51.33670836781579,3.262762169481988,166.3974983215332,158.3063995361328,0.012381816511638721,4.4455697224104584
2019-03-18,159.0730743408203,160.47000122070312,163.89999389648438,159.27999877929688,163.57000732421875,37524200,43.07828194419018,2.362428692234772,166.29599838256837,158.8809994506836,-0.012492300180288463,4.560917480076244
2019-03-19,160.16348266601562,161.57000732421875,163.82000732421875,160.82000732421875,161.47999572753906,25611500,44.98115309334805,1.717866726099487,166.25999908447267,159.35339965820313,-0.0044364162406775876,4.59690051529518
2019-03-20,163.9998321533203,165.44000244140625,166.1199951171875,161.24000549316406,161.5,20211500,51.166312626217504,1.5020087651013512,166.40399932861328,159.9011996459961,0.01771656573613334,4.519350526230075
2019-03-21,164.63424682617188,166.0800018310547,166.38999938964844,163.75,164.88999938964844,16223000,52.124837762953135,1.366826453349944,166.70599975585938,160.37219970703126,0.03774061983446253,4.266431830417224
2019-03-22,162.9093780517578,164.33999633789062,167.4199981689453,164.08999633789062,165.64999389648438,16389200,49.29203412632305,1.1065341588951583,166.8284996032715,160.7743997192383,0.015133713987763642,4.154581232317209
2019-03-25,164.84242248535156,166.2899932861328,166.5399932861328,162.0,163.0,12631200,52.413263414018964,1.0455466857901285,166.91199951171876,161.21619964599608,0.010144564563718372,4.124531306048171
2019-03-26,166.22032165527344,167.67999267578125,169.4499969482422,166.35000610351562,167.35000610351562,15437900,54.5603512470349,1.0967325577648523,167.0894989013672,161.69379943847656,0.021629121351110836,4.074591423592976
2019-03-27,164.4260711669922,165.8699951171875,168.94000244140625,164.7899932861328,167.85000610351562,10620300,51.31363220511092,0.9799498025550406,167.24249877929688,162.10339935302736,0.01879489960370817,3.9613161595281063
2019-03-28,164.10885620117188,165.5500030517578,166.72000122070312,163.3300018310547,164.57000732421875,10443000,50.738783568606465,0.8517593902332123,167.44749908447267,162.43539947509765,0.02539489737389089,3.7460115661548787
2019-03-29,165.2389373779297,166.69000244140625,167.19000244140625,164.80999755859375,166.38999938964844,13455500,52.76880119990307,0.8325587690387124,167.66799926757812,162.81839965820313,0.027175275420768585,3.5505209815405427
2019-04-01,167.23143005371094,168.6999969482422,168.89999389648438,167.27999877929688,167.8300018310547,10381500,56.19632267269995,0.9683691402260592,167.73449935913087,163.22639953613282,0.007946477085832848,3.557094860331576
2019-04-02,172.68359375,174.1999969482422,174.89999389648438,169.5500030517578,170.13999938964844,23946500,63.91335361723805,1.502484170185113,167.88149948120116,163.709599609375,0.017166895572269247,3.7651232969472868
2019-04-03,172.02932739257812,173.5399932861328,177.9600067138672,172.9499969482422,174.5,27391100,62.49062240268013,1.8511781702390806,167.93299942016603,164.22899932861327,0.00597066148104286,3.838101617144009
2019-04-04,174.4877471923828,176.02000427246094,178.0,175.52999877929688,176.02000427246094,17847700,65.590218540227,2.301111061837588,168.27749938964843,164.86339935302735,0.040737889142866246,4.23943067969545
2019-04-05,174.1903533935547,175.72000122070312,177.0,175.10000610351562,176.8800048828125,9594100,64.89164713861233,2.603467231333326,168.5834991455078,165.46119934082031,0.03608487557159723,4.5494462922554995
2019-04-08,173.40719604492188,174.92999267578125,175.5,174.22999572753906,175.2100067138672,7297400,62.98913188726991,2.74766620121423,168.72649841308595,165.9795993041992,0.016621056720092175,4.707021825199907
2019-04-09,176.03414916992188,177.5800018310547,179.19000244140625,175.5500030517578,175.6199951171875,19751000,66.53358185946007,3.040726908507793,169.0094985961914,166.58179931640626,0.03292231108883148,5.065618551121272
2019-04-10,176.27206420898438,177.82000732421875,178.7899932861328,176.5399932861328,178.17999267578125,11701500,66.84328779561353,3.254826454605478,169.23199920654298,167.2543994140625,0.02566771836166537,5.356601134206711
2019-04-11,175.9647674560547,177.50999450683594,178.39999389648438,177.0,178.24000549316406,8071000,65.9937431436818,3.3607458576587987,169.5989990234375,167.79619934082032,0.04313331619480576,5.666716887297652
2019-04-12,177.54092407226562,179.10000610351562,179.6300048828125,177.9499969482422,178.0,12329800,68.22437468126108,3.532270578787177,170.25499954223633,168.0443994140625,0.07904573270090598,5.97665256777348
2019-04-15,178.08612060546875,179.64999389648438,180.5,176.8699951171875,178.5,10834800,68.98228232645657,3.6702759183834246,171.2139991760254,168.32319915771484,0.11952385199649851,5.86162032212127
2019-04-16,177.3129119873047,178.8699951171875,180.1699981689453,178.3000030517578,179.0,11215200,66.5576509344155,3.6743511289108426,172.07899856567383,168.5155990600586,0.10707425269996595,5.635678072241538
2019-04-17,177.2237091064453,178.77999877929688,180.74000549316406,178.36000061035156,179.60000610351562,9973700,66.26823053609573,3.628491815288214,172.74599838256836,168.66799896240235,0.08063343895691277,5.597865375842796
2019-04-18,176.72805786132812,178.27999877929688,178.8800048828125,177.33999633789062,178.8000030517578,11655600,64.58783421084829,3.511325779654669,173.35599822998046,168.823798828125,0.07345855499599918,5.497049412589115
2019-04-22,179.8605499267578,181.44000244140625,181.6699981689453,178.25,178.25,13389900,69.79997272668781,3.6315939837037092,174.21099853515625,169.12499877929687,0.10405261339033522,5.348761864500958
2019-04-23,182.18017578125,183.77999877929688,184.22000122070312,181.47999572753906,182.74000549316406,19954800,72.97234471511226,3.871101897206927,175.08549880981445,169.45399871826172,0.10517773888576243,5.414912367903558
2019-04-24,180.9906005859375,182.5800018310547,185.13999938964844,181.64999389648438,184.49000549316406,37289900,68.97111343242015,3.918909173770345,175.83049926757812,169.78979888916015,0.08885979130547472,5.3671995240203625
2019-04-25,191.57763671875,193.25999450683597,198.47999572753906,192.1199951171875,196.97999572753906,54148800,79.66047322938402,4.763670311325143,177.19999923706058,170.3541989135742,0.16512931932202313,6.131861750078206
2019-04-26,189.82305908203125,191.4900054931641,192.89999389648438,189.08999633789062,192.5,22075000,75.04624802414011,5.230037659471748,178.49699935913085,170.90259887695314,0.15668983366491607,6.279593195289863
2019-04-29,193.08444213867188,194.77999877929688,195.41000366210938,190.64999389648438,190.9499969482422,19641300,77.6389747345259,5.798273221050522,179.9014991760254,171.51919891357423,0.1685163832651848,6.631309398591571
2019-04-30,191.71641540527344,193.3999938964844,197.38999938964844,192.27999877929688,194.19000244140625,23494700,74.15839563496644,6.067308975555363,181.1364990234375,172.13719879150392,0.14641373678163294,6.734601295408385
2019-05-01,191.34967041015625,193.02999877929688,196.17999267578125,193.00999450683594,194.77999877929688,15996600,73.21074858077264,6.1794335718669515,182.07799911499023,172.7519989013672,0.10809415706619907,7.023846841146463
2019-05-02,190.85400390625,192.52999877929688,194.0,189.75,193.0,13209500,71.87409950370022,6.156973542517164,183.02749938964843,173.35139892578124,0.10942725727696279,7.092137241997877
2019-05-03,193.76840209960938,195.47000122070312,196.16000366210938,193.7100067138672,194.3800048828125,14575400,74.78882712048795,6.30374182205594,183.99999923706054,174.05999908447265,0.11049878693410098,7.4071997246683186
2019-05-06,192.1922607421875,193.8800048828125,194.27999877929688,190.5500030517578,191.24000549316406,13994900,70.53177035690736,6.2200563865117715,184.90799942016602,174.69979919433592,0.10334625276550358,7.451712643908134
2019-05-07,188.1180419921875,189.7700042724609,192.89999389648438,187.85000610351562,192.5399932861328,16253000,60.88439532618442,5.755743744316533,185.65,175.2027993774414,0.08483400341863856,7.138109659107769
2019-05-08,187.89004516601562,189.5399932861328,190.72000122070312,188.5500030517578,189.38999938964844,12505700,60.386593727782966,5.308025057142345,186.2479995727539,175.7109991455078,0.06734987798038516,6.924231624263678
2019-05-09,187.0077667236328,188.6499938964844,189.77000427246094,186.25999450683594,187.1999969482422,12967000,58.39699009752708,4.825760891582149,186.78949890136718,176.2277990722656,0.060904207210605854,6.648421977688065
2019-05-10,186.70046997070312,188.33999633789065,190.0,184.58999633789062,188.25,12578500,57.68407921436211,4.368195020539389,187.33099899291992,176.7655990600586,0.06101065949071205,6.2838940934835055
2019-05-13,179.95965576171875,181.5399932861328,185.42999267578125,180.83999633789062,183.5,16833300,44.77221663312603,3.4174728551031137,187.45299835205077,177.1507989501953,0.013623601895395465,6.137666284004352
2019-05-14,179.15672302246094,180.72999572753903,183.49000549316406,178.10000610351562,182.52000427246094,17628100,43.52251538428751,2.56904431220849,187.50699844360352,177.41799896240235,0.0060116997926364935,6.0697765779575565
2019-05-15,184.64849853515625,186.2700042724609,187.27999877929688,180.02000427246094,180.4199981689453,16746900,53.153784671229964,2.316982240165629,187.8769989013672,177.71819915771485,0.041370880288922995,5.731702639310669
2019-05-16,185.36224365234375,186.9900054931641,188.5800018310547,185.0500030517578,185.0500030517578,12953100,54.24584394305594,2.1505293495879414,188.28749923706056,178.00779937744142,0.04592240054773922,5.3254949033043975
2019-05-17,183.6869354248047,185.3000030517578,187.5800018310547,184.27999877929688,184.83999633789062,10485400,51.22720517517933,1.8607950741845514,188.63849945068358,178.33119934082032,0.0393762862941871,4.840444022602915
2019-05-20,181.12939453125,182.72000122070312,184.22999572753906,181.3699951171875,181.8800048828125,10352000,46.93338439712101,1.4067775320130522,188.70249938964844,178.59359924316405,0.007054666898553608,4.747832805579775
2019-05-21,183.21112060546875,184.82000732421875,185.6999969482422,183.88999938964844,184.57000732421875,7502800,50.56549189742214,1.2025559840735127,188.75449981689454,178.84859924316407,0.005658986569973878,4.696499604327892
2019-05-22,183.70677185058594,185.32000732421875,186.74000549316406,183.61000061035156,184.72999572753906,9213800,51.418093197280875,1.0687350449861412,188.89150009155273,179.11659942626954,0.01500715010233944,4.544406590498555
2019-05-23,179.29550170898438,180.8699951171875,183.89999389648438,179.6699981689453,182.4199981689453,12768800,44.12406885518198,0.5967235343711934,188.27200012207032,179.26659942626952,-0.06411052334584544,4.757078870866211
2019-05-24,179.4838409423828,181.05999755859372,183.6300048828125,180.8300018310547,182.3300018310547,8807700,44.486174304972195,0.235270567997361,187.7504997253418,179.4843994140625,-0.05446763609259342,4.953384581436443
2019-05-28,182.70555114746094,184.30999755859372,184.7100067138672,181.4499969482422,181.5399932861328,14843300,50.406479425094005,0.20865903516317985,187.22699966430665,179.8509994506836,-0.05375295865242613,4.719090620204812
2019-05-29,180.60400390625,182.19000244140625,184.55999755859375,181.35000610351562,183.5,12797700,46.89337840760936,0.01631524327910938,186.66650009155273,180.28539947509765,-0.05796272910472888,4.611820037824155
2019-05-30,181.4168701171875,183.00999450683597,183.47999572753906,180.88999938964844,183.0800018310547,8581500,48.39162711486138,-0.06915491600634027,186.16549987792968,180.71419921875,-0.051909052146435486,4.424600430519919
2019-05-31,175.92510986328125,177.47000122070312,180.5399932861328,177.16000366210938,180.27999877929688,15226500,40.15012442812402,-0.5772674121635646,185.4125,180.95479919433595,-0.07822156367360444,4.563755175490212
2019-06-03,162.72103881835938,164.14999389648438,175.0500030517578,161.00999450683594,175.0,56059600,27.863123559881302,-2.031347389008914,183.84649963378905,180.91619903564452,-0.16022922764939085,6.059455667721604
2019-06-04,166.04188537597656,167.5,168.27999877929688,160.83999633789062,163.7100067138672,46044300,33.384649640203776,-2.8801976259832998,182.52749938964843,180.97939910888672,-0.1360635662184837,6.606873002718653
2019-06-05,166.70602416992188,168.1699981689453,168.72000122070312,164.6300048828125,167.47999572753906,19758300,34.465056724817785,-3.4589813181016495,181.44749908447267,181.01699920654298,-0.11382202464675895,7.107152060270453
2019-06-06,166.8646697998047,168.3300018310547,169.6999969482422,167.22999572753906,168.3000030517578,12446400,34.73727626268786,-3.8602619093298074,180.38699951171876,181.02999938964842,-0.11190245967276768,7.4119664365048585
2019-06-07,171.84097290039062,173.35000610351562,173.8699951171875,168.83999633789062,170.1699981689453,16917300,42.76945061218952,-3.7302077649466696,179.62200012207032,181.179599609375,-0.08110250881515613,7.30301091966719
2019-06-10,173.2981719970703,174.82000732421875,177.86000061035156,173.8000030517578,174.75,14767900,44.907694175756724,-3.4685389474400097,178.9460006713867,181.3649996948242,-0.07178501261843728,7.075761342810623
2019-06-11,176.54962158203125,178.10000610351562,179.97999572753906,176.7899932861328,178.47999572753906,15266600,49.44630392489794,-2.9623479319858745,178.77400131225585,181.5931997680664,-0.018948922054851436,7.051154465238974
2019-06-12,173.51625061035156,175.0399932861328,179.27000427246094,172.8800048828125,178.3800048828125,17699800,45.66654344769921,-2.776104165344492,178.48950119018554,181.71999969482422,-0.031483442571338505,7.082799409235619
2019-06-13,175.92510986328125,177.47000122070312,178.02999877929688,174.61000061035156,175.52999877929688,12253600,49.000540045476356,-2.404703382849533,178.04950103759765,181.78539978027345,-0.04724326434698445,6.843306569375992
2019-06-14,179.75148010253906,181.3300018310547,181.83999633789062,180.0,180.50999450683594,16773700,53.84535907524591,-1.7783955600365857,177.7665008544922,181.94119995117188,-0.03026901703747109,6.565513307025861
2019-06-17,187.3646240234375,189.00999450683597,189.5,184.41000366210938,185.00999450683594,29459900,61.65123255693344,-0.6547829434109929,177.9520004272461,182.20099975585939,0.020021540172570296,6.836387269350416
2019-06-18,186.829345703125,188.47000122070312,194.52999877929688,187.27999877929688,194.0,37571400,60.87170081227818,0.18992585811028562,178.2395004272461,182.45599975585938,0.031468913975403856,7.160671135698733
2019-06-19,185.84796142578125,187.47999572753903,188.10000610351562,184.5500030517578,187.0,21417100,59.389071756868724,0.7705955537721536,178.37249984741212,182.70699981689452,0.014392318460706655,7.312422439057111
2019-06-20,187.88014221191406,189.52999877929688,191.16000366210938,187.63999938964844,190.9499969482422,14635700,61.48121417978973,1.3802874897868094,178.582999420166,182.94599975585936,0.02271741468104249,7.578691171163045
2019-06-21,189.47610473632812,191.13999938964844,192.0,188.75,188.75,22751200,63.0894689198283,1.9706696821934315,179.09649963378905,183.21239959716797,0.05678113866153911,8.073572505458465
2019-06-24,190.92343139648438,192.6000061035156,193.97999572753906,191.57000732421875,192.4199981689453,15509000,64.53553826404305,2.5272298308296968,179.67350006103516,183.51419982910156,0.06373582624835361,8.615468524490973
2019-06-25,187.19613647460938,188.83999633789065,193.13999938964844,188.1300048828125,192.8800048828125,16750300,58.21055515610804,2.6345370904141703,179.9,183.70899963378906,0.02457815006945996,8.801319161099235
2019-06-26,186.02638244628906,187.66000366210935,190.75999450683594,187.30999755859375,189.5399932861328,12808600,56.34424000921283,2.5944560451212624,180.17350006103516,183.86919982910158,0.030023608032291982,8.9597892965172
2019-06-27,187.8503875732422,189.5,198.8800048828125,188.27000427246094,189.8800048828125,11159000,58.57458691383142,2.680267400747823,180.49800033569335,184.0817999267578,0.03546257411051723,9.182679784094361
2019-06-28,191.31991577148438,193.0,193.1999969482422,189.94000244140625,190.5500030517578,16378900,62.49928441400721,2.9961564411874235,181.2745002746582,184.36619995117186,0.08750774030808528,9.561938600483169
2019-07-01,191.31991577148438,193.0,195.27999877929688,191.92999267578125,195.2100067138672,14181800,62.49928441400721,3.2095036216892368,182.71700057983398,184.66059997558594,0.17575392736053885,9.002354103505178
2019-07-02,193.302490234375,195.0,195.0,192.7100067138672,193.0,9050000,64.71474447752661,3.49962459078111,184.09200057983398,184.9317999267578,0.16417910447761197,8.649026951057246
2019-07-03,195.48338317871094,197.1999969482422,197.39999389648438,194.16000366210938,194.16000366210938,10246100,67.02264435834167,3.8625439146783265,185.54350051879882,185.20019989013673,0.17262293569232856,8.2636809797538
2019-07-05,194.69029235839844,196.3999938964844,197.07000732421875,194.1699981689453,196.17999267578125,11164100,65.34879815557684,4.039046914575209,186.9470001220703,185.4765997314453,0.1667557283912009,7.538123220379476
2019-07-08,194.05587768554688,195.75999450683597,196.67999267578125,193.63999938964844,195.19000244140625,9723900,63.97235298292504,4.080249633672594,188.06749954223633,185.52659973144532,0.1292759597016584,7.0610979342350895
2019-07-09,197.47584533691406,199.2100067138672,199.4600067138672,194.88999938964844,194.97000122070312,14698600,67.89774155915296,4.341247043968792,189.28699951171876,185.68099975585938,0.13951492030551793,6.752148933536052
2019-07-10,200.9652099609375,202.72999572753903,202.9600067138672,199.6699981689453,200.0,20571700,71.3299987720377,4.777056138095247,190.51849899291992,185.83999969482423,0.1382930307689485,6.8497879163933675
2019-07-11,199.47824096679688,201.22999572753903,203.8000030517578,200.2100067138672,203.25999450683594,13678500,67.99382731785653,4.9444045037146225,191.82799911499023,185.99659973144531,0.14962296301391076,6.208349672558922
2019-07-12,203.08657836914062,204.8699951171875,205.3000030517578,199.16000366210938,199.67999267578125,15366300,71.47979619410397,5.309541727192197,193.19799880981446,186.23339965820313,0.15439225620114527,5.888132937890308
2019-07-15,202.13497924804688,203.91000366210935,205.3300018310547,201.82000732421875,204.25,16030300,69.33496651144631,5.458529786466755,194.32699890136718,186.46099975585938,0.12452435671451911,5.652837908260786
2019-07-16,202.06553649902344,203.83999633789065,205.47000122070312,203.10000610351562,203.88999938964844,12132700,69.17196171164119,5.507468225431211,195.06849899291993,186.62839965820314,0.0784614690336829,5.8865014571910015
2019-07-17,200.04331970214844,201.8000030517578,204.36000061035156,201.58999633789062,204.17999267578125,12083700,64.41932931121895,5.320312629424848,195.73499908447266,186.78679962158202,0.07072744598459946,5.854623073435825
2019-07-18,199.03219604492188,200.77999877929688,202.47000122070312,199.3800048828125,200.14999389648438,11937900,62.12105995981262,5.031682546666019,196.39999923706054,187.00699951171876,0.0709409182571481,5.618194375359471
2019-07-19,196.63323974609375,198.3600006103516,202.3300018310547,198.07000732421875,202.17999267578125,12098300,56.9314501842832,4.555158467817563,196.84149932861328,187.18339965820311,0.046588940473413,5.392315708116056
2019-07-22,200.55880737304688,202.32000732421875,202.57000732421875,198.80999755859375,199.91000366210938,13589000,62.45827432308126,4.445800725463386,197.4004997253418,187.4567999267578,0.058491200011878686,5.349479190867472
2019-07-23,200.59841918945312,202.3600006103516,204.24000549316406,200.9600067138672,202.83999633789062,14583700,62.51059818120709,4.312647534473257,197.88849945068358,187.73720001220704,0.05067494391246452,5.333660044982976
2019-07-24,202.87843322753906,204.66000366210935,204.80999755859375,197.22000122070312,197.6300048828125,32532500,65.48954164051116,4.342654280310967,198.67949981689452,188.19960021972656,0.08377466443026194,5.0885572826103616
2019-07-25,198.96278381347656,200.7100067138672,208.66000366210938,198.25999450683594,206.6999969482422,39889900,57.09823714423966,4.00157542969373,199.3319999694824,188.5992004394531,0.06954067354306881,4.389901227281841
2019-07-26,198.01113891601562,199.75,202.8800048828125,196.25,200.19000244140625,24434000,55.24548834556371,3.6121646786202177,199.84449996948243,188.8688003540039,0.05408970976253302,3.73043526842404
2019-07-29,194.23431396484375,195.94000244140625,199.6300048828125,195.3000030517578,199.0,16530800,48.51692672958322,2.961975086311611,199.99150009155272,189.04780029296876,0.01523317327153495,3.4971607953556028
2019-07-30,195.32473754882812,197.0399932861328,198.7100067138672,193.5,195.38999938964844,11903600,50.39536418303794,2.506561141645591,200.19349975585936,189.28260009765626,0.020932607700169914,3.173797165836239
2019-07-31,192.5391845703125,194.22999572753903,198.75999450683594,192.67999267578125,196.9499969482422,14593500,45.79827479187945,1.8970311958041464,200.15499954223634,189.51279998779296,-0.003948739858774197,3.2440072344022894
2019-08-01,191.05224609375,192.72999572753903,198.47000122070312,190.8800048828125,194.1699981689453,17777000,43.51628262504381,1.2782025351499442,199.93149948120117,189.67099975585938,-0.02266734934015424,3.5934712112263147
2019-08-02,187.3745880126953,189.0200042724609,192.6199951171875,188.07000732421875,191.10000610351562,15297000,38.41756252866749,0.4828451204413966,199.56249999999997,189.74499969482423,-0.03757632308233794,4.287151276137568
2019-08-05,180.1480255126953,181.72999572753903,185.6699981689453,179.33999633789062,184.69000244140625,23086700,30.78474677064554,-0.7273398048703257,198.86100006103513,189.76219970703124,-0.07166938686651325,5.816993130564724
2019-08-06,182.90383911132812,184.50999450683597,185.7899932861328,183.08999633789062,183.69000244140625,18035700,36.006230361042476,-1.4454353302860738,198.12599945068357,189.8311996459961,-0.07379153512175418,6.640924988553497
2019-08-07,183.5382537841797,185.1499938964844,186.3699951171875,181.22000122070312,183.60000610351562,15833200,37.18113290236907,-1.9405195048104247,197.24699935913085,189.8479995727539,-0.08671633306144522,7.14387085319185
2019-08-08,188.50462341308594,190.16000366210935,190.33999633789062,184.0500030517578,186.6199951171875,14828900,45.60089129792185,-1.9066328852590004,196.69349975585936,190.00739959716796,-0.05501163991683533,7.24712987216684
2019-08-09,186.21473693847656,187.8500061035156,190.97999572753906,187.1199951171875,190.0,11058800,42.75539463293889,-2.042628838885605,195.84250030517575,190.10419982910156,-0.08307702162015629,7.23574911038732
2019-08-12,183.75631713867188,185.3699951171875,187.58999633789062,184.4600067138672,186.85000610351562,10930900,39.87833703545527,-2.3237361879140224,194.91549987792968,190.26219970703124,-0.09092250606617469,7.33473135602818
2019-08-13,186.80950927734375,188.4499969482422,191.3800048828125,185.3699951171875,185.52000427246094,13577000,44.84248147914622,-2.2717975125910073,194.14599990844724,190.7481997680664,-0.0755003908268208,7.15424380588275
2019-08-14,178.14561462402344,179.7100067138672,185.99000549316406,179.30999755859375,185.8000030517578,18903700,35.80742000849804,-2.902422586090438,193.0415000915527,190.99239990234375,-0.10946479684752519,7.6015809392103835
2019-08-15,181.0005340576172,182.58999633789065,183.1999969482422,180.02999877929688,180.9499969482422,12925900,40.09092012229955,-3.1336832567323825,192.1319999694824,191.28079986572266,-0.09059668568581469,7.714314725726433
2019-08-16,182.10086059570312,183.6999969482422,185.10000610351562,182.36000061035156,183.75,12654600,41.70549629464306,-3.1906118445095046,191.39899978637692,191.5881997680664,-0.07390604767594644,7.787531463694189
2019-08-19,184.5493927001953,186.1699981689453,187.5,184.85000610351562,186.00999450683594,9691200,45.24198457285272,-3.0018166310649974,190.59149932861325,191.844599609375,-0.07982408348469938,7.424356049163421
2019-08-20,182.20989990234375,183.80999755859372,186.0,182.38999938964844,185.4499969482422,10083400,42.58377969375188,-3.007953573709898,189.66399917602536,192.0243994140625,-0.09166832870037533,7.024716534186249
2019-08-21,181.9521942138672,183.5500030517578,185.89999389648438,183.13999938964844,185.0,8398200,42.28899097011074,-2.9992233489916487,188.60849914550778,192.13339935302736,-0.10314668343895783,6.189147535468719
2019-08-22,180.45533752441406,182.0399932861328,184.11000061035156,179.91000366210938,183.42999267578125,10821400,40.53395543948734,-3.078660865356369,187.67499847412108,192.27339935302734,-0.09301984357137905,5.652552803953456
2019-08-23,176.20266723632812,177.75,183.1300048828125,176.66000366210938,180.83999633789062,17323400,35.967022665245125,-3.4480354680646315,186.57499847412106,192.27899932861328,-0.1101376720901126,5.309255293648107
2019-08-26,178.78994750976562,180.3600006103516,180.5,178.24000549316406,179.39999389648438,8773600,40.36898681516989,-3.4899324959354487,185.79599838256834,192.2595993041992,-0.07951414533494094,4.996639502158485
2019-08-27,179.72178649902344,181.3000030517578,184.0399932861328,181.00999450683594,181.92999267578125,14399600,41.917660652269525,-3.408000542435076,185.00899887084958,192.10539947509767,-0.0798822105699023,4.327153604187657
2019-08-28,180.17774963378906,181.75999450683597,181.9499969482422,178.9199981689453,180.52999877929688,9386100,42.701872979720356,-3.2682767529065018,184.38549880981446,191.9711993408203,-0.06420224216137904,3.7941444342741173
2019-08-29,183.95457458496094,185.57000732421875,186.0800018310547,183.47000122070312,183.77000427246094,10128700,48.860797377277414,-2.817628581913027,184.02749938964843,191.9329995727539,-0.03715035833572222,3.2664504128175746
2019-08-30,184.0537109375,185.6699981689453,186.8000030517578,183.4600067138672,186.77999877929688,10774500,49.01568599764688,-2.4244704480007897,183.85999908447266,191.85579956054687,-0.01772302416566851,3.0773864328006986
2019-09-03,180.80230712890625,182.38999938964844,185.6699981689453,182.11000061035156,184.0,9779400,44.27814377509684,-2.350463602423673,183.89299926757812,191.6807995605469,0.003631781641039167,3.056813291127539
2019-09-04,185.5109405517578,187.13999938964844,187.75,183.88999938964844,184.64999389648438,11308000,51.57728483803831,-1.8867777421861263,184.02449951171874,191.57159942626953,0.014253996862565899,3.140185402025137
2019-09-05,189.23818969726562,190.8999938964844,191.36000061035156,187.94000244140625,188.52999877929688,13876700,56.44134488890091,-1.202046777156255,184.31199951171877,191.6127993774414,0.031055901644883477,3.492149716808827
2019-09-06,185.8578643798828,187.4900054931641,190.2100067138672,186.35000610351562,190.2100067138672,15226800,51.3987643446091,-0.9238999760198396,184.17849960327152,191.6093994140625,-0.014040797841429975,3.3027198377888674
2019-09-09,187.11680603027344,188.75999450683597,188.97999572753906,185.85000610351562,187.72999572753906,14722400,53.080062216029454,-0.5941402535144107,184.22399902343753,191.59459930419922,0.004844228766321734,3.3617033576893918
2019-09-10,184.5493927001953,186.1699981689453,188.10000610351562,184.5500030517578,187.44000244140625,15455900,49.331974710773956,-0.5356200619414437,184.2639991760254,191.45799926757812,0.0043157095151891145,3.380762489674315
2019-09-11,186.8491973876953,188.4900054931641,189.44000244140625,186.0800018310547,186.4600067138672,11761700,52.56320928646218,-0.2985951673304328,184.2659996032715,191.3677993774414,0.0002123032399565794,3.383380567525681
2019-09-12,185.83804321289062,187.47000122070312,190.92999267578125,187.22999572753906,189.86000061035156,11419800,51.022593453497926,-0.1908569705827574,184.6539993286133,191.21719940185548,0.04318064780438924,3.2766775265615538
2019-09-13,185.56048583984375,187.19000244140625,187.97000122070312,186.5399932861328,187.3300018310547,11441100,50.584297924604584,-0.12660777922198463,184.88399963378907,191.01699951171875,0.0251930894122101,3.2856057463071475
2019-09-16,184.59893798828125,186.22000122070312,187.7899932861328,185.77000427246094,186.92999267578125,8444800,49.013497427269144,-0.15220628474503428,185.00999984741213,190.81339965820314,0.0137180419941485,3.2861304558734297
2019-09-17,186.44273376464844,188.0800018310547,188.32000732421875,185.5399932861328,186.66000366210938,9671100,52.0860064227334,-0.022151432294947426,185.1055000305176,190.6597998046875,0.010259460068190451,3.3487729446494465
2019-09-18,186.50221252441406,188.13999938964844,189.0800018310547,186.00999450683594,188.08999633789062,9681900,52.186097947056616,0.08478196312836417,185.32200012207034,190.43839965820314,0.023556944064886398,3.4001837285843566
2019-09-19,188.48477172851562,190.13999938964844,191.10000610351562,188.14999389648438,188.66000366210938,10392700,55.52162841647691,0.3271396722135762,185.65149993896486,190.1865997314453,0.03590300315076744,3.5360212483955116
2019-09-20,188.27662658691406,189.92999267578125,193.10000610351562,188.1199951171875,190.66000366210938,19934200,55.087069901312525,0.4965403084565594,186.0459999084473,189.96059967041015,0.04334212085608491,3.5519853187678043
2019-09-23,185.19374084472656,186.82000732421875,190.10000610351562,185.2100067138672,189.33999633789062,13327600,48.9739733240841,0.37551302608972037,186.49950027465823,189.5995999145508,0.0510267641306259,2.968054614919431
2019-09-24,179.70193481445312,181.27999877929688,188.0399932861328,180.38999938964844,187.97999572753906,18546600,40.37803095007295,-0.16552627309272339,186.5455001831055,189.14699981689452,0.005100899123042568,2.8735182510777473
2019-09-25,181.20870971679688,182.8000030517578,183.4199981689453,177.8699951171875,181.4499969482422,18068300,43.317675783765196,-0.4662772205397516,186.6205001831055,188.72619995117188,0.008273579562884992,2.746155631080804
2019-09-26,178.5421142578125,180.11000061035156,181.39999389648438,177.6699981689453,181.3300018310547,16083300,39.59683121299991,-0.911181693545899,186.53800048828126,188.29239990234376,-0.00907787162384821,2.919192475912666
2019-09-27,175.55836486816406,177.10000610351562,180.75999450683594,175.66000366210938,180.49000549316406,14656200,35.88268476126967,-1.4894832590555893,186.1145004272461,187.81880004882814,-0.045643158303619424,3.601634794925426
2019-09-30,176.52981567382812,178.0800018310547,178.6699981689453,176.85000610351562,177.8699951171875,10740000,37.92425212804202,-1.8474180656306487,185.73500061035156,187.4132000732422,-0.040878959512803514,4.025830244142757
2019-10-01,174.27955627441406,175.80999755859375,179.83999633789062,174.8800048828125,179.14999389648438,17073000,35.13364457530005,-2.2878810832219187,185.40600051879883,186.88299987792968,-0.03607654944390626,4.548514535679662
2019-10-02,173.08009338378906,174.60000610351562,176.52999877929688,173.08999633789062,174.83999633789062,16151700,33.70975079123379,-2.7034240070022406,184.77900085449218,186.32779998779296,-0.06700862096308446,5.124712555649997
2019-10-03,177.8184814453125,179.3800048828125,179.83999633789062,173.6300048828125,175.57000732421875,16086300,43.458557133123385,-2.6168731300543016,184.2030014038086,185.82220001220702,-0.060345675128301024,5.047344226740646
2019-10-04,178.87916564941406,180.4499969482422,180.97999572753906,178.10000610351562,179.5500030517578,10430200,45.39442723833162,-2.4338852055160203,183.8510009765625,185.41699981689453,-0.0375487137375895,5.051526875298818
2019-10-07,178.1158447265625,179.67999267578125,181.17999267578125,178.08999633789062,180.0,9178300,44.221055320500895,-2.324206856680746,183.39700088500976,185.01559967041015,-0.048103422840086396,4.994825336853365
2019-10-08,176.20266723632812,177.75,180.3699951171875,177.72000122070312,178.25999450683594,9466900,41.33690237057267,-2.3657493682632094,182.9760009765625,184.65179962158203,-0.045227470869416586,5.102484479298213
2019-10-09,178.28439331054688,179.85000610351562,180.72000122070312,177.94000244140625,179.16000366210938,7556900,45.50194782139878,-2.203814958900466,182.54400100708008,184.3079998779297,-0.045837970915448945,4.9752372492102515
2019-10-10,178.46282958984375,180.02999877929688,181.61000061035156,179.1699981689453,180.32000732421875,8605000,45.85677577572045,-2.0374701801762,182.17200088500977,184.02399993896483,-0.039686362580471424,4.864445526432357
2019-10-11,182.5865936279297,184.19000244140625,186.49000549316406,182.13999938964844,182.14999389648438,14930500,53.40731769843618,-1.5520718969598306,182.02200088500976,183.8532000732422,-0.016026496932917467,4.746387911790046
2019-10-14,181.68450927734375,183.27999877929688,184.6199951171875,182.57000732421875,184.1999969482422,7006000,51.708563313868694,-1.2266795524205634,181.87500076293946,183.7383999633789,-0.015787790903952548,4.654160205441105
2019-10-15,187.24569702148438,188.88999938964844,190.3800048828125,183.66000366210938,183.8000030517578,15039100,60.12830830593664,-0.5102418599766168,181.91550064086914,183.88160003662108,0.004306664986750475,4.7141349589656105
2019-10-16,187.89993286132812,189.5500030517578,189.6999969482422,186.89999389648438,188.32000732421875,10516900,60.99004072031207,0.10953430925715679,181.98600082397462,183.98240020751953,0.007494438538766968,4.821444076575993
2019-10-17,188.73263549804688,190.38999938964844,190.83999633789062,188.77000427246094,190.3000030517578,9603000,62.11237161668957,0.6608739296650867,181.9985008239746,184.0872003173828,0.0013148206626827363,4.843968093740164
2019-10-18,184.232177734375,185.8500061035156,191.49000549316406,183.9199981689453,190.22999572753906,16874200,53.2030532285622,0.7231391373055658,181.79450149536132,184.00100036621095,-0.021481528613705447,4.570556377348171
2019-10-21,188.1081085205078,189.75999450683597,189.91000366210938,186.75,187.0399932861328,8122600,58.69776440384302,1.0755894246129287,181.94150085449218,184.03920013427734,0.015737003893351753,4.783034272686161
2019-10-22,180.75271606445312,182.33999633789065,190.64999389648438,181.5,190.0,19537600,47.338401989754274,0.7475595744151917,181.99450073242187,183.9786001586914,0.005847294603550157,4.78119096665976
2019-10-23,184.52955627441406,186.1499938964844,186.3800048828125,182.0,182.00999450683594,12300400,52.4291212926468,0.7859683622744171,182.1620002746582,183.93260009765626,0.01832598899781246,4.868773333304474
2019-10-24,184.75753784179688,186.3800048828125,186.72999572753906,182.8000030517578,184.6199951171875,11413500,52.72622900872936,0.8254522677712259,182.47550048828126,184.06600006103517,0.03481208290052362,4.931154099056031
2019-10-25,186.25440979003906,187.88999938964844,189.0,185.08999633789062,185.8300018310547,8061200,54.72535110206887,0.9674354903693541,183.0150001525879,184.1720001220703,0.06092599048147984,4.902249724901459
2019-10-28,187.75123596191406,189.3999938964844,189.52999877929688,185.0800018310547,187.1999969482422,13657900,56.697400213571456,1.1881064033163966,183.58099975585938,184.28600006103517,0.06356689099862578,4.9556762807842905
2019-10-29,187.66200256347656,189.30999755859372,192.52999877929688,188.47000122070312,191.69000244140625,13574900,56.539330941332274,1.3402778505706294,184.25599975585936,184.34880004882814,0.07678744205374732,4.756913314061796
2019-10-30,186.6112823486328,188.25,190.4499969482422,185.97999572753906,189.55999755859375,28734600,54.608220793218486,1.3596684629694948,184.9384994506836,184.43760009765626,0.07817865646803956,4.250906832912047
2019-10-31,189.98167419433594,191.6499938964844,198.08999633789062,188.25,196.6999969482422,42286500,59.39845647228477,1.6305903252469136,185.5519989013672,184.5995999145508,0.06840221139300229,4.291691075451296
2019-11-01,191.93450927734375,193.6199951171875,194.11000061035156,189.91000366210938,192.85000610351562,21711800,61.90687130608491,1.981419912155701,186.21049880981445,184.83119995117187,0.07298419723843397,4.474155785557792
2019-11-04,193.02496337890625,194.72000122070312,197.3699951171875,193.80999755859375,194.5500030517578,16371300,63.2713751620595,2.3214558883657617,186.96249923706054,185.17059997558593,0.08370441428089559,4.581411859713137
2019-11-05,192.62841796875,194.32000732421875,195.75,193.60000610351562,195.3699951171875,9942000,62.39613196426223,2.5295021584590245,187.79099960327147,185.44980010986328,0.09322085695763005,4.318454181652568
2019-11-06,189.8825225830078,191.5500030517578,194.3699951171875,191.35000610351562,194.02999877929688,10973000,56.56100456375295,2.442706135703787,188.3759994506836,185.6548001098633,0.06505419266712753,3.964036463497047
2019-11-07,188.76234436035156,190.4199981689453,193.44000244140625,189.47000122070312,191.91000366210938,13473000,54.32893151743929,2.256723607158932,188.895499420166,185.82800018310547,0.05771260045602622,3.4616904585262294
2019-11-08,189.17872619628906,190.83999633789065,192.33999633789062,189.6999969482422,190.0,10760800,55.03912680515643,2.118797279386854,189.22799911499024,185.93339996337892,0.036103989404093095,3.3016021731652687
2019-11-11,187.95941162109375,189.6100006103516,190.0800018310547,188.5399932861328,189.92999267578125,8631200,52.466032365556295,1.8884701864353701,189.54449920654298,186.01220001220702,0.03453733016812821,2.9901129381692813
2019-11-12,192.777099609375,194.47000122070312,195.05999755859375,189.74000549316406,190.0,17615500,60.353028288129025,2.0741858154451904,189.8234992980957,186.2538000488281,0.029541012489200602,3.1801200849272413
2019-11-13,191.5082550048828,193.19000244140625,195.6999969482422,192.74000549316406,194.6999969482422,10860700,57.640387086331074,2.0939439034668794,190.00549926757813,186.3748001098633,0.019203372888654258,3.266626900029453
2019-11-14,191.4686279296875,193.1499938964844,194.02999877929688,191.4499969482422,192.92999267578125,9040500,57.55331248458429,2.0823697135360817,190.14349899291992,186.41980010986327,0.014496530887567305,3.3411729930432226
2019-11-15,193.4016571044922,195.1000061035156,195.3000030517578,193.3800048828125,194.25999450683594,11524300,60.6717595821016,2.2051274363616074,190.60599899291992,186.5720001220703,0.04977131932321743,3.355749653210404
2019-11-18,195.6815948486328,197.3999938964844,198.6300048828125,193.0500030517578,194.55999755859375,16167200,64.02855833380784,2.4596502917310943,190.98799896240234,186.7448001098633,0.04026138074837071,3.6741216106775845
2019-11-19,197.5849151611328,199.32000732421875,200.0,196.86000061035156,197.39999389648438,19056800,66.59206164555532,2.7841960468201137,191.83699951171874,187.00780029296874,0.09312279986483474,3.5295936689052985
2019-11-20,195.7906494140625,197.50999450683597,199.58999633789062,195.42999267578125,198.5800018310547,12355400,62.099189706341754,2.862352569827209,192.40499954223634,187.1882000732422,0.0610260595370673,3.479949761717812
2019-11-21,196.20697021484375,197.92999267578125,199.08999633789062,196.86000061035156,197.4199981689453,12131000,62.72759441828868,2.924471037855966,192.98249893188478,187.39739990234375,0.06197010135411718,3.3845300856775373
2019-11-22,197.08926391601562,198.82000732421875,199.3000030517578,197.6199951171875,198.3800048828125,9959800,64.08648139281492,3.0108103675219127,193.52899932861328,187.63,0.05817237729562996,3.4013583438840462
2019-11-25,198.05078125,199.7899932861328,200.97000122070312,199.25,199.52000427246094,15272300,65.56018354746882,3.121521709748805,194.0484992980957,187.9013998413086,0.054857443107031,3.5285996044233188
2019-11-26,197.2379608154297,198.97000122070312,200.14999389648438,198.0399932861328,200.0,11735500,63.19920384644511,3.1072759959065195,194.53149948120117,188.11919982910158,0.051027435353061756,3.5069201295045898
2019-11-27,200.24156188964844,202.0,203.13999938964844,199.4199981689453,199.89999389648438,12736600,67.81199358100326,3.3024135757642625,195.21899948120117,188.3963998413086,0.07304116865869847,3.558085132311468
2019-11-29,199.88473510742188,201.63999938964844,203.8000030517578,201.2100067138672,201.60000610351562,7985200,66.74158780102866,3.3889468038781274,195.71849975585937,188.6263998413086,0.052126302172281314,3.7278528802545257
2019-12-02,197.9615936279297,199.6999969482422,202.17999267578125,198.0500030517578,202.1300048828125,11503400,61.14070957069515,3.2633649866599796,196.02249984741212,188.82179992675782,0.03140172494775029,3.795018423786946
2019-12-03,197.08926391601562,198.82000732421875,198.92999267578125,195.0800018310547,197.60000610351562,11595300,58.73301256819519,3.0575867269611763,196.22750015258788,189.0617999267578,0.021055906315800232,3.8315186957965706
2019-12-04,196.98020935058594,198.7100067138672,200.02999877929688,198.0500030517578,200.0,8456300,58.423299404834744,2.8527451730726625,196.4470001220703,189.41040008544923,0.022591597489618254,3.8422230408216653
2019-12-05,197.62452697753906,199.3600006103516,201.2899932861328,198.2100067138672,199.86000061035156,9740400,59.77316977967824,2.711598224610924,196.8375,189.7416000366211,0.040772630823104006,3.713035844425746
2019-12-06,199.29981994628906,201.0500030517578,201.57000732421875,200.05999755859375,200.5,12270600,63.12538770223664,2.7049266138814687,197.36900024414064,190.16040008544923,0.05582399424970741,3.500804948616313
2019-12-09,199.58729553222656,201.33999633789065,203.13999938964844,200.2100067138672,200.64999389648438,11954800,63.68462009279803,2.692007561475748,197.8940002441406,190.64519989013672,0.05501991302394127,3.248363867076464
2019-12-10,199.12139892578125,200.8699951171875,202.0500030517578,200.14999389648438,201.66000366210938,9475700,62.04233439424244,2.613714673050765,198.4569999694824,191.10099975585936,0.05938502436891602,2.659422277811931
2019-12-11,200.49928283691406,202.25999450683597,202.6300048828125,200.27999877929688,200.27999877929688,8036800,64.92327002639807,2.633471310945623,198.84649963378905,191.62999969482422,0.04005755765534258,2.6148404282721693
2019-12-12,195.03729248046875,196.75,203.66000366210938,194.10000610351562,202.35000610351562,23734800,49.035418144913976,2.179395367885462,199.02449951171874,192.0729995727539,0.018427441967000746,2.3133035154513415
2019-12-13,192.42025756835938,194.1100006103516,196.8000030517578,193.1699981689453,196.39999389648438,18798000,43.537866885363485,1.588203206280781,199.0724998474121,192.3675994873047,0.004970265307808752,2.191760798043646
2019-12-16,196.19708251953125,197.9199981689453,199.1199951171875,194.80999755859375,195.27000427246094,14911500,51.916300501615694,1.4108507116204407,199.2134994506836,192.71699951171874,0.014454084967754799,2.005550565333713
2019-12-17,196.6630096435547,198.38999938964844,199.0,196.1300048828125,198.83999633789062,10175700,52.84587502692235,1.2933142309982486,199.26299972534179,193.09119964599608,0.005015225551036284,1.9703429135650843
2019-12-18,200.73721313476562,202.5,204.3000030517578,200.08999633789062,200.08999633789062,23274400,60.10850949685714,1.5143519175929612,199.42199935913087,193.5861996459961,0.015954207098781703,2.099274009654357
2019-12-19,204.26622009277344,206.05999755859372,206.3000030517578,202.50999450683594,202.77999877929688,16514600,65.1197634827066,1.9542604297975288,199.84949951171876,194.11039947509767,0.043288964050180345,2.518188633837934
2019-12-20,204.50413513183594,206.3000030517578,207.7100067138672,203.42999267578125,207.47999572753906,27306900,65.43501608146286,2.2957930592723415,200.26800003051758,194.63579956054687,0.042287731449002885,2.8553351877934174
2019-12-23,204.3851776123047,206.17999267578125,208.58999633789062,205.67999267578125,206.6999969482422,13348900,65.11808620569434,2.5276392425804204,200.6359992980957,195.07559936523438,0.03701833357022499,3.120832771787343
2019-12-24,203.3343963623047,205.1199951171875,206.7899932861328,205.0,206.3000030517578,6046300,62.250183871044676,2.5959218972778046,200.90249938964843,195.51239929199218,0.02667802197390956,3.268851343057619
2019-12-26,205.9811553955078,207.7899932861328,207.82000732421875,205.30999755859375,205.57000732421875,9350700,66.27880534423409,2.8328278550645223,201.34349899291993,195.89039916992186,0.04432825054690692,3.5750289138073237
2019-12-27,206.28846740722656,208.1000061035156,208.92999267578125,206.58999633789062,208.6699981689453,10284200,66.72286459952917,3.0108853646308944,201.64849929809571,196.26139923095704,0.030198050017403943,3.8810924533441944
2019-12-30,202.63058471679688,204.41000366210935,207.89999389648438,203.89999389648438,207.86000061035156,10524300,57.08669260048165,2.821717858399751,201.78699951171876,196.54179931640624,0.013737374929803314,3.9298914001149545
2019-12-31,203.46327209472656,205.25,205.55999755859375,203.60000610351562,204.0,8953500,58.554087444189754,2.7083616242509834,202.06449966430665,196.92979919433594,0.027791703237713294,3.970506715013698
2020-01-02,207.953857421875,209.77999877929688,209.7899932861328,206.27000427246094,206.75,12077100,65.42114892871228,2.950052663944433,202.61249923706055,197.33019927978515,0.05512519390065962,4.245924815998793
2020-01-03,206.85348510742188,208.6699981689453,210.39999389648438,206.9499969482422,207.2100067138672,11188400,62.680632464909394,3.0172458496141417,203.11049880981446,197.85679931640624,0.05012325055889133,4.347010147616431
2020-01-06,210.7493133544922,212.6000061035156,212.77999877929688,206.52000427246094,206.6999969482422,17058900,67.82046435234957,3.349010421775631,203.77249908447266,198.38579956054687,0.06641254741487268,4.736493661516964
2020-01-07,211.20529174804688,213.05999755859372,214.5800018310547,211.75,212.82000732421875,14912400,68.36957602161624,3.607469043996389,204.37299880981445,198.9193994140625,0.0597363557549615,5.119039366923654
2020-01-08,213.34649658203125,215.22000122070312,216.24000549316406,212.61000061035156,213.0,13475000,70.88220727255963,3.941162341642496,205.06699905395507,199.4659994506836,0.06893814013743649,5.604097877033064
2020-01-09,216.39968872070312,218.3000030517578,218.3800048828125,216.27999877929688,217.5399932861328,12642800,74.04795627420614,4.403387580262574,205.9384994506836,200.04399963378907,0.08677258106369568,6.236647383864606
2020-01-10,216.16175842285156,218.05999755859372,219.8800048828125,217.4199981689453,219.1999969482422,12119400,73.37847016277931,4.6962030688405605,206.72849960327147,200.61899963378906,0.07811729200469131,6.727543362370891
2020-01-13,219.97825622558594,221.91000366210935,221.97000122070312,219.2100067138672,219.60000610351562,14463400,76.97478073430243,5.179221923490189,207.98649978637695,201.29219970703124,0.12787803640208062,7.10519926792385
2020-01-14,217.15306091308594,219.05999755859372,222.3800048828125,218.6300048828125,221.61000061035156,13288900,69.49098844662646,5.271282112767267,209.23399963378907,201.84039978027343,0.12853535041878517,6.720484327175508
2020-01-15,219.224853515625,221.1499938964844,221.67999267578125,220.13999938964844,220.61000061035156,10036500,71.66648378637969,5.450060805248938,210.395499420166,202.39099975585938,0.11737063430907013,6.669395685128764
2020-01-16,219.83949279785156,221.7700042724609,222.6300048828125,220.38999938964844,222.57000732421875,10015300,72.29756617667421,5.577480143536121,211.56449966430665,202.93199981689452,0.11784870686396287,6.5012227009013905
2020-01-17,220.2062530517578,222.13999938964844,222.2899932861328,220.52999877929688,222.02999877929688,15905900,72.68850853061704,5.643264362157453,212.54649963378907,203.48839965820312,0.0969876513069059,6.543142641860107
2020-01-21,219.5123291015625,221.44000244140625,222.3699951171875,219.1199951171875,222.16000366210938,14275800,70.65692643574661,5.574653787004877,213.31549987792968,204.0861996459961,0.07463847939937573,6.643691319038416
2020-01-22,219.39340209960938,221.32000732421875,222.75,221.27999877929688,222.30999755859375,12212800,70.29423239285751,5.4477979847364395,214.06650009155274,204.70419982910155,0.07280661197417726,6.657836576993539
2020-01-23,217.84693908691406,219.75999450683597,221.49000549316406,219.27000427246094,220.75,11195000,65.58105935853766,5.161880900834774,214.74550018310546,205.28259979248048,0.06586478956961317,6.501850047585206
2020-01-24,216.04283142089844,217.94000244140625,221.77999877929688,216.11000061035156,220.8000030517578,11905800,60.485726022782885,4.733862383717025,215.3865005493164,205.84919982910156,0.06250003719478703,6.1239129832374894
2020-01-27,212.99951171875,214.8699951171875,216.05999755859375,212.5,213.10000610351562,13810700,53.00466997992311,4.099672221835618,215.74050064086913,206.25719970703125,0.03407287193712616,5.860651249353682
2020-01-28,215.8940887451172,217.7899932861328,218.74000549316406,213.52000427246094,216.13999938964844,13413800,58.28898413020367,3.789014003390406,216.225,206.74919952392577,0.046564088891939415,5.590056486920006
2020-01-29,221.28675842285156,223.22999572753903,224.1999969482422,218.4499969482422,221.44000244140625,33181300,65.96680312678929,3.9364014742547795,217.16599960327147,207.35079956054688,0.09206981912949441,5.054920066125883
2020-01-30,207.70602416992188,209.52999877929688,211.42999267578125,204.75,206.52999877929688,48775500,44.00070914531383,2.914139462972429,217.37999954223633,207.6393994140625,0.02085261281021622,4.593437327688044
2020-01-31,200.15234375,201.91000366210935,208.69000244140625,201.05999755859375,208.42999267578125,31359900,36.68389888270003,1.4721495078847227,216.98649978637695,207.729599609375,-0.03751546936306027,5.522001844115045
2020-02-03,202.41250610351562,204.19000244140625,205.13999938964844,202.5,203.44000244140625,15495600,39.90401955525515,0.5074889099920199,216.7625,207.82699951171875,-0.021469285315812048,5.95129446344922
2020-02-04,208.00338745117188,209.8300018310547,210.60000610351562,205.1999969482422,206.6199951171875,19628900,47.074555584960514,0.1958318240936876,216.62399978637694,208.07339965820313,-0.013029182469130207,6.084015896998292
2020-02-05,208.28094482421875,210.1100006103516,212.72999572753906,208.7100067138672,212.50999450683594,12538200,47.41003881213972,-0.02823957219717954,216.47649993896485,208.31699981689454,-0.013845850849739438,6.209435471202426
2020-02-06,209.0145263671875,210.8500061035156,211.19000244140625,209.33999633789062,210.47000122070312,10567500,48.34202012900166,-0.14444048924167419,216.25800018310548,208.55759979248046,-0.020304781583502574,6.331660169483487
2020-02-07,210.48162841796875,212.3300018310547,212.82000732421875,209.92999267578125,210.3000030517578,12242500,50.24127732592194,-0.11577271106264675,215.95950012207032,208.80839996337892,-0.027347691879269775,6.370928376304405
2020-02-10,211.20529174804688,213.05999755859372,213.8000030517578,210.66000366210938,211.52000427246094,11856400,51.19442530870332,-0.03375957654822059,215.70950012207032,209.09019989013672,-0.0229294692102181,6.382256921294311
2020-02-11,205.38638305664062,207.19000244140625,210.86000061035156,206.50999450683594,210.19000244140625,25030800,43.91055591101123,-0.43738126596011284,214.97350006103517,209.19399993896485,-0.06633320254960862,6.477623587814024
2020-02-12,208.92529296875,210.75999450683597,211.22000122070312,207.39999389648438,207.85000610351562,13813700,48.69179532351805,-0.46383899157950736,214.55849990844726,209.3763998413086,-0.037889177139873276,6.467905397086021
2020-02-13,211.2845916748047,213.13999938964844,214.3300018310547,209.17999267578125,209.52000427246094,15396600,51.65078893558081,-0.2894241250845653,214.15800018310546,209.64519989013672,-0.03621973650419941,6.283640222267047
2020-02-14,212.31553649902344,214.17999267578125,214.92999267578125,212.64999389648438,214.0,10741700,52.92827076893934,-0.06651359289605807,213.77849960327148,209.95239959716798,-0.034224698789087626,6.023532876741066
2020-02-18,215.904052734375,217.8000030517578,217.97999572753906,213.39999389648438,213.5500030517578,15609200,57.17030604016551,0.3976651571061609,213.56149978637694,210.33419952392578,-0.0195372123427352,5.77969244731015
2020-02-19,215.59674072265625,217.4900054931641,218.32000732421875,216.11000061035156,217.99000549316406,12135100,56.69908646273296,0.7320770203014888,213.36399993896484,210.69679962158204,-0.01783777503925621,5.559601841729984
2020-02-20,212.7120819091797,214.5800018310547,218.77000427246094,212.9499969482422,216.52000427246094,13109200,52.3380446820887,0.7536008144850825,213.02699966430663,210.96739959716797,-0.030453665597843682,5.247473093723713
2020-02-21,208.35037231445312,210.17999267578125,214.24000549316406,208.8300018310547,213.47999572753906,14092300,46.51259465988261,0.4108782611941706,212.5479995727539,211.14419952392578,-0.04359301997869647,5.033398511870785
2020-02-24,198.97271728515625,200.72000122070312,203.64999389648438,198.1699981689453,201.8000030517578,23080100,36.981926202297586,-0.6169621261048803,211.68699951171874,211.1411996459961,-0.07901257698357955,5.512513702024985
2020-02-25,195.05709838867188,196.7700042724609,203.5,195.9499969482422,202.25,21433500,33.861922522675286,-1.7303187430667037,210.78199996948243,211.0313998413086,-0.08423693980564884,6.379956861345174
2020-02-26,195.48338317871094,197.1999969482422,201.2100067138672,195.49000549316406,197.19000244140625,16524500,34.50964933652449,-2.548586548680248,209.75250015258788,211.04039978027345,-0.09454059861620667,6.834643099998968
2020-02-27,188.09820556640625,189.75,195.8800048828125,189.5,191.82000732421875,21682600,29.17785497842422,-3.7549375882807965,208.07850036621093,210.9531997680664,-0.14997982515039188,7.433728962493656
2020-02-28,190.79452514648438,192.47000122070312,192.74000549316406,181.82000732421875,182.6999969482422,32568900,33.233757136276424,-4.440312948273203,207.22550048828126,210.84419982910157,-0.08142031049483978,8.197921500265117
2020-03-02,194.72998046875,196.44000244140625,196.57000732421875,188.85000610351562,194.02999877929688,24949000,38.74752246231724,-4.609990834384661,206.9520004272461,210.80519989013672,-0.027091283846723102,8.471279147517226
2020-03-03,184.2718048095703,185.88999938964844,197.24000549316406,183.97000122070312,196.22000122070312,27984100,31.34049686076517,-5.531989526100716,206.0370002746582,210.47299987792968,-0.08962242437412737,9.686462574012875
2020-03-04,190.09071350097656,191.75999450683597,191.8300018310547,186.38999938964844,189.1699981689453,23062500,38.39673859263023,-5.723048839024557,205.13349990844728,210.18699981689454,-0.086117367233156,10.145891990590941
2020-03-05,183.55807495117188,185.1699981689453,188.99000549316406,183.88999938964844,186.77999877929688,19333400,34.15312911490189,-6.333216967682375,203.88649978637696,209.76439971923827,-0.11869973998837613,10.998849264661532
2020-03-06,179.51358032226562,181.08999633789065,183.77999877929688,176.25999450683594,178.3300018310547,24559600,31.809153679273734,-7.06456573913448,202.39849929809571,209.26259979248047,-0.14114303487861624,11.97678952231236
2020-03-09,168.02447509765625,169.5,175.0,165.19000244140625,169.60000610351562,29949000,26.28949288893986,-8.481610031595295,200.25699920654296,208.55019989013672,-0.20171431951068963,13.798135493105466
2020-03-10,176.63885498046875,178.19000244140625,178.2899932861328,169.5,174.6699981689453,24517800,35.3481260967461,-8.80195382629887,198.51349945068358,207.95820007324218,-0.16366279694337205,14.289528867951038
2020-03-11,168.758056640625,170.24000549316406,175.8800048828125,167.66000366210938,174.00999450683594,20373900,31.530480477635976,-9.586816056467171,196.66599960327147,207.20100006103516,-0.1783387060806263,15.450201349030683
2020-03-12,153.12533569335938,154.47000122070312,166.60000610351562,154.33999633789062,159.5399932861328,43266300,25.61961199218868,-11.350491180966657,193.85149993896485,206.20220001220704,-0.26708101515113236,17.70949660899859
2020-03-13,168.79769897460938,170.27999877929688,170.7899932861328,157.60000610351562,163.52999877929688,35028600,38.13994031754811,-11.34174121764147,191.70849990844727,205.50279998779297,-0.2010884898802957,17.84527005883709
2020-03-16,144.73898315429688,146.00999450683594,159.1300048828125,143.10000610351562,152.32000732421875,39120400,29.83695139872701,-13.14170393799452,188.3,204.22739990234376,-0.318283688953799,19.737284490626685
2020-03-17,148.1192626953125,149.4199981689453,153.94000244140625,140.0,150.74000549316406,34255600,32.07442264900125,-14.13014504855306,184.88099975585936,203.04239990234376,-0.31395777743199904,20.273473323214994
2020-03-18,145.68067932128906,146.9600067138672,148.17999267578125,137.10000610351562,139.75,37553100,31.29899228262117,-14.939776062660115,181.35449981689453,201.7295999145508,-0.32429075818619046,20.436282380119792
2020-03-19,151.79698181152344,153.1300048828125,159.92999267578125,144.8000030517578,146.6199951171875,39862300,35.51024044315248,-14.91165491137329,178.28199996948243,200.53100006103514,-0.286373363891681,19.787122522680672
2020-03-20,148.42660522460938,149.72999572753906,159.27000427246094,148.0,156.02000427246094,32568400,34.26382366091612,-14.990915082593489,175.2595001220703,199.22119995117188,-0.28761061497176343,19.26832557362449
2020-03-23,146.81077575683594,148.10000610351562,152.30999755859375,142.25,149.66000366210938,29830800,33.65395651124727,-15.012204530536025,172.62850036621094,197.81720001220702,-0.2621562116240165,19.201229185785802
2020-03-24,159.57864379882812,160.97999572753906,161.30999755859375,152.57000732421875,155.2100067138672,30440400,42.381232941100556,-13.830341483782178,170.83899993896483,196.67559997558592,-0.18188752232461514,18.487386961379265
2020-03-25,154.85018920898438,156.2100067138672,162.99000549316406,153.05999755859375,158.9199981689453,35184300,40.26863357512141,-13.127281622216316,168.78950042724608,195.3616000366211,-0.2078599942632523,17.664985245903566
2020-03-26,161.91812133789062,163.33999633789062,164.0,157.02000427246094,158.25,26556800,44.70555051979681,-11.858078494318505,167.46900024414063,194.24720001220703,-0.13918315500452894,16.989877030673373
2020-03-27,155.4251251220703,156.7899932861328,160.08999633789062,154.75,158.1999969482422,24879900,41.64513489642129,-11.25106114759501,165.68499984741212,192.96,-0.18537957971775798,16.07515326979263
2020-03-30,164.50535583496094,165.9499969482422,166.75,158.05999755859375,159.17999267578125,22515200,47.099196737997254,-9.916547992385887,164.1604995727539,191.84359985351563,-0.15521281365417705,14.359149874882348
2020-03-31,165.3479766845703,166.8000030517578,170.92999267578125,164.1999969482422,165.47999572753906,23676300,47.58872614304814,-8.690173403922898,163.20599975585938,190.7367999267578,-0.10269512292522864,13.444022220364714
2020-04-01,158.21066284179688,159.60000610351562,164.14999389648438,158.0399932861328,161.6199951171875,19507600,43.884302328756824,-8.204664028161545,161.59800033569337,189.5,-0.1677095813755558,11.652992087077608
2020-04-02,156.8129425048828,158.19000244140625,161.35000610351562,155.9199981689453,159.10000610351562,20886300,43.17549768892792,-7.843257669449457,160.2490005493164,188.23739990234375,-0.14570392609132643,10.258838618920597
2020-04-03,152.83782958984375,154.17999267578125,157.91000366210938,150.8300018310547,157.14999389648438,25983300,41.140353226216185,-7.790609504531716,158.90350036621095,186.92579986572267,-0.14860016680269184,9.07834312099253
2020-04-06,164.10885620117188,165.5500030517578,166.1999969482422,158.50999450683594,160.14999389648438,28453600,48.54621097300164,-6.753569692856956,158.70600051879882,185.87799987792968,-0.02330381680378868,8.876402875906154
2020-04-07,167.3603057861328,168.8300018310547,173.38999938964844,166.00999450683594,171.7899932861328,31411900,50.48182966818133,-5.602458032451523,158.23800048828124,184.95720001220704,-0.052528202941292346,7.99838346618798
2020-04-08,172.76287841796875,174.27999877929688,175.0,167.74000549316406,171.25,21664200,53.604900387084406,-4.201986655551025,158.44000015258788,184.08700012207032,0.023731162804121464,8.360276157349286
2020-04-09,173.66493225097656,175.19000244140625,177.0800018310547,171.57000732421875,175.89999389648438,23534300,54.12516384083119,-2.984272473759262,159.47600021362305,183.12620025634766,0.13413608504539898,9.09402896567648
2020-04-13,173.26844787597656,174.7899932861328,175.0,169.4499969482422,173.6699981689453,19355400,53.839363593312434,-2.028123660254664,159.70149993896484,182.43140014648438,0.026485756043969744,9.42589068816062
2020-04-14,176.61903381347656,178.1699981689453,181.22999572753906,176.6199951171875,178.97999572753906,21011800,55.95570216320569,-0.9862616799881891,161.30950012207032,181.9566000366211,0.220258919745413,9.706253285852627
2020-04-15,175.42947387695312,176.97000122070312,178.19000244140625,172.82000732421875,175.19000244140625,17423000,54.99174364204717,-0.2544748516620814,162.6870002746582,181.41220001220702,0.1843796238078368,9.88341675602629
2020-04-16,174.71572875976562,176.25,178.0500030517578,172.50999450683594,177.9499969482422,23593200,54.38634472117839,0.26432641049356675,164.15149993896483,180.74059997558595,0.19930587879708495,9.596265881351226
2020-04-17,177.67971801757812,179.24000549316406,180.27999877929688,176.66000366210938,179.1999969482422,20974800,56.526720334368974,0.9063013257625698,165.4569999694824,180.12320007324217,0.17050871663155132,9.791997534073785
2020-04-20,176.68841552734375,178.24000549316406,180.5,176.77000427246094,177.41000366210938,16110700,55.58725014149279,1.3191728254660688,166.88250045776368,179.47100006103517,0.19040947424792654,9.451278480461426
2020-04-21,169.3131866455078,170.8000030517578,175.3800048828125,168.33999633789062,175.25,24850500,49.05490109132096,1.034109870358435,168.0175003051758,178.64040008544922,0.15327478739181055,8.379193758237168
2020-04-22,180.6932373046875,182.27999877929688,184.77999877929688,178.13999938964844,178.4499969482422,33242000,57.37794056813184,1.7147683553586432,169.08250045776367,178.0248001098633,0.1323145957079559,8.781603852634085
2020-04-23,183.51844787597656,185.1300048828125,187.0500030517578,183.14999389648438,184.0800018310547,21426600,59.16169867946447,2.4558571896949672,170.52850036621095,177.5836001586914,0.18513537498220978,8.930190504975991
2020-04-24,188.41543579101562,190.07000732421875,190.41000366210938,180.8300018310547,183.22999572753906,28792000,62.120854035183434,3.4025696371111565,171.86500091552733,177.16980041503905,0.1636464527098036,9.759446102451227
2020-04-27,185.8677978515625,187.5,193.75,187.41000366210938,192.66000366210938,29197800,59.69733239087723,3.9005053619341936,173.4005012512207,176.6570004272461,0.19586713456784954,9.678329270872867
2020-04-28,181.3177490234375,182.91000366210935,189.1999969482422,182.55999755859375,188.66000366210938,21731000,55.5305205379759,3.8800221864858884,174.24850158691407,176.03160064697266,0.10219950000455125,9.734014215978467
2020-04-29,192.4995574951172,194.19000244140625,196.91000366210938,190.0,190.92999267578125,45954500,62.464365469951986,4.719586299950549,175.61800155639648,175.55940063476564,0.1642086264299969,10.525513726564396
2020-04-30,202.927978515625,204.7100067138672,209.69000244140625,201.57000732421875,206.9199981689453,46230100,67.5466923363226,6.162782612292119,177.87350158691407,175.3038006591797,0.2826441032909077,11.682117064250845
2020-05-01,200.50921630859375,202.2700042724609,207.27999877929688,199.0500030517578,201.60000610351562,30415600,65.33697421439764,7.02861676353254,180.0775016784668,175.0576007080078,0.27865226089355377,11.928652369196918
2020-05-04,203.47317504882812,205.25999450683597,205.91000366210938,198.75999450683594,200.1999969482422,19250700,66.77149797451415,7.865396396294614,182.63150177001953,174.9592007446289,0.3313011042779639,11.554404133470191
2020-05-05,205.2674102783203,207.07000732421875,210.3800048828125,206.5,207.02000427246094,21071200,67.64444265858542,8.57574731455989,184.70750198364257,175.08620086669922,0.2508003836126784,12.043448230279315
2020-05-06,206.65524291992188,208.47000122070312,211.60000610351562,206.66000366210938,208.1199951171875,21857000,68.33731445645117,9.146241167455258,186.689501953125,175.32020080566406,0.23479238855494122,12.544328014869782
2020-05-07,209.42095947265625,211.25999450683597,211.60000610351562,209.0399932861328,211.16000366210938,15152000,69.7285446652177,9.711542184230524,188.53850173950195,175.60140075683594,0.21218726180030267,13.320305972182402
2020-05-08,210.50146484375,212.3500061035156,213.2100067138672,210.85000610351562,212.24000549316406,12506000,70.27801183899564,10.130721487886632,190.39650192260743,176.05340087890625,0.21211258145017609,13.937723301239593
2020-05-11,211.3242645263672,213.17999267578125,215.0,210.3699951171875,210.88999938964844,12911900,70.71391933443488,10.409898258762212,192.31600189208984,176.4676007080078,0.21963499550459775,14.313735071122213
2020-05-12,208.2710723876953,210.1000061035156,215.27999877929688,210.0,213.2899932861328,14704600,66.79877805683216,10.264298244324323,193.91250228881836,176.74080078125,0.17921091240228582,14.433080307625447
2020-05-13,203.31459045410156,205.1000061035156,210.77999877929688,202.11000061035156,209.42999267578125,20684600,60.90366891711156,9.634391700313728,195.319002532959,177.12500091552735,0.15895352143740404,14.060975066485856
2020-05-14,205.0096893310547,206.80999755859372,206.92999267578125,200.69000244140625,202.55999755859375,17178900,62.134437395855045,9.167491114382159,196.84700241088868,177.4260009765625,0.1733900570700353,13.5301414259628
2020-05-15,209.0442657470703,210.8800048828125,211.33999633789062,204.1199951171875,205.27000427246094,19383200,64.96171911405747,9.021885927742346,198.4290023803711,177.94020111083984,0.1765230887077558,13.209036286955396
2020-05-18,211.3341522216797,213.19000244140625,214.63999938964844,210.94000244140625,212.14999389648438,20151900,66.49099963489913,8.989267584732943,200.1765022277832,178.58220123291017,0.19608390861266334,12.699586744474338
2020-05-19,214.99203491210938,216.8800048828125,220.49000549316406,212.8300018310547,213.27000427246094,31843200,68.83125624922548,9.155629276165598,202.48050231933593,179.5298013305664,0.26978923306629565,11.178387358503434
2020-05-20,227.9680633544922,229.97000122070312,231.33999633789062,223.19000244140625,223.5,50162900,75.39585089646758,10.225848209214718,204.86500244140626,180.56540130615235,0.2616304737808832,11.71608414178955
2020-05-21,229.375732421875,231.38999938964844,237.1999969482422,231.1999969482422,234.72000122070312,47782600,75.98669578308113,11.061081150759236,207.17800216674806,181.78840118408203,0.24987842751972367,12.172384415056591
2020-05-22,232.86509704589844,234.91000366210935,235.99000549316406,228.74000549316406,231.50999450683594,33925600,77.43337371780542,11.87021178879516,209.42000198364258,183.39720123291016,0.23591305629511106,12.959493696327714
2020-05-26,230.1787109375,232.1999969482422,240.89999389648438,231.6699981689453,239.77000427246094,33178300,73.7496119699942,12.152690108784952,211.65500183105468,184.63560119628906,0.23839998372395832,12.834079340206705
2020-05-27,227.1453094482422,229.13999938964844,230.55999755859375,221.1300048828125,229.07000732421875,34697600,69.71655227330571,11.991410467535445,213.96650161743165,186.2982012939453,0.2527472243286377,11.475713146849426
2020-05-28,223.49737548828125,225.4600067138672,231.6300048828125,224.0,224.3000030517578,29377200,65.10546924921027,11.434836854613422,215.53000183105468,187.81900146484375,0.16102787929000706,10.746475392153823
2020-05-29,223.1305389404297,225.08999633789065,227.49000549316406,222.8800048828125,225.1999969482422,23241500,64.6425162250618,10.83894687883182,216.54900131225585,189.3816012573242,0.09955541476049845,10.632130883887598
2020-06-01,229.8911895751953,231.91000366210935,232.44000244140625,223.5,224.58999633789062,18223800,69.01586796473953,10.792606919352778,218.03100128173827,190.95720123291017,0.14653680112510847,10.602745657435445
2020-06-02,230.69412231445312,232.72000122070312,233.0,226.55999755859375,230.94000244140625,20919000,69.49841430624986,10.697923201707397,219.40400161743165,192.61700134277345,0.13378158164645493,10.639824891651456
2020-06-03,228.1564178466797,230.16000366210935,232.64999389648438,228.52999877929688,232.11000061035156,15380300,65.99990121945598,10.29761081766199,220.55850143432616,194.25820129394532,0.11150816400821184,10.48261309575615
2020-06-04,224.32009887695312,226.2899932861328,231.6300048828125,224.61000061035156,229.55999755859375,17041500,61.00069925715092,9.557905292276018,221.44950103759766,195.56440124511718,0.0854798866075892,10.153192198471709
2020-06-05,228.76113891601562,230.7700042724609,231.35000610351562,225.30999755859375,226.7100067138672,16750400,64.36564405034073,9.22682172238126,222.4250015258789,197.05560119628908,0.09235070658393707,10.059487895621544
2020-06-08,229.38563537597656,231.3999938964844,231.5500030517578,227.41000366210938,229.02999877929688,15466500,64.82525574714482,8.912532380107962,223.37750091552735,198.41680114746094,0.08971032373638077,9.956675864826527
2020-06-09,236.59234619140625,238.6699981689453,239.77000427246094,230.41000366210938,231.52000427246094,27462900,69.68453970566154,9.144670331627395,224.65200119018556,200.0544012451172,0.11957034604054528,10.21082183972944
2020-06-10,234.66920471191406,236.72999572753903,241.2100067138672,235.27999877929688,240.9600067138672,20720700,67.02368049342613,9.067573998242693,225.9835006713867,201.47000122070312,0.12674911399527966,9.946214153833235
2020-06-11,222.47630310058594,224.42999267578125,232.88999938964844,223.5500030517578,229.94000244140625,26708200,53.16305026424249,7.922639886781184,226.95,202.62260101318358,0.09424664064860955,8.667018447346566
2020-06-12,226.5902099609375,228.5800018310547,231.66000366210938,224.5,229.89999389648438,22091400,56.43650218774943,7.266380103728807,228.03850021362305,204.00220092773438,0.10526572472055196,7.256820820132027
2020-06-15,230.47605895996094,232.5,233.77000427246094,224.8000030517578,225.08999633789062,15340300,59.328071588365184,6.982115112207879,229.11949996948243,205.48840087890625,0.10252273623192432,6.081409673741197
2020-06-16,233.59860229492188,235.6499938964844,238.4600067138672,233.0,237.13999938964844,15236700,61.537389270139336,6.931113676266193,230.24249954223632,207.1178009033203,0.10535199210971968,4.954334770805978
2020-06-17,233.4796905517578,235.52999877929688,237.58999633789062,231.72999572753906,235.0,19578100,61.40056148663612,6.802595975781088,231.17499923706055,208.5174008178711,0.08599222370251036,3.9628106615393177
2020-06-18,233.8861083984375,235.94000244140625,236.13999938964844,232.14999389648438,234.99000549316406,15782500,61.71380799763567,6.657089853281178,231.4734992980957,209.85960083007814,0.025959912984362177,4.0900694115473435
2020-06-19,236.7113037109375,238.7899932861328,240.8300018310547,235.5500030517578,237.7899932861328,30081300,63.90648587738689,6.694574755138007,231.84349899291993,211.14980072021484,0.03198061245517869,4.404727153226876
2020-06-22,237.13755798339844,239.22000122070312,240.6999969482422,236.91000366210938,238.55999755859375,18917800,64.23926554222241,6.681954445046955,232.05899887084962,212.43040069580078,0.01834744153677348,4.660649011026641
2020-06-23,240.13125610351562,242.2400054931641,245.19000244140625,239.86000061035156,241.27999877929688,24017900,66.57043632775817,6.83683113044205,232.5609992980957,213.7794009399414,0.043238624792746316,5.187557287863129
2020-06-24,231.98281860351562,234.0200042724609,243.22000122070312,232.67999267578125,241.1999969482422,20834900,55.89078901444431,6.22453406429446,232.80499954223632,214.8964010620117,0.021297045019687433,5.132655998814651
2020-06-25,233.62838745117188,235.67999267578125,237.3000030517578,232.74000549316406,234.6199951171875,18704300,57.3778497886769,5.806300006873414,233.31599884033204,216.0706008911133,0.04532948486462307,4.864659098010401
2020-06-26,214.19898986816406,216.0800018310547,233.08999633789062,215.39999389648438,232.63999938964844,76343900,40.161395289845764,3.848923056814641,232.86549911499023,216.8672009277344,-0.040028409318158875,5.960337019525647
2020-06-29,218.71929931640625,220.63999938964844,220.75,207.11000061035156,209.75,58514300,44.34541591287376,2.6352637352966894,232.3019989013672,217.69520080566406,-0.04859645592900419,6.558184731587866
2020-06-30,225.0933380126953,227.07000732421875,227.5,218.47000122070312,220.58999633789062,33927100,49.687601394823226,2.167294657830439,232.01949920654297,218.67180084228517,-0.024278076086490463,6.660128183023893
2020-07-01,235.4821014404297,237.5500030517578,239.0,227.55999755859375,228.5,43399700,56.94206775742801,2.6119647587892985,232.38899917602538,220.00680084228514,0.032108095551204086,6.755843417777785
2020-07-02,231.3880615234375,233.4199981689453,240.0,232.61000061035156,239.0,30633600,53.6585203965197,2.60112795539834,232.74549942016603,221.02960083007812,0.031508264149342935,6.60346887716526
2020-07-06,238.18832397460938,240.27999877929688,240.39999389648438,232.27000427246094,233.75999450683594,26206200,57.991670516366305,3.1102316144745146,233.22099914550782,222.1326007080078,0.041209838067203464,6.7933958749433785
2020-07-07,238.76327514648438,240.8600006103516,247.64999389648438,238.82000732421875,239.41000366210938,27887800,58.34630200639985,3.5199257200517025,233.69399948120116,223.14840057373047,0.04088162041222465,6.986520931019352
2020-07-08,241.45960998535156,243.5800018310547,246.99000549316406,236.58999633789062,238.11000061035156,29791300,60.04958796314205,4.017778171143448,233.93949966430665,224.27000061035156,0.020572353876811,7.251805918073259
2020-07-09,242.37159729003906,244.5,246.52999877929688,239.24000549316406,245.0,22174900,60.635910728911966,4.43543703181615,234.3279998779297,225.50180053710938,0.032822221149379605,7.608526183918906
2020-07-10,242.93663024902344,245.07000732421875,245.49000549316406,239.32000732421875,243.69000244140625,22982700,61.01764549755632,4.7575870136846845,235.36000061035156,226.51940063476562,0.09196638293463177,7.5950933271151495
2020-07-13,236.91949462890625,239.0,250.14999389648438,238.4199981689453,247.00999450683594,24674900,54.91085301604483,4.4715490988157,235.88100051879883,227.20520050048827,0.04558578215712328,7.461747376563999
2020-07-14,237.6431121826172,239.72999572753903,240.3300018310547,232.02999877929688,236.75999450683594,23378100,55.48782184387858,4.254720772282525,236.24250030517578,227.95440032958984,0.031096755817372257,7.464462338374859
2020-07-15,238.18832397460938,240.27999877929688,244.82000732421875,238.0500030517578,241.5500030517578,19133600,55.94522877929248,4.080229070184146,236.4740005493164,228.65480041503906,0.01964780395812915,7.516733069915159
2020-07-16,238.83265686035156,240.92999267578125,241.75999450683594,236.3300018310547,238.0,18880700,56.513954251392434,3.948872075152167,236.74400024414064,229.33200012207033,0.02292698987165731,7.577775588862284
2020-07-17,239.923095703125,242.02999877929688,244.16000366210938,237.86000061035156,241.0,18152400,57.51356410788951,3.888705434024047,237.04850006103516,230.0032000732422,0.025811631240459265,7.665616808035488
2020-07-20,243.28359985351562,245.4199981689453,246.0500030517578,235.63999938964844,240.05999755859375,20872200,60.5251181351882,4.067677898023533,237.38000030517577,230.68640014648437,0.027765003011947842,7.88510679294056
2020-07-21,239.6455535888672,241.75,246.91000366210938,240.0800018310547,246.22000122070312,19364200,55.905109652754746,3.8687797990984905,237.50650024414062,231.27440002441406,0.010576033635927962,7.93630738361737
2020-07-22,237.7819061279297,239.8699951171875,241.89999389648438,238.1199951171875,240.25999450683594,15427900,53.64607500141832,3.518887397048502,237.38799972534179,231.80820007324218,-0.00978372821265261,7.879399227269486
2020-07-23,230.5751953125,232.6000061035156,242.4199981689453,231.75,239.6300048828125,21771800,45.91887597530357,2.62471174880136,237.31699981689454,232.2582000732422,-0.006067849512950474,7.917649775171641
2020-07-24,228.70164489746094,230.7100067138672,233.49000549316406,226.89999389648438,230.19000244140625,18325800,44.13888383232092,1.7434663551451592,237.06850051879883,232.7704000854492,-0.02108785690922499,8.048641299994433
2020-07-27,231.4673614501953,233.5,234.9499969482422,230.8300018310547,231.4600067138672,13163100,47.38147140386613,1.2557269344490862,237.9395004272461,233.30420013427735,0.08061828036527596,6.4395006782582715
2020-07-28,228.1167755126953,230.1199951171875,234.9600067138672,229.8300018310547,234.6300048828125,14170100,44.0457843056991,0.5896546120902144,238.41350021362305,233.68899993896486,0.042965898086309684,5.35701518382538
2020-07-29,231.25917053222656,233.2899932861328,233.6999969482422,230.30999755859375,231.13999938964844,13588300,47.76031282007047,0.31396071360993005,238.72449951171876,234.09099975585937,0.02739237134489958,4.817160677972784
2020-07-30,232.45864868164062,234.5,234.88999938964844,229.0,230.22000122070312,20615300,49.14800248262498,0.19090807273178712,238.57199935913087,234.44339965820313,-0.012839414912965808,4.903798373173269
2020-07-31,251.46177673339844,253.6699981689453,255.85000610351562,249.0,255.82000732421875,53005100,65.00740722782757,1.6215543411022963,239.58449935913086,234.91739959716796,0.08675349224081219,5.793830012256234
2020-08-03,249.76666259765625,251.9600067138672,255.39999389648438,250.3300018310547,252.64999389648438,23124900,63.116465741833814,2.58754222057604,240.1684997558594,235.32879974365235,0.04860998832157759,6.422203227388106
2020-08-04,247.6551971435547,249.8300018310547,252.8000030517578,247.42999267578125,251.55999755859375,17183500,60.74615449215798,3.1449677512148355,240.61699981689452,235.62719970703125,0.037241556082257876,6.776478647754133
2020-08-05,246.9513702392578,249.1199951171875,252.27000427246094,247.77000427246094,250.19000244140625,13050100,59.93811547924322,3.4892183550112463,240.89399948120118,235.96559967041014,0.022744039923176196,7.0130688765079965
2020-08-06,262.9706726074219,265.2799987792969,266.6000061035156,248.6699981689453,249.0399932861328,45241600,69.78843716530277,5.008284295646661,241.93299942016603,236.68839965820314,0.08498977005847386,8.869115160363608
2020-08-07,266.1032409667969,268.44000244140625,278.8900146484375,263.42999267578125,264.0799865722656,72766400,71.27573771032846,6.393441272943562,243.10149917602538,237.5479995727539,0.09536048646813744,10.662367239420636
2020-08-10,260.7105407714844,263.0,273.8599853515625,259.69000244140625,268.0400085449219,30248800,65.31456410060427,6.97185818264586,244.3014991760254,238.3061996459961,0.10041841004184104,11.494537529599226
2020-08-11,253.90036010742188,256.1300048828125,265.9200134277344,255.1300048828125,260.19000244140625,28238300,58.64409530090341,6.797548650327599,245.12149963378906,238.79059967041016,0.06841033432425614,11.733735340617057
2020-08-12,257.6276550292969,259.8900146484375,263.8999938964844,258.1099853515625,258.9700012207031,21415700,60.992187514990896,6.8834602100104405,246.10200042724608,239.33399993896484,0.08161318448795618,12.12082076629374
2020-08-13,259.02532958984375,261.29998779296875,265.1600036621094,259.57000732421875,261.54998779296875,17374000,61.8665475528817,6.984802335707343,247.12050018310546,239.95679962158204,0.08454736121043815,12.51284381336883
2020-08-14,258.9658508300781,261.239990234375,262.6499938964844,258.67999267578125,262.30999755859375,14792700,61.80306474364658,6.979816419989959,248.08099975585938,240.65579956054688,0.07937029108773985,12.834676613804817
2020-08-17,258.8866271972656,261.1600036621094,264.1000061035156,259.3999938964844,262.5,13351100,61.71214899552949,6.8899873130791605,248.86800003051758,241.26359954833984,0.06413497518783595,13.141820704040756
2020-08-18,260.0563049316406,262.3399963378906,265.1499938964844,259.260009765625,260.95001220703125,18690400,62.5865364716967,6.83522047908798,249.89749984741212,241.88239959716796,0.08517061566862716,13.359548013819953
2020-08-19,260.3040466308594,262.5899963378906,267.9100036621094,261.3500061035156,261.3900146484375,23291500,62.7804728002944,6.7343607603873465,251.03349990844725,242.36079956054687,0.09471797925206671,13.427802329907593
2020-08-20,266.6682434082031,269.010009765625,269.6300048828125,261.4599914550781,261.5,20299700,67.44708536075416,7.090732584582042,252.85400009155273,243.0063998413086,0.15653483536842905,13.264294032170099
2020-08-21,264.6856384277344,267.010009765625,270.489990234375,266.4200134277344,268.69000244140625,15538600,64.7245190376474,7.1295910498675426,254.66900024414062,243.85800018310547,0.15734039268083433,12.538446313909441
2020-08-24,269.0274963378906,271.3900146484375,277.25,268.7699890136719,271.07000732421875,23685600,67.7908809395461,7.428188914462396,256.5635009765625,244.71420043945312,0.1622698700147216,12.023492736783796
2020-08-25,278.3753967285156,280.82000732421875,283.0899963378906,270.260009765625,272.4100036621094,42127200,73.19357949465982,8.329731512831643,259.09850158691404,245.6806005859375,0.2203198908517816,11.48756240555257
2020-08-26,301.264404296875,303.9100036621094,304.6700134277344,284.0,284.0,69015200,81.41427534852136,10.78307962098313,262.6295021057129,247.04580078125,0.3027134142413057,13.764848508269298
2020-08-27,290.66748046875,293.2200012207031,301.2300109863281,292.0199890136719,300.1600036621094,30301300,70.61692527304609,11.729570626391478,265.56550216674805,248.1996008300781,0.25040512247634594,13.711420239842038
2020-08-28,291.1036376953125,293.6600036621094,297.2300109863281,290.9800109863281,295.0,17157400,70.78864897000177,12.372552997733692,267.56500244140625,249.3540008544922,0.1576457830323732,14.7610722524901
2020-08-31,290.6476745605469,293.20001220703125,296.8800048828125,291.54998779296875,293.95001220703125,17345100,70.32591885313914,12.698621884873262,269.62700271606445,250.44220123291015,0.16367679153143277,15.335711261789939
2020-09-01,292.8681640625,295.44000244140625,301.489990234375,292.7099914550781,294.7099914550781,17295900,71.30944111651183,12.988064001643579,271.90750274658205,251.5666012573242,0.182564144722678,15.625338499390997
2020-09-02,299.8667297363281,302.5,303.6000061035156,293.04998779296875,298.8800048828125,24341400,74.21071858808594,13.63001345391109,274.57650299072264,252.77180114746093,0.21427426914368009,16.080442517095612
2020-09-03,288.58575439453125,291.1199951171875,297.6000061035156,283.6300048828125,295.989990234375,32294100,63.12911654266079,13.0698308580113,275.8685028076172,253.91380096435546,0.0974065005156628,16.330321926138314
2020-09-04,280.268798828125,282.7300109863281,289.0,271.1400146484375,287.25,30333700,56.43783046365765,11.812710935023972,276.58300323486327,254.8548013305664,0.053233528590959533,16.300785143505713
2020-09-08,268.79949951171875,271.1600036621094,279.29998779296875,269.4200134277344,271.2799987792969,24864000,48.76210383042205,9.770206582774051,276.9910034179687,255.9564013671875,0.031026629893952107,16.04299813510965
2020-09-09,271.3372802734375,273.7200012207031,278.4800109863281,271.3500061035156,275.7699890136719,22918800,50.37045214329987,8.262828829044054,277.8705032348633,257.01800140380857,0.068676047329709,15.304326514234784
2020-09-10,265.7562561035156,268.0899963378906,279.1600036621094,267.0299987792969,275.510009765625,24814700,46.88486913036245,6.538554372318515,278.28050231933594,257.83840118408204,0.031551738147945096,14.901826365286247
2020-09-11,264.2890930175781,266.6099853515625,271.3900146484375,262.6400146484375,270.05999755859375,18913900,45.98402955374179,4.995050096802913,278.54600219726564,258.41960083007814,0.020321461181241673,14.628158571044763
2020-09-14,263.8331298828125,266.1499938964844,276.6400146484375,265.70001220703125,270.95001220703125,24093800,45.69019203944579,3.6921337523693296,278.79150238037107,259.0742007446289,0.018794992518964326,14.36119589901571
2020-09-15,270.0485534667969,272.4200134277344,274.5199890136719,269.29998779296875,270.6700134277344,18478500,50.347599931381446,3.1294272485125703,279.35450286865233,259.71700103759764,0.043115368386168695,13.845048019862409
2020-09-16,261.22601318359375,263.5199890136719,272.44000244140625,261.7900085449219,267.2900085449219,29183400,44.51242060437982,1.942923883417393,279.4135025024414,260.1702008056641,0.004497951864958605,13.771042303127691
2020-09-17,252.60177612304688,254.82000732421875,261.5,250.19000244140625,258.2799987792969,31281400,39.67211668672765,0.29717001378912755,279.02500305175784,260.39500091552736,-0.02958981348121792,14.36732683103368
2020-09-18,250.33169555664062,252.52999877929688,259.20001220703125,250.0500030517578,258.3999938964844,28130800,38.48581392147615,-1.1783035858141488,278.2010025024414,260.5556008911133,-0.061261701751122,15.406914284956637
2020-09-21,245.9898223876953,248.1499938964844,249.9499969482422,244.1300048828125,247.5399932861328,24709400,36.2528849042565,-2.6702755580831194,277.25800170898435,260.6172006225586,-0.07063411549887388,16.654582011798336
2020-09-22,252.5323944091797,254.75,255.32000732421875,248.22000122070312,253.30999755859375,30293100,41.738326815028195,-3.282272763904132,276.4260009765625,260.9322006225586,-0.061314026862754,17.36369367414375
2020-09-23,246.85226440429688,249.0200042724609,257.989990234375,248.14999389648438,255.25999450683594,19641300,38.630372506888584,-4.181446612668481,274.8360008239746,261.11800079345704,-0.11323980564904468,18.367131191683676
2020-09-24,247.35781860351562,249.52999877929688,252.24000549316406,245.6199951171875,246.5,20006800,39.06528338385001,-4.797592412577615,272.117000579834,261.30300079345704,-0.17893456690314413,17.854551989159614
2020-09-25,252.60177612304688,254.82000732421875,255.75,246.61000061035156,249.39999389648438,18351300,43.5352068028415,-4.803659324449086,270.19700088500974,261.58080108642577,-0.13095966761005895,17.5274774823812
2020-09-28,254.5843963623047,256.82000732421875,259.6000061035156,254.82000732421875,259.3999938964844,18826300,45.17274007992568,-4.594125887032703,268.35500106811526,261.87660125732424,-0.1254511880353969,16.854811997438084
2020-09-29,259.5111389160156,261.7900085449219,263.3299865722656,256.8999938964844,257.80999755859375,20200200,49.12147590679324,-3.981139468179947,266.7845008850098,262.20400146484377,-0.10712824813912514,15.851455509701196
2020-09-30,259.6200866699219,261.8999938964844,266.0799865722656,260.1000061035156,261.9800109863281,20142500,49.20865538869473,-3.4467365824222043,265.10750045776365,262.60700134277346,-0.11352561693663599,14.364756257036497
2020-10-01,264.3089599609375,266.6300048828125,268.3299865722656,264.79998779296875,265.3500061035156,20009800,52.94301281104184,-2.611442999714882,263.3140007019043,263.14220153808594,-0.11857849625516526,11.379493084584661
2020-10-02,257.6771545410156,259.94000244140625,265.1499938964844,259.17999267578125,261.2099914550781,16367600,47.611098243264394,-2.4609260798174546,261.75500106811523,263.6890014648437,-0.1071035765277134,9.318813274503164
2020-10-05,262.3462219238281,264.6499938964844,264.8699951171875,260.8399963378906,262.20001220703125,12822300,51.32761173243661,-1.9392291623437927,260.851000213623,264.3678012084961,-0.06394799415445873,7.953982542907906
2020-10-06,256.4082946777344,258.6600036621094,265.69000244140625,258.239990234375,261.7799987792969,18696900,46.782252367991134,-1.9862267623661864,260.226000213623,264.8710012817383,-0.04609824395627371,7.583789295015445
2020-10-07,255.873046875,258.1199951171875,260.17999267578125,254.82000732421875,259.2099914550781,23133400,46.38346667092635,-2.043490785769393,259.4459999084473,265.4310012817383,-0.056992569172675034,6.89371386469803
2020-10-08,261.4638977050781,263.760009765625,264.6199951171875,259.1499938964844,259.75,16312800,51.07439634488693,-1.6151524186370239,259.229500579834,266.04040161132815,-0.016151242610366823,6.6723983445868535
2020-10-09,262.1479187011719,264.45001220703125,264.75,262.1700134277344,264.5199890136719,14107800,51.631933731778915,-1.2061104556873943,259.1215019226074,266.63940185546875,-0.008101621331560449,6.563238953655315
2020-10-12,273.3495788574219,275.75,280.17999267578125,267.8699951171875,270.20001220703125,31019300,59.72612170843555,0.029532392851137956,259.6015022277832,267.08100189208983,0.036069909162761205,7.401796541226059
2020-10-13,273.7362060546875,276.1400146484375,279.1000061035156,273.3900146484375,277.5799865722656,18063300,59.97508345620784,1.028404369868042,259.78750228881836,267.5646020507813,0.013655388875053909,7.778044308271226
2020-10-14,269.4538269042969,271.82000732421875,278.75,271.5,277.6199951171875,15577800,55.85629449814486,1.454660697851125,260.2025032043457,268.00440216064453,0.03149673139260889,8.197774720666382
2020-10-15,264.3981018066406,266.7200012207031,269.0400085449219,263.6700134277344,267.6000061035156,15416100,51.37103199719659,1.3652067847613694,260.7975028991699,268.35640228271484,0.046699605817621226,8.21837710577551
2020-10-16,263.6150817871094,265.92999267578125,271.3699951171875,265.29998779296875,267.3800048828125,16622700,50.69198348035,1.2165432733752368,261.46750259399414,268.36940216064454,0.05306297850258779,8.053458093186737
2020-10-19,259.1244812011719,261.3999938964844,268.54998779296875,259.8800048828125,265.5299987792969,13587000,46.866421128182964,0.724837847321055,262.13000259399416,268.2286019897461,0.05339512523029599,7.420370087350174
2020-10-20,265.2308349609375,267.5599975585937,269.70001220703125,262.8800048828125,263.05999755859375,18763200,52.1541353601579,0.8227345965657378,262.7705024719238,268.31980194091796,0.05028458315444051,7.301735761869978
2020-10-21,276.30364990234375,278.7300109863281,283.04998779296875,276.3699951171875,279.55999755859375,28998600,59.939405775983744,1.7811136382539985,264.25600280761716,268.7718020629883,0.11930771104381055,7.378799802308013
2020-10-22,275.69891357421875,278.1199951171875,282.45001220703125,275.0400085449219,279.8699951171875,16720000,59.37123680511422,2.4630205829130887,265.68550262451174,269.13640167236326,0.11457538763977548,7.141327967011461
2020-10-23,282.31085205078125,284.7900085449219,285.239990234375,276.82000732421875,278.79998779296875,17535200,63.45079618018109,3.501290393244062,267.1840026855469,269.6062020874023,0.11761243371510854,7.850530814101047
2020-10-26,274.69775390625,277.1099853515625,285.2300109863281,274.260009765625,283.1600036621094,21322900,56.42534261013029,3.662197478298083,268.19850158691406,269.9236019897461,0.07900466259908234,7.75111000138816
2020-10-27,280.82391357421875,283.2900085449219,284.510009765625,276.30999755859375,278.760009765625,16287200,60.2403236929158,4.2395231418044546,269.27350158691405,270.36620208740237,0.08212689292269415,8.287869124948193
2020-10-28,265.33990478515625,267.6700134277344,278.7900085449219,267.260009765625,278.7900085449219,23121800,48.64738843309744,3.397490667775287,269.56200256347654,270.4728024291992,0.02203138474883115,8.11634030945688
2020-10-29,278.38531494140625,280.8299865722656,283.6000061035156,273.7799987792969,276.54998779296875,32368100,56.28107584934867,3.748859200589436,270.2720016479492,270.83760223388674,0.05325725323259922,8.460165170663515
2020-10-30,260.8196105957031,263.1099853515625,276.70001220703125,259.1000061035156,274.5,47247800,46.300587967521864,2.567864544013503,270.43050079345704,270.7196017456055,0.012195056091340861,8.284275942144932
2020-11-02,259.08477783203125,261.3599853515625,270.4700012207031,257.3399963378906,264.6000061035156,27165700,45.44351018807258,1.473719276963834,270.26600036621096,270.6066012573242,-0.012431545893814455,8.43636898824569
2020-11-03,262.99053955078125,265.29998779296875,270.04998779296875,260.8800048828125,263.1600036621094,17961900,47.78696092005035,0.9139906240089886,270.5979995727539,270.4848007202148,0.02567070299563312,8.078665094034713
2020-11-04,284.8782958984375,287.3800048828125,288.94000244140625,278.6199951171875,281.0,35364400,58.535971681738005,2.2264098161942343,272.06100006103514,270.6160006713867,0.11335816798051934,8.345056723938953
2020-11-05,292.1147766113281,294.67999267578125,297.3800048828125,288.95001220703125,291.8999938964844,23823600,61.367675205219584,3.8116214879585755,273.606999206543,270.4314004516602,0.11722771369940244,9.509191073716828
2020-11-06,290.8558654785156,293.4100036621094,294.6000061035156,288.05999755859375,293.95001220703125,13891000,60.592398127425646,4.908849497646713,275.05499877929685,270.4352005004883,0.10951026703831679,10.219805595938446
2020-11-09,276.3432312011719,278.7699890136719,292.5799865722656,278.5299987792969,289.8699951171875,25117700,52.37772749827948,4.544695350972631,275.2059982299805,270.13740020751953,0.010951909387749259,10.252871769769293
2020-11-10,270.0584716796875,272.42999267578125,274.0,264.0,273.1000061035156,29067700,49.26296633040364,3.701843301969234,275.02049713134767,269.72199981689454,-0.013435292879880545,10.2686334304097
2020-11-11,274.0732727050781,276.4800109863281,278.3999938964844,272.4800109863281,273.4700012207031,14957000,51.25704645260822,3.3223812678139666,275.2534973144531,269.34279998779294,0.01714371104607859,10.245032382921847
2020-11-12,272.6853942871094,275.0799865722656,279.75,274.42999267578125,277.17999267578125,12899500,50.517907331348006,2.875537199273481,275.67149658203124,268.7943997192383,0.03134367618964151,10.047173377456975
2020-11-13,274.53912353515625,276.95001220703125,277.760009765625,273.1000061035156,277.7200012207031,10391200,51.52345101227028,2.6418518720020074,276.2224975585938,268.51100006103513,0.041439551140384,9.783535651344257
2020-11-16,276.5316162109375,278.9599914550781,279.4100036621094,274.6300048828125,275.04998779296875,12970400,52.63752984910991,2.588998728006743,277.1004974365234,268.43559967041017,0.06717673285618964,9.150793492451951
2020-11-17,272.6061096191406,275.0,277.67999267578125,273.2900085449219,277.67999267578125,15040300,50.19021070880809,2.202188556346016,277.4724975585938,268.512399597168,0.027806856440776517,8.890049668419003
2020-11-18,269.60247802734375,271.9700012207031,277.3900146484375,271.8399963378906,274.5199890136719,12152900,48.33830277665266,1.6323266838320478,277.1344970703125,268.47739959716796,-0.024252895272036556,8.967889848489493
2020-11-19,270.56402587890625,272.94000244140625,273.4700012207031,269.19000244140625,271.0199890136719,12963700,48.98722674847194,1.2446307080571728,276.87549743652346,268.5743997192383,-0.018625027925801008,9.012619459588308
2020-11-20,267.35223388671875,269.70001220703125,273.0,269.4100036621094,272.55999755859375,18114700,46.86949230171013,0.6682357145164133,276.1209976196289,268.63620025634765,-0.05298639659091264,8.946571185783267
2020-11-23,266.0932312011719,268.42999267578125,270.95001220703125,264.5299987792969,270.8900146484375,20990800,46.0294981377984,0.10771687418372267,275.68699798583987,268.6818002319336,-0.031323276441190484,9.105197851352617
2020-11-24,274.5093688964844,276.9200134277344,277.82000732421875,267.8699951171875,268.489990234375,16930400,52.1971876488272,0.34460300656678555,275.36849822998045,268.7718002319336,-0.022485774030316374,8.935068833010378
2020-11-25,273.19091796875,275.5899963378906,280.17999267578125,272.6499938964844,278.1400146484375,12467000,51.20987898353192,0.42017222555091394,275.7644973754883,269.013200378418,0.02958860728825896,8.74949542201863
2020-11-27,275.3916015625,277.8099975585937,279.1300048828125,274.82000732421875,277.3900146484375,7808400,52.81422347091547,0.6516847056025767,275.6134979248047,269.47300018310546,-0.010753798234059975,8.683282808067872
2020-11-30,274.5589599609375,276.9700012207031,277.70001220703125,271.010009765625,276.0299987792969,16693300,52.115918727685255,0.7586342660893592,276.3064987182617,269.9618002319336,0.0526776505673896,8.17082704923204
2020-12-01,284.0555419921875,286.54998779296875,289.29998779296875,278.9599914550781,279.1600036621094,20738900,58.805587272734655,1.5979967051005701,277.56599884033204,270.7298001098633,0.09638048612346872,7.6718551731350155
2020-12-02,285.0170593261719,287.5199890136719,291.7799987792969,280.8299865722656,285.3599853515625,17361600,59.42371438585264,2.3147850757198967,278.6769989013672,271.38519989013673,0.08375424893740613,7.406364065692811
2020-12-03,279.3965148925781,281.8500061035156,286.6499938964844,281.07000732421875,286.25,12921700,54.29516235110648,2.397685759859712,278.40049896240237,272.0417999267578,-0.01924280981744675,7.1636030410496785
2020-12-04,277.2651672363281,279.70001220703125,283.4599914550781,279.29998779296875,280.29998779296875,10880300,52.446771166779406,2.2638028994535375,277.65149993896483,272.6452001953125,-0.05083473883899403,6.071823581237638
2020-12-07,283.0939636230469,285.5799865722656,288.489990234375,278.20001220703125,279.19000244140625,13007700,56.78026099455432,2.602168380983585,277.25999908447267,273.2603997802734,-0.026686264926606862,5.190775181702014
2020-12-08,280.9329528808594,283.3999938964844,286.42999267578125,281.54998779296875,286.010009765625,10747700,54.78684318873282,2.6637126515674936,277.49149932861326,273.79199951171876,0.01660869198723325,5.362081352555302
2020-12-09,275.50067138671875,277.9200134277344,287.6300048828125,271.75,283.6600036621094,25189700,50.031787299815484,2.2444259583461985,277.76600036621096,274.114599609375,0.02015204235785739,5.228183595921779
2020-12-10,274.7076416015625,277.1199951171875,278.7300109863281,271.8599853515625,275.5400085449219,20065100,49.35827593245349,1.8265283595867459,277.7979995727539,274.41899963378904,0.0023147573257693566,5.221853097436082
2020-12-11,271.168701171875,273.54998779296875,276.4800109863281,270.25,274.5299987792969,14391400,46.359191910998724,1.1935136639305597,277.72149963378905,274.55739929199217,-0.005562014155816919,5.274707326627558
2020-12-14,271.80316162109375,274.19000244140625,277.2200012207031,271.55999755859375,273.3699951171875,16376900,46.981154706274864,0.7350159835746695,277.5834991455078,274.8423992919922,-0.009965732601455057,5.331750019433406
2020-12-15,273.15130615234375,275.54998779296875,276.0799865722656,267.4700012207031,274.8299865722656,23979500,48.35157929129843,0.47590676366462503,277.41299896240236,275.0603991699219,-0.012223988265566366,5.339932180816395
2020-12-16,273.2702331542969,275.6700134277344,277.8599853515625,272.510009765625,274.760009765625,15885000,48.47815220299029,0.2770522201988683,277.4464996337891,275.40059936523437,0.0024364124644886687,5.326080947368397
2020-12-17,272.09063720703125,274.4800109863281,280.44000244140625,273.6099853515625,277.07000732421875,16377800,47.242003947454975,0.023168241015810054,277.57200012207034,275.72779968261716,0.00922899494193885,5.2187346695711705
2020-12-18,273.99395751953125,276.3999938964844,278.0,271.1400146484375,275.7699890136719,26693200,49.48030952800483,-0.022846704155199404,277.74499969482423,275.98059936523435,0.01267674735886648,5.1133893307666884
2020-12-21,270.4153747558594,272.7900085449219,274.6700134277344,267.7900085449219,272.9800109863281,16553700,45.56592042457069,-0.3466139775146644,277.8994995117188,276.1473992919922,0.011457160541463507,4.899736664569631
2020-12-22,264.76495361328125,267.0899963378906,271.5,264.6300048828125,271.5,17312900,40.16317336741969,-1.0510296073171048,277.8324996948242,275.97419921875,-0.004991976956573274,5.04310361781463
2020-12-23,265.7760009765625,268.1099853515625,272.1700134277344,266.2300109863281,266.8900146484375,14329000,41.499878596704455,-1.5095780044213711,277.3919982910156,275.8135986328125,-0.03181434222510959,5.4918063950447635
2020-12-24,265.07220458984375,267.3999938964844,270.3999938964844,266.20001220703125,268.8800048828125,6702000,40.81637030638272,-1.9082738959546646,276.9824981689453,275.72519836425784,-0.029718068689854715,5.921761588520175
2020-12-28,274.58868408203125,277.0,277.29998779296875,265.6600036621094,268.739990234375,23299700,52.26464810673622,-1.4330833081751848,276.94199829101564,275.93079833984376,-0.0029156530208127585,5.918573317537018
2020-12-29,274.37060546875,276.7799987792969,280.510009765625,276.2799987792969,276.95001220703125,16383000,52.016325364139924,-1.0620015113307772,276.9324981689453,276.1477984619141,-0.0006860036847631257,5.9186784923374525
2020-12-30,269.5033264160156,271.8699951171875,278.0799865722656,271.7099914550781,277.95001220703125,11803800,46.68508759297824,-1.1508465323038308,276.19849853515626,276.3571984863281,-0.051230128428368604,5.562761847416137
2020-12-31,270.7820739746094,273.1600036621094,277.0899963378906,269.80999755859375,272.0,12900400,48.18759825441828,-1.1044327299692327,275.4804992675781,276.4691986083984,-0.0499443026581351,4.913396903653771
2021-01-04,266.59881591796875,268.94000244140625,275.0,265.20001220703125,274.7799987792969,15106100,43.83549263200383,-1.3921207858604134,274.83499908447266,276.2733984375,-0.045804517944086465,4.880476600951003
2021-01-05,268.61114501953125,270.9700012207031,272.3999938964844,268.2099914550781,268.2900085449219,9871600,46.34584888235792,-1.439715561946798,274.39849853515625,276.1303985595703,-0.031212050787706946,4.812380887982558
2021-01-06,261.0178527832031,263.3099975585937,267.75,260.010009765625,262.0,24354100,39.22191220172026,-2.071652324667639,273.28499908447264,275.70079833984374,-0.07798161657254843,4.663140714036107
2021-01-07,266.4006042480469,268.739990234375,271.6099853515625,264.7799987792969,265.8999938964844,15789800,45.60489900876214,-2.10998909255278,272.5519989013672,275.5333984375,-0.05172901897614057,4.108725920403436
2021-01-08,265.2408142089844,267.57000732421875,268.95001220703125,263.17999267578125,268.30999755859375,18528300,44.519981184357675,-2.209311532104266,272.0344985961914,275.21899841308596,-0.03724095280459849,4.048388073589494
2021-01-11,254.6041717529297,256.8399963378906,263.4700012207031,255.89999389648438,260.4800109863281,30412300,36.0497867770989,-3.117906211208094,271.02049865722654,275.00239807128906,-0.07318129018702146,5.108538674463393
2021-01-12,248.90423583984375,251.08999633789065,259.7200012207031,250.3000030517578,256.6300048828125,26383500,32.48322383770312,-4.252925903255743,269.89749908447266,274.40759826660155,-0.08210562038875513,6.733460152912607
2021-01-13,249.44944763183594,251.63999938964844,253.9499969482422,249.1999969482422,251.5500030517578,19528900,33.16436512813871,-5.049845066363616,268.76999893188474,274.1781985473633,-0.08224225117973327,7.783030816569957
2021-01-14,243.5016632080078,245.63999938964844,255.02999877929688,244.61000061035156,253.39999389648438,29739400,29.650186923895262,-6.095296318754549,267.2744995117188,273.863798828125,-0.10854650600018478,9.16295190511901
2021-01-15,249.171875,251.3600006103516,253.86000061035156,247.16000366210938,247.89999389648438,24942900,36.55252160933649,-6.3886235978222885,266.0589988708496,273.58499908447266,-0.08818519110986134,9.592957531723302
2021-01-19,258.8271179199219,261.1000061035156,262.20001220703125,252.72000122070312,256.8999938964844,28028500,46.22733110251503,-5.768653095097989,265.389998626709,273.05939910888674,-0.04874673691075804,9.440112587385354
2021-01-20,265.1515808105469,267.4800109863281,270.32000732421875,263.6000061035156,268.92999267578125,25199900,51.4496882723791,-4.708235324874806,264.94399948120116,272.51539947509764,-0.03227200834706567,9.097045901814631
2021-01-21,270.4945983886719,272.8699951171875,273.6000061035156,267.489990234375,269.260009765625,20838700,55.39131553647115,-3.3937983340630353,264.94799880981446,272.1045993041992,0.0002932166492910504,9.100693632777393
2021-01-22,272.11041259765625,274.5,278.4700012207031,272.0,272.010009765625,21954000,56.54040877665396,-2.1952641388258485,265.3184989929199,272.0191995239258,0.027743471353135707,9.34017083403224
2021-01-25,275.58990478515625,278.010009765625,280.1000061035156,271.510009765625,278.1400146484375,19087000,58.99019219478239,-0.9512235870223549,265.81350021362306,272.1307998657227,0.03692523574264106,9.749274084724343
2021-01-26,279.5946960449219,282.04998779296875,285.3900146484375,277.80999755859375,278.1400146484375,19373600,61.66845816834962,0.3565696632900881,266.54599990844724,272.2421994018555,0.05478681462556678,10.403172615911624
2021-01-27,269.7709655761719,272.1400146484375,283.45001220703125,268.1199951171875,282.5299987792969,35346200,52.59471943010582,0.5865913645319552,266.30300064086913,272.1833999633789,-0.01754507347134482,10.200928541762597
2021-01-28,262.69317626953125,265.0,286.7900085449219,264.70001220703125,277.17999267578125,37758800,47.2054863704158,0.19054917714487374,265.7140007019043,271.9443997192383,-0.04256087445354095,9.899792186240603
2021-01-29,256.0812072753906,258.3299865722656,266.55999755859375,254.85000610351562,265.29998779296875,30389500,42.79404556418064,-0.6539926297400029,265.0370002746582,271.531799621582,-0.04980324709641293,9.919604796722746
2021-02-01,259.7292175292969,262.010009765625,264.1700134277344,254.91000366210938,259.5199890136719,22914300,45.803368564683694,-1.014654672361985,264.479500579834,271.27199981689455,-0.04081854498097237,9.750940565846594
2021-02-02,264.7550354003906,267.0799865722656,268.8500061035156,263.2699890136719,264.0,17320800,49.72711955349705,-0.8812190383040388,264.38649978637693,271.1741995239258,-0.006916099696049782,9.71496258909516
2021-02-03,264.3287658691406,266.6499938964844,269.20001220703125,263.8399963378906,265.6199951171875,14223400,49.40045660618177,-0.8009344781978598,264.17049942016604,271.0483993530273,-0.01594275124462996,9.608322202323254
2021-02-04,264.170166015625,266.489990234375,268.1600036621094,264.0,267.010009765625,16060000,49.27075381339774,-0.7416698360242435,264.3294990539551,270.98419891357423,0.012076991778763313,9.619637841530844
2021-02-05,265.7662048339844,268.1000061035156,269.1700134277344,265.6700134277344,266.79998779296875,12454400,50.674142356948884,-0.5583510318140839,264.2974998474121,270.9775991821289,-0.0023814249985691927,9.605248082540655
2021-02-08,264.2593994140625,266.5799865722656,269.8599853515625,265.0,268.75,13755200,49.28782436018279,-0.5296173326401572,264.2479988098145,270.7707986450195,-0.0037000438197600793,9.59003445804901
2021-02-09,267.1044616699219,269.45001220703125,273.3900146484375,265.75,266.44000244140625,14613400,51.96020834288716,-0.27212173612491597,264.8784996032715,270.64799896240237,0.049096776393624086,9.491376349016088
2021-02-10,269.5033264160156,271.8699951171875,273.79998779296875,267.7200012207031,272.45001220703125,14687200,54.15401876827481,0.12576800025840384,265.9174995422363,270.5291989135742,0.08275916636413228,9.028627116982992
2021-02-11,268.0362243652344,270.3900146484375,273.5799865722656,268.489990234375,271.8900146484375,12828600,52.57281591777652,0.3180105996298721,266.8550003051758,270.3975991821289,0.07451126730355728,8.421102165302246
2021-02-12,268.1452941894531,270.5,271.17999267578125,268.3399963378906,270.5199890136719,9097600,52.68338510344817,0.4737777286110827,268.09800033569337,270.0765994262695,0.10120501820600158,6.8043834528804
2021-02-16,271.58502197265625,273.9700012207031,276.6000061035156,270.04998779296875,270.79998779296875,15417200,56.15629474779091,0.8672275398221245,269.22850036621094,269.8055996704102,0.08995067057387818,5.6589575128418454
2021-02-17,271.1885681152344,273.57000732421875,273.9700012207031,269.5799865722656,271.239990234375,12763200,55.64924853671267,1.1336946589735817,269.8520004272461,269.6399996948242,0.04775948268557029,5.397140664406332
2021-02-18,267.044921875,269.3900146484375,271.95001220703125,266.0299987792969,269.57000732421875,15249100,50.51607940615869,0.9960988874889267,269.94750061035154,269.43379974365234,0.007140734199412746,5.3697893270882755
2021-02-19,259.2830505371094,261.5599975585937,270.2699890136719,260.1499938964844,269.8599853515625,25622600,42.590809882909554,0.25232763044090234,269.3820007324219,268.9533999633789,-0.04144830051298454,5.6348144413986505
2021-02-22,258.0638122558594,260.3299865722656,263.07000732421875,257.5299987792969,257.95001220703125,17434900,41.489638248765566,-0.4313952009754871,268.67350006103516,268.4919998168945,-0.05162117824311252,5.844372560157551
2021-02-23,263.5456237792969,265.8599853515625,267.4599914550781,254.9600067138672,259.5,21924600,47.99917494621515,-0.5210197936116856,268.06599884033204,268.2507992553711,-0.04370355018621641,5.440304842029237
2021-02-24,262.0091857910156,264.3099975585937,266.3800048828125,258.3900146484375,262.3299865722656,15736100,46.439643627972735,-0.7089466939069098,267.17899932861326,267.9945993041992,-0.0628966176286333,4.383951922008104
2021-02-25,252.472900390625,254.69000244140625,266.94000244140625,254.0399932861328,262.29998779296875,19053100,38.15391519013689,-1.6155107226442738,266.3064987182617,267.61739959716795,-0.06412144950302123,5.033048038394492
2021-02-26,255.3773956298828,257.6199951171875,265.54998779296875,256.4700012207031,256.4700012207031,26619500,41.57316286614109,-2.073639697260603,265.93749847412107,267.2859994506836,-0.027849075029481085,5.391636119642711
2021-03-01,262.60394287109375,264.9100036621094,266.6499938964844,257.8999938964844,260.82000732421875,22157300,49.11163044272716,-1.8274022897751934,266.2664993286133,267.0731997680664,0.025471363882888065,5.095621122683316
2021-03-02,256.7453918457031,259.0,266.7099914550781,258.6499938964844,265.7799987792969,15191700,44.13950014568061,-2.0851094302922206,266.11599884033205,266.7397994995117,-0.011488147984565655,5.269440392970143
2021-03-03,253.18663024902344,255.41000366210935,260.989990234375,255.10000610351562,260.2900085449219,15513500,41.39776213874541,-2.549636277534262,265.5324996948242,266.3583993530273,-0.04369471131075808,5.778602428009182
2021-03-04,255.39718627929688,257.6400146484375,266.489990234375,253.5,256.4700012207031,31626500,43.73568024653126,-2.7066335147542873,265.0820007324219,265.9831997680664,-0.03378953479948188,6.0325268120025255
2021-03-05,261.9793701171875,264.2799987792969,265.45001220703125,255.61000061035156,260.6700134277344,26820100,50.11702440868311,-2.269106878037576,264.971501159668,265.8129995727539,-0.008292962347795751,6.025615428697924
2021-03-08,253.08750915527344,255.30999755859372,265.5799865722656,255.0500030517578,265.54998779296875,18391800,43.01883078407453,-2.616012238637097,264.3320007324218,265.577399597168,-0.04770611060703811,6.3462822822649745
2021-03-09,263.42669677734375,265.739990234375,268.5299987792969,259.80999755859375,261.17999267578125,22039700,51.60231037508138,-2.02596987478654,264.29000091552734,265.5299996948242,-0.00315101050416966,6.3333885157062015
2021-03-10,262.5939636230469,264.8999938964844,268.9700012207031,262.8699951171875,268.6400146484375,14210300,50.93681978116871,-1.6076062505782716,264.0625,265.47999969482424,-0.016886316958304226,6.218967731671082
2021-03-11,271.4958190917969,273.8800048828125,277.8999938964844,267.82000732421875,268.1099853515625,21834000,57.27975998973939,-0.5451540304164837,264.1630004882812,265.4175997924805,0.007393275468882132,6.366276481173042
2021-03-12,266.06353759765625,268.3999938964844,269.739990234375,264.0199890136719,269.1400146484375,20600200,52.79425986937387,-0.1436877368296905,264.0634994506836,265.2499996948242,-0.0073598159848490274,6.278779830846757
2021-03-15,271.3669738769531,273.75,275.9599914550781,268.5,269.0799865722656,16844800,56.38514603250013,0.5992699628345122,264.2259994506836,265.2875997924805,0.01201478743068396,6.492546640455339
2021-03-16,276.84881591796875,279.2799987792969,282.1400146484375,274.79998779296875,276.0799865722656,22437700,59.78998446515731,1.6156695451040832,264.49149932861326,265.4099996948242,0.01938167512842459,7.000667627107558
2021-03-17,281.5376281738281,284.010009765625,286.2300109863281,275.4100036621094,275.7099914550781,21315000,62.48747645774856,2.7709046293231836,265.0134994506836,265.7113998413086,0.03816208707789159,8.027193443421393
2021-03-18,276.19464111328125,278.6199951171875,285.19000244140625,278.2799987792969,279.8699951171875,18728300,57.734417604089344,3.2144534027896157,265.4749984741211,265.8643997192383,0.03426251890143517,8.540935697099513
2021-03-19,287.5845642089844,290.1099853515625,292.79998779296875,281.20001220703125,281.2200012207031,38930500,64.01766236258999,4.4419115955378174,266.90249786376955,266.40039947509763,0.10915273000250414,10.09638894590273
2021-03-22,290.9847106933594,293.5400085449219,299.7099914550781,286.75,290.45001220703125,28273100,65.65890697837511,5.626595373422845,268.56299896240233,266.8963998413086,0.12756894589796852,11.580423857874035
2021-03-23,288.10003662109375,290.6300048828125,298.0,289.80999755859375,293.1499938964844,23000900,63.03210744808542,6.258508635205317,269.80149993896487,267.35759979248047,0.0931694158430616,12.559305403531763
2021-03-24,279.6839599609375,282.1400146484375,291.7200012207031,281.1600036621094,291.0,18675000,55.99375209262108,6.0050111590994675,270.69300079345703,267.8636001586914,0.06745873124186752,12.779864432885104
2021-03-25,276.3134765625,278.739990234375,288.05999755859375,277.75,280.9800109863281,24505600,53.421096284414375,5.466741831010381,271.89550018310547,268.4166000366211,0.0944284721128843,12.317962388530798
2021-03-26,280.5562438964844,283.0199890136719,284.5,277.7699890136719,278.29998779296875,17629200,56.15218830453134,5.324146199306085,273.1654998779297,269.04419982910156,0.09859480777076435,12.075677976078962
2021-03-29,288.28839111328125,290.82000732421875,293.17999267578125,284.70001220703125,285.7699890136719,21718800,60.677279044853336,5.7739756271676015,274.4610000610352,269.94779998779296,0.09780681478211517,12.524880446893123
2021-03-30,285.4928894042969,288.0,292.4700012207031,286.70001220703125,289.8299865722656,17474500,58.33339605731771,5.835647949318968,275.91100006103517,270.68059997558595,0.11196911196911197,12.317706490274203
2021-03-31,291.966064453125,294.5299987792969,296.5,288.6099853515625,289.989990234375,19498200,61.99443670137636,6.338375193235379,277.8669998168945,271.34919982910156,0.1531654772964206,11.992650226073248
2021-04-01,296.06011962890625,298.6600036621094,302.3999938964844,296.6000061035156,298.3999938964844,17616000,64.14050138273439,6.989476697573934,279.9179992675781,271.97279968261716,0.15921435600617273,11.858231949560178
2021-04-05,306.220947265625,308.9100036621094,310.7699890136719,300.67999267578125,300.8900146484375,28237000,68.84281725209873,8.237610620373914,282.1494995117188,272.69359985351565,0.1688739408542359,12.912933188679848
2021-04-06,303.5939636230469,306.260009765625,311.3500061035156,305.25,308.8399963378906,17335200,66.41789195216779,8.910221894410768,284.69700012207034,273.3288000488281,0.19956136733477603,12.352915018407556
2021-04-07,310.36456298828125,313.0899963378906,314.25,305.5,306.3399963378906,22855200,69.40875509256382,9.880497782746716,287.0645004272461,274.03039978027346,0.17818171085862655,13.04645250414891
2021-04-08,310.29510498046875,313.0199890136719,315.8800048828125,310.04998779296875,314.8500061035156,20894100,69.34058648725873,10.52250254936581,289.47050018310546,274.6497998046875,0.18165343988641802,13.18019622372352
2021-04-09,309.739990234375,312.4599914550781,314.739990234375,310.3299865722656,311.3999938964844,15988600,68.75885027586314,10.86091100800445,291.3994995117188,275.4561993408203,0.1408645606997605,13.595018968766132
2021-04-12,308.8280334472656,311.5400085449219,312.1499938964844,307.92999267578125,311.04998779296875,10881900,67.75320061156239,10.928885824554982,293.55650024414064,276.3869995117187,0.16073031158516193,13.16949440910815
2021-04-13,307.0634765625,309.760009765625,314.42999267578125,309.32000732421875,312.2099914550781,14036900,65.74948944011093,10.715602535189873,295.35700073242185,277.41559997558596,0.1315434146689498,12.774761931172943
2021-04-14,300.1839294433594,302.82000732421875,308.0299987792969,301.95001220703125,307.29998779296875,17421400,58.48694440386969,9.87276668597184,296.534001159668,278.2317999267578,0.0842882005435861,12.290809962257928
2021-04-15,305.140380859375,307.82000732421875,310.1400146484375,304.1000061035156,306.3399963378906,14558300,61.763862126388446,9.498775445861156,297.72450103759763,279.0466003417969,0.08383506475086078,12.166377215743841
2021-04-16,303.5146484375,306.17999267578125,308.95001220703125,304.6099853515625,308.1700134277344,13059200,60.08840275051686,8.966686833410677,299.10250091552734,279.83720031738284,0.098916079396965,11.426952155387012
2021-04-19,299.6090087890625,302.239990234375,307.70001220703125,300.55999755859375,305.010009765625,14553500,56.14777462694652,8.133321636496362,299.709001159668,280.5522003173828,0.0418117455285556,11.245001527704508
2021-04-20,300.0154113769531,302.6499938964844,305.1000061035156,297.2099914550781,301.989990234375,16796400,56.46770998158193,7.420419604706183,300.1645004272461,281.2432000732422,0.031034901840879314,11.166195470788724
2021-04-21,298.845703125,301.4700012207031,301.9800109863281,297.3900146484375,301.95001220703125,14863500,55.21907363401196,6.683184470566573,300.7065002441406,281.9410003662109,0.037298269813061946,10.939828141510727
2021-04-22,293.9387512207031,296.5199890136719,302.9200134277344,296.0400085449219,301.3299865722656,16375400,50.20391132472284,5.634544181200397,301.42549896240234,282.48239990234373,0.050967511230736395,10.095309649118624
2021-04-23,298.5086364746094,301.1300048828125,302.5899963378906,297.1499938964844,298.760009765625,17536800,54.361206534278104,5.1164991328682845,302.54499969482424,283.0676000976562,0.08032580696300928,8.57407240348536
2021-04-26,300.4020080566406,303.0400085449219,305.79998779296875,301.55999755859375,303.3399963378906,16172600,56.000220289299016,4.804680664823479,303.5460006713867,283.7205999755859,0.07073712214116057,7.23936085643856
2021-04-27,300.92742919921875,303.57000732421875,305.3399963378906,301.1099853515625,304.2799987792969,15309300,56.467404714182116,4.547903355560493,304.1835006713867,284.38200012207034,0.04384155037100235,6.592180819697574
2021-04-28,304.4266662597656,307.1000061035156,310.9200134277344,305.3699951171875,307.3599853515625,33907200,59.548181761348296,4.576491937756316,305.1385009765625,285.0446002197266,0.06631946563720703,5.399999559109801
2021-04-29,326.6416015625,329.510009765625,331.80999755859375,321.6099853515625,330.1199951171875,56526800,72.73834118240082,6.3344292451406545,306.8875015258789,286.1634002685547,0.11876552857537637,7.160895169288052
2021-04-30,322.2501220703125,325.0799865722656,329.82000732421875,324.5,326.1400146484375,26332400,68.01686946441322,7.286151162907231,308.20850067138673,287.27719970703123,0.08846173771579613,7.956010601396575
2021-05-03,319.7718811035156,322.5799865722656,328.54998779296875,321.8399963378906,326.1700134277344,18719500,65.43552316519379,7.74933897696468,308.89199981689455,288.4975994873047,0.04425231539315466,8.582013222328287
2021-05-04,315.5886535644531,318.3599853515625,322.19000244140625,313.1199951171875,320.0199890136719,24032600,61.212467832424274,7.687285583170535,309.4969985961914,289.65819946289065,0.039508833018053524,8.81017048646746
2021-05-05,312.2777099609375,315.0199890136719,321.05999755859375,314.489990234375,318.19000244140625,15577600,58.020818694178544,7.284625403435541,309.59349822998047,290.64139953613284,0.006164338363907174,8.862013917499436
2021-05-06,317.23419189453125,320.0199890136719,320.239990234375,313.2699890136719,314.5199890136719,19012200,61.275923805650564,7.284995628390334,309.9434982299805,291.7555993652344,0.022362789105120795,9.138384614179564
2021-05-07,316.3023986816406,319.0799865722656,322.94000244140625,318.75,322.3800048828125,15916700,60.32881578692215,7.1272798477339165,310.27449798583984,293.04339904785155,0.021186696851520637,9.35173177907081
2021-05-10,303.30645751953125,305.9700012207031,314.5799865722656,304.8299865722656,314.3500061035156,24239200,48.96225740121974,5.876679993274706,309.9959976196289,294.01039916992187,-0.017878947074033924,9.394900028689431
2021-05-11,303.8616027832031,306.5299987792969,306.8399963378906,299.69000244140625,300.75,18920100,49.400804666917736,4.874566750229803,309.8344970703125,294.8427990722656,-0.010427462824436406,9.426878128040556
2021-05-12,299.916259765625,302.54998779296875,304.9599914550781,298.19000244140625,301.1300048828125,24645500,46.352351402789786,3.716390919872424,309.82099609375,295.713798828125,-0.0008916832597553048,9.437640084882808
2021-05-13,302.6026611328125,305.260009765625,308.8599853515625,302.7699890136719,306.0799865722656,18079200,48.67481679464256,2.982820259492371,309.6929962158203,296.71079895019534,-0.008316540503156333,9.483456281775233
2021-05-14,313.189697265625,315.94000244140625,316.8500061035156,309.0799865722656,309.5400085449219,19245700,56.641160432377006,3.226058385644478,310.1809967041016,297.8767987060547,0.03187670650955954,9.544091369443498
2021-05-17,312.7138671875,315.4599914550781,315.67999267578125,311.5799865722656,313.54998779296875,15401300,56.21880793492696,3.341573894282817,310.84199676513674,298.9003985595703,0.043740079565419254,9.422184631893373
2021-05-18,307.2617492675781,309.9599914550781,316.5,309.80999755859375,315.5899963378906,14522400,51.48191256196314,2.955250444990554,311.2074966430664,299.9933984375,0.024153304827404076,9.22745023989178
2021-05-19,310.8601379394531,313.5899963378906,314.6600036621094,303.57000732421875,304.19000244140625,19106200,54.22339187289737,2.9084703492168273,311.8134963989258,300.9503985595703,0.040202988914689985,8.948047991416493
2021-05-20,315.83648681640625,318.6099853515625,319.25,313.1600036621094,313.5799865722656,17320200,57.77655544203027,3.23912927983838,312.9179962158203,302.02459838867185,0.07449749479409329,8.300875639629414
2021-05-21,313.4771728515625,316.2300109863281,319.92999267578125,315.80999755859375,319.2900085449219,13600900,55.57414344382977,3.2714238854651967,313.6729965209961,302.87159851074216,0.050144475338457006,7.846549306153153
2021-05-24,321.8040466308594,324.6300048828125,325.95001220703125,318.0299987792969,318.2099914550781,16445400,61.196396067249026,3.9295297262261215,314.75249633789065,303.99619873046873,0.07124470607546907,7.791654057596818
2021-05-25,324.93658447265625,327.7900085449219,329.17999267578125,324.79998779296875,327.0799865722656,16437000,63.08885043252798,4.652438814099071,315.96349639892577,305.0769989013672,0.07978390696165083,7.844159165174046
2021-05-26,324.8076477050781,327.6600036621094,329.8299865722656,325.82000732421875,328.3500061035156,9686900,62.95282336779206,5.15543057247487,316.99149627685546,306.04459899902344,0.06694886730696936,7.96768795006798
2021-05-27,329.8534240722656,332.75,333.7799987792969,326.760009765625,328.0,20477700,66.04013948133235,5.896800682800745,317.1534957885742,307.01939880371094,0.009832752081430085,8.263073714173467
2021-05-28,325.8683776855469,328.7300109863281,332.8699951171875,328.3299865722656,331.0,12037400,61.669091123476164,6.0897633187711335,317.3359970092773,308.02159912109374,0.011228080979543975,8.484691077650712
2021-06-01,326.2648620605469,329.1300048828125,331.4200134277344,326.6400146484375,330.1499938964844,11765900,61.939033226170146,6.203454204008494,317.6634979248047,308.80199951171875,0.020305098218111217,8.817637018382396
2021-06-02,326.2846984863281,329.1499938964844,331.8699951171875,327.1199951171875,330.3800048828125,11654300,61.953453032931385,6.223428189783704,318.20299835205077,309.51419921875,0.03389247720000532,9.184933343375631
2021-06-03,323.2017822265625,326.0400085449219,327.3800048828125,323.4800109863281,325.7799987792969,12610800,58.25544531488125,5.920065065810206,318.7539993286133,310.2223992919922,0.034981969130764456,9.313578510388734
2021-06-04,327.4742431640625,330.3500061035156,332.4599914550781,325.17999267578125,325.8999938964844,13289400,61.670075130240626,5.9587397446838395,319.27050018310547,311.18659912109376,0.032279287058541994,9.667202635992345
2021-06-07,333.6500549316406,336.5799865722656,337.69000244140625,328.92999267578125,329.4800109863281,20136700,65.99944018768801,6.418113051910382,320.14550018310547,312.34339904785156,0.054845182200221165,10.412317738145836
2021-06-08,330.7752380371094,333.67999267578125,338.29998779296875,332.239990234375,336.70001220703125,14580500,62.462708343596915,6.473541479768187,321.5309997558594,313.3565991210937,0.09056440613303884,10.269413932443005
2021-06-09,327.37518310546875,330.25,336.79998779296875,330.0,335.739990234375,13727900,58.47165046643056,6.169578108884934,322.71699981689454,314.1451989746094,0.07738231597287037,9.804981010916508
2021-06-10,329.5658874511719,332.4599914550781,333.94000244140625,328.54998779296875,330.7900085449219,13240200,60.23465743179764,6.037417200946834,324.2125,315.0343988037109,0.09885970870564509,8.79623871770867
2021-06-11,328.3763122558594,331.260009765625,332.8299865722656,328.92999267578125,332.5799865722656,13587900,58.77559098759671,5.769344819774631,325.5125,315.7689990234375,0.0851732921713606,7.700898798574833
2021-06-14,333.8383483886719,336.7699890136719,336.82000732421875,329.80999755859375,331.8999938964844,12250800,63.18529987138066,5.933111585711458,326.55399932861326,316.53119873046876,0.06593019690860036,7.746567783848963
2021-06-15,333.81854248046875,336.75,339.9200134277344,335.0299987792969,336.989990234375,15795200,63.15890520605127,5.992210508523442,327.6184997558594,317.08799865722654,0.06748877550753885,7.6033065243674836
2021-06-16,328.1978759765625,331.0799865722656,337.54998779296875,328.7200012207031,336.70001220703125,17232200,56.011407850484375,5.51791702066771,328.67449951171875,317.5843981933594,0.0681378103607555,6.391817951800397
2021-06-17,333.5806579589844,336.510009765625,337.9800109863281,330.1499938964844,330.489990234375,17794100,60.6088886522189,5.516601556767569,329.8205001831055,318.05279846191405,0.07308910901302546,5.543312860943233
2021-06-18,326.790283203125,329.6600036621094,336.1499938964844,329.0,334.5299987792969,23039500,53.07310661437145,4.906264435120704,330.3730010986328,318.38559875488284,0.03468195856559242,4.877893220403535
2021-06-21,329.39739990234375,332.2900085449219,332.9200134277344,327.6499938964844,331.0899963378906,11337500,55.36762873344106,4.581969194452256,331.1760009765625,318.7821990966797,0.05078581096241397,3.575041959833283
2021-06-22,336.0787353515625,339.0299987792969,339.9200134277344,332.6000061035156,332.69000244140625,15345300,60.67443045405715,4.813338592175569,331.89600067138673,319.3319989013672,0.04435817293500821,3.6368349505394373
2021-06-23,337.6250915527344,340.5899963378906,343.4200134277344,338.20001220703125,339.3500061035156,14817800,61.8063698448247,5.06420230056824,332.53600006103517,319.9485986328125,0.039049353120275354,3.985758896393612
2021-06-24,340.19256591796875,343.17999267578125,344.8999938964844,341.7900085449219,341.8500061035156,12329100,63.67577904480121,5.409645628393434,333.31199951171874,320.75579833984375,0.0473661381926751,4.468102980099178
2021-06-25,338.3983459472656,341.3699951171875,344.1199951171875,339.67999267578125,342.5899963378906,14594400,61.41352694918731,5.474256457446813,333.7429992675781,321.42679809570313,0.025905319660969095,4.813441566183629
2021-06-28,352.54412841796875,355.6400146484375,358.1400146484375,341.7699890136719,342.4599914550781,29156100,70.35563867901304,6.600841924782685,335.08849945068357,322.41599853515623,0.08186050181840132,6.721360258385762
2021-06-29,348.8267822265625,351.8900146484375,356.739990234375,349.04998779296875,356.2699890136719,21417300,66.0254411958395,7.10912578751271,336.2264999389648,323.4089990234375,0.06915203545094206,7.536728816918397
2021-06-30,344.6831359863281,347.7099914550781,352.9200134277344,347.1700134277344,352.1700134277344,15107500,61.48293535672042,7.0928890629731995,337.15449981689454,324.31019897460936,0.056387658826543285,7.758911033529329
2021-07-01,351.3050231933594,354.3900146484375,354.6700134277344,346.5,346.82000732421875,17137000,65.56070255341675,7.532216680961255,338.57200012207034,325.36859924316406,0.08695253760432142,8.19871049253726
2021-07-02,351.6123352050781,354.70001220703125,356.44000244140625,352.6199951171875,355.1000061035156,11521300,65.74196036800294,7.815311153506855,339.7895004272461,326.5321997070312,0.07370971894544343,8.705786549240566
2021-07-06,349.7090148925781,352.7799987792969,358.7900085449219,349.17999267578125,356.5,13488500,63.51233839978102,7.7948819778927145,340.59950103759763,327.56519958496096,0.048131240279650545,9.13453169903191
2021-07-07,347.4389343261719,350.489990234375,356.489990234375,350.0,355.260009765625,14218900,60.86111684168437,7.507366905347794,341.4400009155273,328.51419921875,0.05037760107759026,9.237130727718018
2021-07-08,342.64105224609375,345.6499938964844,348.3299865722656,342.55999755859375,345.7300109863281,14406500,55.580296502820865,6.810455195854445,342.2100006103516,329.3557989501953,0.04663132141251891,8.890613108180666
2021-07-09,347.3695373535156,350.4200134277344,350.7099914550781,345.2699890136719,345.32000732421875,13018700,59.32603767274255,6.567344101782965,343.1080017089844,330.2221990966797,0.05402160390503119,8.760048485261448
2021-07-12,350.0857238769531,353.1600036621094,354.19000244140625,349.6400146484375,351.2300109863281,10018600,61.34258517936746,6.520605638209474,344.20300140380857,330.69519897460935,0.06611119136287891,8.56774208221848
2021-07-13,349.0249938964844,352.0899963378906,358.489990234375,348.79998779296875,351.5,11456000,60.089691074341275,6.324321578056583,344.96900177001953,331.2353991699219,0.04549101114706744,8.553047373331326
2021-07-14,344.6038818359375,347.6300048828125,355.20001220703125,346.7300109863281,354.55999755859375,13894200,55.043216865615655,5.7426829353315725,345.5130020141602,331.7363995361328,0.03230884894673358,8.346281839038976
2021-07-15,341.4614562988281,344.4599914550781,349.2300109863281,340.2200012207031,349.2300109863281,14781600,51.718564022645936,4.968660899812335,346.18200225830077,332.25839965820313,0.04041320957312533,7.634387784902643
2021-07-16,338.190185546875,341.1600036621094,345.989990234375,340.1400146484375,344.9100036621094,11026100,48.43859353871823,4.0423635734015875,346.414501953125,332.78119995117186,0.013818292952780364,7.391266429178965
2021-07-19,334.0168151855469,336.95001220703125,339.7900085449219,334.5400085449219,337.57000732421875,14372300,44.556318155123456,2.93472545431689,346.7790023803711,333.11980041503904,0.022113718570463625,6.665668960214102
2021-07-20,338.6858215332031,341.6600036621094,343.45001220703125,334.5,338.79998779296875,11024300,49.4387501498432,2.4091994605180957,347.2475021362305,333.57140075683594,0.02819824513598279,5.876246009616553
2021-07-21,343.21600341796875,346.2300109863281,346.5199890136719,341.25,341.5,9279700,53.69918776279963,2.334566295108914,347.60750274658204,334.37660095214846,0.021237094749595675,5.5582607757567555
2021-07-22,348.13287353515625,351.19000244140625,351.5400085449219,345.2099914550781,346.67999267578125,12385400,57.850431711697205,2.6451571072861952,348.1375030517578,335.2698010253906,0.031122482214655633,5.355577002540519
2021-07-23,366.5709228515625,369.7900085449219,375.3299865722656,357.19000244140625,360.9100036621094,33694300,69.05503498065663,4.342114417309119,349.46800384521487,336.6146014404297,0.07753953154920779,7.085237927693445
2021-07-26,369.2176513671875,372.4599914550781,374.44000244140625,368.2200012207031,369.5799865722656,14925200,70.27650633295171,5.835146679620948,351.0225036621094,337.95860107421873,0.09107419158856622,8.486942567159188
2021-07-27,364.6081848144531,367.80999755859375,373.1499938964844,364.54998779296875,371.9100036621094,15705400,65.43238902690409,6.567464218981968,351.63100280761716,338.9960009765625,0.03421994828727781,9.238446007512898
2021-07-28,370.030517578125,373.2799987792969,377.54998779296875,366.92999267578125,374.55999755859375,29676900,68.20849064579932,7.502727753534771,352.7005020141602,340.1524011230469,0.060785993465115595,10.431138042653851
2021-07-29,355.2007751464844,358.32000732421875,365.5199890136719,356.739990234375,361.0,33413200,55.16100641798054,6.956593281300229,353.2310028076172,341.1196014404297,0.030513980414368813,10.433774103678916
2021-07-30,353.1983337402344,356.29998779296875,360.7300109863281,352.94000244140625,354.0,15976200,53.668163935768646,6.288291572284038,353.3265014648438,341.97380126953124,0.0053894665921272455,10.453662564932435
2021-08-02,348.8862609863281,351.95001220703125,359.3999938964844,350.739990234375,358.1000061035156,13180400,50.498754097278564,5.346025325347114,353.1890014648437,342.64060180664063,-0.007753030463373278,10.45273126061442
2021-08-03,348.1823425292969,351.239990234375,353.7699890136719,347.70001220703125,352.7300109863281,12406100,49.97992193489658,4.4902192443117315,353.1120010375977,343.3408013916016,-0.004365351069365198,10.461571295862019
2021-08-04,355.79559326171875,358.9200134277344,360.4800109863281,351.510009765625,352.4200134277344,14180600,55.326452938751345,4.381196737622588,353.53350219726565,344.0266015625,0.02405210827197135,10.520030539052687
2021-08-05,359.810302734375,362.9700012207031,363.8999938964844,356.8999938964844,359.6400146484375,10247200,57.8830401112225,4.568928025124308,354.3995025634766,344.73020141601563,0.05010851332288979,10.549753018597508
2021-08-06,360.3456115722656,363.510009765625,365.1499938964844,361.3999938964844,361.3999938964844,8925000,58.226316977607496,4.707020991563866,355.0540023803711,345.44720153808595,0.037355161909409906,10.694922784119669
2021-08-09,358.4621276855469,361.6099853515625,365.7799987792969,360.75,363.760009765625,7798900,56.481939947003625,4.610003322648993,355.47650146484375,346.0244012451172,0.023926779934960507,10.782709516564337
2021-08-10,357.9863586425781,361.1300048828125,364.1000061035156,359.0400085449219,361.8299865722656,7469900,56.025320445246855,4.443167637842237,355.92850189208986,346.6724011230469,0.02567527802251579,10.822679068198056
2021-08-11,356.8265075683594,359.9599914550781,362.3599853515625,357.80999755859375,362.1000061035156,8400300,54.86103147376971,4.168487125449587,356.5450012207031,347.2890008544922,0.03546870638057298,10.675263312642903
2021-08-12,359.49310302734375,362.6499938964844,363.0,357.1099853515625,358.45001220703125,7170700,57.06997245822854,4.120364558354424,357.4545013427734,347.95900085449216,0.05280730097149311,10.361729570588409
2021-08-13,360.0184631347656,363.1799926757813,364.6600036621094,361.4800109863281,362.9700012207031,7195700,57.51115094617332,4.077985075835215,358.5555007934571,348.70180053710936,0.06454446235579514,9.687131873391865
2021-08-16,363.3690185546875,366.55999755859375,366.95001220703125,357.3800048828125,362.5199890136719,11222100,60.312300088766435,4.2679390323099256,360.03600006103517,349.4260003662109,0.08787649288871169,8.386728941721127
2021-08-17,355.3296203613281,358.45001220703125,364.6700134277344,355.07000732421875,362.9800109863281,12328700,51.533445226255274,3.721175476918347,360.87550048828126,349.86340087890625,0.049142446774445014,7.208000375930801
2021-08-18,352.35577392578125,355.45001220703125,359.8599853515625,355.1499938964844,356.25,10042400,48.70903747998823,3.0110766745240767,361.3365005493164,350.2988012695312,0.02662969970291562,6.48011232107671
2021-08-19,352.0285949707031,355.1199951171875,357.57000732421875,351.0,351.3500061035156,12004500,48.39481524650637,2.394091045258733,361.53300018310546,350.796201171875,0.011190502714942596,6.210206081816217
2021-08-20,356.24163818359375,359.3699951171875,359.989990234375,353.30999755859375,354.6000061035156,8697700,52.63264656917555,2.222445996173292,361.0119995117187,351.3344012451172,-0.028178190829805883,5.910909191042577
2021-08-23,360.18701171875,363.3500061035156,365.69000244140625,359.1000061035156,359.44000244140625,10942000,56.255523468393406,2.380132990857021,360.55650024414064,351.976201171875,-0.024458963541219014,5.30192748199853
2021-08-24,362.3282470703125,365.510009765625,367.9599914550781,361.8399963378906,363.6600036621094,9235100,58.127326095354505,2.648860894314737,360.4415008544922,352.5510015869141,-0.006253195422189051,5.159344111514257
2021-08-25,365.1831359863281,368.3900146484375,370.8599853515625,365.3999938964844,365.6000061035156,9684500,60.5511159888751,3.058960229335696,360.1970016479492,353.1838018798828,-0.013100043256672356,4.604997553497487
2021-08-26,361.2080078125,364.3800048828125,369.44000244140625,364.1300048828125,368.3800048828125,7888700,55.715239844029696,3.025516362600456,360.50000152587893,353.84980224609376,0.016912250041093868,4.673848165099607
2021-08-27,369.3861999511719,372.6300048828125,373.739990234375,364.0799865722656,365.1000061035156,11219100,62.37323011907826,3.6229547420802533,361.3165023803711,354.5722021484375,0.04583221344181587,5.287600539855683
2021-08-30,377.34625244140625,380.6600036621094,381.489990234375,370.5199890136719,372.55999755859375,13547300,67.49566411188884,4.690315714185488,362.752001953125,355.5922021484375,0.08157406012019042,6.392604251107939
2021-08-31,376.0774230957031,379.3800048828125,382.760009765625,378.79998779296875,379.95001220703125,12345400,65.95431364511293,5.371008131997144,364.15900268554685,356.5340020751953,0.08011620382309048,6.808715156291448
2021-09-01,378.7242126464844,382.0499877929688,384.3299865722656,378.80999755859375,379.5899963378906,11567200,67.61560178296024,6.056096177166864,365.3155014038086,357.39440185546874,0.06444325615710333,7.7687091438548235
2021-09-02,372.01312255859375,375.2799987792969,381.75,374.05999755859375,381.5,14832900,59.66553826049113,5.983774625401054,365.9310012817383,358.08820190429685,0.033914641753296504,8.055455909594507
2021-09-03,372.9846496582031,376.260009765625,377.1600036621094,373.1099853515625,374.75,7509600,60.39154269346345,5.937098791725759,366.5685012817383,358.74980224609374,0.03507468751196319,8.352800096709196
2021-09-07,378.8530578613281,382.1799926757813,382.9599914550781,373.1499938964844,375.8800048828125,10793800,64.54333040581662,6.305119509836231,367.59700164794924,359.5660021972656,0.05688451137271655,8.954832987677309
2021-09-08,374.283203125,377.5700073242188,380.8699951171875,374.7900085449219,380.1600036621094,11067200,59.32812287651179,6.153853497292857,368.4190017700195,360.0046020507813,0.04552377874760394,9.083579035970214
2021-09-09,374.7095031738281,378.0,379.8299865722656,376.57000732421875,377.6400146484375,9098900,59.65557659990934,5.9995122650514645,369.3210021972656,360.5268017578125,0.05011670455929873,9.095069022946925
2021-09-10,375.3934631347656,378.6900024414063,383.7900085449219,378.260009765625,381.3599853515625,11549600,60.20919773869498,5.865262066854314,370.12300262451174,361.1464019775391,0.04422999811079675,9.182641089608532
2021-09-13,373.2323913574219,376.510009765625,381.75,374.3500061035156,381.67999267578125,13026300,57.52346212190062,5.519337144650592,370.7895034790039,361.5888018798828,0.036703610767853334,9.135820348964343
2021-09-14,373.25225830078125,376.5299987792969,378.5899963378906,375.1099853515625,377.3999938964844,8711600,57.5421637445513,5.187009481397581,371.2880035400391,362.0254016113281,0.02719882498665016,9.164851551522192
2021-09-15,370.6650085449219,373.9200134277344,377.55999755859375,367.6700134277344,377.0,17940300,54.18741499285607,4.65932362622965,372.0615036010742,362.44820190429687,0.04315804350361696,8.663422755474704
2021-09-16,369.8124694824219,373.05999755859375,373.55999755859375,369.7099914550781,372.7900085449219,11934200,53.089086767079145,4.12419157776236,372.94200286865237,362.89960205078125,0.04954279011616847,7.730979197210066
2021-09-17,361.5450439453125,364.7200012207031,371.4100036621094,361.5899963378906,371.4100036621094,26299000,43.81448094993549,2.9926303894418425,373.4220031738281,363.28100219726565,0.027033133125460074,6.80928967835945
2021-09-20,352.6036682128906,355.70001220703125,361.0299987792969,349.79998779296875,359.29998779296875,19822800,36.4065834767225,1.352432267707627,373.23850402832034,363.38660217285155,-0.010212268581186068,7.243504121580537
2021-09-21,354.36810302734375,357.4800109863281,360.0400085449219,355.19000244140625,358.5,11751900,38.61233596941551,0.19395863030752025,372.94500427246095,363.47300231933593,-0.016155208527821485,7.765387294505174
2021-09-22,340.2222900390625,343.2099914550781,349.8399963378906,340.69000244140625,347.2300109863281,43692900,29.714213060468268,-1.8542369015478357,371.8300033569336,363.2954022216797,-0.06101069112948854,10.130077310299555
2021-09-23,342.9483947753906,345.9599914550781,349.6700134277344,343.0,345.3599853515625,21806300,32.922280030035424,-3.218444376345701,370.7085021972656,363.262001953125,-0.06088662097631725,11.657433942621484
2021-09-24,349.887451171875,352.9599914550781,354.3500061035156,342.3699951171875,343.239990234375,18801900,40.38170721818174,-3.692185909291652,370.1375015258789,363.432001953125,-0.03134094427439049,12.248433791127617
2021-09-27,350.5020446777344,353.5799865722656,355.1499938964844,347.0799865722656,349.80999755859375,15205800,41.00745487634826,-3.97181643533645,369.18500061035155,363.68040161132814,-0.051123146448010415,12.773846729178375
2021-09-28,337.6846008300781,340.6499938964844,349.6000061035156,338.9200134277344,347.9700012207031,21710300,33.1848083842157,-5.1770897226380725,367.1845001220703,363.7544012451172,-0.10510694420404532,13.960061291526918
2021-09-29,336.6536560058594,339.6099853515625,345.2300109863281,338.8800048828125,343.1499938964844,14452200,32.64537739181863,-6.145357626840848,365.1959991455078,363.71340087890627,-0.1048289815472343,14.930230230157049
2021-09-30,336.4355773925781,339.3900146484375,342.79998779296875,338.1499938964844,340.45001220703125,16547100,32.52494984632743,-6.8514870366298055,363.06300048828126,363.57660095214845,-0.11166071065980132,15.434448751317808
2021-10-01,340.0240478515625,343.010009765625,345.0199890136719,338.6400146484375,341.6099853515625,14905300,36.66562764159358,-7.037868165587554,361.44950103759766,363.41300109863283,-0.08598909912235941,15.773097911879766
2021-10-04,323.3901672363281,326.2300109863281,335.94000244140625,322.70001220703125,335.5299987792969,42885000,28.06755019153951,-8.44226504200168,358.9480010986328,362.54180114746094,-0.13296655897729048,17.20301841448458
2021-10-05,330.0614929199219,332.9599914550781,335.17999267578125,326.1600036621094,328.5799865722656,35377900,34.68321636166061,-8.909503297616709,356.4870010375977,361.7518011474609,-0.12878748800034256,17.22521681995885
2021-10-06,330.7356262207031,333.6400146484375,334.3800048828125,325.79998779296875,329.739990234375,26443000,35.33042357983983,-9.119793490464644,354.2905014038086,361.06840148925784,-0.11634926456978534,17.19616422277654
2021-10-07,326.3540954589844,329.2200012207031,338.8399963378906,328.9800109863281,337.0,28307500,33.0388785011062,-9.533215157267705,351.85150146484375,360.18720153808596,-0.12904761581824575,17.115503063566532
2021-10-08,327.1768493652344,330.04998779296875,333.3999938964844,328.7099914550781,331.510009765625,15946100,33.90579073714926,-9.682270637946715,349.41950073242185,359.6218011474609,-0.1284428274706394,16.54750222799759
2021-10-11,322.616943359375,325.45001220703125,330.4599914550781,325.30999755859375,327.6300048828125,14708200,31.47375414072198,-10.055662350314776,346.8665008544922,359.0048016357422,-0.13561391791516586,16.080163168003455
2021-10-12,320.9515380859375,323.7699890136719,324.3800048828125,317.3699951171875,323.0299987792969,31658700,30.610166623498117,-10.36763021616673,344.22850036621094,358.441201171875,-0.14012166344427257,15.264692872317566
2021-10-13,321.71484375,324.5400085449219,327.0,322.6600036621094,326.9700012207031,14761500,31.53738586020397,-10.432473792718326,341.75950012207034,357.9072015380859,-0.13206034207729278,14.16321707329544
2021-10-14,325.6700744628906,328.5299987792969,330.5199890136719,327.1000061035156,328.3599853515625,14302200,36.28813075892409,-10.046098755163712,339.53300018310546,357.29940124511717,-0.11936417485314244,12.370359663496272
2021-10-15,321.9329528808594,324.760009765625,329.07000732421875,322.510009765625,328.67999267578125,21596400,33.89484364320103,-9.929637678339247,337.5350006103516,356.53520141601564,-0.10956347697229007,11.265939222259737
2021-10-18,332.42083740234375,335.3399963378906,335.8900146484375,327.5,328.95001220703125,21585000,44.88132639600648,-8.881247447958913,336.51699981689455,355.97180114746095,-0.057239289205563204,10.426762705381538
2021-10-19,337.0303649902344,339.989990234375,342.4599914550781,337.2799987792969,339.6499938964844,18786300,48.90097342028567,-7.587708609645517,335.6424987792969,355.5394012451172,-0.04892587057859865,9.242205858899602
2021-10-20,337.8134765625,340.7799987792969,343.9800109863281,339.45001220703125,343.45001220703125,13639500,49.57380971087392,-6.424762016390275,335.5209991455078,355.13240112304686,-0.0070801921164329595,9.153028636695133
2021-10-21,338.9039306640625,341.8800048828125,342.30999755859375,337.79998779296875,340.2799987792969,16354400,50.55016882252895,-5.352655087304242,335.3169998168945,354.77080139160154,-0.011793232376684837,8.951368052647982
2021-10-22,321.78424072265625,324.6099853515625,329.6300048828125,321.1099853515625,326.3500061035156,35224500,38.083018280949915,-5.829351728407232,333.8994995117188,354.01000122070315,-0.08032073546535023,8.225735202392471
2021-10-25,325.82867431640625,328.69000244140625,329.55999755859375,319.7200012207031,320.29998779296875,38409000,41.73878098121862,-5.810929195284928,332.6550003051758,353.3202014160156,-0.07039421086060904,6.861154560127449
2021-10-26,313.06085205078125,315.8099975585937,330.2099914550781,309.6000061035156,328.260009765625,65654000,34.76124250257415,-6.757738948358963,331.4130004882812,352.3052014160156,-0.07291940931441487,7.551285426180066
2021-10-27,309.50213623046875,312.2200012207031,319.25,312.05999755859375,314.19000244140625,29971800,33.10029099823791,-7.708911665631945,330.04350128173826,351.38060119628904,-0.08065129210645972,8.420171328007795
2021-10-28,314.1612548828125,316.9200134277344,325.5199890136719,308.1099853515625,312.989990234375,50806800,37.32271189241886,-7.991351861616806,328.9200012207031,350.6100012207031,-0.06620701921351169,8.60449696460627
2021-10-29,320.75323486328125,323.57000732421875,326.0,319.6000061035156,320.19000244140625,37059400,42.82161563121823,-7.59108353497237,327.9480010986328,349.97900146484375,-0.0566747380191307,8.006275175118946
2021-11-01,327.1075439453125,329.9800109863281,333.45001220703125,326.0,326.0400085449219,31518900,47.59433471245281,-6.6796355962084135,328.1355010986328,349.3912017822266,0.01149495715817861,8.007834488051488
2021-11-02,325.2239990234375,328.0799865722656,334.7900085449219,323.79998779296875,331.3800048828125,28353000,46.35908590220978,-6.040985904039758,327.89150085449216,348.68580139160156,-0.014656430226004824,7.927034033685303
2021-11-03,328.73321533203125,331.6199951171875,332.1499938964844,323.20001220703125,327.489990234375,20786500,49.01417120914504,-5.1893823478563945,327.7904998779297,348.0080010986328,-0.0060544881985409305,7.862541900266016
2021-11-04,332.9263916015625,335.8500061035156,337.2699890136719,332.6499938964844,334.010009765625,22495300,52.06724016216416,-4.1255965502523395,328.1220001220703,347.35720092773437,0.020138523960358867,8.063191400984513
2021-11-05,338.1604919433594,341.1300048828125,346.7900085449219,339.6400146484375,340.30999755859375,26872800,55.638111220494366,-2.823934309903507,328.6760009765625,346.8922009277344,0.03357072413162432,8.567499077050927
2021-11-08,335.67230224609375,338.6199951171875,344.7900085449219,338.3399963378906,344.4200134277344,18342500,53.59409223675092,-1.9721605780002847,329.3345001220703,346.21200073242187,0.04046699159985989,8.809212766384084
2021-11-09,332.45062255859375,335.3699951171875,341.30999755859375,334.4700012207031,340.0,17556700,50.98238021948929,-1.5416009808909052,329.9145004272461,345.30620056152344,0.03582792259052092,8.80543423892788
2021-11-10,324.78790283203125,327.6400146484375,333.19000244140625,325.510009765625,332.489990234375,21872600,45.32487802551694,-1.803336479455993,330.0695007324219,344.27140075683593,0.009551999820960555,8.732833962328396
2021-11-11,324.8869934082031,327.739990234375,332.4599914550781,327.0,329.82000732421875,12376600,45.40925498851471,-1.9798738007702923,330.0300003051758,343.18520080566407,-0.0024046770397141426,8.741945882624913
2021-11-12,337.9225158691406,340.8900146484375,341.8599853515625,329.7799987792969,330.17999267578125,25414300,55.20210348439489,-1.0466190559401412,330.8365005493164,342.49740112304687,0.04966746027151969,8.971208323394285
2021-11-15,344.534423828125,347.5599975585937,353.6499938964844,343.20001220703125,344.3399963378906,25076600,59.20001236250708,0.22856912792434514,331.44750061035154,341.92340087890625,0.036440631461062356,9.682041034450677
2021-11-16,339.97454833984375,342.9599914550781,346.6499938964844,340.8699951171875,343.8299865722656,18181100,55.52004911854514,0.8580913591283093,331.5960006713867,341.13900085449217,0.008735554886941665,9.841423528753523
2021-11-17,337.8035583496094,340.7699890136719,347.29998779296875,340.1000061035156,344.239990234375,13602800,53.8052348471008,1.166826914071919,331.59550018310546,340.40300048828124,-2.937310188644293e-05,9.840932134450322
2021-11-18,335.74169921875,338.69000244140625,342.4599914550781,335.29998779296875,339.7200012207031,17487200,52.15750991724145,1.2294917172906707,331.43600006103514,339.6168005371094,-0.009330766338615515,9.690166148752667
2021-11-19,342.29412841796875,345.29998779296875,352.1000061035156,339.8999938964844,342.20001220703125,26488500,56.69601374995197,1.7918690502243635,332.47050018310546,338.9490002441406,0.06373803448775095,10.021815543010007
2021-11-22,338.04150390625,341.010009765625,353.8299865722656,340.510009765625,349.04998779296875,27116800,53.17060264756148,1.8698374422193638,333.0865005493164,338.23900024414064,0.03748214802004801,10.154959588133178
2021-11-23,334.314208984375,337.25,341.3999938964844,333.5,338.92999267578125,17225000,50.22293881135816,1.609671301456558,334.1585006713867,337.4534002685547,0.06788892880893815,9.333624464801197
2021-11-24,338.091064453125,341.0599975585937,341.7799987792969,332.80999755859375,336.0,13566200,53.06247226331294,1.6914250271688616,335.6005004882812,336.7961999511719,0.09237075211432111,7.880555681204747
2021-11-26,330.22015380859375,333.1199951171875,337.75,331.8999938964844,335.79998779296875,14750700,47.040112318877156,1.1028110844418961,336.4104995727539,335.9973999023438,0.051116941193577015,6.585591684190277
2021-11-29,335.08740234375,338.0299987792969,340.6700134277344,335.30999755859375,336.8900146484375,16650900,50.761699094402395,1.0207598706281829,337.1334991455078,335.46359985351563,0.044688911604186865,5.854913850046731
2021-11-30,321.63555908203125,324.4599914550781,335.80999755859375,323.42999267578125,335.0,25390000,41.98120518697299,-0.13766556629320803,336.8574981689453,334.83879943847654,-0.016728345195063055,6.321401331952038
2021-12-01,307.89617919921875,310.6000061035156,330.5,310.2900085449219,330.2900085449219,30329600,35.27058276576837,-2.149334861825878,335.98349914550784,333.9011993408203,-0.05327963052967177,8.449154037595612
2021-12-02,307.6880187988281,310.3900146484375,314.6000061035156,307.20001220703125,311.3999938964844,24396200,35.178831335223364,-3.7176866497642322,334.9220001220703,333.2447998046875,-0.06401900000404914,10.18209613625481
2021-12-03,304.1689453125,306.8399963378906,313.75,299.5,313.7300109863281,27471000,33.58809138373523,-5.18727784001868,333.47149963378905,332.46239990234375,-0.08637787476080483,11.954926887741719
2021-12-06,315.10284423828125,317.8699951171875,320.1000061035156,306.3399963378906,308.1300048828125,21758300,42.31586931306533,-5.399666729305238,332.3084991455078,331.76059997558593,-0.06818517700785498,12.297171473556753
2021-12-07,319.9998779296875,322.8099975585937,326.5400085449219,321.0,321.57000732421875,18794000,45.75429368709232,-5.110459348328618,331.51799926757815,331.1452001953125,-0.04668949792265631,12.37798735575851
2021-12-08,327.6824645996094,330.5599975585937,332.75,323.07000732421875,325.0,19937700,50.71742471665786,-4.207399897724997,331.2774993896484,330.9434002685547,-0.014342361059799247,12.34589200808438
2021-12-09,326.94891357421875,329.82000732421875,336.1300048828125,328.0,329.5400085449219,16879200,50.244720176273795,-3.5109576699631475,331.3864990234375,330.74760070800784,0.006653621591735215,12.321686721312659
2021-12-10,326.8795166015625,329.75,335.0299987792969,326.3699951171875,332.55999755859375,14528000,50.19705370732616,-2.930885766156223,331.48699951171875,330.55480041503904,0.006132940213330773,12.298554483411516
2021-12-13,331.5782165527344,334.489990234375,341.0899963378906,329.5899963378906,330.95001220703125,22948700,53.41922005215527,-2.0648941901618514,331.1669982910156,330.38440002441405,-0.01877445551071033,12.123026479089399
2021-12-14,330.8347473144531,333.739990234375,335.70001220703125,327.6499938964844,328.04998779296875,20461000,52.836718272556276,-1.4227082637825674,330.4759979248047,330.534599609375,-0.039762939985315326,11.518241554556306
2021-12-15,338.6858215332031,341.6600036621094,342.1099853515625,323.9800109863281,332.489990234375,24681300,58.040076640651996,-0.2715619994349936,330.41099853515624,330.70859985351564,-0.003790494009092149,11.447535411901658
2021-12-16,331.98468017578125,334.8999938964844,344.4599914550781,333.739990234375,338.9800109863281,22635000,52.69610297762206,0.09416790727669877,330.11749877929685,330.7337994384766,-0.017225680976712954,11.24135884887485
2021-12-17,330.88433837890625,333.7900085449219,337.1099853515625,330.75,332.79998779296875,40012600,51.85188329323892,0.2910894539230071,329.8724990844727,330.82519958496096,-0.014467489034702408,11.097163787835278
2021-12-20,322.616943359375,325.45001220703125,329.8999938964844,322.5299987792969,329.7799987792969,17901800,45.901594517271874,-0.2232433949342294,328.88000030517577,330.7332000732422,-0.05748617517426302,10.51726336312938
2021-12-21,331.2907409667969,334.20001220703125,336.0,323.75,326.4100036621094,16116800,52.11082448457202,0.07433905561839538,328.5395004272461,330.9082000732422,-0.019970081122469785,10.209619659205146
2021-12-22,327.5733337402344,330.45001220703125,334.510009765625,328.260009765625,333.79998779296875,16764600,49.48919353829219,0.007495231343511932,328.19950103759766,331.0418005371094,-0.020163047569959236,10.015660366281809
2021-12-23,332.3216857910156,335.239990234375,336.6700134277344,328.3599853515625,330.1000061035156,13987700,52.758490095068275,0.3371458073112308,327.9085006713867,331.25580017089845,-0.017064467735530386,9.701975089157829
2021-12-27,343.1664733886719,346.17999267578125,347.8699951171875,338.010009765625,338.8500061035156,17795000,59.24639695484507,1.464283680591052,328.5615005493164,331.60880004882813,0.03920508450415716,10.479548154378122
2021-12-28,343.2060852050781,346.2200012207031,352.7099914550781,345.20001220703125,346.6300048828125,16637600,59.26842784429335,2.33387348027037,328.9710006713867,332.0379998779297,0.024228626071597814,11.015333908285314
2021-12-29,339.9546203613281,342.94000244140625,349.69000244140625,341.6400146484375,346.9100036621094,10747000,56.5685348058023,2.726926856824207,329.89500122070314,332.19,0.056956208694490806,11.385869143968359
2021-12-30,341.3622741699219,344.3599853515625,347.2300109863281,343.2200012207031,344.0,10593300,57.471757225605046,3.1170735594150756,331.58300018310547,332.27739990234375,0.10869278359510237,10.865383047236149
2021-12-31,333.4220275878906,336.3500061035156,343.44000244140625,336.2699890136719,343.0199890136719,12870500,51.02546280009245,2.748249143544797,332.88099975585936,332.1888000488281,0.0836366836236071,9.687105043236825
2022-01-03,335.5929870605469,338.5400085449219,341.0799865722656,337.19000244140625,338.29998779296875,14537900,52.5911778230156,2.602666116253829,334.46600036621095,332.1220001220703,0.10331121296235235,7.562393317278454
2022-01-04,333.6004638671875,336.5299987792969,343.0899963378906,331.8699951171875,339.95001220703125,15998000,50.98022659860699,2.29860266779923,335.3990005493164,332.360400390625,0.05870325588682901,6.480858347184976
2022-01-05,321.3479919433594,324.1700134277344,335.760009765625,323.8399963378906,333.0199890136719,20564500,42.38288008273299,1.0481996796512476,335.4670013427734,332.2700006103516,0.004213053745009354,6.347579923118987
2022-01-06,329.5658874511719,332.4599914550781,339.1700134277344,322.7200012207031,322.82000732421875,27962800,48.63914360069742,0.717902711862962,335.56200103759767,332.6030004882812,0.005747803456307876,6.284176327611291
2022-01-07,328.9017639160156,331.7900085449219,337.0,328.8800048828125,332.739990234375,14722000,48.18377888737142,0.39749587860484326,335.66050109863284,332.9944006347656,0.005972958513601023,6.204370108974275
2022-01-10,325.2140808105469,328.07000732421875,328.3399963378906,315.42999267578125,325.30999755859375,24942400,45.629417060439515,-0.15481721780560065,335.5765014648438,333.2174005126953,-0.005094746552786189,6.299249806071225
2022-01-11,331.4592590332031,334.3699951171875,334.6300048828125,325.2799987792969,326.7799987792969,16226800,50.42282754042946,-0.08321372617746192,335.57050170898435,333.4334002685547,-0.000358740532425017,6.300396166483131
2022-01-12,330.3589172363281,333.260009765625,336.3699951171875,330.0299987792969,335.17999267578125,14104900,49.593234145495686,-0.11471165991343923,335.5465026855469,333.49900024414063,-0.0014381868604146364,6.308644557635948
2022-01-13,323.63800048828125,326.4800109863281,335.6300048828125,325.760009765625,334.9800109863281,14797100,44.75007330119667,-0.6789368763180619,334.7875030517578,333.46700073242187,-0.044430113308766894,6.4460746749962015
2022-01-14,329.0107116699219,331.8999938964844,332.7300109863281,321.2099914550781,321.7900085449219,16868500,49.034891495349626,-0.6808931883455216,334.6375030517578,333.4726007080078,-0.008957898043220891,6.478144432704223
2022-01-18,315.3804931640625,318.1499938964844,324.2099914550781,317.6400146484375,323.2900085449219,22645600,40.461834239393994,-1.771532541776196,333.8555023193359,333.1186004638672,-0.046855850229359564,7.45601120546538
2022-01-19,316.8078918457031,319.5899963378906,327.1000061035156,319.3299865722656,319.5799865722656,20814700,41.61314041953508,-2.490961669032515,333.56250152587893,332.68780029296875,-0.01800588615560672,7.905312558832109
2022-01-20,313.8043212890625,316.5599975585937,327.82000732421875,315.9800109863281,323.8999938964844,16925000,39.86625379024122,-3.267939244928982,332.680500793457,332.24660034179686,-0.052782806714889885,8.767480529454275
2022-01-21,300.5308837890625,303.1700134277344,318.30999755859375,303.0400085449219,314.80999755859375,28710700,33.227912467938765,-4.907587769304712,331.3165008544922,331.6026007080078,-0.0825540861599533,10.976504693425825
2022-01-24,306.02264404296875,308.7099914550781,309.5299987792969,289.010009765625,297.8399963378906,38878100,37.83980504303174,-5.694350186286158,329.99000091552733,331.2240002441406,-0.07913733311097237,12.029914264386752
2022-01-25,297.5371398925781,300.1499938964844,306.2300109863281,297.5799865722656,299.95001220703125,25108500,33.93916669931484,-6.92871541581718,327.6885009765625,330.6722003173828,-0.13296550855960876,13.12296110134268
2022-01-26,292.065185546875,294.6300048828125,307.510009765625,290.8500061035156,307.010009765625,28348800,31.671863171018998,-8.2571919652205,325.10900115966797,329.7470001220703,-0.14900928934202107,14.305687734998363
2022-01-27,292.0751037597656,294.6400146484375,301.7099914550781,294.260009765625,297.75,21629900,31.680776127615275,-9.203123617036795,322.69400177001955,328.6886004638672,-0.14084092683594462,15.186856195800333
2022-01-28,299.0835876464844,301.7099914550781,301.8999938964844,293.0299987792969,295.6199951171875,21871600,37.84756557807943,-9.27537250363332,320.56150207519534,327.8636004638672,-0.12385293213711324,14.977411354049462
2022-01-31,310.5329895019531,313.260009765625,313.7900085449219,299.32000732421875,300.67999267578125,21579500,46.36508547351889,-8.304906523873285,319.4070022583008,327.31340087890624,-0.06864871686901175,14.581010903605154
2022-02-01,316.2230224609375,319.0,319.6600036621094,312.1199951171875,314.55999755859375,18023800,50.03010752300353,-6.99203616178778,318.4300018310547,326.91960083007814,-0.05771846178212947,13.8687737571772
2022-02-02,320.18829345703125,323.0,328.0,316.8699951171875,327.82000732421875,58458300,52.467647938852586,-5.564664383381341,317.75350189208984,326.4736010742188,-0.040204435944416694,13.255856253820237
2022-02-03,235.69027709960938,237.75999450683597,248.0,235.75,244.64999389648438,188119900,24.7551060498203,-11.182710700228313,313.4330009460449,324.40860076904295,-0.2665577176840306,22.151502040587587
2022-02-04,235.02609252929688,237.08999633789065,242.61000061035156,230.11000061035156,234.97000122070312,89342200,24.64491990000883,-15.510322788725375,308.66450119018555,322.4054006958008,-0.2868615700186403,27.467251310727008
2022-02-07,222.95211791992188,224.91000366210935,238.3000030517578,224.00999450683594,237.6999969482422,88613800,22.669488165818777,-19.695769592439547,303.32050094604494,320.0824008178711,-0.32213147512048057,32.64111710416222
2022-02-08,218.26332092285156,220.17999267578125,225.77000427246094,216.14999389648438,220.85000610351562,94729700,21.93420222162389,-23.127835405171197,297.92600021362307,317.82360076904297,-0.32886278001577274,36.96456430917631
2022-02-09,229.98037719726562,232.0,233.3699951171875,222.2100067138672,224.1999969482422,86563300,28.20136555421692,-24.610304213725044,292.8075004577637,315.703000793457,-0.30615783895713977,38.69944459100851
2022-02-10,226.0846405029297,228.07000732421875,235.0,226.6999969482422,228.27000427246094,49310400,27.413356683218154,-25.80482700694239,287.54800033569336,313.7752011108398,-0.3156394387534953,40.03720894278098
2022-02-11,217.63880920410156,219.5500030517578,230.4199981689453,218.77000427246094,228.4600067138672,46156900,25.734515117184387,-27.12629304607603,282.20149993896484,311.9542010498047,-0.32752390448506874,41.670959691189836
2022-02-14,215.8048858642578,217.6999969482422,221.0,214.77999877929688,219.30999755859375,38184000,25.3711809736794,-28.00007697620677,276.4915000915527,310.1004006958008,-0.3440795391634137,42.321656998812855
2022-02-15,219.076171875,221.0,221.14999389648438,215.05999755859375,220.47000122070312,42685500,27.341791379034547,-28.10232822245149,271.63400039672854,308.38360076904297,-0.30535909401303907,42.86042266043345
2022-02-16,214.6549835205078,216.5399932861328,217.4600067138672,212.36000061035156,212.41000366210938,45817500,26.329865511717955,-28.21796915639959,266.48150024414065,306.35700073242185,-0.32244439510805867,42.985865301303335
2022-02-17,205.90184020996094,207.7100067138672,217.5,207.16000366210938,214.02000427246094,38747500,24.404139711015546,-28.691385122876966,261.0390007019043,304.05500091552733,-0.34385263989199677,43.201927485931755
2022-02-18,204.36534118652344,206.16000366210935,210.75,205.17999267578125,209.38999938964844,37128400,24.07132463441826,-28.85897468338692,256.18850021362306,301.56700103759766,-0.319985504729837,43.66611308949559
2022-02-22,200.32086181640625,202.0800018310547,207.47999572753906,200.05999755859375,202.33999633789062,39852400,23.175384631507555,-28.986870072777833,250.85700073242188,299.0122009277344,-0.3454050486718363,43.424819507049556
2022-02-23,196.7224578857422,198.4499969482422,206.94000244140625,198.0500030517578,204.16000366210938,44481400,22.37735463304648,-29.04631135058449,245.77200088500976,296.3862008666992,-0.33883058143028466,43.303175060919266
2022-02-24,205.79281616210938,207.6000061035156,208.35000610351562,190.22000122070312,191.05999755859375,49957200,29.012817294303332,-28.031954796871815,241.4205009460449,293.84840118408204,-0.2953874260495384,42.50041487930539
2022-02-25,208.6477508544922,210.47999572753903,211.32000732421875,203.17999267578125,204.94000244140625,37627600,31.011811742717924,-26.688035762879963,237.2125,291.3832012939453,-0.28563675922062937,41.096979539779106
2022-02-28,209.19296264648438,211.02999877929688,213.14999389648438,206.8300018310547,207.67999267578125,34239800,31.409055690246703,-25.287095697784565,232.67850036621093,288.7706011962891,-0.30055349588673685,38.52868154556904
2022-03-01,201.71861267089844,203.4900054931641,211.75,202.22000122070312,209.8699951171875,27094900,28.948155555170274,-24.50280199783967,227.19000015258788,286.1424014282227,-0.35041180122093685,33.99755611582496
2022-03-02,206.2983856201172,208.1100006103516,209.14999389648438,202.02000427246094,204.77999877929688,29452100,32.440987147162616,-23.240546046963715,221.64550018310547,283.62880126953127,-0.34761755294560626,26.438591537693203
2022-03-03,201.203125,202.97000122070312,209.0800018310547,201.4199981689453,209.02000427246094,27263500,30.636524013426097,-22.39677799064293,215.6440002441406,281.1792010498047,-0.37160990334147637,11.780141464293235
2022-03-04,198.3184814453125,200.05999755859372,205.88999938964844,198.7899932861328,202.3699951171875,32130900,29.63162018122196,-21.712609258700724,213.7590003967285,278.49640075683595,-0.15856324789391052,11.048558787740737
2022-03-07,185.83804321289062,187.47000122070312,200.88999938964844,187.27999877929688,200.7899932861328,38560600,25.70342732590143,-21.93347267505979,211.27800064086915,275.63680053710937,-0.20928759493703486,11.104791011413177
2022-03-08,188.63351440429688,190.2899932861328,196.6999969482422,186.11000061035156,187.85000610351562,37508100,28.00562666500757,-21.631603076673656,209.5470001220703,272.73780059814453,-0.15392828158941063,11.557064313009649
2022-03-09,196.77203369140625,198.5,199.10000610351562,193.9199981689453,195.74000549316406,31894700,34.38071153736618,-20.493652250886868,208.46300048828124,269.7842007446289,-0.09846486237151164,11.523942015817171
2022-03-10,193.51068115234375,195.2100067138672,196.27999877929688,191.07000732421875,194.83999633789062,24853000,33.11524246059311,-19.630999048370683,206.6235008239746,266.76400085449217,-0.15857755726781386,10.455922194382655
2022-03-11,185.97683715820312,187.6100006103516,193.55999755859375,186.6699981689453,192.63999938964844,34694500,30.33733533707509,-19.33768435894902,204.60050048828126,263.6574008178711,-0.17740169866505162,9.991864616852753
2022-03-14,185.00537109375,186.6300048828125,192.2899932861328,185.82000732421875,187.02999877929688,31010500,29.988008197442696,-18.965683228875918,202.954500579834,260.50280120849607,-0.14994305493671334,10.110376596003631
2022-03-15,190.35833740234375,192.02999877929688,192.27999877929688,185.91000366210938,190.8000030517578,31721700,34.465923254765485,-18.027327465949526,201.6710006713867,257.61640106201173,-0.1179145545649608,9.763363903380489
2022-03-16,201.85739135742188,203.6300048828125,203.72999572753906,194.52000427246094,194.6999969482422,40640300,42.91272604896461,-16.16135220792387,200.80250091552733,254.91820098876954,-0.07859726297369907,8.664154422929796
2022-03-17,206.03073120117188,207.83999633789065,208.0399932861328,201.11000061035156,201.6999969482422,29499700,45.65068494959615,-14.17939105256508,200.36750106811525,252.3444009399414,-0.040177321594104365,8.027443205008296
2022-03-18,214.60545349121094,216.4900054931641,216.8000030517578,206.0,206.6999969482422,52128000,50.86501463666938,-11.774954761164537,200.80650100708007,250.19080078125,0.042270466012703345,8.664887962444666
2022-03-21,209.64898681640625,211.4900054931641,214.7100067138672,207.6300048828125,214.5,30142300,47.998400131091394,-10.15581003415656,201.0730010986328,247.7714010620117,0.02585371428199279,8.916519901973428
2022-03-22,214.7640380859375,216.6499938964844,219.4600067138672,210.17999267578125,211.3699951171875,31998800,51.06351195684034,-8.359890617185613,201.8015007019043,245.46860076904298,0.07210011843532493,9.574078591899179
2022-03-23,211.601806640625,213.4600067138672,216.8000030517578,212.16000366210938,213.3300018310547,23717300,49.13532838985973,-7.112033748175747,202.55200119018554,243.17640075683593,0.07563623077071524,9.880922080761048
2022-03-24,217.6586151123047,219.57000732421875,220.6699981689453,214.7899932861328,215.0,31502300,52.81083327335668,-5.565911836323153,203.1505012512207,240.88040100097658,0.05765896372245072,10.543109335802855
2022-03-25,219.88905334472656,221.82000732421875,225.5,218.88999938964844,220.50999450683594,40039000,54.125448147181736,-4.111646385882267,203.71750183105468,238.65160095214844,0.05387690909761833,11.23993142292218
2022-03-28,221.64361572265625,223.58999633789065,224.0399932861328,219.5399932861328,222.1300048828125,26224100,55.183166732184596,-2.784212548852082,204.3455017089844,236.5938006591797,0.05951759290739278,11.995483489565801
2022-03-29,227.85903930664062,229.8600006103516,230.88999938964844,225.2899932861328,226.07000732421875,31417900,58.806505075659146,-1.2123000844429441,205.66400146484375,234.55300079345704,0.12958865008273524,13.277265506177446
2022-03-30,225.86651611328125,227.8500061035156,231.14999389648438,226.7100067138672,228.91000366210938,25588000,57.20970999137048,-0.12727079139767739,206.65100173950196,232.74700103759767,0.0948537092656283,14.172215787594878
2022-03-31,220.42433166503906,222.3600006103516,228.49000549316406,222.25999450683594,228.4499969482422,24192300,52.97830613309755,0.2863246073044081,207.62050170898436,230.80240112304688,0.09553135573253702,14.564930092089023
2022-04-01,222.8926544189453,224.8500061035156,227.27999877929688,222.6999969482422,224.5500030517578,19544800,54.617809801226414,0.8057365446902907,208.86000213623046,228.9682012939453,0.12391287037610477,14.937719750687704
2022-04-04,231.8539581298828,233.88999938964844,234.35000610351562,225.86000061035156,225.97999572753906,28054800,60.06221658591809,1.924640101995351,211.18100204467774,227.5826010131836,0.24761294002604917,15.045198162958803
2022-04-05,229.82179260253906,231.83999633789065,236.86000061035156,231.02000427246094,234.0800018310547,29727200,58.352608846198976,2.615807715675402,213.2585021972656,226.04520111083986,0.21835096178326352,14.876405600230244
2022-04-06,221.3561553955078,223.3000030517578,228.99000549316406,221.41000366210938,226.91000366210938,28995100,51.74490704159244,2.4462580031044467,214.4985023498535,224.50820129394532,0.12493704308190323,14.612733763479632
2022-04-07,221.0092010498047,222.9499969482422,225.52000427246094,218.55999755859375,223.92999267578125,21037200,51.48757411431088,2.257621610318523,215.88550186157227,223.0746011352539,0.1421033209380267,13.98874381505474
2022-04-08,220.39459228515625,222.3300018310547,225.1300048828125,220.02999877929688,222.3800048828125,18375700,51.00370620574503,2.0346433831428214,217.62150192260742,221.62840087890626,0.18506476791081772,12.35392075320315
2022-04-11,214.57569885253906,216.4600067138672,220.61000061035156,215.22000122070312,218.4199981689453,20516600,46.54385008113005,1.368496803977166,219.11300201416014,219.92340118408202,0.15983497321229434,9.989869957117747
2022-04-12,212.27587890625,214.13999938964844,222.02999877929688,213.1300048828125,220.24000549316406,20128800,44.87373042616074,0.645919876442747,220.21850204467773,217.9410009765625,0.11513826355726287,7.823552894530021
2022-04-13,213.1184844970703,214.9900054931641,216.61000061035156,211.3300018310547,211.82000732421875,19231800,45.64331371200969,0.14024419644476893,220.7865020751953,215.8608010864258,0.055787459303402676,6.915497757262324
2022-04-14,208.35037231445312,210.17999267578125,214.99000549316406,210.0,214.88999938964844,18379500,42.064632644334495,-0.6412434037601997,220.90350189208985,213.6044009399414,0.011258643086609732,6.7014151179317345
2022-04-18,208.9352264404297,210.7700042724609,213.3800048828125,208.3000030517578,210.0,16580800,42.65853305511503,-1.1991459443137273,220.61750183105468,213.0646011352539,-0.026421548688462693,7.014433352660792
2022-04-19,215.41827392578125,217.30999755859372,218.42999267578125,209.0,210.52000427246094,20089900,48.91032400036983,-1.100874727399912,220.90850143432618,212.66900115966797,0.027518993400460046,6.730832472371752
2022-04-20,198.67530822753906,200.4199981689453,214.16000366210938,198.9199981689453,213.61000061035156,43036500,37.53006835419912,-2.358686406457622,220.0970016479492,212.17920104980467,-0.0749134372710567,8.108641430731714
2022-04-21,186.43284606933594,188.07000732421875,202.97000122070312,185.5800018310547,201.60000610351562,49954100,31.718585338314924,-4.302456234854731,218.8275016784668,211.53700134277344,-0.11894499480496368,10.757365436119825
2022-04-22,182.50730895996094,184.1100006103516,192.72000122070312,183.27000427246094,190.3699951171875,36426800,30.10863438542181,-6.092219955248083,217.05450134277345,210.57920135498046,-0.16149749752254028,13.259713963278857
2022-04-25,185.36224365234375,186.9900054931641,187.17999267578125,181.66000366210938,182.72999572753906,29281100,32.78086384960683,-7.195285501027087,215.3130012512207,209.75760131835938,-0.15701920783072598,14.79880451328463
2022-04-26,179.37481689453125,180.9499969482422,187.19000244140625,179.5,186.6300048828125,31747400,30.175139226666133,-8.459337131633731,213.18100128173828,208.98560119628905,-0.19070620371231017,16.51552160702504
2022-04-27,173.42703247070312,174.9499969482422,181.2100067138672,169.0,174.42999267578125,71062900,27.810247020407616,-9.831920749554769,210.4355010986328,208.13060119628906,-0.238884553712285,18.086272598627353
2022-04-28,203.93910217285156,205.72999572753903,208.52999877929688,192.89999389648438,202.9199981689453,100890600,49.62250646208903,-8.339877576078322,209.329500579834,207.82520111083986,-0.0970814561485116,17.63603357812445
2022-04-29,198.72488403320312,200.47000122070312,212.47999572753906,199.89999389648438,204.4600067138672,49193400,47.00852160310412,-7.495457243260859,208.23500061035156,207.50380126953124,-0.09844396172676306,17.46319757479634
2022-05-02,209.29208374023438,211.1300048828125,211.8800048828125,200.99000549316406,201.1699981689453,49915300,52.47269312097318,-5.898085382756847,207.54900054931642,207.57220123291015,-0.061018460521574225,17.040528842973398
2022-05-03,210.1842498779297,212.02999877929688,214.89999389648438,208.08999633789062,210.4499969482422,41556300,52.914137217731614,-4.507574179704989,206.45600051879882,207.6896011352539,-0.09346274174781599,15.926725281429553
2022-05-04,221.46517944335938,223.41000366210935,224.3000030517578,206.9600067138672,210.64999389648438,41375900,58.200869549467605,-2.458967301423428,206.03450088500978,208.116201171875,-0.03636125262655365,15.319558750046559
2022-05-05,206.4668731689453,208.27999877929688,220.1699981689453,206.16000366210938,218.74000549316406,41129200,50.14031132766391,-2.032862959502154,205.28350067138672,208.3128012084961,-0.06726378892605533,14.787536350326716
2022-05-06,201.9961700439453,203.7700042724609,209.3800048828125,201.02000427246094,207.33999633789062,34747200,48.006023406037485,-2.035625638490899,204.32450103759766,208.236201171875,-0.0860282257829943,14.191445476671918
2022-05-09,194.5019989013672,196.2100067138672,202.57000732421875,195.5800018310547,199.83999633789062,36303200,44.58039524118384,-2.617668845922708,203.01850128173828,207.95080139160157,-0.11748299780537808,13.638335331530577
2022-05-10,195.92942810058594,197.6499938964844,202.9600067138672,194.19000244140625,199.50999450683594,34452500,45.37989561013329,-2.9289838474804526,202.07800064086913,207.6832012939453,-0.08689832871643233,13.307171781934327
2022-05-11,187.0970001220703,188.7400054931641,200.6699981689453,188.27000427246094,196.3300018310547,31153400,41.40010784550441,-3.8502811846070415,200.80800094604493,207.38820129394531,-0.11861396268273361,13.307472993717361
2022-05-12,189.57522583007812,191.2400054931641,198.0500030517578,184.77999877929688,187.05999755859375,38262200,42.91290913266356,-4.328787289938617,199.62050094604493,207.05080139160157,-0.11047025160783652,13.03215067096438
2022-05-13,196.89096069335938,198.6199951171875,199.88999938964844,191.27999877929688,192.5800018310547,24549800,47.24271046374561,-4.065637205419421,199.04250106811523,206.96380126953125,-0.05500046608349607,12.793334078934041
2022-05-16,198.2986297607422,200.0399932861328,205.3699951171875,195.92999267578125,197.0500030517578,27112600,48.059023781474195,-3.6998572316447564,198.50600051879883,206.96340118408204,-0.05090862441914401,12.49720504074454
2022-05-17,200.85618591308594,202.6199951171875,205.4600067138672,198.36000061035156,202.1199951171875,24872700,49.58535242887852,-3.1653017530574346,197.77150039672853,207.2664010620117,-0.06759929412564336,11.742785872889913
2022-05-18,190.56655883789062,192.2400054931641,201.0,191.6300048828125,200.0,23960000,43.985128404063985,-3.538452026131239,197.36250076293945,207.30540130615233,-0.04081425381955073,11.78805073499216
2022-05-19,189.62481689453125,191.2899932861328,195.2899932861328,189.60000610351562,191.1999969482422,24446900,43.50088133406213,-3.866266438631669,197.52350006103515,207.161201171875,0.01712120931841654,11.675911234024786
2022-05-20,191.85520935058594,193.5399932861328,197.91000366210938,187.8699951171875,194.97000122070312,31465600,45.04405164737329,-3.8995538964182686,197.99499969482423,207.12780090332032,0.051219339767092587,11.289751478246124
2022-05-23,194.5218048095703,196.22999572753903,196.99000549316406,191.24000549316406,195.19000244140625,25059200,46.91099695721033,-3.666607363501612,198.45699920654297,207.30020080566408,0.04941435351052892,11.001071122538969
2022-05-24,179.70193481445312,181.27999877929688,183.67999267578125,176.11000061035156,180.5500030517578,50406300,38.98448978157554,-4.63490704596515,198.4734992980957,207.19320068359374,0.0018237183565639192,10.973644315178873
2022-05-25,182.229736328125,183.8300018310547,185.4499969482422,179.32000732421875,180.39999389648438,28030200,40.82126967680483,-5.137307897943458,198.91749954223633,207.0292007446289,0.05075738804065022,10.118067873839511
2022-05-26,189.9618377685547,191.6300048828125,192.8300018310547,182.25999450683594,182.8800048828125,23056500,46.160253802725734,-4.850159514048983,198.2125,206.7892007446289,-0.06853638816675045,10.10962969684199
2022-05-27,193.4313507080078,195.1300048828125,195.3300018310547,189.8000030517578,191.36000061035156,22562700,48.409419027724965,-4.29071095670659,197.94550018310548,206.53500091552735,-0.026637383675234605,10.11738297210272
2022-05-31,191.95433044433594,193.63999938964844,197.60000610351562,192.00999450683594,194.88999938964844,26131100,47.49968673697386,-3.9223604060302932,197.07099990844728,206.07800079345702,-0.08283998052703057,9.663492024865056
2022-06-01,186.9978790283203,188.63999938964844,199.52999877929688,185.0,196.50999450683594,36623500,44.47900075749593,-3.9879278047194475,195.90149993896483,205.62100067138672,-0.11031457588223259,9.160079300781382
2022-06-02,197.12887573242188,198.8600006103516,200.94000244140625,187.72999572753906,188.4499969482422,31951600,51.29671392372993,-3.1785810504201777,194.67399978637695,205.26520080566405,-0.10988766236666725,6.553961517079052
2022-06-03,189.11923217773438,190.77999877929688,196.61000061035156,189.77999877929688,195.97999572753906,19465000,46.44125186475062,-3.152812872743681,193.79899978637695,204.81160064697266,-0.08402150999887326,5.762224328501375
2022-06-06,192.55902099609375,194.25,196.9199981689453,188.39999389648438,193.99000549316406,30574200,48.68754616591339,-2.819885423935432,193.3229995727539,204.30520050048827,-0.046719360420347744,5.267138950188556
2022-06-07,193.9468536376953,195.6499938964844,196.52999877929688,191.49000549316406,191.92999267578125,18828700,49.605873181242764,-2.41522895892237,193.29499893188478,203.7818002319336,-0.0028541501361826205,5.252451624684306
2022-06-08,194.92822265625,196.63999938964844,202.02999877929688,194.41000366210938,194.6699981689453,22267200,50.28347026633988,-1.9916916440423904,193.24449920654297,203.24280029296875,-0.005110015370731191,5.213084528875824
2022-06-09,182.3982696533203,184.0,199.4499969482422,183.67999267578125,194.27999877929688,23501600,42.437669695931916,-2.6454821133927737,193.00749893188475,202.3256002807617,-0.02511394169338288,5.5269467880511085
2022-06-10,174.04165649414062,175.57000732421875,183.10000610351562,175.02000427246094,183.0399932861328,27450800,38.1610806909913,-3.8000412174944245,192.2239990234375,201.28000030517578,-0.08193891298285638,6.763136587575182
2022-06-13,162.830078125,164.25999450683594,172.5800018310547,164.02999877929688,170.58999633789062,31749300,33.310948563478874,-5.563528247821182,190.50599899291993,200.11800018310547,-0.1729936635537569,9.035330110818467
2022-06-14,162.30470275878906,163.72999572753906,166.75,161.36000061035156,166.02999877929688,27244300,33.09865360142109,-6.924054704142804,188.69049911499025,198.89559997558592,-0.18151369114803317,10.541255097465882
2022-06-15,167.8757781982422,169.35000610351562,172.16000366210938,163.97999572753906,167.1999969482422,30008300,37.63728227835198,-7.462767713101556,187.02699966430663,197.60480010986328,-0.16419894292480763,10.848046935958193
2022-06-16,159.46958923339844,160.8699951171875,165.0800018310547,159.61000061035156,163.72000122070312,26944100,33.90017383127065,-8.476258636829328,185.4584991455078,196.18540008544923,-0.16318148917807895,12.23397319745975
2022-06-17,162.3146209716797,163.74000549316406,165.89999389648438,159.89999389648438,161.67999267578125,31374200,36.20878121148781,-8.94476199566256,184.08099975585938,194.99420013427735,-0.14402210653935932,13.065560303759176
2022-06-21,155.68287658691406,157.0500030517578,167.75999450683594,155.97000122070312,165.92999267578125,50724900,33.290064827568784,-9.743563830579546,182.25650024414062,193.67620025634767,-0.18853979280875333,14.175766404266508
2022-06-22,154.49331665039062,155.85000610351562,160.7899932861328,155.44000244140625,158.3800048828125,47267800,32.77965281448374,-10.35409421186344,180.23750076293945,192.3466003417969,-0.20577888448863912,14.936024780253751
2022-06-23,157.36805725097656,158.75,159.75,154.25,156.27000427246094,40499200,35.35903504196631,-10.483096060592914,179.11100082397462,191.19240020751954,-0.12428287141995453,15.684148439484936
2022-06-24,168.67872619628906,170.16000366210938,170.25,161.3000030517578,161.72999572753906,68736000,44.39907503331114,-9.554500680590536,178.42750091552733,190.31280029296875,-0.07436217174990001,15.765327830323844
2022-06-27,168.0145721435547,169.49000549316406,171.75,168.00999450683594,171.32000732421875,29174600,44.00986407147963,-8.771532636452264,177.32050094604492,189.40280029296875,-0.11553513972505358,15.56553109162739
2022-06-28,159.28126525878906,160.67999267578125,171.3000030517578,160.61000061035156,169.89999389648438,27744500,39.1499363639413,-8.760928694010317,175.59800033569337,188.41280029296874,-0.1765490254956975,15.396201382312421
2022-06-29,162.5128936767578,163.94000244140625,166.3300018310547,160.32000732421875,163.57000732421875,28595200,41.71480473362411,-8.39272335957989,174.11300048828124,187.47620025634765,-0.15337738608684315,14.991415117350238
2022-06-30,159.84629821777344,161.25,165.22999572753906,158.49000549316406,162.14999389648438,35250600,40.208742251170854,-8.223186915000696,172.74350051879884,186.3550003051758,-0.14519719825206623,14.84484758806826
2022-07-01,158.63693237304688,160.02999877929688,160.6199951171875,155.0,160.30999755859375,31423900,39.51199698078365,-8.093969719161379,170.8020004272461,185.54720031738282,-0.19526300770328686,13.748097659187827
2022-07-05,166.72586059570312,168.19000244140625,168.25,157.02000427246094,158.13999938964844,28618600,46.2240640936342,-7.249551741179857,169.67250061035156,185.14960021972655,-0.11840861978421424,12.923622423341712
2022-07-06,168.29214477539062,169.77000427246094,171.58999633789062,165.4600067138672,168.1999969482422,23085900,47.44022889219733,-6.379314697934348,168.4485008239746,184.86280029296876,-0.1260231440285151,11.560761301319902
2022-07-07,170.69107055664062,172.19000244140625,172.72000122070312,167.77999877929688,169.4499969482422,24083400,49.33037036615232,-5.431758018690147,167.2755012512207,184.5668002319336,-0.11990795904389595,9.695174829404408
2022-07-08,169.3924560546875,170.8800048828125,172.39999389648438,168.14999389648438,169.97999572753906,19249200,48.317427883530456,-4.73197116049559,165.9875015258789,184.365400390625,-0.13100078614113342,6.895733670139471
2022-07-11,161.46209716796875,162.8800048828125,167.49000549316406,161.91000366210938,167.07000732421875,21885600,42.56877895751432,-4.767956144411556,164.93150177001954,184.1240005493164,-0.11478258215862769,5.45978329317071
2022-07-12,161.84872436523438,163.27000427246094,165.91000366210938,162.10000610351562,164.8000030517578,16639700,42.9252829277018,-4.71070276289899,164.31650161743164,183.27480072021484,-0.07005754137176656,4.857949038287233
2022-07-13,162.06680297851562,163.49000549316406,164.97999572753906,159.61000061035156,160.16000366210938,16555100,43.13970587896368,-4.5946129476647,164.27800216674805,182.53520080566406,-0.004687623520161721,4.861470250585034
2022-07-14,156.67416381835938,158.0500030517578,162.58999633789062,157.27999877929688,161.22000122070312,23765200,39.216385678355614,-4.885259435924752,163.99400253295897,181.47360076904297,-0.03469121617295623,5.057139367313428
2022-07-15,163.26625061035156,164.6999969482422,164.97999572753906,159.82000732421875,160.5399932861328,23342800,45.715567834619925,-4.52681760523032,163.76150207519532,180.52700073242187,-0.02745798044099923,4.9024646735761355
2022-07-18,165.77423095703125,167.22999572753906,171.69000244140625,165.63999938964844,166.75,23574300,47.99386573516622,-3.9925761816343197,164.0795021057129,179.40340057373047,0.039535033277762865,4.911298429333727
2022-07-19,174.24978637695312,175.77999877929688,176.49000549316406,169.50999450683594,170.3699951171875,25933700,54.88494634690013,-2.8464599945555165,164.68150177001954,178.75340057373046,0.0735311645426533,5.562252882835707
2022-07-20,181.49618530273438,183.08999633789065,183.60000610351562,176.6999969482422,177.49000549316406,24784300,59.79059106584661,-1.332933718015596,165.98350143432617,178.33980041503906,0.16580702184100593,6.627547464822857
2022-07-21,181.57545471191406,183.1699981689453,183.85000610351562,178.8699951171875,180.6300048828125,27195800,59.84205624153213,-0.125550492402823,167.34950103759766,178.07900024414062,0.1752967019281586,7.218150246492694
2022-07-22,167.79649353027344,169.27000427246094,175.60000610351562,168.41000366210938,173.07000732421875,42583900,48.27962797768529,-0.28699562085995467,167.8755012512207,177.51140045166017,0.06626774344857278,6.936310094153154
2022-07-25,165.19927978515625,166.64999389648438,170.57000732421875,164.80999755859375,169.0,26166300,46.457529926156205,-0.6192170407163928,167.70000076293945,177.06960021972657,-0.020627701516714225,6.919851174647667
2022-07-26,157.76458740234375,159.14999389648438,166.0,157.9499969482422,165.94000244140625,28468400,41.61571559921737,-1.4707384717638377,167.18300018310546,176.42779998779298,-0.061006615502745554,7.161134774076987
2022-07-27,168.10377502441406,169.5800018310547,170.8699951171875,162.02000427246094,162.58999633789062,43846600,49.49825985236271,-1.2891009147354282,167.62800064086915,175.8470001220703,0.055389653727653476,7.01071051249131
2022-07-28,159.3209228515625,160.72000122070312,161.50999450683594,154.85000610351562,161.05999755859375,73214300,44.056780229984554,-1.8388823541886836,167.46700057983398,175.06060028076172,-0.019641339348241083,7.135721410016058
2022-07-29,157.7150115966797,159.10000610351562,160.13999938964844,155.1699981689453,157.69000244140625,42065400,43.12330299554086,-2.3778972536591425,167.35950088500977,174.1902005004883,-0.013333295482073626,7.249596204563494
2022-08-01,158.5377655029297,159.92999267578125,165.19000244140625,155.22999572753906,157.25,40596700,43.78053653337677,-2.706894075073137,167.354500579834,173.54400024414062,-0.0006249209790568644,7.254950210237631
2022-08-02,158.79551696777344,160.19000244140625,162.24000549316406,158.00999450683594,158.30999755859375,27374500,43.998852526501565,-2.9130658019992097,166.954500579834,172.9220004272461,-0.04756525289181224,7.425006534543813
2022-08-03,167.33056640625,168.8000030517578,169.5399932861328,161.57000732421875,162.69000244140625,31721900,50.81073841622367,-2.3545613706796473,166.90600051879883,172.4272006225586,-0.005713619581150464,7.408798083980324
2022-08-04,169.0851593017578,170.57000732421875,172.14999389648438,166.8000030517578,168.3000030517578,23938200,52.100638232380724,-1.7489571435442883,166.82500076293945,171.9140008544922,-0.009408183368478484,7.356660220070107
2022-08-05,165.65530395507812,167.11000061035156,171.61000061035156,165.8000030517578,166.99000549316406,25832700,49.37492931577453,-1.530561693264758,166.6365005493164,171.6306008911133,-0.02206229028988127,7.295333988847333
2022-08-08,168.76795959472656,170.25,177.50999450683594,167.1300048828125,168.0,27299100,51.83746792418729,-1.0915275664553974,167.00500030517577,171.3590008544922,0.04524800402903972,7.281723116471164
2022-08-09,167.0629119873047,168.52999877929688,169.52999877929688,166.60000610351562,168.9499969482422,18655100,50.391500299414744,-0.8723239739804569,167.26800003051758,170.89700073242187,0.03221653928579671,7.234560282804612
2022-08-10,176.7875213623047,178.33999633789062,180.47999572753906,173.9499969482422,175.99000549316406,30262100,57.6478054237694,0.09192165413111297,168.0104995727539,170.56120056152344,0.09083118445027805,7.580196273416909
2022-08-11,175.94493103027344,177.49000549316406,183.10000610351562,176.3699951171875,179.7100067138672,24079100,56.87158545514091,0.7785316753898428,168.9824996948242,170.23820068359376,0.12299906400533311,7.4814929277489455
2022-08-12,178.92872619628906,180.5,181.4600067138672,178.91000366210938,180.80999755859375,21274000,58.978051466066866,1.5477153658057716,169.77249984741212,170.0754006958008,0.09593201787807581,7.831491660075044
2022-08-15,179.31533813476562,180.88999938964844,181.44000244140625,178.1999969482422,178.9600067138672,15878700,59.25572879582429,2.1638254407667716,170.45550003051758,169.71600067138672,0.08168393237517657,8.185731021222562
2022-08-16,177.90768432617188,179.47000122070312,180.99000549316406,177.0399932861328,179.44000244140625,21156700,57.72363157274238,2.508597577862929,170.6400001525879,169.48980072021484,0.020992163312273604,8.351954683172366
2022-08-17,173.32789611816406,174.85000610351562,178.13999938964844,174.1699981689453,176.75999450683594,20118100,52.92866749855475,2.3815835724747103,170.22800064086914,169.10180084228514,-0.045005136267348034,7.89628382517
2022-08-18,173.13955688476562,174.66000366210938,175.75999450683594,171.86000061035156,174.33999633789062,18844500,52.73465479519,2.239773731645556,169.80250091552733,168.68200103759764,-0.04645954354919424,7.374211883468275
2022-08-19,166.4978790283203,167.9600067138672,172.32000732421875,167.0500030517578,170.1999969482422,26240800,46.29095298058093,1.5686719774991786,169.73700103759765,168.10840118408203,-0.007739100404848709,7.38500060460927
2022-08-22,161.63064575195312,163.0500030517578,165.49000549316406,162.25999450683594,165.49000549316406,19499700,42.21954374193744,0.6333221973301875,169.55700149536133,167.68940124511718,-0.02160210607005908,7.507066064157009
2022-08-23,159.70751953125,161.11000061035156,165.0500030517578,160.6999969482422,162.47999572753906,18111800,40.69650519254031,-0.2614770810036475,169.65500183105468,167.40020111083984,0.012315468357114945,7.375702330208765
2022-08-24,161.8387908935547,163.25999450683594,165.4600067138672,159.77000427246094,160.60000610351562,20891500,43.14438643658879,-0.788041366235035,169.33900146484376,167.38020111083983,-0.03726858860701687,7.513188689725583
2022-08-25,167.3107452392578,168.77999877929688,168.8800048828125,164.02000427246094,165.17999267578125,15550500,48.96856532212538,-0.7512689826019425,169.74200134277345,167.481201171875,0.0501493124525656,7.2376545423832015
2022-08-26,160.3716583251953,161.77999877929688,170.9199981689453,161.6699981689453,168.47999572753906,24023600,42.958808589441816,-1.2723017990420828,169.8760009765625,167.32980102539062,0.01684470504694735,7.0527020814124715
2022-08-29,157.78440856933594,159.1699981689453,163.0500030517578,159.00999450683594,160.66000366210938,20052700,40.94124244026876,-1.8742244042122422,169.8380012512207,167.29580108642577,-0.0047520449049018865,7.110918445931217
2022-08-30,155.7919158935547,157.16000366210938,161.66000366210938,155.91000366210938,160.35000610351562,19567900,39.40634060200286,-2.484798948361373,169.68650131225587,167.1642010498047,-0.018915030483286133,7.355365957313832
2022-08-31,161.51165771484375,162.92999267578125,167.83999633789062,162.13999938964844,167.07000732421875,40953000,45.69975301340452,-2.4745684966939905,169.39300079345702,167.28180084228515,-0.03477494235694234,7.508130461994947
2022-09-01,163.92051696777344,165.36000061035156,167.36000061035156,160.35000610351562,163.5800018310547,30145700,48.14255097444083,-2.2445061879667207,169.13250045776368,167.47200073242186,-0.030544682477289364,7.5553779217118695
2022-09-02,158.9243927001953,160.32000732421875,167.92999267578125,159.22000122070312,167.4499969482422,22634200,43.74674570691104,-2.440730268764014,168.79300079345703,167.50340087890626,-0.04063187877046903,7.799646768022769
2022-09-06,157.1598663330078,158.5399932861328,161.69000244140625,157.69000244140625,160.10000610351562,19339800,42.27847278341491,-2.7086479160877275,168.20750045776367,167.27100067138673,-0.06878124354694382,8.117558641961713
2022-09-07,158.99380493164062,160.38999938964844,160.9600067138672,156.80999755859375,157.75999450683594,16831200,44.36833434802892,-2.740108287743624,167.80050048828124,167.0890005493164,-0.048300002661890495,8.302494064364877
2022-09-08,160.64926147460938,162.05999755859375,162.22999572753906,157.74000549316406,158.7100067138672,22530800,46.25983383380051,-2.6003111946494073,166.98650054931642,167.11660064697264,-0.0912863020836453,8.007618836545506
2022-09-09,167.67750549316406,169.14999389648438,169.5399932861328,163.02000427246094,163.25,22086800,53.48995568891471,-1.8955666281524088,166.56949996948242,167.22080047607423,-0.04698862661875858,7.640599752164438
2022-09-12,167.48916625976562,168.9600067138672,171.38999938964844,167.27999877929688,167.38999938964844,23220400,53.283085005691305,-1.3369701005569254,165.99250030517578,167.37500061035155,-0.06393348080960004,6.936530476683481
2022-09-13,151.79698181152344,153.1300048828125,161.6300048828125,152.6699981689453,161.5399932861328,44444100,39.55595068251443,-2.14687929080921,164.604500579834,167.23700073242188,-0.1534634009646888,6.5661455920848875
2022-09-14,150.1514129638672,151.47000122070312,153.5399932861328,149.0500030517578,153.3300018310547,43064200,38.437646186911536,-2.889379611878155,163.204500579834,166.9026007080078,-0.15601493179669068,6.204849779359592
2022-09-15,148.24815368652344,149.5500030517578,154.1999969482422,148.6999969482422,149.8000030517578,34606300,37.13011810088722,-3.591345476769675,161.9395004272461,166.49820068359375,-0.1446954656483087,6.284174153442577
2022-09-16,145.01654052734375,146.2899932861328,148.5800018310547,144.2899932861328,148.0500030517578,40122800,34.95583216392528,-4.3604494778397225,160.52099990844727,165.98020050048828,-0.16242991973629006,6.4611350143520045
2022-09-19,146.7314910888672,148.02000427246094,148.5800018310547,145.10000610351562,145.24000549316406,22169500,37.06211699698944,-4.775325531303338,159.52399978637695,165.52300048828124,-0.11871875234784657,6.783241472348958
2022-09-20,144.8182373046875,146.08999633789062,148.83999633789062,145.22000122070312,145.77999877929688,23217400,35.67421721419308,-5.19991195507896,158.6759994506836,165.1872003173828,-0.10401721187630697,7.355243710626232
2022-09-21,140.88284301757812,142.1199951171875,149.60000610351562,142.0,146.38999938964844,38338600,32.941541876033256,-5.7900021342746015,157.72649917602538,164.76420013427733,-0.1178698120614613,8.20153545709378
2022-09-22,141.57676696777344,142.82000732421875,144.5800018310547,140.8699951171875,141.5500030517578,34418500,33.90296643206483,-6.130499139815441,156.70449981689453,164.35080017089842,-0.12519899467325624,8.732072667007039
2022-09-23,139.1876983642578,140.41000366210938,142.6199951171875,138.88999938964844,141.4199981689453,31710700,32.191757244131736,-6.519658064326904,155.28600006103517,163.99800018310546,-0.16808860837998452,8.968315181723087
2022-09-26,135.182861328125,136.3699951171875,142.24000549316406,136.19000244140625,140.1199951171875,30497000,29.503401384487475,-7.0725364439313125,154.0154998779297,163.43140014648438,-0.1570651740254625,9.764443218969761
2022-09-27,133.23001098632812,134.39999389648438,139.4199981689453,134.1199951171875,137.9199981689453,30826500,28.26391083095291,-7.582255654173991,152.77699966430663,162.7748001098633,-0.15561980622861915,10.61048201406794
2022-09-28,140.3772735595703,141.61000061035156,142.02999877929688,134.27000427246094,134.6199951171875,32658500,38.454942929235834,-7.320043609193249,151.99949951171874,162.09140014648438,-0.09894376870332722,10.839657347777004
2022-09-29,135.22254943847656,136.41000366210938,139.83999633789062,135.1999969482422,139.36000061035156,38985400,34.63348747392995,-7.446002092795254,150.67350006103516,161.15780029296874,-0.16276922731129506,11.052164508409966
2022-09-30,134.49888610839844,135.67999267578125,140.99000549316406,135.5,136.0500030517578,33166400,34.12085335773628,-7.518067284352412,149.18949966430665,160.20800018310547,-0.1794872268082971,10.968671386882617
2022-10-03,137.4033660888672,138.61000061035156,139.6199951171875,136.10000610351562,137.13999938964844,27723100,38.08226886604191,-7.255119809631168,148.10399932861327,159.5948001098633,-0.13541670235806913,10.883098116767004
2022-10-04,139.058837890625,140.27999877929688,142.38999938964844,139.33999633789062,140.49000549316406,34670700,40.28625385325288,-6.833208175678635,147.19099960327148,159.06740020751954,-0.11517595105406819,10.726328435723465
2022-10-05,137.77015686035156,138.97999572753906,140.2100067138672,134.77999877929688,138.24000549316406,27979300,39.118924087524576,-6.528483256617562,146.12049942016603,158.66400024414062,-0.1334871484729937,10.403227963005925
2022-10-06,137.859375,139.07000732421875,141.4499969482422,136.60000610351562,137.72000122070312,36231100,39.25018047402464,-6.208159580049738,144.97099990844725,158.0538003540039,-0.14186098099910704,9.80206944931935
2022-10-07,132.2882843017578,133.4499969482422,138.2899932861328,132.44000244140625,136.75999450683594,33214800,34.2806984683541,-6.334765395294738,143.18600006103514,157.50840026855468,-0.2110552659557866,8.30318903265033
2022-10-10,132.62535095214844,133.7899932861328,136.11000061035156,131.8699951171875,133.5500030517578,24024000,34.81836931733122,-6.334644711962142,141.42749938964843,157.00220001220703,-0.20815584771664097,5.947379105538671
2022-10-11,127.4210433959961,128.5399932861328,132.66000366210938,126.98999786376953,131.6199951171875,38481400,30.64866836214493,-6.681163894969785,140.19799880981446,156.37440002441406,-0.16058258220195287,5.9425353064925925
2022-10-12,126.39009094238281,127.5,129.6699981689453,126.25,128.32000732421875,34605200,29.885169968965357,-6.959477090864226,138.9994987487793,155.72059997558594,-0.1582491650328638,5.966634769617791
2022-10-13,129.15579223632812,130.2899932861328,131.13999938964844,122.52999877929688,123.52999877929688,34325700,34.59256800509648,-6.875654892846541,138.03649826049804,154.95039978027344,-0.12878642174924793,5.7234918700972095
2022-10-14,125.65653991699219,126.76000213623048,131.7899932861328,126.5199966430664,131.0,23559400,31.693267726230772,-7.013221924672791,137.05999870300295,154.07419967651367,-0.13350189381513644,5.904400595902433
2022-10-17,132.87313842773438,134.0399932861328,134.7899932861328,130.17999267578125,130.3000030517578,29612200,42.412850748167905,-6.460339570986918,136.36099815368652,153.4127995300293,-0.0944467678881773,5.339050067378107
2022-10-18,131.6439666748047,132.8000030517578,137.83999633789062,131.39999389648438,137.08999633789062,25445000,41.226102078059384,-6.052464132283035,135.69649848937988,152.66379959106445,-0.09097127537326011,4.870965219315582
2022-10-19,132.07020568847656,133.22999572753906,137.0,132.22000122070312,132.88999938964844,30691000,41.83389930867874,-5.629628243124728,135.25199851989746,151.9577995300293,-0.0625527701595967,4.654768147751773
2022-10-20,130.38502502441406,131.52999877929688,136.77000427246094,131.30999755859375,132.92999267578125,26356300,40.06964384210427,-5.369803548138236,134.68749809265137,151.02159957885743,-0.07905060891988458,4.364183011724553
2022-10-21,128.87823486328125,130.00999450683594,130.1199951171875,125.44000244140625,126.30999755859375,46348600,38.50598255171691,-5.226296751315061,134.1674976348877,150.07199935913087,-0.07406886179064998,4.264910279293334
2022-10-24,128.5907745361328,129.72000122070312,133.47999572753906,124.56999969482422,127.25,63563400,38.199705095835036,-5.077437081457759,133.8349979400635,149.0563993835449,-0.04876434798409868,4.342675881185006
2022-10-25,136.31292724609375,137.50999450683594,138.35000610351562,130.58999633789062,130.8800048828125,38433200,49.760029478764146,-4.281522638300203,133.99049797058106,148.18879928588868,0.023139886544540245,4.418981881531053
2022-10-26,128.68991088867188,129.82000732421875,135.5500030517578,128.52999877929688,131.67999267578125,82791500,41.50603875833763,-4.2225969365672995,133.4009983062744,147.195799407959,-0.08325678437481043,4.125699884397635
2022-10-27,97.08741760253906,97.94000244140624,102.5,96.37999725341797,97.9800033569336,232316600,23.846357877505056,-6.671443606071378,131.47749824523925,145.6575993347168,-0.2820174487788608,8.878826546420251
2022-10-28,98.33645629882812,99.1999969482422,100.8499984741211,97.51000213623047,99.58000183105469,95928300,25.200931791296526,-8.413515439398807,129.65349845886232,144.14839920043946,-0.26886790755296597,11.368178769363023
2022-10-31,92.34903717041016,93.16000366210938,99.31999969482422,92.5999984741211,98.22000122070312,121361400,23.08145932025697,-10.16432884230241,127.3809986114502,142.6523991394043,-0.32789839656668995,13.77210262331049
2022-11-01,94.37126159667969,95.1999969482422,97.48999786376953,93.55000305175781,94.33000183105469,110189600,25.36460173112529,-11.257481430386648,125.12699851989748,141.29539901733398,-0.32135730127841844,15.16812401600936
2022-11-02,89.75184631347656,90.54000091552734,95.19999694824219,90.4800033569336,94.20999908447266,71821100,23.638511171242854,-12.357387199382757,122.70499877929687,139.8839990234375,-0.3485393315666455,16.636043548360664
2022-11-03,88.13603210449219,88.91000366210938,90.45999908447266,88.41000366210938,90.08000183105469,60664000,23.047699426058827,-13.20834007907537,120.1969985961914,138.39699920654297,-0.3606816784381812,17.780663426498876
2022-11-04,89.99966430664062,90.79000091552734,91.38999938964844,88.08999633789062,90.3499984741211,55638100,25.364711216000813,-13.574547368259019,118.06399879455566,136.83719924926757,-0.3196702660792138,18.644914122450846
2022-11-07,95.87803649902344,96.72000122070312,96.87999725341797,93.0999984741211,94.77999877929688,81987300,32.290054184854455,-13.233717757169416,116.21049919128419,135.5359992980957,-0.2770759692479329,18.840848321685865
2022-11-08,95.63021850585938,96.47000122070312,97.80000305175781,94.79000091552734,95.91999816894531,52088300,32.15459449343983,-12.835817432159942,114.6069995880127,134.28199935913085,-0.24949427213708641,19.09921513966426
2022-11-09,100.58670043945312,101.47000122070312,104.9000015258789,100.73999786376953,101.72000122070312,107677300,37.77681915240526,-11.978934642683456,113.30549964904785,133.16819931030273,-0.2041568531709559,19.061249730842167
2022-11-10,110.89614868164062,111.87000274658205,112.75,104.61000061035156,107.12000274658203,80671000,47.51865470638692,-10.3414459007992,112.3845001220703,132.14699951171875,-0.14137686306497999,18.637704299284813
2022-11-11,112.0361557006836,113.0199966430664,114.9000015258789,108.80999755859375,109.2300033569336,59961700,48.47920032800848,-8.848924485634171,111.6974998474121,131.10019943237305,-0.10839385659206224,18.330626973406623
2022-11-14,113.22569274902344,114.22000122070312,116.2699966430664,110.80000305175781,110.98999786376953,53395000,49.51750755607341,-7.483000795358535,110.70650024414063,130.17819931030274,-0.14786625677547072,17.579533877077115
2022-11-15,116.06080627441406,117.08000183105467,118.73999786376953,114.41000366210938,116.06999969482422,50670500,52.00035053355932,-6.099408102774262,109.92050018310547,129.34899948120116,-0.11837350044771,16.87711460375914
2022-11-16,112.24432373046875,113.2300033569336,116.08000183105469,112.66000366210938,114.5,33287800,48.53949973789209,-5.253010195092273,108.92050056457519,128.40579956054688,-0.1501162877127632,15.992635136541601
2022-11-17,110.47982025146484,111.4499969482422,112.33000183105469,109.80000305175781,110.41000366210938,35093800,46.98260451656332,-4.672009380421144,107.91650047302247,127.39359954833985,-0.1526648066404096,15.104150374817786
2022-11-18,111.0745849609375,112.0500030517578,114.31999969482422,110.62000274658203,113.80000305175781,33357700,47.59280672688356,-4.115703305051682,107.01850090026855,126.25159973144531,-0.1381431598640196,14.230077694520991
2022-11-21,108.90364074707031,109.86000061035156,112.37000274658203,109.19000244140625,111.5199966430664,24351100,45.532869336281735,-3.8076494144892052,106.02550086975097,125.069599609375,-0.15309898568812175,13.219606919949396
2022-11-22,110.46990203857422,111.44000244140624,111.62000274658203,108.31999969482422,109.86000061035156,29029000,47.30493702023608,-3.3968646030015464,104.7220012664795,124.23579956054688,-0.1895861617835619,11.060749471638585
2022-11-23,111.26292419433594,112.23999786376952,112.66999816894531,110.7300033569336,111.72000122070312,21343100,48.223467071019904,-2.9724966446047176,103.84300079345704,123.4511994934082,-0.13541833668630188,9.557639343928985
2022-11-25,110.44017028808594,111.41000366210938,112.7300033569336,111.0199966430664,111.30000305175781,12007600,47.30221774279881,-2.672350383946423,104.5165008544922,122.68839950561524,0.13753319261720187,9.594304842949313
2022-11-28,107.83305358886719,108.77999877929688,112.04000091552734,108.37999725341797,110.77999877929688,23309400,44.4072807680743,-2.6165398811029377,104.99550094604493,121.93819961547851,0.09657260207430318,9.553964186839643
2022-11-29,108.50714111328125,109.45999908447266,110.94000244140625,108.54000091552734,109.54000091552734,23899200,45.338762424359075,-2.488750546768756,105.81050071716308,121.16699951171876,0.17496774132258786,9.179079924986228
2022-11-30,117.0719223022461,118.0999984741211,118.16000366210938,109.37999725341797,109.51000213623047,43348600,55.53354913332807,-1.6710381477968923,106.95550079345703,120.60719955444335,0.24054624222655208,9.21407138568697
2022-12-01,119.39154815673828,120.44000244140624,121.19999694824219,118.4000015258789,119.19999694824219,36551400,57.82765772686206,-0.8246701324338233,108.45050086975098,120.17359970092774,0.3302407910706253,8.828022853090465
2022-12-02,122.41498565673828,123.48999786376952,124.04000091552734,117.61000061035156,117.83000183105469,39950500,60.67547590104073,0.09114113987601513,110.17950057983398,119.78699951171875,0.3889325472651739,8.16059982689934
2022-12-05,121.36421966552734,122.43000030517578,124.66999816894531,121.3499984741211,121.75,35474900,59.179763411618914,0.723060238693904,111.76150054931641,119.42739944458008,0.3484965202179793,7.2161367758241735
2022-12-06,113.12657165527344,114.12000274658205,120.55000305175781,113.73999786376953,119.91000366210938,43689200,48.984968832100655,0.5470077588634723,112.63150062561036,118.98239959716797,0.1799007579225962,6.297692966423507
2022-12-07,112.938232421875,113.93000030517578,115.87999725341797,112.87999725341797,113.76000213623047,29461100,48.778062980449825,0.3876843077289891,113.50450057983399,118.5729997253418,0.18098889668849316,5.01999820344383
2022-12-08,114.32604217529297,115.33000183105467,117.33999633789062,114.58999633789062,116.38999938964844,30619400,50.43918815559694,0.3701212206398452,114.19750061035157,118.04739974975585,0.1365921005579298,4.153030323158218
2022-12-09,114.89107513427734,115.9000015258789,117.54000091552734,113.87000274658203,115.30000305175781,26033400,51.134026402553275,0.3976131226996955,114.39900054931641,117.63719970703124,0.036023944581694334,4.1318708327357045
2022-12-12,113.71141815185547,114.70999908447266,115.72000122070312,113.13999938964844,115.18000030517578,24747100,49.57147240085278,0.31969218884296424,114.48350067138672,117.21779983520508,0.014953127690700008,4.119447062363239
2022-12-13,119.10408020019531,120.1500015258789,123.30000305175781,118.63999938964844,122.12999725341797,44701100,56.165846668361695,0.6889601170292821,114.78000068664551,116.84859985351562,0.05191735459464275,4.308550816843522
2022-12-14,120.53153991699219,121.58999633789062,124.13999938964844,119.38999938964844,119.38999938964844,36922000,57.74114056968877,1.085292580047664,115.0055004119873,116.4747998046875,0.038520622107128366,4.546702828877038
2022-12-15,115.13890838623047,116.1500015258789,118.62999725341797,114.01000213623047,118.33000183105469,34531000,50.37579506490595,0.9494817603141428,115.15150032043456,116.0181999206543,0.025788201734310956,4.533552105719012
2022-12-16,118.39035034179688,119.43000030517578,123.30999755859375,118.81999969482422,120.2300033569336,67064000,54.171587527422815,1.0939092912324924,115.55050048828124,115.62539978027344,0.0716016471551768,4.541789650951833
2022-12-19,113.48344421386719,114.4800033569336,117.80000305175781,114.33000183105469,116.83000183105469,29769900,48.18184375323388,0.7997270099983922,115.67200050354003,115.24599990844726,0.021686749120866544,4.475232708841029
2022-12-20,116.07071685791016,117.08999633789062,117.33000183105469,112.45999908447266,113.26000213623047,28742500,51.24304809585617,0.7683331868856556,116.03350028991699,114.91199996948242,0.0658109929671511,4.268268326814939
2022-12-21,118.71747589111328,119.76000213623048,120.33999633789062,115.62000274658203,116.69999694824219,20392800,54.22239439889159,0.9479728685094955,116.4495002746582,114.73640014648437,0.07465900495828515,4.201939711636698
2022-12-22,116.10045623779297,117.12000274658205,118.62000274658203,114.37999725341797,117.19999694824219,23618100,50.90984388683494,0.8673148572911629,116.69350051879883,114.52880020141602,0.043478305200393974,4.0846863572123056
2022-12-23,117.012451171875,118.04000091552734,118.18000030517578,115.54000091552734,116.02999877929688,17796600,52.01011905158824,0.8676274960839123,117.02500038146972,114.2838003540039,0.059509891710674445,3.8980998826274567
2022-12-27,115.862548828125,116.87999725341795,118.5999984741211,116.05000305175781,117.93000030517578,21392300,50.473976570435575,0.7654490435044607,117.43000030517578,114.08620025634765,0.07446220412775628,3.383154452400474
2022-12-28,114.61351776123047,115.62000274658205,118.1500015258789,115.51000213623047,116.25,19612500,48.78837855478121,0.5761592519808971,117.73800048828124,113.71780044555663,0.056276299229233384,2.8592125928892997
2022-12-29,119.213134765625,120.26000213623048,121.02999877929688,115.7699966430664,116.4000015258789,22366200,54.777644823499635,0.7914317683149505,117.84600067138672,113.46700042724609,0.01828961634222792,2.9138779130846704
2022-12-30,119.29241943359375,120.33999633789062,120.41999816894531,117.73999786376953,118.16000366210938,19583800,54.87562575311665,0.9574547100958313,117.84100036621093,113.20920043945313,-0.0008303396005348018,2.909274412122011
2023-01-03,123.65412139892578,124.73999786376952,126.37000274658203,122.27999877929688,122.81999969482422,35528500,60.00823238832474,1.4276157724148248,117.90350036621093,113.07340042114258,0.010122277282561543,3.0471776694908264
2023-01-04,126.26122283935547,127.37000274658205,129.0500030517578,125.8499984741211,127.37999725341797,32397100,62.73656951802202,1.9895074127761063,118.15050048828125,113.0206005859375,0.04034960736006332,3.585980212860404
2023-01-05,125.83497619628906,126.94000244140624,128.52000427246094,124.54000091552734,126.12999725341797,25447100,61.99190729239038,2.3727614381417084,118.79150047302247,112.96500061035157,0.11233788456255667,3.954468761865924
2023-01-06,128.88816833496094,130.02000427246094,130.3300018310547,126.04000091552734,128.97000122070312,27584500,65.18002202936958,2.891689821311246,119.59600067138672,112.81520080566406,0.14122710369688463,4.510918583612199
2023-01-09,128.3429412841797,129.47000122070312,132.9499969482422,129.27999877929688,131.16000366210938,26649100,64.14530511319455,3.221429025405712,120.30300064086914,112.80820068359375,0.12260469231901983,4.898547069751331
2023-01-10,131.83230590820312,132.99000549316406,133.44000244140625,127.1500015258789,127.2699966430664,28684400,67.68138862623434,3.72385832641217,121.15750083923339,113.50920074462891,0.14745473461852532,5.5388094086055695
2023-01-11,131.7332000732422,132.88999938964844,133.85000610351562,130.33999633789062,130.9600067138672,25423000,67.47777574941577,4.06708468986713,122.06650085449219,114.18300079345703,0.15848662235441213,5.90470555634434
2023-01-12,135.51992797851562,136.7100067138672,137.67999267578125,131.75999450683594,133.44000244140625,30757700,71.05929623705852,4.594375619407771,122.89450111389161,115.05400085449219,0.13782775678468417,6.725806592290356
2023-01-13,135.78758239746094,136.97999572753906,137.38999938964844,134.83999633789062,134.97000122070312,22423800,71.29986416747043,4.976675321769193,123.66400108337402,115.88960083007812,0.1265729077487645,7.4138910650383725
2023-01-17,134.18170166015625,135.36000061035156,136.75,134.25,136.17999267578125,21147600,67.66534279450653,5.090253252199574,124.62450103759765,116.7860008239746,0.165389572381474,7.630392299029306
2023-01-18,131.86204528808594,133.02000427246094,137.25,132.8000030517578,135.80999755859375,20215500,62.694032356778756,4.934563851625853,125.30400123596192,117.66820083618164,0.1137905378259989,7.747672222302676
2023-01-19,134.9647979736328,136.14999389648438,137.4499969482422,132.13999938964844,132.49000549316406,28625200,66.26434425584708,5.006036412618357,126.38750076293945,118.57540069580078,0.18929061761106514,7.669142800615014
2023-01-20,138.15673828125,139.3699951171875,139.94000244140625,134.61000061035156,135.88999938964844,28688600,69.49840531876772,5.261850779576079,127.50150070190429,119.42840057373047,0.1902809759682862,7.863242027481597
2023-01-23,142.02284240722656,143.27000427246094,143.75999450683594,138.66000366210938,139.2899932861328,27470100,72.8884656672385,5.7134228711508115,128.67700080871583,120.36440063476563,0.19630929957305066,8.385011135988519
2023-01-24,141.8939666748047,143.13999938964844,145.0,141.36000061035156,141.69000244140625,21970200,72.59880264160554,5.99173767736076,129.97800064086914,121.19780059814452,0.22216526667410563,8.515070033216466
2023-01-25,140.2682342529297,141.5,143.1699981689453,140.30999755859375,141.22000122070312,26622000,68.88005713088984,6.010682515218718,131.15100059509277,121.7904005432129,0.1987461784354041,8.399072598173664
2023-01-26,146.01773071289062,147.3000030517578,147.50999450683594,143.3000030517578,144.39999389648438,25482100,73.96017981678011,6.419705836584171,132.67200088500977,122.47600067138671,0.26026699617714333,8.433029973069871
2023-01-27,150.41908264160156,151.74000549316406,153.19000244140625,147.38999938964844,148.24000549316406,35771900,77.04890011990244,7.0211948918221765,134.47800102233887,123.22640075683594,0.3124027148291155,8.456667644403858
2023-01-30,145.7798309326172,147.05999755859375,151.1199951171875,146.9499969482422,149.41000366210938,28040100,67.9057617712809,7.039099417335535,135.81800079345703,123.82600067138672,0.22285044858060332,8.20472419142994
2023-01-31,147.67318725585938,148.97000122070312,149.8800048828125,147.52000427246094,147.9499969482422,29842100,69.49668137355057,7.125274486811037,137.24950103759767,124.54080062866211,0.23790930491991347,7.852103695401976
2023-02-01,151.7870635986328,153.1199951171875,153.5800018310547,147.05999755859375,148.02999877929688,55661000,72.66702283858965,7.4426445017970195,138.66850090026855,125.37420059204102,0.22751320939104236,8.034690630053339
2023-02-02,187.12673950195312,188.7700042724609,197.16000366210938,180.16000366210938,183.3800048828125,150475700,86.06537056355322,10.450355135590769,141.7385009765625,126.90860061645508,0.48206014133517416,13.417536418215779
2023-02-03,184.90623474121094,186.52999877929688,196.77000427246094,182.88999938964844,183.47000122070312,76809700,83.30227879343286,12.509041317762637,144.71800079345704,128.44200057983397,0.469434340568857,16.27123668267461
2023-02-06,184.44032287597656,186.05999755859372,190.6999969482422,185.52000427246094,186.52999877929688,42483800,82.70232312440196,13.941925934989229,147.52000045776367,129.93440048217772,0.43101054795152316,18.30503996302461
2023-02-07,189.951904296875,191.6199951171875,193.77999877929688,184.39999389648438,185.5800018310547,47080700,84.15605987700629,15.349206555040439,150.62750015258788,131.5220004272461,0.4800339330385839,20.251434312228188
2023-02-08,181.8332061767578,183.42999267578125,190.8300018310547,182.9199981689453,190.0,36139100,74.25628494116303,15.623523580494975,153.14949951171874,132.96240020751952,0.3792765252965562,21.06381772372916
2023-02-09,176.37118530273438,177.9199981689453,186.64999389648438,177.27000427246094,186.1300048828125,37118800,68.42447676394784,15.22085475282151,155.4009994506836,134.3452001953125,0.3388516742126233,21.190550455953137
2023-02-10,172.6339874267578,174.14999389648438,178.88999938964844,173.35000610351562,176.35000610351562,33433600,64.68143217818235,14.431175361794772,157.27299880981445,135.63900009155273,0.2738642772579094,21.106039413959813
2023-02-13,177.86802673339844,179.42999267578125,181.0,175.82000732421875,178.22000122070312,31463200,67.37335495135011,14.069219327153093,159.39549865722657,136.86559997558595,0.30989924275277114,21.092352550482275
2023-02-14,177.91761779785156,179.47999572753906,181.50999450683594,175.8800048828125,177.16000366210938,24034600,67.39869700710835,13.629291402976861,161.60149841308595,138.04639984130858,0.32594558893503334,20.750665866186157
2023-02-15,175.6177978515625,177.16000366210938,178.19000244140625,175.3300018310547,176.4199981689453,25308900,64.88067536748802,12.944228375648095,163.80849838256836,139.1197999572754,0.33182978478363134,19.87985074189364
2023-02-16,170.93890380859375,172.44000244140625,175.85000610351562,171.7899932861328,172.75,25827500,59.971660723287535,11.883461195597675,165.62299880981445,140.12,0.2665443273725989,18.852087139486333
2023-02-17,171.37503051757812,172.8800048828125,173.17999267578125,169.6999969482422,170.22000122070312,24171300,60.27341805065435,10.952051648768986,167.2984992980957,141.29520004272462,0.24043919738569652,17.858980487956195
2023-02-21,170.58203125,172.0800018310547,178.1699981689453,171.8800048828125,174.30999755859375,34592600,59.39667242356586,10.033687211668706,168.7389991760254,142.45820007324218,0.2010888301769358,16.958019206301103
2023-02-22,169.63037109375,171.1199951171875,172.75999450683594,169.69000244140625,171.07000732421875,22433200,58.30072665143052,9.12324516882677,170.13799896240235,143.57399993896485,0.1954729345175792,15.853158802266213
2023-02-23,170.5423583984375,172.0399932861328,173.69000244140625,169.3800048828125,172.0,20017800,59.07994740281611,8.37935743741258,171.66499862670898,144.69679977416993,0.21583034124475486,14.348992765913772
2023-02-24,168.90673828125,170.38999938964844,170.72000122070312,167.66000366210938,168.63999938964844,19791300,57.0219073577452,7.569424716643056,172.81949844360352,145.81039978027343,0.15675489381882324,13.165532135229835
2023-02-27,168.06411743164062,169.5399932861328,173.1199951171875,169.05999755859375,171.8800048828125,19277000,55.94080498047811,6.780794038646945,173.70949783325196,146.79819961547852,0.11730583332403155,12.23425227197116
2023-02-28,173.41712951660156,174.94000244140625,177.5500030517578,171.8699951171875,171.89999389648438,46051100,60.99964326921772,6.516416955296904,175.10349807739257,147.86519973754883,0.18958251969033357,10.50392204324007
2023-03-01,171.91036987304688,173.4199981689453,177.85000610351562,173.0500030517578,174.58999633789062,30998400,58.94792485658118,6.113768848825828,176.32599792480468,149.01059967041016,0.16412698360671185,8.54184617035928
2023-03-02,173.0106964111328,174.52999877929688,175.00999450683594,171.42999267578125,172.3800048828125,17352000,60.00583833608967,5.817178285905584,177.39649810791016,150.11259963989258,0.13982500225214634,6.601782924038995
2023-03-03,183.63739013671875,185.25,186.6199951171875,177.0500030517578,178.9199981689453,45877700,68.45942397697169,6.373670924745994,177.22049789428712,151.5279995727539,-0.018647052989310242,6.323675420848385
2023-03-06,183.29042053222656,184.8999938964844,189.66000366210938,184.63999938964844,188.0,33209400,67.95438221222389,6.7091142896568385,177.13899765014648,152.8841995239258,-0.008738566951587812,6.206802516341766
2023-03-07,182.90383911132812,184.50999450683597,190.36000061035156,184.00999450683594,189.0,36701500,67.35809316739886,6.864357837467935,177.0614974975586,154.1791993713379,-0.008330662539483447,6.098277504354682
2023-03-08,183.3597869873047,184.97000122070312,185.25999450683594,181.33999633789062,182.8699951171875,19432400,67.71791365112362,6.944456789851017,176.72899780273437,155.5361993408203,-0.03470407090041672,5.404550904655932
2023-03-09,180.1083526611328,181.69000244140625,188.92999267578125,180.3000030517578,186.35000610351562,26582800,62.43321467218684,6.666420946334313,176.64199829101562,156.80919937133788,-0.009485854570416397,5.304075372444452
2023-03-10,177.9473419189453,179.50999450683594,184.77000427246094,178.8000030517578,181.00999450683594,25665000,59.13031088320307,6.198712220065346,176.72149810791015,158.06179931640625,0.008936580228495972,5.33605812405765
2023-03-13,179.32522583007812,180.8999938964844,183.77999877929688,174.82000732421875,177.9600067138672,24728000,60.56291517908023,5.872516306407022,177.05899810791016,159.36739913940428,0.038759691280909614,5.37815208876995
2023-03-14,192.33102416992188,194.0200042724609,194.32000732421875,186.55999755859375,187.5800018310547,41642600,70.92327178725989,6.596636958958811,177.78849868774415,160.8425991821289,0.08131311482045755,6.573377609972142
2023-03-15,196.028564453125,197.75,197.77999877929688,190.83999633789062,192.9499969482422,42123600,73.08786776474,7.386342121314925,178.70199890136718,162.3907992553711,0.10179409799070793,7.946820915045104
2023-03-16,203.1460418701172,204.92999267578125,205.75999450683594,196.08999633789062,198.25999450683594,50447100,76.68579424820595,8.493645101612799,180.0904983520508,163.99459915161134,0.15675089433073475,9.859162407260495
2023-03-17,193.9071807861328,195.6100006103516,201.89999389648438,195.42999267578125,200.55999755859375,50141100,64.61083308347708,8.52092134475646,181.24899826049804,165.35939910888672,0.1343655639115311,10.265786318464858
2023-03-20,196.08804321289062,197.80999755859372,199.36000061035156,193.63999938964844,198.47999572753906,25186300,65.97286542635905,8.620685436027856,182.4954978942871,166.77679901123048,0.1442040257499999,10.700448654751048
2023-03-21,200.40016174316406,202.16000366210935,203.5500030517578,197.9499969482422,203.1999969482422,31827000,68.55029127740877,8.947615790027754,183.99949798583984,168.21959899902345,0.174802426260936,11.258826549558979
2023-03-22,198.07061767578125,199.80999755859372,207.3699951171875,199.6699981689453,202.5,28477800,65.65691394629735,8.91432579940502,185.43399810791016,169.62639892578125,0.1676601406034317,11.35873607864076
2023-03-23,202.50173950195312,204.27999877929688,207.8800048828125,202.14999389648438,202.83999633789062,27389700,68.38994378411313,9.143237433481431,187.04599838256837,171.0521987915039,0.18739831871269175,11.642025278705354
2023-03-24,204.21665954589844,206.00999450683597,207.5800018310547,203.5500030517578,205.17999267578125,27716400,69.40474551021153,9.35639307453036,188.82699813842774,172.51459869384766,0.2090497989599236,11.684379908668838
2023-03-27,201.0742645263672,202.83999633789065,205.86000061035156,201.36000061035156,204.80999755859375,18527200,65.2698261066985,9.163892448490088,190.49199829101562,173.83719848632813,0.19641385142417334,11.151825423752875
2023-03-28,198.9330596923828,200.67999267578125,201.02999877929688,197.89999389648438,200.14999389648438,19127300,62.53589593164676,8.736333062467025,191.77899780273438,175.11119842529297,0.14713610309338065,10.740244766322517
2023-03-29,203.5624237060547,205.3500061035156,205.72000122070312,202.5399932861328,203.55999755859375,18851100,65.86497083127296,8.67432797007487,193.3754981994629,176.51099853515626,0.1841195264196933,10.228565325085267
2023-03-30,206.03073120117188,207.83999633789065,208.08999633789062,202.82000732421875,203.3800048828125,22608300,67.52211449090889,8.72552744094196,195.04099807739257,178.00739837646483,0.1908554276718708,9.696549806136026
2023-03-31,210.09506225585938,211.94000244140625,212.1699981689453,206.77000427246094,207.24000549316406,25440300,70.09639010427337,8.993270790295611,196.3754981994629,179.52319854736328,0.14407558672823884,10.106103883406865
2023-04-03,211.21517944335938,213.07000732421875,213.49000549316406,208.1999969482422,208.83999633789062,17924600,70.78373156633427,9.190696643941806,197.78399887084962,180.9971987915039,0.15235270069021856,10.381854948912661
2023-04-04,212.85084533691406,214.72000122070312,216.24000549316406,212.5399932861328,213.38999938964844,21026400,71.80288664964822,9.372261180347806,199.29449920654298,182.42619873046874,0.1637310043535225,10.545320962600098
2023-04-05,209.63902282714844,211.47999572753903,215.19000244140625,209.94000244140625,214.14999389648438,19396600,66.87006549761861,9.149244225879613,200.61999893188477,183.79299865722658,0.1433205078222637,10.313578638607524
2023-04-06,214.21881103515625,216.1000061035156,216.94000244140625,208.64999389648438,209.25,26104400,70.03160648105629,9.238798787546472,202.34049911499022,185.28499877929687,0.1893885365167869,9.849156040956302
2023-04-10,212.88058471679688,214.75,215.66000366210938,210.66000366210938,214.7100067138672,16106100,67.9898689719218,9.095984367061448,204.10249938964844,186.63399871826172,0.19631221977349056,8.62610021009446
2023-04-11,211.9884033203125,213.8500061035156,216.02000427246094,213.41000366210938,215.47999572753906,16710100,66.59593546452541,8.808640400670612,205.75,187.87619873046876,0.18214490502352376,6.9439672894105815
2023-04-12,212.13710021972656,214.0,216.83999633789062,212.5800018310547,214.83999633789062,18972200,66.71840292674315,8.495095320161795,206.74899978637694,189.21499877929688,0.10297905003383745,6.596109863835571
2023-04-13,218.4318084716797,220.3500061035156,221.14999389648438,215.69000244140625,215.72999572753906,23310400,71.48473273018165,8.659183332919241,207.87900009155274,190.64259887695312,0.11428574515052126,6.9020668272539085
2023-04-14,219.56190490722656,221.4900054931641,222.11000061035156,217.5500030517578,217.8800048828125,21591200,72.25299792312849,8.780002287582391,208.70700073242188,192.00999908447267,0.08080814624134769,7.497308728886578
2023-04-17,216.9547882080078,218.8600006103516,220.97999572753906,217.1300048828125,219.7899932861328,15481900,67.71998278569126,8.564803047306867,209.86950073242187,192.61179901123046,0.11885895367033505,7.154339848439048
2023-04-18,215.99325561523438,217.88999938964844,220.44000244140625,216.2100067138672,219.91000366210938,12281000,66.07349324825393,8.221216046039956,210.8735008239746,193.2389990234375,0.1015115619983098,6.771625991889202
2023-04-19,213.82232666015625,215.6999969482422,217.3300018310547,212.92999267578125,213.47000122070312,15898100,62.38555868498184,7.683633829823606,211.55050048828124,193.83179901123046,0.06697661773277175,6.527056699635523
2023-04-20,211.21517944335938,213.07000732421875,216.75,212.77000427246094,213.47999572753906,16475400,58.18541458149625,6.965088661016097,212.2135009765625,194.2607992553711,0.06636309457807066,5.9166358376776165
2023-04-21,211.03677368164062,212.88999938964844,213.41000366210938,209.5800018310547,210.2100067138672,17717200,57.89809403316088,6.308392084850567,212.64400100708008,194.84999938964845,0.04214803535246614,5.614528149746007
2023-04-24,210.93763732910156,212.7899932861328,213.9199981689453,210.7100067138672,213.67999267578125,15750900,57.72754268153806,5.714018017376617,212.9830009460449,195.54739929199218,0.03291101868881352,5.39321431776431
2023-04-25,205.7432403564453,207.5500030517578,211.25999450683594,207.1300048828125,210.82000732421875,19198200,49.49976269952033,4.765218395760229,213.21850128173827,196.21539947509766,0.023220305654222395,5.01668882381849
2023-04-26,207.57713317871094,209.3999938964844,214.11000061035156,208.8800048828125,212.5,41992700,52.095720884856085,4.115130002953407,213.65450134277344,196.8147994995117,0.04345226997686402,4.178523082511942
2023-04-27,236.4833221435547,238.55999755859372,241.69000244140625,236.77000427246094,239.88999938964844,71196500,74.41807994755995,5.885059559948758,215.31500091552735,197.9963995361328,0.1617238396298717,6.601096287841393
2023-04-28,238.22796630859375,240.32000732421875,240.42999267578125,235.75,239.00999450683594,39554000,75.17013952513577,7.345089939924378,216.93900146484376,199.259599609375,0.15627411257997004,8.412215642195443
2023-05-01,241.06307983398438,243.17999267578125,244.0,236.4600067138672,238.6199951171875,29143900,76.38503743549471,8.633430636725905,218.5010009765625,200.6743994140625,0.1474001598306658,10.154969867557892
2023-05-02,237.15737915039062,239.2400054931641,244.9199981689453,238.99000549316406,243.17999267578125,24350100,71.21545524606513,9.230126727780714,219.80950088500975,202.00159942626954,0.12282347242389524,11.06371980676359
2023-05-03,234.9666290283203,237.02999877929688,241.75,232.75,239.47000122070312,34463900,68.4183846217537,9.416140203964943,220.92500076293945,203.30059936523438,0.10390274511810427,11.633589672355187
2023-05-04,231.4871826171875,233.5200042724609,238.1999969482422,232.92999267578125,236.05999755859375,17889400,64.11150552904232,9.174571255085738,222.02700119018556,204.54859954833984,0.10421793545578284,11.735249776641192
2023-05-05,230.75363159179688,232.77999877929688,234.67999267578125,229.85000610351562,232.24000549316406,27000500,63.2081142623181,8.821722537790237,222.86100082397462,205.76339965820313,0.07718645166438032,11.883629247378451
2023-05-08,231.23934936523438,233.2700042724609,235.6199951171875,230.27000427246094,231.4199981689453,16400500,63.57413064649618,8.483830419275051,223.78700103759766,207.02099975585938,0.08623983363194831,11.939764892786506
2023-05-09,231.33847045898438,233.3699951171875,235.8800048828125,231.0800018310547,231.4600067138672,16865600,63.65359163297418,8.130394776493205,224.76300048828125,208.29759979248047,0.09127887985293359,11.88240658076189
2023-05-10,231.05104064941406,233.0800018310547,236.75,230.72000122070312,236.1699981689453,19119000,63.22283656756075,7.737699070274687,225.71700057983398,209.46039978027343,0.08915888706100317,11.737856311931507
2023-05-11,233.73741149902344,235.7899932861328,238.2100067138672,232.3000030517578,233.0500030517578,20449000,65.56780423988633,7.558034241929931,226.48899993896484,210.70779968261718,0.07007028252753411,11.873253970991895
2023-05-12,231.77467346191406,233.80999755859372,236.9600067138672,231.4499969482422,236.74000549316406,16161400,62.43544985823282,7.1731913783013965,227.10499954223633,211.89339965820312,0.05562324150021247,11.919746967878416
2023-05-15,236.78070068359375,238.8600006103516,240.25999450683594,235.3300018310547,236.9199981689453,20653200,66.79281879638367,7.1927797898061385,228.10499954223633,212.96559967041014,0.09138261877101561,12.030065473224552
2023-05-16,236.74102783203125,238.82000732421875,239.63999938964844,235.52000427246094,235.7899932861328,18163800,66.72680623070517,7.122967487791499,229.15149993896483,214.04399993896484,0.09605768044976482,12.005018539530296
2023-05-17,240.37908935546875,242.4900054931641,243.83999633789062,238.13999938964844,238.4499969482422,21193100,69.68742887304435,7.279861207806533,230.49100036621093,215.20360015869142,0.12420031953616695,11.919414729478827
2023-05-18,244.70114135742188,246.8500061035156,247.08999633789062,241.19000244140625,241.3000030517578,22943300,72.7855187541536,7.667628573227461,232.18000030517578,216.44120025634766,0.1585394359511867,11.71244986877014
2023-05-19,243.5016632080078,245.63999938964844,248.69000244140625,243.41000366210938,247.47000122070312,21733600,70.62809891445264,7.787529778952745,233.81750030517577,217.7202001953125,0.15383531445297405,11.14943348023523
2023-05-22,246.1583709716797,248.32000732421875,253.57000732421875,245.1199951171875,245.41000366210938,27738500,72.56758518233178,8.006512498686646,235.59400100708007,219.09640045166014,0.1669722033888581,10.430055344248924
2023-05-23,244.59210205078125,246.7400054931641,251.61000061035156,246.64999389648438,246.80999755859375,17748100,69.64768805715525,7.960797816813567,237.5535011291504,220.41320068359374,0.18882197959608438,8.360023342059055
2023-05-24,247.04063415527344,249.2100067138672,249.58999633789062,244.9499969482422,245.27999877929688,17724300,71.57332830230388,8.03129726239004,239.54400177001952,221.51700073242188,0.19011467993195175,5.5815585082364505
2023-05-25,250.4903106689453,252.69000244140625,255.6199951171875,249.1699981689453,253.39999389648438,22371400,74.069426807007,8.272613612404427,240.25050201416016,222.61580078125,0.05923040336778174,6.298656204641319
2023-05-26,259.7589111328125,262.0400085449219,262.30999755859375,252.7100067138672,252.92999267578125,25727200,79.32286798442603,9.113273762554797,241.3365020751953,223.7580010986328,0.09037949633298892,7.963661452648872
2023-05-30,260.2347412109375,262.5199890136719,268.6499938964844,261.2900085449219,265.25,23816500,79.5518921129938,9.706344700919857,242.30350189208986,225.0962008666992,0.07952955391225625,9.266856786352003
2023-05-31,262.4156188964844,264.7200012207031,265.0,258.45001220703125,260.0,25473700,80.61190764066635,10.2358873534657,243.5775016784668,226.4344009399414,0.10650390880494731,10.493785083327213
2023-06-01,270.23687744140625,272.6099853515625,274.0,265.8900146484375,265.8999938964844,25609500,83.84613949355119,11.163523352611861,245.35650100708008,227.84340057373046,0.15010752544193706,12.202220513876272
2023-06-02,270.23687744140625,272.6099853515625,275.3500061035156,271.1199951171875,272.6600036621094,19416900,83.84613949355119,11.763084054477247,247.31100006103514,229.29940032958984,0.1673945716166274,13.28877236190508
2023-06-05,269.0274963378906,271.3900146484375,275.57000732421875,269.55999755859375,270.29998779296875,20742900,81.41079336096813,12.00145350492619,249.2415008544922,230.64160064697265,0.16586483405624342,13.858970543191319
2023-06-06,268.7598571777344,271.1199951171875,276.57000732421875,269.69000244140625,270.1400146484375,19419000,80.85104385795164,12.029901476375613,251.1340003967285,231.9438006591797,0.16225828504087292,14.144552500985471
2023-06-07,261.3053283691406,263.6000061035156,274.25,262.79998779296875,271.6700134277344,26163600,67.0287648068435,11.315211715293742,252.64550094604493,233.15900085449218,0.12953683686348816,13.756238164074393
2023-06-08,262.2767333984375,264.5799865722656,267.6499938964844,258.8800048828125,260.6199951171875,20899400,67.80129824065897,10.704496393260456,254.22050018310546,234.43700073242186,0.13514666420864074,13.189825464143894
2023-06-09,262.6435852050781,264.95001220703125,267.95001220703125,261.70001220703125,262.4800109863281,16949800,68.10517768888283,10.133544879417855,255.6785011291504,235.62900085449218,0.12366945057550671,12.645743882171088
2023-06-12,268.6904296875,271.04998779296875,271.75,265.3299865722656,267.1700134277344,15442500,72.68225982218533,10.057343940904644,257.54050064086914,236.89320068359376,0.15927458459103128,11.980449509499353
2023-06-13,268.9581604003906,271.32000732421875,275.7200012207031,269.0899963378906,274.8800048828125,16164000,72.86787101310453,9.904568764324154,259.1635009765625,238.08080078125,0.13589553140301058,11.505887188274611
2023-06-14,270.97039794921875,273.3500061035156,274.989990234375,268.32000732421875,271.8900146484375,19175100,74.2825952945891,9.833937759205526,260.89000091552737,239.28640075683595,0.14458587103390985,10.865460759348691
2023-06-15,279.3766174316406,281.8299865722656,283.989990234375,271.4200134277344,272.29998779296875,25973500,79.16893054090792,10.342998088779837,262.85699996948244,240.6286004638672,0.16223341246206768,10.919918967653448
2023-06-16,278.5538330078125,281.0,287.8500061035156,280.1300048828125,284.75,43127700,77.61454013427918,10.5577558501883,264.56449966430665,242.01900054931642,0.138343095208042,10.9551272981819
2023-06-20,281.8548583984375,284.3299865722656,284.79998779296875,276.2200012207031,278.7300109863281,20701600,79.36505106418413,10.87133700406298,266.4989990234375,243.3836001586914,0.15750686890877597,10.853021589744346
2023-06-21,279.1883239746094,281.6400146484375,284.0,278.3599853515625,283.5299987792969,20556200,74.30988590712627,10.778545708997683,268.1649993896484,244.72140045166014,0.13418172656830873,10.466077899761503
2023-06-22,282.40008544921875,284.8800048828125,285.260009765625,277.7900085449219,279.0799865722656,17563100,76.27042975319365,10.84147430610193,270.07199935913087,246.1420004272461,0.1545756607787101,9.811016935792352
2023-06-23,286.216552734375,288.7300109863281,289.6700134277344,278.95001220703125,281.510009765625,51092000,78.38165853941028,11.07435076729189,272.0479995727539,247.63660064697265,0.15858112919934308,9.357440430617519
2023-06-26,276.0458984375,278.4700012207031,289.7900085449219,277.6000061035156,288.70001220703125,24232700,62.438659034263765,10.312138090142525,273.3369995117188,248.79900054931642,0.10202223487363637,8.261998522769142
2023-06-27,284.5511779785156,287.04998779296875,289.3500061035156,280.6499938964844,282.010009765625,26108300,68.2539199845146,10.281889045831349,274.5874984741211,250.1102001953125,0.09544336144287446,8.354327154276653
2023-06-28,282.8065185546875,285.2900085449219,289.54998779296875,284.05999755859375,284.82000732421875,16722100,65.99679008074679,10.00061992242911,275.7259994506836,251.43880035400392,0.08673632669573261,8.17279218401202
2023-06-29,279.0792236328125,281.5299987792969,286.57000732421875,280.69000244140625,284.5,15395700,61.330501629404296,9.366341398033512,276.5664993286133,252.71160034179687,0.06350104820594527,7.838910100968128
2023-06-30,284.4818115234375,286.9800109863281,289.04998779296875,284.4200134277344,284.760009765625,19694900,65.17415023156707,9.19741940941799,277.2850006103516,254.1372006225586,0.05271276331361752,8.111019340858173
2023-07-03,283.5301208496094,286.0199890136719,289.3999938964844,284.8500061035156,286.70001220703125,8629300,63.96798667767801,8.88367627625189,277.955500793457,255.59620025634766,0.049191168272195274,8.257172018226546
2023-07-05,291.8074645996094,294.3699951171875,298.1199951171875,286.3599853515625,287.6499938964844,33865500,69.29130553796399,9.20272500608877,279.10449981689453,257.2258001708984,0.08467511414713846,8.871488765760377
2023-07-06,289.4481506347656,291.989990234375,298.1199951171875,291.30999755859375,295.8900146484375,47600500,66.28531893966647,9.157959661251255,280.1479995727539,258.80980010986326,0.07697696773772345,9.107165075942957
2023-07-07,288.00091552734375,290.5299987792969,296.20001220703125,288.6600036621094,292.17999267578125,25586000,64.43855560993529,8.902056330147275,281.49449920654297,260.4694000244141,0.10216233707219957,8.502498868227159
2023-07-10,291.53985595703125,294.1000061035156,298.1300048828125,287.04998779296875,295.54998779296875,37058300,66.86924101739089,8.884901240984732,282.97050018310546,262.1634002685547,0.11157313867043794,7.956406693245576
2023-07-11,295.693359375,298.2900085449219,300.17999267578125,291.8999938964844,293.8999938964844,27585900,69.50389501088026,9.104453417268871,284.6375,263.3580004882813,0.12583504359999353,7.459205981659143
2023-07-12,306.6471862792969,309.3399963378906,309.45001220703125,300.1000061035156,301.75,36677100,75.12252789078593,10.054193283400423,286.55200042724607,264.7384002685547,0.1412654870664236,8.612848184966637
2023-07-13,310.6817321777344,313.4100036621094,316.239990234375,310.2900085449219,313.6199951171875,30281000,76.81678028956829,11.008386716821235,288.6565002441406,266.14300048828125,0.1551304555568378,9.760830037977776
2023-07-14,306.1812744140625,308.8699951171875,314.8800048828125,307.3599853515625,311.7900085449219,23054100,71.0075010454033,11.268356540370007,290.43249969482423,267.53560028076174,0.12994325304759902,10.056198373207364
2023-07-17,307.91595458984375,310.6199951171875,311.7099914550781,304.7099914550781,307.5400085449219,25323100,71.88995835262227,11.48322342160776,291.8720001220703,269.00740020751954,0.10215381583442573,10.793526077451816
2023-07-18,309.3335266113281,312.04998779296875,314.20001220703125,307.6199951171875,310.8800048828125,20731900,72.62323956319874,11.634776964558796,293.42449951171875,270.5779998779297,0.1104981771991771,11.365343469011654
2023-07-19,313.25909423828125,316.010009765625,318.67999267578125,310.5199890136719,313.0299987792969,21763700,74.59931264743477,11.936824633184642,295.00850067138674,272.24260009765624,0.11141991590573075,12.207554877271663
2023-07-20,299.88653564453125,302.5199890136719,315.5400085449219,302.2200012207031,313.5,23836900,58.981037763665746,10.961312465904598,296.05249938964846,273.62759979248045,0.07413710154538311,11.892879111482204
2023-07-21,291.6984558105469,294.260009765625,305.4599914550781,291.20001220703125,304.57000732421875,42139300,51.82621687593354,9.413191341087042,296.52149963378906,274.8454000854492,0.03292616091701839,11.61070299928192
2023-07-24,289.07147216796875,291.6099853515625,297.5199890136719,288.29998779296875,295.7799987792969,24915700,49.741436630829654,7.881605135152768,296.6654983520508,276.01599975585935,0.009974627699407268,11.526539224071083
2023-07-25,291.9065856933594,294.4700012207031,298.29998779296875,291.8599853515625,295.19000244140625,19585600,51.98624710100624,6.819974984621126,297.46549835205076,277.1895999145508,0.057456817358646495,10.724554008623652
2023-07-26,295.9709167480469,298.57000732421875,301.7699890136719,291.8999938964844,301.19000244140625,47256900,55.08349728048855,6.237558971982253,298.04149932861327,278.4848001098633,0.04013245086621864,10.441331464695262
2023-07-27,308.9964904785156,311.7099914550781,325.3500061035156,309.8399963378906,325.1199951171875,64229200,63.262729531400886,6.758370699333966,299.3624984741211,279.9417999267578,0.09260745949326199,10.414395495793098
2023-07-28,322.646728515625,325.4800109863281,326.20001220703125,314.25,316.8800048828125,39220300,69.52551314606862,8.187858702466087,301.5599990844727,281.675,0.15611129328169926,11.069824496118972
2023-07-31,315.8265380859375,318.6000061035156,325.6600036621094,317.5899963378906,323.69000244140625,25799600,63.68394616098658,8.665686706262989,303.14099884033203,283.197200012207,0.11018187297614213,11.135703260067125
2023-08-01,319.9007568359375,322.7099914550781,324.1400146484375,314.6600036621094,317.5400085449219,22817900,65.54627981475596,9.269161190772536,304.97549896240236,284.71439971923826,0.12827775627825955,11.188769123176094
2023-08-02,311.5738525390625,314.3099975585937,318.3900146484375,310.6499938964844,318.0,20461100,58.898364818469844,8.966252385574421,305.97249908447264,286.0877996826172,0.0677378903154453,11.081892539079295
2023-08-03,310.46368408203125,313.19000244140625,315.95001220703125,309.92999267578125,309.92999267578125,15180200,58.05292373275589,8.537406817901967,307.0324996948242,287.38519958496096,0.07260527044099829,10.680696502499812
2023-08-04,308.02508544921875,310.7300109863281,318.4100036621094,310.20001220703125,314.9599914550781,17612800,56.14656148626361,7.907885680797392,308.0425003051758,288.66499969482425,0.06952814611883285,9.969440955707313
2023-08-07,313.8043212890625,316.5599975585937,317.07000732421875,310.4599914550781,313.2300109863281,16236500,59.537736076247874,7.789622913266044,309.1654998779297,290.0119995117187,0.07636855147555743,9.573365905655907
2023-08-08,309.9184875488281,312.6400146484375,317.8900146484375,310.1099853515625,314.3999938964844,15183500,56.38070881759553,7.295491077913994,309.8830001831055,291.21099975585935,0.048107565431091404,9.247580531103207
2023-08-09,302.5531311035156,305.2099914550781,313.6300048828125,302.8500061035156,312.8800048828125,19955800,50.87422347301776,6.232502848718752,309.67649993896487,292.0743994140625,-0.013351021308933175,9.306269754947714
2023-08-10,303.0784606933594,305.739990234375,312.3399963378906,303.8699951171875,307.94000244140625,14358900,51.24005116799285,5.370930744435952,309.2929992675781,292.93879943847656,-0.024472777952561753,9.302354205677249
2023-08-11,299.0141906738281,301.6400146484375,304.7200012207031,300.3599853515625,302.57000732421875,14046300,48.24690649148451,4.3076390975363665,308.93150024414064,293.67719970703126,-0.023407843374384396,9.45882403890497
2023-08-14,303.52459716796875,306.19000244140625,306.2099914550781,298.25,300.9800109863281,15641900,51.624135696595204,3.7884479263557296,308.7100006103516,294.34880004882814,-0.014261775627515405,9.469066661312109
2023-08-15,299.3215026855469,301.95001220703125,307.2300109863281,300.0299987792969,306.1400146484375,11623600,48.45115339364636,3.0002681817898633,308.2050018310547,294.9356005859375,-0.03236653094387676,9.550537870723126
2023-08-16,291.7281494140625,294.2900085449219,301.0799865722656,294.2799987792969,300.20001220703125,18547700,43.276132555592945,1.7375029253174148,307.1190017700195,295.3936004638672,-0.0687320038906748,9.846622892687733
2023-08-17,282.6082763671875,285.0899963378906,296.04998779296875,284.95001220703125,293.04998779296875,23950100,38.0232113527068,-0.005547784164264158,306.2475021362305,295.6730004882813,-0.05761600326844363,10.98108324439675
2023-08-18,280.7842712402344,283.25,285.69000244140625,274.3800048828125,279.0299987792969,35347900,37.05447337120515,-1.5179029164484064,305.6970016479492,296.0660003662109,-0.03741592265423477,11.854876213266756
2023-08-21,287.3763427734375,289.8999938964844,290.5,281.8500061035156,283.45001220703125,20181500,42.73318166646383,-2.1550146560802546,305.6115020751953,296.5724005126953,-0.005863967425589256,11.967453523338406
2023-08-22,285.09637451171875,287.6000061035156,292.8999938964844,286.75,292.54998779296875,12980200,41.34391611343908,-2.8130925135662324,305.26800231933595,297.025400390625,-0.023330033920971438,12.395033039665734
2023-08-23,291.6786193847656,294.239990234375,297.3999938964844,287.6700134277344,288.5,18287000,46.72837625729666,-2.7669372004331763,305.05150146484374,297.4892004394531,-0.014502518617490523,12.554966511987045
2023-08-24,284.25384521484375,286.75,299.4599914550781,286.6400146484375,298.5,18360900,42.04030840314793,-3.2967356809151624,303.80350189208986,297.79780029296876,-0.08007440293640766,13.087510933933864
2023-08-25,283.01470947265625,285.5,288.3900146484375,276.0299987792969,286.1300048828125,23701400,41.29569403331605,-3.7739654228208224,301.80450134277345,298.0408001708984,-0.12283399790104932,12.648284630000614
2023-08-28,287.7332763671875,290.260009765625,291.45001220703125,285.79998779296875,288.0,14239300,45.27095721442161,-3.725139337052383,300.3875015258789,298.20940063476564,-0.0889516503294816,12.248805556233274
2023-08-29,295.39599609375,297.989990234375,299.1499938964844,288.17999267578125,288.5799865722656,20844500,51.06606246264295,-3.0277969323243497,299.15150146484376,298.5492004394531,-0.07660128869652372,11.068048119343347
2023-08-30,292.5310974121094,295.1000061035156,298.2900085449219,293.42999267578125,297.1700134277344,17717000,48.9779871754926,-2.677481281710584,298.19100189208984,298.7646008300781,-0.06111797780628003,10.50241956213524
2023-08-31,293.3143005371094,295.8900146484375,301.1000061035156,295.6600036621094,295.79998779296875,17229900,49.58485735246702,-2.3094842210169872,297.3260025024414,299.04960083007813,-0.05523799501296456,9.897037202746708
2023-09-01,293.79998779296875,296.3800048828125,301.739990234375,294.4700012207031,299.3699951171875,12842300,49.98223443232748,-1.9557609870076362,296.60850219726564,299.27960083007815,-0.046181590435907416,9.38085086691913
2023-09-05,297.5371398925781,300.1499938964844,301.3900146484375,295.510009765625,297.0199890136719,14956000,53.048625014281185,-1.3555996602742653,295.78800201416016,299.50800048828125,-0.05183852599402394,8.185425051025538
2023-09-06,296.5657043457031,299.1700134277344,303.29998779296875,295.6600036621094,301.7099914550781,15418100,52.15357097927959,-0.9481144455512549,295.114501953125,299.92200073242185,-0.043084699941081106,7.223492764965155
2023-09-07,296.0700378417969,298.6700134277344,307.04998779296875,292.2200012207031,298.0,33748700,51.67451222987812,-0.6579409645511873,294.7875030517578,300.1544012451172,-0.021427797943850524,6.882404317941187
2023-09-08,295.2968444824219,297.8900146484375,305.25,296.7799987792969,299.2200012207031,17548000,50.889206070467694,-0.48532129129500845,294.39500427246094,300.4064013671875,-0.02567533144722034,6.434159625344425
2023-09-11,304.8826599121094,307.5599975585937,309.0400085449219,301.2799987792969,301.4100036621094,19489300,59.17295666169141,0.4268474175227084,294.6910034179688,300.92700134277345,0.019625986681693908,6.904020013528831
2023-09-12,299.03399658203125,301.6600036621094,308.6600036621094,300.2300109863281,306.3299865722656,13480400,53.269098124823785,0.6659903695261278,294.4645034790039,301.22060119628907,-0.014794731190361898,6.573304448223712
2023-09-13,302.4044494628906,305.0599975585937,307.17999267578125,301.32000732421875,302.3599853515625,13210900,55.99391112546712,1.1169880317039542,294.62000274658203,301.6014013671875,0.010299669567259695,6.792822641895133
2023-09-14,309.0064697265625,311.7200012207031,312.8699951171875,305.0299987792969,306.739990234375,19343100,60.813895657394184,1.9888869135020286,295.4915023803711,301.94840148925783,0.05922726619894969,7.792767121702165
2023-09-15,297.6957702636719,300.3099975585937,312.0,298.75,311.6099853515625,28131100,50.5904476144202,1.7391334727653316,296.25250244140625,302.1148016357422,0.0533866547974704,7.4595799049962865
2023-09-18,299.916259765625,302.54998779296875,303.6000061035156,297.79998779296875,298.19000244140625,14234200,52.2862797998444,1.7023271948987713,297.2175018310547,302.35520141601563,0.06813764445884818,6.9176741238633905
2023-09-19,302.414306640625,305.07000732421875,306.1700134277344,299.80999755859375,302.4800109863281,15924400,54.191143349588266,1.8551178264717123,297.9760025024414,302.57460144042966,0.052328436519909705,6.904763973911962
2023-09-20,297.0613708496094,299.6700134277344,308.05999755859375,299.42999267578125,305.04998779296875,19379500,49.61974405076963,1.5229158984805622,298.57950286865236,302.6022015380859,0.04196803570259444,6.463515676379979
2023-09-21,293.1556396484375,295.7300109863281,300.260009765625,293.2699890136719,295.70001220703125,21319600,46.53520428575502,0.9309863766832791,298.65400390625,302.3300018310547,0.005063964115707975,6.419300212187841
2023-09-22,296.4764404296875,299.0799865722656,305.3800048828125,298.2699890136719,299.29998779296875,25369600,49.414534276552416,0.723848919148395,299.27050323486327,302.0434014892578,0.042999081333097156,5.775700517357324
2023-09-25,298.211181640625,300.8299865722656,300.95001220703125,293.70001220703125,295.6400146484375,18987000,50.902071320956004,0.6929138863885669,300.03700256347656,301.8826013183594,0.053695224421245635,4.784131760753784
2023-09-26,296.3575439453125,298.9599914550781,300.29998779296875,296.010009765625,297.6600036621094,19417200,49.23593202355167,0.5116071831528188,300.47200164794924,301.6494012451172,0.02997306344914019,4.209364860637016
2023-09-27,295.14813232421875,297.739990234375,301.29998779296875,286.7900085449219,300.45001220703125,36429800,48.1290841720013,0.26640545579635955,300.4595016479492,301.36320129394534,-0.0008389543548202871,4.21748664725765
2023-09-28,301.3139953613281,303.9599914550781,306.3299865722656,296.70001220703125,298.94000244140625,22167100,53.828082879663214,0.5674423142962155,300.90250091552736,301.12220092773435,0.030023670512750122,4.088243401920972
2023-09-29,297.5966491699219,300.2099914550781,310.6400146484375,299.3599853515625,307.3800048828125,25373700,50.24395157154358,0.4976855246389391,301.1184997558594,301.0760009765625,0.014599941169942454,3.9201395581240543
2023-10-02,304.1491394042969,306.82000732421875,307.17999267578125,301.6300048828125,302.739990234375,16265600,55.82718737702534,0.9646558525068372,301.6404998779297,301.3272009277344,0.03522505658077102,3.9509263490022155
2023-10-03,298.32025146484375,300.94000244140625,306.7699890136719,299.6400146484375,304.260009765625,17362300,50.40839144950707,0.8504623483327123,301.6800003051758,301.51380126953126,0.0026320458470319164,3.9391719954990765
2023-10-04,302.9198913574219,305.5799865722656,306.8999938964844,298.5,298.7300109863281,16880500,54.187300363190396,1.1214438087966414,302.00049896240233,301.7360009765625,0.02142585438657152,3.984707049690732
2023-10-05,302.1368408203125,304.7900085449219,306.2099914550781,299.5,304.6300048828125,19130000,53.44065698598232,1.257953044200633,302.3064987182617,301.86040100097654,0.020490825466374707,3.950325955690679
2023-10-06,312.68414306640625,315.42999267578125,316.30999755859375,300.9100036621094,301.44000244140625,21803900,61.196027368225764,2.1993427399935968,303.1834976196289,301.93480102539064,0.05888071826792851,4.778430972510668
2023-10-09,315.5886535644531,318.3599853515625,320.3299865722656,311.82000732421875,312.5,22503700,63.022621495268865,3.1455666439964034,303.72349700927737,301.79240051269534,0.035115060081606586,5.8000666510113374
2023-10-10,319.0383605957031,321.8399963378906,324.6600036621094,318.1600036621094,319.1199951171875,19038000,65.12257210571565,4.12867095921564,304.7324966430664,301.8572003173828,0.06689648090830413,7.044081606409702
2023-10-11,324.9662780761719,327.82000732421875,328.8399963378906,322.95001220703125,323.010009765625,22036300,68.4394091626095,5.328896914958193,305.87049713134763,301.95940063476564,0.07460830639144511,8.735251083227551
2023-10-12,321.338134765625,324.1600036621094,330.5400085449219,322.69000244140625,328.0,20530500,64.40252048610574,5.916550611910566,306.492497253418,302.1564007568359,0.03990761706881463,9.576119657674294
2023-10-13,311.9505615234375,314.69000244140625,325.04998779296875,312.3699951171875,323.5299987792969,21341000,55.31156256464165,5.554096281524778,307.2114974975586,302.18640075683595,0.04788387000005501,9.62719789825992
2023-10-16,318.3543395996094,321.1499938964844,321.82000732421875,315.5199890136719,318.6400146484375,16536100,59.51029313952933,5.722154500214231,308.14149780273436,302.3948004150391,0.06147746439918356,10.04261930043862
2023-10-17,321.1795654296875,324.0,324.3999938964844,317.29998779296875,318.17999267578125,16387800,61.24050573707261,6.015965221117881,309.08799743652344,302.54360046386716,0.06205130698300021,10.613721637338225
2023-10-18,314.2107238769531,316.9700012207031,325.94000244140625,315.55999755859375,321.3900146484375,16851000,54.997523308857055,5.616803174233894,309.9529968261719,302.6302001953125,0.05773012653179821,10.510229941110557
2023-10-19,310.0869445800781,312.8099975585937,321.8900146484375,311.75,319.8800048828125,18709200,51.64258554389452,4.908208079848976,310.80699615478517,302.78220031738283,0.057755337428554654,9.973957048245198
2023-10-20,305.9631652832031,308.6499938964844,315.29998779296875,306.4700012207031,314.1400146484375,22312300,48.45911044732591,3.9652548439107704,311.2854965209961,302.840400390625,0.03199815351705726,9.604459539272973
2023-10-23,311.2764892578125,314.010009765625,317.3599853515625,307.260009765625,309.5,17796800,52.52034506297365,3.6088653427065083,311.9444976806641,303.0878002929687,0.04381219885535992,9.296538267300859
2023-10-24,309.8292236328125,312.54998779296875,318.3500061035156,310.6300048828125,316.7799987792969,19525500,51.3337910631954,3.1720471391840874,312.6239974975586,303.215,0.0454575753489499,8.779826361078332
2023-10-25,296.92254638671875,299.5299987792969,310.8800048828125,298.8399963378906,310.0,42192500,42.18170706220989,1.755030367365805,312.7134979248047,303.16659973144533,0.0060119856372427005,8.627924649455116
2023-10-26,285.8398132324219,288.3500061035156,295.0,279.3999938964844,295.0,66684100,36.211625506913464,-0.2670195717833508,311.93299865722656,303.0477996826172,-0.0513553947571731,10.050275899468962
2023-10-27,294.1469421386719,296.7300109863281,299.30999755859375,292.9700012207031,294.4800109863281,29596300,42.75201691266786,-1.1797133560003203,311.7589996337891,303.2805999755859,-0.011591820951338039,10.291154327638566
2023-10-30,300.0252685546875,302.6600036621094,309.3999938964844,299.04998779296875,299.0899963378906,28435100,46.90101285109272,-1.4082949580338777,311.5509994506836,303.66880004882813,-0.013558449784252358,10.437236203147114
2023-10-31,298.64739990234375,301.2699890136719,303.67999267578125,296.8599853515625,303.30999755859375,19434200,46.05837429440959,-1.6822185218041454,311.5674987792969,303.89619995117187,0.0010965194709529058,10.419825650535438
2023-11-01,309.13531494140625,311.8500061035156,312.739990234375,301.8500061035156,301.8500061035156,20434600,52.98257463604526,-1.0336704518155102,311.88099975585936,304.3811999511719,0.02051842334827514,10.32408124082605
2023-11-02,308.163818359375,310.8699951171875,318.82000732421875,308.3299865722656,317.29998779296875,21631800,52.312717583652535,-0.5919465388897152,312.1849990844727,304.71380004882815,0.019948116413958994,10.192975078496678
2023-11-03,311.86138916015625,314.6000061035156,315.54998779296875,311.0199890136719,312.54998779296875,16764300,54.6622060111798,0.058430013324937136,312.14349975585935,305.27080017089844,-0.00263128615394137,10.180750436808928
2023-11-06,313.0508728027344,315.79998779296875,318.3299865722656,314.45001220703125,315.9800109863281,12887700,55.42310971239868,0.6630434580840188,312.0154998779297,305.8767999267578,-0.008041203908734862,10.114355202030676
2023-11-07,316.044677734375,318.82000732421875,321.0,315.1199951171875,317.05999755859375,14055600,57.36256682084362,1.3701006385722962,311.86450042724607,306.4479998779297,-0.009383510589222377,9.981635811821036
2023-11-08,316.99627685546875,319.7799987792969,321.3299865722656,314.8800048828125,318.1400146484375,13609700,57.98829117239682,1.9850296494616941,311.4625,306.8838000488281,-0.02452567984043208,9.453133267999402
2023-11-09,317.75958251953125,320.54998779296875,324.17999267578125,318.79998779296875,319.4200134277344,16103100,58.51417950257379,2.5056138425658787,311.281999206543,307.3927996826172,-0.011136524643254764,9.229749005761871
2023-11-10,325.9080505371094,328.7699890136719,329.1000061035156,319.4599914550781,319.94000244140625,19096200,63.73336239887727,3.540651540323836,311.9859985351562,308.0503991699219,0.04474240192898171,10.007576255884558
2023-11-13,326.32440185546875,329.19000244140625,332.3299865722656,325.70001220703125,326.20001220703125,16908900,63.98270124580586,4.344734550861517,312.3879989624023,308.70659912109375,0.02503505744270207,10.542263115627428
2023-11-14,333.38232421875,336.3099975585937,338.1000061035156,333.3299865722656,334.5400085449219,17179400,67.99917582051694,5.4931782915328995,313.00349884033204,309.42979919433594,0.03799381962528914,11.565587720583324
2023-11-15,329.8137512207031,332.7099914550781,338.3999938964844,330.0199890136719,337.92999267578125,14531200,64.1065343278807,6.043175854553056,313.7904983520508,310.1005987548828,0.04965766531141025,12.358076226841987
2023-11-16,331.2808837890625,334.19000244140625,334.5799865722656,326.3800048828125,329.3699951171875,18932600,64.99375703212627,6.523281079708397,314.85949859619143,310.8109985351563,0.06834821472995856,13.16702833313603
2023-11-17,332.1234436035156,335.0400085449219,335.5,329.3500061035156,330.260009765625,14494400,65.52088391527542,6.892899266310451,316.17899932861326,311.55399841308594,0.0855014261146827,13.818209680868378
2023-11-20,337.0105285644531,339.9700012207031,341.8699951171875,334.19000244140625,334.8900146484375,16960500,68.48500423833724,7.497210375063105,317.4769989013672,312.20219848632814,0.08267249656931153,14.788912373076473
2023-11-21,334.04656982421875,336.9800109863281,339.8999938964844,335.8999938964844,338.3299865722656,12027900,64.84402780468326,7.6467174600894054,318.69850006103513,312.9085986328125,0.07816357110063832,15.358483674220443
2023-11-22,338.51727294921875,341.489990234375,342.9200134277344,338.5799865722656,339.2099914550781,10702700,67.63874101099074,8.036480985693913,320.79649963378904,313.63719848632815,0.1400861069878867,15.467735406394873
2023-11-24,335.28570556640625,338.2300109863281,341.8599853515625,336.7699890136719,340.1300048828125,5467500,63.69705126016038,7.990212115759903,323.2904998779297,314.16739868164063,0.17298423383735217,13.902891718813859
2023-11-27,331.786376953125,334.70001220703125,339.8999938964844,334.20001220703125,336.17999267578125,15684500,59.64386025775111,7.581309684092616,325.18899993896486,314.8551989746094,0.127961445808906,12.618175939051387
2023-11-28,336.0390319824219,338.989990234375,339.3800048828125,333.3999938964844,333.3999938964844,12637200,62.74635932274001,7.516768308938083,327.0054992675781,315.5839990234375,0.12003563778722648,11.79220790946889
2023-11-29,329.3081970214844,332.20001220703125,339.8999938964844,330.7799987792969,339.69000244140625,16024500,55.47675051243568,6.838889858314531,328.55200042724607,316.12659912109376,0.10266546394023912,10.153817897807407
2023-11-30,324.3021545410156,327.1499938964844,333.5,322.3999938964844,331.8900146484375,23146400,50.76585490317956,5.827001977830037,329.3169998168945,316.67619873046874,0.049062008957890146,9.375794329110933
2023-12-01,321.992431640625,324.82000732421875,326.8599853515625,320.760009765625,325.4800109863281,15276400,48.710620884568065,4.781939872223234,330.0145004272461,317.25799865722655,0.044874103085351,8.399265894592881
2023-12-04,317.23419189453125,320.0199890136719,320.8599853515625,313.6600036621094,317.2900085449219,19037100,44.696103024768995,3.525756535396795,330.2854995727539,317.6767987060547,0.017228171662440728,7.95123458204608
2023-12-05,315.5192565917969,318.2900085449219,321.8800048828125,315.3900146484375,318.9800109863281,16952100,43.31066355555326,2.363383609773223,330.4100006103516,318.0259991455078,0.007884803192536927,7.728866736241525
2023-12-06,314.6865234375,317.45001220703125,322.25,317.0400085449219,321.92999267578125,11294300,42.61986590553322,1.3587511697547257,330.3415008544922,318.3957995605469,-0.004297080125822528,7.84223300038952
2023-12-07,323.7469482421875,326.5899963378906,328.239990234375,317.7699890136719,317.7699890136719,15905100,51.65545063445619,1.2852771810935906,330.6820007324219,318.97279968261716,0.021295883371660773,7.499899672774228
2023-12-08,329.8534240722656,332.75,333.1700134277344,323.0,323.0899963378906,14087400,56.61410130302644,1.70446136038953,331.29200134277346,319.5485998535156,0.03805962461901813,7.118908575442938
2023-12-11,322.4483947753906,325.2799987792969,329.8900146484375,320.0,329.3999938964844,25802500,49.92648463790412,1.4175604193215463,331.1175018310547,320.05,-0.010615294433792943,7.225950871131401
2023-12-12,331.31060791015625,334.2200012207031,334.4700012207031,324.55999755859375,324.6000061035156,18485500,56.54271994369685,1.8897885329636779,331.3690017700195,320.5979998779297,0.01527992570245873,7.242848225837317
2023-12-13,331.8260498046875,334.739990234375,338.3699951171875,332.6400146484375,333.92999267578125,16353300,56.899439559891086,2.279712377700264,331.2905014038086,321.27399963378906,-0.004668333786137735,7.194826488240971
2023-12-14,330.2697448730469,333.1700134277344,334.70001220703125,328.6400146484375,333.8500061035156,19607300,55.42027371636477,2.4339883241556777,331.3135025024414,321.82580017089845,0.0013826515117396632,7.200336498546244
2023-12-15,332.0044860839844,334.9200134277344,338.6600036621094,331.2200012207031,331.989990234375,31776900,56.76933082420525,2.666723173097523,331.3500030517578,322.4284002685547,0.002184418986190595,7.217515578919734
2023-12-18,341.62005615234375,344.6199951171875,347.55999755859375,337.0199890136719,337.4800109863281,18993900,63.38365501270385,3.592462996662505,331.8290023803711,323.0122003173828,0.028593559956828773,7.77189888484142
2023-12-19,347.3100891113281,350.3599853515625,353.6000061035156,345.1199951171875,345.5799865722656,17729400,66.63668206992772,4.734708939842619,332.34850158691404,323.65220031738284,0.03056147334633308,8.643128431230393
2023-12-20,346.23944091796875,349.2799987792969,354.9599914550781,347.7900085449219,348.6499938964844,16369900,65.45834486629735,5.489521403066988,332.9635009765625,324.20100036621096,0.03650064511828788,9.394931291224005
2023-12-21,351.0076599121094,354.0899963378906,356.4100036621094,349.2099914550781,352.9800109863281,15289600,68.15891388942649,6.40204354954858,333.59350128173827,324.72640014648437,0.036897146223430655,10.368778349773205
2023-12-22,350.3136901855469,353.3900146484375,357.20001220703125,351.2200012207031,355.5799865722656,11772800,67.33387906634523,6.988185796783853,334.35150146484375,325.3110003662109,0.04482158049163232,11.242853071485449
2023-12-26,351.7411804199219,354.8299865722656,356.9800109863281,353.45001220703125,354.989990234375,9898600,68.18699172263325,7.482646163364279,335.35800018310545,326.1138000488281,0.06014333322695786,12.140881910465355
2023-12-27,354.71502685546875,357.8299865722656,359.0,355.30999755859375,356.07000732421875,13207900,69.94789549363284,8.024087804834835,336.3,326.84739990234374,0.05557685147241309,13.128255596542699
2023-12-28,355.2007751464844,358.32000732421875,361.8999938964844,357.80999755859375,359.70001220703125,11798800,70.23768026842227,8.395941597540627,337.6059997558594,327.53380004882814,0.07862731534431489,13.971077117359691
2023-12-29,350.8787536621094,353.9599914550781,360.0,351.82000732421875,358.989990234375,14987100,64.29683113375735,8.24379225927288,338.9464996337891,328.27359985351563,0.0819501698266174,14.199360823415297
2024-01-02,343.2754821777344,346.2900085449219,353.1600036621094,340.010009765625,351.32000732421875,19042200,55.41686468595015,7.418790098175691,340.0199996948242,328.94320007324217,0.06609814893351951,13.883228046084177
2024-01-03,341.4713439941406,344.4700012207031,347.95001220703125,343.17999267578125,344.9800109863281,15451100,53.52772545156081,6.542690497684134,341.2425003051758,329.65960021972654,0.07640151567528086,13.082829908942173
2024-01-04,344.0982360839844,347.1199951171875,348.1499938964844,343.3999938964844,344.5,12099900,55.8857964690416,5.993122625819865,342.6839996337891,330.3217999267578,0.09057773036628869,11.960940798837916
2024-01-05,348.8862609863281,351.95001220703125,353.5,346.260009765625,346.989990234375,13920700,59.88152391080739,5.879552321687868,344.40899963378905,331.10980041503905,0.10867852787323296,10.532681866273856
2024-01-08,355.5378112792969,358.6600036621094,358.9800109863281,352.04998779296875,354.70001220703125,13890200,64.66923987900265,6.2588392670414805,346.0125,332.29240051269534,0.09819653903617742,10.109818904864019
2024-01-09,354.3185119628906,357.42999267578125,360.6400146484375,355.3599853515625,356.3999938964844,13463900,63.18076825643868,6.386555065579728,347.2464996337891,333.67400024414064,0.07416977513382794,9.910043970165043
2024-01-10,367.2450256347656,370.4700012207031,372.94000244140625,359.0799865722656,360.1700134277344,22117200,70.84277542173619,7.454064648467181,349.50599975585936,335.14880004882815,0.13892647138156122,9.789004326702528
2024-01-11,366.45196533203125,369.6700134277344,372.7799987792969,362.92999267578125,372.1300048828125,17205400,69.88199685713789,8.14166925956988,351.27850036621095,336.48900024414064,0.10606789563028496,10.080617243854105
2024-01-12,371.22998046875,374.489990234375,377.05999755859375,369.5400085449219,370.1600036621094,19310000,72.3179671582021,8.972107839629416,353.26600036621096,337.9534002685547,0.11874888319190147,10.555631711739602
2024-01-16,364.26123046875,367.4599914550781,375.6099853515625,367.2300109863281,373.6499938964844,15306900,64.16627738010925,8.959692490163775,354.9804992675781,339.06559997558594,0.10292036091291679,9.883096729124627
2024-01-17,365.163330078125,368.3699951171875,368.5400085449219,358.6099853515625,366.29998779296875,12724800,64.720640964289,8.92045349151806,356.65299835205076,340.2155999755859,0.09987453824305614,9.10970235059527
2024-01-18,372.85577392578125,376.1300048828125,376.8500061035156,370.95001220703125,371.489990234375,16354300,69.10932200005522,9.407085214719928,358.228498840332,341.4461999511719,0.09143407292693517,9.629077242203289
2024-01-19,380.112060546875,383.4500122070313,384.3599853515625,377.9700012207031,379.0,21670800,72.57504031070434,10.265078343209211,359.8830001831055,342.7992004394531,0.09444579358075145,10.957158631662548
2024-01-22,378.4565734863281,381.7799987792969,390.3500061035156,381.1600036621094,387.95001220703125,17680500,70.62817051176026,10.687093787611332,361.5080001831055,344.0584002685547,0.0930485573568045,11.687531793509027
2024-01-23,381.84686279296875,385.2000122070313,388.3800048828125,382.0799865722656,384.6199951171875,15506100,72.26880108320506,11.168764009938172,363.0635009765625,345.3668005371094,0.0878590646188544,12.676672706790697
2024-01-24,387.29888916015625,390.7000122070313,396.1499938964844,387.80999755859375,390.0,15698500,74.71484876578756,11.857608041562514,364.9290008544922,346.7698010253906,0.10557739611208561,13.867533470867702
2024-01-25,389.7572937011719,393.1799926757813,395.489990234375,385.6600036621094,390.1700134277344,15091100,75.75337580512338,12.460004422347254,366.846501159668,348.0580010986328,0.10807994688945266,15.002549796888156
2024-01-26,390.708984375,394.1400146484375,396.7900085449219,391.5899963378906,394.3500061035156,13163700,76.16155214171813,12.866555995739816,368.66200256347656,349.35700134277346,0.10147284866758599,16.016719790443805
2024-01-29,397.5290832519531,401.0199890136719,402.92999267578125,393.1000061035156,394.989990234375,18742400,78.90259548273966,13.587281753365346,370.79700164794923,350.651201171875,0.11916717129003884,17.355552643757534
2024-01-30,396.5774230957031,400.05999755859375,406.3599853515625,399.57000732421875,403.5899963378906,18614700,77.56244171682488,13.920531598354955,373.102001953125,351.9982012939453,0.130240725552075,18.04915282037087
2024-01-31,386.7438049316406,390.1400146484375,398.0,387.1000061035156,389.0,20180800,65.23262939606812,13.231648576971338,375.2945022583008,353.11720153808596,0.12662798527676045,17.267151911328725
2024-02-01,391.3434143066406,394.7799987792969,400.5,393.04998779296875,393.94000244140625,29727100,67.81021624527511,12.911278578326574,377.8100021362305,354.31200134277344,0.1460504467161423,16.170011368001763
2024-02-02,470.8551025390625,474.989990234375,485.9599914550781,453.010009765625,459.6000061035156,84707600,86.47594673990126,18.91165720169289,384.20350189208983,357.01240112304686,0.368374040435264,25.805398107809353
2024-02-05,455.41082763671875,459.4100036621094,471.8999938964844,459.2200012207031,469.8800048828125,40832400,77.12135428789801,22.154443152107433,389.5765014648438,359.4610009765625,0.3053274264183454,29.638879766095013
2024-02-06,450.7616271972656,454.7200012207031,467.1199951171875,453.0,464.0,21655200,74.50843694175667,24.068483879731957,394.37950134277344,361.72560119628906,0.2678302475262646,32.050347111593624
2024-02-07,465.50213623046875,469.5899963378906,471.5199890136719,456.17999267578125,458.0,23066000,77.15162892558887,26.480014158532697,399.9875015258789,364.3528009033203,0.31379572492632946,34.92821909596839
2024-02-08,465.90863037109375,470.0,470.5899963378906,465.0299987792969,468.32000732421875,18815100,77.22176056477396,28.100330034815215,404.96400146484376,367.05880065917967,0.26865872662116863,37.49721770771517
2024-02-09,464.0350341796875,468.1099853515625,473.5899963378906,467.4700012207031,472.95001220703125,18413100,76.06273556235661,28.898806204849848,409.88600006103513,369.6412005615234,0.2662914717129792,39.0492359022326
2024-02-12,464.81817626953125,468.8999938964844,479.1499938964844,466.5799865722656,468.19000244140625,19382000,76.22337589680514,29.258082447579,414.60650024414065,372.3752001953125,0.25210287624249395,40.233610709405355
2024-02-13,456.1146545410156,460.1199951171875,467.8900146484375,455.0899963378906,456.8699951171875,20916600,70.55624925179953,28.50574247931661,419.23950042724607,375.03460021972654,0.25216351661902503,39.852039698332746
2024-02-14,469.1600341796875,473.2799987792969,474.1099853515625,466.0899963378906,467.92999267578125,16858400,73.71119451922253,28.64125142903066,424.48500061035156,378.0038000488281,0.284795192476887,39.708066091930405
2024-02-15,479.8164978027344,484.0299987792969,488.6199951171875,472.2200012207031,475.2799987792969,24212300,75.97576290238327,29.278573239444427,429.88000030517577,381.2840002441406,0.28686888175832137,40.12031937182506
2024-02-16,469.19970703125,473.3200073242188,478.9599914550781,469.2099914550781,478.1099853515625,23324600,69.5479359598577,28.589882197176166,434.37350006103514,384.38460021972656,0.23437212741217794,39.67673328376548
2024-02-20,467.6433410644531,471.75,476.17999267578125,466.55999755859375,469.7200012207031,18015500,68.63127567656349,27.599256070422314,438.8720001220703,387.4705999755859,0.2356592841646319,38.48226962339305
2024-02-21,464.4480285644531,468.0299987792969,469.0,461.7900085449219,466.5,12921800,66.3981844711144,26.21185081880219,443.0134994506836,390.29940002441407,0.21503111097449135,36.823392663065356
2024-02-22,482.4095153808594,486.1300048828125,489.989990234375,476.05999755859375,480.239990234375,21625800,71.29257819417262,26.27001698241378,447.78499908447264,393.3670001220703,0.2442538768727065,35.858105312269046
2024-02-23,480.3255310058594,484.0299987792969,494.3599853515625,482.3500061035156,488.04998779296875,18374300,70.01827121384464,25.84869349570465,452.32749938964844,396.5420001220703,0.2310646721498646,34.29713637936004
2024-02-26,478.0530090332031,481.739990234375,486.1400146484375,480.6000061035156,483.4700012207031,12101400,68.57874199348116,25.041345996885184,456.70749816894534,399.4923999023438,0.22225598094645216,31.99111814543937
2024-02-27,483.3224792480469,487.0499877929688,487.2699890136719,479.9200134277344,479.9800109863281,10809600,70.11311737275291,24.547026867192017,461.00899810791014,402.5385998535156,0.21452795655122303,29.81937830715637
2024-02-28,480.3156433105469,484.0199890136719,491.04998779296875,482.75,485.0,12715500,68.07044160940038,23.638292297520536,465.2069976806641,405.5555993652344,0.20986849964368437,26.514119531545507
2024-02-29,486.3788757324219,490.1300048828125,491.70001220703125,482.6099853515625,488.44000244140625,17732000,69.97035961358463,23.14434719349265,470.2064971923828,408.65979919433596,0.2562925782541887,20.31744984413891
2024-03-01,498.4557189941406,502.2999877929688,504.25,491.8500061035156,492.1099853515625,16273600,73.36939227131154,23.46442476928388,475.5824966430664,411.8133990478516,0.2723541956181559,11.711408449183756
2024-03-04,494.377197265625,498.1900024414063,504.4200134277344,496.4200134277344,503.0,12324100,70.4684767692298,23.11993486735139,476.742497253418,414.76999938964843,0.04884316024340585,12.752339095376671
2024-03-05,486.4681396484375,490.2200012207031,495.5799865722656,487.8900146484375,495.0,15325300,65.0936830692657,21.950776757150493,478.28299713134766,417.58879943847654,0.06706427224700606,12.404553232972678
2024-03-06,492.2932434082031,496.0899963378906,502.9700012207031,494.2900085449219,497.6300048828125,11757900,67.08493265693099,21.252880107427927,480.351496887207,420.4287994384766,0.09097905305710996,11.697697697321296
2024-03-07,508.27001953125,512.1900024414062,519.8499755859375,501.3800048828125,503.2799987792969,18586400,71.83130105426058,21.748227890319754,482.4814971923828,423.60479919433595,0.09071744806263515,13.390941582379474
2024-03-08,502.0777587890625,505.9500122070313,523.5700073242188,499.3500061035156,514.1900024414062,18597100,67.75336759899866,21.390700830979256,484.27899780273435,426.62719970703125,0.07648938767453473,14.025150845865506
2024-03-11,479.8889465332031,483.5899963378906,497.32000732421875,476.0,497.010009765625,20428300,55.577537415202954,19.083113397992065,485.0529983520508,429.14239990234375,0.03306917491773276,13.503310492931824
2024-03-12,495.92529296875,499.75,502.30999755859375,484.7300109863281,493.260009765625,15448200,61.028452078481685,18.346820249489554,486.5954986572266,431.9709997558594,0.06579229367686046,13.321815609962327
2024-03-13,491.77728271484375,495.5700073242188,500.9800109863281,491.0299987792969,495.3900146484375,12090700,59.01138064996503,17.227425116275867,488.3679992675781,434.8032000732422,0.0770451460124062,11.89581749057488
2024-03-14,488.0658264160156,491.8299865722656,501.3500061035156,488.1600036621094,500.260009765625,12620000,57.190034646180706,15.855732970539236,489.2954986572266,437.71399963378906,0.03919453144188134,11.369005642349615
2024-03-15,480.3949890136719,484.1000061035156,491.8299865722656,481.29998779296875,489.010009765625,29153600,53.51373412227497,13.98371665975651,489.2989990234375,440.5065997314453,0.00014463426728772433,11.367309790242892
2024-03-18,493.1764221191406,496.9800109863281,497.4200134277344,486.80999755859375,491.9100036621094,11755300,58.32131867185926,13.385143396549893,490.481999206543,443.5038000488281,0.04998733055013771,10.835562516341913
2024-03-19,492.4421081542969,496.239990234375,496.6300048828125,481.2799987792969,488.1700134277344,10903100,57.950491162340846,12.704605499049308,491.70649871826174,446.389599609375,0.05191306885930058,9.955314822757858
2024-03-20,501.6510009765625,505.5199890136719,508.20001220703125,495.1700134277344,499.5,11711100,61.27568563833971,12.766923510477852,493.5809982299805,449.32679931640627,0.08010168222583025,8.714834502088856
2024-03-21,503.87396240234375,507.760009765625,515.0399780273438,506.010009765625,514.7100219726562,9712500,62.05568042224894,12.848947271605141,494.6624984741211,452.3333996582031,0.044494280677093156,9.076147682348099
2024-03-22,505.67999267578125,509.5799865722656,509.9700012207031,504.3399963378906,507.0,8120600,62.71283244764278,12.911967487586594,495.9399978637695,455.1155993652344,0.052785959253361936,9.29627538848048
2024-03-25,499.170166015625,503.0199890136719,507.2200012207031,500.239990234375,505.7900085449219,8380600,58.76243004964467,12.290892723495233,497.0039978027344,457.7825988769531,0.044173203825042195,8.789461771667245
2024-03-26,492.0948181152344,495.8900146484375,510.0,495.2099914550781,505.1300048828125,11205400,54.72729671022132,11.09545564872127,497.4459991455078,460.2105993652344,0.018150142853974094,8.479354077714074
2024-03-27,490.0802917480469,493.8599853515625,499.8900146484375,488.07000732421875,499.29998779296875,9989700,53.598769631753136,9.870476051939988,497.93799896240233,462.73859924316406,0.020329731335977375,7.926803086940331
2024-03-28,481.8636779785156,485.5799865722656,492.8900146484375,485.1499938964844,492.8399963378906,15212800,49.14714127875821,8.137737421903182,497.710498046875,465.08279907226563,-0.009283288648355148,8.222467620905512
2024-04-01,487.5895080566406,491.3500061035156,497.42999267578125,481.7799987792969,487.20001220703125,9247000,52.13081808699233,7.147727376111902,497.16299896240236,467.3871990966797,-0.021799685358476206,8.265234222942864
2024-04-02,493.5634460449219,497.3699951171875,497.5299987792969,484.6499938964844,485.1000061035156,11081000,55.0913484547448,6.770849941028587,497.1219985961914,469.6655987548828,-0.001645973062888273,8.261904741209667
2024-04-03,502.86175537109375,506.739990234375,507.239990234375,498.75,498.92999267578125,12099200,59.30961187124421,7.1458789121659265,497.947998046875,472.16479858398435,0.03369913298628213,8.360763697911489
2024-04-04,507.009765625,510.9200134277344,530.0,510.5799865722656,516.4199829101562,26476300,61.06652721445404,7.691719655266127,498.6894989013672,474.67919860839845,0.029893803945489905,8.831670179352438
2024-04-05,523.3040771484375,527.3400268554688,530.7000122070312,514.4099731445312,516.8599853515625,19263300,67.07968365546455,9.341576355289135,499.44700012207034,477.4119989013672,0.029578914742280027,10.535859965917968
2024-04-08,515.2760009765625,519.25,531.489990234375,518.8900146484375,529.280029296875,13260600,61.99896726113283,9.882384147688072,500.11199951171875,479.93339904785154,0.026287157766736957,11.355749096778473
2024-04-09,512.944091796875,516.9000244140625,525.8699951171875,506.739990234375,522.22998046875,10863800,60.56398523031326,10.00601175427704,501.77750091552736,482.38859924316404,0.06888072195128236,11.247200835751151
2024-04-10,515.8516235351562,519.8300170898438,522.5599975585938,505.79998779296875,509.2900085449219,11418500,61.75262832395926,10.222573975692228,502.78150177001953,484.7647998046875,0.0401801242418085,11.932073610099433
2024-04-11,519.156005859375,523.1599731445312,523.8599853515625,517.2899780273438,521.1099853515625,10369500,63.113395366874734,10.541386182295241,504.16100006103517,487.22679931640624,0.05567319533577453,12.628975382077972
2024-04-12,507.98223876953125,511.8999938964844,520.1900024414062,509.3299865722656,517.75,11984500,55.87439215931264,9.772806105774805,505.1645004272461,489.6619989013672,0.040806798837325076,12.39275517781237
2024-04-15,496.40155029296875,500.2300109863281,518.530029296875,497.2799987792969,516.719970703125,13512900,49.53319988149194,8.128332410758844,505.9710006713867,491.7709991455078,0.03331957174023126,11.43782885428599
2024-04-16,495.9351806640625,499.760009765625,504.7699890136719,497.1099853515625,498.1099853515625,9847900,49.290574940029565,6.709803550496474,506.11000061035156,492.26639953613284,0.005593783890381454,11.33928137970134
2024-04-17,490.3879699707031,494.1700134277344,503.1600036621094,487.1400146484375,503.1000061035156,12193700,46.380704700876066,5.076029908801104,506.00650177001955,492.9615997314453,-0.00417132203646664,11.443082697588101
2024-04-18,497.95953369140625,501.7999877929688,512.2100219726562,499.0400085449219,499.82000732421875,14808700,50.66211188502219,4.346820253886904,505.82050170898435,493.9031994628906,-0.007358761872030439,11.481575253137875
2024-04-19,477.3882141113281,481.0700073242188,502.79998779296875,475.7300109863281,502.79998779296875,25215400,41.06755760772174,2.0722920794084416,504.4860015869141,494.1327996826172,-0.05256420735797196,12.727740744755124
2024-04-22,478.0431823730469,481.7300109863281,492.010009765625,473.3999938964844,489.7200012207031,17271100,41.44776201724876,0.31928833650198385,503.0935028076172,494.3673999023438,-0.05465280489776059,13.632425881784044
2024-04-23,492.3031921386719,496.1000061035156,498.760009765625,488.9700012207031,491.25,15079200,49.141251075647375,0.08853813888367768,502.74750366210935,494.9272003173828,-0.013756874600003521,13.721912857145691
2024-04-24,489.7230529785156,493.5,510.0,484.5799865722656,508.05999755859375,37772700,47.91451987261038,-0.3006659289197273,502.6280029296875,495.4192004394531,-0.004819646651146869,13.794988633615453
2024-04-25,438.001953125,441.3800048828125,445.7699890136719,414.5,421.3999938964844,82890700,31.135320709802187,-4.7598919067302745,500.00400390625,495.0444006347656,-0.10626489698571395,19.402203119111103
2024-04-26,439.8973693847656,443.2900085449219,446.44000244140625,431.9599914550781,441.4599914550781,32691400,32.074079758327116,-8.046978726479324,497.88950500488284,494.4446008300781,-0.08709168251737665,23.02340584040239
2024-04-29,429.3089904785156,432.6199951171875,439.760009765625,428.55999755859375,439.55999755859375,21502600,29.643020678606035,-11.381797348991142,494.95300445556643,493.4164007568359,-0.11952785235939356,27.2573990716976
2024-04-30,426.8777770996094,430.1700134277344,439.6199951171875,429.7200012207031,431.04998779296875,18429500,29.09766233225892,-14.06028002448818,491.59300537109374,492.55340087890625,-0.13511064669998807,30.848997667434713
2024-05-01,435.8287353515625,439.1900024414063,449.9599914550781,427.1099853515625,428.6000061035156,20344900,33.91792838677584,-15.279031942667473,488.2155059814453,491.9022009277344,-0.1333030530346061,32.74305551738877
2024-05-02,438.2996826171875,441.6799926757813,443.9599914550781,432.2799987792969,438.8399963378906,15221300,35.22705135341509,-15.861142834878706,484.75350494384764,491.37520080566406,-0.13552027505719644,33.85759366293017
2024-05-03,448.5009765625,451.9599914550781,454.1700134277344,443.8500061035156,445.92999267578125,16489100,40.47041246611494,-15.316401975044698,480.9845031738281,490.6918005371094,-0.14294389115478712,33.05345870571566
2024-05-06,462.1159973144531,465.6799926757813,466.1600036621094,453.3399963378906,455.5799865722656,15094600,46.67474174360004,-13.620591779790516,478.3060028076172,490.3248004150391,-0.10316804491905385,31.941215764517477
2024-05-07,464.6563720703125,468.239990234375,471.5299987792969,461.30999755859375,466.2900085449219,13406800,47.76860658040288,-11.932528809834139,475.8730010986328,490.05480041503904,-0.09413819284463487,30.674882734594362
2024-05-08,468.9830322265625,472.6000061035156,475.5799865722656,463.0,463.5,11683900,49.66250001728155,-10.126181583870391,473.5115005493164,489.76580078125,-0.09085664435219643,28.878128428694424
2024-05-09,471.781494140625,475.4200134277344,476.0799865722656,467.6300048828125,470.0,9437700,50.902523605902985,-8.370596345825845,471.12450256347654,489.59380126953124,-0.09125308159538414,26.427354381020074
2024-05-10,472.55548095703125,476.2000122070313,477.5,469.6000061035156,477.0899963378906,10750000,51.26016741152234,-6.837524289797784,469.3395034790039,489.3152014160156,-0.06974014869137168,24.675890430350524
2024-05-13,464.4281005859375,468.010009765625,473.3500061035156,462.8500061035156,472.75,14668800,47.35921357341916,-6.211812482938683,467.72850341796874,488.62940185546876,-0.06441037225490198,23.580466355844706
2024-05-14,468.2388000488281,471.8500061035156,472.5400085449219,460.0799865722656,463.3699951171875,10478600,49.30712487292079,-5.344468054793538,466.33300323486327,488.10260192871095,-0.0558468127035584,22.380384324682534
2024-05-15,477.8546142578125,481.5400085449219,482.5,471.20001220703125,474.9800109863281,13100500,53.93901053982401,-3.8310274328035803,465.70150299072264,487.9290020751953,-0.025558015540454226,21.72208247110052
2024-05-16,469.60821533203125,473.2300109863281,477.69000244140625,472.75,475.0,16608200,49.741502829057424,-3.2645307116131903,464.27300415039065,487.47180236816405,-0.05693498904274186,20.102230983322062
2024-05-17,468.29827880859375,471.9100036621094,472.79998779296875,468.4200134277344,470.8299865722656,10807300,49.08803486457183,-2.8887913495171915,463.8150039672852,486.6662023925781,-0.01904089534298492,19.801492875931476
2024-05-20,465.2517395019531,468.8399963378906,473.20001220703125,467.0400085449219,469.95001220703125,11745100,47.52427991100013,-2.8063888284449945,463.1705032348633,485.9240020751953,-0.02675775715539408,19.39326894914853
2024-05-21,461.0740051269531,464.6300048828125,470.70001220703125,462.2699890136719,467.1199951171875,11742200,45.38892797259153,-3.045686583811289,461.5970031738281,485.54480224609375,-0.06343479305286814,17.79139157184018
2024-05-22,464.19989013671875,467.7799987792969,473.7200012207031,465.6499938964844,467.8699951171875,10078600,47.29703253001312,-2.9471803367711686,460.31100311279295,484.9054022216797,-0.05211753033577127,16.224560609110362
2024-05-23,462.2152099609375,465.7799987792969,474.3599853515625,461.5400085449219,472.8800048828125,11747900,46.19344499685761,-2.9959611365343903,461.5310028076172,484.3096020507812,0.05528114918337246,15.632708972779053
2024-05-24,474.5600280761719,478.2200012207031,479.8500061035156,466.29998779296875,467.6199951171875,12024300,53.46645499634941,-2.0076728374727395,463.2775024414062,484.03740234375,0.07879715762247219,15.437537613247764
2024-05-28,476.24700927734375,479.9200134277344,480.8599853515625,474.8399963378906,476.5799865722656,10175800,54.37408089852869,-1.0748799161373768,465.6425033569336,483.95380249023435,0.10933387001156603,14.054891663225321
2024-05-29,470.72955322265625,474.3599853515625,479.8500061035156,473.70001220703125,474.6600036621094,9226200,50.87876124138399,-0.775344910727199,467.852001953125,483.50140197753905,0.1027267604538682,11.409411819456578
2024-05-30,463.4754943847656,467.0499877929688,471.7300109863281,464.7099914550781,471.6700134277344,10719600,46.63427499744174,-1.114964356624398,469.2450012207031,482.91760192871095,0.06343492610645063,9.215670163731254
2024-05-31,463.25714111328125,466.8299865722656,469.1199951171875,454.4599914550781,465.79998779296875,16919800,46.50852334681485,-1.3858917764959529,470.5025009155273,482.1438018798828,0.05694166435776471,6.601512764383149
2024-06-03,473.8355712890625,477.489990234375,479.6000061035156,468.239990234375,470.8599853515625,11279400,53.10686341237128,-0.7319925480618394,471.7790008544922,481.5384014892578,0.05648729812810083,5.13210099992195
2024-06-04,473.33941650390625,476.989990234375,478.8900146484375,473.2300109863281,477.0,7088700,52.7780114299913,-0.2512225822167693,472.34450073242186,480.8866015625,0.024287059217654727,5.0471016180164785
2024-06-05,491.2711181640625,495.05999755859375,496.6499938964844,483.9100036621094,484.45001220703125,15690500,61.94853619842107,1.569794044604805,473.6855010986328,480.72740173339844,0.05727833564748308,7.0605375153097025
2024-06-06,489.9810791015625,493.760009765625,502.82000732421875,490.8900146484375,492.9800109863281,10667300,61.03028616715425,2.874924352281141,474.7435012817383,480.6848016357422,0.04477360006100928,8.35587697745388
2024-06-07,489.1872253417969,492.9599914550781,498.9100036621094,490.1700134277344,495.9100036621094,9380700,60.43657518133037,3.8008805474565293,475.6205001831055,480.6668017578125,0.03689364673750717,9.297971553760554
2024-06-10,498.7533874511719,502.6000061035156,502.6600036621094,493.4100036621094,493.8599853515625,11220900,64.87118694533854,5.252033942441301,476.9404998779297,481.0072021484375,0.0554388769839147,11.086509457119359
2024-06-11,503.5861511230469,507.4700012207031,507.6000061035156,498.2699890136719,500.1600036621094,9673700,66.89026428587684,6.717614885838088,478.9134994506836,481.32960205078126,0.08431441770837189,12.793389327518595
2024-06-12,504.9456787109375,508.8399963378906,514.010009765625,504.4700012207031,513.989990234375,11983200,67.45692517736964,7.898595407695723,480.7629989624023,481.55900207519534,0.07839353556405393,14.303173567652495
2024-06-13,500.241943359375,504.1000061035156,509.3599853515625,501.3599853515625,505.7099914550781,9954600,63.41312407100584,8.355733684953748,481.89099884033203,481.50620239257813,0.04684968467472461,15.227397731758893
2024-06-14,500.79827880859375,504.1600036621094,507.1499938964844,500.75,502.6499938964844,10243300,63.44299678269744,8.62345454861969,483.43749847412107,481.3710021972656,0.06535932201619143,15.859020071176015
2024-06-17,503.2517395019531,506.6300048828125,510.75,496.010009765625,501.6700134277344,11266600,64.72009698895465,8.931971510139306,485.1734985351562,480.9568017578125,0.07357335286658362,16.421098635243123
2024-06-18,496.1593933105469,499.489990234375,506.0,495.0199890136719,504.55999755859375,13060400,58.37197328195781,8.502324411054019,486.7059982299805,480.5616015625,0.06537410232892138,16.24581672734684
2024-06-20,498.3545837402344,501.7000122070313,503.6700134277344,496.7699890136719,502.0,11801200,59.68993234570488,8.2451117766999,488.5594985961914,480.2576013183594,0.07978392900727216,15.700094472329313
2024-06-21,491.4808044433594,494.7799987792969,503.45001220703125,492.3900146484375,503.45001220703125,22359200,53.932106690735566,7.397606655529671,489.9094985961914,479.75660095214846,0.05771944091337455,14.962801898196812
2024-06-24,495.5832214355469,498.9100036621094,507.79998779296875,494.2900085449219,499.20001220703125,13525300,56.62153466773894,6.978762785942308,491.56599884033204,479.2716015625,0.0711280110130077,13.95051374473796
2024-06-25,507.1952819824219,510.6000061035156,510.7099914550781,495.5,497.04998779296875,12063200,63.174769871754364,7.503614504116285,493.1849990844727,479.24560180664065,0.06770943247910877,14.19687583371704
2024-06-26,509.69842529296875,513.1199951171875,513.8099975585938,504.67999267578125,506.6499938964844,8882300,64.42251406363849,8.030336603444539,494.8449981689453,479.50340148925784,0.06917815627718626,14.501917601809035
2024-06-27,516.095458984375,519.5599975585938,522.8800048828125,513.9000244140625,514.25,10121200,67.4571573076915,8.86522919393127,497.10499877929686,479.8994012451172,0.09528630913826386,14.662609191929322
2024-06-28,500.85784912109375,504.2200012207031,521.8800048828125,503.8399963378906,517.1500244140625,15855100,55.34698638785881,8.194615655889095,498.96349945068357,480.10040100097655,0.07958465774376777,12.902649946980103
2024-07-01,501.3147888183594,504.6799926757813,506.5799865722656,493.1700134277344,504.95001220703125,10328200,55.60436455574854,7.612514730410567,500.8559997558594,480.15800109863284,0.08107878069579932,10.492036163368388
2024-07-02,506.10260009765625,509.5,510.5,499.45001220703125,500.760009765625,7739500,58.31565784954194,7.454202455908785,502.4565002441406,480.72660095214843,0.06703807497600733,9.087556377058274
2024-07-03,506.55950927734375,509.9599914550781,511.2799987792969,506.0199890136719,506.3699951171875,6005600,58.57566097000752,7.281914921522969,504.1050003051758,481.29120056152345,0.06912094990610362,6.967964803179191
2024-07-05,536.3098754882812,539.9099731445312,540.8699951171875,511.6000061035156,511.6000061035156,21354100,71.18022188588112,9.45311935360985,506.34749908447264,482.16739990234373,0.09059503051572904,10.316328718428881
2024-07-08,525.79052734375,529.3200073242188,542.8099975585938,526.6500244140625,542.3499755859375,14917500,63.789238405710975,10.201693993042113,508.12549896240233,482.8838000488281,0.07201878818714613,11.069568770333483
2024-07-09,526.4658813476562,530.0,537.47998046875,528.1900024414062,533.75,8753200,64.04738578983353,10.726169904134906,509.9774993896484,484.65619995117186,0.07513796086288926,11.489296548711632
2024-07-10,531.1246337890625,534.6900024414062,538.8800048828125,528.3599853515625,530.7899780273438,10983300,65.85541493164868,11.388979773916503,511.58199920654295,486.48419982910156,0.0638479823879694,12.592534912960495
2024-07-11,509.28131103515625,512.7000122070312,535.4600219726562,508.3699951171875,530.8900146484375,16458300,52.51927056341042,10.024299057482835,511.8434997558594,488.08580017089844,0.01030604956696446,12.556903217870389
2024-07-12,495.5434875488281,498.8699951171875,508.0899963378906,494.2300109863281,497.760009765625,19750500,46.18467293462106,7.737618511144262,511.3449996948242,489.4597998046875,-0.01959358794995869,12.876255776565415
2024-07-15,492.8515625,496.1600036621094,506.67999267578125,493.3699951171875,498.6300048828125,12539200,45.03833525997532,5.641700035275676,510.94799957275393,490.59919982910156,-0.015750847739080975,13.228962015382306
2024-07-16,486.5240783691406,489.7900085449219,503.95001220703125,485.7900085449219,501.5,14075800,42.375839817836884,3.4271580287622783,510.22949981689453,491.5614001464844,-0.02850284634403155,13.98563575498581
2024-07-17,458.909423828125,461.989990234375,479.1700134277344,459.1199951171875,479.1700134277344,28076600,33.16204538112768,-0.5646032151167333,507.9974990844727,491.76200012207033,-0.0881116677224103,17.66772185823993
2024-07-18,472.6769714355469,475.8500061035156,479.239990234375,464.5400085449219,475.0,19267200,40.14910110380546,-2.5799749668840946,506.8154998779297,491.965400390625,-0.047328243994973374,19.006869496639283
2024-07-19,473.6107482910156,476.7900085449219,486.7099914550781,475.7099914550781,476.05999755859375,15149400,40.60261263674009,-4.0545825552291035,505.5699996948242,492.13640075683594,-0.0496511920590309,20.141992237661537
2024-07-22,484.14996337890625,487.3999938964844,492.05999755859375,483.8999938964844,486.5799865722656,12023100,45.612069892336514,-4.317315223976152,505.2009994506836,492.4324005126953,-0.014915730023485563,20.41580778412628
2024-07-23,485.431396484375,488.6900024414063,495.2200012207031,487.7200012207031,489.8399963378906,9455500,46.206114060229524,-4.371053069422658,504.68999938964845,492.69780029296874,-0.02048465884765993,20.707375898038144
2024-07-24,458.1941833496094,461.2699890136719,476.29998779296875,460.5799865722656,472.30999755859375,17649700,36.964279146825554,-6.550694297903135,502.22349853515624,492.3991998291016,-0.09661186153578483,22.798672061349333
2024-07-25,450.38665771484375,453.4100036621094,463.54998779296875,442.6499938964844,463.260009765625,18240500,34.81466860572901,-8.810746008684589,499.23799896240234,492.10719970703127,-0.11636652639397038,25.090959786805247
2024-07-26,462.5946960449219,465.7000122070313,469.7699890136719,459.4200134277344,464.20001220703125,14222400,40.628600738166455,-9.500634889517471,496.54499969482424,491.98419982910156,-0.1036646116033757,25.678515518040548
2024-07-29,462.6046142578125,465.7099914550781,473.9599914550781,465.0199890136719,469.8800048828125,11339600,40.63323087483728,-9.932080712097672,494.61949920654297,491.6675994873047,-0.07637541087698485,26.503304726521453
2024-07-30,460.10137939453125,463.1900024414063,472.7300109863281,456.70001220703125,467.0,11390400,39.78937332877599,-10.357946725613317,492.54499969482424,491.46679931640625,-0.08221049147281967,27.286594781564645
2024-07-31,471.66375732421875,474.8299865722656,476.5,466.75,471.0199890136719,24285800,45.427090857636315,-9.645017412651157,490.8114990234375,491.5251989746094,-0.06804713135963569,27.254025297793714
2024-08-01,494.4210205078125,497.739990234375,527.1699829101562,492.1000061035156,521.0,43083100,54.464392073738466,-7.148961192553543,490.2004989624023,492.10319885253904,-0.023962666533575705,26.93728467764624
2024-08-02,484.8850402832031,488.1400146484375,501.1499938964844,476.1499938964844,489.0,24044700,50.67730884549968,-5.877701964944322,487.6120010375977,492.5733990478516,-0.09588627932648908,24.263830730117917
2024-08-05,472.557861328125,475.7300109863281,483.4800109863281,450.79998779296875,451.3500061035156,21396200,46.20466347330751,-5.80469058912314,484.9325012207031,492.7323992919922,-0.10124309604089032,22.294636676369763
2024-08-06,490.79534912109375,494.0899963378906,502.55999755859375,478.6499938964844,479.0,20955000,52.83661030619761,-4.216723408066002,483.13700103759766,493.29859924316406,-0.06775472389077242,19.77807068253547
2024-08-07,485.65985107421875,488.9200134277344,510.1499938964844,486.8599853515625,503.1300048828125,20105300,50.93249679689241,-3.336956037870493,480.84850158691404,493.51259948730467,-0.0856009815120633,15.733397602739286
2024-08-08,506.2317810058594,509.6300048828125,509.9599914550781,494.7200012207031,497.5,16156800,57.534419656333554,-0.9575725287610339,480.69500122070315,494.10679931640624,-0.0059879213011976296,15.418104802525603
2024-08-09,514.3175048828125,517.77001953125,518.3400268554688,505.70001220703125,507.7099914550781,13696600,59.82259010203516,1.5668752355591664,481.64000244140624,494.975,0.03788567081414218,17.080316759942
2024-08-12,512.5096435546875,515.9500122070312,518.02001953125,509.1000061035156,516.8599853515625,9767400,59.05637496714432,3.3816770280596984,482.62950286865237,495.95300048828125,0.03988634391900536,18.48152890767149
2024-08-13,525.015625,528.5399780273438,531.5,518.1500244140625,520.010009765625,13743800,62.62276459659359,5.769320412088632,484.56700134277344,497.1872003173828,0.07911547562503585,21.115213006078655
2024-08-14,523.2474975585938,526.760009765625,534.0,523.1300048828125,528.0599975585938,11444200,61.803120544286884,7.432242171722521,487.8055023193359,498.1726007080078,0.140197885019957,22.39826466871652
2024-08-15,533.7470703125,537.3300170898438,539.77001953125,526.7000122070312,531.7899780273438,13482100,64.75336767483222,9.493594651182775,490.87950286865237,499.3794012451172,0.12920039970106445,24.76491260376633
2024-08-16,523.9031372070312,527.4199829101562,533.6599731445312,524.6599731445312,531.9000244140625,14776700,60.06885504584353,10.20988125008762,493.41100158691404,500.02660095214844,0.10618925199323703,25.8143576383432
2024-08-19,525.750732421875,529.280029296875,531.6599731445312,522.760009765625,526.8699951171875,9879700,60.64435121402787,10.803102300020896,495.50500335693357,500.73700134277345,0.08592539172104563,26.973669629622307
2024-08-20,523.2177124023438,526.72998046875,531.0900268554688,525.8800048828125,528.3499755859375,7944400,59.38081916391416,10.941341651428502,497.4070022583008,501.4124011230469,0.07784071259347014,27.796441625930047
2024-08-21,531.5914916992188,535.1599731445312,539.4000244140625,526.9299926757812,527.1500244140625,13423300,62.185705668102635,11.59743922964293,501.10150146484375,502.0636004638672,0.16018814553458682,27.650656955136597
2024-08-22,528.3829345703125,531.9299926757812,544.22998046875,528.5900268554688,537.0,15708300,60.4629223861365,11.721648984530134,505.02750091552736,502.55280029296875,0.17317656950548144,26.050826075296495
2024-08-23,524.4791259765625,528.0,539.8699951171875,525.0599975585938,536.9199829101562,11323900,58.344951937278715,11.371880584911821,508.14250030517576,502.9360003662109,0.133777080008477,24.79525120814012
2024-08-26,517.6451416015625,521.1199951171875,528.0,514.9500122070312,527.5999755859375,9584000,54.730504587543756,10.419419134902057,510.9130004882812,503.2764001464844,0.11897963255841848,22.821584088673152
2024-08-27,515.638671875,519.0999755859375,524.010009765625,515.3099975585938,518.97998046875,6282700,53.679039497310164,9.393307675735969,513.7084991455079,503.57519958496096,0.12070634696309934,19.906247458666673
2024-08-28,513.3340454101562,516.780029296875,521.0900268554688,512.4500122070312,517.6699829101562,9106100,52.433153150316514,8.297261014575383,515.8060012817383,503.7782000732422,0.08834750102334765,17.679634914010116
2024-08-29,514.764404296875,518.219970703125,527.2000122070312,515.6799926757812,519.0499877929688,8317400,53.15983395709658,7.458846437645207,516.8300003051758,504.1527996826172,0.041145941396242725,17.163755165686496
2024-08-30,517.8338623046875,521.3099975585938,523.5399780273438,515.2000122070312,521.3499755859375,9157500,54.75715193402225,6.9634656899152105,518.4884994506835,504.5449993896484,0.06795178005238012,15.793466414709844
2024-09-03,508.3475341796875,511.760009765625,525.489990234375,508.6199951171875,519.6400146484375,12459100,49.17568198276052,5.734168748067532,520.2899993896484,504.884599609375,0.07573623262614038,12.335900205119215
2024-09-04,509.321044921875,512.739990234375,516.5900268554688,504.07000732421875,506.07000732421875,8335200,49.741808997622805,4.783872791157592,521.2224990844727,505.1611993408203,0.03774614753327299,10.868800370200686
2024-09-05,513.4135131835938,516.8599853515625,521.6300048828125,511.1499938964844,511.7200012207031,8640900,52.15474158455108,4.31348243208754,522.619497680664,505.28639892578127,0.057146304418888016,7.88414282351168
2024-09-06,496.9341735839844,500.2699890136719,524.5800170898438,498.25,521.8800048828125,14744500,43.16744707475907,2.5723679707382416,522.151496887207,505.02939880371093,-0.018366296684774186,8.907204573076509
2024-09-09,501.424072265625,504.7900085449219,511.3299865722656,502.0799865722656,506.1600036621094,11047800,45.90265191491144,1.5395035779205273,521.5024963378906,504.7339990234375,-0.025069066374447946,9.682397137410943
2024-09-10,501.424072265625,504.7900085449219,514.1799926757812,500.0299987792969,508.1600036621094,9899000,45.90265191491144,0.7127351382152938,520.9444961547852,504.7453991699219,-0.021630009493305846,10.319825978551348
2024-09-11,508.41705322265625,511.8299865722656,513.1199951171875,495.6000061035156,507.010009765625,10782500,50.22943956399284,0.6184534381977187,520.1089965820313,504.8883990478516,-0.03161537849500884,10.348910712208708
2024-09-12,522.0952758789062,525.5999755859375,526.7100219726562,515.219970703125,517.0499877929688,11970500,57.405556787447466,1.6359987690387925,520.0509948730469,505.2103985595703,-0.002202206238479776,10.312860381567006
2024-09-13,521.121826171875,524.6199951171875,527.5800170898438,517.1099853515625,520.3400268554688,10321400,56.77812495399264,2.3364019535974876,519.415493774414,505.5035986328125,-0.02365403303074931,9.55587616759916
2024-09-16,530.2294311523438,533.280029296875,534.0999755859375,517.4000244140625,524.5399780273438,9527600,60.85031261417515,3.549354161490669,519.70849609375,505.3709997558594,0.011110778083122108,9.89794531848311
2024-09-17,533.2520141601562,536.3200073242188,542.0999755859375,530.5700073242188,537.5999755859375,11690800,62.196758018045905,4.701729732118338,520.0604949951172,505.51099975585936,0.013301046020376184,10.37016749089769
2024-09-18,534.8726806640625,537.9500122070312,544.2000122070312,533.9000244140625,537.0700073242188,10323500,62.93288440603657,5.681035999106484,520.6214965820312,505.67,0.021301296972494832,11.032310050550661
2024-09-19,555.9017333984375,559.0999755859375,562.0700073242188,546.52001953125,550.0,15647000,70.86147942972096,8.070734158749588,521.8184967041016,506.15819946289065,0.04473429188049671,13.67497771734766
2024-09-20,558.1387939453125,561.3499755859375,564.5,556.2999877929688,560.0,22066800,71.55845602359186,10.030517797686457,523.2894958496094,507.1311987304687,0.0553079978855191,16.17391336609868
2024-09-23,561.1812744140625,564.4099731445312,573.97998046875,562.4099731445312,569.5,12830700,72.52111624816342,11.695755293861794,525.109994506836,508.44199829101564,0.06895828247070312,18.599284782937453
2024-09-24,560.1075439453125,563.3300170898438,567.75,554.1900024414062,566.6799926757812,12993000,71.60002486545142,12.780993244692354,527.2204956054687,509.7853985595703,0.08099866128369193,20.42766471398021
2024-09-25,565.0589599609375,568.3099975585938,576.8800048828125,563.719970703125,564.0499877929688,16543400,73.28502248373823,13.88286195302453,529.6809967041015,511.3557983398438,0.09479873682735218,22.277937209513993
2024-09-26,564.5916748046875,567.8400268554688,577.4000244140625,562.3499755859375,575.72998046875,14400800,72.84577073018546,14.550449609126417,532.2339965820313,513.4727990722656,0.09880412296130214,23.607696887630382
2024-09-27,564.1144409179688,567.3599853515625,570.8400268554688,564.510009765625,570.0999755859375,9398400,72.36863564941085,14.86937737232347,534.6909973144532,515.3029986572266,0.09482462549979287,24.608352035486952
2024-09-30,569.1653442382812,572.4400024414062,574.6799926757812,564.7999877929688,567.7000122070312,12792300,74.28794452450988,15.35504148601433,537.2474975585938,517.2159985351562,0.09807984715862972,25.773375870816476
2024-10-01,573.17236328125,576.469970703125,583.0399780273438,570.0999755859375,577.97998046875,15259300,75.72828179641976,15.882040279886269,540.4829956054688,518.997398071289,0.12644591156533647,26.458003052642844
2024-10-02,569.5332641601562,572.8099975585938,576.0,569.3400268554688,574.8599853515625,6524700,71.79476389832416,15.821975491135277,543.4864959716797,520.6797979736328,0.11715490983404786,26.55226524621305
2024-10-03,579.4362182617188,582.77001953125,583.3599853515625,568.72998046875,570.1500244140625,11581000,75.52109987095234,16.38914043803925,546.7819976806641,523.1097985839843,0.1275200945084891,27.156903289833117
2024-10-04,592.5309448242188,595.9400024414062,596.8499755859375,581.4299926757812,583.72998046875,14169500,79.39714837218742,17.69732653527808,551.5654983520508,525.9603985595703,0.19123676320531757,26.95801359026897
2024-10-07,581.4348754882812,584.780029296875,602.9500122070312,584.0399780273438,598.219970703125,12014200,69.37294124627965,17.63032545992951,555.5649993896484,528.3419989013672,0.15846197309357946,25.550047776371528
2024-10-08,589.4983520507812,592.8900146484375,593.5599975585938,585.969970703125,589.6900024414062,7857400,72.12698409759983,18.023866748485602,559.9699996948242,530.8855993652344,0.1745280306903607,23.874970819643135
2024-10-09,587.1319580078125,590.510009765625,594.3900146484375,581.6099853515625,593.989990234375,9529700,70.13385435288679,17.936938687631596,563.9040008544922,533.4319995117188,0.1537229651593508,21.928081551837447
2024-10-10,580.490234375,583.8300170898438,590.22998046875,582.52001953125,587.5700073242188,7740400,64.72744318935581,17.13154619074487,566.8155029296875,535.6120001220703,0.11078775534376994,20.386121872356412
2024-10-11,586.5753173828125,589.9500122070312,591.2100219726562,582.7100219726562,584.8300170898438,8587100,67.22056021108145,16.79351411631285,570.0820037841797,537.4562005615235,0.12452826369160896,18.40713451240503
2024-10-14,587.04248046875,590.4199829101562,600.0999755859375,589.9600219726562,594.219970703125,8252000,67.41105383013551,16.37478563412901,572.9390014648437,539.5017999267578,0.10714812195127532,16.75462037141709
2024-10-15,582.9163208007812,586.27001953125,590.6099853515625,580.1400146484375,590.1599731445312,9564200,63.88078859247031,15.529063555079347,575.4365020751953,541.7126000976563,0.09313471719289268,14.592074086653751
2024-10-16,573.4904174804688,576.7899780273438,582.0800170898438,574.030029296875,581.4000244140625,11268400,56.5901179900193,13.93324877425789,577.3785003662109,543.3665997314453,0.0721999534138218,11.623052692881323
2024-10-17,573.6296997070312,576.9299926757812,584.969970703125,575.2000122070312,583.3300170898438,8701200,56.6687765657573,12.53535233646096,578.2700012207031,545.1267993164063,0.03189057032448961,10.802078113084828
2024-10-18,573.17236328125,576.469970703125,583.969970703125,575.25,581.0999755859375,7694300,56.30776959905988,11.260584402061,579.0260009765625,546.4635986328125,0.02693505972170973,10.059128008217613
2024-10-21,571.8698120117188,575.1599731445312,577.239990234375,569.1099853515625,576.030029296875,8171900,55.228788452288896,10.02900761799026,579.5635009765625,547.6113977050782,0.019046438779435126,9.50920563963316
2024-10-22,578.6806030273438,582.010009765625,583.530029296875,572.1199951171875,574.2899780273438,8544500,59.58940471180898,9.496248014854132,580.4975006103516,548.93259765625,0.03315994551875989,8.71504188435763
2024-10-23,560.4653930664062,563.6900024414062,585.0,562.5,579.969970703125,14248400,46.535255823996955,7.509199331093555,580.2665008544922,549.6355981445313,-0.008129357458138253,9.107477240951082
2024-10-24,564.5320434570312,567.780029296875,568.8800048828125,561.52001953125,567.1300048828125,7184700,49.21035502643482,6.193089834211946,580.2635009765625,550.4559985351563,-0.0001056592627434183,9.111794635525465
2024-10-25,569.9707641601562,573.25,581.2899780273438,571.719970703125,573.9299926757812,11337900,52.62441032604435,5.5277243319562785,580.5580017089844,551.1743981933594,0.010381441766267319,8.761233675914267
2024-10-28,574.8526000976562,578.1599731445312,583.75,574.1199951171875,582.0,10925100,55.515008262876755,5.335111333661985,580.8440002441406,552.1891979980469,0.009992262383358597,8.57363713460236
2024-10-29,589.8862915039062,593.280029296875,593.6699829101562,575.4000244140625,580.1500244140625,13019100,63.00146843031034,6.3295630499014806,581.6845031738281,553.4691979980469,0.029160336961258526,8.938478621517966
2024-10-30,588.41455078125,591.7999877929688,601.2000122070312,589.3800048828125,600.97998046875,26864900,61.9032676399519,6.918494125846905,582.6340026855469,554.7705981445313,0.03315233727643263,8.954759963251282
2024-10-31,564.3331909179688,567.5800170898438,589.9000244140625,563.010009765625,585.0,26838400,47.355767701898486,5.368986689078042,581.8745025634765,555.4189990234376,-0.026065174824237314,9.565931783966004
2024-11-01,563.91552734375,567.1599731445312,573.6699829101562,562.5599975585938,567.6099853515625,15303200,47.14882436068237,4.060292323447015,580.4355010986328,556.1235986328124,-0.04829350132391008,9.5031810516347
2024-11-04,557.4725952148438,560.6799926757812,568.6900024414062,557.8900146484375,564.0999755859375,12064600,43.957470788449996,2.471769323540002,579.2304992675781,556.7771984863281,-0.0412121403155149,10.40815255214555
2024-11-05,569.1553955078125,572.4299926757812,573.47998046875,566.6699829101562,567.2999877929688,9775400,50.50016547665789,2.1363536475612364,578.2074981689453,557.8033984375,-0.03450896703798989,9.992094390685464
2024-11-06,568.777587890625,572.0499877929688,573.0,555.1699829101562,562.75,18305400,50.29565977011419,1.818903897694554,577.2844970703125,558.8623986816406,-0.03126114996760698,9.642345144471781
2024-11-07,588.3152465820312,591.7000122070312,594.7999877929688,575.2100219726562,576.8900146484375,14653700,59.44200702804415,3.116984771739226,577.6779968261719,560.3607983398438,0.013479942597703687,10.074428235025527
2024-11-08,585.96875,589.3400268554688,593.0999755859375,584.52001953125,591.5399780273438,9415700,58.06015214140936,3.9102175678406184,577.6474975585937,561.7831994628906,-0.001033961079652368,10.03617131805233
2024-11-11,579.833984375,583.1699829101562,587.0,576.510009765625,586.3599853515625,10209100,54.49337238730237,3.994938132478069,577.2849975585938,563.0203991699219,-0.012279394684890255,9.67499026841063
2024-11-12,581.4745483398438,584.8200073242188,599.6599731445312,580.3800048828125,588.5399780273438,16287700,55.28449367775439,4.147414161934307,577.2124969482422,564.4815991210937,-0.002473283911380242,9.609326398244265
2024-11-13,576.68212890625,580.0,585.6400146484375,575.1699829101562,582.6099853515625,10757600,52.417750354975844,3.835109450750906,577.372998046875,565.8267993164062,0.005565322032180076,9.62868620240604
2024-11-14,573.8583374023438,577.1599731445312,580.760009765625,573.010009765625,577.0,11053700,50.74795424574775,3.3201664725983164,577.3844970703125,567.0327990722657,0.00039862803402423985,9.628266617247052
2024-11-15,550.9104614257812,554.0800170898438,572.5700073242188,551.5,571.219970703125,17712900,39.68425199232208,1.0377483688557732,576.2649993896484,568.108999633789,-0.038839757057895,10.951000364173941
2024-11-18,551.2285766601562,554.4000244140625,559.9000244140625,550.0900268554688,557.0399780273438,14327300,39.87996100127794,-0.7367694856355911,575.227001953125,569.1011999511719,-0.03609421673933488,11.995330329719373
2024-11-19,557.8803100585938,561.0900268554688,561.4299926757812,550.5999755859375,551.8599853515625,9522400,43.972847414196174,-1.5849896100892238,574.1810028076172,570.2272003173828,-0.03594436961415959,12.28142292103653
2024-11-20,562.2849731445312,565.52001953125,566.3499755859375,554.2000122070312,562.9299926757812,9797300,46.56691964859116,-1.878097247874166,574.2725036621093,571.3010009765625,0.0032464955594702083,12.20573145104184
2024-11-21,559.8689575195312,563.0900268554688,570.0,549.0499877929688,569.52001953125,11154700,45.32718454710156,-2.2801827359688787,574.0380035400391,572.0508020019531,-0.00826024551658544,12.3808287343714
2024-11-22,555.94140625,559.1400146484375,563.8300170898438,554.5900268554688,563.5499877929688,9164000,43.30879208886343,-2.8843226792139376,573.3325042724609,572.7412023925781,-0.02461401718545575,12.822242233406655
2024-11-25,561.8773193359375,565.1099853515625,572.5900268554688,556.3900146484375,562.0999755859375,13599800,47.13997330098923,-2.8485449412881962,572.6800048828125,573.3778015136719,-0.022571586410577105,12.89548732691702
2024-11-26,570.259033203125,573.5399780273438,577.5,565.2000122070312,566.0,10356600,52.066036767879645,-2.1155738512125026,571.693002319336,574.1222009277344,-0.03327273849572543,11.957101702419395
2024-11-27,565.94384765625,569.2000122070312,574.97998046875,564.0999755859375,574.8900146484375,7200200,49.50808389829192,-1.8634077480588758,570.5630035400391,574.7472009277344,-0.03818853675584011,10.985300061438373
2024-11-29,571.0346069335938,574.3200073242188,578.4600219726562,566.9000244140625,569.0,7130500,52.47450362192251,-1.2361736379712056,570.9000030517578,575.0516015625,0.01187496041339342,10.992353867003821
2024-12-02,589.438720703125,592.8300170898438,594.5,575.5700073242188,577.5,12522400,61.32160455356577,0.7459185223235636,572.1835052490235,575.6812023925781,0.04526067628325192,11.986385174344665
2024-12-03,610.1397094726562,613.6500244140625,614.2000122070312,591.25,595.0,14907200,68.43850379171255,3.9511945196736633,574.8320068359375,576.6660034179688,0.09447462443859966,14.82644394038706
2024-12-04,610.2689208984375,613.780029296875,617.780029296875,605.0999755859375,612.9600219726562,14697000,68.47750754375151,6.427793545062286,576.8995086669922,577.6750036621094,0.07223597147278404,17.171477059348966
2024-12-05,605.4467163085938,608.9299926757812,619.9000244140625,607.0499877929688,617.0800170898438,8081200,65.23842292010943,7.908000190107714,578.7435089111328,578.4874035644531,0.06446989890708599,18.548315540936986
2024-12-06,620.2017822265625,623.77001953125,629.7899780273438,608.530029296875,610.0999755859375,16935500,69.92592040049999,10.161406396888879,580.3470092773438,579.6060034179687,0.0541997746537104,20.95716381875342
2024-12-09,610.0601196289062,613.5700073242188,626.4000244140625,606.1699829101562,623.9199829101562,11426000,63.57975862842814,10.997419899681972,581.5585083007812,580.5302038574218,0.041113753291174726,22.1696689759748
2024-12-10,615.7772827148438,619.3200073242188,625.5900268554688,612.739990234375,617.5599975585938,10938900,65.4816047739005,11.985778969965054,583.3660095214843,581.4678039550781,0.06198882911233761,23.726936693628083
2024-12-11,629.060791015625,632.6799926757812,638.4000244140625,621.530029296875,623.3699951171875,10837200,69.47068232647364,13.68929811039743,585.7590087890625,582.5920043945313,0.08183712039972901,26.1690947568276
2024-12-12,627.1815185546875,630.7899780273438,636.6599731445312,627.2100219726562,631.5,7474700,68.26872908740793,14.717190307038777,588.2985076904297,583.7516040039062,0.08756892763335133,27.982372084798662
2024-12-13,616.8013305664062,620.3499755859375,631.0800170898438,616.8900146484375,627.219970703125,8453300,61.8980851140871,14.521980975097904,590.4580078125,584.503203125,0.07483194339707033,28.733998411227855
2024-12-16,621.1697387695312,624.239990234375,631.1500244140625,618.5800170898438,629.97998046875,10885600,63.27332496677447,14.513861088978729,593.9660064697266,585.0692028808594,0.1266242618043285,28.33906887095754
2024-12-17,616.3933715820312,619.4400024414062,632.3699951171875,616.5399780273438,626.1699829101562,12897800,60.37744881383608,13.959194219343885,597.2180053710938,585.76240234375,0.11731597251656622,27.271443771858152
2024-12-18,594.2527465820312,597.1900024414062,627.3599853515625,596.3200073242188,621.0,17075500,49.1483935204282,11.590618247757106,599.0230041503906,585.8484020996094,0.06433900774935086,25.915358993323828
2024-12-19,592.6407470703125,595.5700073242188,611.52001953125,595.0,610.3900146484375,14958100,48.44198045092857,9.473579135339378,600.525503540039,585.9496020507812,0.053136912496708266,24.713978490423788
2024-12-20,582.3714599609375,585.25,603.1099853515625,580.0,590.5800170898438,48989400,44.094070196531426,6.883720794785631,601.6335021972657,585.9780017089844,0.039354227721421164,23.409632292116417
2024-12-23,596.8995971679688,599.8499755859375,601.0900268554688,586.25,589.5999755859375,10205800,50.81934175979225,5.940852958816436,603.6690002441406,586.1760009765625,0.07280816945840773,21.184435987578194
2024-12-24,604.7608032226562,607.75,607.989990234375,599.280029296875,602.719970703125,4726100,54.04102801173031,5.764638192055713,605.8010009765625,586.5226013183594,0.07545436420117513,19.147316180197336
2024-12-26,600.3825073242188,603.3499755859375,606.2999877929688,598.9400024414062,605.47998046875,6081400,51.997943141590675,5.209885208519495,607.2915008544921,586.8642004394532,0.05197544844410573,17.60169959975127
2024-12-27,596.8599243164062,599.8099975585938,601.8499755859375,589.7999877929688,599.4099731445312,8084200,50.34871270750377,4.433486359311132,608.8220001220703,587.3246008300781,0.05377720431325095,15.294890050057395
2024-12-30,588.3319702148438,591.239990234375,596.9400024414062,585.5800170898438,588.75,7025900,46.50328935761006,3.091025293648272,609.6679992675781,587.61080078125,0.02946089757344028,13.667411961549783
2024-12-31,582.6303100585938,585.510009765625,593.969970703125,583.8499755859375,592.27001953125,6019500,44.07921323347597,1.5469217399249828,609.3019989013671,587.7916015625,-0.012347565260193982,14.228541613333709
2025-01-02,596.2926635742188,599.239990234375,604.9099731445312,587.8200073242188,589.719970703125,12682300,50.70943208504418,1.4147943578491322,608.5814971923828,588.2732019042969,-0.023482495895680522,14.361008560659904
2025-01-03,601.6561889648438,604.6300048828125,609.5,596.4099731445312,604.760009765625,11436800,53.06221517451434,1.7251254195414276,608.1239959716797,588.7256018066406,-0.01490766068838123,14.332400134696378
2025-01-06,627.100341796875,630.2000122070312,630.989990234375,605.6199951171875,611.8300170898438,14560800,62.26446756407233,3.9883754063373544,609.1874969482421,590.0558020019531,0.034930155825934284,15.16057274711951
2025-01-07,614.8510131835938,617.8900146484375,632.0999755859375,608.22998046875,631.7000122070312,12071500,56.51957110137355,4.73413128412335,608.8934967041016,591.0580017089844,-0.00942655898600453,14.917971290325493
2025-01-08,607.7161865234375,610.719970703125,616.4400024414062,602.7899780273438,613.4000244140625,10085800,53.4274606782848,4.69249342311457,608.7509948730469,591.8074011230469,-0.004645006416664321,14.884523225241816
2025-01-10,612.8309326171875,615.8599853515625,629.9099731445312,597.3400268554688,610.030029296875,19256600,55.31478781436149,5.016425117377821,608.577993774414,592.5614013671875,-0.0055868080019009225,14.774919600886484
2025-01-13,605.3379516601562,608.3300170898438,608.969970703125,598.4500122070312,607.0999755859375,10785000,51.990815713554206,4.612369288673335,607.3604949951172,592.8624011230469,-0.03848703273032961,13.644308261734167
2025-01-14,591.3272094726562,594.25,605.489990234375,588.5499877929688,605.0700073242188,13598000,46.378667803968874,3.120046472251488,605.53349609375,592.9114013671875,-0.057927328112622245,12.759643855430259
2025-01-15,614.0846557617188,617.1199951171875,622.4600219726562,606.5,610.2100219726562,15524300,54.89536527332117,3.7396786741779806,605.3719970703125,593.9022009277344,-0.00520670685236857,12.5814378130249
2025-01-16,608.2933349609375,611.2999877929688,616.25,609.7100219726562,611.5,8355300,52.60551523155746,3.718253989719301,604.7249969482422,594.7850012207032,-0.020729210950659938,11.872849824675951
2025-01-17,609.7561645507812,612.77001953125,624.969970703125,603.6699829101562,624.0499877929688,17280600,53.13724024038379,3.7763624925307795,604.3914978027344,595.8268017578125,-0.010767762630549793,11.526384525406353
2025-01-21,613.4281005859375,616.4600219726562,621.5,609.010009765625,617.8300170898438,11674000,54.516659421830106,4.073212796412463,605.3549987792969,596.70740234375,0.03226782004466111,11.696860401715183
2025-01-22,620.433349609375,623.5,633.7000122070312,619.4299926757812,623.2999877929688,12274000,57.110530619794865,4.820963130165751,606.751498413086,597.7364025878907,0.04689623777608509,12.126537035224937
2025-01-23,633.3197631835938,636.4500122070312,636.5999755859375,621.1500244140625,627.3599853515625,9910200,61.464096813866846,6.384917064804881,609.3114990234375,598.6314025878906,0.08748400206241991,12.737471313801052
2025-01-24,644.3053588867188,647.489990234375,652.0,634.2000122070312,636.4000244140625,19065300,64.74918031813377,8.418156519312447,611.6934997558594,599.7944018554688,0.07941988261631994,15.108761051174575
2025-01-27,656.6343994140625,659.8800048828125,663.8699951171875,625.0999755859375,626.6099853515625,28399200,68.04186808725836,10.903594223211599,614.3,601.3286022949219,0.08577540910376391,18.50708223626785
2025-01-28,671.013427734375,674.3300170898438,682.5800170898438,659.469970703125,666.0,20950100,71.39744527420459,13.879324518016006,617.8490020751954,603.1188024902344,0.11764323257819753,22.640812436189115
2025-01-29,673.1627197265625,676.489990234375,681.0499877929688,665.6699829101562,675.0,21377800,71.87286389059987,16.224873751765244,621.6830017089844,605.0486022949219,0.12784047112901042,25.709807786688017
2025-01-30,683.6210327148438,687.0,710.7899780273438,676.0999755859375,696.8200073242188,29322900,74.12641502815893,18.71606126661277,626.4710021972656,607.2454028320312,0.16196470358451998,28.50662384404367
2025-01-31,685.790283203125,689.1799926757812,705.2999877929688,685.5800170898438,691.0,19303900,74.581331125474,20.628460458745167,631.6545013427734,609.94740234375,0.17705928366904344,30.050103576973843
2025-02-03,694.029541015625,697.4600219726562,704.0,675.25,675.9099731445312,21415700,76.28673620464117,22.55221190123507,636.5655029296875,612.8086022949219,0.1639076719493726,32.407335961241145
2025-02-04,700.7265014648438,704.1900024414062,707.7100219726562,691.6099853515625,702.5,13826300,77.60210795158947,24.339283844838405,641.5435028076172,615.6706018066407,0.16466268090332403,34.80173944609628
2025-02-05,701.4031372070312,704.8699951171875,718.1400146484375,699.010009765625,703.5499877929688,17778200,77.73648528485106,25.516285109890987,645.277001953125,618.4576013183594,0.11848616544556001,37.427016580936254
2025-02-06,708.488037109375,711.989990234375,718.9000244140625,703.5,705.8800048828125,13080700,79.14721276845526,26.715630040749033,649.9820007324219,621.4356005859376,0.1522924361214637,39.65156484226547
2025-02-07,711.005615234375,714.52001953125,725.010009765625,711.75,716.7999877929688,16427100,79.64088514895758,27.55266182461071,655.1720031738281,624.5432006835938,0.1699634100856724,41.011944124138516
2025-02-10,713.87158203125,717.4000244140625,721.2000122070312,711.3300170898438,718.5599975585938,12904300,80.21508267310112,28.1242094883778,660.2490051269531,627.5890014648437,0.16487520130819355,42.158213635357235
2025-02-11,716.2597045898438,719.7999877929688,723.6599731445312,710.0399780273438,713.3200073242188,12998000,80.703484620896,28.44294950032031,665.8225036621094,630.5142016601562,0.18323930690841128,42.30120382810253
2025-02-12,721.812255859375,725.3800048828125,727.0999755859375,712.5999755859375,715.2999877929688,12016500,81.8267718560748,28.813667972680832,672.37900390625,633.6378015136719,0.22066471162442158,40.75805624141588
2025-02-13,724.9766235351562,728.5599975585938,729.0,718.0399780273438,721.52001953125,12569100,82.45363727246314,29.029430659091872,677.9510040283203,636.7226013183594,0.1805807676353841,40.422092781051
2025-02-14,733.0466918945312,736.6699829101562,740.9099731445312,725.6199951171875,726.1400146484375,16901200,83.97207877293988,29.514606174677056,684.2195037841797,639.5994006347656,0.205087514511201,39.24594839506521
2025-02-18,712.8466186523438,716.3699951171875,737.0,706.4400024414062,736.0,21938700,68.08859615087229,27.939008407965048,689.3995025634765,641.6538000488281,0.16906828383214356,36.023838882641826
2025-02-19,700.3086547851562,703.77001953125,707.0,695.3900146484375,704.0999755859375,17535500,60.446061029233306,25.381046197469686,693.7650024414063,643.4535998535156,0.1416312403831217,31.75714965864223
2025-02-20,691.4224853515625,694.8400268554688,705.6300048828125,693.6400146484375,697.280029296875,12587400,55.676270753800296,22.375337970694886,697.3320037841797,645.1718005371093,0.1144186477232858,27.117026766260537
2025-02-21,680.18798828125,683.5499877929688,703.8699951171875,682.3599853515625,696.5800170898438,15660400,50.27481542665074,18.864818859595516,699.6870025634765,646.3673999023438,0.07400420250226403,23.33253472093824
2025-02-24,664.8438720703125,668.1300048828125,687.27001953125,662.4500122070312,686.280029296875,15677000,43.99664194994566,14.669344351119548,700.7190032958985,647.4585998535156,0.03187696328860046,21.267410019571297
2025-02-25,654.26611328125,657.5,668.0,641.8599853515625,665.969970703125,20579700,40.26386103911574,10.367142060651986,700.6000030517578,648.2221997070312,-0.003606723745531837,21.513187000211612
2025-02-26,670.386474609375,673.7000122070312,683.010009765625,658.0,659.6500244140625,14488700,47.56515036496062,8.170635347477287,700.5685028076172,649.0426000976563,-0.0009342678908634827,21.554099113033548
2025-02-27,655.00244140625,658.239990234375,688.6500244140625,657.5700073242188,682.4500122070312,12500000,42.257029285524204,5.123334769849521,699.6560028076171,649.5916003417968,-0.02697748712242909,22.967115698707286
2025-02-28,664.9135131835938,668.2000122070312,669.6300048828125,642.5999755859375,658.0399780273438,17534200,46.406555301365145,3.471994648217901,698.7160034179688,650.5486010742187,-0.027365338854394072,23.87898506547377
2025-03-03,651.8281860351562,655.0499877929688,681.25,650.8400268554688,673.6799926757812,10843800,42.1044744752811,1.0896379654963084,697.0095031738281,651.1648010253906,-0.0495226286971866,25.743118840828988
2025-03-04,636.8522338867188,640.0,649.75,623.6500244140625,645.510009765625,21495200,37.78694522050538,-1.9898671564797041,694.1365020751953,651.5760009765625,-0.08238468179170988,28.723961173182612
2025-03-05,653.2412109375,656.469970703125,659.5,637.6599731445312,641.0,13770000,44.494778230347045,-3.0660644790721108,691.7505004882812,652.7616003417969,-0.06776584667893226,29.806470163571916
2025-03-06,624.8414916992188,627.9299926757812,650.5599975585938,624.1099853515625,648.0,13446500,37.04167946581089,-6.150991517710963,687.9035003662109,653.4088000488281,-0.10915488384296268,32.83534319182162
2025-03-07,622.5827026367188,625.6599731445312,634.7899780273438,600.6099853515625,625.3699951171875,21375700,36.51772661743067,-8.678944555972635,683.5869995117188,654.2169995117188,-0.12125172863936662,35.0987251097451
2025-03-10,595.0487670898438,597.989990234375,610.1099853515625,586.8699951171875,608.0700073242188,21999900,30.79896893866632,-12.767921276150673,677.760498046875,654.1797998046875,-0.16308854351390012,39.133727185773196
2025-03-11,602.7308349609375,605.7100219726562,614.9299926757812,593.3300170898438,595.0499877929688,17401500,33.9087978119322,-15.210189151570717,672.1759979248047,654.1390002441407,-0.15568720189636076,41.09921864105427
2025-03-12,616.5126953125,619.5599975585938,633.3300170898438,609.3499755859375,629.9000244140625,15747000,39.188665794217364,-15.84547004253352,667.1639984130859,654.4632006835938,-0.1392608946017464,41.0979356548177
2025-03-13,587.7349853515625,590.6400146484375,620.5,586.510009765625,620.25,16480300,33.220751565125695,-18.469629262844137,660.4269989013671,654.2798010253906,-0.18575090204773803,42.08440104822819
2025-03-14,605.1494750976562,607.5999755859375,608.8599853515625,594.780029296875,602.7999877929688,12364500,39.079896320625565,-18.962183001545327,654.3789978027344,654.6070007324219,-0.16602616445864937,40.43699580226535
2025-03-17,602.4603271484375,604.9000244140625,613.0999755859375,598.0,607.4600219726562,15473900,38.50076401154155,-19.347374394562735,647.7904998779297,654.9948010253906,-0.17887244159935367,36.90389969429124
2025-03-18,580.0112915039062,582.3599853515625,600.25,574.6599731445312,600.0499877929688,20297700,33.97430667043869,-21.22674541807146,641.0899993896485,654.6572009277344,-0.18706815008870237,35.950352731103465
2025-03-19,581.7044067382812,584.0599975585938,592.3200073242188,574.77001953125,584.280029296875,20537500,34.59884138720321,-22.321673361079206,635.1044982910156,654.24580078125,-0.17009821198747543,34.91586962685274
2025-03-20,583.6365966796875,586.0,610.2000122070312,579.510009765625,582.760009765625,24336500,35.35036838909562,-22.770386815561892,629.6624969482422,653.3618005371094,-0.1566404102366259,33.57148844467729
2025-03-21,593.8451538085938,596.25,597.5399780273438,580.9500122070312,583.4199829101562,25015900,39.31794823838087,-22.04478753556316,625.2974975585937,652.9290002441406,-0.12771558679247597,31.826272481092403
2025-03-24,616.3540649414062,618.8499755859375,622.5399780273438,612.2000122070312,614.969970703125,15741300,47.03602325691771,-19.422228365910314,622.83349609375,653.0916003417968,-0.07375814427840066,30.201813793831036
2025-03-25,623.7839965820312,626.3099975585938,633.8800048828125,621.1799926757812,626.760009765625,15312500,49.32710848825363,-16.551079362056953,621.2739959716797,653.3006005859374,-0.04743726607057985,29.102830689819648
2025-03-26,608.5158081054688,610.97998046875,626.75,606.6099853515625,624.8900146484375,12609800,45.017577605546904,-15.335894703959411,618.1379943847656,653.3535998535157,-0.09309786344342097,26.411032171432574
2025-03-27,600.1497192382812,602.5800170898438,614.25,600.0999755859375,602.0,10436500,42.810517049761046,-14.879141469818933,615.3549957275391,653.5202001953126,-0.08455878398502159,24.849323556093633
2025-03-28,574.4139404296875,576.739990234375,601.75,573.9199829101562,600.3099975585938,17602800,36.828870132604614,-16.413036189719833,610.7819946289062,652.7126000976563,-0.13687521745258335,22.95598172735956
2025-03-31,574.0354614257812,576.3599853515625,578.7000122070312,553.2999877929688,563.5,21124700,36.7475534540945,-17.4580761895279,606.8474945068359,652.0138000488281,-0.1201282404515921,21.677272264765943
2025-04-01,583.6365966796875,586.0,589.9099731445312,570.0,570.8400268554688,12836600,40.34591365147268,-17.308883269393505,604.147494506836,651.4783996582031,-0.08437499999999998,20.670227675156447
2025-04-02,581.574951171875,583.9299926757812,592.6599731445312,573.3599853515625,574.9099731445312,13470800,39.82203627820979,-17.15987078780836,600.5204956054688,650.8277990722656,-0.11050007047488919,17.0539567489102
2025-04-03,529.4758911132812,531.6199951171875,552.5599975585938,530.2999877929688,546.219970703125,34777500,29.424389701100367,-21.020446332120173,595.7049957275391,648.9901989746094,-0.1533769666713809,21.83445976514814
2025-04-04,502.6943359375,504.7300109863281,518.0,494.20001220703125,506.6199951171875,38589800,25.708380083561522,-25.950634494574274,589.6584976196289,646.3557989501953,-0.19328384002322552,28.751268549325594
2025-04-07,514.1679077148438,516.25,539.3699951171875,481.8999938964844,485.1000061035156,36606100,29.798730665210712,-28.59861031882997,585.5714981079102,643.7309991455078,-0.13669123491906277,33.00031568758014
2025-04-08,508.39129638671875,510.4500122070313,547.4299926757812,502.8599853515625,543.25,28034200,28.93495065630725,-30.810002252157915,580.808497619629,640.7423992919922,-0.15726999110132822,36.617043703140716
2025-04-09,583.4075317382812,585.77001953125,587.8900146484375,502.1099853515625,509.2699890136719,39216600,49.43394024101036,-26.1830295102161,579.1189987182618,638.9711993408204,-0.05453866963731491,35.49736811815631
2025-04-10,544.0867309570312,546.2899780273438,581.2999877929688,535.2999877929688,575.489990234375,28173500,42.51183531785005,-25.408931333676264,576.901496887207,636.3671990966797,-0.07508810023224033,36.11958517207209
2025-04-11,541.3777465820312,543.5700073242188,547.4000244140625,528.5900268554688,535.510009765625,17642300,42.07471056888622,-24.729861407192857,573.6999984741211,633.4985992431641,-0.10538178215028993,36.09305516179865
2025-04-14,529.33642578125,531.47998046875,557.77001953125,528.280029296875,556.1699829101562,14130900,40.10093502748222,-24.880451368849435,570.0289962768554,630.3445989990234,-0.12137550170613887,36.48433488384499
2025-04-15,519.4166259765625,521.52001953125,537.9400024414062,517.5,532.1099853515625,15558700,38.49865919115835,-25.509423848137544,566.9869979858398,626.8257989501953,-0.10447140488813678,37.91057317293499
2025-04-16,500.2840881347656,502.30999755859375,513.3699951171875,495.6300048828125,508.510009765625,18735100,35.54841517833832,-27.243926274479577,562.8994979858398,622.788198852539,-0.1399684969724343,40.3044293978005
2025-04-17,499.45745849609375,501.4800109863281,507.29998779296875,498.010009765625,505.25,14593500,35.422111885880156,-28.35860458265506,558.6734985351562,618.7203991699218,-0.14423206316326254,42.14388406362485
2025-04-21,482.7052917480469,484.6600036621094,493.5,479.79998779296875,491.3299865722656,16166000,32.87308351733702,-30.250520028512028,553.0939987182617,614.1737994384765,-0.1871530336903826,44.241811560087406
2025-04-22,498.2622985839844,500.2799987792969,506.8800048828125,486.3599853515625,491.8699951171875,17399400,37.379740250740696,-30.142015197216665,547.1654998779297,609.8889990234375,-0.1915972876857216,42.89028109636671
2025-04-23,518.1716918945312,520.27001953125,535.3400268554688,516.52001953125,528.530029296875,18173900,42.683171774335605,-28.118860010750154,541.8635009765625,605.9463989257813,-0.16930909364483404,38.966408975811376
2025-04-24,530.9996948242188,533.1500244140625,533.9000244140625,517.5,518.72998046875,13910000,45.86452242150517,-25.185859289838163,537.9720031738282,602.2133996582031,-0.1273854439469123,35.42612875620359
2025-04-25,545.0628662109375,547.27001953125,549.8599853515625,536.25,546.7999877929688,17098900,49.19379496161064,-21.474524535731803,535.2065032958984,598.6511999511719,-0.09178863551717664,32.12188893712051
2025-04-28,547.5227661132812,549.739990234375,558.489990234375,540.5900268554688,555.6400146484375,15179000,49.775661708961415,-18.125025005219868,533.8565032958984,595.0747998046875,-0.04681485670696728,30.825690698888813
2025-04-29,552.203857421875,554.4400024414062,556.5700073242188,544.1199951171875,546.0,11835000,50.92735831508282,-14.919290496078702,532.7605041503906,591.4302001953125,-0.03803175700475758,29.600276582887673
2025-04-30,546.7858276367188,549.0,549.0999755859375,529.5,538.4000244140625,29244000,49.51214978043463,-12.671615044116379,530.9105041503906,588.0828002929687,-0.06313993174061439,27.152763171413387
2025-05-01,569.9022216796875,572.2100219726562,592.9500122070312,570.5,592.0800170898438,31159000,55.22865461765426,-8.914698164627907,530.3245056152343,585.4516003417968,-0.02007084898896838,26.052471882123516
2025-05-02,594.6122436523438,597.02001953125,604.3400268554688,578.3300170898438,583.4600219726562,24739300,60.39127732332467,-3.8905076627518156,533.5945068359375,583.4952001953125,0.12302024945402223,30.025120759660492
2025-05-05,596.8530883789062,599.27001953125,603.2100219726562,588.0499877929688,591.219970703125,13887700,60.83237820364088,0.2696473761851621,538.3215072631835,581.8096008300781,0.18730807855109433,32.57531584236602
2025-05-06,584.94140625,587.3099975585938,596.030029296875,586.5800170898438,592.530029296875,10600700,57.18671630144322,2.5718793732465883,541.8745071411133,580.1932006835938,0.13764648437500004,33.89000584574779
2025-05-07,594.4030151367188,596.8099975585938,603.0800170898438,586.6699829101562,590.3599853515625,13139100,59.27449464237663,5.104147982075347,546.1925064086914,578.9794006347656,0.16918402054330062,35.15351618283685
2025-05-08,595.5982055664062,598.010009765625,611.2999877929688,596.6199951171875,606.2899780273438,14622800,59.542873085357336,7.125679655284671,546.8045059204102,577.4656005859375,0.02089555597975079,35.975728324769726
2025-05-09,590.1004028320312,592.489990234375,606.969970703125,591.7100219726562,603.719970703125,10427300,57.66052736548476,8.187953001827395,549.1145065307617,576.1506005859375,0.08457049198277389,37.396160950661255
2025-05-12,636.85107421875,639.4299926757812,640.3900146484375,621.030029296875,630.9199829101562,21965100,67.16611642244395,12.671410057813887,553.9075057983398,575.5752001953125,0.1763526023509714,42.44976780649865
2025-05-13,653.3842163085938,656.030029296875,660.9199829101562,642.8300170898438,645.5399780273438,18570800,69.7523944672539,17.36390599956792,560.1350082397461,575.5948010253907,0.2343457014472594,47.78683651043868
2025-05-14,656.7006225585938,659.3599853515625,662.6699829101562,654.3099975585938,661.2100219726562,12348200,70.25848726022204,21.108121183372305,567.0270065307617,575.9820007324219,0.26430426571966525,51.70388311328301
2025-05-15,641.283203125,643.8800048828125,657.3099975585938,638.5800170898438,654.280029296875,14341800,64.82823575643786,22.566204481627892,574.1055068969727,575.7302014160156,0.281837924811968,52.067025532155455
2025-05-16,637.7574462890625,640.3400268554688,640.4400024414062,626.1500244140625,637.9600219726562,18519000,63.61732703038067,23.169021303075738,581.0485076904297,575.9784020996094,0.2769004004686566,51.12264488723637
2025-05-19,637.8471069335938,640.4299926757812,643.0,627.7999877929688,628.25,9592400,63.63591712097245,23.384456014342277,588.8370071411133,576.2738024902344,0.3214005443747532,47.39485546223968
2025-05-20,634.5304565429688,637.0999755859375,639.3499755859375,632.260009765625,636.010009765625,6743500,62.365676082598306,23.02111197737736,595.6780059814453,577.0560021972656,0.2734868016720373,43.667499206406156
2025-05-21,632.9369506835938,635.5,646.6099853515625,630.1699829101562,631.7899780273438,11464600,61.72811990459552,22.346458488827352,601.4395050048828,577.6518017578124,0.2214811081610455,40.69507187226524
2025-05-22,634.0025634765625,636.5700073242188,643.25,630.7100219726562,634.0499877929688,8228400,62.00784077980407,21.648580032335985,606.6105041503906,577.992001953125,0.1939791394060535,38.04540432145445
2025-05-23,624.5309448242188,627.0599975585938,632.4500122070312,622.6500244140625,624.0,8454100,57.95364486195272,20.096468439452906,610.6000030517578,578.7204016113282,0.14579636227046722,35.60024367584664
2025-05-27,639.7294921875,642.3200073242188,643.0800170898438,632.75,635.4099731445312,9508400,62.221956473701,19.86872972616743,615.22900390625,579.4148022460937,0.16840691733263458,33.208935210516024
2025-05-28,640.984375,643.5800170898438,650.8800048828125,642.5499877929688,642.5999755859375,9042900,62.559918829170165,19.564391288501724,619.6860046386719,580.1884020996093,0.16077486158271537,30.491598771651518
2025-05-29,642.448486328125,645.0499877929688,653.3200073242188,639.5,651.6500244140625,8858800,62.97605077655768,19.22025608672243,624.4885040283203,581.4422021484374,0.17495444042435104,26.006633464821583
2025-05-30,644.8786010742188,647.489990234375,649.4099731445312,632.780029296875,642.5,16241000,63.69732297751764,18.926244301888005,628.2525024414062,582.7108020019531,0.13156003105677194,23.354510101867877
2025-06-02,668.1942138671875,670.9000244140625,673.260009765625,644.260009765625,644.3900146484375,15766300,69.78014720676981,20.347676606715027,631.9465026855469,584.4088024902344,0.12374795227272162,23.98865969519719
2025-06-03,664.1604614257812,666.8499755859375,675.5800170898438,665.030029296875,671.4500122070312,11585000,67.66767612688335,20.906371222706753,635.3255004882812,585.8208020019531,0.11277046048048356,23.90310201365113
2025-06-04,685.1754150390625,687.9500122070312,689.0,668.5700073242188,669.3200073242188,14031900,72.36200080558487,22.789039484522846,640.3575012207032,587.202802734375,0.1713575710728421,23.85618921817001
2025-06-05,681.8588256835938,684.6199951171875,694.3800048828125,682.25,691.6599731445312,13083100,70.61935985041116,23.73871793337105,644.7480010986328,588.3690026855469,0.14713224965701532,23.497470214810765
2025-06-06,694.8961181640625,697.7100219726562,702.8099975585938,691.8699951171875,696.1699829101562,11728000,73.33752914517913,25.25645996657022,649.7330017089844,590.103603515625,0.16671963776343168,23.63541301893216
2025-06-09,691.2607421875,694.0599975585938,705.1900024414062,693.9400024414062,698.4600219726562,12773200,71.35517768371368,25.866581150814568,654.8115020751953,591.933203125,0.17142906884222642,21.50436810206327
2025-06-10,699.567138671875,702.4000244140625,703.22998046875,691.5599975585938,701.3499755859375,10850100,73.14162602123386,26.715121757700672,657.9600036621093,594.4464038085938,0.09847838302794432,23.637764704241206
2025-06-11,691.3404541015625,694.1400146484375,708.8699951171875,691.989990234375,703.7100219726562,9582500,68.57980374461334,26.416568784553647,659.8655029296875,596.8020043945312,0.05809183063221712,24.97238930962074
2025-06-12,690.5636596679688,693.3599853515625,695.3800048828125,687.0,693.2999877929688,7322700,68.14754973246023,25.819391681801108,661.5655029296875,598.9492041015625,0.05156515523439231,26.06934995402342
2025-06-13,680.1158447265625,682.8699951171875,694.5700073242188,681.010009765625,687.9500122070312,9274400,62.447162516253485,24.22047146371949,663.5150024414063,600.9280041503906,0.06055474613079692,26.13497627475579
2025-06-16,699.8262939453125,702.1199951171875,707.1500244140625,693.510009765625,699.3300170898438,13720300,67.77433052621248,24.227351959938005,666.6040008544921,604.3380041503906,0.09647994139161176,26.891722904745187
2025-06-17,694.9522705078125,697.22998046875,705.969970703125,696.0599975585938,702.0,10066100,65.24242306900376,23.566560844451033,669.4440002441406,608.1880035400391,0.08869039308364157,26.981173209496355
2025-06-18,693.4970092773438,695.77001953125,701.5900268554688,694.9000244140625,698.1799926757812,10068300,64.46806296005029,22.663818091212534,672.3775024414062,611.778403930664,0.09208922648498619,26.46398257915209
2025-06-20,680.120849609375,682.3499755859375,701.8200073242188,678.6699829101562,700.75,22538600,57.68992715466331,20.627719059947026,674.7200012207031,615.2164031982422,0.07372144073318254,25.06440034530629
2025-06-23,696.2481079101562,698.530029296875,699.0499877929688,678.75,683.6900024414062,11080100,62.7720532157586,20.0881275900565,677.818002319336,617.4716033935547,0.09733418360865165,23.903096380869687
2025-06-24,709.8733520507812,712.2000122070312,713.1900024414062,702.1099853515625,704.8900146484375,13823200,66.43979658732216,20.526929176678323,682.0750030517578,620.7898040771485,0.13577650460868673,21.88379449342547
2025-06-25,706.3649291992188,708.6799926757812,716.5800170898438,705.3800048828125,713.3200073242188,9320400,64.67288873268421,20.355995195878563,685.3930023193359,624.0920037841797,0.10331296642619847,20.527634995913917
2025-06-26,723.7180786132812,726.0900268554688,728.219970703125,711.0499877929688,714.3599853515625,13964800,69.05616618203433,21.378930043536116,689.5185028076172,627.9842047119141,0.12820474156223938,19.965521805959565
2025-06-27,731.2333984375,733.6300048828125,735.4299926757812,725.8599853515625,726.52001953125,18775700,70.74889818233478,22.53821992301573,693.9475036621094,632.2264044189453,0.13732271725625367,19.39868955834641
2025-06-30,735.6788330078125,738.0900268554688,747.9000244140625,734.25,744.5499877929688,15402100,71.7338880442965,23.545434887115903,698.477505493164,636.9420050048828,0.13992499959466365,18.538320827895816
2025-07-01,716.8704223632812,719.219970703125,737.75,715.3699951171875,736.8800048828125,13431200,62.191797794519985,22.56093575125692,700.8935028076172,641.2968041992187,0.0720225734546116,17.892528554048393
2025-07-02,711.2389526367188,713.5700073242188,720.2999877929688,712.7999877929688,715.3300170898438,9336700,59.63397738035772,21.08179050916101,703.2295043945312,645.875004272461,0.07006078345767364,16.182028589044183
2025-07-03,716.6611328125,719.010009765625,729.030029296875,714.4199829101562,726.6099853515625,8601700,61.28500482497065,20.116628015560877,704.782504272461,650.2496044921875,0.045148625637710715,16.12880429496199
2025-07-07,716.0032348632812,718.3499755859375,727.0,713.510009765625,717.5999755859375,9457100,60.95922082204093,19.07854495335721,706.4690032958985,654.2112036132812,0.04926817900341396,15.666410859245367
2025-07-08,718.3157348632812,720.6699829101562,722.9099731445312,714.8099975585938,721.5700073242188,7770700,61.729324629062134,18.232884506515802,707.6170013427734,657.9616027832031,0.032907598019854545,15.831152222045667
2025-07-09,730.3861694335938,732.780029296875,737.530029296875,722.719970703125,722.719970703125,11418000,65.54937455185828,18.328591452158776,709.5530029296875,661.6718029785156,0.05578772998657433,16.441772561308344
2025-07-10,724.8642578125,727.239990234375,735.7999877929688,719.5999755859375,731.5499877929688,9913600,62.476995791579604,17.752762251284594,710.7950012207032,665.2218029785156,0.035364414801998034,16.80713983208756
2025-07-11,715.1660766601562,717.510009765625,725.1599731445312,709.7000122070312,722.5,10873900,57.38930195036918,16.32312255792135,711.9635009765625,668.483203125,0.03366755211342154,16.395625163950744
2025-07-14,718.5648803710938,720.9199829101562,728.0,716.5499877929688,717.5999755859375,8939400,58.65986549351359,15.28903663809308,713.3415008544922,671.9216027832031,0.03974846853127767,15.90045359757559
2025-07-15,708.0693359375,710.3900146484375,724.469970703125,709.8200073242188,723.9000244140625,11529500,53.367881841977805,13.464623857941206,714.7175018310547,674.6852026367187,0.040300525324044045,14.227466214371164
2025-07-16,700.6136474609375,702.9099731445312,713.969970703125,699.27001953125,713.3699951171875,13067600,49.92251465710259,11.285099151152394,714.7570007324218,676.8030017089844,0.001125132502759696,14.1917033912393
2025-07-17,699.1185913085938,701.4099731445312,705.9000244140625,697.1099853515625,704.3900146484375,11803300,49.23606168636596,9.329231085706397,714.9660003662109,678.84580078125,0.005995141908514912,13.948698386594737
2025-07-18,701.979248046875,704.280029296875,704.7100219726562,691.6500244140625,702.1900024414062,12779800,50.63474545324792,7.919490145322243,715.3915008544922,681.1852014160156,0.012231067057701495,13.453312703160895
2025-07-21,710.640869140625,712.969970703125,717.0,705.760009765625,706.7999877929688,9404400,54.70417504007686,7.417956356684158,716.9225006103516,683.5084008789063,0.0448743258045754,11.0169320455862
2025-07-22,702.507568359375,704.8099975585938,716.5999755859375,701.4099731445312,716.1900024414062,8921100,50.49482006658652,6.28954363489197,717.2364990234375,685.6444006347656,0.008990262405812466,10.544494376182639
2025-07-23,711.2489013671875,713.5800170898438,714.6300048828125,704.9299926757812,706.3699951171875,8771600,54.54327865100599,6.033386580312481,717.3054992675782,688.066201171875,0.0019376647839923766,10.5142742856973
2025-07-24,712.46484375,714.7999877929688,723.6199951171875,714.0,717.0499877929688,10920800,55.093430355548506,5.861256789306367,717.6114990234375,689.5736010742188,0.008635766750067386,10.337603351778116
2025-07-25,710.351806640625,712.6799926757812,720.6500244140625,711.9000244140625,716.9199829101562,8271700,53.8732399875222,5.4904858976677815,716.9409973144532,690.7066003417968,-0.01846883125190868,10.192612618792518
2025-07-28,715.28564453125,717.6300048828125,724.739990234375,712.6799926757812,715.2000122070312,8715700,56.3065646762624,5.532299011643772,716.1409973144531,691.8720007324218,-0.021809358795999323,9.411777184802713
2025-07-29,697.7132568359375,700.0,724.469970703125,699.9099731445312,720.0,13267000,46.83088586831049,4.095630275399003,714.2364959716797,692.9944006347656,-0.051606207196358,8.551019745194253
2025-07-30,692.9389038085938,695.2100219726562,708.5,691.2000122070312,708.0900268554688,27077300,44.633154272624694,2.5412547530784195,713.0359985351563,694.0918005371094,-0.03338331763368041,9.452447874286296
2025-07-31,770.913330078125,773.4400024414062,784.75,765.510009765625,775.2000122070312,38831100,69.6687197268462,7.5350472473079435,716.0294982910157,696.7520007324218,0.08390206217003304,16.49045074909592
2025-08-01,747.5598754882812,750.010009765625,766.0,745.3099975585938,760.72998046875,19028700,60.801178180953066,9.492634005148375,717.5794982910156,699.0102014160157,0.04311483787284831,18.1579416635555
2025-08-04,773.833740234375,776.3699951171875,776.8499755859375,758.4099731445312,760.0,15801700,66.03850731463558,13.020968512924128,720.4804992675781,701.8276013183594,0.08076845758075613,22.421698621237486
2025-08-05,760.9659423828125,763.4600219726562,783.1300048828125,763.0,776.4500122070312,11640300,61.69115710186426,14.607090642667004,722.6200012207031,704.3654016113281,0.0593753591480366,24.39539743899882
2025-08-06,769.4680786132812,771.989990234375,773.6400146484375,760.4600219726562,770.0,9733900,63.40532000722497,16.36376965815623,724.5804992675781,707.2640014648438,0.05350850100967297,26.719667013361043
2025-08-07,759.3412475585938,761.8300170898438,775.0,759.5499877929688,773.489990234375,9019700,59.963637111239564,16.743121232458407,726.3100006103516,709.6542016601562,0.04756342791919499,27.990131426976298
2025-08-08,766.7869262695312,769.2999877929688,769.9000244140625,758.5800170898438,762.75,7320800,61.61345206199476,17.445424302802394,728.8994995117188,712.1686010742187,0.07218014706758025,29.488705024644535
2025-08-11,763.3679809570312,765.8699951171875,773.4600219726562,764.6699829101562,770.0800170898438,7612000,60.38302892339387,17.52323584756448,731.1470001220703,714.5850012207031,0.06235090339094285,30.54264528304146
2025-08-12,787.4192504882812,790.0,793.6699829101562,772.4299926757812,773.0,14563100,65.5892435492382,19.309404987559105,735.1274993896484,717.4352014160156,0.11206518068945615,32.799346990549914
2025-08-13,777.5316772460938,780.0800170898438,795.4600219726562,778.22998046875,791.1500244140625,8811800,61.983027183700486,19.69743738660145,738.9860015869141,719.6188012695312,0.1097865258620323,33.344411007440236
2025-08-14,779.5748901367188,782.1300048828125,787.8099975585938,772.510009765625,777.8800048828125,8116200,62.44258471574421,19.940510943277786,743.0220031738281,721.9244018554688,0.1150825263809705,33.4418632176807
2025-08-15,782.6647338867188,785.22998046875,796.25,780.8200073242188,784.1500244140625,13375400,63.16766040535313,20.15100239831804,747.0695007324218,723.8700012207031,0.1149400065378714,33.40480123987926
2025-08-18,764.8631591796875,767.3699951171875,775.8099975585938,756.5599975585938,775.0900268554688,16513700,56.41062676229461,18.661548126805428,749.789501953125,725.5250012207031,0.07630058298305831,32.68920485168686
2025-08-19,749.0250244140625,751.47998046875,767.1699829101562,749.3599853515625,767.1199951171875,12286700,51.16648136497927,16.014350043245713,752.1230010986328,726.600400390625,0.06621640310412369,30.92767088382679
2025-08-20,745.27734375,747.719970703125,750.2000122070312,731.0,747.5700073242188,11898200,49.982403415990554,13.45789093615349,753.8299987792968,727.6735998535156,0.047843202998470336,29.60213713692591
2025-08-21,736.6854858398438,739.0999755859375,745.5,733.1099853515625,744.7100219726562,8876300,47.28103130270943,10.613965917702785,755.0449981689453,728.4075988769531,0.03399550672629115,28.389723208955562
2025-08-22,752.32421875,754.7899780273438,756.9000244140625,734.3900146484375,739.22998046875,10612700,52.33116094014508,9.516486785550569,757.1504974365234,729.6205981445313,0.05908680724073534,26.586660778097034
2025-08-25,750.839111328125,753.2999877929688,758.8800048828125,750.1300048828125,754.8200073242188,6861200,51.82346098091252,8.429328850945012,758.9339965820312,730.8193981933593,0.049705255727122255,24.941510320251588
2025-08-26,751.636474609375,754.0999755859375,754.8699951171875,747.9400024414062,750.7999877929688,7601800,52.09220423409021,7.545322898759196,761.6389953613282,732.2439978027344,0.07728567940848219,20.803986513202833
2025-08-27,744.9384765625,747.3800048828125,754.1500244140625,742.8400268554688,752.2999877929688,8315400,49.589769467815714,6.230673018036555,764.2474945068359,733.1491979980469,0.07504204666400538,14.286055383780122
2025-08-28,748.65625,751.1099853515625,753.0499877929688,740.7999877929688,744.0,7468000,50.99690963867013,5.427220151524125,763.1309936523437,734.2267980957031,-0.02887103979540473,14.401930885998256
2025-08-29,736.2868041992188,738.7000122070312,747.1400146484375,735.3499755859375,745.280029296875,9070500,46.360170438065936,3.7459162570971785,762.5654937744141,735.0853979492188,-0.015079795484500336,15.14702243736587
2025-09-02,732.70849609375,735.1099853515625,736.0,721.72998046875,726.0399780273438,9350900,45.08315928147835,2.0995829580973577,760.5024932861328,736.1405981445313,-0.05314477636323012,15.95608240862347
2025-09-03,734.6421508789062,737.0499877929688,740.25,733.989990234375,736.0,7699300,45.94959801383758,0.940551844997799,759.1819915771484,736.9109973144531,-0.03459255680663964,16.770483615867526
2025-09-04,746.2042846679688,748.6500244140625,761.1599731445312,745.8200073242188,748.5700073242188,11439100,50.93443420898572,0.9471195427420298,758.0149932861328,737.6399975585938,-0.030233508355758,16.643906892040995
2025-09-05,749.991943359375,752.4500122070312,757.9500122070312,745.030029296875,752.6199951171875,9663400,52.48051165179613,1.244604719129029,757.5459930419922,738.5153979492187,-0.01231246429307642,16.66289366289102
2025-09-08,749.8424072265625,752.2999877929688,766.510009765625,752.02001953125,756.0,13087800,52.4102957522145,1.4515258616821711,756.6959930419922,739.0395971679687,-0.02209801152963875,16.464159891400236
2025-09-09,763.1986083984375,765.7000122070312,766.2999877929688,753.4299926757812,757.489990234375,10999000,57.836569241934704,2.6660497772068084,756.6874938964844,739.6809973144532,-0.00022194747312198615,16.459217958018264
2025-09-10,749.5234375,751.97998046875,765.7000122070312,751.0,765.1300048828125,12478300,51.37715767285366,2.492742053527536,754.7864929199219,739.9587963867187,-0.04812660700158233,14.486605038919217
2025-09-11,748.4468994140625,750.9000244140625,757.0999755859375,748.3699951171875,754.6500244140625,7923300,50.895316503681464,2.2424019915412146,753.3274932861328,740.5923974609375,-0.037406409645820315,13.219087991879146
2025-09-12,753.1217041015625,755.5900268554688,757.5700073242188,743.760009765625,748.72998046875,8248600,52.95863109534327,2.3948434255781876,752.0004943847656,741.4327978515626,-0.03393294958850257,11.37970798255137
2025-09-15,762.2018432617188,764.7000122070312,774.0700073242188,751.989990234375,757.469970703125,10533800,56.759336238103295,3.213708412762344,750.9739959716796,742.3465979003906,-0.02614516609447748,8.874749364187215
2025-09-16,776.4552001953125,779.0,781.3599853515625,765.0999755859375,767.0,11782500,61.95545736317479,4.959385609422384,751.5554962158203,743.5595983886719,0.015155668004762646,10.276000687352493
2025-09-17,773.1858520507812,775.719970703125,783.2899780273438,766.3099975585938,779.989990234375,9400900,60.169424237718225,6.008909445124232,752.7674957275391,744.6605981445313,0.03225633531748229,11.609580618687607
2025-09-18,777.7010498046875,780.25,788.780029296875,773.3599853515625,780.75,10955000,61.8070010288165,7.12407821250315,754.3939971923828,745.6099975585937,0.043505631214163065,13.054068276141908
2025-09-19,775.837158203125,778.3800048828125,790.7999877929688,769.1900024414062,786.4199829101562,23696800,60.69761959116293,7.767426460075626,756.3579986572265,746.6327978515625,0.05314575915894859,13.576374032534183
2025-09-22,763.1751098632812,765.1599731445312,785.72998046875,764.469970703125,781.8499755859375,11706900,53.40029612598382,7.1283671255179115,756.876498413086,747.5857971191406,0.013738914690268667,13.710694887754794
2025-09-23,753.4404296875,755.4000244140625,770.5999755859375,751.0700073242188,769.25,10872600,48.74133506620185,5.767873250992125,756.9815002441406,748.2753979492187,0.0027877826299274044,13.68988864542865
2025-09-24,758.686767578125,760.6599731445312,761.1099853515625,752.530029296875,757.5,8828200,51.211800947317755,5.055825547159088,757.3095001220703,749.2807971191406,0.00869910856779521,13.695800876805713
2025-09-25,746.9672241210938,748.9099731445312,756.77001953125,744.5499877929688,753.4500122070312,10591100,45.89096576787207,3.5030152316526255,757.3859985351562,750.2007971191406,0.0020471089027309652,13.641585818219307
2025-09-26,741.8206176757812,743.75,751.9299926757812,737.3499755859375,750.0,9696300,43.741654943670746,1.8348837623142344,757.0179992675781,751.04759765625,-0.009798811752073311,13.916306327910087
2025-09-29,741.4715576171875,743.4000244140625,750.780029296875,739.1500244140625,748.719970703125,9246800,43.59252698782017,0.47911451580830544,757.2529998779297,751.8299975585937,0.00636254518662982,13.627379826649474
2025-09-30,732.4749755859375,734.3800048828125,742.969970703125,726.2999877929688,742.25,16226800,39.824067253607936,-1.3081035688850307,757.2165008544922,752.2581982421875,-0.0009930221100191705,13.69063894939896
2025-10-01,715.4791259765625,717.3400268554688,721.8499755859375,710.2000122070312,721.489990234375,20419600,33.86767309421512,-4.052752981365757,756.2310028076172,752.508798828125,-0.02674168816760958,15.770156865253753
2025-10-02,725.1639404296875,727.0499877929688,727.77001953125,718.1400146484375,722.5800170898438,11415300,39.42732622598087,-5.382350332524652,755.1510009765625,752.7781982421875,-0.0288519814555529,17.007724914098734
2025-10-03,708.7167358398438,710.5599975585938,731.0,710.1799926757812,729.6300048828125,16154300,34.173130394248375,-7.678161149621701,753.0565002441406,752.6933984375,-0.05567149175208164,19.72083457111614
2025-10-06,713.8035278320312,715.6599731445312,716.8800048828125,690.510009765625,705.1900024414062,21654700,36.970717851537515,-8.982537257020454,751.2244995117187,752.752998046875,-0.048703994740088685,21.423202377201843
2025-10-07,711.230224609375,713.0800170898438,718.5,705.75,717.719970703125,12062900,36.134100980584684,-10.107927712968603,748.5934997558594,752.6619982910156,-0.06872142389748326,22.742420691102062
2025-10-08,715.9779052734375,717.8400268554688,719.6500244140625,707.8099975585938,713.4500122070312,10790600,38.882104866106694,-10.494737944012286,746.8865020751953,753.018798828125,-0.045400083113914746,23.734460069597088
2025-10-09,731.6072387695312,733.510009765625,733.510009765625,712.4400024414062,718.280029296875,12717200,46.97128939089137,-9.42816911289151,746.0170013427735,753.7847985839844,-0.02315889477032196,23.897664338173765
2025-10-10,703.4703979492188,705.2999877929688,735.27001953125,704.510009765625,730.9199829101562,16980100,37.37967941502599,-10.73546686281918,743.5024993896484,752.4219982910156,-0.06655730922202818,25.43376002283418
2025-10-13,713.8433837890625,715.7000122070312,719.9400024414062,707.6400146484375,713.010009765625,9251800,42.0757544982589,-10.807729911779461,741.0524993896485,751.7357983398438,-0.06407741495724462,25.643549073874187
2025-10-14,706.8117065429688,708.6500244140625,715.5499877929688,699.3300170898438,707.780029296875,8829800,39.8918072366511,-11.303573436053284,737.5350006103515,750.3813989257812,-0.09030805595113933,24.980721199929288
2025-10-15,715.6885986328125,717.5499877929688,723.9000244140625,709.510009765625,717.0599975585938,10246800,43.85381246418291,-10.8532705893914,734.6265014648437,749.4631982421874,-0.07498837867668928,23.65187613837968
2025-10-16,710.2228393554688,712.0700073242188,725.489990234375,703.8800048828125,717.5499877929688,9017000,42.01733602110165,-10.813934657583559,731.2175018310547,748.2647985839844,-0.08738223989206184,21.550039555104643
2025-10-17,715.0602416992188,716.9199829101562,718.5399780273438,706.1199951171875,707.0800170898438,12232400,44.242817834027896,-10.272987545664023,728.1445007324219,747.3665979003906,-0.07895889101353426,18.65889167161368
2025-10-20,730.2706909179688,732.1699829101562,733.77001953125,720.1799926757812,721.1900024414062,8900200,50.65602136786833,-8.515573283668118,726.4950012207031,746.6239978027344,-0.04311515420598655,16.55385607158402
2025-10-21,731.3678588867188,733.27001953125,738.5,728.75,736.02001953125,7647300,51.09300699251412,-6.953885988585171,725.3885009765625,745.9719982910157,-0.029295742874747677,15.204719692166186
2025-10-22,731.5074462890625,733.4099731445312,740.5999755859375,724.030029296875,733.8300170898438,8734500,51.152277543047944,-5.639930856750311,724.0260009765625,744.8401977539063,-0.03582415397427818,12.928193709619084
2025-10-23,732.095947265625,734.0,742.4099731445312,733.0999755859375,734.7000122070312,9856000,51.41957918062332,-4.499138444685627,723.2805023193359,743.9185974121094,-0.01990889917238925,11.798257855293707
2025-10-24,736.4446411132812,738.3599853515625,741.2100219726562,731.1500244140625,736.7899780273438,9151300,53.446816620291024,-3.2062778836021835,723.0110015869141,743.0431970214844,-0.0072470785189076015,11.359477240346301
2025-10-27,748.8722534179688,750.8200073242188,755.75,748.010009765625,749.72998046875,11321100,58.745123385417045,-1.1628522965173715,723.3820007324218,742.3549975585937,0.009981144291735244,12.153822186839843
2025-10-28,749.49072265625,751.4400024414062,758.4000244140625,745.52001953125,752.6300048828125,12193800,58.99520198979297,0.5008323442676783,724.2350006103516,742.0363977050781,0.0232304766539988,13.491392324097266
2025-10-29,749.7200927734375,751.6699829101562,759.1599731445312,742.510009765625,754.75,26818600,59.09425619268397,1.816927500859947,725.9514984130859,742.0401977539062,0.047857298867283626,14.69791601158006
2025-10-30,664.7411499023438,666.469970703125,680.9600219726562,650.1699829101562,669.1500244140625,88440100,30.092309974218566,-3.9692317120671987,722.9224975585937,740.4151977539062,-0.08332304257887457,19.81213676784558
2025-10-31,646.6680908203125,648.3499755859375,674.8900146484375,645.5700073242188,674.510009765625,56953200,27.051581537846516,-9.902783620864739,719.8119964599609,738.6001977539063,-0.08755069548863303,25.82595572009401
2025-11-03,636.0557861328125,637.7100219726562,659.3300170898438,636.1799926757812,656.0,33003600,25.426852106954584,-15.28749684481852,715.9144989013672,736.2585986328126,-0.10892037293824253,31.699497722225377
2025-11-04,625.6926879882812,627.3200073242188,641.739990234375,626.010009765625,628.0399780273438,27356600,23.91627455723578,-20.16090584585629,711.626498413086,733.7389990234375,-0.12026702152672963,37.392312500038045
2025-11-05,634.30029296875,635.9500122070312,642.22998046875,626.5399780273438,632.3099975585938,20219900,27.7554258685619,-23.060916430423845,707.5319976806641,731.3759997558594,-0.1140783622879884,40.98686538761324
2025-11-06,617.3344116210938,618.9400024414062,636.0,618.0,635.8499755859375,23628800,25.070207592080678,-26.427125884759676,701.8034973144531,728.8071997070313,-0.15619419748726637,44.97713438451798
2025-11-07,620.0972290039062,621.7100219726562,622.1300048828125,601.2000122070312,616.489990234375,29946800,26.320301081388777,-28.54233542757538,697.6239990234375,726.2192004394532,-0.11851689673479648,48.389475236049826
2025-11-10,630.1212158203125,631.760009765625,635.0,618.1099853515625,631.0900268554688,19245000,30.82927455885897,-29.072573673617853,693.4269989013671,724.080400390625,-0.11728377953013758,50.340060215044495
2025-11-11,625.453369140625,627.0800170898438,629.5599975585938,619.3900146484375,628.0,13302200,29.91130245217859,-29.530023867033947,689.3484985351563,721.9198010253906,-0.1151061941917857,52.30769781913783
2025-11-12,607.43017578125,609.010009765625,628.989990234375,607.77001953125,628.1300048828125,24493300,26.61592218893051,-30.99338259295837,683.921499633789,719.3590014648438,-0.15126469218010807,54.79901661215767
2025-11-13,608.3079223632812,609.8900146484375,617.6500244140625,603.0,613.0700073242188,20973800,27.037503484603377,-31.7164879563162,678.8125,716.5838012695312,-0.14349711632954198,56.76451678474577
2025-11-14,607.8790283203125,609.4600219726562,613.6799926757812,595.2000122070312,601.7899780273438,20724100,26.956015074692985,-31.955883449250678,673.439501953125,713.7240014648437,-0.1498911503363225,58.03909786780249
2025-11-17,600.4483032226562,602.010009765625,611.6900024414062,595.4000244140625,609.0399780273438,16501300,25.520840168300552,-32.37357737676314,666.9315032958984,710.7182019042968,-0.177772889059429,58.40332667846981
2025-11-18,596.1395874023438,597.6900024414062,603.6599731445312,583.780029296875,591.5999755859375,25500600,24.699634660767884,-32.67651676604237,660.1525024414062,707.3580017089844,-0.18489780500846686,58.16605649151111
2025-11-19,588.7886352539062,590.3200073242188,595.3300170898438,581.25,593.719970703125,24744700,23.320933273930905,-33.12940032236406,652.9980041503907,704.1248022460937,-0.1951022907512523,57.47708736726006
2025-11-20,587.6217041015625,589.1500244140625,606.719970703125,583.3499755859375,603.5,20603000,23.100489485148657,-33.20001256790056,645.7555053710937,700.8898022460937,-0.1973432909890157,55.83569000373807
2025-11-21,592.70849609375,594.25,598.1199951171875,581.8599853515625,588.5,21052600,26.367818505484323,-32.47015217144667,638.5500061035157,697.6630017089843,-0.19517577903811512,52.45233639011525
2025-11-24,611.459716796875,613.0499877929688,616.7000122070312,597.6300048828125,598.719970703125,23554900,36.995007674762206,-30.02857987539619,631.6615051269531,694.6300012207031,-0.18349273885526363,45.520598638946836
2025-11-25,634.5695190429688,636.219970703125,637.0499877929688,618.2999877929688,624.0,25213000,47.1239202434421,-25.925143344342473,625.900503540039,691.7744006347656,-0.15333231044918394,35.82154711191055
2025-11-26,631.9663696289062,633.6099853515625,638.3599853515625,631.6300048828125,637.6900024414062,15209500,46.22247755729027,-22.622960923905566,619.9975036621094,688.9322009277344,-0.15706360536244124,20.423216317041444
2025-11-28,646.2691650390625,647.9500122070312,648.0499877929688,635.5,636.0800170898438,11033200,51.690449550144265,-18.634035678125088,619.0715057373047,686.286201171875,-0.027788136465556335,18.538084026164345
2025-12-01,639.20751953125,640.8699951171875,645.3200073242188,637.760009765625,639.5499877929688,13029900,49.03927364035061,-15.861243351098096,618.6975067138671,683.5360009765625,-0.011536948793728352,17.98346969776524
2025-12-02,645.4213256835938,647.0999755859375,647.8699951171875,638.0700073242188,642.3400268554688,11640900,51.40132702457798,-13.011094301349317,619.1670043945312,681.1748010253906,0.014724488074117081,18.617358065099864
2025-12-03,637.9407958984375,639.5999755859375,648.8499755859375,637.5499877929688,644.4099731445312,11134300,48.48763045929691,-11.228087560932522,619.7810028076171,678.8588000488281,0.019575285529466635,19.09671972254943
2025-12-04,659.8140258789062,661.530029296875,676.0999755859375,660.0499877929688,676.0,29874600,56.28980787242614,-7.953783550207049,621.0600036621094,676.876201171875,0.04022331409519064,20.99854238449743
2025-12-05,671.673095703125,673.4199829101562,674.6900024414062,662.3900146484375,664.0,21207900,59.841286712129154,-4.3493179139614995,623.7840026855469,675.3664013671874,0.08802142413457514,24.024665473637466
2025-12-08,665.0702514648438,666.7999877929688,676.7100219726562,665.0700073242188,669.3400268554688,13161000,57.061375381588995,-2.0038322776591713,626.0385009765625,673.8274011230469,0.07252571814307296,25.864957801266137
2025-12-09,655.255859375,656.9600219726562,664.47998046875,653.3400268554688,663.77001953125,12997100,53.111874170341146,-0.9283199240265958,627.2985015869141,672.0986010742188,0.03988858398362405,26.756777367014035
2025-12-10,648.4434814453125,650.1300048828125,654.510009765625,643.4000244140625,649.9500122070312,16910900,50.49913052359431,-0.6199475638288732,628.4510009765625,670.4136010742187,0.03675765000444331,27.238944910302624
2025-12-11,651.0167846679688,652.7100219726562,655.280029296875,640.7999877929688,643.2899780273438,13056700,51.470307085128404,-0.16546702871391972,630.6360015869141,669.1210009765625,0.07175581929080121,27.349882789880677
2025-12-12,642.558837890625,644.22998046875,711.0,638.6099853515625,649.7999877929688,14016900,48.12802224542441,-0.48397741856547327,632.3529998779297,667.4646008300781,0.05630517797558521,27.05524981544385
2025-12-15,646.3570556640625,647.510009765625,653.0,638.7000122070312,645.7000122070312,15549100,49.49415458779445,-0.466352424897309,634.2554992675781,666.2036010742188,0.062432294853091985,26.696146717573082
2025-12-16,655.9799194335938,657.1500244140625,662.5399780273438,643.2000122070312,643.5,14309100,53.380259098707555,0.32177490591368496,637.0125,665.0334020996094,0.09159318575102215,26.029707086780864
2025-12-17,648.343505859375,649.5,661.22998046875,649.2000122070312,655.6099853515625,15598500,50.08670284778072,0.32532827558770805,639.6029998779297,663.7618017578125,0.08668372793080614,24.43986434959121
2025-12-18,663.266845703125,664.4500122070312,670.5599975585938,656.4600219726562,657.030029296875,20260300,55.823144924681706,1.5169983763138362,643.3095001220703,662.6940014648437,0.1255759655154267,22.079557352231557
2025-12-19,657.5969848632812,658.77001953125,671.0,658.1799926757812,666.4199829101562,49977100,53.31602544204739,1.980250482503493,646.7904998779297,661.1992016601563,0.11817023208380228,18.246934666819957
2025-12-22,660.3221435546875,661.5,673.5800170898438,656.6500244140625,661.6500244140625,15659400,54.3766086444258,2.538406552010997,650.1529998779297,660.3232019042969,0.11316785864535128,13.680179691393041
2025-12-23,663.7559814453125,664.9400024414062,666.0,658.25,660.0499877929688,8486800,55.74107147866969,3.2211967550477993,652.7475006103516,659.3080017089844,0.08464238754044495,10.913999386138642
2025-12-24,666.361328125,667.5499877929688,668.1799926757812,662.2000122070312,662.530029296875,5627500,56.79680429347512,3.927641509061118,654.3140014648437,658.4860009765625,0.04924400134000684,10.662448007713985
2025-12-26,662.1089477539062,663.2899780273438,668.9500122070312,661.3200073242188,668.0599975585938,7133800,54.51122509045472,4.096534579944091,655.7980010986328,657.40080078125,0.04684268455667273,9.646201670242313
2025-12-29,657.5171508789062,658.6900024414062,660.25,654.3900146484375,658.010009765625,8506500,52.074389775277055,3.815224436829567,656.3350006103516,656.3332006835938,0.016575337652657396,9.48389299149634
2025-12-30,664.7642211914062,665.9500122070312,672.219970703125,657.8400268554688,658.6900024414062,9187500,55.45869508463792,4.130492489062249,657.5890014648437,655.3138012695313,0.03913432877327594,8.9759092471497
2025-12-31,658.9146118164062,660.0900268554688,665.0,659.4400024414062,664.75,7940400,52.25136586850208,3.862963014885395,658.2385040283203,653.8722021484375,0.02007425708487931,8.64069436161246
2026-01-02,649.2518310546875,650.4099731445312,664.3900146484375,643.5,662.72998046875,13726500,47.37710943245992,2.837139763135042,658.77900390625,652.2150012207031,0.01690118507070104,7.700371600415825
2026-01-05,657.616943359375,658.7899780273438,664.5399780273438,647.75,651.010009765625,12213700,51.58747360133802,2.6695904281915546,658.6420013427735,650.7226013183594,-0.004141990761090009,7.673177200272339
2026-01-06,659.4436645507812,660.6199951171875,665.52001953125,651.9000244140625,659.5700073242188,11074400,52.481606890286315,2.653881168058888,658.002001953125,649.2550012207031,-0.01900743684149997,6.867187635413336
2026-01-07,647.534912109375,648.6900024414062,659.1500244140625,644.8099975585938,655.6400146484375,12846300,46.45777751353746,1.6596493557210579,657.0965026855469,647.4616015625,-0.027159546615326824,6.839964819761628
2026-01-08,644.9096069335938,646.0599975585938,647.0999755859375,635.719970703125,645.8800048828125,11921700,45.2253854956187,0.6519784653091847,656.5515014648438,645.3664013671874,-0.01659160991460784,7.272017557578473
2026-01-09,651.8971557617188,653.0599975585938,654.9500122070312,642.8499755859375,645.4400024414062,11634900,49.09590562931353,0.4134673293419837,656.6980010986329,643.3988012695313,0.004506779649878556,7.164562961354997
2026-01-12,640.8268432617188,641.969970703125,653.969970703125,641.22998046875,652.530029296875,14797200,43.81365800646626,-0.6627867551637792,656.1609985351563,641.2048010253907,-0.01645455241681759,7.849008495463607
2026-01-13,629.96630859375,631.0900268554688,642.27001953125,624.0999755859375,642.27001953125,18030400,39.341629489142626,-2.366368390356911,655.5040008544922,640.4972021484375,-0.02039637087941859,9.313553402632747
2026-01-14,614.4240112304688,615.52001953125,628.4500122070312,614.8200073242188,626.5,15527900,33.9941823907083,-4.916168051880618,653.9045013427734,639.8406030273437,-0.049404626572420396,12.838572961072481
2026-01-15,619.694580078125,620.7999877929688,624.1699829101562,614.22998046875,618.47998046875,13076100,37.11568475037864,-6.436655582887397,652.0869995117188,639.50240234375,-0.055314669817603246,14.78096089943876
2026-01-16,619.1455688476562,620.25,629.0800170898438,620.0800170898438,624.1799926757812,17012500,36.919823963047506,-7.598442212227724,650.6244995117188,639.3610021972656,-0.04503464203233254,16.407929956257416
2026-01-20,603.0443115234375,604.1199951171875,611.4000244140625,600.0,607.8800048828125,15169600,31.645486356728256,-9.708806004074972,647.6079986572265,638.7244018554687,-0.09079692374367199,19.06322130387422
2026-01-21,611.8685913085938,612.9600219726562,618.27001953125,600.0800170898438,606.739990234375,14494700,36.96073080220402,-10.54639593794559,645.3174987792969,638.6048022460938,-0.06953867996480778,20.359512851756133
2026-01-22,646.476806640625,647.6300048828125,660.5700073242188,626.5499877929688,629.3499755859375,21394700,52.54598079813613,-8.31674387691487,644.6239990234375,639.1232019042968,-0.02096749072893045,20.012550020515192
2026-01-23,657.5870361328125,658.760009765625,666.489990234375,644.4500122070312,644.77001953125,22797700,56.282635652193036,-5.5872241361460055,644.3149993896484,639.6632019042969,-0.00929406059658111,19.728043354707975
2026-01-26,671.1627197265625,672.3599853515625,675.280029296875,661.2899780273438,665.1300048828125,16327400,60.38725063996385,-2.300141111467269,644.5554992675782,640.5688012695313,0.007205449249570561,20.05284852475074
2026-01-27,671.7716674804688,672.969970703125,676.8200073242188,664.6599731445312,674.5900268554688,13297400,60.5660863720132,0.3500810710861515,645.0394989013672,641.8480004882813,0.014593907636852865,20.63713352803708
2026-01-28,667.5391845703125,668.72998046875,677.6799926757812,666.0999755859375,674.5,25709600,58.586180119758666,2.084243604862081,645.5414978027344,643.0247998046875,0.015242341602470066,21.103500503951107
2026-01-29,736.995361328125,738.3099975585938,744.0,712.5499877929688,737.4299926757812,59852900,73.75088890162192,8.969708564647249,649.1594970703125,645.6017993164063,0.10865678207851315,29.370129517521402
2026-01-30,715.2241821289062,716.5,732.1699829101562,713.5900268554688,727.5,23744600,65.63759491610689,12.522255852515286,651.9799957275391,647.8915991210938,0.08545799943873811,32.963814490545154
2026-02-02,705.152099609375,706.4099731445312,721.2999877929688,703.52001953125,714.5999755859375,14365200,62.226999509268886,14.357984424596566,654.779995727539,650.0659985351563,0.08609954077004289,35.13058775204428
2026-02-03,690.4683227539062,691.7000122070312,717.0,686.4099731445312,707.3699951171875,13760700,57.53344562135178,14.45916537437995,656.4254974365234,652.0935986328125,0.04995527448403525,36.086052023048744
2026-02-04,667.798828125,668.989990234375,688.8300170898438,667.4600219726562,687.72998046875,16882800,51.122452034251644,12.562035700472507,656.8439971923829,653.6903979492188,0.012669908841773214,36.1856540992018
2026-02-05,669.0166625976562,670.2100219726562,681.5,653.5,663.5800170898438,17131800,51.435536708700006,11.02984791000381,657.9199981689453,655.2095983886719,0.03317458177289212,36.25032639791435
2026-02-06,660.2822265625,661.4600219726562,671.989990234375,646.5,665.489990234375,18159300,49.01079355969856,9.005713909949918,658.6899993896484,656.1777990722657,0.023836833223319642,36.14856132509346
2026-02-09,676.0140991210938,677.219970703125,683.3099975585938,658.780029296875,663.1799926757812,14837500,53.282608959968385,8.574428607381492,659.897998046875,656.9977990722656,0.036995028381544115,36.35362063540084
2026-02-10,669.525634765625,670.719970703125,680.6500244140625,669.7899780273438,677.5999755859375,10455800,51.37101516604659,7.620294212407771,661.335498046875,657.7399987792969,0.04478402621934352,36.17537817463884
2026-02-11,667.4993286132812,668.6900024414062,679.27001953125,657.0999755859375,674.0,14323800,50.75855206401264,6.623977269970283,663.2154968261718,658.1547985839844,0.059579416542655306,35.49137332884418
2026-02-12,648.6529541015625,649.8099975585938,676.0,645.280029296875,669.969970703125,14960100,45.34381495950528,4.261802896839413,664.9299957275391,658.3335986328125,0.055708956555884814,33.85664263607219
2026-02-13,638.6307983398438,639.77001953125,651.4299926757812,634.5700073242188,645.0999755859375,12336400,42.73316551486479,1.5616189966571028,665.8784973144532,658.1869995117188,0.030557397086495408,32.804642208264205
2026-02-17,638.1516723632812,639.2899780273438,642.5999755859375,628.7999877929688,639.5,12674700,42.60685465657565,-0.6099998370925732,666.8304962158203,658.1807995605469,0.03069726405053408,31.667358265150252
2026-02-18,642.0746459960938,643.219970703125,645.0,628.1500244140625,633.7999877929688,14649200,44.06452915545271,-1.9909553499442154,668.7854949951172,657.8145983886719,0.06472220072496171,28.655870687923823
2026-02-19,643.6318969726562,644.780029296875,647.1900024414062,636.719970703125,638.5700073242188,10035700,44.665331604277185,-2.9257624838741094,670.3764953613281,657.2417993164063,0.05191204349969536,26.168656296255556
2026-02-20,654.4925537109375,655.6599731445312,663.3499755859375,638.780029296875,639.6900024414062,14183500,48.79598574368697,-2.7569034643894383,670.7779937744141,657.0189990234375,0.012399005915687544,25.86108848223486
2026-02-23,636.1153564453125,637.25,657.7000122070312,636.0,652.5399780273438,8605900,42.95310207399774,-4.061790654791253,669.7024932861328,656.6247985839843,-0.03265227009344096,26.816807821656393
2026-02-24,638.1616821289062,639.2999877929688,641.1099853515625,628.97998046875,633.0800170898438,10135600,43.76064621242522,-4.874318166296121,668.0494934082031,656.4081982421875,-0.049170084893299215,27.650339635664785
2026-02-25,652.5260009765625,653.6900024414062,653.8800048828125,642.1400146484375,642.530029296875,11330700,49.19711903536431,-4.30744461314066,667.0854949951172,656.4277978515624,-0.028649076632015102,27.805416343423843
2026-02-26,655.8401489257812,657.010009765625,661.0,647.5,650.5499877929688,10637700,50.38869045923183,-3.5493813349399943,666.4994964599609,656.6833984375,-0.017525714481814947,27.892298094696038
2026-02-27,647.0258178710938,648.1799926757812,649.4400024414062,638.1199951171875,643.4500122070312,15703000,47.21668164243535,-3.619397151665453,661.9929962158203,656.6967980957031,-0.12207609971536326,22.424505896002582
2026-03-02,652.396240234375,653.5599975585938,659.9400024414062,634.5,637.1599731445312,9816100,49.310435771368724,-3.203831978657263,658.84599609375,656.6249975585938,-0.08784368798521458,18.433865628775354
2026-03-03,653.91357421875,655.0800170898438,659.0399780273438,638.8400268554688,648.2899780273438,12263800,49.914924910374054,-2.720480704107672,656.2794982910157,656.7365979003906,-0.07266312482282211,14.647530964775207
2026-03-04,666.541015625,667.72998046875,672.77001953125,657.6699829101562,657.9600219726562,10810100,54.75110742475346,-1.3016701687032537,655.0809967041016,656.802197265625,-0.03465379689932235,12.405910558380382
2026-03-05,659.393798828125,660.5700073242188,670.7000122070312,650.3099975585938,661.9299926757812,13341400,51.70772457717962,-0.746398573648662,654.6599975585938,656.8381970214843,-0.012586111949457357,12.046729300214619
2026-03-06,643.7117309570312,644.8599853515625,649.469970703125,636.1099853515625,647.9000244140625,13159400,45.704644965862585,-1.556071885044048,653.3924957275391,656.5053967285156,-0.037824019023887434,11.651645043028298
2026-03-09,646.2372436523438,647.3900146484375,647.75,626.780029296875,634.780029296875,13489700,46.77630525193127,-1.9708726052181191,652.6889953613281,656.1543969726563,-0.021271137872033608,11.563332145987012
2026-03-10,652.9053955078125,654.0700073242188,660.2999877929688,649.0,653.5599975585938,9859300,49.60457415424406,-1.7405219291641743,651.5314971923829,655.8847973632812,-0.03418381675140314,10.036367445837467
2026-03-11,653.6939697265625,654.8599853515625,659.1199951171875,648.3599853515625,654.760009765625,8977200,49.94334126864475,-1.4771945548134227,650.7384979248047,655.7161975097656,-0.023646210109021015,9.015043333040014
2026-03-12,637.043701171875,638.1799926757812,653.5,636.9000244140625,648.75,11617500,43.321495079572095,-2.5846475142326426,649.2129974365234,655.3059973144532,-0.04562653793870419,8.376237141996954
2026-03-13,612.6171875,613.7100219726562,629.1699829101562,609.5499877929688,623.8900146484375,18957600,35.81854992099268,-5.374875871699487,647.4079986572266,654.2611975097657,-0.05555466324243852,11.534867211831942
2026-03-16,626.8690185546875,627.4500122070312,634.75,623.0999755859375,632.0,15134900,41.902979310879566,-6.403632476412099,646.7919982910156,653.6083972167969,-0.019256931316108616,12.26978196368535
2026-03-17,622.0834350585938,622.6599731445312,636.5499877929688,621.7000122070312,627.989990234375,10348800,40.46284159724577,-7.518773872823203,645.960498046875,653.0533972167968,-0.026013241962790756,13.323208709073414
2026-03-18,615.1099243164062,615.6799926757812,622.6500244140625,614.6099853515625,616.3400268554688,11726300,38.39221347272329,-8.863583678084524,644.5834991455079,652.1911975097656,-0.042815800630752965,14.94573678295957
2026-03-19,606.1382446289062,606.7000122070312,613.0,602.260009765625,612.1500244140625,13247700,35.85038947319775,-10.532551811587723,642.6794982910156,651.1127978515625,-0.0590589276336142,17.17823207183693
2026-03-20,593.1102905273438,593.6599731445312,603.9600219726562,587.25,603.530029296875,21214900,32.48683889537672,-12.76034988343099,639.5794982910156,650.012197265625,-0.09456120937602663,20.06432104813213
2026-03-23,603.5006713867188,604.0599975585938,608.6400146484375,599.010009765625,605.7899780273438,13638000,37.521549201359214,-13.530727053315331,637.9199981689453,649.172197265625,-0.052083173701696794,21.582268745939828
2026-03-24,592.3709716796875,592.9199829101562,601.0,591.0,599.0999755859375,10739700,34.54945020694082,-14.868764727563871,635.6009979248047,647.9693969726562,-0.07254810850681925,23.803619715342002
2026-03-25,594.3391723632812,594.8900146484375,603.6699829101562,593.4000244140625,598.739990234375,12585000,35.52211994416639,-15.59048670145603,632.6609985351563,647.0277978515625,-0.08995087514473543,25.050406096302826
2026-03-26,547.032958984375,547.5399780273438,583.0,543.3499755859375,582.489990234375,35780100,25.653925247837066,-19.755479924832684,627.1874969482421,645.356796875,-0.16661851434703778,30.75922066132949
2026-03-27,525.233154296875,525.719970703125,543.5999755859375,520.260009765625,540.0999755859375,30133000,22.545641320690322,-24.53414494422691,621.0644958496093,643.5607958984375,-0.18892903723720855,37.75378308998722
2026-03-30,535.8833618164062,536.3800048828125,539.5499877929688,528.5399780273438,536.3800048828125,22795200,27.187191290495733,-27.148148771934075,615.2054962158203,641.8723962402344,-0.17929492795384205,41.3652297793832
2026-03-31,571.6002197265625,572.1300048828125,573.6900024414062,546.77001953125,549.97998046875,32898300,40.142257428225136,-26.034925004218167,611.0579956054687,640.9099963378907,-0.12662577096387706,41.3152500019264
2026-04-01,578.6936645507812,579.22998046875,592.5499877929688,573.8200073242188,580.1300048828125,23608100,42.336566708415326,-24.299667019759568,606.6329956054688,640.4121960449219,-0.1325386048082977,39.63102449697115
2026-04-02,573.9281005859375,574.4600219726562,578.5,559.7000122070312,566.0399780273438,13518500,41.242693575991595,-23.043724638236768,602.3274963378906,639.6421960449219,-0.13035709220339808,38.111261266591576
2026-04-06,572.4894409179688,573.02001953125,582.7899780273438,572.0,577.6900024414062,9515700,40.89913660034454,-21.91198963791669,598.735498046875,638.1499963378906,-0.11140397520734213,37.26771073978261
2026-04-07,574.5175170898438,575.0499877929688,575.22998046875,564.760009765625,572.47998046875,9580800,41.637208227217826,-20.613658598122242,595.1184967041015,636.4757958984375,-0.1117410297017829,35.777713180342076
2026-04-08,611.8529052734375,612.4199829101562,629.9500122070312,591.8300170898438,606.0,32036600,53.219361473744875,-16.380451949640246,593.0359954833984,635.2769958496094,-0.06367823619439683,33.29151546861333
2026-04-09,627.8081665039062,628.3900146484375,637.5,623.0,626.969970703125,19012900,57.13434661583999,-11.60320259122716,591.7124969482422,634.3853967285156,-0.040420809478707964,31.162429320707187
2026-04-10,629.2767333984375,629.8599853515625,638.5800170898438,624.3300170898438,634.469970703125,13294800,57.487020337797745,-7.610850558133052,591.2964965820313,633.6079968261719,-0.013037085806050341,30.55916143826782
2026-04-13,633.9425048828125,634.530029296875,635.0,624.4000244140625,629.5,9538900,58.65094850026801,-4.023666963255096,592.3374969482422,631.5323974609375,0.03392482863046098,31.69632487721105
2026-04-14,661.8765258789062,662.489990234375,666.260009765625,639.3699951171875,643.219970703125,17818000,64.85491575153199,1.063082503110877,594.0894958496094,630.452197265625,0.055845051152508596,34.57682277203593
2026-04-15,670.9581909179688,671.5800170898438,678.5,664.219970703125,667.0,14952600,66.60898546091491,5.761442973741396,596.535498046875,629.7555981445313,0.07856622563717819,38.240531653297374
2026-04-16,676.2432250976562,676.8699951171875,677.5800170898438,667.75,675.989990234375,9544800,67.6217512003662,9.798829703923957,599.5949981689453,629.4589978027344,0.09938604984623733,42.10534150788374
2026-04-17,687.9124145507812,688.5499877929688,691.52001953125,675.1300048828125,678.5999755859375,16283500,69.7997765428353,13.782094168044637,603.6874969482421,629.8501977539063,0.13491012681570025,46.573017891983156
2026-04-20,670.2887573242188,670.9099731445312,683.3800048828125,668.0,681.3599853515625,12534000,62.916214780189286,15.338643856947101,607.5499969482422,629.8641967773438,0.130124993252986,48.84551687832258
2026-04-21,668.220703125,668.8400268554688,676.2000122070312,667.3300170898438,671.0,8660100,62.14177499858618,16.218239563290695,610.7889984130859,630.011796875,0.10724105148278973,50.71399211242513
2026-04-22,674.09521484375,674.719970703125,678.3800048828125,669.75,674.3599853515625,9215600,63.51559892053849,17.191613605244356,614.8789978027344,629.961796875,0.13796125978328466,52.46531512209939
2026-04-23,658.5396728515625,659.1500244140625,669.5599975585938,653.0499877929688,663.7000122070312,11667000,57.559194800602526,16.51626577339971,618.0919982910157,629.7303979492187,0.10801998383449218,53.14006984192414
2026-04-24,674.4049682617188,675.030029296875,680.6699829101562,653.8400268554688,660.3200073242188,13348300,61.52251065766854,17.065708565046066,624.4665008544922,629.8571984863281,0.2328415392221177,51.862743744877754
2026-04-27,677.9916381835938,678.6199951171875,682.5,670.8400268554688,671.0,12805200,62.37785885395868,17.58808171721489,632.1115020751953,630.4333984375,0.2908392926553012,47.637856704639866
2026-04-28,670.7183837890625,671.3400268554688,678.1799926757812,665.6300048828125,674.239990234375,10606800,59.48982192724073,17.216176243281893,638.8595031738281,631.0647985839844,0.2516127013387497,42.66243858972719
2026-04-29,668.5004272460938,669.1199951171875,674.25,663.8099975585938,668.9099731445312,18947500,58.598826291780995,16.55150502112633,643.7090026855469,631.6613989257812,0.16952439027252408,40.11438131815134
2026-04-30,611.3433837890625,611.9099731445312,620.8499755859375,600.0,619.3200073242188,52765000,41.39350675749173,11.278367638187092,645.3430023193359,631.0351989746093,0.056419718898760296,37.95727727179785
2026-05-01,608.1863403320312,608.75,618.8800048828125,606.1099853515625,614.6900024414062,21404000,40.682976614446865,6.766386159816989,647.0575012207031,630.3145983886719,0.059690799560941254,35.26605931019532
2026-05-04,609.8447875976562,610.4099731445312,614.0,602.75,607.9400024414062,16203900,41.25344950450812,3.286667632340709,648.9269989013671,629.4095983886718,0.06525069341184198,31.971859364917844
2026-05-05,604.3998413085938,604.9600219726562,614.3499755859375,600.3599853515625,613.3099975585938,17171300,39.896793060011966,0.08818359132123987,650.4225006103516,628.763798828125,0.052012928988107054,28.884841969502467
2026-05-06,612.3125,612.8800048828125,619.9500122070312,598.0999755859375,601.0499877929688,19915500,42.838694177626756,-1.7869626313604385,650.4455017089844,628.2353991699218,0.0007511544128104841,28.853153498495715
2026-05-07,616.2388305664062,616.8099975585938,624.97998046875,613.5399780273438,614.719970703125,12307400,44.29573282354219,-2.922226351560198,649.8665008544922,627.4977990722656,-0.018428073043653237,29.42947203375903
2026-05-08,609.0654907226562,609.6300048828125,616.77001953125,606.0599975585938,615.2000122070312,13557000,42.180317167940906,-4.351139207886604,648.8550018310547,626.5501989746094,-0.03211821823775396,30.4821215931327
2026-05-11,598.3054809570312,598.8599853515625,604.9099731445312,598.0800170898438,604.5700073242188,15940600,39.15934699581728,-6.280219052710663,647.071499633789,625.563798828125,-0.05621490283893826,32.35063997778963
2026-05-12,602.441650390625,603.0,603.75,592.5999755859375,594.8200073242188,11351600,40.9112555313132,-7.389779368834525,644.0970001220703,624.5525988769531,-0.08979756843319053,33.57029428805445
2026-05-13,616.0590209960938,616.6300048828125,619.9000244140625,596.6599731445312,598.8300170898438,14634400,46.38497907029463,-7.087585160116532,641.3494995117187,623.7835986328125,-0.08182198816031783,33.45104272380747
2026-05-14,617.8573608398438,618.4299926757812,623.72998046875,615.0,616.0,10651200,47.08214881098518,-6.626464344614988,638.4274993896485,622.7975988769531,-0.08633859214174278,32.729601456211746
2026-05-15,613.6612548828125,614.22998046875,621.2000122070312,609.3099975585938,613.989990234375,13272600,45.59240952608089,-6.524715798049556,634.7114990234375,621.8707983398438,-0.10793698154354636,30.907665819611914
2026-05-18,610.64404296875,611.2100219726562,615.5900268554688,603.6900024414062,609.1099853515625,13772400,44.50205148258024,-6.61155091028013,631.7265014648438,621.1977990722656,-0.0889835500463102,30.099989515906536
2026-05-19,602.052001953125,602.6099853515625,613.9299926757812,600.5499877929688,608.9199829101562,11749900,41.461152675901936,-7.290281615730009,628.4149993896484,620.3021984863282,-0.09902224574579488,29.43790505996424
2026-05-20,604.499755859375,605.0599975585938,608.0,597.8099975585938,600.760009765625,11329700,42.663163273351,-7.543527985356491,624.9320007324219,619.3219982910156,-0.10324279133451264,27.743083520545873
2026-05-21,606.8175659179688,607.3800048828125,609.5999755859375,594.8099975585938,600.0,13476100,43.83915311247388,-7.470902442985448,622.3434997558594,618.3723986816407,-0.07854057136274839,26.780872640990136
2026-05-22,609.6949462890625,610.260009765625,614.8099975585938,606.9500122070312,607.8800048828125,11688600,45.33795511950963,-7.0991196206414315,619.1049987792969,617.8139990234375,-0.09595131582326166,23.82774832285555
2026-05-26,611.7730102539062,612.3400268554688,614.469970703125,605.2999877929688,608.8900146484375,12234200,46.44951381010994,-6.56100784530588,615.7910003662109,617.7865991210938,-0.0976687523777916,19.292142604263926
2026-05-27,634.6718139648438,635.260009765625,638.5,609.0,609.4000244140625,23143600,56.859762904319076,-4.236266275269259,613.9869995117188,617.9427990722656,-0.05374328305559428,15.043460129049716
2026-05-28,634.7017211914062,635.2899780273438,643.0,629.3099975585938,639.5,16772400,56.871568646980826,-2.3642203829920163,612.2954986572265,618.1953991699219,-0.050558968999153686,9.337965367312503
2026-05-29,631.92431640625,632.510009765625,634.5,623.3499755859375,633.5,19806500,55.35816275251164,-1.0923389283478855,613.3255004882812,618.5319995117187,0.03366514279091204,10.372062934462448
2026-06-01,599.9139404296875,600.469970703125,635.75,599.530029296875,630.4000244140625,29138800,41.613541563276634,-2.6393028543009223,612.9114990234375,618.4073986816406,-0.013601690836755664,10.72359817336823
2026-06-02,597.0765991210938,597.6300048828125,608.8800048828125,596.6799926757812,603.239990234375,18252000,40.65011710492104,-4.04778408275854,612.2725006103516,618.4867993164063,-0.020936696358158535,11.248428311036552
2026-06-03,622.4031372070312,622.97998046875,624.1500244140625,600.27001953125,603.0,23020100,51.45411574196264,-3.0829461485378715,613.1734985351562,618.8651989746094,0.02978702367362085,11.353083248692887
2026-06-04,626.9888916015625,627.5700073242188,642.4000244140625,622.4299926757812,623.6699829101562,21469200,53.11825914889989,-1.9257297141847403,613.9079986572266,619.5581994628906,0.023968806820863886,11.799511595571369
2026-06-05,592.450927734375,593.0,629.1500244140625,582.9099731445312,623.4600219726562,30091600,41.5622825967392,-3.754854405849187,612.7174987792969,619.5203991699219,-0.03860183468626721,12.661001072556923
2026-06-08,584.8479614257812,585.3900146484375,592.0,579.219970703125,592.0,19512400,39.52387348651544,-5.752203301655868,611.5054992675781,620.2773999023437,-0.039761806407535016,14.055525096558739
2026-06-09,584.0487060546875,584.5900268554688,597.6300048828125,581.010009765625,591.0,16977400,39.305635170344736,-7.315342308331992,610.7920013427735,621.4548010253907,-0.023828538965942947,15.057696014877529
2026-06-10,570.4512939453125,570.97998046875,591.3200073242188,570.5999755859375,580.72998046875,17064000,35.69457559915827,-9.542359848020624,609.1910003662109,622.1468005371094,-0.05310119325248752,17.44309185361826
2026-06-11,567.9036254882812,568.4299926757812,572.1699829101562,557.010009765625,565.8300170898438,17628000,35.04494217538726,-11.381847147808116,606.7809997558594,622.0728002929687,-0.07816682909582295,19.56221722952159
2026-06-12,566.4549560546875,566.97998046875,576.0700073242188,560.9000244140625,572.9500122070312,14326400,34.65866749609398,-12.80900373084853,604.2084991455079,621.8278002929687,-0.0831945617391886,21.259045663835828
2026-06-15,593.47998046875,593.47998046875,601.27001953125,579.2999877929688,579.9000244140625,17653300,46.306640814168745,-11.667214686440389,603.1709991455078,622.2081994628907,-0.033782134802610275,21.250555817238137
2026-06-16,600.2100219726562,600.2100219726562,605.8099975585938,592.0,593.6500244140625,11344400,48.802760893607115,-10.102821501063204,602.6209991455078,622.7519995117187,-0.0179970870969981,21.173752154982935
2026-06-17,567.5800170898438,567.5800170898438,593.8099975585938,566.1900024414062,592.0,20478300,39.27050902969798,-11.36498880800275,600.8695007324219,622.6026000976562,-0.05813041455209589,22.57705308539378
2026-06-18,577.219970703125,577.219970703125,580.219970703125,563.0999755859375,572.8200073242188,28824600,42.823631474778566,-11.45535163707541,599.4774993896484,621.8985998535156,-0.046012010325922614,23.155913018383455
2026-06-22,563.8499755859375,563.8499755859375,575.8099975585938,559.8099975585938,572.02001953125,15405500,39.382109867996014,-12.462155724619379,597.3009979248047,620.6077990722656,-0.0716685253826781,24.38707329429931
2026-06-23,562.2000122070312,562.2000122070312,572.2000122070312,561.02001953125,562.25,13103300,38.96593120868678,-13.240564487541064,594.897998046875,619.254599609375,-0.07875331299694954,25.390127148342714
2026-06-24,557.6699829101562,557.6699829101562,569.0399780273438,555.5499877929688,561.8900146484375,13963600,37.78529780696651,-14.060909137586009,592.1644958496094,617.7173986816406,-0.08928053295169669,26.338657433296124
2026-06-25,542.8699951171875,542.8699951171875,556.3400268554688,540.1799926757812,555.5499877929688,16968600,34.14526328881047,-15.724016831076483,587.5449951171875,615.3249987792968,-0.1454365350063892,26.484058139128692
2026-06-26,550.25,550.25,556.8499755859375,540.4000244140625,543.3400268554688,18867700,37.38451272984231,-16.259112021010424,583.2929962158203,612.8983984375,-0.1338600969141741,25.211155372774687
2026-06-29,562.5999755859375,562.5999755859375,570.9000244140625,558.0,560.0,15011400,42.483068957533355,-15.507873880672832,579.797494506836,610.612998046875,-0.1105279491238289,22.754942534766887
2026-06-30,563.2899780273438,563.2899780273438,565.5399780273438,551.4299926757812,560.9400024414062,18111100,42.76348820443716,-14.687526152824148,577.9384948730469,608.1077978515625,-0.061918154928289004,22.494432084075125
2026-07-01,612.9099731445312,612.9099731445312,628.280029296875,595.0999755859375,607.9099731445312,45536300,58.451246403350254,-9.919134149830029,578.7024932861328,606.9477978515625,0.025567605603595833,23.43812107998484
2026-07-02,582.9000244140625,582.9000244140625,610.0,580.4199829101562,607.9000244140625,21705900,49.597263773377854,-8.464131947637497,576.6984954833985,605.2289978027344,-0.06433586521436863,21.044274290592746
2026-07-06,600.2899780273438,600.2899780273438,603.5800170898438,581.760009765625,594.8400268554688,17674100,53.95027496762612,-5.8404828463117155,575.3344940185547,603.7403979492187,-0.043469300601520655,18.275386754731024
2026-07-07,615.5800170898438,615.5800170898438,625.3699951171875,603.6599731445312,607.5900268554688,18560800,57.43140200123202,-2.4986408861981317,576.4634948730469,602.8689978027344,0.03807760048877529,20.036735508320294
2026-07-08,603.1199951171875,603.1199951171875,616.0,598.010009765625,614.3900146484375,13606500,53.858338931485115,-0.8458759649969352,577.3499938964844,601.4307971191406,0.030287466518194694,20.82901981974038
2026-07-09,631.47998046875,631.47998046875,633.27001953125,577.0700073242188,583.989990234375,26579700,59.9637698104181,2.720999952479133,579.6944915771485,600.4879968261719,0.08020997871876823,24.073153039439628
2026-07-10,669.2100219726562,669.2100219726562,677.8599853515625,658.010009765625,660.3400268554688,40608900,66.34418783685473,8.494356190670942,584.6059936523437,600.4453967285157,0.17203762805004752,31.17476009563131
2026-07-13,656.72998046875,656.72998046875,676.6199951171875,654.2000122070312,661.3800048828125,19840700,62.780232090423574,11.925280346314025,589.0209930419921,600.1975964355469,0.1553401279501676,34.80457452379887
2026-07-14,661.0399780273438,661.0399780273438,666.5,649.0499877929688,652.0,16748200,63.50928240647542,14.821243175536893,593.7239929199219,601.1801965332031,0.16589650569466263,37.887904995422566
2026-07-15,681.3099975585938,681.3099975585938,686.0800170898438,656.6599731445312,663.5999755859375,19003400,66.80271124680061,18.53823848097602,598.1154937744141,602.631396484375,0.14799154138354043,42.64906775391972
2026-07-16,664.5399780273438,664.5399780273438,681.9000244140625,660.1599731445312,677.280029296875,15816000,61.8306785325235,19.90137297726335,601.3319915771484,603.7139965820312,0.10717907682257621,45.166839561135
2026-07-17,646.010009765625,646.010009765625,652.2000122070312,626.0,647.7000122070312,22267900,56.80013356143136,19.264385465132023,605.2534912109375,604.5349963378907,0.13818314654190234,45.48579353854227
2026-07-20,645.8499755859375,645.8499755859375,653.2999877929688,636.010009765625,646.7000122070312,10225200,56.75718440658267,18.533017759354266,608.6849914550781,605.1943957519532,0.11889748859384186,45.84693254723521
2026-07-21,643.8099975585938,643.8099975585938,655.8800048828125,643.2000122070312,654.1799926757812,9140500,56.17409018524629,17.586073101542638,612.682992553711,605.7343957519531,0.1418108103836735,45.21340649218092
2026-07-22,627.1699829101562,627.1699829101562,649.0,624.0,647.7000122070312,10953900,51.52420635025806,15.316345228435353,615.9314910888672,606.0851953125,0.11556380165854518,43.7041953521283
2026-07-23,603.1300048828125,603.1300048828125,614.635009765625,597.219970703125,608.4099731445312,7388521,45.64565225521618,11.445804115091164,618.2044921875,606.170595703125,0.08151778536730059,41.64841639126333
