Price,Adj Close,Close,High,Low,Open,Volume,RSI,MACD,SMA20,SMA50,Return_20D,Volatility
Ticker,MU,,MU,MU,MU,MU,,,,,,
Date,,,,,,,,,,,,
2018-01-02,42.58424377441406,43.66999816894531,43.720001220703125,41.189998626708984,41.540000915527344,37097000,,,,,,
2018-01-03,43.861663818359375,44.97999954223633,45.04999923706055,44.04999923706055,44.5,43376700,,,,,,
2018-01-04,45.71443176269531,46.880001068115234,46.97999954223633,45.0099983215332,45.9900016784668,52229500,,,,,,
2018-01-05,44.661277770996094,45.79999923706055,46.65999984741211,45.380001068115234,46.130001068115234,47381100,,,,,,
2018-01-08,44.41749954223633,45.54999923706055,46.09000015258789,44.90999984741211,45.310001373291016,32217400,,,,,,
2018-01-09,41.901641845703125,42.970001220703125,45.54999923706055,42.77000045776367,45.27000045776367,62982900,,,,,,
2018-01-10,42.23319625854492,43.310001373291016,43.369998931884766,41.38999938964844,41.95000076293945,53348000,,,,,,
2018-01-11,41.755367279052734,42.81999969482422,44.0,42.619998931884766,43.52000045776367,39402200,,,,,,
2018-01-12,41.74562454223633,42.810001373291016,43.349998474121094,42.68000030517578,42.81999969482422,28458500,,,,,,
2018-01-16,41.85288619995117,42.91999816894531,43.86000061035156,42.41999816894531,43.13999938964844,38174800,,,,,,
2018-01-17,43.15956497192383,44.2599983215332,44.380001068115234,42.97999954223633,43.209999084472656,38077100,,,,,,
2018-01-18,42.89629364013672,43.9900016784668,44.650001525878906,43.90999984741211,44.209999084472656,25152100,51.057113608161885,,,,,
2018-01-19,41.687110900878906,42.75,44.20000076293945,42.650001525878906,43.95000076293945,41469200,42.02743870750125,,,,,
2018-01-22,41.81388854980469,42.880001068115234,42.880001068115234,41.68000030517578,42.470001220703125,37879400,43.16234841690878,,,,,
2018-01-23,42.85728454589844,43.95000076293945,44.65999984741211,42.72999954223633,43.25,41334100,51.566701455302535,,,,,
2018-01-24,42.00890350341797,43.08000183105469,43.95000076293945,42.7400016784668,43.7599983215332,31305700,45.65543668775622,,,,,
2018-01-25,41.94065475463867,43.0099983215332,44.720001220703125,42.86000061035156,44.22999954223633,40519200,45.20638470966722,,,,,
2018-01-26,42.58424377441406,43.66999816894531,43.810001373291016,43.029998779296875,43.220001220703125,27177500,50.18150328888913,,,,,
2018-01-29,42.213687896728516,43.290000915527344,43.41999816894531,42.380001068115234,43.25,29455000,47.50694603693648,,,,,
2018-01-30,40.633968353271484,41.66999816894531,42.79999923706055,41.470001220703125,41.9900016784668,38861900,38.167486085833325,,43.71299991607666,,,1.2487092789996415
2018-01-31,42.63300323486328,43.720001220703125,43.959999084472656,42.77000045776367,42.97999954223633,45114600,51.232706599650214,,43.715500068664554,,0.0011450206973759869,1.2486687070317637
2018-02-01,41.43358612060547,42.4900016784668,44.09000015258789,42.099998474121094,43.040000915527344,35713500,45.07809662987051,,43.591000175476076,,-0.055357889931310855,1.2400590006362875
2018-02-02,39.80509567260742,40.81999969482422,42.209999084472656,40.61000061035156,42.0,40657400,38.343102690907486,,43.28800010681152,,-0.12926623795264036,1.1295531518888688
2018-02-05,38.42041015625,39.400001525878906,41.529998779296875,39.0099983215332,40.13999938964844,45796800,33.72859503554382,,42.96800022125244,,-0.13973794361993952,1.277339153242214
2018-02-06,42.78901672363281,43.880001068115234,43.93000030517578,40.54999923706055,40.54999923706055,66972800,52.96217787144014,,42.88450031280517,,-0.03666296809916436,1.147672538766488
2018-02-07,40.96550750732422,42.0099983215332,43.560001373291016,41.7400016784668,43.2599983215332,51354800,46.850042532664546,-0.49996483646345524,42.83650016784668,,-0.02234123509187591,1.163869587505905
2018-02-08,39.00548553466797,40.0,43.029998779296875,40.0,42.52000045776367,53794100,41.3290104898327,-0.6571710887435529,42.67100009918213,,-0.07642579700614538,1.3181122920333683
2018-02-09,39.40529251098633,40.40999984741211,41.189998626708984,37.52000045776367,41.04999923706055,65189300,42.809505053460505,-0.7401427106652392,42.550500106811526,,-0.05628210800065492,1.4106828613263118
2018-02-12,41.14103317260742,42.18999862670898,42.68000030517578,40.880001068115234,41.0099983215332,47941100,48.84474263254104,-0.6547200877749049,42.519499969482425,,-0.014482661216844939,1.4114922452407226
2018-02-13,41.570091247558594,42.630001068115234,42.91999816894531,41.97999954223633,42.04999923706055,30296800,50.242554292132,-0.545232423942096,42.50500011444092,,-0.00675668949678343,1.4086481682846217
2018-02-14,42.36970901489258,43.45000076293945,43.630001068115234,41.93000030517578,41.93000030517578,36765900,52.82941438247247,-0.3878249347544269,42.46450023651123,,-0.018300894471558804,1.3665497524930963
2018-02-15,42.418460845947266,43.5,43.91999816894531,42.2599983215332,43.72999954223633,35072300,52.98990158000651,-0.25609177833470653,42.44000015258789,,-0.01113893293408652,1.3419311756465728
2018-02-16,43.11082077026367,44.209999084472656,45.11000061035156,43.130001068115234,43.290000915527344,49404600,55.31484042204725,-0.09332551197004335,42.513000106811525,,0.03415202536778139,1.3982135739732195
2018-02-20,43.78366470336914,44.900001525878906,45.27000045776367,43.900001525878906,44.02000045776367,36215900,57.513937389133055,0.09030438449017453,42.614000129699704,,0.04710821845724511,1.4956795453815053
2018-02-21,43.432613372802734,44.540000915527344,45.54999923706055,44.52000045776367,45.369998931884766,31618700,55.966384115493064,0.20442685428719898,42.6435001373291,,0.013424349086369247,1.528867228977215
2018-02-22,43.14982604980469,44.25,44.83000183105469,44.040000915527344,44.779998779296875,24359600,54.689770637479675,0.2683754187950811,42.702000045776366,,0.027158730715324708,1.56832341534617
2018-02-23,45.373138427734375,46.52999877929688,46.79999923706055,45.02000045776367,45.18000030517578,48476700,62.02409676537712,0.4972994056463662,42.87800006866455,,0.08184144606212107,1.7869750914555833
2018-02-26,46.78707504272461,47.97999954223633,48.22999954223633,46.70000076293945,46.970001220703125,41966100,65.8140190357619,0.7866581524378873,43.0935001373291,,0.09869479171070705,2.1169323835976104
2018-02-27,47.372161865234375,48.58000183105469,48.9900016784668,47.41999816894531,47.65999984741211,44731100,67.26962084516576,1.0522623884630349,43.35800018310547,,0.12219914076347171,2.4474533962862415
2018-02-28,47.5964469909668,48.810001373291016,49.459999084472656,48.349998474121094,48.79999923706055,45031400,67.8349962281059,1.2667128230376292,43.71500034332276,,0.17134637672402908,2.6963573703379558
2018-03-01,46.4360237121582,47.619998931884766,48.810001373291016,46.77000045776367,48.77000045776367,61278800,61.879246502109545,1.3253651018310535,43.910000228881835,,0.08920397077516173,2.834236258059434
2018-03-02,47.88898849487305,49.11000061035156,49.25,45.95000076293945,46.36000061035156,52492900,65.91454211545404,1.475074398862212,44.241000175476074,,0.1558013337344646,3.0388484397415443
2018-03-05,50.73638916015625,52.02999877929688,52.36000061035156,48.720001220703125,48.79999923706055,70984100,72.13887759334085,1.8084923698553297,44.801500129699704,,0.27462026379912086,3.388365915294654
2018-03-06,52.40387725830078,53.7400016784668,54.63999938964844,53.209999084472656,53.400001525878906,73096300,75.01615709128788,2.1855181639306736,45.5185001373291,,0.36395938064035405,3.6890898213808736
2018-03-07,52.62814712524414,53.970001220703125,55.0,53.130001068115234,53.34000015258789,61670000,75.38437851786672,2.4743500952629063,46.023000144958495,,0.22994530325842777,4.118195035785508
2018-03-08,53.847068786621094,55.220001220703125,55.470001220703125,54.29999923706055,54.59000015258789,51685900,77.33914064362904,2.772160296788016,46.68350028991699,,0.31444902230331273,4.483810133928209
2018-03-09,53.232749938964844,54.59000015258789,55.83000183105469,53.619998931884766,55.7599983215332,65504600,74.1433997290276,2.923639311959029,47.41300029754639,,0.36475000381469735,4.525871080772577
2018-03-12,57.89388656616211,59.369998931884766,61.16999816894531,56.349998474121094,56.5,138651600,80.66986791969802,3.3903120690658852,48.36100025177002,,0.46919077347353344,4.947835223230276
2018-03-13,57.95240020751953,59.43000030517578,63.41999816894531,58.52000045776367,62.16999816894531,142315800,80.7356004528749,3.7220892724284766,49.22300033569336,,0.40862768996519416,5.305017549257341
2018-03-14,58.293701171875,59.77999877929688,60.060001373291016,57.560001373291016,59.31999969482422,80306900,81.13851329816913,3.967531811204516,50.08050022125244,45.8684001159668,0.40229878680460196,5.563023924383134
2018-03-15,57.377071380615234,58.84000015258789,60.150001525878906,58.22999954223633,59.77000045776367,50963700,76.51022034229483,4.03963041340036,50.85000019073486,46.17180015563965,0.35420020988297174,5.661133327122253
2018-03-16,59.07381820678711,60.58000183105469,60.689998626708984,59.209999084472656,60.0,69323100,78.90854249267451,4.188885800714679,51.704000282287595,46.48380020141602,0.39264372025413086,5.781022885227753
2018-03-19,58.644744873046875,60.13999938964844,60.9900016784668,58.75,60.36000061035156,71373300,76.77386590111205,4.222987282051449,52.50050029754639,46.74900016784668,0.3603257325280218,5.791564046054215
2018-03-20,59.629634857177734,61.150001525878906,61.25,59.79999923706055,60.099998474121094,53890500,78.22973921975044,4.28214972664933,53.31300029754639,47.056000213623044,0.36191535518398643,5.809000424985788
2018-03-21,59.55162811279297,61.06999969482422,61.720001220703125,60.599998474121094,61.349998474121094,51220200,77.81367068014848,4.273320729749869,54.13950023651123,47.36640022277832,0.371127041749437,5.6693483860349305
2018-03-22,57.455081939697266,58.91999816894531,60.29999923706055,58.11000061035156,60.06999969482422,74274700,67.43375420172839,4.046194519519219,54.873000144958496,47.68540016174316,0.3315253823490467,5.256470772008977
2018-03-23,52.862186431884766,54.209999084472656,58.79999923706055,53.68000030517578,57.689998626708984,118369500,51.29189827895528,3.4464097324629677,55.25700016021729,47.9034001159668,0.16505481424153667,4.882104771224822
2018-03-26,54.178619384765625,55.560001373291016,56.709999084472656,52.720001220703125,56.2599983215332,70260700,54.6432242208379,3.044910042196854,55.63600025177002,48.158200149536135,0.1579825323754347,4.571814354223498
2018-03-27,51.097198486328125,52.400001525878906,55.470001220703125,51.68000030517578,55.060001373291016,67785100,46.56664189018663,2.4435651683520945,55.82700023651123,48.35000015258789,0.07863317313385298,4.335187711941513
2018-03-28,50.209815979003906,51.4900016784668,53.349998474121094,50.70000076293945,51.93000030517578,62987500,44.5256534246524,1.8719865452516586,55.96100025177002,48.52140022277832,0.05490678610474875,4.144084946433408
2018-03-29,50.84364700317383,52.13999938964844,52.68000030517578,51.13999938964844,52.15999984741211,61458800,46.334960472257734,1.4546870249652173,56.1870002746582,48.679000244140624,0.0949181133798227,3.7717899226045306
2018-04-02,48.815364837646484,50.060001373291016,51.720001220703125,49.560001373291016,51.540000915527344,59875500,41.65324809360053,0.9452395587639657,56.234500312805174,48.800400238037106,0.019344344352119736,3.682909686370274
2018-04-03,50.2683219909668,51.54999923706055,51.77000045776367,50.31999969482422,50.79999923706055,52436400,45.872372510117096,0.6541880737074024,56.21050033569336,48.976400222778324,-0.009225438275953457,3.713190205956339
2018-04-04,52.06257629394531,53.38999938964844,53.5,49.2599983215332,49.619998931884766,60272800,50.62096741050914,0.5654817876307021,56.19300022125244,49.18660018920898,-0.00651288198523825,3.7262481871869366
2018-04-05,48.600833892822266,49.84000015258789,52.20000076293945,49.189998626708984,52.060001373291016,89203500,42.816361586876745,0.20634750142183123,55.98650016784668,49.30440017700195,-0.07652401287200539,3.962851348345835
2018-04-06,47.255149841308594,48.459999084472656,50.47999954223633,47.2599983215332,47.720001220703125,79392200,40.220374716519395,-0.18746260860766029,55.64850006103516,49.41200012207031,-0.12241944923565129,4.305170953574978
2018-04-09,46.767581939697266,47.959999084472656,49.83000183105469,47.91999816894531,49.130001068115234,50532900,39.2908531796654,-0.5337530069657319,55.317000007629396,49.5110001373291,-0.12145083439427196,4.6336879784605545
2018-04-10,49.22492980957031,50.47999954223633,50.75,48.63999938964844,49.25,50346500,46.05730900653686,-0.59795481523701,54.872500038146974,49.647200164794924,-0.14973891779664572,4.650797272441676
2018-04-11,49.22492980957031,50.47999954223633,51.79999923706055,50.11000061035156,50.279998779296875,38942200,46.05730900653686,-0.6414410773841794,54.425,49.7910001373291,-0.15059735347435277,4.619674836799691
2018-04-12,51.2824592590332,52.59000015258789,52.91999816894531,51.099998474121094,51.119998931884766,46656300,51.3254828909138,-0.49988250385452204,54.06550006866455,50.00940017700195,-0.12027431872747119,4.4579492857884455
2018-04-13,50.931419372558594,52.22999954223633,53.4900016784668,51.58000183105469,53.400001525878906,43598900,50.420705477128415,-0.41199612024703214,53.73500003814697,50.179600143432616,-0.11233855528909009,4.3284951231179685
2018-04-16,50.36583709716797,51.650001525878906,52.47999954223633,51.31999969482422,52.25,30879500,48.924326771473616,-0.38471180254035886,53.288500022888186,50.36280014038086,-0.14740838618789975,4.035940212411172
2018-04-17,50.960662841796875,52.2599983215332,52.70000076293945,51.7400016784668,51.849998474121094,33325300,50.58534388679004,-0.3102903072189491,52.894499969482425,50.59160011291504,-0.13102762135164858,3.7027550617592597
2018-04-18,52.667152404785156,54.0099983215332,54.27000045776367,50.68000030517578,51.45000076293945,55393600,55.096948591118164,-0.1088456563862934,52.537499809265135,50.88380004882813,-0.1167621099947811,3.1709168044834297
2018-04-19,50.14155197143555,51.41999816894531,54.099998474121094,50.97999954223633,52.900001525878906,52635000,48.09777627534417,-0.15638794318952165,52.05499973297119,51.034599990844725,-0.15801541794827878,2.458376479505503
2018-04-20,49.36144256591797,50.619998931884766,52.06999969482422,50.150001525878906,51.5,38510800,46.14773417619682,-0.25567157776451666,51.63999977111816,51.20680000305176,-0.14086896631023982,1.8682275274365667
2018-04-23,47.80122756958008,49.02000045776367,50.880001068115234,48.810001373291016,50.810001373291016,43693000,42.44156642420169,-0.45817947084844945,51.380499839782715,51.38720001220703,-0.09573876986460883,1.852848496025239
2018-04-24,45.938720703125,47.11000061035156,50.2599983215332,46.439998626708984,49.65999984741211,61915400,38.46972235713092,-0.7639827427636163,50.957999801635744,51.521200027465824,-0.15208784294597888,1.812626886891059
2018-04-25,46.41652297973633,47.59999847412109,48.34000015258789,46.08000183105469,47.560001373291016,43781200,40.02049872199009,-0.9557776960971509,50.717999649047854,51.62940002441406,-0.09160310900730095,1.9258834045233828
2018-04-26,48.893375396728516,50.13999938964844,50.18000030517578,48.83000183105469,49.279998779296875,39041400,47.41854834892694,-0.892531188255461,50.650499534606936,51.77959999084473,-0.0262187268364944,1.9210534764194394
2018-04-27,46.33852005004883,47.52000045776367,51.38999938964844,47.189998626708984,51.11000061035156,50049800,41.704438411152715,-1.0418105491765033,50.4194995880127,51.86099998474121,-0.08860757548842613,2.008307455380725
2018-04-30,44.836814880371094,45.97999954223633,47.689998626708984,45.31999969482422,47.060001373291016,54743800,38.74872512533484,-1.269743904422505,50.21549949645996,51.91059997558594,-0.08150223170452264,2.240538925000531
2018-05-01,45.626670837402344,46.790000915527344,46.869998931884766,45.40999984741211,45.59000015258789,34154900,41.11274328791381,-1.36923865833365,49.9774995803833,51.962200012207035,-0.09233750517907136,2.3418453203411005
2018-05-02,44.749046325683594,45.88999938964844,46.7400016784668,45.68000030517578,45.90999984741211,31640800,39.29786778939945,-1.5033815227690894,49.6024995803833,51.98199996948242,-0.14047574612735703,2.366994023569822
2018-05-03,45.46089172363281,46.619998931884766,46.869998931884766,45.33000183105469,45.7400016784668,30489600,41.55162359368773,-1.5331130738974537,49.44149951934814,52.02359992980957,-0.06460676586767489,2.4577593202380195
2018-05-04,46.39702606201172,47.58000183105469,47.70000076293945,46.13999938964844,46.31999969482422,28632200,44.47142990058123,-1.4623542222961703,49.39749965667725,52.09019996643067,-0.01815925031042631,2.483992408557772
2018-05-07,47.274654388427734,48.47999954223633,49.11000061035156,48.11000061035156,48.2599983215332,33996900,47.137565853973456,-1.3184566810066443,49.42349967956543,52.12919998168945,0.010842378392205365,2.4708407472887592
2018-05-08,47.3624153137207,48.56999969482422,48.86000061035156,47.880001068115234,48.529998779296875,25205500,47.40949743421169,-1.183511795390956,49.327999687194826,52.140999984741214,-0.037836764356822594,2.464761024650217
2018-05-09,49.74173355102539,51.0099983215332,51.029998779296875,48.9900016784668,49.060001373291016,36489100,54.276716743750505,-0.869654666405971,49.354499626159665,52.18959991455078,0.010499183520265909,2.4805969365272444
2018-05-10,51.3507194519043,52.65999984741211,52.68000030517578,51.599998474121094,51.79999923706055,37146300,58.24716059238403,-0.4822205585395807,49.357999610900876,52.266599884033205,0.0013310457239230633,2.485446958925174
2018-05-11,50.5316047668457,51.81999969482422,52.79999923706055,51.68000030517578,52.380001068115234,27646400,55.600140477573206,-0.24018848553401284,49.33749961853027,52.35059989929199,-0.007849891843873302,2.462093043486218
2018-05-14,51.68227005004883,53.0,53.709999084472656,52.86000061035156,52.9900016784668,33376300,58.4562546709985,0.04630605168419066,49.404999542236325,52.428399887084964,0.026137433383127462,2.545907553202835
2018-05-15,52.667152404785156,54.0099983215332,54.16999816894531,52.689998626708984,53.79999923706055,43307300,60.781699078962745,0.35080954607507664,49.49249954223633,52.467999877929685,0.033486415158932914,2.6759467665146954
2018-05-16,55.095252990722656,56.5,56.90999984741211,55.47999954223633,55.59000015258789,59011900,65.85602202057642,0.7840154428564574,49.61699962615967,52.52319984436035,0.046102606107174315,2.941896925399803
2018-05-17,53.340003967285156,54.70000076293945,56.439998626708984,53.93000030517578,56.0099983215332,54832200,59.82955901277315,0.9708974405936601,49.780999755859376,52.53779983520508,0.06378846189798337,3.1329200170737503
2018-05-18,52.06257629394531,53.38999938964844,54.650001525878906,52.849998474121094,53.599998474121094,46088800,55.825643951872436,1.0017490678392633,49.91949977874756,52.50119979858398,0.05472146416855983,3.2316354214542993
2018-05-21,54.10060501098633,55.47999954223633,56.470001220703125,54.529998779296875,56.18000030517578,70858100,60.38108924515688,1.1812282857698762,50.24249973297119,52.51899978637695,0.1317829258291967,3.4523017617503173
2018-05-22,57.56234359741211,59.02999877929688,60.5,58.29999923706055,59.04999923706055,111262700,66.66862494513072,1.5915754379793725,50.83849964141846,52.512199783325194,0.25302479334560046,3.884873719739171
2018-05-23,58.47897720336914,59.970001220703125,60.0,58.150001525878906,59.04999923706055,64066800,68.11171839199979,1.9699208324667552,51.45699977874756,52.52299980163574,0.2598740156117294,4.304209784021429
2018-05-24,59.961181640625,61.4900016784668,61.9900016784668,59.560001373291016,60.18000030517578,74725000,70.34736874039292,2.365149644351497,52.02449989318848,52.55719985961914,0.22636622311490506,4.836722057287206
2018-05-25,59.82465744018555,61.34999847412109,62.099998474121094,60.61000061035156,60.849998474121094,54715900,69.86153260416336,2.6366802283093804,52.71599979400635,52.60739982604981,0.2910353089884685,5.138065841766025
2018-05-29,61.063087463378906,62.619998931884766,63.97999954223633,61.349998474121094,61.36000061035156,75591900,71.7663755551153,2.920680805211269,53.54799976348877,52.648199768066405,0.3618964670576663,5.333438270103107
2018-05-30,61.01433563232422,62.56999969482422,64.66000366210938,60.91999816894531,63.70000076293945,84737600,71.57457891437109,3.105915724839427,54.33699970245361,52.696799774169925,0.3372515167884995,5.447071777798286
2018-05-31,56.15814208984375,57.59000015258789,60.25,57.16999816894531,59.22999954223633,101882200,55.62809956036147,2.818382826878647,54.92199974060058,52.625599746704104,0.25495752709856556,5.109984678361252
2018-06-01,57.27955627441406,58.7400016784668,59.34000015258789,56.880001068115234,58.810001373291016,74761500,57.957521294628165,2.6527274550207522,55.52799987792969,52.578999786376954,0.2599743248447999,4.781742266103774
2018-06-04,57.63060760498047,59.09999847412109,59.15999984741211,56.619998931884766,57.43000030517578,64350500,58.68865090530912,2.521427663560118,56.10399971008301,52.582599792480465,0.24211845732942971,4.456745967600085
2018-06-05,57.93290328979492,59.40999984741211,60.13999938964844,58.83000183105469,59.79999923706055,41711300,59.3443084737948,2.4145526924667635,56.650499725341795,52.686599807739256,0.22545380380322477,4.130885726290931
2018-06-06,57.942649841308594,59.41999816894531,59.59000015258789,58.29999923706055,59.2599983215332,36749000,59.36670795063953,2.304100057658765,57.19299964904785,52.76379974365234,0.2233888931911463,3.704262397856616
2018-06-07,58.14742660522461,59.630001068115234,60.27000045776367,58.560001373291016,59.849998474121094,42264700,59.866860551511905,2.208057910575924,57.623999786376956,52.90839973449707,0.16898653264497776,3.438970825730222
2018-06-08,59.863670349121094,61.38999938964844,61.599998474121094,58.220001220703125,58.630001068115234,57144900,63.87963125244111,2.248046887535594,58.06049976348877,53.1063996887207,0.16578047032913834,3.327988957168497
2018-06-11,59.863670349121094,61.38999938964844,62.54999923706055,61.06999969482422,61.709999084472656,42251500,63.87963125244111,2.2537585146403387,58.53899974822998,53.2913996887207,0.18467772580438813,3.06076341893671
2018-06-12,59.0445556640625,60.54999923706055,61.849998474121094,59.939998626708984,61.84000015258789,43633300,60.52962460885118,2.1655410192636566,58.91649971008301,53.501199645996095,0.14245281579359514,2.7957736688053902
2018-06-13,58.5569953918457,60.04999923706055,61.27000045776367,60.02000045776367,60.29999923706055,33281400,58.56098173397162,2.031860177937027,59.218499755859376,53.6711996459961,0.1118311628074844,2.5536108849746966
2018-06-14,57.7086181640625,59.18000030517578,60.56999969482422,58.66999816894531,60.54999923706055,43421900,55.19704232722812,1.8345677501041493,59.35249977111816,53.78699966430664,0.04743363371992526,2.472477594903243
2018-06-15,56.7822380065918,58.22999954223633,59.099998474121094,57.29999923706055,58.529998779296875,45854100,51.70437646958554,1.5833036190022511,59.528999710083006,53.95479965209961,0.0645337976245246,2.2377265114669145
2018-06-18,56.996768951416016,58.45000076293945,58.599998474121094,56.869998931884766,57.599998474121094,36975600,52.45467631996246,1.385950865870221,59.78199977874756,54.15459968566895,0.0947743291091343,1.7371742324075035
2018-06-19,57.776878356933594,59.25,59.459999084472656,57.11000061035156,57.63999938964844,43486600,55.18136096556437,1.2793530540836358,59.97049980163574,54.38039970397949,0.06795242409642799,1.4216907006529609
2018-06-20,57.484336853027344,58.95000076293945,61.119998931884766,58.79999923706055,60.130001068115234,57497600,53.932278439025346,1.1573251649231153,59.96649990081787,54.54979972839355,-0.0013552095207816084,1.4245856396449126
2018-06-21,57.962162017822266,59.43999862670898,61.83000183105469,59.09000015258789,61.459999084472656,70419900,55.696274819842074,1.0876185267656027,59.93999977111817,54.72899971008301,-0.00883779528440598,1.4294383667772779
2018-06-22,55.68033218383789,57.09999847412109,60.40999984741211,57.02000045776367,60.20000076293945,63497500,46.53268834012955,0.8339438718572225,59.72049961090088,54.81919967651367,-0.07139377271936309,1.513484684104091
2018-06-25,51.838294982910156,53.15999984741211,55.63999938964844,52.40999984741211,55.540000915527344,72196300,35.840278863653865,0.31139040423590103,59.31099967956543,54.83779968261719,-0.1334963134540862,2.0590387207519596
2018-06-26,53.232749938964844,54.59000015258789,54.77000045776367,53.61000061035156,54.40999984741211,42277100,41.1278036894852,0.012507906606600727,58.90949974060059,54.89659965515137,-0.12823377381452128,2.1602568692252007
2018-06-27,50.960662841796875,52.2599983215332,55.349998474121094,52.15999984741211,55.0,53007500,35.93175515494674,-0.4076709245729333,58.39399967193604,54.89659965515137,-0.16477547424606842,2.4513077913540036
2018-06-28,51.81878662109375,53.13999938964844,53.310001373291016,51.790000915527344,52.0,36878900,39.063091500633256,-0.6620255256237897,58.17149963378906,54.87919967651367,-0.07727037248044677,2.715813983541218
2018-06-29,51.13619613647461,52.43999862670898,53.849998474121094,52.400001525878906,53.689998626708984,32582200,37.49330491514656,-0.9096022622300524,57.85649948120117,54.899599685668946,-0.10725234715250798,2.997188801874114
2018-07-02,53.125465393066406,54.47999954223633,54.529998779296875,51.31999969482422,51.52000045776367,38934200,44.49384689467189,-0.9304716863982421,57.62549953460693,54.976799697875975,-0.07817257277777734,3.073373905981729
2018-07-03,50.20006561279297,51.47999954223633,54.790000915527344,50.099998474121094,54.54999923706055,52190200,37.79087169529952,-1.1755349482234791,57.22899951934814,55.02599967956543,-0.1334792177334303,3.3317089000694664
2018-07-05,51.5262451171875,52.84000015258789,53.310001373291016,51.939998626708984,52.630001068115234,51136400,42.052768047740294,-1.2456495924377364,56.89999961853027,55.140599670410154,-0.11073709557595257,3.427469692486542
2018-07-06,51.906551361083984,53.22999954223633,53.40999984741211,51.97999954223633,52.540000915527344,31841000,43.25336811917452,-1.255276218873675,56.57999954223633,55.25319969177246,-0.10732854957638183,3.4578013476322558
2018-07-09,52.9597053527832,54.310001373291016,54.5,53.11000061035156,53.79999923706055,32579700,46.555639797198644,-1.1623593132464833,56.225999641418454,55.33659973144531,-0.11532819818778572,3.298180420150282
2018-07-10,54.35414505004883,55.7400016784668,55.900001525878906,54.349998474121094,54.65999984741211,34852800,50.65061065051255,-0.9622408094134798,55.94349975585938,55.500999755859375,-0.09203449694339538,3.0664145401330423
2018-07-11,52.83293914794922,54.18000030517578,55.0,53.77000045776367,54.38999938964844,38699200,46.467743690676734,-0.9189316545998594,55.624999809265134,55.66499977111816,-0.10520229582407514,2.8884189176186785
2018-07-12,54.071353912353516,55.45000076293945,55.65999984741211,54.349998474121094,54.650001525878906,29647700,50.0819315168701,-0.7732172471653058,55.39499988555908,55.8381997680664,-0.07660280653729223,2.6941292750370476
2018-07-13,54.94896697998047,56.34999847412109,56.59000015258789,55.31999969482422,55.5099983215332,28799000,52.527926608922144,-0.5784472558654485,55.253499794006345,56.04739974975586,-0.047820240224081045,2.5556301835986575
2018-07-16,54.75395202636719,56.150001525878906,57.18000030517578,56.060001373291016,56.599998474121094,25735200,51.91910279016539,-0.4352118653237369,55.14949989318848,56.237999801635745,-0.03572038524315502,2.4689813804985774
2018-07-17,55.543819427490234,56.959999084472656,57.130001068115234,55.5,55.83000183105469,24729100,54.232770695517715,-0.2534155362613717,55.07499980926514,56.4255997467041,-0.025491901779606807,2.3852077937510767
2018-07-18,56.021629333496094,57.45000076293945,58.150001525878906,56.91999816894531,57.25,33729700,55.62392681127674,-0.06900613559395197,54.98499984741211,56.604999771118166,-0.03037973395882776,2.2494807733375835
2018-07-19,54.82222366333008,56.220001220703125,57.560001373291016,55.66999816894531,57.25,39392100,51.400359052013265,-0.02185906282101513,54.848499870300294,56.75799980163574,-0.04631042420533127,2.072050376591941
2018-07-20,53.65205001831055,55.02000045776367,56.13999938964844,54.83000183105469,56.08000183105469,32588100,47.602742991426425,-0.08039792350039221,54.627499961853026,56.83819984436035,-0.07436067077833353,1.770298739735685
2018-07-23,52.9401969909668,54.290000915527344,54.58000183105469,52.220001220703125,53.5099983215332,42781500,45.4050124150795,-0.18357906929938395,54.48700008392334,56.87079986572266,-0.04921186749010675,1.672550012302729
2018-07-24,51.84804153442383,53.16999816894531,55.400001525878906,52.939998626708984,55.0,39011500,42.186899602016915,-0.3516718776236587,54.4875,56.89779983520508,0.000188079788598694,1.6721339462126419
2018-07-25,52.06257629394531,53.38999938964844,54.220001220703125,52.29999923706055,52.630001068115234,39749200,43.040886820984944,-0.46181091066922875,54.42749996185303,56.90559982299805,-0.02198206190850438,1.6896995678825242
2018-07-26,52.42337417602539,53.7599983215332,54.7400016784668,53.45000076293945,53.599998474121094,28862500,44.52505146578956,-0.5133237891651845,54.502499961853026,56.900599822998046,0.028702641564799736,1.6202924207066005
2018-07-27,52.618412017822266,53.959999084472656,54.630001068115234,53.11000061035156,54.459999084472656,30109700,45.35393520703661,-0.5318785614370398,54.54349994659424,56.8497998046875,0.015430931581530194,1.5941650588302667
2018-07-30,51.69202423095703,53.0099983215332,54.25,52.41999816894531,54.189998626708984,25747800,42.13359183115717,-0.6161380186772689,54.57199993133545,56.81599975585937,0.010869559682519014,1.5592938163731553
2018-07-31,51.47747802734375,52.790000915527344,54.220001220703125,52.77000045776367,53.779998779296875,29301700,41.40047893200299,-0.6926813976929793,54.4875,56.803999786376956,-0.031020533056333677,1.6095242605820952
2018-08-01,50.98992919921875,52.290000915527344,53.58000183105469,52.16999816894531,52.65999984741211,28200000,39.70936656967847,-0.7846435163213243,54.528000068664554,56.74019981384277,0.015734292550380724,1.5384875805430205
2018-08-02,52.07231903076172,53.400001525878906,53.54999923706055,51.380001068115234,51.70000076293945,28708000,45.07335765329969,-0.7592047455739319,54.5560001373291,56.62759986877441,0.01059805775310152,1.5109999058337866
2018-08-03,51.49699401855469,52.810001373291016,53.400001525878906,52.2599983215332,53.29999923706055,22958900,42.889124612023906,-0.7776877180372708,54.535000228881835,56.48439987182617,-0.007890253100830025,1.5331547759938933
2018-08-06,51.36046600341797,52.66999816894531,52.810001373291016,51.5,52.220001220703125,28776900,42.36449639589801,-0.7944744880570695,54.45300006866455,56.307999801635745,-0.030197075361376058,1.5886743140933903
2018-08-07,51.721275329589844,53.040000915527344,53.439998626708984,52.70000076293945,52.939998626708984,21918600,44.30352332576509,-0.7690567869143834,54.31800003051758,56.14179985046387,-0.048439194144884734,1.588271631051906
2018-08-08,52.06257629394531,53.38999938964844,53.529998779296875,52.459999084472656,52.84000015258789,18074700,46.14910208843782,-0.7124583474919177,54.27849998474121,55.95719985961914,-0.014581043024687435,1.6016515308467962
2018-08-09,50.960662841796875,52.2599983215332,52.849998474121094,51.93000030517578,52.650001525878906,34538400,41.38141657170989,-0.7501381927229218,54.1189998626709,55.75099983215332,-0.05752934891821171,1.6372890625289163
2018-08-10,50.092796325683594,51.369998931884766,51.95000076293945,51.02000045776367,51.25,31340800,38.04742037173377,-0.8421079579018098,53.86999988555908,55.62659980773926,-0.08837621432276355,1.6586809209412605
2018-08-13,50.06354522705078,51.34000015258789,52.060001373291016,51.279998779296875,51.61000061035156,24609500,37.936473448937264,-0.9069604348616309,53.62949981689453,55.47859977722168,-0.08566342373248448,1.659405585725721
2018-08-14,49.36144256591797,50.619998931884766,51.77000045776367,50.0099983215332,51.72999954223633,32050200,35.27756730933895,-1.0048710434205859,53.312499809265134,55.30899978637695,-0.11130618424318373,1.593968915526213
2018-08-15,46.309261322021484,47.4900016784668,49.86000061035156,47.13999938964844,49.83000183105469,57746200,26.561900749691674,-1.3198165028956126,52.814499855041504,55.07059982299805,-0.1733681279756879,1.7784749886966615
2018-08-16,45.928958892822266,47.09999847412109,48.310001373291016,46.959999084472656,48.20000076293945,33663000,25.709574680501547,-1.5826393663307456,52.358499717712405,54.82419982910156,-0.16221989591888486,2.0130607280183748
2018-08-17,45.938720703125,47.11000061035156,47.36000061035156,45.619998931884766,46.209999084472656,34464200,25.775356217682997,-1.7697210477121743,51.962999725341795,54.57379981994629,-0.14376589933844608,2.228176127056185
2018-08-20,46.874847412109375,48.06999969482422,48.61000061035156,46.470001220703125,47.400001525878906,33022900,31.999058843392916,-1.819546129831302,51.65199966430664,54.3073998260498,-0.11456992292892298,2.3185374490430575
2018-08-21,48.69834518432617,49.93999862670898,50.369998931884766,48.869998931884766,48.900001525878906,38572900,42.17095573524723,-1.6886736026821865,51.49049968719483,54.07839981079101,-0.060748535893741296,2.3197287204166863
2018-08-22,48.99089050292969,50.2400016784668,50.650001525878906,49.869998931884766,50.380001068115234,26740400,43.62782576351441,-1.542962135941579,51.332999801635744,53.872199859619144,-0.058999770503694426,2.2907273869069322
2018-08-23,48.464324951171875,49.70000076293945,50.2400016784668,49.400001525878906,50.04999923706055,26832000,41.59647540985121,-1.4542941124012145,51.12999992370605,53.66519989013672,-0.07552079027814151,2.243744430251326
2018-08-24,49.439449310302734,50.70000076293945,50.81999969482422,49.91999816894531,49.91999816894531,24785500,46.55882597415751,-1.2884796311385145,50.967000007629395,53.49559989929199,-0.060415092232114054,2.143509381130486
2018-08-27,50.775390625,52.06999969482422,52.45000076293945,51.16999816894531,51.349998474121094,29134100,52.51186111134869,-1.0345968078776338,50.920000076293945,53.37239990234375,-0.017732477956467818,2.106338844152411
2018-08-28,51.038673400878906,52.34000015258789,52.560001373291016,51.470001220703125,52.41999816894531,26198800,53.60866327208464,-0.8023569889441973,50.89750003814697,53.25019989013672,-0.008524356035900182,2.087632444521153
2018-08-29,50.54136657714844,51.83000183105469,52.15999984741211,51.29999923706055,52.09000015258789,31450800,51.2030389019525,-0.6519426722503496,50.87450008392334,53.10179992675781,-0.00879707547176689,2.0739727474649015
2018-08-30,51.4482421875,52.7599983215332,53.68000030517578,51.400001525878906,51.560001373291016,32416600,55.15492850065975,-0.4524793972839447,50.84249992370606,52.97799987792969,-0.011985078390597814,2.0375728860447095
2018-08-31,51.214202880859375,52.52000045776367,53.22999954223633,52.220001220703125,52.70000076293945,29937300,53.94086696703676,-0.3101934200208447,50.827999877929685,52.83959991455078,-0.005491401400985585,2.0238200345677857
2018-09-04,50.63887405395508,51.93000030517578,52.29999923706055,50.709999084472656,52.13999938964844,28975100,50.970534952390786,-0.24224637399527182,50.79099998474121,52.736199951171876,-0.014049703616770604,1.994930027920358
2018-09-05,48.30830001831055,49.540000915527344,51.599998474121094,49.06999969482422,51.38999938964844,39125100,41.09782713452228,-0.37690608840308215,50.61599998474121,52.66379997253418,-0.0659879324959699,1.9400171458027637
2018-09-06,43.539878845214844,44.650001525878906,48.45000076293945,44.060001373291016,48.20000076293945,94413400,28.804426730112255,-0.8681989089691626,50.17900009155274,52.465,-0.16370102947527088,2.2429814600678353
2018-09-07,43.744659423828125,44.86000061035156,46.459999084472656,44.650001525878906,45.13999938964844,47114300,29.775903910388166,-1.2264688680989622,49.809000205993655,52.31700004577637,-0.14159965458958979,2.4795113516420604
2018-09-10,43.78366470336914,44.900001525878906,45.380001068115234,44.38999938964844,45.25,33078300,29.971918795515194,-1.4899968956019052,49.48550033569336,52.152200088500976,-0.1259489495918601,2.679159943094533
2018-09-11,42.51597213745117,43.59999847412109,43.75,42.349998474121094,43.650001525878906,48980700,27.304471802097254,-1.783188648964071,49.09850025177002,51.975400085449216,-0.15075967385007216,2.9431869882255137
2018-09-12,40.70221710205078,41.7400016784668,42.18000030517578,40.68000030517578,41.2400016784668,66916000,24.01173311728587,-2.1409518622320434,48.65450038909912,51.72060012817383,-0.1754246827497381,3.344079361657578
2018-09-13,42.535484313964844,43.619998931884766,44.4900016784668,42.29999923706055,42.29999923706055,59922100,32.82901823482217,-2.2468810733547286,48.46100025177002,51.5634001159668,-0.08149089513165442,3.52222843917493
2018-09-14,43.19857406616211,44.29999923706055,44.560001373291016,43.459999084472656,44.11000061035156,40610300,35.73376181526912,-2.2500235241250905,48.321000289916995,51.39260009765625,-0.059447968742482815,3.63307448600387
2018-09-17,42.4964714050293,43.58000183105469,44.31999969482422,43.25,43.59000015258789,28205300,34.05454161099006,-2.284279954989799,48.14450035095215,51.19960014343262,-0.07493098564132095,3.777864028857192
2018-09-18,44.20296096801758,45.33000183105469,45.869998931884766,43.880001068115234,43.93000030517578,36507400,41.27765012395652,-2.1454862190007304,48.00750045776367,51.02000015258789,-0.057000163951832716,3.8300291873712458
2018-09-19,43.93968963623047,45.060001373291016,46.060001373291016,44.84000015258789,45.779998779296875,29264700,40.539860350071514,-2.0338332006086617,47.76350059509277,50.80640014648438,-0.09771720840232534,3.855794211085163
2018-09-20,44.914817810058594,46.060001373291016,47.220001220703125,45.90999984741211,46.400001525878906,75144100,44.49676976489333,-1.8434060984426992,47.554500579833984,50.64400016784668,-0.08320064023738594,3.827676654259373
2018-09-21,43.62763214111328,44.7400016784668,45.599998474121094,43.79999923706055,44.400001525878906,97053400,40.65118889239164,-1.7785027194275074,47.306500625610354,50.42980018615722,-0.0997987728034655,3.8420061666425998
2018-09-24,44.03718948364258,45.15999984741211,45.650001525878906,43.86000061035156,44.20000076293945,36918900,42.35817290026842,-1.6738805290076897,47.029500579833986,50.20600021362305,-0.1092702333759521,3.783734288875465
2018-09-25,43.53011703491211,44.63999938964844,45.459999084472656,44.02000045776367,45.099998474121094,32547500,40.79375726214046,-1.6143175328136792,46.6580005645752,49.97580017089844,-0.14269253598467613,3.6241811967479145
2018-09-26,43.24733352661133,44.34999847412109,44.7599983215332,43.959999084472656,44.290000915527344,30299800,39.908517622565704,-1.5723885628711116,46.258500480651854,49.723600158691404,-0.1526557442715588,3.3982104081307183
2018-09-27,43.87141799926758,44.9900016784668,45.52000045776367,44.04999923706055,44.22999954223633,26952400,42.85570331425583,-1.4705648856421334,45.91650047302246,49.474400177001954,-0.13196989988315233,3.1425519916970703
2018-09-28,44.1054573059082,45.22999954223633,45.61000061035156,44.4900016784668,44.650001525878906,28080400,43.96554152392733,-1.3548847974196647,45.54000053405762,49.25460014343262,-0.14272174031180018,2.699315742090496
2018-10-01,44.027442932128906,45.150001525878906,46.08000183105469,45.0099983215332,45.439998626708984,26693400,43.66114587808863,-1.2551935752178167,45.17150058746338,49.05720016479492,-0.14032747272749324,2.141760959106444
2018-10-02,44.62228012084961,45.7599983215332,46.689998626708984,44.880001068115234,44.900001525878906,32397000,46.69191008373326,-1.1141230034665384,44.86300048828125,48.88660011291504,-0.1188138252914207,1.4495230619954687
2018-10-03,44.027442932128906,45.150001525878906,46.41999816894531,44.709999084472656,46.279998779296875,29505100,44.13501948762304,-1.039561781337916,44.64350051879883,48.72620018005371,-0.0886152464376011,0.9505028282840627
2018-10-04,43.062068939208984,44.15999984741211,44.75,43.5099983215332,44.5,34579600,40.27978571766122,-1.0482725043759373,44.61900043487549,48.541600189208985,-0.010974281337544745,0.9566218649865731
2018-10-05,42.4964714050293,43.58000183105469,44.630001068115234,42.810001373291016,44.08000183105469,35367100,38.17585502953685,-1.0894186675553073,44.55500049591065,48.338000259399415,-0.028533186845332126,0.9821271122911419
2018-10-08,41.999149322509766,43.06999969482422,43.849998474121094,42.61000061035156,43.279998779296875,27426600,36.37658489469423,-1.1499245935341094,44.46350040435791,48.12020027160644,-0.04075727770298476,1.032260064200327
2018-10-09,41.219051361083984,42.27000045776367,43.040000915527344,41.97999954223633,42.810001373291016,31576400,33.69394875728959,-1.2480425704792069,44.39700050354004,47.905400314331054,-0.030504542727147976,1.1291127783568284
2018-10-10,40.57545471191406,41.61000061035156,42.75,41.31999969482422,41.5,48452000,31.622048732069047,-1.3633424824607587,44.390500450134276,47.68180030822754,-0.0031145439120167095,1.1454692969082763
2018-10-11,40.9265022277832,41.970001220703125,42.91999816894531,41.43000030517578,41.959999084472656,48197000,34.00583073332632,-1.40942250746145,44.308000564575195,47.475400314331054,-0.03782663346136739,1.2577950130190871
2018-10-12,41.4140739440918,42.470001220703125,43.75,41.91999816894531,43.58000183105469,32851100,37.27646819602266,-1.389577256308577,44.21650066375732,47.25680030822754,-0.041309211012953706,1.3232665031849773
2018-10-15,41.28730010986328,42.34000015258789,42.54999923706055,41.630001068115234,42.029998779296875,27697300,36.766271050080405,-1.3685637999409224,44.154500579833986,47.047400283813474,-0.02845345631865448,1.3823872130034571
2018-10-16,42.135677337646484,43.209999084472656,43.349998474121094,42.29999923706055,42.70000076293945,28827400,42.44371081396263,-1.2671024728935052,44.04850044250488,46.858200302124025,-0.04676820341819754,1.368719205905487
2018-10-17,41.29705047607422,42.34999847412109,43.38999938964844,42.11000061035156,43.33000183105469,27759000,38.74084826674331,-1.2417741032645324,43.91300029754638,46.6444002532959,-0.060142095352359703,1.3971591863044488
2018-10-18,40.27316665649414,41.29999923706055,42.209999084472656,41.13999938964844,42.040000915527344,33560800,34.75421212905138,-1.2915392900926506,43.675000190734856,46.40260025024414,-0.1033435083436769,1.4174532750421895
2018-10-19,39.444305419921875,40.45000076293945,41.9900016784668,40.27000045776367,41.66999816894531,28641400,31.893020345003478,-1.3836168584480717,43.46050014495849,46.166400299072265,-0.09588736599426873,1.5647513624463563
2018-10-22,38.771446228027344,39.7599983215332,40.70000076293945,38.63999938964844,40.560001373291016,34441200,29.751760578520972,-1.4950326197680823,43.19050006866455,45.934200286865234,-0.11957487918787835,1.7147641142340981
2018-10-23,37.71830368041992,38.68000030517578,39.11000061035156,37.40999984741211,38.150001525878906,46364200,26.727063003512583,-1.6514404498020951,42.892500114440914,45.681000289916994,-0.1335125261192257,1.9511856552307882
2018-10-24,34.54911422729492,35.43000030517578,38.29999923706055,35.400001525878906,38.0,53096500,20.10356450776024,-2.01442162205322,42.44650020599365,45.377200317382815,-0.20112736134929665,2.533165975513665
2018-10-25,35.86554718017578,36.77999877929688,37.15999984741211,35.060001373291016,35.59000015258789,39625700,28.076886188930885,-2.168160022638567,42.03600006103515,45.16300025939941,-0.1824850542981732,2.754816821005158
2018-10-26,34.51985549926758,35.400001525878906,35.90999984741211,34.29999923706055,35.279998779296875,41257400,25.297671719468582,-2.37398721114603,41.54450016021728,44.92900032043457,-0.2173335864657272,3.0191903711806516
2018-10-29,33.798248291015625,34.65999984741211,36.20000076293945,33.81999969482422,36.13999938964844,34176400,23.929782168658463,-2.567225316536451,41.02000007629395,44.68000030517578,-0.23233668491581727,3.2613316391482927
2018-10-30,35.11469268798828,36.0099983215332,36.04999923706055,34.4900016784668,34.63999938964844,35319500,31.23484813569698,-2.5816743776214395,40.53250007629394,44.43880027770996,-0.2130681896334764,3.2441753989793893
2018-10-31,36.78218078613281,37.720001220703125,38.040000915527344,35.79999923706055,36.58000183105469,44055400,39.199468995614474,-2.427163588764259,40.16100006103515,44.19440032958985,-0.16456257041136713,3.110232613711962
2018-11-01,39.12250518798828,40.119998931884766,40.20000076293945,37.52000045776367,37.97999954223633,43981400,48.25765921744459,-2.0869953346221806,39.95900001525879,43.9920002746582,-0.09148552829454093,2.964624701088956
2018-11-02,39.31752395629883,40.31999969482422,40.939998626708984,39.63999938964844,40.189998626708984,33645700,48.94033971072446,-1.7807438457621672,39.795999908447264,43.804400253295896,-0.074805002277614,2.8421478041315553
2018-11-05,38.92747497558594,39.91999816894531,40.2400016784668,38.77000045776367,40.099998474121094,22904000,47.588006804851624,-1.5524187970586283,39.63849983215332,43.588800201416014,-0.07313679006729701,2.736483088284023
2018-11-06,38.81046676635742,39.79999923706055,40.560001373291016,39.560001373291016,39.7400016784668,19316600,47.16693639740304,-1.3654128327026882,39.51499977111816,43.343400192260745,-0.05843390570035978,2.666307276587729
2018-11-07,39.91236114501953,40.93000030517578,41.04999923706055,39.959999084472656,40.31999969482422,22957200,51.5173423164849,-1.1131953927143101,39.48099975585937,43.1152001953125,-0.016342232521059263,2.642414897745815
2018-11-08,39.434547424316406,40.43999862670898,41.43000030517578,40.34000015258789,40.66999816894531,15609300,49.60971253431734,-0.941991601914907,39.40449962615967,42.88740013122558,-0.036454671181649245,2.5881539701429395
2018-11-09,38.13761520385742,39.11000061035156,39.9900016784668,38.40999984741211,39.88999938964844,26102800,44.76450343840351,-0.9032193386115139,39.23649959564209,42.614400177001954,-0.07911468127563037,2.4857195074989096
2018-11-12,36.50912857055664,37.43999862670898,38.529998779296875,36.84000015258789,38.2400016784668,24822400,39.54225081235939,-0.9957686428255172,38.991499519348146,42.31280014038086,-0.11572984195134484,2.403861227341345
2018-11-13,36.908939361572266,37.84999847412109,38.7400016784668,37.439998626708984,37.65999984741211,25870500,41.351233374584304,-1.024224450118993,38.72349948883057,42.031200103759765,-0.12404537662389503,2.1988421945500023
2018-11-14,37.084468841552734,38.02999877929688,38.970001220703125,37.61000061035156,38.619998931884766,23706400,42.16934905449425,-1.0204878138235784,38.50749950408935,41.801000061035154,-0.10200708029456096,2.0295133122809
2018-11-15,38.9177360534668,39.90999984741211,40.16999816894531,37.619998931884766,37.95000076293945,30046100,50.01244091182453,-0.8559591638413551,38.43799953460693,41.70620002746582,-0.03365616017738615,1.9511387895952013
2018-11-16,38.459415435791016,39.43999862670898,39.709999084472656,38.33000183105469,38.45000076293945,25445700,48.250635922829126,-0.7547934053775762,38.38749942779541,41.59779998779297,-0.02496914999210198,1.9089368351464473
2018-11-19,35.91429901123047,36.83000183105469,39.31999969482422,36.66999816894531,39.20000076293945,31039100,39.854446342565424,-0.8751357218427245,38.24099960327148,41.43639999389649,-0.07369206776076975,1.9104912367714637
2018-11-20,35.221946716308594,36.119998931884766,36.9900016784668,34.04999923706055,34.099998474121094,38728600,37.92128936529875,-1.0160863637723665,38.112999534606935,41.28680000305176,-0.06618410943881148,1.9645248579158756
2018-11-21,35.47549057006836,36.380001068115234,37.220001220703125,36.369998931884766,37.0,22728400,39.0865024560714,-1.0941975354564377,38.160499572753906,41.17959999084473,0.026813456244895173,1.9068777756939355
2018-11-23,35.494998931884766,36.400001525878906,37.5,35.91999816894531,35.93000030517578,11257800,39.18107152956997,-1.1413307811940712,38.14149971008301,41.03520004272461,-0.010331627678896838,1.9231802774784343
2018-11-26,35.660762786865234,36.56999969482422,37.790000915527344,35.529998779296875,37.75,26569700,40.03325878957475,-1.151690811742803,38.19999961853027,40.88060005187988,0.0330507943082996,1.8518721740608417
2018-11-27,36.0800666809082,37.0,37.45000076293945,36.02000045776367,36.09000015258789,21397300,42.2379514866152,-1.1123809445320063,38.31699962615967,40.74900001525879,0.06751298796565353,1.682632666254789
2018-11-28,37.74755096435547,38.709999084472656,39.0,35.9900016784668,37.290000915527344,42293700,50.09553204578432,-0.9324957262233653,38.45199966430664,40.61659996032715,0.07497919713383916,1.5937624212122554
2018-11-29,36.967445373535156,37.90999984741211,38.709999084472656,37.72999954223633,38.29999923706055,23631300,46.88235917570135,-0.8447508849069152,38.46149959564209,40.47359992980957,0.005037079018032964,1.5897307212604612
2018-11-30,37.601295471191406,38.560001373291016,38.630001068115234,36.939998626708984,37.75,28176000,49.70508479494775,-0.7145261623249723,38.383499717712404,40.32359992980957,-0.03888329013274139,1.5416162825357664
2018-12-03,39.03473663330078,40.02999877929688,40.2400016784668,39.150001525878906,40.20000076293945,35830000,55.46854910151089,-0.48709074714691525,38.36899967193604,40.229399871826175,-0.007192483078430234,1.523703183917094
2018-12-04,35.96305465698242,36.880001068115234,39.869998931884766,36.720001220703125,39.560001373291016,36616300,43.86784855517164,-0.5546315840430154,38.21699981689453,40.06379989624023,-0.07615223547768002,1.5124256892872676
2018-12-06,36.73341751098633,37.66999816894531,37.68000030517578,35.130001068115234,35.65999984741211,37494400,46.86898319898626,-0.5382078945473339,38.11049976348877,39.924399871826175,-0.05351761580266168,1.4694731647736872
2018-12-07,34.43209457397461,35.310001373291016,37.619998931884766,35.209999084472656,37.619998931884766,30619800,39.99038453146339,-0.7074687608972354,37.82949981689453,39.74359992980957,-0.1373075712187105,1.4389627987404068
2018-12-10,33.93476104736328,34.79999923706055,35.720001220703125,34.529998779296875,34.83000183105469,33979700,38.66960761519494,-0.872702159806316,37.54749984741211,39.53979988098145,-0.13946586501423464,1.453025063326198
2018-12-11,34.33456802368164,35.209999084472656,36.2599983215332,35.099998474121094,35.59000015258789,26238800,40.37452036541808,-0.9595066621801962,37.35249977111816,39.339399871826174,-0.09971877946856034,1.493430446037637
2018-12-12,35.134185791015625,36.02999877929688,36.61000061035156,35.400001525878906,35.939998626708984,26642500,43.74288099160751,-0.9511682577614522,37.28199977874756,39.15699981689453,-0.037660253716094605,1.5220883038745927
2018-12-13,34.14930725097656,35.02000045776367,36.369998931884766,34.7599983215332,36.290000915527344,23825400,40.69355423442207,-1.0143654621965794,37.140499877929685,38.94219985961914,-0.07476877491269518,1.5962435716822485
2018-12-14,33.349693298339844,34.20000076293945,35.45000076293945,34.060001373291016,34.439998626708984,28922100,38.355767038053244,-1.117732302156547,36.94899997711182,38.72319984436035,-0.1007099168891491,1.7096284572056664
2018-12-17,33.03764724731445,33.880001068115234,35.220001220703125,33.599998474121094,34.15999984741211,30891000,37.45155605935227,-1.2115070692090981,36.64750003814697,38.51759986877441,-0.15108992238414853,1.6915727589816831
2018-12-18,33.26192855834961,34.11000061035156,34.939998626708984,33.970001220703125,34.38999938964844,46135400,38.57244966329708,-1.2528234380979768,36.3810001373291,38.32819984436035,-0.13514194224002618,1.6477634062390838
2018-12-19,30.629060745239258,31.40999984741211,33.58000183105469,31.270000457763672,31.65999984741211,106669600,31.447850361717826,-1.4863012986516964,36.11000003814697,38.09499984741211,-0.14716268569589064,1.9818622409786848
2018-12-20,30.502288818359375,31.280000686645508,32.900001525878906,30.860000610351562,31.600000381469727,60427600,31.149521039511825,-1.662657945258914,35.86800012588501,37.87519985198975,-0.13399774054164693,2.2569809306968693
2018-12-21,29.566160202026367,30.31999969482422,32.04999923706055,30.110000610351562,31.68000030517578,54630500,28.96435400374274,-1.858462713939666,35.56500005722046,37.6493998336792,-0.16657507408932493,2.569735584340073
2018-12-24,28.298477172851562,29.020000457763672,30.350000381469727,29.0,29.860000610351562,23771800,26.276212469926264,-2.094395589065428,35.196000003814696,37.39039981842041,-0.20274727359196276,2.9458610573142114
2018-12-26,30.121984481811523,30.88999938964844,30.90999984741211,28.389999389648438,29.34000015258789,45711000,35.54322594962582,-2.106201823283513,34.911999988555905,37.15879978179932,-0.1553185767726346,3.077289442760454
2018-12-27,31.136127471923828,31.93000030517578,32.0099983215332,30.229999542236328,30.40999984741211,39858300,40.056109514308346,-2.0084863859105155,34.658500003814694,36.95059978485107,-0.1370270187790329,3.1049351988711114
2018-12-28,30.78508186340332,31.56999969482422,32.279998779296875,31.399999618530273,32.0,29873400,39.03723931813675,-1.9377579707214139,34.30150003433228,36.717799797058106,-0.18444845152456824,3.024000826618868
2018-12-31,30.941099166870117,31.729999542236328,32.400001525878906,31.459999084472656,31.989999771118164,21392100,39.7705032812056,-1.8474977377087995,33.99250001907349,36.50539981842041,-0.16301768214324208,2.9507248233513432
2019-01-02,31.93575096130371,32.75,33.08000183105469,30.75,31.0,26004300,44.364719978234056,-1.6743593677752173,33.70199995040893,36.3343998336792,-0.15067430410714078,2.757026378264044
2019-01-03,30.2292537689209,31.0,32.150001525878906,30.860000610351562,31.81999969482422,29145500,38.884465333905176,-1.6592297689067408,33.25050001144409,36.14539981842041,-0.22558079077352122,2.379770944465578
2019-01-04,31.886980056762695,32.70000076293945,33.040000915527344,31.549999237060547,31.65999984741211,28557300,45.87851125586302,-1.492854896750714,33.0414999961853,36.00419986724854,-0.11334056898359524,2.2225996702414803
2019-01-07,33.154666900634766,34.0,34.45000076293945,33.310001373291016,33.70000076293945,44841500,50.53985287336623,-1.2417879791791862,32.858000087738034,35.910599861145016,-0.09742496276442125,1.9558457476452793
2019-01-08,32.901123046875,33.7400016784668,34.59000015258789,32.810001373291016,34.54999923706055,33434100,49.61939317717022,-1.0516723061137867,32.77950010299683,35.87679988861084,-0.0444633144651132,1.8823793836059222
2019-01-09,34.558860778808594,35.439998626708984,36.290000915527344,34.91999816894531,34.970001220703125,54147900,55.345954258358894,-0.7551241184550364,32.81150007247925,35.84999988555908,0.01839078746205436,1.9235253602045712
2019-01-10,35.01716995239258,35.90999984741211,35.95000076293945,35.08000183105469,35.2599983215332,24437400,56.80770170712407,-0.4766874168605497,32.84650011062622,35.86019985198975,0.01988073789096312,1.9751408971323672
2019-01-11,35.11469268798828,36.0099983215332,36.72999954223633,35.0099983215332,35.41999816894531,30469800,57.12925402372577,-0.24512958244084615,32.84550008773804,35.887199821472166,-0.000555105701951053,1.9734485827051784
2019-01-14,33.80800247192383,34.66999816894531,34.91999816894531,34.2599983215332,34.720001220703125,34612000,51.58705378852815,-0.16781072625076376,32.82799997329712,35.86039981842041,-0.009994354204549083,1.9546126709054552
2019-01-15,33.14491653442383,33.9900016784668,35.22999954223633,33.650001525878906,35.02000045776367,30633600,48.989791798596784,-0.15956563615424102,32.817500019073485,35.78579982757569,-0.006140323970408201,1.9474052910865118
2019-01-16,32.74510955810547,33.58000183105469,34.33000183105469,33.529998779296875,34.040000915527344,24890900,47.43893509004924,-0.18399393645731976,32.802500057220456,35.65499988555908,-0.008854758784021421,1.9399316393847092
2019-01-17,33.03764724731445,33.880001068115234,34.20000076293945,32.65999984741211,33.22999954223633,29398500,48.71817123511021,-0.1771045581092352,32.791000080108645,35.526199913024904,-0.006742877107030254,1.9324400485941513
2019-01-18,34.87089920043945,35.7599983215332,36.189998626708984,34.060001373291016,34.22999954223633,44872400,55.952948374662334,-0.019717320576859265,33.008500003814696,35.44299991607666,0.13849087854992437,2.0119881613316024
2019-01-22,33.027889251708984,33.869998931884766,35.25,33.54999923706055,35.25,37021900,48.53911768661429,-0.04695271461231698,33.13799991607666,35.324399909973145,0.08280045359286126,1.9779428020244478
2019-01-23,33.388702392578125,34.2400016784668,34.689998626708984,33.439998626708984,34.11000061035156,31011600,49.93760733863101,-0.03824002400549631,33.33400001525879,35.19059993743897,0.1292876656694606,1.8755751215261662
2019-01-24,35.680274963378906,36.59000015258789,37.439998626708984,35.099998474121094,35.310001373291016,65094800,57.78455439952098,0.15648620758506837,33.7125,35.113599967956546,0.2608545684153851,1.7162314688156073
2019-01-25,37.991336822509766,38.959999084472656,39.310001373291016,37.5,38.09000015258789,61032300,63.92573494802801,0.49632591969287887,34.11599998474121,35.11059993743896,0.2612495906208583,1.9503987558403661
2019-01-28,37.13321304321289,38.08000183105469,38.959999084472656,36.650001525878906,36.95000076293945,44213000,60.41159815886923,0.6867267574569027,34.423500061035156,35.12340000152588,0.19260887776696967,2.068824239297462
2019-01-29,36.46038055419922,37.38999938964844,38.97999954223633,37.25,38.279998779296875,30331000,57.731741380300136,0.7730323272458008,34.71450004577637,35.114200019836424,0.18435222524814865,2.0556043423477384
2019-01-30,37.28923797607422,38.2400016784668,38.7599983215332,37.59000015258789,38.29999923706055,32848100,60.08097054796597,0.8996476163337732,35.04000015258789,35.11840007781982,0.2051686804333197,2.0734866028159082
2019-01-31,37.26974868774414,38.220001220703125,38.81999969482422,37.279998779296875,37.630001068115234,34130500,59.996473550549446,0.9869997565516471,35.313500213623044,35.084600105285645,0.16702293803673673,2.1158530390678503
2019-02-01,38.61542892456055,39.59999847412109,39.86000061035156,38.22999954223633,38.310001373291016,36839900,63.78141200286977,1.1542754335585244,35.7435001373291,35.087800102233885,0.2774193056168093,2.0663931471388075
2019-02-04,38.48866271972656,39.470001220703125,39.61000061035156,38.5099983215332,39.54999923706055,30851500,63.17502953560783,1.2618075883931468,36.082000160217284,35.14060009002686,0.20703364831221815,2.095884547654904
2019-02-05,38.39114761352539,39.369998931884766,40.33000183105469,39.16999816894531,39.2400016784668,25094000,62.68134304136117,1.3236994634331367,36.35050010681152,35.205600090026856,0.15794114505543422,2.1581702231994795
2019-02-06,40.487693786621094,41.52000045776367,41.959999084472656,40.369998931884766,40.400001525878906,47472600,68.3990226821719,1.5286154477832028,36.73950004577637,35.308400077819826,0.23058679289462347,2.355049315805056
2019-02-07,38.400901794433594,39.380001068115234,41.04999923706055,38.90999984741211,40.810001373291016,40396400,58.75042133676142,1.5010298380822817,36.93650016784668,35.36800006866455,0.1111738880948181,2.4048881040443137
2019-02-08,37.620784759521484,38.58000183105469,38.779998779296875,37.45000076293945,37.79999923706055,35573200,55.59325697725325,1.3984938248122631,37.07000026702881,35.408200111389164,0.07435260359197682,2.4189732309171945
2019-02-11,37.620784759521484,38.58000183105469,38.869998931884766,37.36000061035156,38.599998474121094,30356500,55.59325697725325,1.302222089916235,37.19850044250488,35.43980014801026,0.07136916493508072,2.427945341478586
2019-02-12,39.39554214477539,40.400001525878906,40.77000045776367,39.2400016784668,39.38999938964844,43587900,61.10769208566273,1.357140540055859,37.48500061035156,35.473600196838376,0.16527267549918956,2.4518316628794823
2019-02-13,40.64372253417969,41.68000030517578,42.279998779296875,40.79999923706055,40.849998474121094,50101700,64.45118326887996,1.4868099914760435,37.86950054168701,35.54900020599365,0.22624296107583652,2.4777355166682757
2019-02-14,41.18003845214844,42.22999954223633,43.15999984741211,41.310001373291016,41.38999938964844,41759200,65.81124002165603,1.6153337459271597,38.30200042724609,35.62240016937256,0.25759372363053745,2.4442986492279157
2019-02-15,40.946006774902344,41.9900016784668,42.400001525878906,41.41999816894531,42.27000045776367,28968400,64.64892681126574,1.678475504630299,38.70750045776367,35.661600227355954,0.23937427257001942,2.34269290895381
2019-02-19,40.91675567626953,41.959999084472656,42.4900016784668,41.5,41.70000076293945,25575900,64.49557492201106,1.706424248200122,39.017500495910646,35.763200187683104,0.17337810553548239,2.342344408675616
2019-02-20,41.16054153442383,42.209999084472656,43.2599983215332,42.130001068115234,42.310001373291016,28048700,65.23556996645127,1.7288180017297563,39.434500503540036,35.85400020599365,0.2462356190019459,2.1084100271267925
2019-02-21,40.49745178222656,41.52999877929688,42.869998931884766,41.41999816894531,42.470001220703125,24048800,61.4819708366409,1.6724162970824779,39.799000358581544,35.97840015411377,0.21290878339572905,1.7653619891323589
2019-02-22,41.5115852355957,42.56999969482422,42.56999969482422,41.83000183105469,42.08000183105469,22834300,64.81634042247109,1.692131088160643,40.09800033569336,36.13380016326904,0.1634326186744599,1.6983938445658788
2019-02-25,41.687110900878906,42.75,43.9900016784668,42.70000076293945,43.810001373291016,25233700,65.37502078060149,1.7026526030859301,40.28750038146973,36.28460018157959,0.09727928656543106,1.7744701417998363
2019-02-26,41.89189147949219,42.959999084472656,43.150001525878906,42.290000915527344,42.349998474121094,18051500,66.05229058336599,1.7082445704857676,40.531500244140624,36.42320018768311,0.12815118221549748,1.7903928149760966
2019-02-27,40.29267501831055,41.31999969482422,42.7599983215332,41.0099983215332,42.619998931884766,29522200,56.721270773821225,1.562332404795896,40.728000259399415,36.549200172424314,0.10510832760975708,1.6365091353478334
2019-02-28,39.86360549926758,40.880001068115234,41.150001525878906,39.79999923706055,40.20000076293945,25777900,54.49690903025945,1.3951097930245382,40.86000022888184,36.682800178527835,0.0690376379124229,1.5281493506460935
2019-03-01,40.54619598388672,41.58000183105469,42.560001373291016,41.11000061035156,41.63999938964844,26755800,57.36168938442587,1.3040367558538364,41.02800025939941,36.83680019378662,0.08791210107370451,1.4021392613955428
2019-03-04,40.03913879394531,41.060001373291016,42.150001525878906,40.63999938964844,41.880001068115234,27047800,54.61112720150367,1.1763409009742247,41.10100040435791,36.97580020904541,0.03686876150068663,1.3612909934447635
2019-03-05,38.99573516845703,39.9900016784668,40.66999816894531,39.5099983215332,40.25,28798800,49.36560631225756,0.9775325957010992,41.127000427246095,37.1474002456665,0.013174574149516838,1.3331756708165918
2019-03-06,36.986961364746094,37.93000030517578,39.45000076293945,37.52000045776367,39.380001068115234,44890400,41.167232888534215,0.6463005364843895,41.05500049591065,37.28040023803711,-0.03657603926279929,1.4653877830486717
2019-03-07,36.88944625854492,37.83000183105469,38.310001373291016,37.13999938964844,37.540000915527344,31567800,40.812900196103136,0.37144590484358986,40.870500564575195,37.430600280761716,-0.08887279831469763,1.6271294172641606
2019-03-08,37.68905258178711,38.650001525878906,38.81999969482422,36.56999969482422,36.88999938964844,34080900,44.993857553792594,0.21728403628085857,40.83400058746338,37.623200302124026,-0.018537316466133547,1.6699485484561032
2019-03-11,38.05959701538086,39.02999877929688,39.54999923706055,38.83000183105469,38.90999984741211,25164700,46.86697359059482,0.12433894538578727,40.85650043487549,37.78600028991699,0.0116639949944215,1.640757562556281
2019-03-12,38.274139404296875,39.25,39.400001525878906,38.83000183105469,39.16999816894531,18623500,47.97161957061504,0.06765170436585066,40.89000034332276,37.93240028381348,0.017366462860196163,1.5981169030318225
2019-03-13,37.86457824707031,38.83000183105469,39.720001220703125,38.63999938964844,39.400001525878906,22786300,46.00521611902578,-0.011036463236479221,40.81150035858155,38.07760032653809,-0.03886137711699167,1.660783346507992
2019-03-14,37.45501708984375,38.40999984741211,39.630001068115234,38.34000015258789,38.7400016784668,19757300,44.06019942448928,-0.10606539708174267,40.64800033569337,38.2112003326416,-0.07845490484215778,1.7302888799721725
2019-03-15,38.556922912597656,39.540000915527344,39.84000015258789,38.43000030517578,38.58000183105469,30702000,50.164892743526906,-0.08916700765693264,40.51350040435791,38.34700035095215,-0.06369876049888612,1.7052122749467564
2019-03-18,38.62519073486328,39.61000061035156,40.40999984741211,39.150001525878906,39.599998474121094,22296600,50.52508137567024,-0.0693273592879109,40.39450035095216,38.51920036315918,-0.056680185115013715,1.6796030978692205
2019-03-19,39.36628723144531,40.369998931884766,41.04999923706055,39.88999938964844,39.93000030517578,32407300,54.380293355280806,0.00763322687039647,40.31500034332276,38.67260032653809,-0.03789323611249251,1.6387362552586928
2019-03-20,39.13226318359375,40.130001068115234,40.75,39.619998931884766,40.5,41714400,52.976428579260634,0.04869786533337361,40.21100044250489,38.79520034790039,-0.04927737648595609,1.5769817721996928
2019-03-21,42.89629364013672,43.9900016784668,44.209999084472656,41.650001525878906,41.70000076293945,84985400,67.50597188931863,0.3882363303072438,40.33400058746338,39.00020034790039,0.05923436001631299,1.7694642618139182
2019-03-22,40.585201263427734,41.619998931884766,43.47999954223633,41.54999923706055,43.470001220703125,46605600,56.05380625300419,0.46077210136789404,40.28650054931641,39.123800354003905,-0.022316203188861072,1.7182923953763192
2019-03-25,39.54180908203125,40.54999923706055,41.97999954223633,40.060001373291016,41.34000015258789,34516000,51.78261614226639,0.4269950562998801,40.176500511169436,39.21660034179688,-0.05146200615063046,1.619887069020743
2019-03-26,39.31752395629883,40.31999969482422,41.650001525878906,40.099998474121094,41.16999816894531,24689600,50.88505905950124,0.37731797709327,40.044500541687015,39.3028003692627,-0.061452501068665843,1.4829007150016051
2019-03-27,38.254634857177734,39.22999954223633,40.849998474121094,39.0099983215332,40.380001068115234,26856700,46.74945534804009,0.24714568945039161,39.94000053405762,39.394000396728515,-0.05058083659302848,1.4617762237312681
2019-03-28,38.361900329589844,39.34000015258789,39.939998626708984,39.02000045776367,39.400001525878906,24584500,47.215692291508816,0.1511173567730424,39.86300048828125,39.50100036621094,-0.0376712542879184,1.4501692124460028
2019-03-29,40.302425384521484,41.33000183105469,41.52000045776367,40.220001220703125,40.25,35716900,54.90752353384513,0.2329059211140887,39.85050048828125,39.65600036621094,-0.006012505747733821,1.4355944757708574
2019-04-01,41.199554443359375,42.25,42.7599983215332,41.720001220703125,42.27000045776367,28073000,57.957730265643185,0.36772124943261275,39.9100004196167,39.823400344848636,0.028981943178478797,1.5110400593410174
2019-04-02,41.38481903076172,42.43999862670898,42.790000915527344,41.75,42.08000183105469,21438100,58.580854306540246,0.4843118244688327,40.03250026702881,39.95700035095215,0.06126523744462409,1.6136908598464148
2019-04-03,42.80851364135742,43.900001525878906,44.849998474121094,43.54999923706055,43.54999923706055,39097200,63.10599507658812,0.6866059612604047,40.331000328063965,40.15760040283203,0.15739523260400512,1.750653709494049
2019-04-04,41.82362747192383,42.88999938964844,43.33000183105469,42.25,42.36000061035156,37038400,58.35623695878051,0.7567039782353007,40.584000205993654,40.330600357055665,0.13375620707583447,1.7357583471033278
2019-04-05,42.242942810058594,43.31999969482422,43.540000915527344,42.720001220703125,43.29999923706055,21119400,59.74538245146268,0.8373026884919383,40.81750011444092,40.46520034790039,0.1208278909334175,1.7755530185882078
2019-04-08,41.83338928222656,42.900001525878906,43.13999938964844,42.119998931884766,42.18000030517578,24546800,57.720088469778,0.8574037877401963,41.01100025177002,40.544000396728514,0.09915457001333117,1.7813653391224182
2019-04-09,40.682716369628906,41.720001220703125,42.599998474121094,41.27000045776367,42.540000915527344,29055900,52.35069103043892,0.7692504504108086,41.13450031280517,40.61680038452148,0.06292996740644896,1.7379434631772166
2019-04-10,41.12153625488281,42.16999816894531,42.439998626708984,41.5099983215332,41.689998626708984,23252200,54.10410529769509,0.7273152509337706,41.301500129699704,40.712400360107424,0.0860158686683199,1.663734953645152
2019-04-11,41.22879409790039,42.27999877929688,42.72999954223633,42.130001068115234,42.20000076293945,18163900,54.544442247871075,0.6949465222440949,41.49500007629395,40.79320030212402,0.10075498430770025,1.5293635941959411
2019-04-12,40.96550750732422,42.0099983215332,43.20000076293945,41.810001373291016,42.849998474121094,21740400,53.19535786926803,0.6401282906314947,41.61849994659424,40.86900024414062,0.06246831939338393,1.461402789977098
2019-04-15,40.78023147583008,41.81999969482422,42.22999954223633,41.20000076293945,42.16999816894531,16932300,52.21661642250795,0.574728038768697,41.72899990081787,40.91340026855469,0.05579396744303766,1.3829905039002086
2019-04-16,41.69686508178711,42.7599983215332,42.93000030517578,42.08000183105469,42.2599983215332,19337500,56.48259504561575,0.5919245633570398,41.848499870300294,40.97920021057129,0.05920236445091365,1.362487299786587
2019-04-17,42.07717514038086,43.150001525878906,44.04999923706055,42.7599983215332,43.36000061035156,22092000,58.15192763967423,0.6297634115907869,41.99949989318848,41.054800262451174,0.07525542928936457,1.3289431790085313
2019-04-18,42.32095718383789,43.400001525878906,43.529998779296875,42.790000915527344,43.20000076293945,16193600,59.23152270617671,0.6721754617842777,41.96999988555908,41.092400283813475,-0.013412142079473832,1.2883610956846736
2019-04-22,42.32095718383789,43.400001525878906,43.56999969482422,42.529998779296875,43.13999938964844,19447900,59.23152270617671,0.6977441568158298,42.05900001525879,41.17280029296875,0.04276796347129386,1.3239016402209658
2019-04-23,41.70662307739258,42.77000045776367,43.470001220703125,42.720001220703125,43.369998931884766,21489400,55.07873229565161,0.6595686143633657,42.170000076293945,41.25660026550293,0.05474725678105963,1.2831624895312046
2019-04-24,41.960147857666016,43.02999877929688,43.400001525878906,42.380001068115234,42.81999969482422,19637000,56.43619183673956,0.6428831567310311,42.30550003051758,41.34560020446777,0.0672122793894896,1.2190053132757304
2019-04-25,41.687110900878906,42.75,44.650001525878906,42.689998626708984,43.619998931884766,28346200,54.525269706230794,0.6001481160013284,42.48150005340576,41.39260017395019,0.08972726226962924,0.9828225178539133
2019-04-26,41.05326461791992,42.09999847412109,42.279998779296875,40.77000045776367,41.4900016784668,26092400,50.26990962684526,0.507974978140119,42.61949996948242,41.4010001373291,0.07015755746893748,0.658886789326391
2019-04-29,41.06303787231445,42.11000061035156,42.61000061035156,41.72999954223633,42.130001068115234,13452800,50.33414281828158,0.4307685593083832,42.65849990844727,41.39860015869141,0.018872459345278703,0.5988967253466929
2019-04-30,41.01426696777344,42.060001373291016,42.36000061035156,41.58000183105469,41.86000061035156,16342700,49.98656755258054,0.3613816132865608,42.648999977111814,41.40000015258789,-0.004497008916188983,0.6071673580290714
2019-05-01,40.85824966430664,41.900001525878906,42.93000030517578,41.88999938964844,42.43000030517578,17673300,48.8246738140161,0.29013679181451835,42.62200012207031,41.398800201416016,-0.012723777528358182,0.6285793960024764
2019-05-02,41.50184631347656,42.560001373291016,43.20000076293945,41.630001068115234,42.0,17046800,53.6143453910698,0.28366135778451707,42.555000114440915,41.40580024719238,-0.030523920410298055,0.5519298830736743
2019-05-03,42.25270080566406,43.33000183105469,43.380001068115234,42.40999984741211,42.4900016784668,16577000,58.49499286789233,0.3367799419098674,42.57700023651123,41.44180030822754,0.01025885865394649,0.5743017893475066
2019-05-06,41.08253479003906,42.130001068115234,42.290000915527344,41.0,41.400001525878906,25776000,49.71564855379834,0.27883256158088443,42.51750030517578,41.43300033569336,-0.027469959258821564,0.5545782458495694
2019-05-07,39.2590217590332,40.2599983215332,41.93000030517578,39.72999954223633,41.68000030517578,35094100,39.71288076490865,0.08108060505355752,42.3855001449585,41.383200302124024,-0.061538534043015236,0.7414463376609286
2019-05-08,38.76169967651367,39.75,40.4900016784668,39.58000183105469,39.86000061035156,26190100,37.49705588988983,-0.11546088630871765,42.28700008392334,41.31900032043457,-0.04721958684233052,0.9390375172259035
2019-05-09,38.29364013671875,39.27000045776367,39.630001068115234,38.20000076293945,39.099998474121094,27844400,35.48996791849977,-0.30642115343695764,42.14200019836426,41.278000335693356,-0.06876921596162755,1.1567225859546406
2019-05-10,37.971839904785156,38.93999862670898,39.290000915527344,37.650001525878906,39.0099983215332,30368100,34.13709798029856,-0.4788668517732688,41.97500019073486,41.239200286865234,-0.07899716766840104,1.3591430365428117
2019-05-13,36.45064163208008,37.380001068115234,37.97999954223633,37.060001373291016,37.36000061035156,33092100,28.589026375697472,-0.7329609579727503,41.743500328063966,41.15520027160645,-0.11021179334455622,1.703542353006577
2019-05-14,37.552528381347656,38.5099983215332,38.61000061035156,37.400001525878906,38.02000045776367,24004000,36.62390117207003,-0.8335424744321926,41.57800025939942,41.10420021057129,-0.0791487660795146,1.8501913420227216
2019-05-15,37.45501708984375,38.40999984741211,38.70000076293945,37.7599983215332,37.900001525878906,17532300,36.23535082741991,-0.910823683560416,41.36050033569336,41.07260017395019,-0.10173055764435124,1.9565535608771765
2019-05-16,36.38236999511719,37.310001373291016,37.9900016784668,37.099998474121094,37.68000030517578,29479200,32.18974451851737,-1.0487410483792488,41.06850032806396,41.0602001953125,-0.1353418295729466,2.1055425871616733
2019-05-17,35.1634521484375,36.060001373291016,37.279998779296875,35.79999923706055,36.61000061035156,31096300,28.320276588316418,-1.2445595986119073,40.70150032043457,41.02480018615723,-0.1691244215328227,2.3077474318298488
2019-05-20,33.759254455566406,34.619998931884766,35.20000076293945,34.33000183105469,34.75,34489500,24.644923299573378,-1.498667664933592,40.26250019073486,40.944200134277345,-0.20230420012217576,2.5857564716086046
2019-05-21,34.75389099121094,35.63999938964844,35.880001068115234,35.150001525878906,35.290000915527344,32501300,31.4328838046021,-1.5993087896097862,39.9060001373291,40.87640014648437,-0.16670565797997283,2.7103573699517054
2019-05-22,33.86651611328125,34.72999954223633,35.45000076293945,34.630001068115234,35.20000076293945,20902400,28.92915028119873,-1.7325255128435586,39.491000175476074,40.786000137329104,-0.1928886700562481,2.8392161600176617
2019-05-23,32.97914123535156,33.81999969482422,33.900001525878906,32.959999084472656,33.88999938964844,32186700,26.643645146035922,-1.8897462893833037,39.04450016021728,40.685800094604495,-0.2088888960275036,2.9974879042430844
2019-05-24,33.154666900634766,34.0,34.36000061035156,33.59000015258789,34.15999984741211,19706000,27.85774069874263,-1.9770303915085918,38.63950023651123,40.59760009765625,-0.19239902061042036,3.1080892263636146
2019-05-28,32.12101745605469,32.939998626708984,34.310001373291016,32.880001068115234,34.150001525878906,26758400,25.21148711596048,-2.1074436250429827,38.1810001373291,40.46560005187988,-0.21776304561221949,3.2426406805340036
2019-05-29,32.46231460571289,33.290000915527344,33.41999816894531,32.16999816894531,32.31999969482422,28796100,27.655155634633985,-2.15768237329047,37.742500114440915,40.3392000579834,-0.2085116540992984,3.2832047123090584
2019-05-30,32.491573333740234,33.31999969482422,34.31999969482422,33.029998779296875,33.43000030517578,20957600,27.87268832126054,-2.1700611780043886,37.313500022888185,40.19820007324219,-0.20477330593306486,3.2719067423333015
2019-05-31,31.799226760864258,32.61000061035156,33.5,32.52000045776367,32.599998474121094,18607300,25.88858561204522,-2.211667733416192,36.81599998474121,40.047800064086914,-0.23378760436750556,3.1875506635794135
2019-06-03,31.87723159790039,32.689998626708984,33.220001220703125,32.470001220703125,32.95000076293945,21174500,26.523245962188753,-2.2126796631785126,36.283999824523924,39.821800003051756,-0.24555741414070276,2.919807934996574
2019-06-04,33.632476806640625,34.4900016784668,34.560001373291016,33.099998474121094,33.36000061035156,25076000,39.15009230572438,-2.04466677594975,35.9019998550415,39.6792000579834,-0.18134344163191896,2.596602116151074
2019-06-05,32.511070251464844,33.34000015258789,35.400001525878906,33.040000915527344,35.20000076293945,27070300,35.01053806876041,-1.9814697150748302,35.55599994659424,39.53500007629395,-0.17188272373186186,2.441762538035556
2019-06-06,32.63784408569336,33.470001220703125,33.81999969482422,32.939998626708984,33.2599983215332,21088100,35.83646618179283,-1.899005041262491,35.24200000762939,39.39800010681152,-0.15798739067413525,2.2719307410910576
2019-06-07,33.14491653442383,33.9900016784668,34.029998779296875,33.220001220703125,33.54999923706055,21430400,39.16675413211776,-1.7712733652487458,34.97800006866455,39.29320014953613,-0.1344537488604236,2.0777076106087917
2019-06-10,34.071285247802734,34.939998626708984,35.540000915527344,34.52000045776367,34.599998474121094,21728000,44.8032616931235,-1.575230006514964,34.778000068664554,39.205200119018556,-0.10272214024312754,1.857056540874593
2019-06-11,33.973785400390625,34.84000015258789,35.9900016784668,34.75,35.79999923706055,19208600,44.3375717545287,-1.4116605295848785,34.651000022888184,39.07540008544922,-0.0679507983667218,1.7537234898895517
2019-06-12,32.140525817871094,32.959999084472656,34.099998474121094,32.72999954223633,34.0099983215332,28746500,36.62917930371932,-1.4173921011891935,34.37350006103516,38.88960006713867,-0.14411839727235765,1.5366208180191343
2019-06-13,32.55007553100586,33.380001068115234,33.63999938964844,33.0099983215332,33.08000183105469,16586700,39.17344837265358,-1.3722256004610998,34.12200012207031,38.708400115966796,-0.1309554490830276,1.2202573621242807
2019-06-14,31.847980499267578,32.65999984741211,32.84000015258789,32.2400016784668,32.45000076293945,19715000,36.47024360124412,-1.3786368371494646,33.889500045776366,38.48360008239746,-0.12463150240481324,1.0048435249313825
2019-06-17,31.623699188232422,32.43000030517578,32.849998474121094,32.13999938964844,32.540000915527344,20050000,35.624546373164335,-1.3862964665606228,33.7079999923706,38.27440010070801,-0.1006655831911285,0.9160762371939941
2019-06-18,33.437461853027344,34.290000915527344,34.88999938964844,32.900001525878906,32.900001525878906,33727300,46.440888281037644,-1.2281232333184136,33.69150009155273,38.09380012512207,-0.009532005388177445,0.9016434074282886
2019-06-19,33.09615707397461,33.939998626708984,34.689998626708984,33.709999084472656,34.689998626708984,20436400,44.911696190105346,-1.1181230396204995,33.60650005340576,37.91460006713867,-0.04769923658958353,0.780244824148998
2019-06-20,33.300933837890625,34.150001525878906,35.2599983215332,34.02000045776367,34.84000015258789,21691500,46.05936523361311,-1.002446040753938,33.57750015258789,37.76320007324219,-0.01670020224595936,0.7463306939830694
2019-06-21,32.42331314086914,33.25,33.88999938964844,32.72999954223633,33.70000076293945,38858200,42.01912736759918,-0.9721870204499083,33.54900016784668,37.58480010986328,-0.016853923712821683,0.7474653989597485
2019-06-24,32.36479568481445,33.189998626708984,34.08000183105469,33.02000045776367,33.20000076293945,27306000,41.756153797219895,-0.942187190782505,33.50850009918213,37.403000106811525,-0.02382356980267697,0.7436772813419659
2019-06-25,31.867481231689453,32.68000030517578,33.880001068115234,32.61000061035156,33.349998474121094,39590500,39.493673307079966,-0.9486295015553381,33.49550018310547,37.216400146484375,-0.007893088414472116,0.7563033401807914
2019-06-26,36.11908721923828,37.040000915527344,37.61000061035156,35.70000076293945,35.869998931884766,100271600,59.63140268541421,-0.5950599869298827,33.68300018310547,37.120800170898434,0.11264643727453016,1.0927038072734412
2019-06-27,37.12346267700195,38.06999969482422,38.33000183105469,36.5099983215332,36.849998474121094,51612400,62.78270026415117,-0.22910037926597226,33.92050018310547,37.027000198364256,0.14255702411479443,1.4630879557597445
2019-06-28,37.63053512573242,38.59000015258789,39.400001525878906,38.04999923706055,39.36000061035156,61402700,64.29797139624387,0.10171245960019348,34.21950016021729,36.93580017089844,0.18337931402362706,1.7617381080841972
2019-07-01,39.11275100708008,40.11000061035156,41.709999084472656,39.7400016784668,41.15999984741211,60928000,68.35390049681172,0.4809907891363068,34.59050025939941,36.87000015258789,0.22698079826715412,2.1591482385935374
2019-07-02,38.61542892456055,39.59999847412109,40.029998779296875,39.029998779296875,39.619998931884766,29774500,65.65863071368507,0.7319808679153255,34.84600009918212,36.79400009155273,0.14815878651709724,2.4317620884773614
2019-07-03,38.605682373046875,39.59000015258789,39.77000045776367,39.16999816894531,39.619998931884766,13479700,65.60401606378943,0.919486267315996,35.15850009918213,36.73040008544922,0.18746250664053665,2.6221751307658514
2019-07-05,38.439903259277344,39.41999816894531,39.560001373291016,38.79999923706055,38.95000076293945,18408000,64.61979092298868,1.0423523192360236,35.45599994659424,36.658200073242185,0.1777710406703472,2.7547037290643224
2019-07-08,39.40529251098633,40.40999984741211,40.61000061035156,38.939998626708984,39.029998779296875,28148500,67.6623505765597,1.2057107294871159,35.7769998550415,36.61140007019043,0.18887901888550007,2.9425338645297567
2019-07-09,40.321929931640625,41.34999847412109,41.40999984741211,40.08000183105469,40.130001068115234,28254700,70.27608074896702,1.3949434401678928,36.09749984741211,36.59640007019043,0.18345735831002985,3.185616878078101
2019-07-10,41.83338928222656,42.900001525878906,44.0,42.040000915527344,42.22999954223633,51625500,74.00687136974403,1.6509528621786131,36.50049991607666,36.61220008850098,0.23134332198595953,3.5113311726782084
2019-07-11,42.39896774291992,43.47999954223633,43.540000915527344,42.439998626708984,43.220001220703125,30392400,75.25829147519399,1.8789834150624856,37.02649993896485,36.640600051879886,0.3191747800357072,3.7339427016973477
2019-07-12,43.403358459472656,44.5099983215332,44.70000076293945,43.36000061035156,43.75,33257800,77.34430379848989,2.118392059515841,37.582999801635744,36.69279998779297,0.3334331005773814,3.9829649494034975
2019-07-15,43.29609680175781,44.400001525878906,45.27000045776367,43.709999084472656,44.689998626708984,26623300,76.60153667519825,2.2730470415907433,38.16999988555908,36.729599990844726,0.3594611675846975,4.083086989830164
2019-07-16,41.989410400390625,43.060001373291016,44.099998474121094,42.93000030517578,44.04999923706055,31238900,68.0304273525336,2.2614172057838218,38.701499938964844,36.72419998168945,0.3277829469036022,3.9873158178595043
2019-07-17,42.29169464111328,43.369998931884766,43.75,42.599998474121094,43.0,19539300,68.89745624770308,2.2512635247883424,39.15549983978271,36.74899993896484,0.264800168385116,3.9754927017385326
2019-07-18,43.55937576293945,44.66999816894531,44.93000030517578,43.5,43.61000061035156,26456600,72.29123423942204,2.3213565796737754,39.69199981689453,36.837199935913084,0.31614613955206194,3.958587577858211
2019-07-19,44.38824462890625,45.52000045776367,46.0,44.630001068115234,45.130001068115234,39328400,74.26828547795117,2.4176250351202526,40.26049976348877,36.95259994506836,0.33294285282150193,3.9371770493904465
2019-07-22,46.016719818115234,47.18999862670898,47.43000030517578,46.310001373291016,46.5,46042800,77.6433903428962,2.5987169833760078,40.95749969482422,37.11099990844727,0.41924807899876626,3.8640077961302453
2019-07-23,45.78268814086914,46.95000076293945,47.13999938964844,46.22999954223633,46.779998779296875,29354400,76.09859396140027,2.6918380023255253,41.645499801635744,37.27119995117187,0.41458278715195207,3.6258551223073567
2019-07-24,46.79683303833008,47.9900016784668,48.22999954223633,46.81999969482422,46.95000076293945,33169900,78.12927178164021,2.817082885050823,42.410999870300294,37.48339996337891,0.46848228978952156,3.227695917106934
2019-07-25,46.582305908203125,47.77000045776367,48.70000076293945,47.59000015258789,48.400001525878906,28127800,76.64579095301606,2.865555754080937,42.94749984741211,37.66860000610352,0.28968680553510096,3.179349575557099
2019-07-26,46.309261322021484,47.4900016784668,48.130001068115234,47.09000015258789,47.939998626708984,19676200,74.70170960461209,2.848541082134055,43.41849994659424,37.85020004272461,0.2474389823786436,3.1158719657024214
2019-07-29,45.65592575073242,46.81999969482422,46.970001220703125,45.849998474121094,46.869998931884766,21939500,70.118562853391,2.7493010403792866,43.829999923706055,38.04040000915527,0.2132676732234844,2.9853471073824926
2019-07-30,46.28001403808594,47.459999084472656,47.68000030517578,46.20000076293945,46.880001068115234,21301600,71.89252062622441,2.6912718872911867,44.19749984741211,38.268399963378904,0.18324603246762883,2.9555569856842463
2019-07-31,43.77390670776367,44.88999938964844,46.790000915527344,44.439998626708984,46.709999084472656,34493900,57.20592857848741,2.410123465343986,44.46199989318848,38.47379997253418,0.13358588685260697,2.752170015318843
2019-08-01,42.51597213745117,43.59999847412109,45.959999084472656,42.84000015258789,45.0,37906500,51.517011392351534,2.0594786347695617,44.662499809265135,38.632999954223635,0.10128816130532581,2.514348473925613
2019-08-02,42.98404312133789,44.08000183105469,44.40999984741211,42.220001220703125,42.63999938964844,31954100,53.37501361716275,1.799577925502028,44.8954999923706,38.82,0.11821420290629248,2.1991232159255074
2019-08-05,40.89725112915039,41.93999862670898,42.5099983215332,41.36000061035156,42.400001525878906,35172900,45.080347095665104,1.4047314968061286,44.971999931335446,38.982399978637694,0.037861885302502785,2.0568876260326814
2019-08-06,41.56034469604492,42.619998931884766,43.189998626708984,41.689998626708984,42.66999816894531,26857000,47.853449357935666,1.1336155841745779,45.03549995422363,39.154799957275394,0.030713434211092183,1.9563300295198123
2019-08-07,40.711978912353516,41.75,42.95000076293945,40.70000076293945,42.0099983215332,35604600,44.74076018278563,0.8388825118009393,44.97799987792969,39.33099998474121,-0.02680656142133664,2.037611446611518
2019-08-08,41.570091247558594,42.630001068115234,42.7599983215332,41.66999816894531,42.09000015258789,18567500,48.39709392831595,0.6686058877475816,44.93549995422363,39.51779998779297,-0.019549183143284243,2.0789460421181496
2019-08-09,40.487693786621094,41.52000045776367,42.2400016784668,40.869998931884766,42.040000915527344,22900300,44.40587071868587,0.4390317787575313,44.78600006103515,39.681800003051755,-0.06717587006340142,2.214258781581019
2019-08-12,41.08253479003906,42.130001068115234,42.400001525878906,40.970001220703125,41.04999923706055,23969200,46.99296342906622,0.3028238300468544,44.67250003814697,39.87220001220703,-0.05112613467908522,2.291903228434958
2019-08-13,43.07181167602539,44.16999816894531,45.08000183105469,42.5099983215332,42.619998931884766,33040200,54.6016109580725,0.3553920283591552,44.72799987792969,40.10180000305176,0.025777908970128438,2.264071080595305
2019-08-14,40.99476623535156,42.040000915527344,43.150001525878906,41.65999984741211,42.880001068115234,24657200,47.01354469998873,0.2226135762985848,44.661499977111816,40.25279998779297,-0.030666314252076998,2.324775783393602
2019-08-15,41.18980026245117,42.2400016784668,42.560001373291016,41.5,42.34000015258789,16104000,47.74783408107203,0.1320024445050194,44.54000015258789,40.43080001831055,-0.05439884911765802,2.386975669202204
2019-08-16,42.46722412109375,43.54999923706055,43.880001068115234,42.54999923706055,42.63999938964844,17914100,52.40075783894517,0.16400774541491359,44.44150009155273,40.63239997863769,-0.043277706522235615,2.385052796900166
2019-08-19,43.89091491699219,45.0099983215332,45.369998931884766,44.34000015258789,44.66999816894531,22613400,56.99684961803659,0.3036812529186079,44.33250007629395,40.85279991149903,-0.04619623582573962,2.3011711664558923
2019-08-20,43.13031768798828,44.22999954223633,44.970001220703125,44.040000915527344,44.849998474121094,13191000,53.99709930347087,0.3474291837776562,44.19650001525879,41.03859992980957,-0.057933997369605805,2.217177700924885
2019-08-21,43.07181167602539,44.16999816894531,45.0,43.900001525878906,44.810001373291016,14973800,53.76269410962917,0.3729588869086484,44.005499839782715,41.22519989013672,-0.07959998699553139,2.029805387748852
2019-08-22,43.666648864746094,44.77999877929688,45.45000076293945,44.04999923706055,44.5,20599000,55.86055843040984,0.4373715646956384,43.85599975585937,41.461599884033205,-0.06259161921320122,1.8390997015590775
2019-08-23,41.89189147949219,42.959999084472656,44.970001220703125,42.65999984741211,43.88999938964844,27519900,48.7531212505191,0.3376678857143318,43.62949962615967,41.65319984436035,-0.09538855409323266,1.6356918315429547
2019-08-26,42.35020446777344,43.43000030517578,43.77000045776367,43.15999984741211,43.7400016784668,12282800,50.504522399268936,0.2931973755062742,43.45999965667725,41.868599853515626,-0.07240494258318397,1.4531304155183185
2019-08-27,41.38481903076172,42.43999862670898,43.79999923706055,42.349998474121094,43.709999084472656,19122100,46.870874081149424,0.1760400341777526,43.20899963378906,42.06879981994629,-0.10577329445010586,1.12157217039203
2019-08-28,42.07717514038086,43.150001525878906,43.2599983215332,41.7599983215332,42.099998474121094,11545700,49.66771731908454,0.13888234806579902,43.121999740600586,42.24599983215332,-0.038761369735522244,1.0494835698370777
2019-08-29,43.55937576293945,44.66999816894531,45.220001220703125,43.90999984741211,43.9900016784668,18674100,55.11526801334264,0.2294407894698054,43.175499725341794,42.46059982299805,0.02454127826310204,1.1011350813775338
2019-08-30,44.14446258544922,45.27000045776367,45.93000030517578,45.04999923706055,45.119998931884766,16391500,57.08956521524216,0.3456398558947029,43.234999656677246,42.682999801635745,0.02699633796000933,1.1817799978637056
2019-09-03,43.87141799926758,44.9900016784668,45.33000183105469,44.439998626708984,44.599998474121094,17108100,55.85486141020598,0.4104040098062498,43.38749980926514,42.91779983520508,0.07272301267591041,1.2024832595780561
2019-09-04,45.64617156982422,46.810001373291016,47.5,46.400001525878906,46.45000076293945,26978100,61.65936649614492,0.6016533481012019,43.596999931335446,43.19019989013672,0.09831071202283947,1.4089938018199584
2019-09-05,47.810970306396484,49.02999877929688,49.63999938964844,47.88999938964844,47.900001525878906,33075500,67.30629496829468,0.9217299350153709,43.96099987030029,43.51719985961914,0.17437122824663187,1.7943794670265434
2019-09-06,47.75247573852539,48.970001220703125,49.5,48.70000076293945,48.86000061035156,19565700,67.01900742952685,1.1572120148464435,44.27799987792969,43.75579986572266,0.14872155744161697,2.083581334628346
2019-09-09,47.908485412597656,49.130001068115234,50.0,48.86000061035156,49.540000915527344,19474400,67.41840381870117,1.3412824411190911,44.65849990844727,43.97699989318848,0.18328517645593134,2.242234102826314
2019-09-10,48.162017822265625,49.38999938964844,49.939998626708984,48.5,49.369998931884766,23111300,68.0945505282713,1.490952499419464,45.02149982452393,44.19299987792969,0.1723237155820465,2.3938854547552055
2019-09-11,49.22492980957031,50.47999954223633,51.38999938964844,49.84000015258789,50.02000045776367,31012900,70.82779533618869,1.6781760330587474,45.33699989318848,44.40039985656738,0.14285717987028135,2.675054569748837
2019-09-12,49.18592834472656,50.43999862670898,51.119998931884766,50.099998474121094,50.79999923706055,19671300,70.58880652998917,1.8025456683402297,45.756999778747556,44.61719985961914,0.19980964624763176,2.78723422438208
2019-09-13,49.244422912597656,50.5,50.95000076293945,50.060001373291016,50.5099983215332,14733000,70.74824813567567,1.884230869141355,46.16999969482422,44.835399856567385,0.19554919491738576,2.8499327291931875
2019-09-16,48.90314483642578,50.150001525878906,50.2400016784668,49.02000045776367,49.529998779296875,17495300,68.41827571680219,1.898836423182253,46.499999809265134,45.04999992370605,0.1515499978057826,2.9120279181308852
2019-09-17,49.57597732543945,50.84000015258789,50.90999984741211,49.93000030517578,50.18000030517578,13776500,70.48216479261617,1.9436829850522486,46.79149990081787,45.25859992980957,0.12952681733972793,3.043840007229383
2019-09-18,49.22492980957031,50.47999954223633,51.16999816894531,49.689998626708984,51.0,15247100,67.98579793674043,1.9279509493946918,47.10399990081787,45.441199951171875,0.1413068067982166,3.087537754470413
2019-09-19,48.58133316040039,49.81999969482422,51.29999923706055,49.75,51.16999816894531,16633600,63.542372652597045,1.8410047689646447,47.38649997711182,45.57959991455078,0.12791491419737633,3.0633406358746154
2019-09-20,47.937747955322266,49.15999984741211,50.45000076293945,48.77000045776367,50.34000015258789,23195000,59.36399683441189,1.6992548703274295,47.605500030517575,45.693199920654294,0.09781154952018967,3.0234982701684703
2019-09-23,48.36680221557617,49.59999847412109,50.189998626708984,49.47999954223633,49.540000915527344,16198500,61.19594569133373,1.603932135117489,47.9375,45.79499992370606,0.1545623726991272,2.8458849276920284
2019-09-24,47.303897857666016,48.5099983215332,49.900001525878906,48.04999923706055,49.7400016784668,24959000,54.62600132915285,1.4240190724517774,48.191499900817874,45.87719985961914,0.11696979002212937,2.6417900754147396
2019-09-25,48.24003982543945,49.470001220703125,49.70000076293945,47.86000061035156,48.470001220703125,23571800,58.8193669380044,1.3434148349984412,48.543000030517575,46.00539985656738,0.1656456838236069,2.2790324949062115
2019-09-26,47.391666412353516,48.59999847412109,49.7400016784668,48.130001068115234,49.380001068115234,33341000,53.953008398752395,1.1955518676367447,48.81549987792969,46.10999984741211,0.12630351692974062,1.8934719677253962
2019-09-27,42.135677337646484,43.209999084472656,45.91999816894531,42.90999984741211,45.900001525878906,75941400,34.763608785647435,0.6361088294453694,48.742499923706056,46.08079986572265,-0.032684108894538766,2.0806041710926917
2019-09-30,41.784629821777344,42.84999847412109,43.470001220703125,42.58000183105469,43.0,31423100,33.89644899981292,0.16183165591188953,48.62149982452392,46.0273998260498,-0.053457078841879335,2.3465524647980582
2019-10-01,41.24830627441406,42.29999923706055,43.34000015258789,41.75,43.099998474121094,28087300,32.56014833752536,-0.2554718426153215,48.486999702453616,45.929599838256834,-0.0597911167159112,2.6261002322504554
2019-10-02,40.93625259399414,41.97999954223633,42.66999816894531,41.7599983215332,41.81999969482422,26408500,31.775254043750152,-0.6050347092238653,48.24549961090088,45.830199813842775,-0.10318311662794788,2.985878412331746
2019-10-03,42.37945556640625,43.459999084472656,43.4900016784668,41.7599983215332,42.0,23627100,39.08865954693023,-0.7539511260268199,47.96699962615967,45.73959976196289,-0.11360391257395219,3.1633448277396785
2019-10-04,43.44235610961914,44.54999923706055,44.619998931884766,43.290000915527344,43.709999084472656,21860000,43.86161420645036,-0.7750799176058578,47.74599952697754,45.67519973754883,-0.09025938071191897,3.242978796920453
2019-10-07,43.062068939208984,44.15999984741211,44.72999954223633,44.060001373291016,44.29999923706055,14911600,42.57609942354509,-0.8139120569903895,47.49749946594238,45.60859970092773,-0.10116020990540131,3.3208290491312042
2019-10-08,41.57984924316406,42.63999938964844,43.84000015258789,42.619998931884766,43.599998474121094,20664600,37.912326706083896,-0.9563143445122293,47.159999465942384,45.52499969482422,-0.13666734325602603,3.458519853222033
2019-10-09,41.81388854980469,42.880001068115234,43.380001068115234,42.83000183105469,43.18000030517578,12784000,39.04764398339301,-1.037839486088835,46.779999542236325,45.43339973449707,-0.1505546462567262,3.4918990374411596
2019-10-10,42.203941345214844,43.27999877929688,43.790000915527344,42.61000061035156,42.869998931884766,15572600,40.98453681803088,-1.0579765803228085,46.421999549865724,45.40119972229004,-0.14195083351213122,3.4638353478057033
2019-10-11,43.97869110107422,45.09999847412109,45.81999969482422,44.279998779296875,44.38999938964844,27483700,48.93570481338861,-0.9165116319979489,46.15199947357178,45.43119972229004,-0.10693072328473097,3.337384331655848
2019-10-14,43.744659423828125,44.86000061035156,45.33000183105469,44.79999923706055,44.959999084472656,12443300,48.01698986082159,-0.8143778225056906,45.88749942779541,45.446799697875974,-0.10548356439824924,3.211087572233151
2019-10-15,45.304866790771484,46.459999084472656,46.54999923706055,45.040000915527344,45.209999084472656,17767700,54.19144206459407,-0.597442591235648,45.66849937438965,45.53719970703125,-0.08615265647068027,2.9978225123407656
2019-10-16,44.03718948364258,45.15999984741211,46.54999923706055,45.08000183105469,45.9900016784668,16646900,49.08951801440771,-0.5243742712171056,45.40249938964844,45.587999725341795,-0.10538826749340613,2.7762600227127456
2019-10-17,44.368743896484375,45.5,46.119998931884766,45.279998779296875,45.77000045776367,11718700,50.40463701459781,-0.4340287174779931,45.186499404907224,45.6629997253418,-0.08671215819523626,2.575255246574431
2019-10-18,42.38921356201172,43.470001220703125,44.97999954223633,43.22999954223633,44.83000183105469,26215300,43.22511758488329,-0.5202361923274097,44.90199947357178,45.679799728393554,-0.11574448015399086,2.4229788989063783
2019-10-21,44.09571075439453,45.220001220703125,45.29999923706055,43.91999816894531,43.959999084472656,15473700,49.855993082579054,-0.4422479040490046,44.68299961090088,45.753799743652344,-0.08830639895489589,2.159634713890593
2019-10-22,43.549625396728516,44.65999984741211,45.70000076293945,44.619998931884766,45.29999923706055,13802400,47.92700029152169,-0.42077858085638553,44.49049968719483,45.80439971923828,-0.07936505065620891,1.96321306585306
2019-10-23,43.549625396728516,44.65999984741211,44.81999969482422,43.95000076293945,44.04999923706055,13959200,47.92700029152169,-0.39916268854471326,44.249999618530275,45.81419975280762,-0.09723067019610332,1.5779132525408446
2019-10-24,45.928958892822266,47.09999847412109,47.15999984741211,45.58000183105469,45.900001525878906,25760200,56.44308876651532,-0.18303453273919246,44.17499961853027,45.91539970397949,-0.030864198499897744,1.384004446516361
2019-10-25,46.835838317871094,48.02999877929688,48.27000045776367,46.91999816894531,47.279998779296875,19855300,59.18306118691357,0.06257056561521779,44.41599960327149,46.0311996459961,0.1115482480201273,1.6085637676517597
2019-10-28,47.47943115234375,48.68999862670898,48.75,48.22999954223633,48.5,15240000,61.05538910465636,0.30693271807260203,44.70799961090088,46.13399963378906,0.13628938997780615,1.8248503691243354
2019-10-29,46.913856506347656,48.11000061035156,49.16999816894531,48.060001373291016,48.79999923706055,12183600,58.51513562448304,0.44861909013950196,44.99849967956543,46.19599967956543,0.13735228080573259,1.8828706768087298
2019-10-30,46.6895637512207,47.880001068115234,48.34000015258789,47.2599983215332,48.220001220703125,12932800,57.49359032791651,0.5361669214079399,45.29349975585937,46.26899971008301,0.14054315364970127,1.8469041521739036
2019-10-31,46.36777877807617,47.54999923706055,47.880001068115234,46.459999084472656,47.279998779296875,15445800,55.983430270331134,0.5723234303642286,45.49799976348877,46.33659973144531,0.09410953149442558,1.8595939586981138
2019-11-01,47.1771354675293,48.380001068115234,48.540000915527344,47.25,47.47999954223633,18311700,58.90703346635416,0.6603399474897387,45.689499855041504,46.40859977722168,0.08597086187755898,1.9517533946060717
2019-11-04,48.357051849365234,49.59000015258789,49.900001525878906,49.25,49.38999938964844,16021500,62.787482308825844,0.8182976591273174,45.96099987030029,46.54119979858398,0.1229619638572983,2.099846762402597
2019-11-05,47.46967697143555,48.68000030517578,49.720001220703125,48.61000061035156,49.619998931884766,13682600,58.32658736012111,0.8601357911395269,46.26299991607666,46.646199798583986,0.14165105539362766,2.03026587194964
2019-11-06,46.49453353881836,47.68000030517578,48.29999923706055,47.11000061035156,48.150001525878906,21803600,53.80284817643768,0.8033407573469376,46.50299987792969,46.75099983215332,0.11194027792666583,1.8880346223530788
2019-11-07,47.19664001464844,48.400001525878906,49.08000183105469,48.0,48.52000045776367,19253600,56.42345405092146,0.8071243381370721,46.75900001525879,46.85599983215332,0.11829951226872937,1.7715437474455937
2019-11-08,46.016719818115234,47.18999862670898,48.0099983215332,46.95000076293945,47.560001373291016,18518800,51.170056500251306,0.7043662361085268,46.86350002288818,46.90639984130859,0.04634146836583941,1.7296797146603358
2019-11-11,45.109840393066406,46.2599983215332,46.7400016784668,45.849998474121094,46.720001220703125,14635900,47.50875407502835,0.5416427274270319,46.93349990844727,46.92619979858399,0.03120815185318082,1.6716876300814565
2019-11-12,45.73392868041992,46.900001525878906,47.68000030517578,46.68000030517578,46.79999923706055,15170700,50.15207868979939,0.45903461894999253,46.95550003051758,46.96439979553222,0.009470565003805609,1.668019470457604
2019-11-13,45.14884948730469,46.29999923706055,46.54999923706055,45.810001373291016,46.5,15423600,47.72563202630358,0.34121857224372576,47.0125,46.95419975280762,0.025243564957934117,1.622285109846418
2019-11-14,45.63642120361328,46.79999923706055,46.83000183105469,45.77000045776367,46.119998931884766,11797400,49.900903600501856,0.28491006189273804,47.07749996185303,46.90959976196289,0.028571411803528513,1.5840881653824601
2019-11-15,46.52378845214844,47.709999084472656,48.52000045776367,47.34000015258789,47.599998474121094,17859200,53.67888405035766,0.31013944973731356,47.289499855041505,46.88439971923828,0.09753848043947566,1.3409442838786254
2019-11-18,46.63105392456055,47.81999969482422,48.40999984741211,47.470001220703125,47.95000076293945,12631200,54.12918691565253,0.3351466889058372,47.41949977874756,46.85819969177246,0.05749664758811934,1.2528936140848599
2019-11-19,45.42189025878906,46.58000183105469,48.18000030517578,46.279998779296875,48.11000061035156,18384000,48.41545052759216,0.2520027112140255,47.515499877929685,46.801999740600586,0.042991535830778416,1.0937791153023049
2019-11-20,44.437007904052734,45.56999969482422,46.5,45.22999954223633,46.150001525878906,24660700,44.312459299068074,0.10341962140046945,47.56099987030029,46.70379974365235,0.02037617220155097,0.9819526159760337
2019-11-21,44.41749954223633,45.54999923706055,46.18000030517578,45.040000915527344,45.29999923706055,14192900,44.23251994774054,-0.01576568059871164,47.483499908447264,46.60599975585937,-0.0329086897510662,1.0768341571547513
2019-11-22,44.729549407958984,45.869998931884766,46.380001068115234,45.75,45.93000030517578,11253700,45.91370796812475,-0.08343777140299125,47.37549991607666,46.51339973449707,-0.044971890533196834,1.1263193119457227
2019-11-25,46.33852005004883,47.52000045776367,47.54999923706055,45.939998626708984,46.099998474121094,18803600,53.66943212744964,-0.003882304625079769,47.317000007629396,46.46079971313477,-0.024029537932734768,1.084043051614089
2019-11-26,45.558406829833984,46.720001220703125,47.66999816894531,46.540000915527344,47.650001525878906,12849300,49.93095339146052,-0.005325883130126385,47.247500038146974,46.37839973449707,-0.028892109166786417,1.0750468801972652
2019-11-27,46.96260452270508,48.15999984741211,48.27000045776367,47.11000061035156,47.349998474121094,15409400,55.88740611170776,0.10847548721598343,47.26149997711182,46.33199974060059,0.005847927590864943,1.0854896659061823
2019-11-29,46.32876968383789,47.5099983215332,47.95000076293945,47.439998626708984,47.939998626708984,7343600,52.83210995276594,0.14454794354563916,47.25949993133545,46.285799713134764,-0.0008412390361547395,1.0849668460013506
2019-12-02,45.236610412597656,46.38999938964844,47.95000076293945,46.349998474121094,47.56999969482422,16053800,47.96621502712455,0.08181792537953214,47.15999984741211,46.230399703979494,-0.04113273324787714,1.0679151144556724
2019-12-03,44.1054573059082,45.22999954223633,45.400001525878906,44.54999923706055,45.119998931884766,20321400,43.49776672303162,-0.06079752312398767,46.94199981689453,46.142999725341795,-0.08792096384222403,0.9877654358965416
2019-12-04,45.14884948730469,46.29999923706055,46.599998474121094,45.72999954223633,46.18000030517578,16921700,48.2836243456596,-0.08648432309804832,46.82299976348877,46.09879974365234,-0.0488907365077027,0.907461159491162
2019-12-05,45.46089172363281,46.619998931884766,47.400001525878906,46.25,46.709999084472656,13003800,49.65698307510022,-0.0800966913185519,46.76999969482422,46.04179969787597,-0.022231572284112433,0.8854617774545682
2019-12-06,46.73833465576172,47.93000030517578,48.33000183105469,47.31999969482422,47.439998626708984,20468100,54.933165852548065,0.03032218035319545,46.746499633789064,46.02839973449707,-0.009710768716646001,0.8452486092308906
2019-12-09,45.29512023925781,46.45000076293945,47.77000045776367,46.43000030517578,47.56999969482422,16540500,48.72064148503834,-0.0015755011120432982,46.709499740600585,46.093199768066405,-0.015681243596194827,0.8409987608259016
2019-12-10,46.28001403808594,47.459999084472656,47.91999816894531,46.720001220703125,47.040000915527344,19263100,52.65564759851751,0.054021059014559114,46.76949977874756,46.185399780273436,0.02594035465800859,0.8499999085560103
2019-12-11,48.035255432128906,49.2599983215332,49.34000015258789,47.689998626708984,47.75,22081300,58.73333736149306,0.24055367564263008,46.88749961853027,46.324599761962894,0.05031975946423106,1.016562061900105
2019-12-12,49.70274353027344,50.970001220703125,51.33000183105469,49.31999969482422,49.36000061035156,36590800,63.52391395065115,0.5203665988531938,47.1209997177124,46.50439979553223,0.10086397539083558,1.354637003142062
2019-12-13,49.927024841308594,51.20000076293945,52.31999969482422,50.70000076293945,51.02000045776367,30039700,64.12712519758095,0.7520106862324241,47.34099979400635,46.65919982910156,0.09401712815402319,1.6292231655858487
2019-12-16,51.62376403808594,52.93999862670898,54.29999923706055,52.689998626708984,52.7599983215332,38629600,68.38645115370636,1.063731545121044,47.60249977111816,46.82699981689453,0.10962061711584559,2.0555185929589728
2019-12-17,51.68227005004883,53.0,54.0,52.650001525878906,53.9900016784668,28344800,68.52523354619711,1.3006214267906557,47.86149978637695,47.00379981994629,0.10832288453018202,2.3844017166387492
2019-12-18,51.721275329589844,53.040000915527344,53.720001220703125,52.369998931884766,53.0,39099100,68.6241230996063,1.474587972052035,48.184499740600586,47.21179985046387,0.13868610628018052,2.6268864590536922
2019-12-19,53.17422866821289,54.52999877929688,55.290000915527344,53.900001525878906,55.0099983215332,55792900,72.13594595412054,1.7129423545141975,48.63249969482422,47.4447998046875,0.19662056494352642,2.906669148948002
2019-12-20,53.69105529785156,55.060001373291016,55.93000030517578,54.630001068115234,54.900001525878906,44285000,73.28152592683307,1.9224459396733877,49.10799980163574,47.680399856567384,0.20878160912224364,3.14403986691695
2019-12-23,54.02260208129883,55.400001525878906,56.11000061035156,55.13999938964844,55.22999954223633,23693800,74.01945590028365,2.091801228654994,49.58449993133545,47.88639991760254,0.20776112526503088,3.3433227688994895
2019-12-24,54.04210662841797,55.41999816894531,55.63999938964844,55.040000915527344,55.45000076293945,8621900,74.06482449809171,2.2022439795415494,49.97949981689453,48.09759986877442,0.1662457414789642,3.5470426452463513
2019-12-26,53.739803314208984,55.11000061035156,55.650001525878906,54.90999984741211,55.45000076293945,13537400,71.96673139909906,2.238947252860669,50.398999786376955,48.270599899291994,0.17958046169593334,3.6362706591253495
2019-12-27,52.6866569519043,54.02999877929688,55.529998779296875,53.88999938964844,55.2400016784668,17176700,65.0527339915591,2.156034318050942,50.69249973297119,48.44799987792969,0.1218853602675043,3.6826407173513434
2019-12-30,51.887046813964844,53.209999084472656,53.880001068115234,52.65999984741211,53.77000045776367,15271500,60.31473726045525,2.0010907687633193,50.97749977111816,48.60219985961914,0.11997476245660099,3.6437401094921533
2019-12-31,52.442874908447266,53.77999877929688,53.900001525878906,52.779998779296875,52.90999984741211,13296400,62.3665998678785,1.902361858010977,51.34699974060059,48.808399810791016,0.15930156255396422,3.526876015286221
2020-01-02,54.012855529785156,55.38999938964844,55.4900016784668,54.5099983215332,54.849998474121094,20173200,67.48097555162455,1.9317639070164105,51.854999732971194,49.01179977416992,0.224629669472461,3.325381727254975
2020-01-03,53.17422866821289,54.52999877929688,55.310001373291016,54.0,54.15999984741211,16815800,62.58805643983909,1.8641812596049618,52.26649971008301,49.20919975280762,0.17775377273977755,3.1036146479148368
2020-01-06,52.23809814453125,53.56999969482422,54.13999938964844,53.15999984741211,53.75,18768700,57.5699562722834,1.7134065375485434,52.61399974822998,49.38739974975586,0.14907766885824936,2.813660936200032
2020-01-07,56.82124710083008,58.27000045776367,58.400001525878906,55.36000061035156,55.380001068115234,49908200,70.1769535383399,1.9506810294191936,53.13099975585938,49.61079978942871,0.21573127658568603,2.8573246826542587
2020-01-08,56.089900970458984,57.52000045776367,58.38999938964844,57.060001373291016,58.09000015258789,29730800,66.76774993759993,2.0545208047660566,53.684499740600586,49.800599822998045,0.23832076454251672,2.550769929749266
2020-01-09,55.885108947753906,57.310001373291016,58.47999954223633,56.47999954223633,58.31999969482422,22376100,65.80380931249859,2.095711347888823,54.1769998550415,49.97299987792969,0.20754324649873324,2.2144364124602376
2020-01-10,55.26102066040039,56.66999816894531,57.5,56.27000045776367,57.470001220703125,19122800,62.82681491933594,2.053046003858981,54.54749984741211,50.14419982910156,0.15042631140677387,1.9529138216014446
2020-01-13,56.021629333496094,57.45000076293945,57.779998779296875,56.86000061035156,57.0099983215332,16163000,64.91036713073368,2.0584446335119537,54.87149982452392,50.33559982299805,0.12713359597888862,1.8636420332609087
2020-01-14,56.089900970458984,57.52000045776367,58.29999923706055,56.459999084472656,57.79999923706055,26454300,65.09942379636101,2.0448002918469825,55.187499809265134,50.53499984741211,0.12343749220017353,1.740048416938702
2020-01-15,54.77345275878906,56.16999816894531,57.119998931884766,55.84000015258789,57.029998779296875,21638600,58.54782930364907,1.903115222866461,55.34899978637695,50.69079978942871,0.061012459879565606,1.6689107380748176
2020-01-16,56.245914459228516,57.68000030517578,57.84000015258789,56.7599983215332,56.79999923706055,22732700,63.029619526981286,1.890876490539796,55.582999801635744,50.85259979248047,0.08830189255048637,1.6502095761796631
2020-01-17,56.226409912109375,57.65999984741211,58.119998931884766,57.0099983215332,58.02000045776367,20549200,62.9325625588569,1.858143811994566,55.81399974822998,51.0321997833252,0.08710405075676131,1.5980334561062304
2020-01-21,57.503841400146484,58.970001220703125,59.18000030517578,57.27000045776367,57.369998931884766,24821700,66.5642585899848,1.9158246570208775,56.035999870300294,51.25799980163574,0.08142311646432598,1.7144358183856268
2020-01-22,57.69886779785156,59.16999816894531,60.25,58.849998474121094,59.52000045776367,22604400,67.09431749181479,1.9551376151545838,56.241499710083005,51.47339973449707,0.07464578084169848,1.8334793199734989
2020-01-23,57.728126525878906,59.20000076293945,60.560001373291016,59.029998779296875,60.33000183105469,26146100,67.1783782553392,1.9660509646075397,56.43149967193604,51.71359977722168,0.06859204210103598,1.9357290411501558
2020-01-24,56.323909759521484,57.7599983215332,60.02000045776367,57.2400016784668,60.0,28555300,59.34266427813589,1.8373241807948801,56.54849967956543,51.94359977722168,0.042223028327328826,1.942080881155074
2020-01-27,54.032352447509766,55.40999984741211,55.9900016784668,54.619998931884766,55.150001525878906,27310100,49.24732844858877,1.5280674299485852,56.56349964141846,52.11379974365234,0.0054436442340410895,1.9315154555914655
2020-01-28,55.06600570678711,56.470001220703125,56.779998779296875,55.2400016784668,56.25,18544900,53.12127028530252,1.3529168950472226,56.68549976348877,52.317199783325194,0.04516014244925737,1.837858048026037
2020-01-29,53.925086975097656,55.29999923706055,57.189998626708984,55.290000915527344,55.9900016784668,19278300,48.702417241424776,1.1069393445627398,56.78999977111816,52.487199783325195,0.03927833468423758,1.6827112144923473
2020-01-30,53.66179656982422,55.02999877929688,55.06999969482422,53.220001220703125,54.18000030517578,30783800,47.71598427146155,0.880068699038894,56.85249977111816,52.63359977722168,0.023242841732477038,1.5854303104509389
2020-01-31,51.77002716064453,53.09000015258789,55.20000076293945,52.70000076293945,55.150001525878906,28550800,41.250926950094126,0.5375340441583631,56.73749980926514,52.73899978637695,-0.04152372743102761,1.7697932128054443
2020-02-03,52.442874908447266,53.77999877929688,54.11000061035156,53.0,53.25,20471900,44.149390843050156,0.31808331845772386,56.69999980926514,52.8829997253418,-0.013753897245359026,1.8260803413856073
2020-02-04,54.120113372802734,55.5,56.02000045776367,54.939998626708984,55.290000915527344,19998600,50.6813474461465,0.27973218266906485,56.79649982452393,53.081599731445316,0.03602763330540504,1.6985082095093382
2020-02-05,55.35853576660156,56.77000045776367,57.2599983215332,55.81999969482422,57.02000045776367,19795300,54.877650872793836,0.3478077431956237,56.721499824523924,53.305999755859375,-0.025742234223719573,1.6627603985687645
2020-02-06,57.221046447753906,58.68000030517578,59.16999816894531,57.40999984741211,58.08000183105469,23358700,60.34268774378153,0.5495443355020697,56.77949981689453,53.5621997833252,0.020166895656822614,1.7115937726214185
2020-02-07,55.46580505371094,56.880001068115234,58.0,56.77000045776367,57.970001220703125,20891100,53.73726488977298,0.5577477739766152,56.75799980163574,53.74939979553223,-0.0075030587135211935,1.707274454458538
2020-02-10,55.90462112426758,57.33000183105469,57.34000015258789,56.20000076293945,56.29999923706055,15929000,55.06166309242529,0.5937163661330302,56.79099998474121,53.961599807739255,0.011646438740685383,1.7118564405299044
2020-02-11,55.826602935791016,57.25,58.84000015258789,56.33000183105469,57.880001068115234,26776900,54.761516027688856,0.6087489761300446,56.780999946594235,54.14339981079102,-0.0034813013104165735,1.7083848321513855
2020-02-12,57.7963752746582,59.27000045776367,61.189998626708984,58.900001525878906,59.040000915527344,47180800,60.60137155581748,0.7747289894122105,56.86849994659424,54.378599853515624,0.030424200036037963,1.791043106079547
2020-02-13,57.854888916015625,59.33000183105469,60.630001068115234,58.86000061035156,59.0099983215332,23679700,60.76339575397851,0.9007279243042277,57.026500129699706,54.63739990234375,0.056257855886070685,1.8640741794798017
2020-02-14,57.04552459716797,58.5,60.560001373291016,58.2599983215332,60.15999984741211,20920200,57.25571421250589,0.9229693605679117,57.06750011444092,54.902799911499024,0.014216360792054905,1.8880677647143405
2020-02-18,56.31417465209961,57.75,58.040000915527344,56.619998931884766,57.06999969482422,21513200,54.21042974482105,0.8700477580899744,57.072000122070314,55.131799926757814,0.001560876739959527,1.8896608294634119
2020-02-19,58.49848556518555,59.9900016784668,60.25,58.560001373291016,58.58000183105469,23335500,60.899465124649936,0.9973594825437502,57.123000144958496,55.399199981689456,0.01729693804729937,1.9561757512230424
2020-02-20,57.53308868408203,59.0,59.9900016784668,57.689998626708984,59.880001068115234,20797100,56.940425025489795,1.0067647227077003,57.11450023651123,55.62059997558594,-0.0028730467163430307,1.9471616373926017
2020-02-21,55.573062896728516,56.9900016784668,58.72999954223633,55.88999938964844,58.630001068115234,27038900,49.8540902581745,0.8423186519137502,57.0040002822876,55.83139999389648,-0.037331065134988406,1.8842744387232373
2020-02-24,53.64228439331055,55.0099983215332,55.459999084472656,52.61000061035156,53.310001373291016,33321100,44.03974671985528,0.5459310790643741,56.866500282287596,55.982399978637694,-0.04761080470763768,1.92607726292312
2020-02-25,50.80464553833008,52.09999847412109,55.45000076293945,51.54999923706055,54.84000015258789,41894200,37.17716025710841,0.07536041645077063,56.70100021362305,56.03919998168945,-0.0597365346039721,2.1829005251118927
2020-02-26,51.067935943603516,52.369998931884766,54.27000045776367,51.880001068115234,52.650001525878906,28075600,38.140338739433325,-0.2726406122306102,56.496000099182126,56.06719993591309,-0.07260496193003818,2.388566515467238
2020-02-27,49.322444915771484,50.58000183105469,52.849998474121094,49.9900016784668,50.630001068115234,36349200,34.37734066236304,-0.6849757668223404,56.260000228881836,56.05479995727539,-0.08535257633136906,2.7227544939103514
2020-02-28,51.25321960449219,52.560001373291016,52.91999816894531,48.38999938964844,48.650001525878906,40121300,41.27881258024178,-0.8422757020440486,56.13650035858154,56.04720001220703,-0.044884562253254434,2.8351783778856885
2020-03-02,53.232749938964844,54.59000015258789,54.689998626708984,52.099998474121094,53.20000076293945,33272700,47.38805838024724,-0.7939805839741894,56.211500358581546,56.07900001525879,0.028253908376131065,2.7694241434124405
2020-03-03,50.51210021972656,51.79999923706055,55.400001525878906,51.099998474121094,54.599998474121094,36893200,41.06461318901588,-0.9696584923207965,56.11250038146973,56.05419998168945,-0.03681665279246071,2.8935282955148227
2020-03-04,53.91533660888672,55.290000915527344,55.380001068115234,52.209999084472656,53.02000045776367,28222000,50.04455722118163,-0.8178429476739737,56.1020004272461,56.069400024414065,-0.003783767287795614,2.896247641485121
2020-03-05,52.38437271118164,53.720001220703125,55.61000061035156,53.34000015258789,53.45000076293945,26223000,46.604365054550854,-0.8148211382338175,55.949500465393065,56.042600021362304,-0.053725545401919095,2.9392026221521093
2020-03-06,50.1903190612793,51.470001220703125,53.189998626708984,50.0,52.20000076293945,30313700,42.134156465284455,-0.9826550922253361,55.58900051116943,55.96400001525879,-0.12286978607661514,3.027509040322637
2020-03-09,44.82706069946289,45.970001220703125,48.599998474121094,44.91999816894531,45.47999954223633,31260800,33.63997222709803,-1.5416970209397576,55.04350051879883,55.77500007629394,-0.19180730735829465,3.692506415017065
2020-03-10,46.67005920410156,47.86000061035156,48.2599983215332,45.290000915527344,48.150001525878906,31652900,38.24708155091288,-1.81135445513506,54.57000045776367,55.630000076293946,-0.16518403834366158,3.9798704382615133
2020-03-11,42.63300323486328,43.720001220703125,46.31999969482422,42.849998474121094,46.20000076293945,38483800,32.86469524585496,-2.3322386702157587,53.89350051879883,55.42380012512207,-0.23633185640693233,4.601687607772708
2020-03-12,37.84507751464844,38.810001373291016,42.540000915527344,38.0,39.400001525878906,40117200,27.857597133784736,-3.1054415197709417,52.870500564575195,55.135800170898435,-0.345199914399404,5.525108547174077
2020-03-13,41.921142578125,42.9900016784668,43.02000045776367,38.349998474121094,41.56999969482422,35264800,36.69945374954281,-3.3423902633711364,52.0535005569458,54.92000022888183,-0.27540872489970425,5.724182249482297
2020-03-16,33.61296463012695,34.470001220703125,39.13999938964844,34.45000076293945,37.349998474121094,36879100,28.919293654422944,-4.169602104550492,50.852000617980956,54.50160026550293,-0.41076920990251065,6.732908333238964
2020-03-17,36.45064163208008,37.380001068115234,39.130001068115234,34.02000045776367,35.4900016784668,34869000,34.06102253890947,-4.538048976854142,49.833500671386716,54.158600311279294,-0.35272725423177087,7.16157352389592
2020-03-18,33.8275032043457,34.689998626708984,36.560001373291016,31.1299991607666,34.2599983215332,36519000,31.77300120816662,-4.989589610288505,48.56850051879883,53.78100028991699,-0.4217369952306429,7.499618254055079
2020-03-19,35.387733459472656,36.290000915527344,37.29999923706055,33.650001525878906,34.65999984741211,31015200,34.5875912223494,-5.158863831560247,47.433000564575195,53.34140029907226,-0.38491523871987554,7.556103748608483
2020-03-20,35.21220779418945,36.11000061035156,38.59000015258789,35.84000015258789,37.77000045776367,37667400,34.41558216491603,-5.247054612381923,46.389000511169435,52.913200302124025,-0.36638007462990774,7.608425761431818
2020-03-23,37.29899597167969,38.25,39.470001220703125,35.689998626708984,36.9900016784668,45286000,38.34156662153686,-5.085642257300101,45.55100059509277,52.5320002746582,-0.3046718566245191,7.531518186453784
2020-03-24,42.194190979003906,43.27000045776367,44.41999816894531,41.13999938964844,41.81999969482422,45588000,46.44100843761457,-4.500767671846866,45.1095006942749,52.26400032043457,-0.16948173272487554,7.38478771680545
2020-03-25,41.443328857421875,42.5,44.880001068115234,40.029998779296875,43.90999984741211,54091000,45.45469875228832,-4.052666336035912,44.616000747680665,51.96500030517578,-0.18846666284492797,7.201573359133507
2020-03-26,43.676395416259766,44.790000915527344,45.75,43.33000183105469,44.900001525878906,62450700,48.92860978667055,-3.4727274234236063,44.326500701904294,51.71040031433105,-0.11447213732547645,7.064273642023911
2020-03-27,42.39896774291992,43.47999954223633,45.279998779296875,42.310001373291016,43.25,39791500,47.0813374883527,-3.0832856222557155,43.872500610351565,51.45660034179687,-0.17275497705121445,6.793878781061817
2020-03-30,43.41310501098633,44.52000045776367,45.56999969482422,43.150001525878906,44.16999816894531,33763900,48.736065543323974,-2.660067207882598,43.369000625610354,51.193400344848634,-0.18446601331153945,6.313991163595809
2020-03-31,41.01426696777344,42.060001373291016,45.16999816894531,41.90999984741211,44.400001525878906,36723700,45.14047827066355,-2.494410916090864,42.88200073242187,50.88140037536621,-0.18803084956034144,5.997155323029759
2020-04-01,38.898223876953125,39.88999938964844,42.29999923706055,39.33000183105469,40.54999923706055,37452800,42.18398533992331,-2.5093024592102395,42.11200065612793,50.49980033874512,-0.2785314029820183,5.2640147203426535
2020-04-02,40.068382263183594,41.09000015258789,41.59000015258789,39.52000045776367,39.790000915527344,31457700,44.354423466725216,-2.3966470266138913,41.48050060272217,50.13820037841797,-0.2351079817780749,4.500351624371774
2020-04-03,40.19514846801758,41.220001220703125,41.86000061035156,40.54999923706055,40.970001220703125,28522400,44.59707444026206,-2.2707015508940103,40.96800060272217,49.77860038757324,-0.19914512836415232,3.837726454474661
2020-04-06,45.21710968017578,46.369998931884766,46.689998626708984,43.34000015258789,43.349998474121094,37899100,53.287301886677,-1.735323351635806,40.98800048828125,49.55080039978027,0.00870127693191125,3.8661031536981745
2020-04-07,45.38288116455078,46.540000915527344,48.369998931884766,46.040000915527344,48.09000015258789,34646400,53.54633190354177,-1.2825303210245806,40.92200050354004,49.37340042114258,-0.02758043623047335,3.752203011932521
2020-04-08,47.08938217163086,48.290000915527344,48.689998626708984,46.79999923706055,47.08000183105469,27694400,56.23659637008064,-0.7735610768588117,41.15050048828125,49.20980041503906,0.1045288098633479,4.058233337495382
2020-04-09,44.98307418823242,46.130001068115234,49.810001373291016,45.349998474121094,49.29999923706055,39799400,52.21695883962215,-0.5382881688090038,41.51650047302246,49.02640045166016,0.18861116814754442,4.16472826402563
2020-04-13,45.02207946777344,46.16999816894531,46.38999938964844,44.38999938964844,44.900001525878906,30449900,52.28497036857941,-0.34463255281989547,41.675500297546385,48.84920043945313,0.0739706063345269,4.282968012155794
2020-04-14,46.4360237121582,47.619998931884766,48.380001068115234,46.619998931884766,47.0,25738000,54.79686659176679,-0.07331105432818674,42.33300018310547,48.73980041503906,0.3814910718159066,4.125046793654223
2020-04-15,45.27561950683594,46.43000030517578,46.65999984741211,45.63999938964844,46.400001525878906,22389400,52.360657823255714,0.04516955750850826,42.7855001449585,48.59280044555664,0.24210805185824635,4.048796412480035
2020-04-16,44.39799499511719,45.52999877929688,47.20000076293945,44.65999984741211,47.02000045776367,26589000,50.5308850924145,0.06568650138442678,43.32750015258789,48.39340042114258,0.31248200004948457,3.6097976555116635
2020-04-17,44.56376266479492,45.70000076293945,46.88999938964844,44.849998474121094,46.779998779296875,23388300,50.88006182355683,0.09457387774434522,43.79800014495849,48.1720004272461,0.25930007192107474,3.238397117638751
2020-04-20,42.32095718383789,43.400001525878906,45.08000183105469,43.29999923706055,44.52000045776367,30463300,46.13541418414912,-0.06734705003255925,44.16250019073486,47.866400451660155,0.20188315680719038,2.6916338447350614
2020-04-21,40.38042449951172,41.40999984741211,43.06999969482422,41.189998626708984,43.0,32482200,42.44720247844768,-0.3521872606752652,44.320500183105466,47.557000427246095,0.08261437509574132,2.4036406817368956
2020-04-22,42.818275451660156,43.90999984741211,44.20000076293945,42.75,43.11000061035156,21346600,48.06437811636057,-0.37190893840757866,44.35250015258789,47.28860038757324,0.014790833900571565,2.3931565029303123
2020-04-23,42.6817512512207,43.77000045776367,44.720001220703125,43.41999816894531,43.81999969482422,22273100,47.78312526538808,-0.39429015929906797,44.41600017547607,47.019000396728515,0.029882363712086413,2.3580061484209756
2020-04-24,43.062068939208984,44.15999984741211,44.31999969482422,42.97999954223633,43.79999923706055,16581800,48.683968328907625,-0.37622090630136285,44.384500122070314,46.716800384521484,-0.014065663211380586,2.356954786772989
2020-04-27,44.15420913696289,45.27999877929688,45.38999938964844,44.58000183105469,45.0,16667200,51.28325904458505,-0.26843202227757956,44.47450008392334,46.435800323486326,0.04139832695517942,2.354964276793014
2020-04-28,44.183467864990234,45.310001373291016,47.689998626708984,45.279998779296875,46.209999084472656,25234900,51.354343025889506,-0.1785296182106748,44.51400012969971,46.172000350952146,0.017744854164519097,2.362381327597468
2020-04-29,48.591087341308594,49.83000183105469,50.13999938964844,46.33000183105469,46.58000183105469,35743000,60.66598298288567,0.25451110090222073,44.90250015258789,46.01360038757324,0.18473609614995845,2.567562678364888
2020-04-30,46.69932174682617,47.88999938964844,49.58000183105469,47.369998931884766,49.47999954223633,28585400,55.73473832893758,0.4361295766659339,45.30250015258789,45.771600341796876,0.20055151973945695,2.3603654024913143
2020-05-01,43.93968963623047,45.060001373291016,46.91999816894531,44.52000045776367,46.36000061035156,28194000,49.423515907420246,0.34769828911706924,45.501000213623044,45.492800369262696,0.0966172111453032,2.144525168344815
2020-05-04,43.3546028137207,44.459999084472656,44.689998626708984,43.61000061035156,44.189998626708984,21377100,48.17789245451969,0.2265887127087538,45.66300010681152,45.24220031738281,0.0786025659344769,1.9141114115579658
2020-05-05,44.28097915649414,45.40999984741211,46.95000076293945,45.11000061035156,45.45000076293945,21007500,50.31315032636204,0.2049036215383282,45.61500015258789,45.05020034790039,-0.020703021492039397,1.907474346958136
2020-05-06,44.934326171875,46.08000183105469,47.119998931884766,45.91999816894531,46.06999969482422,22011900,51.82090511015108,0.23902624542429152,45.59200019836426,44.92980041503906,-0.00988395091155192,1.8984859548350985
2020-05-07,45.431636810302734,46.59000015258789,47.5,46.34000015258789,47.119998931884766,16372100,52.9902813016991,0.30372017587976075,45.50700016021729,44.814200439453124,-0.03520399111015193,1.8071935993126373
2020-05-08,47.05036544799805,48.25,48.459999084472656,47.290000915527344,47.290000915527344,17437100,56.676203018035245,0.48336674539336855,45.613000106811526,44.76760040283203,0.0459570536049716,1.9051761020797688
2020-05-11,47.00161361694336,48.20000076293945,48.72999954223633,47.439998626708984,47.7400016784668,17353500,56.5324238144576,0.6146184861254866,45.71450023651123,44.680400390625,0.04396800248000776,1.9886586810657567
2020-05-12,44.554019927978516,45.68999862670898,48.560001373291016,45.63999938964844,48.52000045776367,26738900,49.71420103213743,0.5102187566165881,45.618000221252444,44.50240036010742,-0.04052919673384381,1.9374961275030842
2020-05-13,42.44771957397461,43.52999877929688,45.880001068115234,42.95000076293945,45.869998931884766,35117500,44.71613331048674,0.25030195784464837,45.4730001449585,44.337000350952145,-0.06245964908071777,1.981544308448013
2020-05-14,44.593021392822266,45.72999954223633,45.779998779296875,42.5099983215332,43.060001373291016,27543500,50.20703256566621,0.2193096326840802,45.48300018310547,44.14580032348633,0.004392724979171092,1.98235159278779
2020-05-15,43.305843353271484,44.40999984741211,44.779998779296875,43.2400016784668,43.279998779296875,28803900,47.17920351183489,0.08722952041921417,45.418500137329104,43.95960029602051,-0.02822759067814884,1.9958598498125828
2020-05-18,44.77829360961914,45.91999816894531,46.150001525878906,44.95000076293945,45.83000183105469,20307800,50.83208754569781,0.1032095889332112,45.54449996948242,43.848600234985355,0.058064436738873404,1.9405007321635666
2020-05-19,43.9981803894043,45.119998931884766,46.22999954223633,45.02000045776367,45.779998779296875,17389500,48.902520066105694,0.050735805024153535,45.72999992370605,43.831600189208984,0.08959186423915222,1.6849679670577218
2020-05-20,45.48039245605469,46.63999938964844,47.040000915527344,46.09000015258789,46.5099983215332,17876500,52.5852850003658,0.13029927802214303,45.86649990081787,43.80720016479492,0.06217261561655918,1.6397412797446995
2020-05-21,44.09571075439453,45.220001220703125,46.56999969482422,44.7599983215332,46.5,17445300,49.03007068561545,0.07787423309875408,45.93899993896484,43.83720016479492,0.03312773012964998,1.5728586670456903
2020-05-22,43.822662353515625,44.93999862670898,45.310001373291016,44.2400016784668,45.150001525878906,13385400,48.336114195827335,0.01357663504131068,45.97799987792969,43.95980010986328,0.01766301589655872,1.5356559670720051
2020-05-26,44.661277770996094,45.79999923706055,46.689998626708984,45.45000076293945,46.220001220703125,24303900,50.64662481519308,0.031650341833000084,46.003999900817874,44.01600006103516,0.011484109359150896,1.5275970880597987
2020-05-27,48.22052764892578,49.45000076293945,49.58000183105469,43.900001525878906,45.95000076293945,56071500,59.022742330218485,0.33661817865633736,46.21099987030029,44.31560005187988,0.09137054213573359,1.6994397318829502
2020-05-28,45.314632415771484,46.470001220703125,48.790000915527344,46.06999969482422,48.70000076293945,38289300,51.35885562257757,0.3339962277423041,46.042999839782716,44.49740005493164,-0.0674292692531584,1.4739713441875268
2020-05-29,46.71883010864258,47.90999984741211,48.02000045776367,46.209999084472656,46.619998931884766,26337000,54.43755495775061,0.44300745319963397,46.0439998626709,44.761800079345704,0.0004176332849983311,1.4752965917080456
2020-06-01,45.1878547668457,46.34000015258789,47.66999816894531,46.31999969482422,47.4900016784668,21809100,50.671800462478494,0.39812444958962345,46.10799980163574,44.96280006408691,0.028406541062725887,1.4580257729543074
2020-06-02,45.65592575073242,46.81999969482422,46.849998474121094,45.56999969482422,46.4900016784668,23035600,51.770285194078674,0.3967132341808153,46.22599983215332,45.17700004577637,0.05308143632364071,1.4124167656420537
2020-06-03,47.70370101928711,48.91999816894531,49.41999816894531,47.45000076293945,48.040000915527344,34662100,56.35007076020978,0.5586078783439135,46.40149974822998,45.39040000915527,0.0772957131320764,1.5196825833766885
2020-06-04,49.94652557373047,51.220001220703125,51.97999954223633,48.599998474121094,48.86000061035156,34830800,60.74652608431901,0.86255853669347,46.6584997177124,45.54940002441406,0.11154512121100746,1.859157757431672
2020-06-05,52.38437271118164,53.720001220703125,54.81999969482422,52.59000015258789,52.65999984741211,34110700,64.8864310657287,1.290296989398179,47.01499977111816,45.77380004882812,0.15303715485648461,2.438627194680825
2020-06-08,52.3648681640625,53.70000076293945,54.63999938964844,52.22999954223633,54.5,22850600,64.82752550006336,1.609119991446093,47.287499809265135,45.952000045776366,0.11295338368786423,2.8531610962101217
2020-06-09,51.82854080200195,53.150001525878906,53.5,52.45000076293945,52.650001525878906,17840800,63.130271141188366,1.796697959992244,47.53499984741211,46.14540008544922,0.10269710963875056,3.1370551023363804
2020-06-10,51.16545104980469,52.470001220703125,53.29999923706055,51.56999969482422,52.91999816894531,18766700,61.0037215163762,1.868940526844952,47.873999977111815,46.30440010070801,0.14839139412954072,3.2898005608887866
2020-06-11,47.31365966796875,48.52000045776367,51.09000015258789,48.20000076293945,50.41999816894531,29897600,50.38621859955071,1.5891425850068046,48.12350006103516,46.43360008239746,0.11463362780612041,3.1282661353240413
2020-06-12,47.47943115234375,48.68999862670898,50.47999954223633,47.36000061035156,50.290000915527344,24293600,50.78323719763741,1.3653788937958353,48.27150001525879,46.60960006713867,0.06472773046364866,3.0786952757476347
2020-06-15,48.0157585144043,49.2400016784668,49.72999954223633,47.099998474121094,47.36000061035156,18092300,52.11824595072625,1.21838047439703,48.513000106811525,46.77260009765625,0.10875933005291705,2.9464456147977987
2020-06-16,49.751495361328125,51.02000045776367,52.150001525878906,49.86000061035156,51.15999984741211,20987200,56.253947814486416,1.2313202994342234,48.76800022125244,46.96860008239746,0.11106277204225545,2.9308718300628303
2020-06-17,49.692989349365234,50.959999084472656,51.5099983215332,50.540000915527344,51.29999923706055,13905100,56.07811547599182,1.222639764492179,49.06000022888183,47.06040008544922,0.1294326305593274,2.8377330604113538
2020-06-18,49.22492980957031,50.47999954223633,51.040000915527344,50.02000045776367,50.5,13220200,54.60762125861975,1.1636149971142657,49.25200023651123,47.1392000579834,0.08233276592709737,2.79496317130734
2020-06-19,49.56621551513672,50.83000183105469,52.75,50.75,51.15999984741211,28081500,55.52345305443455,1.1320303619847252,49.53250026702881,47.19000007629395,0.12406016052434632,2.6465869886050766
2020-06-22,49.878265380859375,51.150001525878906,51.400001525878906,50.2400016784668,51.099998474121094,15952200,56.38978507230131,1.1199109755075511,49.843000411987305,47.29040008544922,0.13818431439557655,2.4352786859053874
2020-06-23,48.600833892822266,49.84000015258789,50.88999938964844,49.56999969482422,50.689998626708984,23194200,51.930335080633064,0.993151677400995,50.04500045776367,47.36380012512207,0.08820962844598146,2.242169220029433
2020-06-24,47.08938217163086,48.290000915527344,50.099998474121094,48.02000045776367,49.650001525878906,19346500,47.17643156300723,0.7588742063850376,49.987000465393066,47.37720016479492,-0.0234580349750263,2.273159778437443
2020-06-25,47.96699523925781,49.18999862670898,49.310001373291016,47.279998779296875,48.2400016784668,14971900,50.036501686153386,0.6384700313370502,50.12300033569336,47.432400131225585,0.058532329127507055,2.128427404855912
2020-06-26,47.284400939941406,48.4900016784668,49.349998474121094,48.13999938964844,49.150001525878906,16929700,47.86573521876576,0.48102005180906104,50.152000427246094,47.49160018920898,0.012106070400791591,2.100455520573688
2020-06-29,47.9279899597168,49.150001525878906,49.150001525878906,47.58000183105469,48.689998626708984,24666200,50.06541752156787,0.40482965622531,50.292500495910645,47.560600204467775,0.06063878644881893,1.9181159177242146
2020-06-30,50.23906707763672,51.52000045776367,52.470001220703125,50.970001220703125,51.779998779296875,47852100,57.070060193558106,0.529582626830269,50.527500534057616,47.72300018310547,0.10038446803875178,1.7509125257980684
2020-07-01,48.464324951171875,49.70000076293945,51.560001373291016,49.61000061035156,51.52000045776367,25218400,51.13762546168891,0.47610326772475275,50.566500663757324,47.88880020141602,0.01594445264082789,1.7216649011007363
2020-07-02,48.591087341308594,49.83000183105469,50.75,49.47999954223633,50.5,18562400,51.52524047524794,0.4391482622612557,50.4970006942749,48.00720024108887,-0.027137824219469198,1.7219516656741969
2020-07-06,49.65398025512695,50.91999816894531,51.43000030517578,50.47999954223633,50.75,16321000,54.7653525559214,0.4921416466185988,50.357000541687015,48.1502001953125,-0.05212217029285404,1.5515090592060936
2020-07-07,47.86948776245117,49.09000015258789,50.59000015258789,49.0099983215332,50.52000045776367,19797900,48.860457752352374,0.38206948039007926,50.12650051116943,48.24880020141602,-0.08584730996006074,1.3592463291042527
2020-07-08,48.474063873291016,49.709999084472656,49.75,48.959999084472656,49.560001373291016,15311900,50.7961245186733,0.3409351398156417,49.954500389099124,48.33740020751953,-0.06472252761331154,1.1594848060358423
2020-07-09,48.73735427856445,49.97999954223633,50.38999938964844,48.72999954223633,49.849998474121094,18510800,51.65432669759751,0.3263605774229035,49.83000030517578,48.430800170898436,-0.04745571985015151,0.9975389623891339
2020-07-10,49.439449310302734,50.70000076293945,50.709999084472656,49.400001525878906,50.0099983215332,18128700,53.96041087945186,0.3686585466878398,49.93900032043457,48.448200149536135,0.044929931669589696,0.9654499027032439
2020-07-13,48.23028564453125,49.459999084472656,52.279998779296875,49.380001068115234,51.310001373291016,23296400,49.574594565738245,0.2986792314856572,49.97750034332275,48.47960014343262,0.015814345440159805,0.9276333411270515
2020-07-14,48.474063873291016,49.709999084472656,49.790000915527344,47.95000076293945,49.08000183105469,17455200,50.44903400128514,0.26039140069779165,50.001000213623044,48.57260009765625,0.009545032290512623,0.9138172240540646
2020-07-15,49.254173278808594,50.5099983215332,50.650001525878906,49.40999984741211,50.209999084472656,15911400,53.243243475763336,0.29124399206030205,49.97550010681152,48.69360008239746,-0.00999612174940434,0.8907090294558404
2020-07-16,48.854366302490234,50.09999847412109,50.290000915527344,49.22999954223633,49.81999969482422,14014000,51.63615589716468,0.2793906898634617,49.93250007629395,48.78740005493164,-0.016875993441954562,0.8609410543391585
2020-07-17,48.24003982543945,49.470001220703125,50.43000030517578,49.279998779296875,50.310001373291016,15003800,49.17974531257384,0.21666378399654462,49.88200016021729,48.85520004272461,-0.020007890861570732,0.8567476806482344
2020-07-20,49.93677520751953,51.209999084472656,51.31999969482422,49.540000915527344,49.65999984741211,17604200,55.479222903179966,0.30385291771779066,49.901000022888184,48.947600021362305,0.007475845755051891,0.8826982931213961
2020-07-21,50.23906707763672,51.52000045776367,52.65999984741211,51.22999954223633,51.619998931884766,16650200,56.51346471570185,0.3934302355372239,49.91949996948242,49.01300003051758,0.0072336054906581015,0.9135898524094023
2020-07-22,50.36583709716797,51.650001525878906,51.77000045776367,51.02000045776367,51.58000183105469,11412600,56.96495622824839,0.46949881492589185,50.01000003814697,49.08200004577637,0.03631623932081851,0.9916172892200381
2020-07-23,51.33121871948242,52.63999938964844,54.20000076293945,51.56999969482422,51.7400016784668,33399900,60.34171998851282,0.6027204794778243,50.22749996185303,49.221000061035156,0.09008072875646556,1.0685742441059354
2020-07-24,48.77635955810547,50.02000045776367,51.279998779296875,49.650001525878906,51.279998779296875,25348000,49.31369971725302,0.49122505423877527,50.26900005340576,49.350800094604494,0.01687338593671006,1.0419457825060006
2020-07-27,50.30732727050781,51.59000015258789,51.709999084472656,50.4900016784668,50.599998474121094,15991700,54.661004093673455,0.5235152231771991,50.42399997711182,49.46800010681152,0.06393067368149263,0.9927918045641441
2020-07-28,48.844627380371094,50.09000015258789,51.27000045776367,50.040000915527344,51.2599983215332,15614400,49.30866152962991,0.42318968347735364,50.47099990844727,49.58160011291504,0.01912509862719025,0.950661258369039
2020-07-29,49.13716506958008,50.38999938964844,50.630001068115234,49.779998779296875,50.38999938964844,14714800,50.355668417366815,0.3636959412731713,50.414499855041505,49.6710001373291,-0.021933250350834377,0.9180555408606756
2020-07-30,49.47846221923828,50.7400016784668,50.75,49.11000061035156,49.7400016784668,17644300,51.61139277800725,0.34085976240043436,50.46649990081787,49.78340019226074,0.020925571419766698,0.9048133257668013
2020-07-31,48.815364837646484,50.060001373291016,50.70000076293945,49.2599983215332,50.619998931884766,17433200,49.01723510522493,0.26483868894024454,50.47799987792969,49.851800231933595,0.004615684001299636,0.8977317090081801
2020-08-03,49.13716506958008,50.38999938964844,50.619998931884766,50.02000045776367,50.38999938964844,15143500,50.3222035747237,0.22858454221858437,50.451499938964844,49.9552001953125,-0.010408460297630318,0.8918006287456146
2020-08-04,50.024539947509766,51.29999923706055,51.47999954223633,50.290000915527344,50.349998474121094,15753100,53.83162780322717,0.27016792458383776,50.56199989318848,50.082400207519534,0.04501933342031483,0.8501678923999084
2020-08-05,49.78076171875,51.04999923706055,51.279998779296875,50.630001068115234,51.09000015258789,13198600,52.72955315989155,0.2797256409716269,50.628999900817874,50.18740020751953,0.026956350377532967,0.832098849808715
2020-08-06,47.48918533325195,48.70000076293945,50.029998779296875,48.31999969482422,50.0,32204700,43.677561648767934,0.09656185797265948,50.564999961853026,50.17240020751953,-0.025610219908369425,0.9283062614515628
2020-08-07,47.537933349609375,48.75,49.18000030517578,48.04999923706055,48.689998626708984,13637300,43.89823356349454,-0.04405440732338661,50.46749992370606,50.21800018310547,-0.03846155293088005,1.0120113449128154
2020-08-10,47.9279899597168,49.150001525878906,49.66999816894531,48.27000045776367,48.849998474121094,15881500,45.73015624637911,-0.12181284778638002,50.452000045776366,50.2428002166748,-0.006267641818276326,1.0304600772500414
2020-08-11,46.57255172729492,47.7599983215332,49.7400016784668,47.630001068115234,49.0099983215332,21532800,40.75046915160891,-0.29222996874893425,50.3545000076294,50.27120018005371,-0.03922753568403414,1.1850226325463915
2020-08-12,47.274654388427734,48.47999954223633,48.72999954223633,47.65999984741211,48.380001068115234,17176600,44.143407157819986,-0.36498140524470557,50.25300006866455,50.30440017700195,-0.04019003854196235,1.255824779728677
2020-08-13,44.992828369140625,46.13999938964844,47.22999954223633,45.93000030517578,47.15999984741211,41051700,36.77305758329462,-0.6044877405376425,50.055000114440915,50.24880020141602,-0.07904190030101832,1.5572260615803186
2020-08-14,44.46625518798828,45.59999847412109,46.08000183105469,45.29999923706055,45.599998474121094,18167300,35.30798719549237,-0.82832340115921,49.86149997711182,50.13640014648438,-0.07822928342606239,1.8471895719128
2020-08-17,44.09571075439453,45.220001220703125,45.939998626708984,44.7400016784668,45.900001525878906,17303800,34.27319305536821,-1.0245668090281583,49.56200008392334,49.966400146484375,-0.11696930230146707,2.087067120196197
2020-08-18,43.29609680175781,44.400001525878906,45.15999984741211,44.04999923706055,45.060001373291016,20118100,32.08775618443015,-1.2320558727971687,49.2060001373291,49.78040016174317,-0.13819873580400632,2.3287547895780216
2020-08-19,42.95478820800781,44.04999923706055,44.70000076293945,43.849998474121094,44.29999923706055,19455500,31.174024983835935,-1.4084984173333694,48.82600002288818,49.5984001159668,-0.1471442800444145,2.5210908174470794
2020-08-20,41.921142578125,42.9900016784668,43.65999984741211,42.25,42.68000030517578,22445400,28.524791428398387,-1.6152438239394797,48.3435001373291,49.40880012512207,-0.1833206273379877,2.6716665605223677
2020-08-21,41.59935760498047,42.65999984741211,43.060001373291016,42.400001525878906,42.849998474121094,15476700,27.73457677444725,-1.7851414387271092,47.97550010681152,49.29160011291504,-0.14714115439815445,2.923599833780137
2020-08-24,42.672000885009766,43.7599983215332,43.81999969482422,42.88999938964844,43.119998931884766,14972200,34.27099833673829,-1.8101594473775222,47.58400001525879,49.193000106811525,-0.1517736345783266,2.938328221970672
2020-08-25,43.97869110107422,45.09999847412109,45.540000915527344,44.599998474121094,44.880001068115234,21524900,41.24313035638853,-1.7022372545481517,47.33449993133545,49.11020004272461,-0.09962071597655997,2.926169610430056
2020-08-26,43.8421630859375,44.959999084472656,45.81999969482422,44.689998626708984,45.599998474121094,15328900,40.75670787319708,-1.6094521572942782,47.06299991607666,48.98900001525879,-0.10775948344804431,2.8792802038866196
2020-08-27,43.5106201171875,44.619998931884766,44.83000183105469,43.66999816894531,44.54999923706055,13777000,39.53714286613174,-1.545538464697323,46.756999778747556,48.86220001220703,-0.12061494962817976,2.791811574894733
2020-08-28,44.554019927978516,45.68999862670898,45.790000915527344,44.40999984741211,44.619998931884766,13459100,45.104299198970644,-1.392494559346808,46.538499641418454,48.766399993896485,-0.08729529817619242,2.6888057537760663
2020-08-31,44.37849044799805,45.5099983215332,45.81999969482422,45.13999938964844,45.349998474121094,13241800,44.36426412338524,-1.2710784805324025,46.2944995880127,48.65999992370605,-0.09684463439619984,2.5380980797107466
2020-09-01,44.62228012084961,45.7599983215332,45.790000915527344,45.060001373291016,45.529998779296875,14079800,45.696896818260356,-1.1415236782643348,46.01749954223633,48.552199859619144,-0.10799222218165438,2.2488942281935627
2020-09-02,46.64081954956055,47.83000183105469,48.189998626708984,46.279998779296875,46.43000030517578,24636200,55.2540059350474,-0.8618833261179546,45.856499671936035,48.511999893188474,-0.06307536638841416,1.9672806765508335
2020-09-03,45.1781120300293,46.33000183105469,47.83000183105469,45.849998474121094,47.7599983215332,20632800,48.581652537347146,-0.7526279695802813,45.737999725341794,48.472799911499024,-0.04866527504632667,1.855171052399658
2020-09-04,45.32438278198242,46.47999954223633,46.95000076293945,44.88999938964844,46.189998626708984,20608500,49.24173785272662,-0.6464864572176907,45.62449970245361,48.418599929809574,-0.046564111954126575,1.7261503564654397
2020-09-08,43.91041946411133,45.02999877929688,46.22999954223633,44.529998779296875,44.9900016784668,20893600,43.43667634898152,-0.6716293621570699,45.41849956512451,48.34939987182617,-0.08382507871159928,1.5163643000430607
2020-09-09,44.027442932128906,45.150001525878906,45.880001068115234,44.45000076293945,45.880001068115234,17529100,44.02481085745058,-0.674101454765065,45.2879997253418,48.269399871826174,-0.054648176033908036,1.4130356222575267
2020-09-10,43.754398345947266,44.869998931884766,45.95000076293945,44.689998626708984,45.470001220703125,13744700,42.903842173991514,-0.6906926008618584,45.10749969482422,48.136399841308595,-0.07446370966250704,1.1980462239027407
2020-09-11,44.94406509399414,46.09000015258789,46.47999954223633,44.959999084472656,45.22999954223633,18365500,48.997403185303696,-0.5984981865982704,45.104999732971194,48.06419982910156,-0.0010836419098818606,1.1958284261516232
2020-09-14,47.810970306396484,49.02999877929688,49.59000015258789,48.29999923706055,48.349998474121094,26715400,60.05973672250802,-0.28491579851640836,45.27649974822998,48.048199768066404,0.07521930745507355,1.482218385896367
2020-09-15,47.83047866821289,49.04999923706055,49.65999984741211,48.70000076293945,49.369998931884766,14456000,60.123102288088624,-0.03438920953077229,45.467999649047854,48.01079978942871,0.08469699055655777,1.7051796879326258
2020-09-16,48.961639404296875,50.209999084472656,51.220001220703125,48.959999084472656,49.11000061035156,23542200,63.71837472690685,0.2548198062433329,45.75849952697754,48.0331997680664,0.1308557963721544,1.9855166723518438
2020-09-17,49.712486267089844,50.97999954223633,51.290000915527344,48.810001373291016,49.15999984741211,20556900,65.91516868210414,0.5399286749905983,46.10499954223633,48.05859977722168,0.15732123553240318,2.2577014000593607
2020-09-18,49.47846221923828,50.7400016784668,52.16999816894531,49.970001220703125,51.5,25549000,64.60221004958507,0.7380064072412793,46.49249954223633,48.07379981994629,0.18027447539928532,2.357786704521427
2020-09-21,47.9279899597168,49.150001525878906,49.779998779296875,47.88999938964844,49.61000061035156,21257500,56.56366111100686,0.7579475652683811,46.81699962615967,48.04279983520508,0.15213318569340073,2.2465442646693186
2020-09-22,48.464324951171875,49.70000076293945,49.779998779296875,48.779998779296875,49.27000045776367,10845300,58.487881391214,0.8088079835990669,47.11399974822998,48.04759986877441,0.13574046319109034,2.2135291975205513
2020-09-23,48.6105842590332,49.84999847412109,51.61000061035156,49.63999938964844,51.0099983215332,19160000,59.02105612969896,0.8514043340823463,47.35149974822998,48.05039985656738,0.10532151132389966,2.2407221762685188
2020-09-24,48.24003982543945,49.470001220703125,50.36000061035156,49.09000015258789,49.52000045776367,13842300,57.022921978878905,0.844761758443795,47.57699985504151,48.02959991455078,0.10031143745703597,2.2141607493334443
2020-09-25,47.91823959350586,49.13999938964844,49.599998474121094,47.779998779296875,49.56999969482422,17773000,55.27287269917398,0.803605614273124,47.802999877929686,48.010399932861326,0.10129987821523123,2.125351259298224
2020-09-28,48.483821868896484,49.720001220703125,49.77000045776367,48.130001068115234,49.63999938964844,18904000,57.72841297533791,0.8084708255708506,48.004500007629396,48.01539993286133,0.08820316732595246,2.10542301472531
2020-09-29,49.44920349121094,50.709999084472656,51.380001068115234,49.59000015258789,49.709999084472656,35676600,61.60330395753649,0.8820434466253744,48.264500045776366,48.00539993286133,0.11426062304377305,2.1022356713984225
2020-09-30,45.79243850708008,46.959999084472656,49.27000045776367,46.83000183105469,48.95000076293945,55392600,44.83722927396823,0.6304887372336125,48.32450008392334,47.914199905395506,0.026223793858287214,2.0432906293480837
2020-10-01,46.728572845458984,47.91999816894531,48.18000030517578,47.04999923706055,47.099998474121094,24460000,48.687364200722726,0.5027977809189892,48.32899990081787,47.83959983825684,0.0018815875903268608,2.0422431376686756
2020-10-02,45.39263153076172,46.54999923706055,47.52000045776367,46.5,46.86000061035156,20277500,43.970774620704596,0.28773745555439945,48.339999771118165,47.71779983520508,0.004748486883469072,2.0314735871379144
2020-10-05,46.41652297973633,47.59999847412109,47.72999954223633,46.97999954223633,46.9900016784668,16933700,48.11909955520273,0.19972446222168116,48.3959997177124,47.66939979553223,0.024096362799380433,1.9925663821377695
2020-10-06,46.14349365234375,47.31999969482422,48.83000183105469,47.220001220703125,47.54999923706055,17926200,47.11727843422192,0.10615626610858442,48.51049976348877,47.58399978637695,0.05085500727528758,1.8496330145175417
2020-10-07,47.206390380859375,48.40999984741211,49.0,48.31999969482422,48.41999816894531,13889300,51.36248811314699,0.11858967145594335,48.67349967956543,47.55039978027344,0.07220372561149646,1.6731230780977746
2020-10-08,48.659339904785156,49.900001525878906,50.0,48.220001220703125,48.9900016784668,14569700,56.502821819486584,0.24584002695956997,48.92499980926514,47.54059982299805,0.11210168740208748,1.4319680677016642
2020-10-09,48.649593353271484,49.88999938964844,50.599998474121094,49.310001373291016,50.2400016784668,13933700,56.459684902249414,0.34193811197724244,49.114999771118164,47.523599777221676,0.08244736872380298,1.280051804422984
2020-10-12,49.41994857788086,50.68000030517578,50.84000015258789,50.08000183105469,50.58000183105469,13108800,59.11469238758749,0.4763519198596313,49.19749984741211,47.53599975585937,0.033652897551684546,1.326610165031716
2020-10-13,50.56085968017578,51.84999847412109,52.75,51.63999938964844,51.88999938964844,22179400,62.7385886240009,0.6695665586593122,49.33749980926514,47.56519973754883,0.05708459287691392,1.452040104158464
2020-10-14,50.34632873535156,51.630001068115234,52.25,51.349998474121094,52.0099983215332,15899400,61.632386394203515,0.7957655104174606,49.40849990844727,47.571799774169925,0.02828125890330302,1.5295936091262952
2020-10-15,50.64862060546875,51.93999862670898,51.970001220703125,50.31999969482422,50.7599983215332,14000600,62.63220822704981,0.9102999301680157,49.456499862670896,47.58959976196289,0.0188308962944832,1.595161604120941
2020-10-16,50.326820373535156,51.61000061035156,52.54999923706055,51.58000183105469,52.150001525878906,14225400,60.81539980808442,0.9633364579535524,49.499999809265134,47.647799758911134,0.017146214093524126,1.643145474771962
2020-10-19,51.321475982666016,52.630001068115234,54.0,51.29999923706055,51.970001220703125,24176200,64.26579800755303,1.0752786577444127,49.67399978637695,47.725399780273435,0.07080365074666384,1.7824805781084005
2020-10-20,52.199092864990234,53.52999877929688,54.20000076293945,52.75,53.13999938964844,17343400,67.02488761061377,1.2225234618030854,49.86549968719483,47.8129997253418,0.07706233315017164,1.9801928555425259
2020-10-21,51.98455810546875,53.310001373291016,53.959999084472656,53.18000030517578,53.29999923706055,12922200,65.68970741278886,1.3064046581015418,50.03849983215332,47.92399978637695,0.06940828495644058,2.124640919909093
2020-10-22,53.027957916259766,54.380001068115234,54.849998474121094,53.08000183105469,53.290000915527344,14842600,68.93142988285504,1.442591842730451,50.283999824523924,48.04199981689453,0.099252066429246,2.3293089004212284
2020-10-23,51.53599166870117,52.84999847412109,54.119998931884766,52.380001068115234,54.09000015258789,16175700,60.17616810623913,1.4107999218478113,50.46949977874756,48.17619979858399,0.07549855780531778,2.380571874377303
2020-10-26,50.84364700317383,52.13999938964844,52.88999938964844,51.400001525878906,52.400001525878906,11678900,56.58447326605156,1.3131761261345574,50.59049968719482,48.30699981689453,0.04867252834936853,2.401877860046761
2020-10-27,50.66811752319336,51.959999084472656,52.31999969482422,51.540000915527344,52.029998779296875,8964800,55.67717058414698,1.2073662775003555,50.65299968719482,48.44179977416992,0.02464997086507048,2.421335552848424
2020-10-28,48.75685119628906,50.0,50.849998474121094,49.56999969482422,50.75,15463700,46.8652057453996,0.9543544602649163,50.80499973297119,48.55379974365234,0.06473596624350275,2.267859252475288
2020-10-29,49.22492980957031,50.47999954223633,50.90999984741211,49.380001068115234,49.709999084472656,12420700,48.99424852067688,0.7835405559965665,50.932999801635745,48.68239974975586,0.05342240131699394,2.16643336457463
2020-10-30,49.08840560913086,50.34000015258789,50.43000030517578,49.29999923706055,50.0099983215332,15955700,48.38528858332893,0.6296147189369137,51.12249984741211,48.82939971923828,0.08141785129203516,1.9139101093589348
2020-11-02,48.474063873291016,49.709999084472656,50.790000915527344,49.439998626708984,50.790000915527344,13103200,45.63641379997017,0.45158596117515515,51.22799987792969,48.970399703979496,0.044327745335931645,1.7616159384751413
2020-11-03,49.81000518798828,51.08000183105469,51.59000015258789,50.0099983215332,50.130001068115234,11429500,52.02002560239584,0.41624643033501485,51.41599998474121,49.11679977416992,0.07945904819271865,1.5044684455001458
2020-11-04,50.66811752319336,51.959999084472656,52.5,50.93000030517578,51.72999954223633,13554400,55.624532604545884,0.45401442575759887,51.593499946594235,49.25399978637695,0.07333194067858106,1.330509483586058
2020-11-05,53.22298812866211,54.58000183105469,54.779998779296875,52.779998779296875,52.880001068115234,16373600,64.23855559552044,0.6874338500951396,51.82749996185303,49.44639984130859,0.09378757839814211,1.425168331598512
2020-11-06,53.788570404052734,55.15999984741211,55.40999984741211,54.33000183105469,54.459999084472656,13922600,65.82031556342994,0.9087459604952812,52.09099998474121,49.65719985961914,0.10563240172853416,1.531321968846233
2020-11-09,54.56867218017578,55.959999084472656,57.83000183105469,55.869998931884766,56.470001220703125,20968500,67.92751611765868,1.1356001632182213,52.35499992370605,49.86259986877442,0.10418308499413409,1.718908880590287
2020-11-10,54.032352447509766,55.40999984741211,55.939998626708984,54.36000061035156,55.130001068115234,14502100,64.96229959947178,1.2565190420166275,52.532999992370605,50.060599899291994,0.06865962349194388,1.8436608981009295
2020-11-11,54.9587287902832,56.36000061035156,56.939998626708984,55.849998474121094,55.970001220703125,14765500,67.59369853538774,1.4127202866428377,52.769499969482425,50.27259994506836,0.09161339229871523,2.0169610612044226
2020-11-12,54.85146713256836,56.25,56.970001220703125,55.88999938964844,56.599998474121094,13785600,66.96655795841424,1.510225825206355,52.98500003814697,50.44099990844727,0.08298039059005102,2.149559427549403
2020-11-13,56.48969650268555,57.93000030517578,58.189998626708984,56.75,56.790000915527344,14318800,71.3400913060623,1.7034256210726326,53.30100002288818,50.67299987792969,0.12245688083864503,2.388093198019489
2020-11-16,60.32197570800781,61.86000061035156,61.90999984741211,59.61000061035156,59.720001220703125,31397200,78.50838229714152,2.1488850225651035,53.7625,50.980599899291995,0.17537524900086177,3.051344830411664
2020-11-17,60.448753356933594,61.9900016784668,62.20000076293945,60.29999923706055,61.0,17703600,78.69818242704423,2.4837734135263503,54.185500144958496,51.31979995727539,0.15804227708000407,3.5612131641247067
2020-11-18,59.22983169555664,60.7400016784668,62.040000915527344,60.630001068115234,61.5,18734500,72.10436760146642,2.6181301481708914,54.557000160217285,51.63159996032715,0.1393734780299276,3.8415819920635537
2020-11-19,60.29273223876953,61.83000183105469,61.970001220703125,59.650001525878906,60.040000915527344,12723600,74.13914173257743,2.780510734230795,54.92950019836426,51.97080001831055,0.13699890799207126,4.170620242211875
2020-11-20,59.87342834472656,61.400001525878906,62.63999938964844,61.349998474121094,61.47999954223633,14115700,71.91070438960799,2.841743240454811,55.35700035095215,52.27700004577637,0.161778681146878,4.379229223752474
2020-11-23,62.58429718017578,64.18000030517578,64.5,62.29999923706055,62.61000061035156,20612600,76.77175179341688,3.079099172278447,55.95900039672851,52.58000007629394,0.23091678282446804,4.7274310103462955
2020-11-24,62.36001968383789,63.95000076293945,64.29000091552734,62.88999938964844,64.29000091552734,22625600,75.60598353862424,3.211624805839044,56.55850048065186,52.87800010681153,0.23075446285082402,4.948681608261512
2020-11-25,61.85295104980469,63.43000030517578,64.0,62.61000061035156,63.65999984741211,12468500,72.9103467448915,3.237374199538266,57.230000495910645,53.142400131225585,0.26860000610351564,4.923011911917976
2020-11-27,62.63307189941406,64.2300033569336,64.80000305175781,63.5099983215332,63.83000183105469,7500200,74.42131724330918,3.2844729799324313,57.91750068664551,53.40740020751953,0.2723851810496296,4.890750003550498
2020-11-30,62.49654006958008,64.08999633789062,65.25,63.58000183105469,64.55999755859375,20373500,73.64712082033546,3.2727751912015464,58.605000495910645,53.674400100708006,0.27314255350863115,4.733405054634551
2020-12-01,65.41220092773438,67.08000183105469,68.62999725341797,65.13999938964844,65.25,36160400,78.73489852490079,3.464832630354813,59.473500633239745,54.03300010681152,0.3494267364009609,4.607294517015804
2020-12-02,67.39171600341797,69.11000061035156,69.38999938964844,66.76000213623047,67.61000061035156,23298900,81.36534722087121,3.7377569353862654,60.37500057220459,54.421200103759766,0.3529756878030361,4.642330173927943
2020-12-03,68.16209411621094,69.9000015258789,71.12000274658203,69.55000305175781,70.56999969482422,20462300,82.2837851606751,3.97201101452265,61.2720006942749,54.82220016479492,0.3452656419843416,4.663941004527559
2020-12-04,71.51655578613281,73.33999633789062,74.37999725341797,70.54000091552734,71.11000061035156,31860800,85.60971312695638,4.3846938704791825,62.2100004196167,55.29960006713867,0.34371553458178816,5.112170043681204
2020-12-07,70.80470275878906,72.61000061035156,73.4000015258789,71.4800033569336,73.29000091552734,17460600,82.08788481805688,4.599819595650217,63.08250045776367,55.76900009155273,0.31635244400310025,5.33007227225904
2020-12-08,71.37027740478516,73.19000244140625,73.55000305175781,71.9800033569336,72.0,15431100,82.69694696207144,4.762213747527625,63.94400062561035,56.2384001159668,0.307898563953237,5.50775366320014
2020-12-09,69.63458251953125,71.41000366210938,74.61000061035156,70.77999877929688,73.1500015258789,18367300,74.34234068852851,4.693181186148308,64.74400081634522,56.652400207519534,0.2887566117805094,5.363049426303954
2020-12-10,69.50778198242188,71.27999877929688,71.94999694824219,69.66999816894531,70.13999938964844,15610600,73.75625647948695,4.575241539872948,65.49000072479248,57.13880020141602,0.264726721209527,5.169654251292082
2020-12-11,68.77643585205078,70.52999877929688,71.31999969482422,69.4000015258789,70.37999725341797,15322000,70.31242305677634,4.370870118547543,66.20400066375733,57.59100021362305,0.2538666449652778,4.799173312684884
2020-12-14,69.76132202148438,71.54000091552734,72.19999694824219,71.02999877929688,71.4000015258789,13573700,72.19524014619867,4.241509544404465,66.8845006942749,58.090800247192384,0.23493872844215358,4.52107018153505
2020-12-15,71.33128356933594,73.1500015258789,73.37000274658203,72.33000183105469,72.80999755859375,11538300,74.92521716478461,4.220255473244563,67.44900074005128,58.60180030822754,0.1825089040435297,4.565310444766545
2020-12-16,71.17525482177734,72.98999786376953,74.3499984741211,72.62999725341797,74.19000244140625,13889300,74.14607523695948,4.142745518825734,67.9990005493164,59.11520027160645,0.17744790913796282,4.535538685882712
2020-12-17,70.46341705322266,72.26000213623047,73.73999786376953,71.76000213623047,73.58999633789062,11988100,70.54186132270029,3.9765742940064257,68.57500057220459,59.59220031738281,0.1896608518179821,4.2900046720682345
2020-12-18,69.68331146240234,71.45999908447266,73.44999694824219,71.05999755859375,72.69999694824219,23912500,66.71450690229986,3.737248170215679,69.05650043487549,60.02340026855469,0.1557495870650487,4.025380189194364
2020-12-21,69.69305419921875,71.47000122070312,71.69999694824219,69.6500015258789,70.0,13180400,66.73880517584536,3.5079501163442615,69.5600004196167,60.45500030517578,0.16400650561189178,3.6274015166046336
2020-12-22,68.68865966796875,70.44000244140625,71.77999877929688,69.76000213623047,71.51000213623047,11154200,61.74053808120332,3.20615885964817,69.87300052642823,60.85020034790039,0.09753820670713886,3.4018061339013994
2020-12-23,68.21083068847656,69.94999694824219,71.05999755859375,69.88999938964844,70.47000122070312,8524000,59.45910202536079,2.89408653817064,70.17300033569336,61.21220031738281,0.0938232386821154,3.1034566383803632
2020-12-24,68.8251724243164,70.58000183105469,70.63999938964844,69.76000213623047,70.30999755859375,4848500,61.432380483847076,2.6668611881983963,70.5305004119873,61.5912003326416,0.1127227099397552,2.6669408231993557
2020-12-28,68.9031982421875,70.66000366210938,72.11000061035156,70.47000122070312,71.79000091552734,8345200,61.687402283062355,2.464825961059873,70.8520004272461,61.96560043334961,0.10010898286029235,2.2170648744077566
2020-12-29,68.46438598632812,70.20999908447266,71.4000015258789,69.13999938964844,71.0,9403400,59.31167624606067,2.242549267381335,71.15800056457519,62.33760040283203,0.09549076449180305,1.5594685536741886
2020-12-30,70.13186645507812,71.91999816894531,72.6500015258789,70.37000274658203,70.41999816894531,11620300,64.85121739305936,2.179254927022683,71.40000038146972,62.723400344848635,0.07215259698532006,1.2351473314847803
2020-12-31,73.31082153320312,75.18000030517578,75.68000030517578,72.37000274658203,72.38999938964844,23214500,72.52968178422633,2.3648876806059604,71.70350036621093,63.15640037536621,0.0878309888759432,1.3800885809812748
2021-01-04,72.20890045166016,74.05000305175781,78.61000061035156,73.75,76.4800033569336,31155900,67.06105069513325,2.393233929658024,71.91100044250489,63.571200408935546,0.05937054986103907,1.406387430500063
2021-01-05,75.33910369873047,77.26000213623047,78.69000244140625,76.02999877929688,76.44000244140625,33418200,73.23476028431661,2.6442375112418404,72.10700073242188,64.02880043029785,0.05344976812215352,1.8264439718840706
2021-01-06,75.19282531738281,77.11000061035156,78.44999694824219,76.0999984741211,76.36000061035156,22390900,72.55045163907437,2.7987930444782307,72.33200073242188,64.51400047302246,0.06197493406105914,2.1416490568026316
2021-01-07,77.1430892944336,79.11000061035156,80.08000183105469,78.05000305175781,78.05999755859375,27945300,75.79766636619267,3.0475326440853507,72.62800064086915,65.05340049743653,0.08088533913746887,2.621764667508739
2021-01-08,75.49510192871094,77.41999816894531,84.16000366210938,77.06999969482422,82.54000091552734,51272100,68.43100444529966,3.0728693704564023,72.92850036621094,65.56260047912598,0.08416180084898772,2.812313820124079
2021-01-11,76.71403503417969,78.66999816894531,79.79000091552734,76.41999816894531,76.58999633789062,19920800,70.69930301928044,3.1574167273516025,73.29800033569336,66.13600044250488,0.10367563855507322,3.058979073087446
2021-01-12,77.4843978881836,79.45999908447266,79.62000274658203,77.81999969482422,79.19000244140625,18231000,72.06540793592228,3.250695593082483,73.74450035095215,66.7156004333496,0.12661279540241632,3.2776022776074503
2021-01-13,77.9232177734375,79.91000366210938,80.38999938964844,78.55000305175781,78.94999694824219,15067700,72.84214771200413,3.3226301625340255,74.16300048828126,67.30700050354004,0.11699752082006709,3.5075979420139216
2021-01-14,79.27865600585938,81.30000305175781,82.20999908447266,79.55000305175781,80.01000213623047,17639300,75.14142719604345,3.452007566691279,74.5705005645752,67.93880058288575,0.11141491942410431,3.8412657972904576
2021-01-15,78.71307373046875,80.72000122070312,81.87999725341797,79.52999877929688,80.91999816894531,14322600,72.38745782570535,3.4677645598734586,74.95700073242188,68.5316005706787,0.10590496757324308,4.056715404057232
2021-01-19,83.37422180175781,85.5,85.68000030517578,80.95999908447266,81.27999877929688,26602500,79.16481214528679,3.821901541941614,75.61900062561035,69.20240058898926,0.18322720000489912,4.632823468284425
2021-01-20,81.42395782470703,83.5,87.25,83.2300033569336,85.93000030517578,21191700,71.28135617997708,3.896260698354652,76.22100067138672,69.78080055236816,0.1684858811892076,4.841502532626241
2021-01-21,82.89643859863281,85.01000213623047,85.0999984741211,82.51000213623047,84.0,14696200,73.43249061595449,4.030573476231041,76.89800071716309,70.37780059814453,0.18945012850517662,5.082843994748694
2021-01-22,80.23429107666016,82.27999877929688,84.94999694824219,82.2300033569336,84.08000183105469,14229500,64.08621562925805,3.8720937782736087,77.49000053405761,70.90420059204102,0.16808625677915656,4.979545763321103
2021-01-25,79.2591552734375,81.27999877929688,83.5,78.88999938964844,83.19000244140625,19283400,61.022410374061465,3.624030268155707,78.05650062561035,71.4216005706787,0.16197287098436974,4.714008405645291
2021-01-26,77.53317260742188,79.51000213623047,81.9800033569336,79.01000213623047,81.79000091552734,13678000,55.92596748377484,3.2471827115719236,78.50300064086915,71.88460060119628,0.1265230954024521,4.379635991034046
2021-01-27,73.22305297851562,75.08999633789062,77.58999633789062,74.33000183105469,77.33000183105469,23513400,45.66870285923545,2.562333790602281,78.7245002746582,72.2614005279541,0.0626944869259436,4.062652567973655
2021-01-28,76.44099426269531,78.38999938964844,80.18000030517578,76.72000122070312,77.19999694824219,18351400,52.65109421531516,2.259818967297903,79.133500289917,72.67060050964355,0.11650762586300667,3.538266836713633
2021-01-29,76.32398223876953,78.2699966430664,79.37000274658203,76.94999694824219,78.36000061035156,17934400,52.38743510817197,1.987480137719004,79.45100021362305,72.99880043029785,0.0882925283063063,3.1166970845141093
2021-02-01,78.4302978515625,80.43000030517578,81.08999633789062,78.4800033569336,79.58999633789062,14900200,56.60023418428308,1.923767897986778,79.71350021362305,73.36760040283202,0.06983240195116847,2.9549342282916276
2021-02-02,79.59070587158203,81.62000274658203,81.73999786376953,79.91999816894531,81.26000213623047,11386200,58.76491615130548,1.946856589841687,80.09200019836426,73.78520042419433,0.10222821583860187,2.661572513164271
2021-02-03,77.1430892944336,79.11000061035156,82.52999877929688,78.97000122070312,81.8499984741211,17456000,52.78459101546147,1.7425315302584181,80.18450012207032,74.13080039978027,0.02394509996076688,2.589130946079812
2021-02-04,79.22988891601562,81.25,81.33999633789062,78.95999908447266,79.1500015258789,11519700,56.81937120098135,1.733302086964187,80.39150009155273,74.52780036926269,0.053689526091025286,2.494142032190093
2021-02-05,79.0836181640625,81.0999984741211,82.0199966430664,80.72000122070312,81.7699966430664,10958000,56.455199011756065,1.6943523776240568,80.49099998474121,74.8662003326416,0.025154820483077378,2.4799816374628105
2021-02-08,81.9212875366211,84.01000213623047,84.05999755859375,81.63999938964844,81.75,12394800,61.597446748658435,1.8766644088492228,80.82050018310547,75.26740036010742,0.08512017725581056,2.4882543648110507
2021-02-09,81.2484359741211,83.31999969482422,84.0,82.4000015258789,83.3499984741211,10362500,59.79435169330816,1.9430720515618987,81.05300025939941,75.6652003479004,0.059107685701135226,2.4939769454328915
2021-02-10,80.30254364013672,82.3499984741211,84.44000244140625,81.30000305175781,84.0,9869200,57.256943101195006,1.8955785454651846,81.19750022888184,76.02760025024413,0.036370493618759436,2.480507650554505
2021-02-11,84.32984924316406,86.4800033569336,86.63999938964844,84.0,84.4000015258789,18750400,64.21910894050177,2.166225577830687,81.52600021362305,76.475400390625,0.08221748709466636,2.7241067389016154
2021-02-12,85.8218002319336,88.01000213623047,88.31999969482422,85.45999908447266,86.11000061035156,14273900,66.40240286365582,2.475635826860625,81.86150016784669,76.89400039672852,0.08253381097908297,3.08420760789353
2021-02-16,85.55852508544922,87.73999786376953,89.22000122070312,87.05000305175781,89.22000122070312,10312800,65.64119759486675,2.668300087677949,82.2125,77.26660034179687,0.08696725144828066,3.336592119563917
2021-02-17,83.91055297851562,86.05000305175781,87.31999969482422,84.9000015258789,86.69000244140625,10033500,60.932846141545646,2.654025491204223,82.2400001525879,77.58960037231445,0.00643278423108562,3.3672395435460802
2021-02-18,86.33863830566406,88.54000091552734,88.7300033569336,85.95999908447266,86.5199966430664,19168100,64.92484379603934,2.811228694026042,82.49200019836425,77.89360046386719,0.060359292401525044,3.643740633389933
2021-02-19,88.69847106933594,90.95999908447266,91.48999786376953,88.80999755859375,90.25,21886500,68.3136833585969,3.095405089269235,82.78950004577636,78.26060043334961,0.06999172801698306,4.077257969561808
2021-02-22,84.13484191894531,86.27999877929688,90.5199966430664,85.91999816894531,89.52999877929688,16077000,56.87034399938899,2.9094417838272904,82.98950004577637,78.52240036010743,0.04861448783840361,4.1484341264278575
2021-02-23,86.03636169433594,88.2300033569336,89.19999694824219,82.44000244140625,85.23999786376953,23203200,59.885571704565315,2.8861439263970396,83.33700027465821,78.8588003540039,0.08550694736731446,4.286490163523001
2021-02-24,90.21968078613281,92.5199966430664,92.5999984741211,87.7300033569336,88.30000305175781,21281700,65.58574611339353,3.177221776860904,83.9875,79.2836003112793,0.16362714321834537,4.647152326764387
2021-02-25,85.9290771484375,88.12000274658203,93.0999984741211,87.58000183105469,91.5199966430664,22546200,56.68837527993298,3.018069904121745,84.63900032043458,79.635400390625,0.17352519701903923,4.228645573862623
2021-02-26,89.25430297851562,91.52999877929688,92.94000244140625,88.2300033569336,89.73999786376953,22787600,61.09352429421865,3.1310067824586696,85.29600028991699,80.03520034790039,0.16762341487380605,4.227418599712371
2021-03-01,92.40400695800781,94.76000213623048,95.75,92.56999969482422,94.54000091552734,19908900,64.7506586697277,3.441473188176502,86.1205005645752,80.46740036010742,0.2106810553265157,4.389921962919425
2021-03-02,88.82524108886719,91.08999633789062,94.9000015258789,90.9000015258789,93.56999969482422,18679600,58.07137904831873,3.3527330356585168,86.65350036621093,80.82940032958984,0.13253756051557364,4.309043130061192
2021-03-03,86.89447784423828,89.11000061035156,93.33000183105469,88.38999938964844,90.56999969482422,26424100,54.78777142066786,3.0870511141309436,87.02800025939942,81.16640029907227,0.09176669458128872,4.171851116335416
2021-03-04,82.23331451416016,84.33000183105469,89.75,81.8499984741211,88.80999755859375,31971100,47.76586582230521,2.4624052488975536,87.28900032043457,81.4238003540039,0.06598408773138198,3.796844600179505
2021-03-05,86.71896362304688,88.93000030517578,89.31999969482422,83.30000305175781,87.52999877929688,30329100,53.890452644322025,2.3119001871899343,87.67300033569336,81.77300033569335,0.09452308067908644,3.5331422222157474
2021-03-08,82.9354248046875,85.05000305175781,89.72000122070312,84.87000274658203,88.56999969482422,22708300,48.70319022575775,1.8581212247567152,87.8705005645752,82.06520034790039,0.04870535945690757,3.245031990409192
2021-03-09,87.07975769042969,89.30000305175781,90.18000030517578,86.30000305175781,88.0,22301400,53.933785406325626,1.8204525650183427,88.13500061035157,82.4522004699707,0.06296870349972239,3.127259128829458
2021-03-10,83.28646850585938,85.41000366210938,90.01000213623047,85.30999755859375,90.01000213623047,23407800,49.00802544544976,1.459880842516128,88.23950080871582,82.74880050659179,0.02508406114906636,2.989791510424597
2021-03-11,87.0895004272461,89.30999755859375,90.22000122070312,86.8499984741211,87.58999633789062,20716500,53.58491630968807,1.471855435232328,88.58750076293946,83.12180038452148,0.08451729463795776,2.6544486831676766
2021-03-12,85.5877914428711,87.7699966430664,88.52999877929688,86.43000030517578,87.56999969482422,21916400,51.61483126428959,1.3416148814467448,88.6520004272461,83.47300033569336,0.014916665541842677,2.6159372070728715
2021-03-15,86.64093780517578,88.8499984741211,88.91000366210938,86.13999938964844,87.7699966430664,16144400,52.922049687532365,1.3104394952721208,88.69400024414062,83.81160034179688,0.00954432811614292,2.611827185426565
2021-03-16,89.15679931640625,91.43000030517578,94.68000030517578,90.11000061035156,90.75,28539000,55.981552304018685,1.4768926636209017,88.87850036621094,84.13660034179688,0.04205610361577139,2.670560295789344
2021-03-17,92.40400695800781,94.76000213623048,95.48999786376953,90.0999984741211,91.33000183105469,24616700,59.62840585085027,1.8561151761877426,89.31400032043457,84.55080032348633,0.10122020657261022,2.8864877162554707
2021-03-18,87.58682250976562,89.81999969482422,93.4800033569336,89.41000366210938,92.97000122070312,27081000,52.65860563590948,1.7380002528024363,89.37800025939941,84.8020002746582,0.014456728778646344,2.8826108033673816
2021-03-19,88.2596664428711,90.51000213623048,92.68000030517578,88.88999938964844,90.36000061035156,24963400,53.476593359926824,1.6806967297745388,89.35550041198731,85.07000030517578,-0.004947196050697711,2.8713470058682353
2021-03-22,89.0105209350586,91.27999877929688,92.41999816894531,89.6500015258789,91.83000183105469,19365800,54.42299271008388,1.6780718017235046,89.60550041198731,85.31340026855469,0.057950858492591406,2.8064120435658375
2021-03-23,83.27671813964844,85.4000015258789,91.2699966430664,84.97000122070312,91.0199966430664,32043800,46.62327819944747,1.187832298827118,89.46400032043456,85.47300033569336,-0.03207527738161753,2.9472271162601693
2021-03-24,80.93639373779297,83.0,87.1500015258789,82.91999816894531,87.05999755859375,24232800,43.86024311559792,0.5987518566150953,88.98800048828124,85.55960037231445,-0.10289663844015984,3.1867280335462835
2021-03-25,81.99925994873047,84.08999633789062,84.43000030517578,80.48999786376953,81.13999938964844,23630200,45.441647875556434,0.2173494874588755,88.78650016784668,85.6522003173828,-0.045733162540643746,3.366823058447252
2021-03-26,85.8023452758789,87.98999786376953,88.13999938964844,84.02999877929688,84.16000366210938,23949100,50.783675315163144,0.22716428306233638,88.60950012207032,85.81380020141602,-0.038675854503868456,3.307531307058139
2021-03-29,84.43712615966797,86.58999633789062,88.25,85.7699966430664,87.76000213623047,21772800,48.931501138615225,0.12058413757543462,88.20099983215331,85.91960006713867,-0.08621787266946612,2.9979622409678264
2021-03-30,84.38838195800781,86.54000091552734,87.22000122070312,85.25,86.26000213623047,13897000,48.86296432290071,0.031718757560113886,87.97350006103515,86.03600006103515,-0.04995055006353777,2.9392557958990952
2021-03-31,86.01683807373047,88.20999908447266,89.08000183105469,86.70999908447266,87.44000244140625,25372300,51.31593659715588,0.09495264415845384,87.92849998474121,86.0902000427246,-0.010099893611428823,2.927807390423612
2021-04-01,90.1124267578125,92.41000366210938,94.37999725341797,91.25,93.0,39700600,56.91370233836302,0.47845588179873744,88.33250007629394,86.2684001159668,0.09581408342954889,2.9623908459717696
2021-04-05,91.41912078857422,93.75,94.66999816894531,92.47000122070312,93.93000030517578,19795100,58.551191674894994,0.880363187453483,88.57350006103516,86.44320007324218,0.054199928913569284,3.2000831404379175
2021-04-06,91.16557312011719,93.48999786376952,96.0999984741211,92.66000366210938,93.83999633789062,22847000,58.08987649634622,1.1644742885668506,88.99549980163575,86.66740005493165,0.0992356791201463,3.266781402133255
2021-04-07,91.6239013671875,93.95999908447266,95.06999969482422,92.54000091552734,94.25,17621500,58.722983413736415,1.411291068713851,89.22849960327149,86.92100006103516,0.05218360440608194,3.4506529252932134
2021-04-08,92.92081451416016,95.29000091552734,96.38999938964844,93.77999877929688,95.0,17815600,60.53957705709792,1.6946799619762345,89.72249946594238,87.2366000366211,0.11567728403928235,3.5800123215407433
2021-04-09,92.93057250976562,95.3000030517578,95.37999725341797,93.30999755859375,94.33999633789062,14080200,60.553636938838586,1.8981935962032992,90.02199974060059,87.64080017089844,0.0670698203662381,3.7881925725038785
2021-04-12,93.2133560180664,95.58999633789062,96.95999908447266,94.75,95.19000244140625,18818300,60.98764911622023,2.0591431319279536,90.41299972534179,87.98480010986329,0.08909650215238996,3.9438900430110624
2021-04-13,89.8589096069336,92.1500015258789,96.81999969482422,91.4000015258789,96.29000091552734,27102100,53.47185726373239,1.8873616363730719,90.57799987792968,88.26240020751953,0.03714128428172114,3.9440882215801967
2021-04-14,88.41570281982422,90.66999816894533,92.52999877929688,89.51000213623047,91.66000366210938,19117400,50.58362323020912,1.6132036539878243,90.53999977111816,88.46720016479492,-0.00831239345612722,3.9391054614208363
2021-04-15,88.02562713623047,90.2699966430664,91.95999908447266,89.44999694824219,91.75,16017000,49.800687556096165,1.3481144730860848,90.31549949645996,88.64020004272462,-0.04738291886812196,3.8118303322052935
2021-04-16,88.40592193603516,90.66000366210938,91.33000183105469,90.08000183105469,90.44000244140625,12358700,50.60348852025655,1.1561720625245044,90.35749969482421,88.87120010375976,0.009352081609209417,3.810710956476301
2021-04-19,86.21188354492188,88.41000366210938,90.68000030517578,86.5199966430664,90.66999816894531,21361600,46.03001651037738,0.8131269025400911,90.25249977111817,89.01440017700196,-0.023201838742201275,3.835141018512067
2021-04-20,85.30500030517578,87.4800033569336,88.94999694824219,86.52999877929688,88.37999725341797,17396900,44.24984211626235,0.46090486507341666,90.0625,89.1420002746582,-0.04163009939944429,3.875474910795899
2021-04-21,87.26502990722656,89.48999786376953,89.55999755859375,86.33000183105469,87.05999755859375,14781300,48.85379914881823,0.34003639335770686,90.26699981689453,89.25160018920899,0.04789222792520942,3.721341531396055
2021-04-22,82.60386657714844,84.70999908447266,88.36000061035156,83.9000015258789,88.19999694824219,34044100,40.32517429042845,-0.13984662976356788,90.35249977111816,89.27940017700195,0.02060239860810431,3.561815319472248
2021-04-23,83.89104461669922,86.02999877929688,86.45999908447266,84.56999969482422,85.23999786376953,18118600,43.27041635112042,-0.4089305425391103,90.44949989318847,89.35300018310546,0.023070549719266475,3.4052662321916727
2021-04-26,85.6560287475586,87.83999633789062,88.30000305175781,86.11000061035156,86.47000122070312,14757700,47.12410321420376,-0.47070382516730547,90.44199981689454,89.38020004272461,-0.001704756557798115,3.411128518922336
2021-04-27,87.23576354980469,89.45999908447266,90.19000244140625,88.02999877929688,89.33000183105469,17681000,50.37350120643923,-0.3845065616852139,90.58549995422364,89.40919998168945,0.03314473805245055,3.299080466205295
2021-04-28,83.89104461669922,86.02999877929688,87.76000213623047,85.3499984741211,87.66000366210938,19433500,44.18252937887099,-0.5862095099490432,90.55999984741212,89.375,-0.00589325318737044,3.3337842406519616
2021-04-29,85.87057495117188,88.05999755859375,88.08999633789062,85.55000305175781,87.72000122070312,16463300,48.23724477863667,-0.5756212105543028,90.55249977111816,89.41519989013672,-0.0017005047889782077,3.3395131439726904
2021-04-30,83.9300537109375,86.06999969482422,88.4800033569336,85.55999755859375,86.93000030517578,14548100,44.80147501386113,-0.7195120168499614,90.23549957275391,89.36579986572265,-0.0686073337954507,3.452895935223906
2021-05-03,82.90615844726562,85.0199966430664,87.01000213623047,83.87000274658203,86.97000122070312,16300400,43.058762543771685,-0.9078083391095788,89.79899940490722,89.24699981689453,-0.09312003580729167,3.5360282958805684
2021-05-04,82.31132507324219,84.41000366210938,85.44000244140625,82.02999877929688,84.13999938964844,17850500,42.03577247259218,-1.093648962276987,89.34499969482422,89.20959991455078,-0.09712262711665909,3.6191153094117663
2021-05-05,83.03292083740234,85.1500015258789,85.94999694824219,84.02999877929688,85.48999786376953,13172100,43.780732054207455,-1.1677561854575487,88.90449981689453,89.14799987792969,-0.09376327846356525,3.563564923052788
2021-05-06,82.6916275024414,84.80000305175781,85.12000274658203,83.27999877929688,84.87000274658203,13716900,43.11955172419032,-1.2404297436006004,88.37999992370605,88.99360000610352,-0.11008498019712165,3.339170799297299
2021-05-07,83.84228515625,85.9800033569336,86.31999969482422,84.98999786376953,85.91000366210938,12746100,46.07631864954882,-1.1891006865351272,87.91399993896485,88.95080001831055,-0.09779642598502836,2.950304100502664
2021-05-10,78.83985137939453,80.8499984741211,85.0,80.80000305175781,84.94999694824219,24862900,37.05748519575701,-1.5445657671037907,87.17700004577637,88.73720001220703,-0.15420021370925385,2.7672655185333745
2021-05-11,78.67407989501953,80.68000030517578,80.76000213623047,76.81999969482422,77.2699966430664,23227800,36.80042397553558,-1.8190232680110228,86.6034999847412,88.45559997558594,-0.12447098242838284,2.8690694077140177
2021-05-12,74.89054107666016,76.80000305175781,79.97000122070312,76.41000366210938,79.13999938964844,23472600,31.439832594118272,-2.3228399140883624,85.91000022888184,88.16980010986327,-0.15297226643088224,3.451566634875042
2021-05-13,75.2708511352539,77.19000244140625,78.86000061035156,76.52999877929688,77.97000122070312,20153800,32.50410893871651,-2.6599858830477956,85.25600051879883,87.93140014648438,-0.14489857857621646,3.803235552794594
2021-05-14,77.71842956542969,79.69999694824219,80.1500015258789,77.08000183105469,78.79000091552734,18241100,39.06063772149708,-2.6935908737607406,84.70800018310547,87.83880004882812,-0.12089131117527008,3.773085091703744
2021-05-17,78.39127349853516,80.38999938964844,80.41999816894531,77.72000122070312,79.0999984741211,15011500,40.76414440724114,-2.634180448095904,84.30699996948242,87.66800003051758,-0.0907137647354056,3.7850921475449963
2021-05-18,76.91883087158203,78.87999725341797,80.91999816894531,78.80000305175781,80.55000305175781,20893800,38.24456918906618,-2.6780706787632624,83.87699966430664,87.54459991455079,-0.09830825072589566,3.8926241417995926
2021-05-19,77.94271087646484,79.93000030517578,80.2699966430664,76.16000366210938,77.20999908447266,27300000,40.97651167820033,-2.598177360442037,83.39899978637695,87.35719985961914,-0.10682755376915887,3.7515001137432056
2021-05-20,79.11287689208984,81.12999725341797,81.48999786376953,79.5199966430664,80.5,17123000,44.024202787374726,-2.4102477691859434,83.21999969482422,87.2715997314453,-0.04226185656648063,3.7710123005308187
2021-05-21,78.71307373046875,80.72000122070312,81.98999786376953,80.37000274658203,81.7699966430664,13076900,43.20338261223909,-2.2682485106214045,82.95449981689453,87.0997998046875,-0.06172262738508372,3.7496261950998298
2021-05-24,80.8388671875,82.9000015258789,83.62000274658203,81.36000061035156,81.41999816894531,15730400,48.682192136688414,-1.9572433861409024,82.70750007629394,87.00239990234375,-0.0562385589476716,3.5692322027552876
2021-05-25,79.21039581298828,81.2300033569336,83.70999908447266,79.70999908447266,83.56999969482422,26272100,45.09361024410944,-1.8244928617926632,82.29600028991699,86.85,-0.09199637616548473,3.205661636632941
2021-05-26,80.19527435302734,82.23999786376953,82.44000244140625,81.0199966430664,81.58000183105469,12609800,47.60895487942553,-1.6191247369085033,82.10650024414062,86.66619995117188,-0.04405441089509121,3.082985994890107
2021-05-27,81.84327697753906,83.93000030517578,84.75,82.33000183105469,82.45999908447266,22286500,51.60413079461458,-1.3049572108396887,81.90000038146972,86.44959991455079,-0.046899811127861235,2.7873721691984135
2021-05-28,82.04804229736328,84.13999938964844,84.7300033569336,83.22000122070312,84.22000122070312,11330300,52.09299987957117,-1.0271911912456062,81.80350036621094,86.33599990844726,-0.022423612315776942,2.666180836516824
2021-06-01,82.05780029296875,84.1500015258789,85.76000213623047,83.62000274658203,84.91999816894531,11067200,52.11780939823218,-0.7970644676906176,81.76000061035157,86.20879989624024,-0.010232829352369244,2.6175949148355238
2021-06-02,82.24307250976562,84.33999633789062,84.81999969482422,83.44999694824219,84.38999938964844,10314200,52.61974776180436,-0.5925261155974084,81.75650024414062,86.0699998474121,-0.0008293723632448735,2.613908913503873
2021-06-03,79.99048614501953,82.02999877929688,84.06999969482422,81.88999938964844,83.68000030517578,14742100,46.269050265198715,-0.6097961450920053,81.60050010681152,86.00259979248047,-0.036641252973246274,2.4909320385882685
2021-06-04,81.67750549316406,83.76000213623047,84.37000274658203,82.8499984741211,82.97000122070312,12591100,51.03529076606267,-0.4783715853669577,81.54850006103516,86.01779983520508,-0.012264161298350174,2.4307531410479437
2021-06-07,81.95050811767578,84.04000091552734,84.2300033569336,82.6500015258789,83.19000244140625,9006400,51.78082076735081,-0.34761601247187457,81.45149993896484,86.01679992675781,-0.022563414348248045,2.2785479031763574
2021-06-08,78.52780151367188,80.52999877929688,84.9800033569336,80.01000213623047,84.97000122070312,29666500,42.952024253476154,-0.5212109219260839,81.43549995422363,85.86759994506836,-0.003957943115195595,2.28411068469874
2021-06-09,76.70427703857422,78.66000366210938,80.55999755859375,78.5199966430664,80.16999816894531,21434900,39.12465090891732,-0.800452003673783,81.33450012207031,85.70900009155274,-0.025037142233833354,2.3625883598633357
2021-06-10,77.3088607788086,79.27999877929688,80.83999633789062,78.52999877929688,79.4000015258789,22683300,41.001756711520514,-0.9606503688722796,81.45849990844727,85.56380004882813,0.03229160975251166,2.1692400385415986
2021-06-11,77.36737823486328,79.33999633789062,80.76000213623047,79.20999908447266,80.06999969482422,12675700,41.190739823493075,-1.0704281959761914,81.56599960327148,85.38639999389649,0.027853268927104935,1.9926616373189034
2021-06-14,78.48878479003906,80.48999786376953,80.94000244140625,79.37000274658203,79.5,14303000,44.838052750052334,-1.0524998396943204,81.60549964904786,85.14799987792969,0.0099121825066113,1.9613088591485164
2021-06-15,80.13676452636719,82.18000030517578,82.91000366210938,79.91999816894531,80.63999938964844,22308600,49.768404260767156,-0.8916440969716319,81.69499969482422,84.9165998840332,0.022266462608753645,1.9436850694915946
2021-06-16,78.48878479003906,80.48999786376953,83.11000061035156,80.12000274658203,82.7300033569336,18116400,45.398568290629015,-0.8902713411959695,81.7754997253418,84.6565998840332,0.02041075895551958,1.8521467900702275
2021-06-17,78.63504791259766,80.63999938964844,81.44000244140625,79.36000061035156,79.69999694824219,16003900,45.85301060408041,-0.8670843442509693,81.81099967956543,84.39019989013671,0.008882760937843681,1.821462611762294
2021-06-18,75.03680419921875,76.94999694824219,79.27999877929688,76.12999725341797,78.9000015258789,39881500,37.56932224527747,-1.1333957596996669,81.60199966430665,84.02339981079102,-0.0515222537493637,2.119194956343724
2021-06-21,75.1538314819336,77.06999969482422,77.29000091552734,75.70999908447266,76.8499984741211,19810100,37.96184423448102,-1.319555244899945,81.4194995880127,83.65879974365234,-0.04521805588058825,2.344351946238193
2021-06-22,75.72915649414062,77.66000366210938,78.27999877929688,77.05000305175781,77.61000061035156,16771800,39.96055984514263,-1.4033031832660186,81.15749969482422,83.30019989013672,-0.0632086582306487,2.460132427512034
2021-06-23,77.0553207397461,79.0199966430664,79.87000274658203,78.06999969482422,78.0999984741211,16662200,44.40667961540656,-1.3444361372569347,81.04699935913087,83.03759979248046,-0.0272067785613177,2.505911281755044
2021-06-24,78.57656860351562,80.58000183105469,80.9000015258789,79.91999816894531,80.43000030517578,15721000,49.066037275214576,-1.1585491644216148,80.96399955749511,82.83579986572266,-0.020184777186699643,2.4917685286415914
2021-06-25,79.99048614501953,82.02999877929688,82.83999633789062,81.08999633789062,81.56999969482422,19603800,53.0083398400015,-0.8840391110364862,80.86899948120117,82.67099990844727,-0.022637930644231585,2.407531944609271
2021-06-28,81.30693054199219,83.37999725341797,83.5999984741211,82.16000366210938,82.62999725341797,18365500,56.39252632331522,-0.5512004261349261,80.83099937438965,82.52539978027343,-0.009032590227519899,2.3586880884199606
2021-06-29,80.86812591552734,82.93000030517578,83.83999633789062,81.87000274658203,83.54000091552734,18530800,54.97140450997476,-0.3200450828252741,80.76999931335449,82.41579971313476,-0.014497934623660558,2.2828927856831007
2021-06-30,82.86717224121094,84.9800033569336,85.4000015258789,83.43000030517578,84.8499984741211,40670800,59.92593774150758,0.02823977526780652,80.80199966430663,82.36579971313476,0.007588416490782235,2.339356240620699
2021-07-01,78.11824798583984,80.11000061035156,82.25,79.91000366210938,82.23999786376953,53299000,46.76244975683617,-0.08769954105632394,80.70599975585938,82.1781997680664,-0.023406048976193472,2.325666016728041
2021-07-02,78.33277893066406,80.33000183105469,80.88999938964844,78.88999938964844,80.61000061035156,22685500,47.325358890741896,-0.15998580785182526,80.53449974060058,82.09059982299804,-0.040950336887493166,2.2123091627644613
2021-07-06,79.0641098022461,81.08000183105469,81.54000091552734,79.76000213623047,80.79000091552734,21126500,49.293711551252244,-0.15496808744542534,80.38649978637696,81.9915998840332,-0.035221311901791785,2.05916282318879
2021-07-07,76.27523040771484,78.22000122070312,81.80999755859375,77.94999694824219,81.69000244140625,23026900,42.735575410955846,-0.3774190037653824,80.27099990844727,81.79919998168945,-0.028684932244002703,2.1147252994894785
2021-07-08,75.19282531738281,77.11000061035156,77.87999725341797,75.95999908447266,76.25,23114500,40.48435553804446,-0.635949895682117,80.19349975585938,81.55220001220704,-0.019705097630251633,2.2034145862315424
2021-07-09,76.78229522705078,78.73999786376953,78.94999694824219,76.7300033569336,77.41000366210938,15441100,45.06109991573591,-0.701227025592857,80.166499710083,81.40639999389649,-0.006811313368339289,2.2184547087915685
2021-07-12,77.58189392089844,79.55999755859375,79.7300033569336,77.70999908447266,78.75,12639300,47.2584045939799,-0.6789658038492803,80.17749977111816,81.23639999389648,0.0027728917425984267,2.2146830783479023
2021-07-13,76.49951171875,78.44999694824219,79.5,78.0999984741211,79.27999877929688,14263400,44.6548133137901,-0.7423342309004397,80.0754997253418,81.08399993896484,-0.02534477537171853,2.246285031021766
2021-07-14,76.53852844238281,78.48999786376953,80.76000213623047,78.31999969482422,79.3499984741211,15952300,44.77289361124764,-0.7803312533525855,79.89099960327148,80.9533999633789,-0.044901465413767494,2.215664566253863
2021-07-15,75.00755310058594,76.91999816894531,78.45999908447266,76.33999633789062,78.33999633789062,16616800,41.0692540342403,-0.9264504773298228,79.71249961853027,80.80359985351562,-0.04435333320379131,2.306798027439107
2021-07-16,73.14502716064453,75.01000213623047,77.61000061035156,74.83999633789062,77.16000366210938,19132100,37.05355617600982,-1.1827378665048371,79.43099975585938,80.60079986572265,-0.0698164347226009,2.521209076493593
2021-07-19,72.72573852539062,74.58000183105469,74.68000030517578,73.19999694824219,73.83999633789062,23436900,36.19549217357185,-1.4043563539750323,79.3125,80.3963998413086,-0.030799158040013874,2.693748816414545
2021-07-20,73.51559448242188,75.38999938964844,75.91999816894531,73.7699966430664,74.66000366210938,14855800,39.05837420709145,-1.497369821205183,79.2284999847412,80.18459976196289,-0.02179836916865341,2.7917684868667787
2021-07-21,75.2708511352539,77.19000244140625,77.23999786376953,75.33999633789062,75.3499984741211,15945800,44.9677741517793,-1.409589589735802,79.20499992370605,80.1113998413086,-0.006052037065927163,2.8075996571681734
2021-07-22,73.652099609375,75.52999877929688,76.25,74.45999908447266,76.2300033569336,19042200,41.01756815341212,-1.4571741496390445,79.03050003051757,80.00839981079102,-0.044166008757680175,2.9256767440856803
2021-07-23,74.05192565917969,75.94000244140625,76.04000091552734,74.9000015258789,75.93000030517578,12345200,42.36427626834916,-1.4451426819346977,78.79850006103516,79.99119979858398,-0.05758251779860635,2.9798078674235886
2021-07-26,74.4029769897461,76.30000305175781,77.4800033569336,75.51000213623047,75.80999755859375,12023900,43.58232914001716,-1.3905294584695298,78.5120002746582,79.97339981079102,-0.06985244194572904,2.927762792338127
2021-07-27,72.37466430664062,74.22000122070312,74.79000091552734,72.51000213623047,74.79000091552734,23940500,38.51736760991253,-1.4978209028647598,78.05400047302246,79.86379989624024,-0.10985843528963835,2.841355211530712
2021-07-28,73.67161560058594,75.55000305175781,76.01000213623047,74.37999725341797,74.55000305175781,14348300,43.07308299648228,-1.4587149550804241,77.68500061035157,79.76699996948243,-0.08899068161413448,2.6473830183715683
2021-07-29,75.16358947753906,77.08000183105469,77.12000274658203,75.94999694824219,76.08000183105469,14529400,47.85942245709083,-1.2894016750766468,77.29000053405761,79.73100006103516,-0.09296306441289803,2.0156304657946165
2021-07-30,75.65113830566406,77.58000183105469,78.11000061035156,76.05999755859375,76.12999725341797,12528900,49.35793654059158,-1.102168744303583,77.16350059509277,79.68400009155273,-0.031581559855461516,1.9057283860832974
2021-08-02,75.70966339111328,77.63999938964844,79.48999786376953,77.47000122070312,79.04000091552734,14904200,49.5453214842261,-0.9381298195730068,77.02900047302246,79.61420013427734,-0.03348689630387047,1.7598254745417496
2021-08-03,78.84960174560547,80.86000061035156,81.06999969482422,77.94000244140625,78.87000274658203,25807600,58.43453071620262,-0.5420521621402941,77.0180004119873,79.61700012207031,-0.002713384505855565,1.7336644843048024
2021-08-04,79.9417495727539,81.9800033569336,83.08999633789062,79.54000091552734,80.44999694824219,29176900,61.007810691411976,-0.1362127281036436,77.20600051879883,79.59860015869141,0.04806957399069023,2.0465123711089253
2021-08-05,79.46392059326172,81.48999786376953,83.06999969482422,81.16000366210938,82.13999938964844,14821000,59.278712490206516,0.1442161649558784,77.42500038146973,79.60380004882812,0.05680193514134113,2.259019853704975
2021-08-06,79.96125030517578,82.0,82.87999725341797,81.05000305175781,81.19999694824219,14612600,60.53251574522299,0.4029658536909295,77.58800048828125,79.59900009155274,0.041402111057593505,2.4669421272404293
2021-08-09,78.21575927734375,80.20999908447266,82.04000091552734,80.08000183105469,81.7300033569336,13363300,54.222201592873745,0.4583056695103238,77.6205005645752,79.52460006713868,0.008169954070199603,2.4983704670070073
2021-08-10,74.02266693115234,75.91000366210938,79.81999969482422,75.7699966430664,79.81999969482422,40705000,42.705137054373246,0.15342064058188498,77.49350090026856,79.36000015258789,-0.03237722606679749,2.5184623747332346
2021-08-11,73.16455841064453,75.02999877929688,76.05000305175781,73.72000122070312,76.04000091552734,31624900,40.79538300303093,-0.1573975994078438,77.32050094604492,79.17760009765625,-0.04408203820412859,2.5648192584779723
2021-08-12,68.50337982177734,70.25,72.19999694824219,68.80999755859375,72.18000030517578,72492400,32.33642743023306,-0.780432902598335,76.98700103759765,78.89580017089844,-0.08671344679826276,3.0139569734591873
2021-08-13,69.15673065185547,70.91999816894531,71.23999786376953,69.87999725341797,70.05000305175781,25301400,34.389982695045774,-1.2062250052664751,76.78250083923339,78.6736001586914,-0.054526114528793634,3.2819954508532785
2021-08-16,69.16647338867188,70.93000030517578,71.76000213623047,69.91999816894531,70.19999694824219,18135900,34.421980014949725,-1.5252787613867582,76.60000076293946,78.4170001220703,-0.04894075403949727,3.5048314300794434
2021-08-17,69.02020263671875,70.77999877929688,71.44999694824219,69.61000061035156,70.16999816894531,17545800,34.152975485708765,-1.7698334924754704,76.36950073242187,78.1518000793457,-0.06114870205164835,3.7327761518532814
2021-08-18,68.86418914794922,70.62000274658203,71.87999725341797,70.58000183105469,71.25,14004300,33.849118428867484,-1.9540303756535593,76.04100074768067,77.9536001586914,-0.08511464551139769,3.9401041759689974
2021-08-19,68.53263854980469,70.27999877929688,70.81999969482422,69.04000091552734,70.13999938964844,18022600,33.17366762394212,-2.103198844187318,75.77850074768067,77.78600006103515,-0.06950880557195305,4.14547243895331
2021-08-20,68.48388671875,70.2300033569336,71.02999877929688,69.58000183105469,70.13999938964844,14603100,33.06917139576217,-2.200088887766242,75.49300079345703,77.60500015258789,-0.07519092574270558,4.3264390920133575
2021-08-23,69.95634460449219,71.73999786376953,71.87999725341797,68.9000015258789,70.83999633789062,22265000,39.28933652051927,-2.1304722502783022,75.26500053405762,77.45300018310547,-0.05976415472611474,4.4011812116673665
2021-08-24,70.19038391113281,71.9800033569336,72.69000244140625,71.69000244140625,72.13999938964844,18092700,40.23997842832089,-2.032504677290021,75.15300064086914,77.28280029296874,-0.03018051504888286,4.457317038592774
2021-08-25,72.19914245605469,74.04000091552734,77.02999877929688,72.18000030517578,72.79000091552734,36552100,47.795890201589316,-1.7682567202485302,75.07750053405762,77.12000030517578,-0.019986791201000997,4.463023406544092
2021-08-26,70.96073913574219,72.7699966430664,73.23999786376953,71.69999694824219,73.2300033569336,20315100,44.09435183344328,-1.6423846534721918,74.8620002746582,76.96560028076172,-0.05591599747798437,4.465297397688611
2021-08-27,72.1601333618164,74.0,74.1500015258789,72.1500015258789,72.45999908447266,14994200,48.27263487047652,-1.426930377200037,74.68300018310546,76.83280029296876,-0.046145936408339194,4.4221537233373915
2021-08-30,71.341064453125,73.16000366210938,74.75,72.83000183105469,74.12000274658203,12810700,45.75750571995963,-1.308874109329082,74.45900039672851,76.7570004272461,-0.05770216077740431,4.377728223112271
2021-08-31,71.86759948730469,73.69999694824219,74.62000274658203,73.31999969482422,73.68000030517578,14807400,47.645954386862044,-1.1583875506010202,74.10100021362305,76.68960037231446,-0.08854815246183367,4.111380760453917
2021-09-01,71.88712310791016,73.72000122070312,74.31999969482422,73.0199966430664,74.31999969482422,14007100,47.71857034489732,-1.025688195952796,73.68800010681153,76.61080032348633,-0.10075630395216206,3.669365866101921
2021-09-02,72.150390625,73.98999786376953,74.01000213623047,72.30999755859375,73.20999908447266,14803300,48.75176237229264,-0.8884945169843235,73.31300010681153,76.5102003479004,-0.09203583503018475,3.180766251381263
2021-09-03,71.9748764038086,73.80999755859375,74.72000122070312,73.5999984741211,74.0,9222500,48.0697302390297,-0.7852402969292172,72.90349998474122,76.37480026245117,-0.09987807855373476,2.4458066939140846
2021-09-07,71.80911254882812,73.63999938964844,74.48999786376953,73.16000366210938,73.76000213623047,12028400,47.39534831456988,-0.7089556160961621,72.575,76.2070002746582,-0.08190998341622058,1.7570413944657526
2021-09-08,70.47315216064453,72.2699966430664,73.23999786376953,71.11000061035156,73.19999694824219,17375500,42.25097106554986,-0.750397118121299,72.39299964904785,75.98480026245117,-0.04795161169067219,1.5722091370522482
2021-09-09,71.05825805664062,72.87000274658203,73.2699966430664,71.41999816894531,71.62999725341797,14638100,45.06337673610373,-0.7264502625258302,72.28499984741211,75.7836003112793,-0.028788432198546876,1.4510518551624423
2021-09-10,71.67259216308594,73.5,75.62999725341797,73.45999908447266,73.7699966430664,18240600,47.930737741187436,-0.6491536544501457,72.4474998474121,75.55400024414062,0.0462633451957295,1.3919383348572454
2021-09-13,72.50145721435547,74.3499984741211,75.22000122070312,73.5199966430664,74.55999755859375,15796700,51.601187569017114,-0.5133897253504216,72.6189998626709,75.43880020141602,0.048364359753716446,1.4050725543186895
2021-09-14,71.66282653808594,73.48999786376953,74.12000274658203,72.91000366210938,73.79000091552734,13945100,47.92053501846028,-0.46977541676358214,72.74699974060059,75.30200012207031,0.03609188703763411,1.3589583358469823
2021-09-15,71.9846420288086,73.81999969482422,73.93000030517578,71.76000213623047,72.94999694824219,15258800,49.411672612795435,-0.403926163777939,72.89899978637695,75.1568000793457,0.04294999954728085,1.295919573009344
2021-09-16,72.77447509765625,74.62999725341797,74.95999908447266,72.77999877929688,73.30000305175781,12867700,52.97100805537513,-0.28311653167880024,73.09949951171875,75.085,0.05678270108860928,1.2334646365065223
2021-09-17,72.45268249511719,74.30000305175781,74.5,73.31999969482422,74.41000366210938,20449600,51.38479858078283,-0.21156303507625296,73.3004997253418,75.02880004882813,0.057199834124714855,1.0660025632614483
2021-09-20,70.5706787109375,72.37000274658203,72.76000213623047,71.19000244140625,72.5999984741211,23228300,43.23110493864357,-0.30705176681107105,73.40749969482422,74.90140014648438,0.030471298410341907,0.8207751356398537
2021-09-21,70.34639739990234,72.13999938964844,73.12999725341797,71.66000366210938,72.91999816894531,16026800,42.36828125413006,-0.3967135564235207,73.42749977111816,74.75300018310547,0.0055757114272358965,0.7819597259928834
2021-09-22,72.13090515136719,73.97000122070312,74.58000183105469,72.63999938964844,73.04000091552734,16996100,50.784709217673964,-0.31645739302807385,73.52699966430664,74.66340026855468,0.027646537523783543,0.7115149377895822
2021-09-23,72.19914245605469,74.04000091552734,74.79000091552734,73.25,73.61000061035156,17304500,51.07900957242998,-0.24438825923623142,73.52699966430664,74.57440032958985,0.0,0.7115149377895822
2021-09-24,72.20890045166016,74.05000305175781,74.5,73.06999969482422,73.30000305175781,14804300,51.12398422619276,-0.18434089557767663,73.59099998474122,74.51700042724609,0.01758975495037851,0.697264382994468
2021-09-27,73.31082153320312,75.18000030517578,75.87999725341797,73.51000213623047,73.6500015258789,18435200,56.040878788214265,-0.04505225830098425,73.65,74.520400390625,0.015945950069943038,0.7788451554066957
2021-09-28,71.28252410888672,73.0999984741211,74.98999786376953,73.05999755859375,74.5,27311500,46.723361767701256,-0.10133564002529738,73.64699974060059,74.49080032348633,-0.000820191156159833,0.7809448050481698
2021-09-29,69.85881042480469,71.63999938964844,73.31999969482422,70.22000122070312,71.16000366210938,38169200,41.506760458462786,-0.2607446479435822,73.5439998626709,74.41580032348632,-0.027951121355411113,0.9003123197779911
2021-09-30,69.31200408935547,70.9800033569336,72.5999984741211,70.86000061035156,72.19999694824219,16923300,39.36702733451082,-0.4353155525070349,73.40699996948243,74.29160034179688,-0.03716763182852534,1.0654479013286664
2021-10-01,69.3217544555664,70.98999786376953,71.56999969482422,70.0999984741211,71.33999633789062,17813800,39.41795917827383,-0.5663294851381409,73.25699996948242,74.20080032348633,-0.04054602090303616,1.1836699845183802
2021-10-04,68.96044921875,70.62000274658203,71.56999969482422,70.36000061035156,70.5999984741211,19525700,38.14067304758351,-0.6920371113895527,73.09750022888184,74.09440032958985,-0.04321900714709215,1.3130832075236984
2021-10-05,68.84326934814453,70.5,71.20999908447266,69.61000061035156,71.20999908447266,14512100,37.71382381427517,-0.7922123982211247,72.94050025939941,73.9784002685547,-0.042639861701164405,1.4275353250121463
2021-10-06,68.29641723632812,69.94000244140625,70.37999725341797,69.02999877929688,69.80000305175781,17899300,35.70564374939319,-0.9063414179545219,72.82400054931641,73.89280029296874,-0.032240131588323506,1.572816002660447
2021-10-07,68.88233184814453,70.54000091552734,71.66999816894531,70.12000274658203,70.4000015258789,15236100,39.427231011053046,-0.9375669378390654,72.70750045776367,73.79260025024413,-0.0319747734765109,1.653454853276212
2021-10-08,68.47220611572266,70.12000274658203,70.94000244140625,69.69999694824219,70.93000030517578,13666200,37.77874663922296,-0.9848509804241417,72.53850059509277,73.65340026855469,-0.04598635718936017,1.738726331995267
2021-10-11,67.59333801269531,69.22000122070312,70.36000061035156,69.18000030517578,69.9000015258789,12700200,34.4543477981543,-1.0824685032554981,72.28200073242188,73.48620025634766,-0.06899794698991901,1.8332497150228741
2021-10-12,65.15209197998047,66.72000122070312,69.43000030517578,65.66999816894531,69.38999938964844,36911700,27.27464941650382,-1.346043844468042,71.94350090026856,73.26780029296874,-0.09212133405713441,2.1889702530576827
2021-10-13,64.82007598876953,66.37999725341797,67.41999816894531,66.2300033569336,66.73999786376953,17532400,26.466868867232265,-1.5643320340394524,71.57150077819824,72.97820022583008,-0.10078572842269862,2.467727144057034
2021-10-14,66.20671081542969,67.80000305175781,68.08000183105469,66.80999755859375,67.27999877929688,15541600,35.11055679536037,-1.6042515828783763,71.23000106811523,72.69460021972657,-0.0915180819110556,2.4946386856266987
2021-10-15,66.08953094482422,67.68000030517578,68.45999908447266,67.4800033569336,68.08999633789062,11786100,34.73892052717407,-1.6268183820336048,70.89900093078613,72.41840026855469,-0.08909828364301009,2.5050222468152286
2021-10-18,65.67940521240234,67.26000213623047,67.62999725341797,66.29000091552734,67.01000213623047,11849300,33.40617268003861,-1.659463809298643,70.64350090026855,72.12360031127929,-0.07060937427687053,2.6056664291153777
2021-10-19,65.98213195800781,67.56999969482422,67.88999938964844,66.63999938964844,67.37000274658203,16930300,35.37684927570325,-1.6414002925466775,70.41500091552734,71.87080032348632,-0.0633490398321237,2.6671797674616244
2021-10-20,66.66566467285156,68.2699966430664,69.19999694824219,67.01000213623047,67.19999694824219,19457800,39.715079839496774,-1.5527023357724516,70.1300006866455,71.71800018310547,-0.07705832747832064,2.5700872796668213
2021-10-21,67.02696990966797,68.63999938964844,68.69999694824219,67.66999816894531,67.94999694824219,11140700,41.93399123879125,-1.4359991324667476,69.86000061035156,71.5902001953125,-0.07293356913973836,2.416779339362526
2021-10-22,65.92354583740234,67.51000213623047,69.08999633789062,67.08000183105469,68.51000213623047,17892100,37.40577598648417,-1.4183425673863326,69.53300056457519,71.53540023803711,-0.08831871230249866,2.257192211329551
2021-10-25,67.14417266845703,68.76000213623047,71.12000274658203,68.54000091552734,69.62000274658203,23341300,44.54016439624453,-1.288630528449957,69.21200065612793,71.49220031738281,-0.08539502717324843,1.8274445570719684
2021-10-26,67.31990051269531,68.94000244140625,69.81999969482422,68.47000122070312,69.37000274658203,14267900,45.50341587141164,-1.1579600402270955,69.00400085449219,71.45240036010742,-0.05690829164911093,1.5818659238671609
2021-10-27,66.6363754272461,68.23999786376953,68.69000244140625,67.44999694824219,68.5199966430664,13541900,42.41793439828784,-1.0982275722830366,68.83400077819825,71.40160034179688,-0.04745954152492893,1.4618104851327873
2021-10-28,67.94488525390625,69.58000183105469,70.3499984741211,69.18000030517578,69.29000091552734,16966000,49.480006065236616,-0.9320183128592987,68.7640007019043,71.38080032348633,-0.019723886442196803,1.385148638874471
2021-10-29,67.47618103027344,69.0999984741211,69.55000305175781,68.04000091552734,68.38999938964844,11440900,47.24477935001598,-0.829466957876889,68.66950073242188,71.35720031738282,-0.026623460297538926,1.286229179411039
2021-11-01,69.0385513305664,70.69999694824219,70.97000122070312,68.94000244140625,68.97000122070312,11988400,54.60600627176783,-0.6120326338681679,68.67350044250489,71.36660018920898,0.0011327414124751023,1.2927217586204107
2021-11-02,69.09716033935547,70.76000213623047,70.8499984741211,70.04000091552734,70.48999786376953,9761100,54.86039416576952,-0.42991663699766036,68.6865005493164,71.3470002746582,0.00368797356355266,1.313201591688479
2021-11-03,69.57563781738281,71.25,71.33000183105469,70.26000213623047,70.72000122070312,10266900,56.98048107981512,-0.2432456800947449,68.75200042724609,71.33240020751953,0.01873030473070436,1.4082450397542383
2021-11-04,70.54236602783203,72.23999786376953,72.4800033569336,71.04000091552734,72.37000274658203,15936600,60.96915564389405,-0.015247286777864133,68.83700027465821,71.29640014648437,0.02409975795546071,1.5644842539745891
2021-11-05,71.20639038085938,72.91999816894531,73.73999786376953,72.36000061035156,73.0,13019300,63.47423726889651,0.21780272990071126,68.97700004577636,71.29940017700196,0.03993147907427552,1.7938107977047548
2021-11-08,72.80784606933594,74.55999755859375,75.02999877929688,73.12000274658203,73.31999969482422,18742300,68.69307310815037,0.5287358540521581,69.2439998626709,71.31060012817383,0.07714527945274696,2.186350239120648
2021-11-09,73.81367492675781,75.58999633789062,76.2699966430664,74.55999755859375,75.0999984741211,20127300,71.45192785215949,0.8484840920742442,69.68749961853027,71.35919998168946,0.1329435694679686,2.5213789193494223
2021-11-10,71.68488311767578,73.41000366210938,75.1500015258789,73.19999694824219,74.16000366210938,15228300,59.50067817115642,0.915427209356011,70.03899993896485,71.35340011596679,0.10590549411825156,2.5260338831517086
2021-11-11,72.79808807373047,74.55000305175781,74.95999908447266,73.62000274658203,74.0199966430664,12192600,62.98715002246251,1.0483834239577874,70.37649993896484,71.37000015258789,0.09955751764269283,2.6585909744635647
2021-11-12,75.48347473144531,77.30000305175781,78.0199966430664,74.94999694824219,75.0199966430664,26553200,69.75186844255884,1.3599772282872777,70.85750007629395,71.43620025634766,0.14213951984640216,2.9941221001022984
2021-11-15,74.9756851196289,76.77999877929688,78.27999877929688,76.5999984741211,77.76000213623047,12650700,67.24897829372847,1.5471232899640768,71.33349990844727,71.49560028076172,0.1415402370012464,3.1450299848809737
2021-11-16,75.00498962402344,76.80999755859375,77.1500015258789,75.77999877929688,76.55999755859375,11807600,67.32182753924103,1.6785097276323881,71.79549980163574,71.55900024414062,0.13674704610776112,3.2403075969826194
2021-11-17,73.68672943115234,75.45999908447266,76.56999969482422,75.19000244140625,76.4800033569336,11600500,60.770798476610445,1.6546273178684885,72.15499992370606,71.62280029296875,0.10531716412698078,3.2274060698603697
2021-11-18,75.21004486083984,77.0199966430664,77.5,75.75,76.9000015258789,16848200,65.0081618689233,1.7415041260852178,72.57399978637696,71.70580017089844,0.1220862081575389,3.2904054739920094
2021-11-19,81.07880401611328,83.02999877929688,83.86000061035156,78.93000030517578,78.93000030517578,47216100,75.83683857823274,2.2691541704433718,73.34999961853028,71.89640014648438,0.22989181087193766,3.8206428463742643
2021-11-22,81.88931274414062,83.86000061035156,87.66999816894531,83.66000366210938,83.66000366210938,34775200,76.90002459557023,2.722906867840095,74.10499954223633,72.08660018920898,0.21960439216107486,4.324595933033003
2021-11-23,83.40289306640625,85.41000366210938,87.70999908447266,84.33000183105469,85.04000091552734,31823300,78.77796066056634,3.1710278073328624,74.92849960327149,72.32500030517578,0.23890340350221728,4.8281158239735324
2021-11-24,84.18406677246094,86.20999908447266,87.16000366210938,84.61000061035156,84.75,21666100,79.69545254510126,3.549799941114472,75.82699966430664,72.57280029296875,0.2633353133535763,5.17734677841736
2021-11-26,81.45966339111328,83.41999816894531,84.05000305175781,81.9800033569336,83.12999725341797,16487200,68.5626559065944,3.5835409992076848,76.51899948120118,72.74860031127929,0.19890767424087086,5.223151111042625
2021-11-29,84.11571502685547,86.13999938964844,86.2699966430664,84.16000366210938,84.37999725341797,18889800,72.5836207054382,3.7861183814256236,77.37099952697754,72.98540023803712,0.24659915038795632,5.337793871028287
2021-11-30,82.02601623535156,84.0,86.91999816894531,83.94999694824219,85.58000183105469,27301000,65.48674703695556,3.730974004428674,78.03599967956544,73.21800018310547,0.18811886316620963,5.291232532710937
2021-12-01,83.14898681640625,85.1500015258789,89.05000305175781,85.0,86.55000305175781,31633400,67.33507712648418,3.7369895116444383,78.75549964904785,73.47820022583008,0.20336346742816858,5.227764796012787
2021-12-02,80.93232727050781,82.87999725341797,83.58999633789062,81.3499984741211,82.62999725341797,22994500,60.45293024915204,3.5180327789061323,79.33699951171874,73.65640014648437,0.1632280316269188,4.990396483494712
2021-12-03,79.70195770263672,81.62000274658203,84.43000030517578,80.63999938964844,83.70999908447266,19167200,56.97218596356577,3.205881557225041,79.80599975585938,73.80800018310546,0.12984503267153125,4.721855851621616
2021-12-06,80.512451171875,82.44999694824219,83.2300033569336,80.52999877929688,81.83000183105469,15094900,58.660716045034356,2.9909947351603137,80.28249969482422,73.97600006103515,0.13069115494513883,4.464215558180088
2021-12-07,83.81303405761719,85.83000183105469,87.04000091552734,84.33000183105469,84.41999816894531,21716900,64.73064954608023,3.058180722938971,80.84599990844727,74.18900009155273,0.151153495728112,4.414880876293021
2021-12-08,83.9985580444336,86.0199966430664,86.33999633789062,84.02999877929688,85.44000244140625,12908500,65.041380384582,3.091124536282848,81.36749992370605,74.44740005493163,0.13798122516838363,4.377199977654209
2021-12-09,82.93417358398438,84.93000030517578,86.54000091552734,84.62999725341797,85.30000305175781,11964300,61.683803103048724,2.9947574509936885,81.94349975585938,74.71320007324219,0.15692679564614243,4.018194536467029
2021-12-10,83.52983856201172,85.54000091552734,85.68000030517578,84.12999725341797,84.33999633789062,11955900,62.8399227719544,2.933788900655628,82.49299964904785,75.00440002441407,0.1474178056859301,3.6921245043058875
2021-12-13,82.3677978515625,84.3499984741211,87.37999725341797,84.19999694824219,86.61000061035156,13054400,59.09394137147373,2.7576590564819554,82.84549942016602,75.2716000366211,0.09120304196680062,3.5018791418226116
2021-12-14,81.33267974853516,83.29000091552734,84.7699966430664,82.91000366210938,83.22000122070312,12082500,55.897518716837595,2.5036810649881858,83.17099952697754,75.525,0.0847877343023069,3.1977645984838947
2021-12-15,83.64700317382812,85.66000366210938,85.79000091552734,82.05999755859375,83.4800033569336,13971500,60.97960021689116,2.465223529328796,83.61349983215332,75.82820007324219,0.11521945560230606,2.8663651589125436
2021-12-16,80.74679565429688,82.69000244140625,86.31999969482422,82.12999725341797,85.87999725341797,16503200,52.772679977097326,2.1700760917124597,83.975,76.08320007324218,0.09581239656311236,2.1504535729829772
2021-12-17,81.04953002929688,83.0,83.29000091552734,80.94000244140625,81.62000274658203,23165900,53.476488395004424,1.9388341598870653,84.27400016784668,76.33240005493164,0.07764221783398284,1.42635147582444
2021-12-20,80.102294921875,82.02999877929688,83.25,80.91000366210938,82.13999938964844,22346800,50.919414676129165,1.6581877152397198,84.22400016784668,76.57059997558594,-0.012043839753124841,1.4884307330778799
2021-12-21,88.54904174804688,90.68000030517578,91.13999938964844,87.3499984741211,88.98999786376953,58363600,66.36490288501051,2.1094399077913835,84.56500015258788,76.99979995727539,0.08132601532538475,2.068751431224945
2021-12-22,88.2170181274414,90.33999633789062,90.4800033569336,88.91999816894531,90.0,18593900,65.49246259891905,2.411823048066452,84.81149978637696,77.47219985961914,0.05772149004096527,2.4358747031524626
2021-12-23,92.2011489868164,94.41999816894533,95.0,90.3499984741211,90.69999694824219,36400100,70.50351131585494,2.946717984399541,85.22199974060058,78.03299987792968,0.0952325620190313,3.24226579686097
2021-12-27,92.2109146118164,94.43000030517578,94.93000030517578,92.7300033569336,93.72000122070312,17110100,70.51481540566789,3.3330122731985625,85.7724998474121,78.56559982299805,0.1319827664576616,3.80589929778947
2021-12-28,90.75595092773438,92.94000244140624,93.88999938964844,92.05999755859375,93.75,13683800,66.43057892191794,3.478821219470319,86.1125,79.07079986572266,0.07894129440375841,4.130366080879677
2021-12-29,93.91002655029297,96.16999816894533,96.75,93.91000366210938,94.0,32234600,70.42907279423359,3.8110777884673155,86.72099990844727,79.64899978637695,0.14488093058268237,4.664669704989422
2021-12-30,91.6836166381836,93.88999938964844,95.51000213623047,93.43000030517578,94.4000015258789,19327800,64.58147007004075,3.846081433766443,87.15799980163574,80.17539978027344,0.10264236884497602,4.9125556923950136
2021-12-31,91.05799102783203,93.1500015258789,94.41999816894531,93.02999877929688,94.0,13660600,62.76013319542384,3.770644785722709,87.67150001525879,80.67299987792968,0.12391414832047909,4.978162811930807
2022-01-03,93.59959411621094,95.75,95.83999633789062,93.4800033569336,93.91000366210938,18705500,66.35086948442097,3.8759789735303087,88.37799987792968,81.21519989013672,0.17311929402023551,5.075839035393716
2022-01-04,94.17633056640625,96.33999633789062,96.58999633789062,93.54000091552734,95.5999984741211,19725000,67.12550148617835,3.9614002932280528,89.0724998474121,81.79179977416992,0.1684657356429966,5.171400406349934
2022-01-05,92.27991485595703,94.4000015258789,98.44999694824219,94.3499984741211,95.37999725341797,28613100,62.06596172520126,3.828424244816773,89.50099983215333,82.30459976196289,0.09984853212159028,5.2431433776968905
2022-01-06,93.50184631347656,95.6500015258789,96.70999908447266,94.12000274658203,95.0999984741211,22320300,63.95137393296659,3.780327064496646,89.98250007629395,82.83879974365234,0.11195077026998135,5.3477810746608005
2022-01-07,92.32877349853516,94.4499969482422,97.19000244140625,93.94000244140625,96.08999633789062,14857900,60.82584885240601,3.6038365772605943,90.45849990844727,83.3629997253418,0.11209227138653688,5.297843372478743
2022-01-10,91.78135681152344,93.88999938964844,95.66999816894531,91.04000091552734,94.26000213623047,20290000,59.36766923903795,3.379819021877182,90.87599983215333,83.84919967651368,0.09761513192368221,5.218253267981837
2022-01-11,92.08441925048828,94.1999969482422,94.2699966430664,91.6500015258789,92.45999908447266,14924900,59.94018650676543,3.1905193860443433,91.36849975585938,84.35119964599609,0.11677532486432862,5.031387356087665
2022-01-12,92.97396850585938,95.11000061035156,96.2300033569336,93.77999877929688,95.16000366210938,13339200,61.648504474639154,3.0784413949926517,91.95949974060059,84.83939971923829,0.14191378994955284,4.716897850475647
2022-01-13,93.4725112915039,95.62000274658205,98.11000061035156,95.30000305175781,96.5,23679800,62.61082382868911,2.9962329810190482,92.45749969482422,85.33659973144532,0.11627362431316768,4.539237900505646
2022-01-14,95.17342376708984,97.36000061035156,97.43000030517578,94.4000015258789,94.44000244140625,18385000,65.76688051817865,3.0364828226678497,93.19099960327148,85.85879974365234,0.17740957474684316,4.0351025810199666
2022-01-18,90.7842788696289,92.87000274658205,95.94999694824219,92.54000091552734,95.52999877929688,19900500,53.2708837613088,2.6752373382724244,93.68449974060059,86.2713998413086,0.11891569574195238,3.25038234435155
2022-01-19,87.97872924804688,90.0,94.77999877929688,89.7699966430664,93.72000122070312,19043800,47.10931484479311,2.1327771261181994,94.08299980163574,86.61299987792968,0.09715959209199254,1.9908583445540458
2022-01-20,83.15945434570312,85.06999969482422,90.33000183105469,84.93000030517578,90.27999877929688,24701300,38.80602993389531,1.2901911563409811,93.80249977111816,86.8231999206543,-0.06186590859584895,2.747122724670304
2022-01-21,80.08995819091797,81.93000030517578,85.13999938964844,81.5199966430664,84.22000122070312,29716300,34.6205572916672,0.3648581386080565,93.38199996948242,86.95,-0.09309272054051987,3.7614239598138757
2022-01-24,81.08705139160156,82.94999694824219,83.04000091552734,77.63999938964844,80.2699966430664,29757100,36.99770160870008,-0.2829085463638279,92.80849990844726,87.14079986572266,-0.12147851560195877,4.412834715360396
2022-01-25,78.90713500976562,80.72000122070312,82.41999816894531,79.6500015258789,80.91999816894531,22128400,34.080228856086336,-0.9650854254319228,92.12299995422363,87.26419982910156,-0.14518690077480811,5.150847796946673
2022-01-26,80.12906646728516,81.97000122070312,84.79000091552734,80.61000061035156,83.25,21018700,37.07554186733481,-1.388841266007418,91.57449989318847,87.35759979248047,-0.11803314969374046,5.621819668879433
2022-01-27,76.95206451416016,78.72000122070312,83.69999694824219,78.38999938964844,83.51000213623047,22694000,32.89088277668587,-1.9642757135693216,90.70200004577637,87.3963998413086,-0.18144948820303775,6.19586739793191
2022-01-28,77.48970794677734,79.2699966430664,79.27999877929688,75.5199966430664,77.37000274658203,24434600,34.243490080309144,-2.34885548108808,89.97099990844727,87.44559982299805,-0.15571416382599224,6.646038873327782
2022-01-31,80.42233276367188,82.2699966430664,82.30999755859375,78.0199966430664,78.95999908447266,21898200,41.20462756211578,-2.3840805926074466,89.42699966430663,87.58179977416992,-0.11680090933535647,6.815259566077356
2022-02-01,79.62074279785156,81.44999694824219,82.38999938964844,80.41999816894531,82.19999694824219,15237400,39.95943111555393,-2.449922685919347,88.71199951171874,87.67039978027344,-0.14934729035778394,6.866912394458076
2022-02-02,82.61200714111328,84.51000213623047,84.69999694824219,82.54000091552734,82.91999816894531,19862800,46.461495569647354,-2.2294860467553264,88.12049980163575,87.69999984741212,-0.12279421477419561,6.682294906191853
2022-02-03,80.12906646728516,81.97000122070312,85.18000030517578,81.70999908447266,82.66999816894531,19598200,42.36071830318255,-2.2339931854380524,87.49899978637696,87.66219985961914,-0.1316737299179832,6.645455449771207
2022-02-04,79.34703063964844,81.16999816894531,82.19000244140625,79.83999633789062,81.22000122070312,15657500,41.12940691336249,-2.2758837149116005,86.77499961853027,87.57739974975586,-0.15138529143688417,6.497827134059312
2022-02-07,79.05376434326172,80.87000274658203,82.04000091552734,80.4800033569336,81.36000061035156,11799800,40.65221132162545,-2.306699192324004,86.09599990844727,87.47059982299805,-0.1437797209152044,6.361711056406997
2022-02-08,82.23078918457031,84.12000274658203,84.4000015258789,81.0,81.1500015258789,18315700,47.727880258370256,-2.045295943090707,85.60750007629395,87.48459991455078,-0.10405790506527113,6.101516113960483
2022-02-09,86.14093780517578,88.12000274658203,88.77999877929688,83.55999755859375,84.5999984741211,22386900,54.86095313501229,-1.4980962926305494,85.30350036621094,87.52419998168945,-0.06454346495362195,5.794620143713263
2022-02-10,88.97581481933594,91.0199966430664,94.63999938964844,88.4800033569336,89.19000244140625,33820700,59.207176944318746,-0.8209677508965569,85.09900016784668,87.66459991455078,-0.043002880254844666,5.4947309958147255
2022-02-11,87.74412536621094,89.76000213623047,94.58000183105469,88.94999694824219,91.27999877929688,31000000,56.65475584695397,-0.3816105606144191,84.80600013732911,87.75679992675781,-0.06128425477964172,5.041750788955999
2022-02-14,87.84185791015625,89.86000061035156,93.16999816894531,88.70999908447266,91.98999786376953,23499100,56.813878342145664,-0.025058917180146523,84.43100013732911,87.89639999389648,-0.07703368891723883,4.280268451034433
2022-02-15,93.8439712524414,96.0,96.5,91.01000213623047,91.01000213623047,27069700,65.24940199477169,0.7443767538264296,84.5875,88.18399993896485,0.0337029951636687,4.64660833233669
2022-02-16,93.90262603759766,96.05999755859376,96.48999786376953,93.56999969482422,94.44000244140625,15573600,65.3206853746434,1.3435141730632552,84.89049987792968,88.45619995117187,0.06733330620659728,5.184568582519446
2022-02-17,91.6249771118164,93.7300033569336,96.0,93.48999786376953,95.04000091552734,17943300,60.1596455008343,1.6117446458592326,85.32350006103516,88.61419998168945,0.10179856228019069,5.549158754402972
2022-02-18,88.76078033447266,90.8000030517578,94.68000030517578,88.9000015258789,94.52999877929688,19530500,54.34475397952646,1.5697970472567562,85.76700019836426,88.70980010986328,0.10826318459102535,5.617699902647614
2022-02-22,88.53592681884766,90.56999969482422,93.97000122070312,88.66999816894531,89.83999633789062,24825700,53.90428952409454,1.5006948483996467,86.14800033569335,88.82260009765625,0.09186260430288673,5.674701784359447
2022-02-23,85.34912872314453,87.30999755859375,91.87000274658203,87.06999969482422,91.47000122070312,19135400,47.96972492113157,1.16939586294734,86.4775001525879,88.85800003051757,0.08164019125659294,5.532479348328075
2022-02-24,86.83502197265625,88.83000183105469,88.94000244140625,83.79000091552734,84.12999725341797,24472300,50.695343497467654,1.017758584251439,86.82050018310547,88.94760009765625,0.08368916076847555,5.4503595446896504
2022-02-25,88.07649230957031,90.0999984741211,90.4800033569336,87.27999877929688,87.95999908447266,15008700,52.91474723164525,0.9886663336174735,87.38950004577637,89.08380004882812,0.144562970997834,5.145686864733388
2022-02-28,86.86433410644531,88.86000061035156,89.75,87.16000366210938,88.44999694824219,17269800,50.5233929050769,0.8556891984483741,87.86900024414062,89.14779998779296,0.12097898793242812,4.783312002143082
2022-03-01,84.32271575927734,86.26000213623047,89.83999633789062,84.66000366210938,88.55999755859375,20794800,45.84500656312915,0.5343461037455484,88.06850051879883,89.21919998168946,0.04849891401448514,4.617845401447449
2022-03-02,91.2046127319336,93.3000030517578,94.06999969482422,87.02999877929688,87.16999816894531,28398700,57.35877631293518,0.8380876711999861,88.6610008239746,89.42520004272461,0.14548810985279426,4.482177125412997
2022-03-03,87.17713165283203,89.18000030517578,92.19000244140625,88.38999938964844,91.62000274658203,22099800,50.58115571129011,0.7378497893221265,88.89450073242188,89.56820007324218,0.055259709512458066,4.374907217655989
2022-03-04,80.07042694091797,81.91000366210938,87.41999816894531,80.5199966430664,87.41999816894531,28211500,41.30616226266925,0.07096453952281934,88.8915008544922,89.39280014038086,-0.0007319453178024071,4.379922950241125
2022-03-07,73.9998779296875,75.69999694824219,82.97000122070312,75.62999725341797,81.76000213623047,26715500,35.344242999019016,-0.9477177677170232,88.61800079345703,89.1000001525879,-0.06738944615124909,5.012557398904361
2022-03-08,75.4271011352539,77.16000366210938,80.25,73.93000030517578,76.25,28343200,37.62373502060291,-1.6185627119671864,88.4325008392334,88.75480026245117,-0.04587608456127401,5.370263747988151
2022-03-09,77.65589904785156,79.44000244140625,80.48999786376953,77.54000091552734,79.97000122070312,19647900,41.11513044085896,-1.9438280766412817,88.19850082397461,88.45500030517579,-0.05563480922931785,5.662095526296077
2022-03-10,74.01942443847656,75.72000122070312,77.73999786376953,73.80999755859375,77.73999786376953,21692000,37.433553517434305,-2.47326596028374,87.57850074768066,88.11060028076172,-0.14071721674293602,6.312668873145998
2022-03-11,71.18456268310547,72.81999969482422,76.69999694824219,72.63999938964844,76.66000366210938,22786500,34.816250350747865,-3.091221506965084,86.66850090026855,87.6436003112793,-0.1999560274607921,7.05822939859695
2022-03-14,67.84137725830078,69.4000015258789,72.4800033569336,68.95999908447266,71.75,24893400,31.976763811749805,-3.8129674842869576,85.65050086975097,87.1538003540039,-0.22682709587563066,7.994967667653961
2022-03-15,71.46806335449219,73.11000061035156,73.52999877929688,68.33999633789062,70.05000305175781,22851000,37.894063247286255,-4.039031015515249,84.81300086975098,86.75300033569336,-0.18640106706242843,8.397953340326413
2022-03-16,77.8807373046875,79.66999816894531,79.70999908447266,76.1500015258789,76.47000122070312,35742800,46.71972490539441,-3.6468128257291994,83.99650077819824,86.43140029907227,-0.17010418574015296,8.039229031737468
2022-03-17,78.71163177490234,80.5199966430664,80.58000183105469,77.19999694824219,78.19999694824219,21612200,47.75570680435142,-3.230154105588255,83.21950073242188,86.11500030517578,-0.16177390496026622,7.547876697170592
2022-03-18,77.62657928466797,79.41000366210938,81.19999694824219,78.05999755859375,79.0999984741211,28601200,46.48460132957845,-2.955447664008986,82.50350074768066,85.81520034790039,-0.15277925084769461,7.168009681266918
2022-03-21,76.59037780761719,78.3499984741211,79.88999938964844,75.52999877929688,78.98999786376953,30878200,45.24606272737647,-2.791100322622512,81.88100051879883,85.46920028686523,-0.13711458325105952,6.946776582967843
2022-03-22,77.34307098388672,79.12000274658203,79.7300033569336,77.51000213623047,77.69999694824219,16768000,46.36402322391725,-2.569105907235951,81.30850067138672,85.16260040283203,-0.12642151912137545,6.658851147517926
2022-03-23,73.95099639892578,75.6500015258789,78.22000122070312,75.08000183105469,77.86000061035156,28059800,42.18398823509712,-2.6427103127044376,80.72550086975097,84.79780044555665,-0.1335470892080809,6.616043283324437
2022-03-24,76.4535140991211,78.20999908447266,78.54000091552734,75.31999969482422,75.9000015258789,23348000,46.04851909218656,-2.466044895645723,80.19450073242187,84.47800048828125,-0.11955423311574576,6.3522649764627905
2022-03-25,76.34597778320312,78.0999984741211,78.30000305175781,75.12999725341797,78.2699966430664,22491000,45.90652727507457,-2.3083037213326634,79.59450073242188,84.13780044555664,-0.13318535186708902,5.91938025957705
2022-03-28,78.06645965576172,79.86000061035156,80.18000030517578,77.2699966430664,78.58999633789062,26605300,48.63558533852091,-2.018012844877177,79.14450073242188,83.82260040283204,-0.10128291625232744,5.505562702199736
2022-03-29,80.20726776123047,82.05000305175781,82.55000305175781,79.26000213623047,82.0999984741211,41290700,51.8882209747794,-1.5928786261759171,78.93400077819824,83.51640045166016,-0.04880592372144632,5.295671378214204
2022-03-30,77.3822021484375,79.16000366210938,86.23999786376953,78.5999984741211,84.30000305175781,70087000,47.60415845551022,-1.4721850599725173,78.22700080871581,83.2422004699707,-0.15155411497472637,4.081477083098844
2022-03-31,76.14070892333984,77.88999938964844,79.95999908447266,76.83000183105469,77.66999816894531,34588600,45.81405604926637,-1.4621584180439697,77.66250076293946,83.00000045776368,-0.12659790173685503,3.1646303049298727
2022-04-01,74.4690933227539,76.18000030517578,78.91000366210938,74.05999755859375,78.43000030517578,33536100,43.44514054690102,-1.5740501962852989,77.37600059509278,82.82220046997071,-0.06995486632586034,3.0157280187292046
2022-04-04,75.92564392089844,77.66999816894531,78.18000030517578,76.51000213623047,76.9000015258789,24305700,46.06222826579958,-1.5249165724838178,77.47450065612793,82.73700042724609,0.026023795245990078,2.990168938060676
2022-04-05,72.93436431884766,74.61000061035156,78.0199966430664,74.30000305175781,76.70999908447266,21171400,41.785657080279286,-1.713145970789455,77.34700050354004,82.57020050048828,-0.0330482494910771,3.057883871495747
2022-04-06,72.12300872802734,73.77999877929688,74.88999938964844,71.47000122070312,73.18000030517578,28080100,40.68234247406603,-1.907307087371862,77.06400032043457,82.43140045166015,-0.07124878509771082,3.1153565629805167
2022-04-07,71.63423156738281,73.27999877929688,74.68000030517578,72.12999725341797,73.66999816894531,22658600,39.99720547965725,-2.0775779668894643,76.94200019836425,82.25760040283203,-0.03222401481867798,3.2168809449295006
2022-04-08,70.61620330810547,72.13999938964844,72.8499984741211,70.83000183105469,72.5,20562600,38.40894003675551,-2.2782450976870052,76.90800018310547,82.12600036621093,-0.009338098160196928,3.2659595257920984
2022-04-11,70.5085220336914,72.02999877929688,72.91000366210938,70.08999633789062,70.55000305175781,21127900,38.25110168214481,-2.4182750055742446,77.03950004577636,81.98120040893555,0.037896213192981865,2.988947627150508
2022-04-12,70.44001007080078,71.95999908447266,73.58999633789062,71.56999969482422,72.79000091552734,18658500,38.143680838780206,-2.5060103790835626,76.98199996948242,81.77500045776367,-0.015729743075888813,3.078247873697407
2022-04-13,70.85112762451172,72.37999725341797,73.75,71.86000061035156,72.36000061035156,18892000,39.24611982694875,-2.5126862693065277,76.61749992370605,81.59360046386719,-0.09150246119082905,3.1733468839983483
2022-04-14,68.64864349365234,70.12999725341797,72.80999755859375,70.08999633789062,72.55999755859375,18543500,35.586961482157534,-2.66876924575692,76.09799995422364,81.30600036621094,-0.12903626208165175,3.346585725654934
2022-04-18,69.6471176147461,71.1500015258789,72.0999984741211,70.05000305175781,70.25,17476700,38.39130149319708,-2.679275291090036,75.68499984741212,81.08960037231445,-0.10401714841088394,3.4251010164535822
2022-04-19,71.19373321533203,72.7300033569336,73.41000366210938,70.7699966430664,70.95999908447266,15139000,42.562785069079276,-2.530933439331392,75.40400009155273,80.92080047607422,-0.07172935834891914,3.425489529425221
2022-04-20,71.65380859375,73.19999694824219,76.2300033569336,72.88999938964844,73.80999755859375,19042600,43.78217216274698,-2.3483762782271356,75.10799980163574,80.76740036010742,-0.07482312427745186,3.3422512307437438
2022-04-21,69.42198181152344,70.91999816894531,74.48999786376953,70.6500015258789,73.97000122070312,17645300,39.411044165710706,-2.360465285075378,74.87149963378906,80.50340026855469,-0.06252482830837114,3.4669049424314604
2022-04-22,67.94387817382812,69.41000366210938,70.9800033569336,69.30999755859375,70.63999938964844,18682400,36.7912554705538,-2.4634922421533645,74.4314998626709,80.12920028686523,-0.11251752365907364,3.5775582044037537
2022-04-25,68.63888549804688,70.12000274658203,70.16999816894531,67.93000030517578,68.41999816894531,20072100,38.84958468474576,-2.45949927879893,74.03250007629394,79.71120040893555,-0.10217664383416447,3.5918521841383466
2022-04-26,65.6630859375,67.08000183105469,69.16000366210938,67.04000091552734,68.69000244140625,18628700,33.777710293984555,-2.6708496024374,73.3935001373291,79.25760040283203,-0.1600300360834247,3.637072934430422
2022-04-27,65.06596374511719,66.47000122070312,68.4800033569336,65.86000061035156,66.12999725341797,17123600,32.85094198473588,-2.8546614476814938,72.61450004577637,78.78980041503907,-0.1898842321946862,3.3419239870185127
2022-04-28,68.69760131835938,70.18000030517578,70.80999755859375,67.05999755859375,67.6500015258789,21058400,43.07996873669514,-2.6701874798358034,72.16549987792969,78.27340042114258,-0.11344116904370416,3.0022080571175853
2022-04-29,66.74964904785156,68.19000244140625,71.33000183105469,68.0199966430664,69.0999984741211,16843500,39.59574231233548,-2.653973374732203,71.68050003051758,77.71600051879882,-0.12453456187253886,2.805839768416783
2022-05-02,69.10873413085938,70.5999984741211,70.73999786376953,67.58000183105469,68.16000366210938,15342800,45.35936004267576,-2.4187749094375164,71.40149993896485,77.25340042114257,-0.07324759528355596,2.6051281328680505
2022-05-03,69.75480651855469,71.26000213623047,71.95999908447266,70.19999694824219,70.47000122070312,13539100,46.85492520677096,-2.154288356352481,71.0810001373291,76.86260040283203,-0.08252859770605403,2.147442889339124
2022-05-04,72.06493377685547,73.62000274658203,73.9000015258789,70.16000366210938,71.7699966430664,17201900,51.92230710639246,-1.734257095344958,71.03150024414063,76.52360046386718,-0.013268970053220697,2.0718970892343433
2022-05-05,69.7841567993164,71.29000091552734,72.55999755859375,70.36000061035156,72.30999755859375,16603600,47.142982799723846,-1.571278252356592,70.90700035095215,76.20320053100586,-0.03374895506867692,1.9703722243919388
2022-05-06,68.864013671875,70.3499984741211,71.91000366210938,68.88999938964844,70.55000305175781,15159800,45.33015269732517,-1.5006679205279454,70.76050033569337,75.83360046386719,-0.039983629284715105,1.892017188790558
2022-05-09,66.49513244628906,67.93000030517578,71.4000015258789,67.4800033569336,69.19999694824219,21770900,40.96296216119839,-1.621293093734451,70.55000038146973,75.39020050048828,-0.05835873468383701,1.9633129892209895
2022-05-10,67.45443725585938,68.91000366210938,70.58999633789062,67.61000061035156,69.56999969482422,17662700,43.343430672584944,-1.6191468152806294,70.39400062561035,74.99120056152344,-0.043315218243267006,1.9634802008653058
2022-05-11,65.54562377929688,66.95999908447266,70.87999725341797,66.81999969482422,68.66000366210938,17237300,39.89625976358158,-1.7545693632518748,70.14400062561035,74.60520050048828,-0.06948304702075636,2.0690685788536243
2022-05-12,66.27978515625,67.70999908447266,68.9000015258789,65.87000274658203,66.0,27022900,41.81305364688424,-1.7808454978361539,69.91050071716309,74.09340042114258,-0.0645205629477249,2.066959237926999
2022-05-13,70.40086364746094,71.91999816894531,72.62999725341797,68.0199966430664,69.0999984741211,22872000,51.21768440132611,-1.4452972945714748,70.00000076293945,73.74820037841796,0.02552404086170279,2.11515565495651
2022-05-16,68.98149871826172,70.47000122070312,72.04000091552734,70.31999969482422,71.51000213623047,13394700,48.32086982914524,-1.281602050909683,69.96600074768067,73.51940032958984,-0.009557277450351842,2.1011157951003114
2022-05-17,72.90678405761719,74.4800033569336,74.7300033569336,72.1500015258789,72.25,17671500,55.771091249941236,-0.8188594297556051,70.05350074768066,73.49500045776367,0.024061596579497024,2.2532134740873353
2022-05-18,69.54922485351562,71.05000305175781,74.22000122070312,70.08999633789062,73.18000030517578,20635100,49.233085776537045,-0.7205983186687916,69.94600105285645,73.37280044555663,-0.02937150254261045,2.1438271612690385
2022-05-19,67.93407440185547,69.4000015258789,71.69999694824219,69.05000305175781,70.76000213623047,17558000,46.41429546153915,-0.767025224369803,69.87000122070313,73.17200042724609,-0.0214325533320725,2.1344027719107532
2022-05-20,67.44463348388672,68.9000015258789,70.69000244140625,66.11000061035156,70.5999984741211,20313300,45.56298451145965,-0.8345445923763606,69.8445011138916,73.03560043334961,-0.007347674820954886,2.143216043917039
2022-05-23,68.12004852294922,69.58999633789062,70.19999694824219,68.5199966430664,68.7699966430664,12356200,47.007464924913556,-0.8228915812537707,69.81800079345703,72.97100036621094,-0.0075585622922303974,2.1429069213631298
2022-05-24,65.21281433105469,66.62000274658203,68.41000366210938,66.01000213623047,68.36000061035156,18764500,41.8587591909883,-1.041306613085439,69.7950008392334,72.915400390625,-0.0068574697661933914,2.176052977183911
2022-05-25,66.4364013671875,67.87000274658203,68.8499984741211,65.9000015258789,65.93000030517578,16241200,44.60863145105731,-1.1008476595280854,69.86500091552735,72.8106004333496,0.021062155862317855,2.0840360590194136
2022-05-26,69.10873413085938,70.5999984741211,71.04000091552734,66.3499984741211,66.38999938964844,14902500,50.153595092100126,-0.9171739181107483,69.88600082397461,72.62920043945313,0.005984584883427679,2.0894861680520287
2022-05-27,71.77127075195312,73.31999969482422,73.44000244140625,71.63999938964844,71.76000213623047,13078700,54.988338868409706,-0.5458377108688808,70.1425006866455,72.48520050048828,0.07523092931146369,2.183107281201353
2022-05-31,72.2802963256836,73.83999633789062,74.4800033569336,71.93000030517578,73.47000122070312,15453000,55.86957810551469,-0.20720319850178726,70.30450057983398,72.3738003540039,0.04589232200843707,2.333852486893756
2022-06-01,71.99640655517578,73.55000305175781,75.38999938964844,72.55000305175781,74.5,13595400,55.2202868850616,0.03733666384363232,70.41900062561035,72.27780044555664,0.032135852468113235,2.4370882004896877
2022-06-02,73.77796936035156,75.37000274658203,75.41000366210938,73.12999725341797,73.12999725341797,11373200,58.48146288007172,0.3736873958797844,70.50650062561036,72.20280044555665,0.0237707135929337,2.584991718054088
2022-06-03,68.46265411376953,69.94000244140625,71.69000244140625,69.11000061035156,71.69000244140625,30306600,47.39198598089696,0.19978908585557065,70.43900070190429,72.08860046386718,-0.01893671562328536,2.581078764272149
2022-06-06,68.96190643310547,70.44999694824219,72.13999938964844,70.01000213623047,70.73999786376953,13198700,48.38200668630806,0.10195049494767261,70.44400062561036,71.93340042114258,0.001421442449041077,2.580994134216076
2022-06-07,69.2653579711914,70.76000213623047,70.87000274658203,68.12000274658203,68.6500015258789,14328000,49.010157873006825,0.04886425786563109,70.58550071716309,71.78660049438477,0.04166055966937865,2.5125819967942684
2022-06-08,67.15098571777344,68.5999984741211,70.4000015258789,67.76000213623047,69.83999633789062,16363000,44.909344608085604,-0.16559236540526,70.57000045776367,71.56140045166016,-0.004498696437578942,2.524390714779987
2022-06-09,64.6254653930664,66.0199966430664,68.69000244140625,66.0,67.94000244140625,15073700,40.54543209492809,-0.5375389557397483,70.52300033569335,71.24080032348633,-0.01403826843277578,2.602677424111208
2022-06-10,61.29729080200195,62.619998931884766,65.55999755859375,62.279998779296875,64.83999633789062,26626900,35.63162362728029,-1.094049190589061,70.26850032806396,70.91000022888184,-0.07517353745992206,3.0945938920465825
2022-06-13,57.597129821777344,58.84000015258789,60.959999084472656,58.58000183105469,60.02000045776367,24278600,31.116544443002937,-1.819132049966612,69.6145004272461,70.52900024414062,-0.18186872009689925,3.982082036177952
2022-06-14,57.4600944519043,58.70000076293945,59.869998931884766,57.720001220703125,59.36000061035156,17036000,30.960067331175793,-2.377654104209114,69.02600040435792,70.1794002532959,-0.16702143116049506,4.66086927339529
2022-06-15,57.8712272644043,59.119998931884766,60.08000183105469,57.54999923706055,59.33000183105469,19726200,32.06380688164316,-2.7546427075406825,68.25800018310547,69.80840026855469,-0.2062299104826626,4.970103120072769
2022-06-16,53.84803009033203,55.0099983215332,57.0,54.25,57.0,22706200,27.440639231167225,-3.3464755057625197,67.45599994659423,69.41640022277832,-0.2257565663795953,5.731660736541238
2022-06-17,54.57240676879883,55.75,56.31999969482422,53.599998474121094,55.900001525878906,24139800,29.414053671638385,-3.7129942251097674,66.7734998703003,69.05580024719238,-0.19668589662478453,6.274937310250648
2022-06-21,55.6002197265625,56.79999923706055,57.91999816894531,56.34000015258789,56.81999969482422,15502800,32.23049139404512,-3.8740788185068027,66.16849975585937,68.72620025634765,-0.17561686532435838,6.632258206851053
2022-06-22,55.14993667602539,56.34000015258789,57.13999938964844,55.599998474121094,55.959999084472656,13513800,31.63496375908494,-3.9928307338213074,65.50599994659424,68.41020027160644,-0.1904008748752919,6.92768957904911
2022-06-23,55.03248596191406,56.220001220703125,56.83000183105469,54.959999084472656,56.61000061035156,13366600,31.471598804947845,-4.049940203533495,64.98599987030029,68.09400032043457,-0.15610929296175213,7.223665579489047
2022-06-24,57.20558166503906,58.43999862670898,59.0,57.130001068115234,57.150001525878906,15647600,37.864408293736574,-3.8714371151817915,64.51449966430664,67.8236003112793,-0.13894215026163315,7.332451139275026
2022-06-27,57.53841018676758,58.77999877929688,60.04999923706055,58.369998931884766,59.58000183105469,16159900,38.80595453897805,-3.6603428074042768,63.92349967956543,67.55160034179687,-0.16742209561317356,7.292380809281256
2022-06-28,56.63783264160156,57.86000061035156,60.59000015258789,57.810001373291016,58.97999954223633,19393600,37.164886589487566,-3.5266323882078012,63.150499725341795,67.30620040893555,-0.21085650775805997,7.059591345429874
2022-06-29,54.836708068847656,56.02000045776367,57.52000045776367,55.31999969482422,57.22999954223633,17351400,34.062340390675715,-3.5284646088362877,62.25949993133545,67.00360038757324,-0.2413325672252602,6.757529284714661
2022-06-30,54.11233139038086,55.27999877929688,56.40999984741211,54.220001220703125,54.9900016784668,29572400,32.87374469708047,-3.5487211593620955,61.3459997177124,66.6546002960205,-0.2484024950971676,6.3749846705904405
2022-07-01,52.51676940917969,53.650001525878906,53.959999084472656,51.400001525878906,53.290000915527344,43681700,30.36064609594206,-3.6541786803103946,60.259999656677245,66.26360038757325,-0.28817832598112925,5.671424057772754
2022-07-05,55.531707763671875,56.72999954223633,56.88999938964844,52.09000015258789,52.18000030517578,33745900,39.73560549152224,-3.4494611848161867,59.59949951171875,65.97980041503907,-0.18887621444161207,5.237361750891747
2022-07-06,56.15818786621094,57.369998931884766,58.119998931884766,56.459999084472656,56.849998474121094,23565000,41.49798444418012,-3.1987058033052733,58.94549961090088,65.73900032043457,-0.18566357108527576,4.587467280218631
2022-07-07,57.60691833496094,58.84999847412109,59.310001373291016,57.84000015258789,59.099998474121094,22945500,45.46940126515876,-2.8477299049823728,58.34999942779541,65.51360023498535,-0.1683154791202477,3.6504253975536223
2022-07-08,58.004150390625,59.13999938964844,60.43000030517578,58.099998474121094,58.220001220703125,19283000,46.239524479269626,-2.5171620494453535,57.87699947357178,65.35480018615722,-0.13790086435703608,2.7556023931650633
2022-07-11,56.69969177246094,57.810001373291016,58.61000061035156,57.709999084472656,58.11000061035156,13941800,43.22452990524306,-2.3355812402930596,57.466499710083006,65.18160018920898,-0.12435619035490553,1.9814857684613028
2022-07-12,58.04338073730469,59.18000030517578,60.08000183105469,58.099998474121094,58.41999816894531,21523100,47.054177350502115,-2.0574130990656414,57.29449977874756,64.96160018920898,-0.054934504717109034,1.6284523116389449
2022-07-13,57.72952651977539,58.86000061035156,59.41999816894531,57.36000061035156,57.380001068115234,13987600,46.26911656853459,-1.8415558347387915,57.29549980163574,64.7750001525879,0.00033991260557120206,1.6294571769967627
2022-07-14,58.210105895996094,59.34999847412109,59.65999984741211,57.31999969482422,57.939998626708984,14803800,47.707819585309274,-1.6123623554955202,57.327999687194826,64.55000015258788,0.011073214697332912,1.665038329499907
2022-07-15,60.34823226928711,61.52999877929688,61.70000076293945,59.400001525878906,61.47999954223633,20317800,53.653616546332024,-1.2405171567524889,57.44849967956543,64.35540008544922,0.0407645448402123,1.8754624727784412
2022-07-18,59.28898239135742,60.45000076293945,62.33000183105469,60.13999938964844,62.09000015258789,13233000,50.584976401378086,-1.0212021885948488,57.72049980163574,64.09200004577637,0.09889115810564952,1.8975450733354122
2022-07-19,61.2015380859375,62.400001525878906,62.7599983215332,61.380001068115234,61.470001220703125,19103700,55.5304327331465,-0.6821809738938924,58.052999877929686,63.9142000579834,0.11928253858078763,2.1053391988952153
2022-07-20,62.08424758911133,63.29999923706055,63.52000045776367,61.849998474121094,62.220001220703125,15176200,57.63769344439718,-0.336997230727448,58.37799987792969,63.77320007324219,0.1144366212554262,2.384876708436247
2022-07-21,62.417724609375,63.63999938964844,63.68000030517578,61.93000030517578,62.599998474121094,12924700,58.438936736509525,-0.035591183530449655,58.74299983978271,63.68740005493164,0.12957045114110155,2.605013364064868
2022-07-22,60.112857818603516,61.290000915527344,62.91999816894531,61.0099983215332,61.290000915527344,22201700,51.22692758863141,0.013494487232811991,58.99649982452392,63.535,0.09018142270970242,2.5932325439686728
2022-07-25,58.994754791259766,60.150001525878906,61.83000183105469,59.70000076293945,61.349998474121094,14479400,48.12422979312558,-0.039141983989949836,59.081999969482425,63.39880004882812,0.029260830584421083,2.6020934144298797
2022-07-26,58.51416015625,59.65999984741211,60.689998626708984,59.54999923706055,60.310001373291016,11044800,46.81180570159197,-0.11902377500809536,59.126000022888185,63.23780006408691,0.014971097080477946,2.6041573205871664
2022-07-27,60.701332092285156,61.88999938964844,62.38999938964844,59.61000061035156,60.4900016784668,14589800,53.08277416178934,-0.002361126140122849,59.32749996185303,63.037200088500974,0.0696508596056924,2.656431769120283
2022-07-28,60.87787628173828,62.06999969482422,62.29999923706055,60.189998626708984,62.25,10120300,53.55874079403733,0.1034271402079554,59.62999992370605,62.8692000579834,0.10799712937564054,2.6039200449889908
2022-07-29,60.671897888183594,61.86000061035156,62.09000015258789,60.77000045776367,61.349998474121094,14199700,52.88467411636536,0.16837896448047474,59.95900001525879,62.61680000305176,0.11903042648978812,2.4356255471693853
2022-08-01,61.33885192871094,62.540000915527344,63.9900016784668,62.0,62.5,13347200,54.86554903922068,0.2715933358820237,60.40349998474121,62.44659996032715,0.16570361857977223,1.9949892964394662
2022-08-02,61.27019119262695,62.470001220703125,63.29999923706055,60.880001068115234,61.75,11535800,54.61101444227148,0.3437801943914778,60.69050006866455,62.30799995422363,0.10118106336653998,1.8460213897797402
2022-08-03,63.016014099121094,64.25,64.52999877929688,62.439998626708984,62.5,12290100,59.727418155826,0.5384133315220936,61.03450012207031,62.21499992370605,0.11992332571391251,1.8356942711556705
2022-08-04,63.604488372802734,64.8499984741211,64.98999786376953,63.650001525878906,64.12000274658203,11338400,61.31056724802589,0.7326310428047762,61.33450012207031,62.12019996643066,0.10195412328920406,1.9468148874038977
2022-08-05,61.26038360595703,62.459999084472656,63.220001220703125,61.79999923706055,62.86000061035156,15047100,52.46345462815321,0.6857916226377228,61.50050010681152,62.03699989318848,0.05613797309922419,1.8905787259547224
2022-08-08,60.26978302001953,61.45000076293945,62.619998931884766,60.97999954223633,61.9900016784668,11454300,49.23044129580664,0.5607091154029078,61.68250007629395,61.908599853515625,0.06296487291436326,1.6800964879153222
2022-08-09,58.01396179199219,59.150001525878906,60.540000915527344,57.7400016784668,59.0,33107200,42.76716403677,0.27284442996450764,61.6810001373291,61.67959991455078,-0.000506907386653932,1.6824599592087337
2022-08-10,60.220741271972656,61.400001525878906,61.560001373291016,59.38999938964844,60.0,17418400,49.72129198008053,0.22368726125960592,61.80800018310547,61.441199951171875,0.04315326009494869,1.5488722625520375
2022-08-11,61.123069763183594,62.31999969482422,64.0999984741211,62.0,62.0,18298500,52.27478364433193,0.2560148347398936,61.95650024414063,61.21080001831055,0.0500421448536037,1.439305866407758
2022-08-12,63.79083251953125,65.04000091552734,65.41999816894531,62.22999954223633,62.65999984741211,16194000,58.917872751175196,0.495405312084074,62.13200035095215,61.040599975585934,0.05704537958501432,1.59060553357836
2022-08-15,63.457374572753906,64.69999694824219,65.12000274658203,63.88999938964844,64.69999694824219,9689100,57.83417962047839,0.6501934856946932,62.34450016021729,60.82719985961914,0.07030597405564154,1.6372771658171177
2022-08-16,62.63349533081055,63.86000061035156,64.55999755859375,63.220001220703125,64.12000274658203,9275400,55.135989623553506,0.6970484040400038,62.41750011444092,60.705599822998046,0.023397420653381795,1.6720604242237465
2022-08-17,60.43651580810547,61.619998931884766,62.810001373291016,60.7599983215332,62.810001373291016,14728400,48.621611918418736,0.5471249337600455,62.33350009918213,60.5289998626709,-0.026540289501175596,1.6675860045103148
2022-08-18,61.77040100097656,62.97999954223633,63.41999816894531,61.25,61.75,11303900,52.30609121940499,0.531918560619907,62.300500106811526,60.373399810791014,-0.010370833654022027,1.646771318133024
2022-08-19,59.347835540771484,60.5099983215332,62.25,60.279998779296875,61.84000015258789,14050300,45.87201486368944,0.3169058511164735,62.26149997711182,60.211599807739255,-0.012726424903618083,1.680846082928927
2022-08-22,57.19009017944336,58.310001373291016,59.61000061035156,57.970001220703125,59.560001373291016,13096800,41.03080833297881,-0.03066119466326711,62.16949996948242,60.05739990234375,-0.030590192949475625,1.8448543376220519
2022-08-23,56.74872970581055,57.86000061035156,59.290000915527344,57.7599983215332,58.349998474121094,12769100,40.09860445047651,-0.33851963960083253,62.07950000762939,59.962199935913084,-0.030170956112374636,2.01021675991241
2022-08-24,57.19009017944336,58.310001373291016,58.56999969482422,57.36000061035156,57.880001068115234,9961300,41.52922470758514,-0.5399640055185415,61.90050010681152,59.95159996032715,-0.057844531453593806,2.1801840481823787
2022-08-25,60.02458572387695,61.20000076293945,61.27000045776367,58.58000183105469,58.599998474121094,12171600,49.81823282950713,-0.4610960901200798,61.85700016021728,60.00159996032715,-0.014016415920126257,2.185297420542733
2022-08-26,56.52314376831055,57.630001068115234,61.220001220703125,57.61000061035156,61.06999969482422,15754000,41.91372117553608,-0.6788366324563384,61.64550018310547,59.971800003051754,-0.06838020531038413,2.3809312532787135
2022-08-29,55.91505432128906,57.0099983215332,58.0,56.52000045776367,57.310001373291016,11607600,40.705760714562224,-0.8911539530174153,61.36900005340576,60.01180000305176,-0.0884234492011522,2.584025200889457
2022-08-30,55.218692779541016,56.29999923706055,57.79999923706055,55.58000183105469,57.47999954223633,12743700,39.30864172601826,-1.103981935089955,61.06049995422363,60.02279998779297,-0.09876743817955591,2.8045607407222835
2022-08-31,55.444278717041016,56.52999877929688,57.15999984741211,55.810001373291016,55.9900016784668,14172200,40.02674843122812,-1.2397989725457208,60.674499893188475,60.0173999786377,-0.12015566102261666,2.8729067201523555
2022-09-01,56.209285736083984,57.310001373291016,57.400001525878906,54.790000915527344,55.2599983215332,17594500,42.511027773231554,-1.269857140005307,60.29750003814697,60.03680000305176,-0.11626826951798575,2.7896495866367483
2022-09-02,55.24811553955078,56.33000183105469,58.79999923706055,56.0,58.29999923706055,12809700,40.25483899131146,-1.357112281526618,59.991000175476074,60.039000015258786,-0.09814276886439888,2.8749970076854305
2022-09-06,54.16924285888672,55.22999954223633,56.689998626708984,55.130001068115234,56.33000183105469,12133300,37.82800710811565,-1.4977583751994672,59.680000114440915,59.97480003356934,-0.10122052308344986,3.040520831821033
2022-09-07,53.94366455078125,55.0,55.720001220703125,54.0099983215332,55.310001373291016,17030600,37.32136971718189,-1.6092302539511891,59.472500038146975,59.8992000579834,-0.07016063260899874,3.215185585050912
2022-09-08,54.326171875,55.38999938964844,55.91999816894531,53.7400016784668,54.4900016784668,18415300,38.81771261031437,-1.6471159027567737,59.17199993133545,59.84980003356934,-0.09788276851585043,3.3051514166761486
2022-09-09,56.3367919921875,57.43999862670898,57.68000030517578,56.16999816894531,56.16999816894531,13925600,46.1015812907974,-1.49449513686735,58.927999877929686,59.87819999694824,-0.0783055374199646,3.240010537206972
2022-09-12,56.827186584472656,57.93999862670898,58.13999938964844,57.029998779296875,57.459999084472656,10711500,47.73591499658225,-1.3180031392404032,58.57299976348877,59.931399993896484,-0.10916362529022272,2.9069316931738065
2022-09-13,52.590171813964844,53.619998931884766,56.2400016784668,53.13999938964844,55.70000076293945,22361800,37.23146658332816,-1.5093213145985303,58.018999862670896,59.9307999420166,-0.17125190941231494,2.728105091745588
2022-09-14,52.08997344970703,53.11000061035156,54.22999954223633,52.459999084472656,53.88999938964844,19984900,36.21819805370768,-1.6826978558179704,57.4814998626709,59.85839996337891,-0.16833698555050514,2.571211565384976
2022-09-15,51.67802429199219,52.68999862670898,53.45000076293945,51.97999954223633,52.70000076293945,15620800,35.36460571371528,-1.832862565088817,57.03499984741211,59.76479995727539,-0.14492048782810074,2.5900163954087527
2022-09-16,51.834938049316406,52.84999847412109,53.0099983215332,51.4900016784668,51.88999938964844,24901700,35.98357344432894,-1.9168621350648465,56.52849979400635,59.64479995727539,-0.16084473073585448,2.3451616786619027
2022-09-19,51.0993537902832,52.09999847412109,52.77000045776367,51.880001068115234,51.970001220703125,19251400,34.32427189974632,-2.0206582410567293,56.10799980163574,59.503999938964846,-0.13898529302089435,2.347661448134402
2022-09-20,49.824317932128906,50.79999923706055,51.59000015258789,50.59000015258789,51.529998779296875,19373800,31.603900324301122,-2.1826561750203552,55.73249969482422,59.36379989624024,-0.12879440849525403,2.5672514863967635
2022-09-21,49.13776779174805,50.09999847412109,52.5099983215332,49.720001220703125,49.7400016784668,31117300,30.21524912541078,-2.34054457531159,55.344499588012695,59.18219985961914,-0.13411686924251698,2.8042519585317836
2022-09-22,48.70621871948242,49.65999984741211,50.369998931884766,49.349998474121094,49.79999923706055,21317000,29.342504543098684,-2.472673046327813,54.91199951171875,58.99819984436035,-0.14834507498127159,2.984089052874029
2022-09-23,49.13776779174805,50.09999847412109,50.150001525878906,48.45000076293945,49.279998779296875,24591700,31.474079187719425,-2.5129142879127073,54.35699939727783,58.813199844360355,-0.1813725841575501,2.7781748433484257
2022-09-26,47.94120407104492,48.880001068115234,50.459999084472656,48.810001373291016,49.93000030517578,19266800,28.873148820427616,-2.613126856722843,53.91949939727783,58.560199890136715,-0.15183064094789833,2.9209200020073953
2022-09-27,49.608558654785156,50.58000183105469,50.650001525878906,49.400001525878906,49.81999969482422,17297500,36.72034784843506,-2.5262491576732486,53.597999572753906,58.362799911499025,-0.11278717207135658,2.916716946328688
2022-09-28,50.02047348022461,51.0,51.189998626708984,50.099998474121094,50.11000061035156,17784300,38.524875196299355,-2.3958892927165536,53.33299961090088,58.13479988098145,-0.09413853124125304,2.8990181382621976
2022-09-29,49.04949951171875,50.0099983215332,50.29999923706055,49.220001220703125,50.040000915527344,25582100,35.92434745784452,-2.345426406571576,53.0069995880127,57.8689998626709,-0.1153369997975573,2.887156958355604
2022-09-30,49.13776779174805,50.09999847412109,52.060001373291016,49.810001373291016,50.540000915527344,38917700,36.34502045065093,-2.2719819519031574,52.646499443054196,57.59819984436035,-0.12580706205549153,2.7693192661849304
2022-10-03,50.726654052734375,51.720001220703125,53.09000015258789,50.63999938964844,51.0099983215332,24632400,43.53148296418859,-2.059317479693121,52.41599941253662,57.40679985046387,-0.0818391702556287,2.63519757169462
2022-10-04,52.923641204833984,53.959999084472656,54.810001373291016,52.65999984741211,53.560001373291016,24275500,51.658312091899255,-1.6905427219663949,52.352499389648436,57.28299980163574,-0.022994757709394076,2.5785119310654596
2022-10-05,53.67884063720703,54.72999954223633,55.20000076293945,52.16999816894531,52.880001068115234,20418300,54.10355418873462,-1.3209266476641162,52.338999366760255,57.18439979553223,-0.004909099232066727,2.564590397947804
2022-10-06,53.570953369140625,54.619998931884766,55.11000061035156,53.29999923706055,54.400001525878906,17149400,53.685773784620054,-1.025063086598756,52.30049934387207,57.038999786376955,-0.01390143466778182,2.5218003919178353
2022-10-07,52.0032958984375,52.90999984741211,54.650001525878906,52.5099983215332,53.560001373291016,21977700,47.54012101336514,-0.9179897040513723,52.07399940490723,56.85579978942871,-0.07886488314069118,2.221439323067889
2022-10-10,50.499515533447266,51.380001068115234,53.130001068115234,50.77000045776367,53.06999969482422,17227400,42.81723650583894,-0.9456900653151195,51.74599952697754,56.646199798583986,-0.11322053355330486,1.742367854661949
2022-10-11,52.78957748413086,53.709999084472656,54.779998779296875,50.33000183105469,50.63999938964844,32813700,50.82863695165533,-0.7707467451677203,51.75049953460693,56.46959976196289,0.0016784810589463017,1.7475710145814793
2022-10-12,51.84603500366211,52.75,53.77000045776367,52.38999938964844,53.599998474121094,18131900,47.853822479964535,-0.7014805752076896,51.732499504089354,56.27519973754883,-0.0067783958993477,1.7346372675955974
2022-10-13,53.91987609863281,54.86000061035156,55.91999816894531,50.7400016784668,51.349998474121094,27605000,54.19873117369268,-0.47089899079264086,51.840999603271484,56.08739974975586,0.041184324163990205,1.86094734960312
2022-10-14,51.816551208496094,52.720001220703125,55.439998626708984,52.599998474121094,55.2400016784668,20403000,47.84078370425658,-0.4555897350457627,51.834499740600585,55.8447998046875,-0.0024597399653969454,1.8574614238351663
2022-10-17,52.58318328857422,53.5,54.9900016784668,52.849998474121094,54.599998474121094,18261700,50.13678965331971,-0.37618127324836337,51.90449981689453,55.66559982299805,0.02687143122613178,1.8940140776808996
2022-10-18,51.64946746826172,52.54999923706055,55.13999938964844,51.65999984741211,55.0099983215332,19774800,47.40003819808683,-0.3854632369948803,51.991999816894534,55.48759979248047,0.034448819415007215,1.8806790511211993
2022-10-19,52.12123489379883,53.02999877929688,53.43000030517578,52.060001373291016,52.09000015258789,14786100,48.917278652496606,-0.3500521255979976,52.13849983215332,55.36519973754883,0.058483041804667346,1.8392024565680418
2022-10-20,52.779754638671875,53.70000076293945,55.099998474121094,53.16999816894531,53.5,15711800,51.04017500342005,-0.2648717276534782,52.34049987792969,55.21119972229004,0.08135322045793103,1.773338962778882
2022-10-21,55.089481353759766,56.04999923706055,56.279998779296875,53.34000015258789,53.4900016784668,20199200,57.682907463234294,-0.0076522016684492655,52.63799991607666,55.08579971313477,0.11876249389534221,1.8739250106079777
2022-10-24,55.2762336730957,56.2400016784668,56.810001373291016,55.06999969482422,56.22999954223633,15293600,58.176988842609624,0.20911716246811096,53.00599994659424,54.90979972839355,0.15057284062034415,1.8189598657073087
2022-10-25,54.91256332397461,55.869998931884766,57.029998779296875,55.34000015258789,56.68000030517578,17313000,56.78652903539043,0.3470517196857372,53.270499801635744,54.733199768066406,0.10458673209422797,1.8321903017230259
2022-10-26,54.49976348876953,55.45000076293945,57.439998626708984,54.959999084472656,56.08000183105469,23511300,55.17450043511358,0.4176609721804212,53.49299983978271,54.56499977111817,0.08725491692038134,1.8120420943817857
2022-10-27,51.3152961730957,52.209999084472656,56.22999954223633,52.119998931884766,55.369998931884766,27335800,44.64549043364323,0.20976027004437015,53.60299987792969,54.376799774169925,0.04399121849184673,1.6489107358076145
2022-10-28,53.113929748535156,54.040000915527344,54.439998626708984,51.459999084472656,51.83000183105469,19171100,50.40253487225965,0.19046772617524965,53.8,54.197999801635746,0.07864276569671835,1.4290776522755289
2022-10-31,53.17289733886719,54.09999847412109,54.93000030517578,53.16999816894531,53.90999984741211,15932500,50.583994888472084,0.17796804290434665,53.9189998626709,54.0697998046875,0.0460169605035754,1.3432752707021456
2022-11-01,53.91987609863281,54.86000061035156,55.439998626708984,54.11000061035156,55.09000015258789,11729700,52.933102718044466,0.22677366895374718,53.96399993896485,54.00079978942871,0.01667905005835868,1.3596958239241117
2022-11-02,52.53404235839844,53.45000076293945,56.27000045776367,53.41999816894531,54.7400016784668,17302700,48.341692401068286,0.1499487594387361,53.9,53.91259979248047,-0.02338751671848771,1.3518447796160682
2022-11-03,52.563514709472656,53.47999954223633,54.369998931884766,51.90999984741211,52.709999084472656,12769200,48.44415511702021,0.09044255050976346,53.84300003051758,53.81599975585937,-0.02087146488358782,1.3438989593816673
2022-11-04,55.19759750366211,56.15999984741211,56.90999984741211,54.81999969482422,55.2599983215332,18882700,56.705877144004205,0.2565793906448448,54.00550003051758,53.71519973754883,0.061425061602206066,1.419508767094977
2022-11-07,55.59074020385742,56.560001373291016,56.81999969482422,55.459999084472656,56.43000030517578,11411300,57.79302444270426,0.41572855360546157,54.264500045776366,53.69379974365234,0.10081744253583369,1.3874571554865545
2022-11-08,56.50480651855469,57.4900016784668,57.869998931884766,56.47999954223633,57.380001068115234,14190100,60.28973586469468,0.6098684799435574,54.45350017547607,53.70339981079101,0.07037800518389736,1.5552572691862785
2022-11-09,55.01084899902344,55.970001220703125,56.650001525878906,55.5099983215332,56.220001220703125,19952500,54.60438885880773,0.6337687449174041,54.61450023651123,53.69679985046387,0.061042677169727444,1.5361798221398069
2022-11-10,59.23716354370117,60.27000045776367,60.380001068115234,58.060001373291016,58.599998474121094,24982500,64.73556505423744,0.9882914700622223,54.885000228881836,53.7715998840332,0.09861465160813898,1.9907434193843792
2022-11-11,61.448612213134766,62.52000045776367,63.18000030517578,59.880001068115234,60.650001525878906,17579400,68.67501587937925,1.434276038536801,55.375000190734866,53.875799865722655,0.18588768987380244,2.5557173924557475
2022-11-14,60.721290588378906,61.77999877929688,62.75,60.9900016784668,61.939998626708984,13988200,66.06117052746248,1.7083176487342087,55.78900012969971,53.9847998046875,0.15476633232330617,2.8853769125940483
2022-11-15,62.01866149902344,63.09999847412109,64.44000244140625,62.41999816894531,63.5,16325000,68.37354141875164,2.008853727550253,56.31650009155273,54.1421997833252,0.20076116822510293,3.2083529504732873
2022-11-16,57.86115264892578,58.869998931884766,61.380001068115234,58.119998931884766,60.529998779296875,25901900,55.357273027891914,1.8839876864721745,56.60850009918213,54.21959976196289,0.11012634899150409,3.158872465431876
2022-11-17,57.7333869934082,58.7400016784668,58.9900016784668,56.5099983215332,57.29999923706055,14212300,55.01067670792835,1.7543180706942039,56.86050014495849,54.28659980773926,0.09385476431884254,3.1153683564966617
2022-11-18,57.57612991333008,58.58000183105469,59.65999984741211,58.099998474121094,59.560001373291016,9703700,54.55790733872031,1.619969317562422,56.9870002746582,54.30939987182617,0.04513831629673404,3.1320466539431853
2022-11-21,56.18047332763672,57.15999984741211,58.02000045776367,56.81999969482422,58.02000045776367,9968400,50.57908043314357,1.3829726226237185,57.03300018310547,54.29379989624024,0.016358430680800673,3.127250437895005
2022-11-22,57.615440368652344,58.619998931884766,58.68000030517578,56.97999954223633,57.54999923706055,8955700,54.27166969230437,1.297998243041377,57.17050018310547,54.39379989624023,0.0492214077783093,3.1338733293453664
2022-11-23,57.920135498046875,58.93000030517578,59.060001373291016,57.75,58.2400016784668,8996800,55.03981605278838,1.2413603259326607,57.34450016021729,54.51019989013672,0.06275923344192669,3.12992585608617
2022-11-25,57.40904235839844,58.40999984741211,59.130001068115234,58.38999938964844,58.66999816894531,4360500,53.41883536787842,1.1413578150323431,57.65450019836426,54.62459991455078,0.1187512137839386,2.8926628529955445
2022-11-28,54.79461669921875,55.75,57.7599983215332,55.470001220703125,57.31999969482422,15512600,45.96188478465132,0.8378076227666611,57.74000015258789,54.68259994506836,0.03164320976133306,2.8041208429681754
2022-11-29,54.175418853759766,55.119998931884766,56.52000045776367,54.77000045776367,55.709999084472656,12874200,44.381674475298524,0.5401792373781902,57.79100017547607,54.742999954223635,0.01885398311520481,2.7430443562616165
2022-11-30,56.66206741333008,57.650001525878906,57.68000030517578,52.61000061035156,53.58000183105469,31461400,51.581078359042415,0.5026622849579283,57.930500221252444,54.88,0.05085674233479498,2.6556936984618718
2022-12-01,54.53908157348633,55.4900016784668,57.91999816894531,55.099998474121094,57.83000183105469,21764200,46.0951368321578,0.2952326360036821,58.03250026702881,54.98780006408691,0.03816652734160142,2.50971322471188
2022-12-02,53.74296188354492,54.68000030517578,55.41999816894531,53.380001068115234,54.34000015258789,15946500,44.19682084210146,0.0647365606231105,58.09250030517578,55.088200073242184,0.02243830914754863,2.4074067942718194
2022-12-05,53.113929748535156,54.040000915527344,55.27000045776367,53.70000076293945,54.369998931884766,13806900,42.70049959851294,-0.16764335357148497,57.986500358581544,55.16700012207031,-0.03774926883270735,2.539996016359293
2022-12-06,52.76008987426758,53.68000030517578,54.630001068115234,53.2400016784668,53.86000061035156,17988000,41.84235922466616,-0.3765149207483347,57.84250030517578,55.263000106811525,-0.050919395300355164,2.701620746949697
2022-12-07,52.897705078125,53.81999969482422,54.2400016784668,52.439998626708984,53.119998931884766,11367300,42.32775924804144,-0.524701924681338,57.65900020599365,55.327800064086915,-0.06383722171671458,2.8475210705479945
2022-12-08,54.254066467285156,55.20000076293945,55.70000076293945,54.04999923706055,54.560001373291016,13609100,47.02161452280926,-0.5247377892842522,57.62050018310547,55.4118000793457,-0.013757377898338308,2.8766159243701765
2022-12-09,53.92970275878906,54.869998931884766,55.86000061035156,54.52000045776367,54.68000030517578,9932200,46.056289799890656,-0.545110902897342,57.35050010681152,55.509000091552736,-0.08959683897236981,2.8682551908235525
2022-12-12,54.40147399902344,55.34999847412109,55.380001068115234,53.34000015258789,53.52000045776367,13250600,47.7369495668106,-0.5165700922118504,56.99200000762939,55.61400009155273,-0.11468333223200133,2.6259704515480755
2022-12-13,54.29336929321289,55.2400016784668,57.88999938964844,54.650001525878906,57.189998626708984,14210500,47.37270667665338,-0.4970968926989272,56.66500015258789,55.68440010070801,-0.10585945662112417,2.3954417594961623
2022-12-14,53.65450668334961,54.59000015258789,56.099998474121094,54.060001373291016,55.2400016784668,11235300,45.17893495521966,-0.52802716417402,56.23950023651123,55.697000122070314,-0.13486526984661285,1.8959805305165975
2022-12-15,51.14820098876953,52.040000915527344,53.720001220703125,51.849998474121094,53.560001373291016,17785000,37.78617614882653,-0.7496616218282952,55.89800033569336,55.643200149536135,-0.11601831391673778,2.008978907767913
2022-12-16,51.17768859863281,52.06999969482422,52.540000915527344,51.619998931884766,51.7400016784668,22951400,37.91488436128301,-0.9123706347835707,55.56450023651123,55.592200164794924,-0.11355127328993087,2.0652016562216002
2022-12-19,50.833683013916016,51.720001220703125,52.290000915527344,51.099998474121094,52.16999816894531,16470000,36.95430844364875,-1.0573719262335928,55.22150020599365,55.56840019226074,-0.1171048206883959,2.1072561622503745
2022-12-20,49.81150436401367,50.68000030517578,51.970001220703125,50.45000076293945,51.34000015258789,16942000,34.18300281764847,-1.2418901401326963,54.89750022888184,55.55440017700195,-0.11336598249710639,2.2842476928034556
2022-12-21,50.31276321411133,51.18999862670898,51.75,50.75,50.93000030517578,20400800,36.69031941195721,-1.3316194713543297,54.52600021362305,55.50400016784668,-0.12674855749842806,2.250921322820002
2022-12-22,48.58293151855469,49.43000030517578,49.970001220703125,48.43000030517578,49.5,40959600,32.13996980282262,-1.5271438052673219,54.05100021362305,55.437600173950194,-0.16120821229939175,2.27489487888406
2022-12-23,49.3397331237793,50.20000076293945,50.54999923706055,48.9900016784668,49.0,17425700,35.88631201027265,-1.601504499818951,53.64050025939942,55.34440017700195,-0.1405581083020052,2.1859226909202922
2022-12-27,49.16282272338867,50.02000045776367,50.310001373291016,48.52000045776367,49.61000061035156,15159100,35.394391658752085,-1.6558725384153732,53.3540002822876,55.290400161743165,-0.10278026084728842,2.26881939068332
2022-12-28,48.278236389160156,49.119998931884766,51.09000015258789,48.83000183105469,49.84000015258789,12518700,32.96147471302507,-1.7513932312500273,53.054000282287596,55.20280014038086,-0.1088534128495644,2.414989411855452
2022-12-29,49.782020568847656,50.650001525878906,50.93000030517578,49.34000015258789,49.400001525878906,13204300,40.454778671411816,-1.6842209947050009,52.704000282287595,55.16480018615723,-0.12142237319556226,2.2126108169431786
2022-12-30,49.235294342041016,49.97999954223633,50.02000045776367,49.130001068115234,49.45000076293945,11989800,38.42906827376233,-1.6658472240875923,52.428500175476074,55.103800201416014,-0.09929720615540472,2.190381557641312
2023-01-03,49.619476318359375,50.369998931884766,50.959999084472656,49.54999923706055,50.560001373291016,12422800,40.30291128016374,-1.6013567433859066,52.21300010681152,55.037200164794925,-0.07882226315355467,2.1691257629817047
2023-01-04,53.39240646362305,54.20000076293945,54.52000045776367,52.72999954223633,53.04999923706055,25077300,54.83882779841282,-1.2270537222006155,52.22100009918213,55.0002001953125,0.0029607669263775893,2.176501110447856
2023-01-05,53.89480972290039,54.709999084472656,55.38999938964844,53.88999938964844,53.88999938964844,18030900,56.362540796346245,-0.8791292244294198,52.27250003814697,54.969600143432615,0.01918775658422578,2.224497271002509
2023-01-06,55.92411422729492,56.77000045776367,57.290000915527344,54.029998779296875,55.43000030517578,21069800,61.947327333822216,-0.43218964540678684,52.420000076293945,54.9876001739502,0.0548123519075967,2.421580646007285
2023-01-09,55.520225524902344,56.36000061035156,57.52000045776367,55.650001525878906,56.81999969482422,15715900,60.29339502935334,-0.1098046109756936,52.47800006866455,55.00580017089844,0.02101448969890085,2.504153645083865
2023-01-10,56.35755920410156,57.209999084472656,57.279998779296875,55.86000061035156,56.15999984741211,10571300,62.52712807496423,0.21183373713782316,52.59500007629394,55.10580017089844,0.042646258395097725,2.670908579627286
2023-01-11,57.19488525390625,58.060001373291016,58.470001220703125,56.91999816894531,57.349998474121094,12143000,64.66768712976291,0.5292219846295012,52.73050022125244,55.18620018005371,0.04896121000684395,2.8786904679246157
2023-01-12,56.41666793823242,57.27000045776367,58.2400016784668,56.43000030517578,58.11000061035156,14888100,61.17030517346856,0.7088369546777358,52.832000160217284,55.24960021972656,0.03674870958753407,3.004853420311602
2023-01-13,56.08174133300781,56.93000030517578,56.970001220703125,56.119998931884766,56.72999954223633,12520600,59.67448086398091,0.8143605007520733,52.94900016784668,55.29100021362305,0.04286499626391671,3.120247954492753
2023-01-17,56.002925872802734,56.84999847412109,58.599998474121094,56.54999923706055,57.15999984741211,10962700,59.30698598485973,0.881373269691963,53.18950004577637,55.35900016784668,0.092428852305392,3.229939733607258
2023-01-18,55.66799545288086,56.5099983215332,58.04999923706055,56.36000061035156,57.5099983215332,10035300,57.68120938651126,0.8967094922197134,53.411499977111816,55.41960014343262,0.08526980320206001,3.3007531145835536
2023-01-19,55.520225524902344,56.36000061035156,57.09000015258789,55.279998779296875,55.709999084472656,12034200,56.939626275695666,0.886540510205954,53.64349994659424,55.42360015869141,0.08971382985565524,3.3384558325331257
2023-01-20,57.58893585205078,58.459999084472656,58.56999969482422,56.7599983215332,57.470001220703125,13826400,63.93121692840269,1.0359915790970646,54.03249988555908,55.461600112915036,0.1535122086118521,3.4270623782193197
2023-01-23,60.89887619018555,61.81999969482422,61.90999984741211,58.86000061035156,58.91999816894531,20175400,71.81622896681229,1.4093109372694528,54.56399993896484,55.548200073242185,0.20765777209005276,3.7701449649446634
2023-01-24,60.34722137451172,61.2599983215332,61.720001220703125,60.869998931884766,61.20000076293945,10183200,69.10470824492148,1.6410646161759601,55.15549983978271,55.65400001525879,0.23932830150354478,3.8494488157979547
2023-01-25,60.623046875,61.540000915527344,61.66999816894531,60.41999816894531,60.66999816894531,10787200,69.72030937800255,1.8262728095275804,55.72249984741211,55.679400024414065,0.2258964139490558,3.9157036756607186
2023-01-26,61.8642692565918,62.79999923706055,63.04999923706055,61.290000915527344,62.58000183105469,12219500,72.38666776720446,2.051079404788311,56.36149978637695,55.685,0.2554977741371307,3.978415779108089
2023-01-27,62.9183349609375,63.869998931884766,64.33999633789062,61.959999084472656,62.13999938964844,15895800,74.444674877144,2.289191904881264,57.09899978637695,55.72680000305176,0.30028502281634784,3.932242897609128
2023-01-30,60.79050827026367,61.709999084472656,63.279998779296875,61.689998626708984,62.7599983215332,16169000,64.06459104848007,2.2773519452758464,57.65199966430664,55.69900001525879,0.21836124828037362,3.751096040341728
2023-01-31,59.401519775390625,60.29999923706055,60.34000015258789,58.650001525878906,59.099998474121094,23856300,58.34552869730597,2.1296442746201905,58.16799964904785,55.727600021362306,0.206482588822418,3.325902368670886
2023-02-01,61.66724395751953,62.59999847412109,63.22999954223633,60.38999938964844,60.619998931884766,20902200,63.99224678685376,2.173125163819371,58.77949962615967,55.80479995727539,0.24280325196700758,2.9157111501683364
2023-02-02,62.228759765625,63.16999816894531,63.91999816894531,61.86000061035156,63.560001373291016,15877600,65.24951228678196,2.227896489544655,59.22799949645996,55.8965998840332,0.16549810479226612,2.863634823601171
2023-02-03,61.480079650878906,62.40999984741211,63.790000915527344,61.900001525878906,62.0,12187100,62.13431754593355,2.1847927163632974,59.612999534606935,56.001599884033205,0.14074211098140577,2.7391506710846376
2023-02-06,59.08628463745117,59.97999954223633,61.18000030517578,59.7400016784668,60.939998626708984,11484300,53.36192950291033,1.9322778530150089,59.773499488830566,56.02879989624024,0.05654393268608238,2.656598756698201
2023-02-07,61.20425033569336,62.130001068115234,62.38999938964844,59.70000076293945,60.09000015258789,12713100,58.89198995688312,1.8839284054132222,60.06199951171875,56.09279991149902,0.10237757976006656,2.578548163143699
2023-02-08,59.35226821899414,60.25,62.33000183105469,60.22999954223633,61.45000076293945,9510500,52.97667329247105,1.6746069193181512,60.213999557495114,56.12959991455078,0.053137580216330305,2.4896486692709057
2023-02-09,59.28330993652344,60.18000030517578,61.81999969482422,59.689998626708984,61.20000076293945,10094700,52.76416125153694,1.4859407432255622,60.31999950408935,56.2181999206543,0.036513931824672996,2.437701542865521
2023-02-10,58.928672790527344,59.81999969482422,60.7599983215332,59.25,60.5,11429700,51.61736448617029,1.2924735680454873,60.447499465942386,56.312199935913085,0.04452591612848256,2.334272886348771
2023-02-13,59.22420120239258,60.119998931884766,60.279998779296875,58.84000015258789,59.81999969482422,11466200,52.54301941935706,1.1500992409542974,60.60699939727783,56.361599884033204,0.05603370120514417,2.1855195689958467
2023-02-14,61.14514923095703,62.06999969482422,62.310001373291016,59.029998779296875,59.52000045776367,12496200,58.14801157643502,1.1810014758500529,60.86799945831299,56.493199844360355,0.09182060441178996,2.0185496778839958
2023-02-15,60.918575286865234,61.84000015258789,61.939998626708984,60.459999084472656,61.33000183105469,10457400,57.28856336636491,1.1734063804378465,61.13449954986572,56.636399841308595,0.0943196246569995,1.7464019960625177
2023-02-16,59.15524673461914,60.04999923706055,61.349998474121094,59.849998474121094,60.779998779296875,12683400,50.97398451524008,1.011291558800032,61.318999481201175,56.756599807739256,0.06547194085784391,1.3697478641777276
2023-02-17,58.130741119384766,59.0099983215332,60.18000030517578,58.5099983215332,59.84000015258789,10874900,47.685272253105836,0.789790795779048,61.3464994430542,56.86319976806641,0.009408129416249578,1.3137021441188228
2023-02-21,56.74174880981445,57.59999847412109,59.709999084472656,57.4900016784668,58.34000015258789,12667500,43.5800640630809,0.4947712267151587,61.13549938201904,56.938799743652346,-0.06826271823900454,1.5510963805345157
2023-02-22,56.130985260009766,56.97999954223633,58.56999969482422,56.83000183105469,57.72999954223633,12260300,41.873031208175966,0.20853351591116365,60.9214994430542,56.97439971923828,-0.06986612629064393,1.8071329300040024
2023-02-23,57.87461853027344,58.75,59.75,57.439998626708984,59.13999938964844,16094600,48.12066463702294,0.12309336856825581,60.78199939727783,57.051999740600586,-0.0453363807933157,1.8636766097900563
2023-02-24,57.3131103515625,58.18000030517578,58.369998931884766,57.349998474121094,57.70000076293945,9867400,46.39140072783559,0.009280247631920702,60.55099945068359,57.10859977722168,-0.07356686286643033,1.8865643519524495
2023-02-27,57.03729248046875,57.900001525878906,59.560001373291016,57.83000183105469,59.16999816894531,8514000,45.52592549952838,-0.10233141922942224,60.2524995803833,57.16179977416992,-0.0934710741481719,1.8042838645963997
2023-02-28,56.95847702026367,57.81999969482422,58.7400016784668,57.400001525878906,57.63999938964844,10493300,45.266078027236865,-0.19499219979775262,60.05799961090088,57.22639976501465,-0.06303677600648727,1.8480361004543164
2023-03-01,56.485626220703125,57.34000015258789,58.54999923706055,57.220001220703125,57.86000061035156,9141400,43.65606324828511,-0.3036581058938026,59.90999965667724,57.33239974975586,-0.04908787930221781,1.9436859808430342
2023-03-02,55.589195251464844,56.43000030517578,56.70000076293945,54.720001220703125,55.5,16625500,40.70048945820931,-0.4579273009945979,59.60149974822998,57.41959976196289,-0.0985622734718754,1.9835009801750167
2023-03-03,55.933963775634766,56.77999877929688,56.869998931884766,55.439998626708984,56.459999084472656,13769200,42.31799978949586,-0.5456548285539924,59.28199977874756,57.520799713134764,-0.10115560511112676,1.890924707758302
2023-03-06,55.98322677612305,56.83000183105469,58.650001525878906,56.540000915527344,57.279998779296875,14472200,42.559063871763755,-0.6041800858628221,59.00299987792969,57.643799743652345,-0.08940871703252862,1.815248560196318
2023-03-07,54.732139587402344,55.560001373291016,56.72999954223633,55.310001373291016,56.5,13278300,38.19319908025563,-0.74445854236955,58.78199996948242,57.73119979858399,-0.07369120044478938,1.953812878758045
2023-03-08,56.04233169555664,56.88999938964844,56.91999816894531,55.349998474121094,55.84000015258789,11515700,44.60236134892022,-0.7397827500956637,58.51999988555908,57.880399780273436,-0.08433931415391427,1.8285453594095087
2023-03-09,54.771549224853516,55.59999847412109,57.560001373291016,55.540000915527344,56.63999938964844,10200000,40.2433967596497,-0.830594863369349,58.287499809265135,57.98839973449707,-0.0771784485623056,1.891537478714387
2023-03-10,54.111534118652344,54.93000030517578,56.5099983215332,54.529998779296875,55.65999984741211,14180700,38.15758710173536,-0.9457256338173679,58.02499980926514,58.08659973144531,-0.08723828470217665,1.977418391784435
2023-03-13,53.09688186645508,53.900001525878906,54.54999923706055,52.7599983215332,53.970001220703125,17365200,35.14211242958123,-1.107315449083032,57.72899990081787,58.182199783325196,-0.09896352723414548,2.1316506300090867
2023-03-14,53.46137237548828,54.27000045776367,55.41999816894531,53.70000076293945,54.970001220703125,14657000,37.066124108294304,-1.1917825924133751,57.436499977111815,58.25459976196289,-0.09730536556976777,2.18694006888583
2023-03-15,53.32345199584961,54.130001068115234,54.27000045776367,52.880001068115234,53.33000183105469,14643600,36.62341939072297,-1.2555470281864416,57.039500045776364,58.33759979248047,-0.1279200687247799,2.0155039454010235
2023-03-16,55.72709655761719,56.56999969482422,56.709999084472656,53.61000061035156,53.689998626708984,14791800,48.22910431799079,-1.0965529261265985,56.776000022888184,58.461599807739255,-0.08521992957244728,1.6696966473209067
2023-03-17,55.81575393676758,56.65999984741211,57.720001220703125,56.220001220703125,56.79999923706055,26655200,48.602972342819164,-0.9523090684530331,56.60650005340576,58.51079978942871,-0.056452946423290906,1.481280231859137
2023-03-20,56.78115463256836,57.63999938964844,57.869998931884766,56.08000183105469,56.70000076293945,10610200,52.61565518798509,-0.7502683723941743,56.53800010681152,58.56939979553223,-0.02321638655910352,1.3933508168986468
2023-03-21,57.756412506103516,58.630001068115234,59.52000045776367,57.599998474121094,58.380001068115234,14613700,56.3252147678329,-0.5044498199644565,56.58950023651123,58.60659980773926,0.017881989952776012,1.452451388856573
2023-03-22,57.30325698852539,58.16999816894531,60.40999984741211,58.09000015258789,58.400001525878906,16949300,54.20191447959157,-0.3428036090776345,56.64900016784668,58.64279975891113,0.02088449695102046,1.493095774996134
2023-03-23,60.426025390625,61.34000015258789,61.779998779296875,59.130001068115234,59.18000030517578,23903100,64.21365446097505,0.040626527595243545,56.778500175476076,58.725399780273435,0.044085108980219445,1.7713099582472094
2023-03-24,60.24870300292969,61.15999984741211,61.400001525878906,60.5,60.5099983215332,18735600,63.366581330011144,0.3262127752583197,56.92750015258789,58.787399749755856,0.05122034249922858,2.005289810969325
2023-03-27,58.89912414550781,59.790000915527344,61.41999816894531,59.16999816894531,61.189998626708984,15901000,57.18361608775788,0.43695749580971466,57.02200012207031,58.83779975891113,0.032642475644904634,2.096012556532589
2023-03-28,58.39672088623047,59.27999877929688,59.869998931884766,57.81999969482422,59.79999923706055,20496300,55.03093416894143,0.4780597988123958,57.09500007629394,58.88479972839355,0.025250762576592534,2.1499972932332065
2023-03-29,62.59325408935547,63.540000915527344,64.41999816894531,60.869998931884766,60.90999984741211,51939800,66.40675435348358,0.8446437131854481,57.40500011444092,59.01859977722168,0.10812697499896373,2.589282456635899
2023-03-30,62.14995193481445,63.09000015258789,64.0999984741211,62.47999954223633,64.02999877929688,23038300,64.54917379435793,1.0863302665687513,57.738000106811526,59.150199813842775,0.11802232520635392,2.8703026621255505
2023-03-31,59.440921783447266,60.34000015258789,61.65999984741211,59.900001525878906,60.349998474121094,35416500,54.51355737453428,1.0439327768654323,57.91600017547607,59.2297998046875,0.06269815867958517,2.9177592996005557
2023-04-03,58.7218017578125,59.61000061035156,59.810001373291016,57.869998931884766,59.810001373291016,23610800,52.193778029811725,0.9405851188640284,58.055000114440915,59.25279983520508,0.04891780203634877,2.929495130621202
2023-04-04,56.41666793823242,57.27000045776367,60.099998474121094,56.95000076293945,59.68000030517578,21303200,45.50859150424847,0.6622291339685873,58.14050006866455,59.161799850463865,0.030777520558066263,2.8773333193805524
2023-04-05,56.17039489746094,57.02000045776367,57.11000061035156,56.0099983215332,56.81999969482422,19456200,44.847679593143965,0.4166541699169528,58.14700012207031,59.07699989318848,0.0022851304185265153,2.874505138202111
2023-04-06,57.80403137207031,58.560001373291016,59.150001525878906,56.79999923706055,56.95000076293945,21496500,49.6942392142826,0.3423530127685126,58.29500026702881,59.01739990234375,0.0532374636763282,2.811986446981604
2023-04-10,62.45322799682617,63.27000045776367,63.77000045776367,61.0,61.18000030517578,43280100,60.98626431742993,0.6559648193164875,58.7120002746582,59.02679992675781,0.15182960324509698,2.903606739080508
2023-04-11,62.749359130859375,63.56999969482422,64.29000091552734,63.040000915527344,63.63999938964844,23090200,61.577852861395165,0.9181282556729613,59.195500183105466,59.0207999420166,0.17940626892751532,2.8650075134295987
2023-04-12,61.160133361816406,61.959999084472656,64.36000061035156,61.84000015258789,64.36000061035156,16694100,56.61612507676165,0.9846308621843463,59.58000011444092,59.025799942016604,0.14169888634318006,2.6791809007068386
2023-04-13,62.18671798706055,63.0,63.369998931884766,60.790000915527344,61.5099983215332,23286500,58.918856464708284,1.1084762153942052,60.02350006103516,59.07979995727539,0.1638647470322987,2.4542365222441855
2023-04-14,61.82148742675781,62.630001068115234,63.220001220703125,61.77000045776367,63.18000030517578,14953000,57.744560804081296,1.1633582586373947,60.32650012969971,59.08040000915528,0.1071239421244945,2.378337136071344
2023-04-17,61.73265075683594,62.540000915527344,62.77000045776367,61.97999954223633,62.220001220703125,11546800,57.444644447658206,1.185919867141294,60.62050018310547,59.06780006408692,0.10377693406195432,2.2618216215242706
2023-04-18,61.13051986694336,61.93000030517578,63.45000076293945,61.47999954223633,63.33000183105469,12175200,55.34642759904225,1.1414205673696713,60.83500022888184,59.05820007324219,0.07442749758768707,2.165666350613871
2023-04-19,59.8670539855957,60.650001525878906,61.209999084472656,60.380001068115234,60.97999954223633,11652600,51.12644743034082,0.9914406370933548,60.93600025177002,59.071600112915036,0.034453358706524106,2.10363453937911
2023-04-20,60.66658401489258,61.459999084472656,61.95000076293945,59.869998931884766,59.880001068115234,14382200,53.54053942985785,0.927251714775025,61.10050029754639,59.05820007324219,0.05655838093671717,2.002142131546817
2023-04-21,60.340850830078125,61.130001068115234,61.45000076293945,60.72999954223633,61.150001525878906,9606200,52.40483948154689,0.8400696493771704,61.09000034332276,59.07580009460449,-0.0034235259854951128,2.001370508288692
2023-04-24,58.741764068603516,59.5099983215332,60.880001068115234,59.349998474121094,60.099998474121094,13402600,47.12061872266058,0.6329601807554681,61.00750026702881,59.06240005493164,-0.02697844228246382,2.032105150667559
2023-04-25,57.38945007324219,58.13999938964844,59.34000015258789,58.029998779296875,59.130001068115234,15987300,43.157350261723444,0.35419404204673555,60.92500019073486,59.028800048828124,-0.027596613156271155,2.1159010384171784
2023-04-26,60.23227310180664,61.02000045776367,61.18000030517578,59.34000015258789,59.58000183105469,25385000,52.24969265596131,0.36149479872519663,61.012000274658206,59.0468000793457,0.029352255639291114,2.080173601031928
2023-04-27,61.100914001464844,61.900001525878906,61.959999084472656,60.130001068115234,60.75,13524600,54.637366283147934,0.4332946813431491,60.93000030517578,59.0434001159668,-0.025810503084957803,2.006287499471869
2023-04-28,63.529144287109375,64.36000061035156,64.44000244140625,62.29999923706055,62.43000030517578,18094700,60.57254695759053,0.6808495627100939,60.993500328063966,59.09380012512207,0.020129980261405667,2.0963283538349486
2023-05-01,61.54510498046875,62.34999847412109,64.0999984741211,62.310001373291016,63.88999938964844,12823400,54.31890586227142,0.7067017972132774,61.094000244140624,59.13980010986328,0.03331120842642199,2.1114758975534764
2023-05-02,61.100914001464844,61.900001525878906,62.58000183105469,61.25,62.22999954223633,12237600,52.999653499133984,0.683005622708265,61.20850028991699,59.19760017395019,0.038416388057034734,2.0887349079294557
2023-05-03,60.12369155883789,60.90999984741211,62.18000030517578,60.81999969482422,61.4900016784668,10818100,50.115866643050886,0.57768221109351,61.39050025939942,59.26380020141602,0.06355857098923745,1.8751603244428987
2023-05-04,59.728843688964844,60.5099983215332,60.959999084472656,59.900001525878906,60.54999923706055,13357900,48.95678658935711,0.456671641968029,61.56500015258789,59.33440017700195,0.0612065562215256,1.587339871691403
2023-05-05,60.4395637512207,61.22999954223633,61.7400016784668,60.11000061035156,60.61000061035156,12312700,51.14699642785364,0.41409455109141646,61.698500061035155,59.38400016784668,0.045594229957840904,1.4253175589138878
2023-05-08,60.08420944213867,60.869998931884766,61.349998474121094,60.310001373291016,61.25,11510400,49.99194209295468,0.34729940782852253,61.578499984741214,59.43780014038086,-0.037932693354112534,1.3865495414895086
2023-05-09,60.143436431884766,60.93000030517578,61.38999938964844,59.54999923706055,59.880001068115234,11895200,50.193828961430455,0.295795636955404,61.44650001525879,59.498400115966795,-0.041529013722228836,1.3105618298906143
2023-05-10,59.2155647277832,59.9900016784668,62.310001373291016,59.790000915527344,61.91999816894531,14548700,46.99307246589207,0.17708714383352486,61.3480001449585,59.54180015563965,-0.031794664866280575,1.3435525475271815
2023-05-11,60.81465530395508,61.61000061035156,61.810001373291016,60.06999969482422,60.59000015258789,15536600,52.60263160409756,0.2112945110954101,61.278500175476076,59.62720016479492,-0.022063482375372034,1.2884194993339777
2023-05-12,60.13356399536133,60.91999816894531,62.189998626708984,60.150001525878906,61.9900016784668,12131400,50.16741067394197,0.18064431050641616,61.19300003051758,59.71700012207031,-0.027303255149399686,1.25018387803638
2023-05-15,63.80554962158203,64.63999938964844,64.87000274658203,61.79999923706055,62.22999954223633,22227200,60.72422336684705,0.451324230095274,61.297999954223634,59.874200134277345,0.03357848486375237,1.4426424652298735
2023-05-16,62.90728759765625,63.72999954223633,65.22000122070312,63.29999923706055,64.55000305175781,15259000,57.51441580774493,0.585659515676511,61.38799991607666,60.012200088500975,0.029065061007437443,1.53719371886472
2023-05-17,64.08192443847656,64.91999816894531,65.31999969482422,63.439998626708984,64.58000183105469,15947700,60.45793073760445,0.7791624416593734,61.60149974822998,60.19940002441406,0.07040390001052899,1.7154875404104997
2023-05-18,66.69772338867188,67.56999969482422,68.58999633789062,65.08000183105469,65.9800033569336,30688000,66.09187750460706,1.1332840872527044,61.90699977874756,60.41300003051758,0.09941426458457592,2.1722098416431757
2023-05-19,67.28997802734375,68.16999816894531,68.38999938964844,66.43000030517578,67.56999969482422,16812100,67.23032798988334,1.445678028747139,62.25899963378906,60.664400024414064,0.11516435429120353,2.5730870278694438
2023-05-22,65.37500762939453,66.2300033569336,66.75,64.76000213623047,65.75,37491000,60.193236397240845,1.5191987326207936,62.59499988555908,60.890400085449215,0.11292228574923024,2.633275918313884
2023-05-23,65.15785217285156,66.01000213623047,67.55999755859375,65.70999908447266,65.8499984741211,15896200,59.43349040927564,1.5419376626922627,62.98850002288818,61.13260009765625,0.13536296575853157,2.5180094787814644
2023-05-24,65.671142578125,66.52999877929688,66.7300033569336,64.87999725341797,64.94999694824219,15806600,60.69623356678616,1.5836623382613269,63.263999938964844,61.37780006408691,0.0902982346803991,2.591649361009703
2023-05-25,68.71138000488281,69.61000061035156,69.87999725341797,67.51000213623047,69.75,29021500,67.20739443420447,1.8440033288538658,63.64949989318848,61.68740005493164,0.12455571719573055,2.929480916424679
2023-05-26,72.97561645507812,73.93000030517578,74.58999633789062,69.80000305175781,69.87999725341797,33410000,73.77076958084535,2.3715752677501882,64.12799987792968,62.03460006713867,0.1486948353646378,3.725162964277491
2023-05-30,70.7645263671875,71.69000244140625,74.7699966430664,71.58000183105469,74.38999938964844,24454700,66.35473427636018,2.579199318861143,64.59500007629394,62.33520011901855,0.14979958614051636,4.060857785782823
2023-05-31,67.31959533691406,68.19999694824219,69.8499984741211,67.91999816894531,68.9000015258789,30403600,56.777748714405845,2.4340701535377036,64.90999984741211,62.54640007019043,0.10177698331282592,4.08507708691445
2023-06-01,68.19808959960938,69.08999633789062,69.79000091552734,68.0999984741211,68.94000244140625,18153000,58.4256480851818,2.3636233781304554,65.31899967193604,62.75559997558594,0.13429644575554955,4.072991883937783
2023-06-02,68.27706146240234,69.16999816894531,70.55000305175781,68.29000091552734,69.98999786376953,13468200,58.57852565086224,2.287876069070677,65.75199966430664,62.975599975585936,0.14311684163987737,3.9944033900984692
2023-06-05,66.8951187133789,67.7699966430664,69.5,67.51000213623047,69.5,12441100,54.78213831347258,2.0907761915996588,66.07899951934814,63.10419990539551,0.10681034051484528,3.870503564491664
2023-06-06,66.66810607910156,67.54000091552734,68.83999633789062,66.81999969482422,67.02999877929688,12476600,54.161132368220336,1.8941794638446083,66.41249961853028,63.231799926757816,0.10957782324107646,3.6807575782601196
2023-06-07,66.19430541992188,67.05999755859375,68.66999816894531,66.94000244140625,68.41000366210938,14610800,52.81549716671839,1.6802737317017034,66.71899948120117,63.37719985961914,0.1006072086445935,3.4480670572424903
2023-06-08,64.47676086425781,65.31999969482422,66.5199966430664,64.01000213623047,66.5,25856800,48.14581550650546,1.3547321036343192,66.98549938201904,63.497999877929686,0.0888481058047812,3.087764539904475
2023-06-09,64.58533477783203,65.43000030517578,66.4000015258789,64.47000122070312,65.93000030517578,14649300,48.45608165618523,1.093014556502638,67.17649936676025,63.53579986572266,0.062002916036043576,2.8464703690376583
2023-06-12,66.57926177978516,67.44999694824219,67.54000091552734,65.79000091552734,65.83999633789062,14731100,53.90987536282481,1.0366485232223965,67.5029993057251,63.62299980163574,0.10718974024240224,2.435963304108663
2023-06-13,66.99385833740234,67.87000274658203,68.87999725341797,67.5999984741211,68.55999755859375,11911900,54.976591746908525,1.0141781788023252,67.66449947357178,63.77359985351563,0.04996911181052477,2.3413975143307777
2023-06-14,68.22770690917969,69.12000274658203,69.20999908447266,67.5199966430664,67.54000091552734,11085800,58.085745768525484,1.0847307217347293,67.93399963378906,63.96379989624023,0.08457560400221786,2.168510250489663
2023-06-15,67.93157196044922,68.81999969482422,69.5199966430664,68.36000061035156,68.58999633789062,11842600,57.06717643418626,1.1037134595417228,68.12899971008301,64.19479988098145,0.060073962351780974,2.055628833306224
2023-06-16,66.78657531738281,67.66000366210938,70.5,66.05999755859375,70.1500015258789,32259700,53.18374653554012,1.0134727476976764,68.13349990844726,64.40759994506836,0.001332010769448777,2.054438831643474
2023-06-20,66.03636169433594,66.9000015258789,67.62000274658203,65.7699966430664,67.31999969482422,13261600,50.7471494009735,0.8705948372636101,68.07000007629395,64.57439994812012,-0.018629847105452235,2.0727962414070986
2023-06-21,64.9505615234375,65.80000305175781,67.19999694824219,65.33999633789062,66.75,10427200,47.364770972371204,0.6609829797313864,68.04850006103516,64.625,-0.006492530324336276,2.094997229748952
2023-06-22,65.3947525024414,66.25,66.66000366210938,65.51000213623047,65.52999877929688,8639500,48.86625364946303,0.525121788308283,68.06049995422363,64.67860000610352,0.003635780275756284,2.0833614436371013
2023-06-23,64.4372787475586,65.27999877929688,65.95999908447266,64.83999633789062,65.44999694824219,12663600,45.83129136140999,0.33531452627330793,67.99799995422363,64.745,-0.018788516803475153,2.1493956449143194
2023-06-26,64.6051025390625,65.44999694824219,66.69999694824219,65.41000366210938,65.62999725341797,13815900,46.45889896726892,0.19634499227262836,67.78999977111816,64.79399993896484,-0.05976158060097403,2.1861600895881175
2023-06-27,65.92779541015625,66.79000091552734,66.83999633789062,63.790000915527344,65.2699966430664,18305200,51.25327087355664,0.19212308134585498,67.43299980163575,64.87719993591308,-0.09657783525193053,1.6472949820138927
2023-06-28,66.20416259765625,67.06999969482422,67.7300033569336,65.38999938964844,65.6500015258789,27100100,52.21612506262516,0.20896196450844684,67.20199966430664,64.96779991149903,-0.0644441705851253,1.3078811858801187
2023-06-29,63.499542236328125,64.33000183105469,67.94999694824219,63.54999923706055,67.83999633789062,51141900,43.219604068758834,0.0011981605942992246,67.00849990844726,65.0157999420166,-0.056744798978869304,1.4327750144077591
2023-06-30,62.295291900634766,63.11000061035156,65.0999984741211,62.900001525878906,64.5,31549600,39.9214496489741,-0.25891543740701195,66.70950012207031,65.06499992370605,-0.08655371319305583,1.59079080868122
2023-07-03,63.075096130371094,63.900001525878906,64.31999969482422,63.2599983215332,63.439998626708984,12921300,42.957047325223954,-0.39673752306502763,66.446000289917,65.11379997253418,-0.07618905280573551,1.5982273245056975
2023-07-05,61.258846282958984,62.060001373291016,63.75,62.02000045776367,63.5,16553000,38.125213409074576,-0.6469772032250205,66.16050052642822,65.1323999786377,-0.08425550468666854,1.8408536190637652
2023-07-06,60.4395637512207,61.22999954223633,61.790000915527344,60.5,60.9900016784668,15607300,36.14992355193401,-0.9018719453920454,65.84500045776367,65.16680000305176,-0.09342613692266555,2.1126450327620283
2023-07-07,59.97970199584961,60.650001525878906,61.4900016784668,60.630001068115234,61.43000030517578,15028100,34.793339202128735,-1.1375657082762984,65.52450065612793,65.21700004577637,-0.09558598666983398,2.387020882153638
2023-07-10,61.78947830200195,62.47999954223633,62.83000183105469,60.58000183105469,60.83000183105469,16953100,42.16761409890089,-1.1632796042935496,65.38250064849854,65.24620002746582,-0.04347826340870187,2.482394763666417
2023-07-11,62.8970947265625,63.59999847412109,63.66999816894531,62.310001373291016,62.599998474121094,13454500,46.179312508279494,-1.0808244273556582,65.2910005569458,65.28019996643066,-0.027968849495938808,2.5140762030497794
2023-07-12,63.08499526977539,63.790000915527344,64.69999694824219,63.130001068115234,64.47000122070312,13953600,46.8528524934966,-0.9887488155986262,65.10800075531006,65.26879997253418,-0.05426236024181508,2.481648008227119
2023-07-13,63.81681823730469,64.52999877929688,64.6500015258789,63.54999923706055,64.18000030517578,11384700,49.50338060273643,-0.846310842148128,64.9410005569458,65.3123999786377,-0.049211784766774014,2.3969345538946065
2023-07-14,63.37179946899414,64.08000183105469,65.54000091552734,63.68000030517578,64.30000305175781,13860200,47.93773399548806,-0.7609667637529753,64.68900051116944,65.35599998474122,-0.07291667701469484,2.190503293537804
2023-07-17,64.43984985351562,65.16000366210938,65.66999816894531,63.34000015258789,63.79999923706055,11333600,51.87193789740469,-0.59927576693471,64.5060007095337,65.44100006103515,-0.053182157061097746,1.9688989718523406
2023-07-18,64.22229766845703,64.94000244140625,65.12000274658203,63.75,64.37000274658203,10393100,51.02605341218288,-0.48331538798008467,64.37000064849853,65.52960014343262,-0.040201020890963446,1.828508201444456
2023-07-19,64.2420654296875,64.95999908447266,65.76000213623047,64.80000305175781,65.62999725341797,9463900,51.104102475620756,-0.3853601977512966,64.27300052642822,65.60420013427735,-0.028998541063647076,1.7363666823134487
2023-07-20,63.975059509277344,64.69000244140625,65.55000305175781,64.25,64.4000015258789,12745100,49.94667150847656,-0.32576130288501304,64.21750049591064,65.68060020446778,-0.016869309405326938,1.702397143820862
2023-07-21,64.92443084716797,65.6500015258789,66.16000366210938,64.33999633789062,65.29000091552734,24540200,53.941060908037365,-0.19877350896763346,64.18750057220458,65.77500022888184,-0.009056580741450437,1.6696669968776832
2023-07-24,64.75631713867188,65.4800033569336,66.63999938964844,65.22000122070312,65.36000061035156,10272700,53.132457716757145,-0.11057752995714054,64.19750080108642,65.88480026245117,0.003063795670599001,1.6771369832837921
2023-07-25,64.9541244506836,65.68000030517578,66.0,65.08000183105469,65.4000015258789,8610900,54.00599412767786,-0.024263800901607624,64.20900096893311,65.96620025634766,0.003514184379801888,1.686937334764771
2023-07-26,66.63532257080078,67.37999725341797,67.87999725341797,65.0,65.0,14920600,60.70955076372482,0.17924971831395453,64.23850078582764,66.09540023803712,0.008833602781901817,1.7388085119747847
2023-07-27,70.28455352783203,71.06999969482422,72.33999633789062,69.95999908447266,70.4800033569336,25068300,70.69399440552147,0.6310140695116644,64.43850078582764,66.22400024414063,0.05963918321455841,2.2395680628777384
2023-07-28,70.41309356689453,71.19999694824219,72.12999725341797,70.66000366210938,71.58000183105469,11932900,70.97384012286064,0.9881396062553307,64.78200054168701,66.37340019226075,0.10679301914571182,2.701304302336671
2023-07-31,70.60098266601562,71.38999938964844,71.7699966430664,70.87000274658203,71.12000274658203,11193800,71.40365578909979,1.2718348556538075,65.19600048065186,66.5028002166748,0.13119947233749119,3.044287141149948
2023-08-01,69.97797393798828,70.76000213623047,71.08000183105469,69.88999938964844,71.0,13141100,67.81773966693154,1.4293531777798876,65.53900051116943,66.56660026550293,0.10735524955462372,3.268763813266231
2023-08-02,67.41658782958984,68.16999816894531,69.8499984741211,67.33999633789062,69.75,14004400,55.48169678896726,1.329866040428243,65.84450035095215,66.56660026550293,0.09845305608201094,3.211522274750687
2023-08-03,68.4154281616211,69.18000030517578,69.38999938964844,67.16000366210938,67.56999969482422,11075200,58.64112047925011,1.3173350799753507,66.24200038909912,66.62560020446777,0.1298383279826021,3.1003857801352197
2023-08-04,69.13735961914062,69.91000366210938,70.93000030517578,69.12999725341797,69.5,11255500,60.80620016776613,1.3507388963562619,66.70500049591064,66.70360023498534,0.15267933888310448,2.9067241687801224
2023-08-07,68.61322021484375,69.37999725341797,70.2300033569336,68.83000183105469,69.8499984741211,10537500,58.415240567614006,1.3192372281965987,67.05000038146973,66.76060020446778,0.11043530348487374,2.7858319993878364
2023-08-08,66.90233612060547,67.6500015258789,68.76000213623047,66.95999908447266,68.69999694824219,14767800,51.321542966379354,1.1415170343852452,67.25250053405762,66.72140022277831,0.06367929479441381,2.666494847114477
2023-08-09,65.96284484863281,66.69999694824219,67.97000122070312,66.62000274658203,67.77999877929688,10043200,47.88286149768426,0.9134849842157564,67.39800033569335,66.57680015563965,0.04561837264383084,2.5442055256950744
2023-08-10,64.71675872802734,65.44000244140625,67.45999908447266,64.93000030517578,67.05999755859375,12775300,43.70063430708999,0.623904927449729,67.44350051879883,66.45180015563965,0.01410202509412306,2.497931469245128
2023-08-11,63.658592224121094,64.37000274658203,65.30999755859375,64.06999969482422,64.9000015258789,11823100,40.46812148892234,0.3045598369211575,67.4580005645752,66.37520027160645,0.004525607166677714,2.478142672315532
2023-08-14,67.52536010742188,68.27999877929688,68.4800033569336,64.19999694824219,64.37000274658203,21954000,53.89027959005207,0.36279843997803596,67.61400032043457,66.35900032043457,0.04788205865313322,2.4234686299574877
2023-08-15,64.60796356201172,65.33000183105469,67.62999725341797,65.31999969482422,67.58999633789062,13808500,45.54658308990106,0.16896512809755393,67.633500289917,66.28220039367676,0.006005533954211328,2.4022969630358912
2023-08-16,63.51024627685547,64.22000122070312,65.2300033569336,64.08999633789062,65.0,9895400,42.85775047249097,-0.0733711635530625,67.59650039672852,66.2112004852295,-0.01139159289099212,2.4508491614530805
2023-08-17,62.857547760009766,63.560001373291016,64.70999908447266,63.400001525878906,64.48999786376953,9933300,41.29665957769755,-0.3150492013799777,67.54000034332276,66.13160049438477,-0.017467939797014997,2.533027307943185
2023-08-18,62.887203216552734,63.59000015258789,63.86000061035156,61.75,62.310001373291016,9576500,41.401139399083725,-0.49841472211095095,67.4370002746582,66.06220054626465,-0.03137854265668183,2.6529680023354554
2023-08-21,63.25311279296875,63.959999084472656,64.19000244140625,62.86000061035156,63.68000030517578,11311900,42.75443607624868,-0.6068816429650639,67.36100006103516,66.03500053405762,-0.023213258926932934,2.7325592871504605
2023-08-22,62.70919418334961,63.40999984741211,65.08000183105469,63.290000915527344,64.30000305175781,8876000,41.23015481917658,-0.7288214016565604,67.24750003814697,65.99460052490234,-0.0345615171622462,2.850648331640306
2023-08-23,64.46953582763672,65.19000244140625,65.62000274658203,63.16999816894531,63.56999969482422,10747400,47.72569702622679,-0.6740580837126942,67.13800029754638,65.94940063476562,-0.03250215050877914,2.8871189362379956
2023-08-24,62.98611068725586,63.68999862670898,66.23999786376953,63.369998931884766,66.13999938964844,12661600,43.37501892856001,-0.7431292006417749,66.76900024414063,65.86580055236817,-0.10384129871682979,2.829157720681374
2023-08-25,63.01577377319336,63.720001220703125,64.38999938964844,62.630001068115234,63.459999084472656,9409000,43.485990546077964,-0.7863826699326495,66.39500045776367,65.75780052185058,-0.10505612427169819,2.7042236088861866
2023-08-28,64.58818817138672,65.30999755859375,66.11000061035156,64.66000366210938,65.72000122070312,9904900,49.171073269052144,-0.684471775101656,66.09100036621093,65.68760047912598,-0.0851660160111486,2.442201089382984
2023-08-29,65.94304656982422,66.68000030517578,67.02999877929688,64.87000274658203,64.9000015258789,9955000,53.51062046138751,-0.48753884039160766,65.8870002746582,65.66800041198731,-0.0576597188790311,2.1889386963509416
2023-08-30,67.33744812011719,68.08999633789062,68.69999694824219,66.5199966430664,67.19000244140625,16892200,57.52947461632013,-0.2152123408963149,65.88300018310547,65.69180030822754,-0.0011735636380159065,2.1846159721046265
2023-08-31,69.16702270507812,69.94000244140625,70.54000091552734,67.97000122070312,67.97000122070312,18420900,62.152494017765704,0.14818027341486584,65.92100028991699,65.77460029602051,0.01098586488693054,2.2505972227563187
2023-09-01,69.61204528808594,70.38999938964844,70.62000274658203,69.55000305175781,70.20999908447266,10772000,63.20176147465509,0.46709811498949705,65.94500007629395,65.85740028381348,0.006865909060153719,2.2974454300558564
2023-09-05,69.51317596435547,70.29000091552734,71.16000366210938,69.52999877929688,69.91000366210938,11144300,62.78520418772801,0.7036623790854435,65.99050025939941,65.95760032653808,0.013116225110034074,2.3766991255060455
2023-09-06,69.63182830810547,70.41000366210938,70.66000366210938,69.63999938964844,70.12999725341797,9192800,63.09951557644819,0.8905586754225823,66.12850036621094,66.05680046081542,0.04079825682154126,2.551804946492845
2023-09-07,69.09780883789062,69.87000274658203,70.29000091552734,69.0999984741211,69.44999694824219,12043200,60.618455188763726,0.9837615846996783,66.28700065612793,66.11840049743653,0.04752632598768636,2.684186107114823
2023-09-08,69.40437316894531,70.18000030517578,70.61000061035156,69.61000061035156,69.7699966430664,9805000,61.55304642401915,1.0703019988108764,66.52400054931641,66.18060050964355,0.07243272748978935,2.8116946322856586
2023-09-11,69.25604248046875,70.02999877929688,70.86000061035156,69.30999755859375,70.83000183105469,9310400,60.8011417625467,1.1139412100949926,66.80700035095215,66.29460044860839,0.08792909416203787,2.8677650081661494
2023-09-12,69.5329360961914,70.30999755859375,71.69000244140625,69.79000091552734,69.95999908447266,11062100,61.74064021268836,1.1577730735795058,66.90850028991699,66.43860038757325,0.029730504036159955,2.957173855432562
2023-09-13,70.06697845458984,70.8499984741211,71.86000061035156,70.36000061035156,71.05000305175781,14525500,63.55484175771623,1.2219972781341681,67.18450012207032,66.57760032653809,0.08449405308974711,3.05797404052788
2023-09-14,70.99658203125,71.79000091552734,72.2300033569336,71.27999877929688,71.66999816894531,11170300,66.53007955636122,1.3333754419500536,67.56300010681153,66.77220031738281,0.11787604408179009,3.1391420087564676
2023-09-15,69.10768127441406,69.87999725341797,71.62999725341797,69.63999938964844,71.29000091552734,16416100,56.446617532134304,1.2530774098774202,67.87899990081787,66.94520027160644,0.09943353907450869,3.0312182542426966
2023-09-18,69.72084045410156,70.5,71.05000305175781,69.91000366210938,70.6500015258789,12735700,58.638091377876535,1.225344670403942,68.22449989318848,67.14220024108887,0.10866488175548294,2.9079212667368184
2023-09-19,69.92850494384766,70.70999908447266,71.05999755859375,69.97000122070312,70.62000274658203,10399000,59.38355218107817,1.2064047625076881,68.56199989318847,67.3068002319336,0.10553471070387599,2.775624442398915
2023-09-20,68.90989685058594,69.68000030517578,72.30999755859375,69.6500015258789,70.94999694824219,15522100,54.221745576772484,1.0956524561207601,68.87549991607666,67.42840026855468,0.09888031024840882,2.50388019956933
2023-09-21,67.14956665039062,67.9000015258789,69.29000091552734,67.83000183105469,69.0,14978600,46.67159104420775,0.8544004336102091,69.0109998703003,67.51060028076172,0.04157077746558513,2.363320653831414
2023-09-22,68.11874389648438,68.87999725341797,69.75,67.79000091552734,68.58999633789062,15487200,50.73862706303875,0.7338248565339995,69.27049980163574,67.59760025024414,0.08148843992175125,2.0062757971158764
2023-09-25,67.82205200195312,68.58000183105469,69.19000244140625,67.61000061035156,68.29000091552734,14900000,49.49425762736137,0.6070628766244113,69.51349983215331,67.68760025024415,0.07627119455817755,1.5383771620492301
2023-09-26,67.18911743164062,67.94000244140625,69.05000305175781,67.58999633789062,67.97000122070312,12752500,46.85422670466928,0.44977575727459396,69.64500007629394,67.74320022583008,0.040269560268364035,1.2444846312782096
2023-09-27,67.45614624023438,68.20999908447266,68.8499984741211,66.75,68.12000274658203,20852300,48.1116670913802,0.34295765230467623,69.72150001525878,67.8086001586914,0.022945392505916207,1.090076224829469
2023-09-28,64.47940826416016,65.19999694824219,67.08999633789062,63.83000183105469,65.97000122070312,46749800,37.46836213088642,0.015245773984446487,69.57700004577637,67.8134001159668,-0.04244381766900196,1.4498936123402513
2023-09-29,67.27813720703125,68.02999877929688,68.7300033569336,66.36000061035156,66.36000061035156,24315500,48.91168766707388,-0.015927155828862283,69.4814998626709,67.88020004272461,-0.02730917351210449,1.4871497771662712
2023-10-02,67.20890808105469,67.95999908447266,69.27999877929688,67.05999755859375,68.23999786376953,14880500,48.674415222516195,-0.04575290662778286,69.35999984741211,67.92639999389648,-0.03452195377534184,1.508136230203028
2023-10-03,67.08036804199219,67.83000183105469,69.6500015258789,67.11000061035156,67.16999816894531,12481500,48.206717846332005,-0.07896941072719699,69.23699989318848,67.97339996337891,-0.03499785250293308,1.5284742143848802
2023-10-04,67.35724639892578,68.11000061035156,68.5,67.12000274658203,68.30999755859375,12912800,49.33591821610412,-0.08175771603806936,69.12199974060059,68.02199996948242,-0.032665856158668904,1.5220852022706919
2023-10-05,68.286865234375,69.05000305175781,69.54000091552734,68.33999633789062,68.61000061035156,14045000,53.03764982951657,-0.008024624120594126,69.08099975585938,68.05540008544922,-0.011736076464721967,1.5118858726721691
2023-10-06,69.30223083496094,69.95999908447266,70.33000183105469,68.0,68.70999908447266,15113400,56.36170146616186,0.12242719265948665,69.06999969482422,68.03320007324218,-0.003134813618501764,1.5042500585302556
2023-10-09,68.82675170898438,69.4800033569336,69.94999694824219,68.58000183105469,69.61000061035156,8588700,54.183164849471936,0.18494759286686246,69.04249992370606,67.99880020141602,-0.007853711722837775,1.4907429540456956
2023-10-10,68.42059326171875,69.06999969482422,70.11000061035156,68.88999938964844,69.48999786376953,9007600,52.322764145105374,0.19911630268593683,68.98050003051758,67.95240020751953,-0.017636152849189957,1.4607370668975106
2023-10-11,69.54987335205078,70.20999908447266,70.2699966430664,68.93000030517578,69.72000122070312,11165300,56.76757504678788,0.29888813430889627,68.94850006103516,67.94140014648437,-0.009033160246040173,1.4241796590846931
2023-10-12,69.09419250488281,69.75,70.72000122070312,69.30000305175781,70.38999938964844,11408700,54.55736944905497,0.336955732012143,68.84650001525878,67.97300018310547,-0.028416226347841134,1.2752226056442033
2023-10-13,68.55928039550781,69.20999908447266,70.05999755859375,69.08999633789062,69.87000274658203,10287900,51.99795393083072,0.31986382547535186,68.81300010681153,67.97360015869141,-0.009587839085276162,1.2552884201961174
2023-10-16,68.43051147460938,69.08000183105469,70.02999877929688,68.13999938964844,69.01000213623047,11294100,51.373144054055494,0.2924574075402404,68.74200019836425,67.95700012207031,-0.02014181799922432,1.1934852297904417
2023-10-17,68.35124206542969,69.0,69.62999725341797,67.62000274658203,68.06999969482422,11843000,50.96725873713343,0.26127038237827094,68.65650024414063,67.94940017700195,-0.024183271200864165,1.1028926635588265
2023-10-18,68.48993682861328,69.13999938964844,69.55000305175781,67.9800033569336,68.01000213623047,11201000,51.686617499640974,0.24502670562928586,68.62950019836425,67.97920013427735,-0.0077497260786784095,1.0829470346827468
2023-10-19,66.89507293701172,67.52999877929688,69.77999877929688,67.18000030517578,69.68000030517578,18111000,43.7393741666752,0.10107475401009935,68.61100006103516,67.99580017089843,-0.005449230313213094,1.0991049294859077
2023-10-20,66.58798217773438,67.22000122070312,68.5199966430664,67.13999938964844,67.55999755859375,11506100,42.3879317625138,-0.03758911308945301,68.52800025939942,68.03140014648437,-0.024099827219904113,1.1396523065633357
2023-10-23,66.25118255615234,66.87999725341797,68.16000366210938,66.2300033569336,66.81999969482422,9762000,40.89544559114749,-0.17292335264502867,68.44300003051758,68.0816000366211,-0.02478863418266808,1.1974984712289325
2023-10-24,67.43000030517578,68.06999969482422,68.3499984741211,67.12999725341797,67.29000091552734,8450700,47.82040658183889,-0.1820548458297111,68.44949989318847,68.07740005493164,0.0019134125514652656,1.1949747166406528
2023-10-25,65.874755859375,66.5,69.19999694824219,65.9000015258789,68.48999786376953,11924300,40.995873718569506,-0.31237659140676044,68.36399993896484,68.10080001831055,-0.025069624797311008,1.2717230592165465
2023-10-26,63.92327880859375,64.52999877929688,67.44000244140625,63.880001068115234,66.44999694824219,16697900,34.36811117456345,-0.568071770460179,68.33050003051758,68.10699996948242,-0.010276046016952756,1.3648696937462457
2023-10-27,65.03274536132812,65.6500015258789,66.2699966430664,64.87999725341797,64.91999816894531,9980300,40.2794749602263,-0.6725840503848417,68.21150016784668,68.14879997253418,-0.03498452588745682,1.4904267884401938
2023-10-30,65.44880676269531,66.06999969482422,67.55000305175781,65.16999816894531,66.36000061035156,10667700,42.37548360727896,-0.7132979878414574,68.11700019836425,68.1983999633789,-0.027810468144639167,1.5652515321435332
2023-10-31,66.24127960205078,66.87000274658203,67.06999969482422,65.26000213623047,66.08000183105469,8268400,46.24550336492196,-0.6732497126277366,68.06900024414062,68.2566000366211,-0.014153015753467613,1.5890544935917617
2023-11-01,68.74749755859375,69.4000015258789,69.66000366210938,67.0,67.0,16777500,56.25191354876538,-0.4323772329850186,68.133500289917,68.37640007019043,0.01893996335291881,1.6167457202068476
2023-11-02,69.77770233154297,70.44000244140625,71.02999877929688,69.75,70.31999969482422,11926000,59.58257320033433,-0.15576906640822585,68.20300025939942,68.48140007019043,0.020130330604135382,1.6865854277915595
2023-11-03,71.89759826660156,72.58000183105469,73.19000244140625,71.1500015258789,71.30000305175781,14457900,65.41700315823823,0.23343408169549207,68.33400039672851,68.65920013427734,0.03745001116164293,1.916338543694002
2023-11-06,72.2343978881836,72.91999816894531,72.98999786376953,72.0199966430664,72.58000183105469,10073900,66.25057197609507,0.5628273206205137,68.5060001373291,68.84320007324219,0.04951057348601062,2.163100715877239
2023-11-07,72.11553955078125,72.80000305175781,73.12999725341797,71.70999908447266,72.4800033569336,8248400,65.64914633940467,0.8049126999385976,68.69250030517578,68.99300018310547,0.054003234014971424,2.3656067287793396
2023-11-08,71.60042572021484,72.27999877929688,72.77999877929688,71.72000122070312,72.62000274658203,9917600,62.980880751224426,0.9439261155620073,68.79600028991699,69.10500015258789,0.02948297567037006,2.4781031214418965
2023-11-09,72.87828826904297,73.56999969482422,76.0999984741211,73.5,73.55000305175781,22435900,66.60685778595516,1.1449888234507455,68.9870002746582,69.21460021972656,0.05476702071432582,2.693366524955785
2023-11-10,74.65145874023438,75.36000061035156,75.80999755859375,73.56999969482422,74.44000244140625,12306000,70.8704928223516,1.4322603761868322,69.29450035095215,69.32300018310546,0.08886001455328252,3.0479028198733875
2023-11-13,74.07691192626953,74.77999877929688,75.19999694824219,73.38999938964844,74.1500015258789,9116000,67.84763151449148,1.594740673133117,69.57950019836426,69.41080017089844,0.08251298200863344,3.284130146150921
2023-11-14,76.44442749023438,77.16999816894531,77.44999694824219,75.91000366210938,76.0,12972700,72.96485694709696,1.8945215901640324,69.98800010681153,69.5484001159668,0.1184057705644248,3.6911494499663635
2023-11-15,76.41472625732422,77.13999938964844,77.5,76.30999755859375,77.5,9954000,72.808220626572,2.1054096243592824,70.38800010681152,69.68300003051758,0.11570726165204093,4.013786042491852
2023-11-16,75.94915008544922,76.66999816894531,77.4800033569336,76.4800033569336,76.88999938964844,12989000,70.26322577489638,2.2091490452326923,70.84500007629394,69.81899993896485,0.13534724648107876,4.187810872203601
2023-11-17,76.83077239990234,77.55999755859375,77.94000244140625,76.47000122070312,76.5999984741211,9376900,72.2418886723834,2.336247983892008,71.36199989318848,69.9665998840332,0.1538232096119927,4.351782674022152
2023-11-20,77.88080596923828,78.62000274658203,78.91000366210938,77.12999725341797,77.33999633789062,11424100,74.42463265882859,2.493761834203724,71.94900016784668,70.1383999633789,0.1755383668554813,4.504507144630137
2023-11-21,75.98877716064453,76.70999908447266,77.93000030517578,76.30999755859375,77.8499984741211,12016700,64.57169044467456,2.436386218704712,72.3810001373291,70.26639999389648,0.1269281537885094,4.527164177124843
2023-11-22,76.37509155273438,77.0999984741211,78.44999694824219,76.8499984741211,77.19999694824219,8579500,65.57388415450251,2.394779790707858,72.91100006103515,70.39139999389648,0.15939847329505397,4.421680310226336
2023-11-24,76.14727020263672,76.87000274658203,77.01000213623047,76.37000274658203,76.68000030517578,4349600,64.41660115686557,2.316543986625078,73.52800025939942,70.49300003051758,0.1912289508867029,4.034669577777772
2023-11-27,76.78124237060547,77.51000213623047,78.29000091552734,76.66000366210938,76.87000274658203,11005600,66.2039881449666,2.279902849419628,74.12100028991699,70.64560012817383,0.18065499367393634,3.671032463496983
2023-11-28,75.40431213378906,76.12000274658203,76.23999786376953,73.98999786376953,75.08000183105469,19225700,59.24361607764234,2.1143304646921877,74.62350044250488,70.75800018310547,0.15211144389554332,3.1637783855573756
2023-11-29,75.96894073486328,76.69000244140625,79.0199966430664,76.37999725341797,77.44999694824219,14062900,61.05195035739201,2.0059836379009113,75.1145004272461,70.87760025024414,0.14685209049623005,2.6108323342722564
2023-11-30,75.40431213378906,76.12000274658203,77.0,74.97000122070312,76.81999969482422,21701600,58.267777428044496,1.852766249370191,75.45050048828125,71.00640029907227,0.09682998664196374,2.243236389403086
2023-12-01,75.21607971191406,75.93000030517578,76.54000091552734,75.08999633789062,76.01000213623047,14354700,57.32926021286708,1.696453100644277,75.72500038146973,71.1670002746582,0.0779386381812841,1.9088148161615277
2023-12-04,73.59152221679688,74.29000091552734,75.5999984741211,73.33000183105469,75.41999816894531,11659300,49.863624083700635,1.4238265729737094,75.81050033569336,71.2752003479004,0.023560196215660634,1.7954607792585036
2023-12-05,72.9971694946289,73.69000244140625,73.97000122070312,73.04000091552734,73.47000122070312,8800500,47.43009991598887,1.1461412206184747,75.8490005493164,71.37740036010742,0.010559576135437343,1.737538670557568
2023-12-06,72.44242095947266,73.12999725341797,75.4000015258789,72.93000030517578,75.30000305175781,8883900,45.21223842202671,0.8708472546816068,75.86550025939941,71.48120025634766,0.004532887195424218,1.7083836678708282
2023-12-07,72.9575424194336,73.6500015258789,74.20999908447266,72.98999786376953,74.0199966430664,10641300,47.65970135181623,0.6867187360991096,75.93400039672852,71.59000030517578,0.018954105834523727,1.5796683325179328
2023-12-08,74.25521850585938,74.95999908447266,75.3499984741211,73.43000030517578,73.4800033569336,12007100,53.317354079578024,0.6391338759453902,76.00350036621094,71.78520034790039,0.01889356253111729,1.4986882527019771
2023-12-11,77.0586166381836,77.79000091552734,78.51000213623047,76.97000122070312,77.19000244140625,18547600,62.69800652477343,0.8203238452430384,76.12500038146973,71.980400390625,0.03224522671834995,1.541658544686808
2023-12-12,77.42511749267578,78.16000366210938,78.26000213623047,77.0999984741211,77.41999816894531,10262100,63.724356835474836,0.9824492671238829,76.29400062561035,72.18440048217774,0.04519931717019854,1.5714307542338457
2023-12-13,79.03980255126953,79.79000091552734,80.2699966430664,78.02999877929688,78.30000305175781,11629900,67.91288001053165,1.2283028769371072,76.42500076293945,72.42360046386719,0.03395105363157014,1.7476288191847107
2023-12-14,81.41724395751953,82.19000244140625,82.4000015258789,80.79000091552734,80.80999755859375,17342800,72.87845510654614,1.5983785860980504,76.67750091552735,72.70520050048827,0.06546542768621655,2.170117848832989
2023-12-15,80.64458465576172,81.41000366210938,82.98999786376953,81.11000061035156,82.88999938964844,19547800,69.13392670187271,1.8078866768517798,76.91450119018555,72.9524005126953,0.061823472105989596,2.4143426852009955
2023-12-18,80.79315948486328,81.55999755859375,81.86000061035156,80.80999755859375,81.58999633789062,12416600,69.4588994936143,1.9633938203031676,77.11450119018555,73.18440048217774,0.051572977384097385,2.626944717000447
2023-12-19,81.39743041992188,82.16999816894531,82.2699966430664,81.16999816894531,81.66999816894531,14316400,70.80511252301775,2.1115160603537504,77.29200096130371,73.43820037841797,0.04515384505653186,2.844915351329296
2023-12-20,77.95014953613281,78.69000244140625,81.62000274658203,78.62999725341797,81.45999908447266,29085000,55.7165887675324,1.9258968905571976,77.3910011291504,73.63060043334961,0.025811541918456138,2.858017209787731
2023-12-21,84.67631530761719,85.4800033569336,86.0199966430664,83.11000061035156,85.0,53969700,69.41273936861404,2.300173717846306,77.81000137329102,73.93600051879883,0.10869007845214518,3.3797620241782083
2023-12-22,85.67681121826172,86.48999786376953,87.48999786376953,85.62000274658203,86.1500015258789,22531800,70.85661982733612,2.647767104810768,78.29100112915039,74.27080047607421,0.12514628299028185,3.885631844678673
2023-12-26,86.241455078125,87.05999755859375,87.87000274658203,86.43000030517578,86.69999694824219,11203900,71.66942478195706,2.9353941830189285,78.76850090026855,74.62780044555664,0.1232098459445059,4.344323459772912
2023-12-27,85.84521484375,86.66000366210938,87.48999786376953,86.22000122070312,87.4800033569336,9186300,70.1900260273944,3.0953829028867546,79.29550094604492,74.97940048217774,0.13846558769338224,4.635654002259528
2023-12-28,85.19142150878906,86.0,86.75,85.83999633789062,86.75,9606200,67.7065516177141,3.132805306912502,79.76100082397461,75.31940048217774,0.1213977997419795,4.823868042427938
2023-12-29,84.65081024169922,85.33999633789062,86.13999938964844,85.02999877929688,85.83999633789062,8549200,65.22136584535886,3.073773504463418,80.22200050354004,75.64340042114257,0.1211244516372878,4.8975948166739895
2024-01-02,81.67503356933594,82.33999633789062,84.08000183105469,81.75,84.0,13597100,55.287569454170736,2.753178519587763,80.54250030517578,75.93960037231446,0.08441980780919223,4.810911408195056
2024-01-03,81.595703125,82.26000213623047,82.58999633789062,80.58000183105469,81.19999694824219,12915600,55.04681214805556,2.4642435550133115,80.94100036621094,76.240400390625,0.10728228728608502,4.590794684799881
2024-01-04,82.04206085205078,82.70999908447266,84.26000213623047,82.61000061035156,83.47000122070312,19134200,56.20223167422832,2.2456846520866804,81.39200019836426,76.5570004272461,0.12240461859447693,4.27302979844387
2024-01-05,82.77607727050781,83.44999694824219,83.52999877929688,81.01000213623047,81.4800033569336,15483700,58.10903186124371,2.1078883651133964,81.90800018310547,76.86460037231446,0.14111855712317678,3.8221406773013284
2024-01-08,84.26396179199219,84.94999694824219,85.51000213623047,83.83000183105469,83.88999938964844,16219800,61.744746313599464,2.0955649110447183,82.47299995422364,77.2336003112793,0.1534283121283131,3.3422426716961526
2024-01-09,82.65705108642578,83.33000183105469,84.19000244140625,82.9000015258789,83.12999725341797,12138700,56.08350524640402,1.9327983218871054,82.89150009155273,77.60960037231445,0.11165958976533408,2.8379714614376095
2024-01-10,81.71471405029297,82.37999725341797,83.0199966430664,81.66000366210938,82.95999908447266,10748600,53.01379617502952,1.7074646082696887,83.12099990844726,77.94420028686524,0.05900496572657099,2.5773353875056917
2024-01-11,82.71656036376953,83.38999938964844,83.44999694824219,81.81999969482422,82.80000305175781,10579300,55.784666797079325,1.5920327852969791,83.38249969482422,78.29060028076172,0.06691396471971345,2.297638724902942
2024-01-12,81.72463989257812,82.38999938964844,83.05000305175781,81.70999908447266,82.75,10187500,52.484475302682135,1.4036798438192477,83.51249961853027,78.60100021362305,0.03258551753713701,2.1526573573700944
2024-01-16,83.92671203613281,84.61000061035156,85.22000122070312,82.33000183105469,82.54000091552734,13713500,58.37217812835665,1.417207638400555,83.63349952697754,78.9052001953125,0.02944394813311435,2.142396964951269
2024-01-17,82.60746002197266,83.27999877929688,83.97000122070312,82.62999725341797,83.69000244140625,10245400,54.051040307649245,1.3055588112972032,83.72699928283691,79.16200012207031,0.022970090075771,2.0801520084109484
2024-01-18,84.13501739501953,84.81999969482422,85.81999969482422,84.04000091552734,85.22000122070312,15077700,57.934114413639385,1.326055571799074,83.88999938964844,79.4068000793457,0.039970601199300404,2.0284942291363106
2024-01-19,86.80329132080078,87.51000213623047,87.79000091552734,85.62000274658203,86.05999755859375,18156800,63.70409100834436,1.5415896322269589,84.1569995880127,79.6986001586914,0.0649872713433175,2.138632389890158
2024-01-22,88.51932525634766,89.23999786376953,89.94999694824219,88.01000213623047,88.2699966430664,14371200,66.85303426203922,1.830892733252199,84.68449935913085,80.02740005493165,0.13407034051395494,2.016835914083594
2024-01-23,86.8231430053711,87.52999877929688,89.18000030517578,86.87999725341797,89.0,16850900,61.201042648175694,1.9002796491601686,84.78699913024903,80.33240005493164,0.023982163568750048,2.1093629776792135
2024-01-24,87.36870574951172,88.08000183105469,88.56999969482422,86.61000061035156,88.41000366210938,19752800,62.30491539803576,1.9768618962464046,84.86649932861329,80.62260009765625,0.018383674489038215,2.2047328007435185
2024-01-25,88.47964477539062,89.19999694824219,90.04000091552734,88.5,89.1500015258789,15892400,64.51869439693576,2.1036782314172626,84.9734992980957,80.89940002441406,0.024580742587411164,2.3630363495414612
2024-01-26,87.33894348144531,88.05000305175781,88.5,86.29000091552734,87.23999786376953,14934500,60.5843354588638,2.087324813026271,85.04299926757812,81.16480010986328,0.01603968764031105,2.434606295385998
2024-01-29,88.35070037841797,89.06999969482422,89.56999969482422,88.0199966430664,88.5,12108100,62.753826970840976,2.1320923819613995,85.19649925231934,81.40280014038086,0.03569767087004916,2.5899449861054604
2024-01-30,85.46419525146484,86.16000366210938,88.79000091552734,85.76000213623047,88.08000183105469,12980400,53.676613515627764,1.9107329033668066,85.23749961853028,81.58320022583008,0.00960871056253687,2.598811614277131
2024-01-31,85.0575180053711,85.75,86.91999816894531,84.79000091552734,84.95999908447266,11396700,52.52382744419391,1.6828215336630024,85.40799980163574,81.76480026245117,0.0414136970338943,2.5090188840979506
2024-02-01,84.91862487792969,85.61000061035156,86.19000244140625,84.62000274658203,86.06999969482422,10459000,52.112273542771824,1.4739129988671067,85.5754997253418,81.92580032348633,0.04072451236474772,2.397126898590074
2024-02-02,85.78162384033203,86.4800033569336,86.61000061035156,84.94000244140625,85.06999969482422,10450000,54.49830986457319,1.3628434200635553,85.76399993896484,82.08300033569336,0.045580997632590936,2.306449952415602
2024-02-05,86.27758026123047,86.9800033569336,87.22000122070312,85.61000061035156,86.73999786376953,8409300,55.859516269783356,1.3001781555301477,85.94050025939941,82.28840042114258,0.04230085725324595,2.2545337186974312
2024-02-06,83.91680145263672,84.5999984741211,87.19000244140625,83.72000122070312,86.83000183105469,12990300,48.43232956488762,1.0464066538561951,85.92300033569336,82.43840042114257,-0.004120052815709152,2.2639653936175113
2024-02-07,84.48219299316406,85.16999816894531,85.27999877929688,82.47000122070312,84.13999938964844,16374800,50.14211830271313,0.8811280267317443,86.01500015258789,82.60440032958985,0.022080838803064884,2.1892000276278876
2024-02-08,84.19453430175781,84.87999725341797,86.02999877929688,84.52999877929688,85.51000213623047,12524500,49.24745796034044,0.7184609036522147,86.14000015258789,82.7518002319336,0.030347172655389665,2.0367908706242033
2024-02-09,84.86903381347656,85.55999755859375,85.62000274658203,83.95999908447266,85.05999755859375,12161500,51.435563595870434,0.637072601895639,86.24850006103516,82.94060012817383,0.02602228306545218,1.9379897095581924
2024-02-12,85.0079116821289,85.69999694824219,86.91000366210938,85.38999938964844,85.52999877929688,10366000,51.89539523909275,0.5772147942589214,86.41399993896485,83.12080001831055,0.04017474915784036,1.7202402251838842
2024-02-13,80.87158966064453,81.52999877929688,83.55000305175781,80.7699966430664,82.47000122070312,21207900,39.80559711211416,0.1910902785677564,86.2599998474121,83.22899993896485,-0.03640233788956937,2.004600437946733
2024-02-14,81.16917419433594,81.83000183105469,83.18000030517578,81.48999786376953,82.18000030517578,12870900,40.872812161449474,-0.08967472849812452,86.1875,83.34699996948243,-0.017411106742266758,2.139716986966849
2024-02-15,80.97077941894531,81.62999725341797,82.70999908447266,81.51000213623047,82.23999786376953,11527600,40.35908084158945,-0.32458015927576866,86.02799987792969,83.49379989624023,-0.03760908338697988,2.3550768824595516
2024-02-16,78.85797119140625,79.5,81.33999633789062,79.25,80.95999908447266,15553100,35.27418252238168,-0.6748382673169431,85.62749977111817,83.60999984741211,-0.09153241847441584,2.7394947702194186
2024-02-20,80.0582046508789,80.70999908447266,80.7699966430664,79.1500015258789,79.33000183105469,12627200,39.90611251954447,-0.8450424048577503,85.20099983215331,83.7615998840332,-0.09558492809825536,2.8105574170872463
2024-02-21,80.8319091796875,81.48999786376953,81.5,79.94000244140625,80.79000091552734,9913300,42.750256342744514,-0.9065409871482757,84.89899978637695,83.91839981079102,-0.0690049240233277,2.87098594710223
2024-02-22,85.2162094116211,85.91000366210938,86.30999755859375,83.87999725341797,85.0,17510900,55.57989523062922,-0.5917996305322788,84.79049987792969,84.13739990234374,-0.024636672613921662,2.7841332024107377
2024-02-23,85.30549621582031,86.0,86.81999969482422,85.05000305175781,86.55000305175781,10232800,55.79710446612798,-0.33128404918623744,84.63050003051758,84.30159988403321,-0.035874406476706144,2.603477261737569
2024-02-26,88.737548828125,89.45999908447266,92.3499984741211,88.9000015258789,89.68000030517578,28920100,63.23954561405975,0.15261023979422816,84.70099983215331,84.52759979248047,0.016013583007896237,2.71753989903964
2024-02-27,91.10823059082031,91.8499984741211,92.75,90.48999786376953,91.88999938964844,21422700,67.3312453737903,0.720645770907069,84.83999977111816,84.76879974365234,0.031211393160680778,3.008313402947956
2024-02-28,88.98553466796875,89.70999908447266,90.79000091552734,89.30000305175781,90.45999908447266,14190700,60.805009161299644,0.986763164246824,85.01749954223632,84.91919967651367,0.04120235923254101,3.1895668798663923
2024-02-29,89.87825012207031,90.61000061035156,90.83000183105469,88.81999969482422,90.6500015258789,17027000,62.45329399686451,1.2558095267426665,85.2604995727539,85.10319961547852,0.056676391957452665,3.4247699248215997
2024-03-01,94.38159942626953,95.1500015258789,96.05999755859375,91.91999816894531,91.91999816894531,23446200,69.43581032608783,1.8144549319112144,85.73749961853028,85.37499969482423,0.11143558985530255,4.078063580422883
2024-03-04,94.99658966064453,95.7699966430664,97.37999725341797,94.62000274658203,96.93000030517578,20913200,70.24948649461955,2.2809208292757717,86.20199928283691,85.64699966430663,0.10742359997131046,4.655307863280051
2024-03-05,93.70708465576172,94.47000122070312,95.37000274658203,93.27999877929688,94.25,12887500,66.26596232451439,2.516688825378253,86.5764991760254,85.96259963989257,0.08611172194410432,5.00902079432545
2024-03-06,94.78828430175781,95.55999755859376,96.43000030517578,94.55999755859375,95.05000305175781,14232400,67.90910052277604,2.759678401126422,87.12449913024902,86.16419952392579,0.12955081893796128,5.368063976254731
2024-03-07,98.18067169189453,98.9800033569336,99.69000244140625,97.47000122070312,98.93000030517578,24843300,72.44436552282855,3.191426498219755,87.81499938964843,86.41399963378906,0.16214636004329153,5.959085060939346
2024-03-08,96.83164978027344,97.62000274658205,101.8499984741211,97.31999969482422,99.87999725341797,22379000,68.31006159997568,3.384831066931838,88.45199966430664,86.62519973754883,0.15009432028051894,6.300006962394697
2024-03-11,93.74676513671875,94.51000213623048,96.45999908447266,93.52999877929688,95.9000015258789,15673300,59.89267029309621,3.2496940727388335,88.89949989318848,86.78219970703125,0.10460501207363326,6.400831588537684
2024-03-12,96.63326263427734,97.41999816894533,97.5,93.63999938964844,95.33000183105469,14993700,64.3226527060738,3.338920395308591,89.48549995422363,87.01059967041016,0.13675614513476986,6.625057718967669
2024-03-13,93.39960479736328,94.16000366210938,95.33999633789062,93.0999984741211,95.31999969482422,16732600,56.75914500474041,3.110720141559426,90.11700019836425,87.18699981689453,0.15491236442922252,6.425776793579511
2024-03-14,90.69164276123047,91.43000030517578,93.44999694824219,90.30000305175781,93.30000305175781,16718900,51.31721012291958,2.6787029212135565,90.59700012207031,87.36879989624023,0.11731636636085074,6.125714434907877
2024-03-15,92.49694061279297,93.25,94.69999694824219,92.0199966430664,92.4800033569336,29579500,54.45248080170355,2.4548865228520356,91.17800025939941,87.58859985351563,0.14234966479918,5.771268282289639
2024-03-18,93.02266693115234,93.77999877929688,97.08000183105469,93.69000244140625,96.81999969482422,23140300,55.35419412475687,2.2938349849018493,91.89200019836426,87.80999984741212,0.1796226261546776,5.0940729341960616
2024-03-19,93.24089050292969,94.0,94.16000366210938,91.0,92.58000183105469,21054700,55.745839292313605,2.1590643903257387,92.55650024414062,88.02099990844727,0.16466362366845977,4.374671778095016
2024-03-20,95.47270965576172,96.25,96.68000030517578,93.58999633789062,94.98999786376953,39807400,59.64483980434911,2.208357350241016,93.29450035095215,88.24699996948242,0.1811265495540375,3.582845770685499
2024-03-21,108.962890625,109.8499984741211,113.5,108.77999877929688,113.37000274658203,89554100,74.35339665516977,3.306710888278431,94.49150009155274,88.77739990234375,0.2786636455769407,4.783724884783432
2024-03-22,109.31997680664062,110.20999908447266,111.33999633789062,107.05000305175781,109.30999755859375,37281400,74.61712743443465,4.158278969466508,95.70200004577637,89.33399993896484,0.2815116172613099,5.527233464709611
2024-03-25,116.18409729003906,117.12999725341795,121.41000366210938,110.16000366210938,110.23999786376953,55766100,79.07209159663176,5.330096790490231,97.08549995422364,90.00879989624023,0.30930022861746154,7.116958746140406
2024-03-26,117.84060668945312,118.8000030517578,122.45999908447266,118.16999816894531,119.0,44295100,79.98505733266661,6.320665667906411,98.43300018310546,90.73699996948243,0.29341322836526684,8.491993026805536
2024-03-27,118.2869644165039,119.25,120.11000061035156,117.08000183105469,119.30000305175781,29320700,80.23526233028574,7.060619209697293,99.91000022888184,91.42979995727539,0.32928325958081794,9.413850703489876
2024-03-28,117.05082702636719,117.88999938964844,119.62999725341797,117.3499984741211,119.44000244140625,21047800,77.09836006239317,7.451401916431948,101.27400016784668,92.12199996948242,0.30107050651736045,9.956144827061191
2024-04-01,123.41521453857422,124.3000030517578,127.37999725341797,119.0,119.19999694824219,44309400,80.89053306081536,8.183993766076853,102.73150024414062,92.9116000366211,0.306358392626517,11.082415888353232
2024-04-02,121.87623596191406,122.75,123.68000030517578,120.91999816894531,122.70999908447266,25026400,77.54670552140989,8.54104988613048,104.0805004119873,93.61639999389648,0.28171665764475007,11.808695876025187
2024-04-03,127.0987777709961,128.00999450683594,128.27999877929688,121.33000183105469,122.19999694824219,40130100,80.49357721156213,9.14306150909809,105.75750007629395,94.39179992675781,0.35503326826233295,12.718558969608294
2024-04-04,123.20669555664062,124.08999633789062,130.5399932861328,123.6500015258789,130.17999267578125,36009900,72.82288924040733,9.197822197272558,107.18400001525879,95.12299987792969,0.2985558759752307,13.108587830061504
2024-04-05,122.70033264160156,123.58000183105467,125.69000244140625,121.19999694824219,124.4000015258789,23326500,71.86338897291816,9.095224061282451,108.41399993896485,95.8329998779297,0.2485350337422254,13.448012455764866
2024-04-08,122.0748062133789,122.9499969482422,129.6999969482422,122.61000061035156,129.05999755859375,27955800,70.62544359201915,8.860934829484279,109.68049964904785,96.50799987792969,0.25947545061452093,13.570161044208806
2024-04-09,121.75708770751953,122.62999725341795,126.13999938964844,121.2699966430664,124.88999938964844,19212900,69.96616016048732,8.55086853456261,111.08649940490723,97.19959976196289,0.29753459402798654,13.370912915530182
2024-04-10,121.33015441894531,122.1999969482422,124.4800033569336,119.93000030517578,120.0,22242300,69.03360313640907,8.176191287307233,112.32549934387207,97.86219970703125,0.2543625461409218,13.184678281481474
2024-04-11,126.60234832763672,127.51000213623048,127.55999755859375,122.08000183105469,122.9000015258789,21745300,73.69609831087566,8.213054925823513,113.99299926757813,98.68919967651367,0.35418433705458074,12.871535012767373
2024-04-12,121.64787292480469,122.5199966430664,125.98999786376953,121.83000183105469,125.25,24808200,63.95139727866639,7.750277510097291,115.54749908447266,99.424599609375,0.3400415206619074,11.839148321437099
2024-04-15,120.50605773925781,121.37000274658205,124.77999877929688,120.61000061035156,123.62999725341797,17732600,61.919369030224836,7.207642956061193,116.95349922180176,100.13979965209961,0.30155498923948576,10.663093217440254
2024-04-16,120.90321350097656,121.7699966430664,122.55000305175781,118.36000061035156,119.52999877929688,17452400,62.367276051529196,6.732271887449784,118.35299911499024,100.84559951782227,0.29846447246860786,9.197668777702594
2024-04-17,115.50193786621094,116.33000183105467,124.41999816894531,116.19999694824219,122.0199966430664,25546500,53.20207294901384,5.849149419773795,119.46949920654296,101.43259948730469,0.23755321096866666,7.230919032255032
2024-04-18,111.13326263427734,111.93000030517578,117.62000274658203,111.4800033569336,116.0,32146900,47.164781165676075,4.739590106341893,120.25349922180176,101.97919952392579,0.1629090940797484,5.123955045059834
2024-04-19,106.00997924804688,106.7699966430664,110.87999725341797,105.72000122070312,109.66000366210938,33787500,41.25261107540805,3.4046406073156845,120.09949913024903,102.4111994934082,-0.028038251013542626,5.48654375047617
2024-04-22,108.34326171875,109.12000274658205,110.2300033569336,106.62999725341797,107.5999984741211,19820900,44.65520072587638,2.5074055538597264,120.0449993133545,102.89599960327149,-0.009890176453546284,5.594305418880542
2024-04-23,111.65948486328125,112.45999908447266,112.88999938964844,108.91000366210938,109.70999908447266,17887500,49.162027955827874,2.0423076494298584,119.81149940490722,103.43399963378906,-0.03987021496159926,5.815466477159769
2024-04-24,110.98432922363281,111.77999877929688,113.94999694824219,109.2300033569336,112.72000122070312,20505900,48.299672960480706,1.6003955045271283,119.46049919128419,103.95559967041015,-0.05909094353644506,6.085319742582778
2024-04-25,110.78575134277344,111.58000183105467,113.05999755859375,108.06999969482422,109.37000274658203,18342800,48.03280698534814,1.2199757426549525,119.07699928283691,104.55659973144532,-0.06431864292616629,6.335811733643658
2024-04-26,114.02254486083984,114.83999633789062,115.05999755859375,111.5999984741211,112.0,20630700,52.627471092911705,1.1680797560621698,118.92449913024902,105.21679962158203,-0.025871601217648532,6.40224383131917
2024-04-29,113.54595184326172,114.36000061035156,114.75,112.11000061035156,113.80999755859375,14419100,51.899865666752824,1.0758187996281094,118.42749900817871,105.8713996887207,-0.07996783746873504,6.348577202138961
2024-04-30,112.15591430664062,112.95999908447266,116.27999877929688,112.93000030517578,114.18000030517578,14845600,49.73981749813943,0.8795934977976572,117.93799896240235,106.54059967041016,-0.07975560827313521,6.375122504639169
2024-05-01,108.91912841796875,109.6999969482422,113.7300033569336,108.75,110.5199966430664,16686200,45.03913123684484,0.4557747177149878,117.02249908447266,107.12039962768554,-0.143035687401861,6.163809205192951
2024-05-02,111.53041076660156,112.33000183105467,112.41000366210938,109.43000030517578,111.73999786376953,15439200,49.20939760626389,0.3283299123735475,116.43449935913085,107.73719970703125,-0.09476988358363791,6.013202465577973
2024-05-03,113.88352966308594,114.6999969482422,115.4800033569336,113.44999694824219,115.02999877929688,15564400,52.692870110712725,0.4137977817834013,115.99049911499023,108.31299957275391,-0.07185632587182078,5.781190200941579
2024-05-06,119.2748794555664,120.12999725341795,121.37000274658203,118.0199966430664,119.77999877929688,22538700,59.53977645318809,0.9092065610013407,115.84949913024903,108.99559951782227,-0.02293615099487456,5.635060628650921
2024-05-07,118.36143493652344,119.20999908447266,121.41000366210938,119.18000030517578,120.1500015258789,12508300,58.007889751682214,1.21359584678612,115.67849922180176,109.59059951782227,-0.027888756793150615,5.46788347031108
2024-05-08,118.47066497802734,119.31999969482422,120.47000122070312,118.22000122070312,118.30000305175781,10867900,58.146547311326,1.4470223063118084,115.53449935913086,110.13999954223632,-0.023567899552712768,5.323103156812077
2024-05-09,116.97139739990234,117.80999755859376,119.62999725341797,117.44000244140625,119.31999969482422,11524800,55.440293511798245,1.4929599910122988,115.04949913024902,110.70199951171875,-0.07607249953045503,4.562050773814213
2024-05-10,120.37698364257812,121.23999786376952,121.8499984741211,119.18000030517578,120.04000091552734,13922400,59.99499765612684,1.7855555234154394,114.98549919128418,111.3145994567871,-0.010447264237411491,4.4595601602286665
2024-05-13,122.12445831298828,123.0,124.11000061035156,121.6500015258789,122.93000030517578,16643200,62.133812321859146,2.1348478571238445,115.06699905395507,111.87159942626953,0.013429984481596824,4.5952111952167645
2024-05-14,123.92156982421875,124.80999755859376,125.04000091552734,121.66999816894531,122.98999786376953,13887700,64.25059902943808,2.5285684610610133,115.21899909973145,112.45239944458008,0.024965106342560217,4.870626867401987
2024-05-15,126.90020751953125,127.80999755859376,127.94999694824219,125.44000244140625,126.2300033569336,14265100,67.49411105807125,3.047539664019638,115.79299888610839,113.11919937133788,0.0986847377876896,5.626284721473125
2024-05-16,126.97965240478516,127.88999938964844,130.1300048828125,127.05000305175781,127.93000030517578,15874700,67.5785887451359,3.425793149566857,116.59099884033203,113.76579940795898,0.1425891096306433,6.1564048812773775
2024-05-17,124.39814758300781,125.29000091552734,129.02999877929688,124.86000061035156,128.36000061035156,13774700,61.94429920874315,3.475697932050693,117.51699905395508,114.29199935913086,0.17345700903572725,5.992083045306158
2024-05-20,128.0817413330078,129.0,131.02000427246094,126.63999938964844,127.12999725341797,19123200,66.26625211502267,3.771142370284551,118.51099891662598,114.91959930419922,0.18218472097720562,6.172030180436269
2024-05-21,126.5924301147461,127.5,128.82000732421875,123.27999877929688,124.19999694824219,15717800,63.14381799176202,3.8399818319175125,119.26299896240235,115.5793992614746,0.13373644885262959,6.3106536259489
2024-05-22,125.381103515625,126.27999877929688,127.87000274658203,125.23999786376953,127.79000091552734,11190100,60.64104620379986,3.752833371637493,119.98799896240234,116.15659927368164,0.12971909248835667,6.238223132799424
2024-05-23,125.3711929321289,126.2699966430664,131.9499969482422,124.66000366210938,131.77000427246094,20747400,60.619832215431266,3.6409894403611105,120.72249870300293,116.79879913330078,0.13165436969838118,6.05836703271017
2024-05-24,128.5682830810547,129.49000549316406,130.39999389648438,126.5999984741211,127.81999969482422,14048900,64.87940889935908,3.7687364743790255,121.4549991607666,117.55999923706055,0.12756887515190352,6.1938280561125545
2024-05-28,131.7256317138672,132.6699981689453,133.3000030517578,129.27000427246094,131.75999450683594,14143000,68.50279514752981,4.079549247539376,122.3704990386963,118.34839920043946,0.16010840731786757,6.438294198647125
2024-05-29,130.6433868408203,131.5800018310547,133.10000610351562,129.89999389648438,130.0,11242500,65.98967971009938,4.1896216639724315,123.30149917602539,119.10439926147461,0.1648371361322143,6.351556869893004
2024-05-30,125.39104461669922,126.29000091552734,131.6699981689453,125.69999694824219,130.3000030517578,12639700,55.372407677973676,3.8061213854209655,124.13099937438965,119.75019927978515,0.1512306693601142,5.509188912368465
2024-05-31,124.1102294921875,125.0,127.31999969482422,121.01000213623047,126.3499984741211,24153800,53.1276151884081,3.3593775455973116,124.76449928283691,120.32519927978515,0.11279264633148611,4.7580251507076925
2024-06-03,127.25764465332031,128.1699981689453,128.83999633789062,125.1500015258789,128.1300048828125,16134300,57.66906321782869,3.223958407695804,125.43799934387206,120.69159927368165,0.11743680539748724,4.1761757382393
2024-06-04,125.73854064941406,126.63999938964844,127.86000061035156,125.41999816894531,127.3499984741211,12995500,54.904042579870854,2.959069341103188,125.7634994506836,121.02019927978516,0.05419131178782455,3.9902469496432604
2024-06-05,132.7582244873047,133.7100067138672,133.8699951171875,127.6500015258789,128.8000030517578,22301800,63.59116151564669,3.281802772444337,126.48849983215332,121.35179946899414,0.12163415603350325,4.053623740977368
2024-06-06,129.14413452148438,130.07000732421875,134.1300048828125,129.17999267578125,133.83999633789062,15505000,57.454548940122415,3.2068868169425855,127.02600021362305,121.57719955444335,0.0900939294073837,3.754766176265535
2024-06-07,130.00796508789062,130.94000244140625,132.5399932861328,129.6199951171875,130.2100067138672,12139500,58.48571752119463,3.1810475811890058,127.68250045776367,121.81099960327148,0.1114506846185288,3.1592134998960333
2024-06-10,133.86033630371094,134.82000732421875,135.6699981689453,129.7100067138672,129.7100067138672,14652100,62.81436199436303,3.4340679702538637,128.36150093078612,122.14959976196289,0.11200931787963508,3.161023323382233
2024-06-11,134.10853576660156,135.07000732421875,135.85000610351562,131.77999877929688,135.32000732421875,14125000,63.08147262353396,3.6131116600310946,128.96500129699706,122.36499984741211,0.09813014084730698,3.2348709608034296
2024-06-12,139.74810791015625,140.75,141.7100067138672,136.8300018310547,138.50999450683594,16973600,68.60016027903522,4.165317822340199,129.7620014190674,122.7249998474121,0.1277141475299124,4.02453898634741
2024-06-13,142.12109375,143.13999938964844,144.22000122070312,140.25999450683594,142.7899932861328,16312900,70.59215998569827,4.741145190590345,130.52850151062012,123.02759994506836,0.11994368299730795,4.979703171361768
2024-06-14,140.353759765625,141.36000061035156,142.49000549316406,139.64999389648438,141.8000030517578,14028500,67.17417030132609,4.996267639838521,131.20200157165527,123.37300003051757,0.10532489862372629,5.488931745763546
2024-06-17,146.77772521972656,147.8300018310547,148.75,142.13999938964844,145.5800018310547,23909000,72.40442730769297,5.655337831187779,132.32900161743163,123.85800003051757,0.17990263190056321,6.442356226724505
2024-06-18,152.3577117919922,153.4499969482422,157.5399932861328,151.50999450683594,151.74000549316406,42192600,75.98395025825008,6.555573770155121,133.55150146484374,124.46800003051757,0.18953486006389286,7.92630263491556
2024-06-20,143.1636199951172,144.19000244140625,157.41000366210938,142.91000366210938,157.00999450683594,41285000,61.76712564346599,6.4474904138701845,134.38600158691406,124.89920013427735,0.1309019799325981,8.131577239767301
2024-06-21,138.54672241210938,139.5399932861328,142.60000610351562,135.6999969482422,137.64999389648438,49893500,56.0915971729856,5.918393146116671,135.04900131225585,125.24600006103516,0.10500470886138347,7.974939022773601
2024-06-24,138.02047729492188,139.00999450683594,142.8300018310547,137.88999938964844,142.44000244140625,32410100,55.46601890272132,5.3941330690882126,135.68600120544434,125.47599990844726,0.10089489350175795,7.742217018092585
2024-06-25,140.115478515625,141.1199951171875,141.1300048828125,137.75,140.07000732421875,31160600,57.498294494397456,5.090235529574414,136.26750068664552,125.84799987792968,0.08981380130250582,7.688924559606675
2024-06-26,141.3466339111328,142.36000061035156,144.07000732421875,139.5399932861328,143.0399932861328,55490300,58.69134237753632,4.893048601722569,136.75200080871582,126.26779983520508,0.07303838528034623,7.755315258354685
2024-06-27,131.28875732421875,132.22999572753906,137.38999938964844,131.0800018310547,135.7899932861328,68172700,47.067635977726106,3.8747046237029394,136.78450050354004,126.47699981689453,0.0049399140252250895,7.73383275409826
2024-06-28,130.59373474121094,131.52999877929688,135.4199981689453,130.75,132.82000732421875,38140600,46.384023187924264,2.976860387232847,137.0465003967285,126.78099975585937,0.041491787360698806,7.442882860352179
2024-07-01,130.58380126953125,131.52000427246094,132.0800018310547,127.2699966430664,130.5,24749000,46.373666780280004,2.238699553131397,137.37250061035155,127.17279983520508,0.05216003417968751,7.018142148082246
2024-07-02,131.64617919921875,132.58999633789062,132.7100067138672,129.4199981689453,129.91000366210938,20776000,47.71947909739479,1.7202116620818515,137.59350051879883,127.68919982910157,0.034485435219552496,6.778610095635689
2024-07-03,135.84608459472656,136.82000732421875,136.82000732421875,132.42999267578125,132.66000366210938,14507100,52.76615397823678,1.631822177552607,138.10250091552734,128.2431999206543,0.08038540732496591,6.2764347003307295
2024-07-05,130.66323852539062,131.60000610351562,137.1300048828125,130.91000366210938,136.82000732421875,30104600,46.76664841160669,1.1275645389900717,137.99700088500975,128.62600006103514,-0.015780424084989142,6.3711721087321145
2024-07-08,129.87319946289062,130.69000244140625,133.27000427246094,130.08999633789062,131.2899932861328,20500700,45.78922985923809,0.6470482674809261,138.02800064086915,129.00420013427734,0.004766626295653831,6.3319599792072765
2024-07-09,130.32040405273438,131.13999938964844,135.2100067138672,130.8800048828125,131.75,21850900,46.38595456801171,0.2990988282098215,138.03800048828126,129.3954000854492,0.0015273938026056921,6.320324230563997
2024-07-10,135.53759765625,136.38999938964844,136.5,132.6999969482422,133.10000610351562,22460200,52.899907582341726,0.44188375381551737,138.11650009155272,129.8264001464844,0.01164509701927341,6.287919298868184
2024-07-11,129.41607666015625,130.22999572753906,136.42999267578125,130.07000732421875,136.36000061035156,25401500,45.85944508802393,0.05732026944872359,137.87449951171874,130.14380004882813,-0.03583335555066525,6.5008711981423035
2024-07-12,132.71534729003906,133.5500030517578,134.42999267578125,130.72000122070312,131.75,20726900,49.741806028061006,0.020214758905865438,137.51449966430664,130.55560012817384,-0.05115450762516649,6.532533840358933
2024-07-15,130.05209350585938,130.8699951171875,135.35000610351562,130.02999877929688,133.91000366210938,20416000,46.82294351042769,-0.22287668440716857,136.9009994506836,130.97900009155273,-0.08572030407140185,6.552546762450094
2024-07-16,126.69320678710938,127.48999786376952,130.97000122070312,127.23999786376953,130.4199981689453,21312600,43.36663304716356,-0.6804224487067643,136.2074993133545,131.28220001220703,-0.09811829857594356,6.785615292759393
2024-07-17,118.7531509399414,119.5,123.02999877929688,119.2300033569336,122.58000183105469,31414100,36.506411009507524,-1.6685231198552515,134.79099922180177,131.3782000732422,-0.19163905486134813,7.177360024372237
2024-07-18,116.71595001220703,117.4499969482422,121.63999938964844,114.08999633789062,120.5,30404900,34.97756222350493,-2.5871945658256834,132.99099922180176,131.32460006713868,-0.23460411023756866,6.753274469571462
2024-07-19,113.54589080810547,114.26000213623048,117.20999908447266,113.8499984741211,116.69000244140625,18038900,32.68380150733846,-3.5319402185746895,131.49449920654297,131.22560012817382,-0.20757333933285882,7.423894346030721
2024-07-22,114.55952453613281,115.27999877929688,115.58000183105469,113.63999938964844,115.36000061035156,23837800,34.17033154624404,-4.1505082744887005,130.28149948120117,131.14480010986327,-0.1738569275769547,7.999745457813557
2024-07-23,113.53595733642578,114.25,116.33999633789062,113.83000183105469,115.12999725341797,14707700,33.36898610743644,-4.670007271920923,129.0434997558594,131.07360015869142,-0.17811664977526742,8.479362265650611
2024-07-24,109.59076690673828,110.27999877929688,114.04000091552734,110.0,111.47000122070312,25261000,30.408865489756863,-5.340497953931944,127.50149993896484,130.85440017700196,-0.21853739657715243,8.95827774856971
2024-07-25,106.77845764160156,107.4499969482422,110.69999694824219,105.04000091552734,106.80000305175781,29068400,28.470054574966937,-6.03070592261237,125.75599975585938,130.5434001159668,-0.24522340202610893,9.305110017706419
2024-07-26,108.72620391845703,109.41000366210938,110.62999725341797,107.77999877929688,110.0,18547900,31.71720247367149,-6.346387346282995,124.6150001525879,130.2354002380371,-0.17257802921245236,9.85248496293683
2024-07-29,107.17595672607422,107.8499984741211,111.02999877929688,107.13999938964844,110.54000091552734,13517700,30.529291040021576,-6.645837452801388,123.43100013732911,129.83620025634767,-0.18003497700102666,10.386146373901335
2024-07-30,101.91902923583984,102.55999755859376,109.25,102.16999816894531,109.0,23915100,26.856077643454057,-7.226707695297463,121.98299980163574,129.32960021972656,-0.22019469109712564,11.186931649313898
2024-07-31,109.1336441040039,109.81999969482422,111.33999633789062,107.75,109.8499984741211,26503600,37.89920941076194,-7.020304350826734,120.84449996948243,129.0202001953125,-0.17173238760064258,11.209272274430244
2024-08-01,100.87557983398438,101.51000213623048,107.86000061035156,99.94999694824219,107.18000030517578,31643700,31.95260428930321,-7.441494648569972,119.07899971008301,128.47040023803712,-0.25807632873688624,11.340597917560768
2024-08-02,92.12063598632812,92.6999969482422,97.69000244140625,91.06999969482422,97.16000366210938,36039400,27.098167747897477,-8.389476125916914,117.13399925231934,127.77440017700195,-0.2955927610267355,12.36929498782045
2024-08-05,89.85488891601562,90.41999816894533,92.25,84.91000366210938,87.62999725341797,36977600,25.997375875632173,-9.21847033556665,115.1204990386963,127.05720016479492,-0.3081337785613374,13.28984313525388
2024-08-06,88.44375610351562,89.0,90.86000061035156,87.1500015258789,89.19999694824219,26460000,25.30783790740344,-9.876189637680255,113.01349906921386,126.31180023193359,-0.3213359736600301,13.940938920546625
2024-08-07,86.25751495361328,86.80000305175781,93.58000183105469,86.58000183105469,93.37999725341797,29483800,24.235339261529475,-10.454445945604206,110.53399925231933,125.45800018310547,-0.3635896807669782,13.974363748115238
2024-08-08,91.49458312988281,92.06999969482422,92.8499984741211,88.02999877929688,88.4800033569336,24760700,31.70194140585106,-10.367958181760343,108.6259994506836,124.64600021362304,-0.29302002061453913,13.746869000027774
2024-08-09,92.4982681274414,93.08000183105467,94.52999877929688,91.44999694824219,91.79000091552734,21627200,33.06343741018607,-10.101473772647665,106.60249938964844,123.87600021362304,-0.30303257428619323,12.833206875170438
2024-08-12,94.04852294921875,94.63999938964844,96.52999877929688,92.62999725341797,93.0999984741211,18886600,35.21171695309141,-9.653128931516022,104.79099960327149,123.24300018310547,-0.2768395895109259,11.737686051797116
2024-08-13,96.83101654052734,97.44000244140624,97.77999877929688,94.91000366210938,96.62000274658203,23565500,38.99617522543041,-8.96849237172546,103.28849983215332,122.6918002319336,-0.23570472920137198,10.541483789396173
2024-08-14,99.78246307373047,100.41000366210938,101.94999694824219,98.06999969482422,101.0,22459000,42.81205388311154,-8.092967991073067,102.3340000152588,122.13660034179688,-0.15974892332962864,9.837057576916319
2024-08-15,106.28157043457031,106.9499969482422,108.05000305175781,102.75,103.51000213623047,29128000,50.199236719815026,-6.793079419405203,101.8090000152588,121.74280029296875,-0.08939974689507346,9.25057010495516
2024-08-16,107.31507873535156,107.98999786376952,109.47000122070312,105.3499984741211,106.83000183105469,18383300,51.277063345462565,-5.61427115581246,101.49549980163575,121.22840011596679,-0.05487488320703282,8.906235340819341
2024-08-19,107.95108032226562,108.62999725341795,108.72000122070312,104.76000213623047,107.25,15744600,51.96602016248397,-4.57566904748937,101.16299972534179,120.79959991455078,-0.057685648822831115,8.478384425252017
2024-08-20,107.31507873535156,107.98999786376952,109.19000244140625,106.16000366210938,108.33000183105469,16075500,51.18655072108365,-3.7608591527068853,100.84999961853028,120.34059982299804,-0.05479214123615306,8.075811814628826
2024-08-21,107.65296173095703,108.33000183105467,108.4000015258789,106.20999908447266,108.16000366210938,13658900,51.60188444537171,-3.052493714644214,100.75249977111817,119.81079971313477,-0.0176822358526203,7.9670090054419695
2024-08-22,103.6083984375,104.26000213623048,111.0,103.95999908447266,108.94999694824219,17967000,46.50132194045044,-2.7873926352404084,100.59300003051757,119.194599609375,-0.02968817964274406,7.857040819751969
2024-08-23,102.20719909667969,102.8499984741211,104.41000366210938,100.30999755859375,103.04000091552734,25465100,44.84745391231891,-2.6604061257305887,100.26499977111817,118.43659957885743,-0.05995800172210508,7.602394096437222
2024-08-26,98.29183197021484,98.91000366210938,102.19000244140625,97.61000061035156,100.66999816894531,26752300,40.511596392510974,-2.8448988326200606,99.81800003051758,117.55199966430663,-0.08289285988406292,7.392881205030804
2024-08-27,97.2483901977539,97.86000061035156,98.48999786376953,96.66999816894531,97.08999633789062,17234600,39.41786689855639,-3.040784828384588,99.58300018310547,116.68199966430664,-0.045826804408385824,7.375813498191501
2024-08-28,94.26713562011719,94.86000061035156,97.68000030517578,92.69999694824219,97.36000061035156,25564300,36.39455883420817,-3.3989201831472826,98.83500022888184,115.62259963989258,-0.13622290225864675,7.033642306323988
2024-08-29,94.97270202636719,95.56999969482422,97.9800033569336,94.98999786376953,96.55999755859375,18984300,37.61410132571869,-3.5841383240644262,98.53800010681152,114.46499969482421,-0.058516425144337414,7.040150901514383
2024-08-30,95.63850402832031,96.23999786376952,98.41000366210938,94.98999786376953,96.91999816894531,18819400,38.8064649550919,-3.6349602235672336,98.71500015258788,113.50599960327149,0.03818771339878069,6.9292770288607475
2024-09-03,88.02638244628906,88.58000183105469,93.87999725341797,88.30999755859375,93.62999725341797,28897200,31.414057017232864,-4.244407717541648,98.62300033569335,112.48679977416992,-0.020349440114483253,7.056257306942916
2024-09-04,88.7319564819336,89.29000091552734,90.7300033569336,87.80999755859375,88.36000061035156,16356500,32.69388121422156,-4.616887648047523,98.63750038146972,111.49239990234375,0.003258437253116142,7.035710094501123
2024-09-05,88.83132934570312,89.38999938964844,90.69999694824219,87.76000213623047,88.0999984741211,13890700,32.883841389797325,-4.848125462923704,98.76700019836424,110.45779998779297,0.029838666438136485,6.827104039105803
2024-09-06,85.84014129638672,86.37999725341797,89.6500015258789,85.26000213623047,89.37000274658203,23587100,30.127521995620967,-5.214159528603787,98.48250007629393,109.33819992065429,-0.06180083045798157,7.227676562970146
2024-09-09,85.73081970214844,86.2699966430664,87.95999908447266,85.01000213623047,87.8499984741211,20526400,30.02846319237169,-5.4502927110466715,98.14199981689453,108.41899993896484,-0.07316292494652932,7.64400799306575
2024-09-10,86.30719757080078,86.8499984741211,87.19000244140625,84.87000274658203,86.97000122070312,17019000,31.31090136095223,-5.5269177909842,97.75249977111815,107.52539993286133,-0.08231192905501439,8.02101643179235
2024-09-11,90.08345031738281,90.6500015258789,90.83000183105469,86.08000183105469,88.19999694824219,20879600,39.176402372775776,-5.220832720812297,97.41299972534179,106.7079998779297,-0.06968391569581878,8.17711829469565
2024-09-12,86.66495513916016,87.20999908447266,88.02999877929688,84.12000274658203,87.0999984741211,30900000,35.24216432232147,-5.195941960638081,96.75299949645996,105.80039993286132,-0.13146105065443658,8.450621876654278
2024-09-13,90.64989471435547,91.22000122070312,91.47000122070312,87.87000274658203,88.08999633789062,21267200,42.49209962609033,-4.7973414287152565,95.966499710083,104.88839981079101,-0.14707803811487263,8.179276980496823
2024-09-16,86.63513946533203,87.18000030517578,88.23999786376953,85.91999816894531,87.23999786376953,26494300,37.88969820930152,-4.752656282393701,94.92599983215332,103.99999969482423,-0.1927030092624482,7.887685707452008
2024-09-17,88.17546081542969,88.7300033569336,89.56999969482422,87.54000091552734,88.05999755859375,17744800,40.55019366195592,-4.5398382601224085,93.93100013732911,103.16079971313476,-0.18319059559635797,7.30135701055563
2024-09-18,86.80408477783203,87.3499984741211,89.19999694824219,86.70999908447266,87.98999786376953,20130600,38.95047223417244,-4.431450304434804,92.89900016784668,102.28499969482422,-0.19112880635191787,6.638167775091716
2024-09-19,88.69219970703125,89.25,90.38999938964844,87.58000183105469,89.3499984741211,25208900,42.32414885654833,-4.144463034473446,91.94500007629395,101.34219970703126,-0.1761285101869634,5.592463082231933
2024-09-20,90.33190155029297,90.9000015258789,90.97000122070312,88.33000183105469,88.4000015258789,28711000,45.158449697031514,-3.7407610569752165,91.27700004577636,100.55559982299805,-0.1281411887263808,4.783444523150484
2024-09-23,92.98519134521484,93.56999969482422,94.80000305175781,92.58000183105469,92.68000030517578,23394100,49.484466283024226,-3.168849271304609,90.81300010681153,99.75599975585938,-0.09022847755930585,3.9852565427294016
2024-09-24,93.41251373291016,94.0,95.0,92.76000213623047,94.7300033569336,23043200,50.16624672449034,-2.650355975892765,90.56749992370605,99.01859985351562,-0.049641123044365076,3.5920469128820356
2024-09-25,95.17144775390625,95.7699966430664,96.18000030517578,93.93000030517578,94.16000366210938,54762900,52.97941665971536,-2.07272923473127,90.4629997253418,98.38419982910156,-0.02135708107755807,3.3936490179500063
2024-09-26,109.19326782226562,109.87999725341795,114.80000305175781,107.52999877929688,113.0999984741211,107965900,68.32844837325753,-0.470967730890294,91.21399955749511,98.19179977416992,0.15833856785182587,5.4542420996403065
2024-09-27,106.82814025878906,107.5,110.97000122070312,107.02999877929688,110.5,42960200,64.50362654027168,0.599483441144244,91.81049957275391,97.99279983520508,0.12482997115486927,6.506552198001611
2024-09-30,103.06184387207031,103.70999908447266,106.75,102.26000213623047,106.08000183105469,39544700,58.853840498501874,1.1289880363298863,92.18399963378906,97.78179977416993,0.07761846827217456,6.971961878268266
2024-10-01,99.68307495117188,100.30999755859376,104.19999694824219,98.94000244140625,103.4000015258789,34309800,54.2621817767681,1.2597509104214168,92.77049942016602,97.48239974975586,0.13242261780386122,7.144081828714143
2024-10-02,99.2259521484375,99.8499984741211,102.12000274658203,99.33000183105469,100.58999633789062,26334900,53.652299972775765,1.3111492362568669,93.2984992980957,97.19439971923828,0.1182662946614148,7.262557030935402
2024-10-03,101.18363952636719,101.81999969482422,102.52999877929688,99.4000015258789,99.47000122070312,22176700,55.9364374655863,1.4936278027509218,93.9199993133545,97.02519973754883,0.1390535897756724,7.440162385119441
2024-10-04,101.61094665527344,102.25,104.23999786376953,101.4000015258789,103.6500015258789,21911200,56.441050431170794,1.653875959787328,94.7134994506836,96.92119979858398,0.18372312168549043,7.439965835514458
2024-10-07,102.38198852539062,102.91000366210938,104.58999633789062,100.80999755859375,102.16000366210938,21749300,57.25028474433121,1.8132287856703044,95.54549980163574,96.79119979858399,0.1928828986500295,7.376185688754763
2024-10-08,102.01387786865234,102.54000091552734,102.94000244140625,101.26000213623047,102.18000030517578,18858300,56.61528453041227,1.8878984012567628,96.32999992370605,96.68499984741212,0.18065633525694813,7.235718000417246
2024-10-09,101.17818450927734,101.6999969482422,102.29000091552734,100.31999969482422,102.25,18442700,55.12052732053468,1.8578768616478243,96.88249969482422,96.66779983520507,0.12189735506191601,7.200972342794666
2024-10-10,105.1477279663086,105.69000244140624,106.58000183105469,100.8499984741211,101.37000274658203,27605600,60.46056435097025,2.131474362985557,97.8064998626709,96.58519989013672,0.21190234549863507,7.079121865414377
2024-10-11,106.37140655517578,106.91999816894533,107.6500015258789,104.98999786376953,105.04000091552734,19133900,61.96307219555853,2.4196603908688274,98.59149971008301,96.69339981079102,0.17211134332542577,7.180070198789874
2024-10-14,107.78411865234375,108.33999633789062,108.70999908447266,106.80000305175781,107.80999755859375,15021900,63.679052565073725,2.7311488946719322,99.64949951171874,97.00619979858398,0.24271617295989611,6.965850344284568
2024-10-15,103.78474426269531,104.31999969482422,109.48999786376953,102.70999908447266,107.86000061035156,23419100,55.979609107016614,2.623384897410716,100.42899932861329,97.28419982910157,0.17570151863036498,6.538807736791137
2024-10-16,108.67949676513672,109.23999786376952,109.62999725341797,105.61000061035156,106.0199966430664,20450900,62.03052681218332,2.9015367774505734,101.5234992980957,97.68899978637695,0.25060102772793647,6.047961613662897
2024-10-17,111.47509002685547,112.0500030517578,114.13999938964844,111.01000213623047,111.33999633789062,26584800,64.99045190574522,3.310556051424456,102.66349945068359,98.19399978637695,0.25546221906731437,5.7544282409470275
2024-10-18,110.57970428466797,111.1500015258789,112.9000015258789,109.86000061035156,111.75,16700400,63.28871188306963,3.521490619551244,103.67599945068359,98.57559982299804,0.2227722734881903,5.342447459384446
2024-10-21,108.52030181884766,109.08000183105467,111.13999938964844,107.69000244140625,111.0999984741211,14829400,59.43401323187811,3.481493617561469,104.45149955749511,98.89559982299805,0.16575827922214237,4.906157005113825
2024-10-22,107.26678466796875,107.81999969482422,108.5199966430664,106.37000274658203,108.23999786376953,13758100,57.1521862720429,3.3099688032256154,105.14249954223632,99.15919982910157,0.1470212733491938,4.29136516871745
2024-10-23,104.51100158691406,105.0500030517578,107.0999984741211,103.54000091552734,106.55999755859375,15174700,52.39017776260096,2.916894429547199,105.6064998626709,99.3113998413086,0.09689889040382726,3.6832430237844798
2024-10-24,106.3017578125,106.8499984741211,107.52999877929688,105.55000305175781,106.77999877929688,13206300,55.013298673281746,2.719278592927296,105.45499992370605,99.44019973754882,-0.027575526529261984,3.558413073938202
2024-10-25,107.35633087158203,107.91000366210938,109.87999725341797,107.72000122070312,108.33999633789062,12265000,56.53213620609866,2.6180212590853955,105.47550010681152,99.45939987182618,0.0038139875545057933,3.571969686499071
2024-10-28,105.8441162109375,106.38999938964844,108.18000030517578,106.31999969482422,106.77999877929688,12381000,53.730758648949745,2.3875996879407495,105.60950012207032,99.42739990234375,0.02584129137821023,3.5524682033522077
2024-10-29,107.62493896484375,108.18000030517578,108.75,105.5999984741211,106.58999633789062,15164600,56.46660624736702,2.3226529495311183,106.00300025939941,99.4183999633789,0.0784568132601633,3.3655098385193023
2024-10-30,103.54597473144531,104.08000183105467,106.80000305175781,103.63999938964844,106.26000213623047,14321800,49.27911184051618,1.91823436794661,106.2145004272461,99.3402000427246,0.042363579585130484,3.079219984586241
2024-10-31,99.13871002197266,99.6500015258789,102.48999786376953,99.06999969482422,102.19999694824219,19830300,42.92186388821872,1.2261316444353696,106.10600051879882,99.16660003662109,-0.021312101507063974,3.2742687660329755
2024-11-01,99.2182846069336,99.7300033569336,100.61000061035156,99.37000274658203,100.0,13623400,43.06471008087983,0.6762948231424843,105.98000068664551,99.07600006103516,-0.02464544394196977,3.4729250809902026
2024-11-04,101.20802307128906,101.7300033569336,103.79000091552734,101.0,101.5,15765800,46.65870294486902,0.3973480848287778,105.92100067138672,99.05360015869141,-0.011466332360167364,3.5372524222914787
2024-11-05,104.94874572753906,105.48999786376952,105.62000274658203,101.79000091552734,102.0,12071900,52.70331304448061,0.47421446891942765,106.06850051879883,99.1852000427246,0.028769230757783815,3.4492594113767745
2024-11-06,111.25621795654297,111.83000183105467,112.31999969482422,107.0,108.37999725341797,20304500,60.774851490215525,1.0347885681594136,106.57500076293945,99.46460006713868,0.09960673733321634,3.517105891820775
2024-11-07,112.82809448242188,113.41000366210938,113.86000061035156,111.37000274658203,112.55999755859375,13569800,62.49273511138618,1.5882323695494165,106.96100082397462,99.83560012817382,0.07304381722370623,3.8250198822427377
2024-11-08,111.32585144042969,111.9000015258789,114.30000305175781,110.56999969482422,112.13999938964844,13045700,59.79738022617684,1.8832866604029732,107.21000099182129,100.16220016479492,0.04657691210454962,3.9811185279320482
2024-11-11,108.09252166748047,108.6500015258789,111.51000213623047,106.7699966430664,110.94999694824219,14479700,54.36265531665514,1.8337333365942072,107.2255012512207,100.41040023803711,0.002861410360597061,3.9863497141762743
2024-11-12,103.56587219238281,104.0999984741211,105.08999633789062,102.06999969482422,105.0,21859700,47.81119628905254,1.4110490549901868,107.21450119018554,100.72080017089844,-0.002108907413216232,3.9950831960188484
2024-11-13,99.40731811523438,99.91999816894533,103.33999633789062,99.81999969482422,102.80000305175781,18416200,42.717924826889714,0.7303585073947829,106.74850120544434,100.93340011596679,-0.08531673267191864,4.279800308645337
2024-11-14,98.67111206054688,99.18000030517578,102.29000091552734,98.55999755859375,101.29000091552734,18459700,41.867601426937895,0.12969960481966325,106.10500106811523,101.12920013427734,-0.11485945913483953,4.406404181904341
2024-11-15,95.8456802368164,96.33999633789062,98.19999694824219,95.63999938964844,97.55000305175781,18518300,38.68494924641483,-0.5689331806829472,105.36450080871582,101.3284001159668,-0.13324340966869075,4.745346937296253
2024-11-18,97.00968933105469,97.51000213623048,98.06999969482422,95.52999877929688,96.55000305175781,14236400,40.68539371685012,-1.0164776847768877,104.7860008239746,101.55320022583008,-0.10606893564912145,4.968548397845813
2024-11-19,97.22855377197266,97.7300033569336,98.18000030517578,96.51000213623047,97.0,14160300,41.07469248184377,-1.3379842195547695,104.28150100708008,101.77080032348633,-0.0935818620520269,5.153100958363367
2024-11-20,97.86527252197266,98.37000274658205,98.52999877929688,96.52999877929688,97.9800033569336,10490600,42.26189029496789,-1.5235750380035995,103.94750099182129,101.92520034790039,-0.06358876831145388,5.314620530801703
2024-11-21,102.23274230957031,102.76000213623048,103.29000091552734,98.05999755859375,100.0999984741211,18915200,49.74182081921925,-1.3014188898875148,103.74300117492676,102.23620040893555,-0.03827792602993063,5.275603705723532
2024-11-22,102.11335754394531,102.63999938964844,103.70999908447266,101.6500015258789,102.36000061035156,12063700,49.55284119855771,-1.1221068118614,103.47950096130371,102.46460037231445,-0.048837031726572055,5.1873933759268445
2024-11-25,103.94392395019531,104.4800033569336,106.4000015258789,103.80999755859375,103.8499984741211,22837900,52.53079211646671,-0.822051655768476,103.38400115966797,102.8106004333496,-0.017952777927176866,5.148426179531383
2024-11-26,101.27767944335938,101.8000030517578,104.72000122070312,100.30999755859375,104.0,19275700,48.07897990974011,-0.7913867953590739,103.06500129699707,103.0720004272461,-0.05897575555019419,5.031959827207986
2024-11-27,97.69613647460938,98.1999969482422,101.04000091552734,96.63999938964844,100.94000244140625,17046400,42.82839417385076,-1.045522940955692,102.77100105285645,103.28900039672851,-0.056495049763325755,5.140146898926008
2024-11-29,97.44743347167969,97.9499969482422,98.19999694824219,96.0999984741211,97.23999786376953,13729400,42.48143914582028,-1.2526606853296158,102.68600082397461,103.46300033569337,-0.01705975465735654,5.2080809399247805
2024-12-02,98.04435729980469,98.5500030517578,100.08999633789062,97.52999877929688,97.5999984741211,16525600,43.66108119713407,-1.352809021691641,102.62700080871582,103.61600036621094,-0.011831948916642188,5.249846970050231
2024-12-03,99.32772827148438,99.83999633789062,103.68000030517578,99.62999725341797,101.12000274658203,23479700,46.215071787580364,-1.3129507436320154,102.53250045776367,103.74140029907227,-0.01857865877003484,5.283744456425115
2024-12-04,102.67049407958984,103.1999969482422,103.41000366210938,99.80000305175781,100.7699966430664,16306200,52.28275297989344,-0.9987261096412254,102.41800041198731,103.92540023803711,-0.02170822790692095,5.240920517698719
2024-12-05,100.35244750976562,100.87000274658205,104.25,100.61000061035156,103.87999725341797,13448900,48.22026645063465,-0.9270257075342556,101.87000045776367,104.02740036010742,-0.09800589202377252,4.7555073703901165
2024-12-06,100.65089416503906,101.16999816894533,102.19000244140625,100.02999877929688,100.87999725341797,12381000,48.77219606348942,-0.8363545245264703,101.25800018310547,103.85320037841797,-0.10792703551647509,3.903504492735119
2024-12-09,102.29243469238281,102.81999969482422,104.5,100.37000274658203,100.6500015258789,14141900,51.81444765980134,-0.6241606893417071,100.80400009155274,103.75960037231445,-0.08114389371974018,3.031196805533714
2024-12-10,97.5966567993164,98.0999984741211,105.0,97.2699966430664,104.95999908447266,23548500,43.8010552387093,-0.8273233296451536,100.27649993896485,103.64740036010743,-0.09710080905286456,2.4576591925061884
2024-12-11,101.53632354736328,102.05999755859376,102.66000366210938,98.30000305175781,99.5,15248400,50.69119001835316,-0.6611707894731751,100.17449989318848,103.68240036010742,-0.019596550868677176,2.3296185360630766
2024-12-12,97.73593139648438,98.23999786376952,101.9800033569336,97.76000213623047,101.4000015258789,19334900,44.964282731117535,-0.8281889084187384,100.09049987792969,103.6502003479004,-0.016813454122920013,2.3692296646213924
2024-12-13,101.97409057617188,102.5,103.19999694824219,99.66999816894531,100.7699966430664,23926000,51.53945494520686,-0.6097762795352679,100.25649986267089,103.66380035400391,0.03347448764477323,2.4178861618136547
2024-12-16,107.70452117919922,108.26000213623048,111.12999725341797,104.54000091552734,105.61000061035156,42741200,58.72059562068735,0.027781093329551254,100.8525001525879,103.78400039672852,0.12372852658757783,2.8348398099173093
2024-12-17,108.04278564453125,108.5999984741211,110.48999786376953,107.68000030517578,109.75,35811500,59.10581047310655,0.5540974768778426,101.40699996948243,103.89780029296875,0.11373188488291541,3.206835253543653
2024-12-18,103.36689758300781,103.9000015258789,112.04000091552734,102.7300033569336,110.25,63024300,51.89617989935253,0.585210585189742,101.71549987792969,103.92500030517579,0.06313310096195313,3.130355312986387
2024-12-19,86.64315032958984,87.08999633789062,91.0,84.61000061035156,90.08000183105469,91396800,35.30768371214448,-0.7380511892223893,101.15149955749511,103.63280029296875,-0.11466916838205898,4.487024795775209
2024-12-20,89.65760040283203,90.12000274658205,90.25,83.54000091552734,85.41000366210938,49578400,39.08723566055905,-1.5246739919662105,100.51949958801269,103.32140029907227,-0.12300505183808186,5.097226288849322
2024-12-23,89.25965881347656,89.72000122070312,91.0999984741211,88.4000015258789,90.0,26041500,38.76525260285806,-2.155507660089569,99.87349967956543,102.97740036010742,-0.12587683403911176,5.607508729596408
2024-12-24,88.82191467285156,89.27999877929688,89.69999694824219,88.2300033569336,89.58000183105469,13021300,38.39062363844772,-2.6602862824626214,99.11349945068359,102.59620040893554,-0.1454824281131496,5.968731272812146
2024-12-26,89.359130859375,89.81999969482422,90.62999725341797,88.0999984741211,88.5,14468200,39.16761761473129,-2.982374460206131,98.51449928283691,102.30620040893555,-0.11768175832806838,6.2780533323208365
2024-12-27,88.17523956298828,88.62999725341797,89.48999786376953,87.58000183105469,89.0,19422600,38.02939223872049,-3.295664543961152,98.0359992980957,101.89400039672852,-0.09745417507363308,6.656577052924905
2024-12-30,84.98255157470703,85.30999755859375,87.05000305175781,84.58000183105469,86.98999786376953,22022900,34.97558920845087,-3.7684055875847093,97.40399932861328,101.35920028686523,-0.12904542913184125,7.239677180248869
2024-12-31,83.83695983886719,84.16000366210938,86.4000015258789,84.08999633789062,85.44000244140625,18691500,33.95837887972738,-4.187579358945683,96.68449935913085,100.81940032958984,-0.14601723941186373,7.812210686413362
2025-01-02,86.99480438232422,87.33000183105469,87.6500015258789,84.73999786376953,84.9800033569336,18860000,39.20702484116095,-4.215392808968502,96.05899963378906,100.38440032958984,-0.12530043034555105,8.043652433869745
2025-01-03,89.5250473022461,89.87000274658203,90.19999694824219,87.51000213623047,87.94999694824219,17484600,43.10856420824005,-3.986524153372031,95.39249992370605,100.025400390625,-0.12916661430082743,7.972756069776777
2025-01-06,98.87899780273438,99.26000213623048,101.5199966430664,95.4800033569336,95.56999969482422,42903300,54.68640319923645,-3.0127208490624326,95.31199989318849,99.90960037231446,-0.015961143714810833,7.922509167608872
2025-01-07,101.51884460449219,101.91000366210938,106.73999786376953,101.16000366210938,103.41000366210938,53570000,57.325837528803355,-2.004040408019705,95.3490001678467,99.81080047607422,0.007314475699883971,7.952976960780869
2025-01-08,99.02843475341797,99.41000366210938,103.4800033569336,98.30000305175781,102.81999969482422,33516900,54.12294537223108,-1.3903558412993817,95.17850036621095,99.64080047607422,-0.033164715452595916,7.819818008505099
2025-01-10,98.95869445800781,99.33999633789062,100.77999877929688,96.87000274658203,98.12000274658203,20512600,54.031905771021755,-0.8992889634214407,95.24050025939943,99.49980041503906,0.01264014151943793,7.84906141834252
2025-01-13,94.69512939453125,95.05999755859376,96.0,92.87999725341797,95.83999633789062,22699100,48.64463591052863,-0.8457260533080273,94.89050025939943,99.23740036010742,-0.0685871072648343,7.683285261015508
2025-01-14,96.98629760742188,97.36000061035156,97.41000366210938,95.37999725341797,97.05000305175781,18613400,51.446264396574215,-0.6106468796794076,94.84650039672853,99.10300033569337,-0.008957626960031662,7.665593511076122
2025-01-15,102.79391479492188,103.19000244140624,103.93000030517578,99.3499984741211,99.44000244140625,27568100,57.73963034291617,0.04556226999612534,94.88100051879884,99.1738003540039,0.006731731135670493,7.703312065147187
2025-01-16,102.20618438720703,102.5999984741211,104.80000305175781,101.87000274658203,104.31999969482422,16243800,56.935339406187474,0.5121011759699314,94.59800033569337,99.23120025634766,-0.05228157722541926,7.278167719716258
2025-01-17,105.3440933227539,105.75,105.87999725341797,102.5,104.63999938964844,18908900,60.128646393127404,1.1230693730170174,94.45550041198732,99.31160018920899,-0.026243080240928696,7.012649479968366
2025-01-21,108.96016693115234,109.37999725341795,110.23999786376953,105.2300033569336,105.43000030517578,23533600,63.48856502491925,1.8785220789759336,94.72950019836426,99.38940017700196,0.05274298024119006,7.491778964023781
2025-01-22,108.81073760986328,109.2300033569336,110.66999816894531,107.76000213623047,109.16999816894531,20004300,63.25137864306372,2.437027995560669,95.83650054931641,99.33740020751954,0.2542198639341362,7.9266434986772705
2025-01-23,104.43758392333984,104.83999633789062,106.18000030517578,103.3499984741211,104.79000091552734,22677600,56.58799448017103,2.4966314671998617,96.57250022888184,99.16600006103516,0.16333769576884372,8.050343388122728
2025-01-24,102.79391479492188,103.19000244140624,105.72000122070312,102.72000122070312,105.5,19743800,54.27371291509931,2.383254258454599,97.24600028991699,98.99180007934571,0.15013376100573295,8.010240455351772
2025-01-27,90.76029205322266,91.11000061035156,96.0999984741211,88.36000061035156,94.86000061035156,50696200,41.040302254259146,1.303619498601904,97.33750038146972,98.64100006103516,0.020497332617336994,7.924449034687628
2025-01-28,87.91126251220703,88.25,93.44999694824219,88.04000091552734,92.61000061035156,34793600,38.6382444641003,0.21474754975933763,97.25900039672851,98.32400009155273,-0.017479399912697757,8.010150005893117
2025-01-29,88.66835021972656,89.01000213623047,90.44999694824219,87.76000213623047,89.87999725341797,25342800,39.64910212638325,-0.5801775679508978,97.27800064086914,98.10580017089843,0.0042875425317452365,7.98902739647248
2025-01-30,92.14495086669922,92.5,93.16000366210938,90.30000305175781,90.66000366210938,22497100,44.195393949879,-0.9179660491844146,97.63750076293945,97.97220016479493,0.08428088907713205,7.573075582134082
2025-01-31,90.88978576660156,91.23999786376952,94.2699966430664,91.13999938964844,91.6500015258789,20492100,42.93778951552406,-1.2726669835346485,97.99150047302246,97.8702001953125,0.08412540272794344,7.05786907243414
2025-02-03,89.57485961914062,89.91999816894531,91.4000015258789,88.0199966430664,88.6500015258789,18607900,41.6022072117337,-1.641362369481243,98.12100028991699,97.7184001159668,0.029657577963883908,6.873300720635012
2025-02-04,90.31201171875,90.66000366210938,91.44999694824219,88.80000305175781,89.05000305175781,12827500,42.67865541841152,-1.8524895143495996,98.16050033569336,97.57700012207032,0.008790485049332997,6.825491300138514
2025-02-05,93.24073028564453,93.5999984741211,93.6500015258789,90.22000122070312,90.38999938964844,15660000,46.86892185619498,-1.762262027298533,97.87750015258788,97.48160003662109,-0.05702199818957543,6.894493566471902
2025-02-06,94.1771240234375,94.54000091552734,96.61000061035156,93.58000183105469,94.87999725341797,16141100,48.1734242654268,-1.596502268302487,97.50900001525878,97.31720001220702,-0.07231873694183988,6.864511171323081
2025-02-07,91.94573211669922,92.3000030517578,95.93000030517578,91.58999633789062,95.58999633789062,15602800,45.318002152691086,-1.627129041488871,97.1534999847412,97.11040008544921,-0.07152198318509462,6.944520702151589
2025-02-10,95.56178283691406,95.93000030517578,96.26000213623047,93.16999816894531,93.19000244140625,16217900,50.444256734243325,-1.3430091650347151,96.98300018310546,96.93940002441406,-0.03432651659374175,6.929858240313703
2025-02-11,93.71888732910156,94.08000183105467,95.83999633789062,93.55999755859375,94.25,12124000,47.97578778344668,-1.2526814003348932,96.9340003967285,96.785,-0.010309233670398932,6.947613032518743
2025-02-12,91.32809448242188,91.68000030517578,92.63999938964844,87.3499984741211,89.5999984741211,22874700,44.90575657482009,-1.3590893257788395,96.65000038146971,96.65460006713867,-0.058340183541164325,7.044696141329335
2025-02-13,95.2928237915039,95.66000366210938,96.06999969482422,92.0199966430664,92.05999755859375,16579900,50.55627694252384,-1.1094760158068198,96.27350044250487,96.60880020141602,-0.0729721736713067,6.8759709485819025
2025-02-14,99.13800048828125,99.5199966430664,100.69999694824219,98.0,98.41000366210938,21284500,55.34022555962166,-0.593346762894214,96.11950035095214,96.62820007324218,-0.0300195114703784,6.760338643422789
2025-02-18,106.3801040649414,106.79000091552734,107.87999725341797,102.05000305175781,102.63999938964844,29641900,62.66683421330092,0.3977331551441097,96.1715003967285,96.76720016479493,0.009834524023899283,6.841823285824006
2025-02-19,103.95942687988281,104.36000061035156,107.19000244140625,103.62000274658203,105.76000213623047,17875900,59.17251297163842,0.9758415206570419,95.92050056457519,96.79040023803711,-0.045895015259835636,6.410220046452695
2025-02-20,102.7839584350586,103.18000030517578,104.8499984741211,102.33999633789062,103.9800033569336,14488000,57.495939003936364,1.3235236456955306,95.61800041198731,96.83660018920898,-0.05538774023459536,5.8689855883664235
2025-02-21,98.46060943603516,98.83999633789062,103.66000366210938,97.75,103.63999938964844,18650800,51.694451911033674,1.2346301377719442,95.3180004119873,96.7900001525879,-0.05723006685981269,5.515484870519973
2025-02-24,95.04378509521484,95.41000366210938,100.69999694824219,95.27999877929688,100.22000122070312,14883700,47.60606322444216,0.8772967185355895,94.92900047302246,96.64180023193359,-0.07539488899338409,5.19617533119728
2025-02-25,92.86219787597656,93.22000122070312,95.93000030517578,92.76000213623047,95.5,18608200,45.150737140596625,0.4126359050783037,95.03450050354004,96.54420028686523,0.02315882555390769,5.135622940449153
2025-02-26,97.33494567871094,97.70999908447266,99.72000122070312,95.5,96.0,21335200,50.758207434509224,0.40205947449277346,95.50750045776367,96.45720031738281,0.10719545704784883,4.908489440609991
2025-02-27,91.46755981445312,91.81999969482422,99.88999938964844,91.48999786376953,97.83999633789062,22386300,44.352487238268594,-0.08066627826833894,95.64800033569335,96.3288003540039,0.031569458388429616,4.750387664554083
2025-02-28,93.2706069946289,93.62999725341795,94.45999908447266,89.87000274658203,91.0,23359100,46.583413632372796,-0.3135636721589492,95.70450019836426,96.15140029907226,0.012216186523437367,4.717582241741586
2025-03-03,90.19247436523438,90.54000091552734,96.19999694824219,89.38999938964844,95.80999755859375,20281800,43.38562330790688,-0.7389551994872079,95.66950035095215,95.7970002746582,-0.007672040383948087,4.7548968327109025
2025-03-04,90.84993743896484,91.1999969482422,93.58999633789062,86.80000305175781,90.19999694824219,23611500,44.26567755495488,-1.011168761599194,95.73350028991699,95.44900024414062,0.01423486215927161,4.681484241624232
2025-03-05,93.97789764404297,94.33999633789062,95.05000305175781,90.43000030517578,92.1500015258789,14010300,48.37715200310039,-0.962433922921818,95.91749992370606,95.25780014038087,0.04059113751524457,4.541817207115705
2025-03-06,88.9273452758789,89.2699966430664,93.29000091552734,89.02999877929688,90.93000030517578,18708100,42.877138938192516,-1.3177278691529182,95.70099983215331,95.30140014648437,-0.04626070407738159,4.756242482080682
2025-03-07,92.60318756103516,92.95999908447266,93.33999633789062,89.48999786376953,90.29000091552734,19133900,47.550883809931904,-1.2867160611118038,95.62199974060059,95.35820007324219,-0.01671252185058092,4.789546483000918
2025-03-10,86.74575805664062,87.08000183105469,91.37000274658203,85.76000213623047,89.58999633789062,21897900,41.69639817656266,-1.7168152395731937,95.36099967956542,95.30540008544922,-0.056554724248231714,5.111509203400423
2025-03-11,88.70819091796875,89.05000305175781,91.0999984741211,86.06999969482422,87.9000015258789,21962100,44.17623623488011,-1.8770715898264712,95.01699981689453,95.30080017089844,-0.07171893288367648,5.299261115359167
2025-03-12,95.27289581298828,95.63999938964844,96.98999786376953,92.23999786376953,92.47000122070312,23584700,51.59337051152601,-1.4555397166054007,95.09499969482422,95.41720016479492,0.016581606380016378,5.296223493800681
2025-03-13,94.51581573486328,94.87999725341795,98.12000274658203,94.0,94.25,18824700,50.75580825504054,-1.1693193058140565,95.25499954223633,95.54220016479492,0.03490398055835864,5.235615325142708
2025-03-14,100.40312957763672,100.79000091552734,102.77999877929688,98.75,98.75,24623600,56.64935080854481,-0.4602936855008437,95.51149940490723,95.8518002319336,0.053627399718048974,5.380168541180866
2025-03-17,102.7142333984375,103.11000061035156,104.44999694824219,100.95999908447266,101.05999755859375,17095100,58.73704369357401,0.28552743069064945,95.69099960327148,96.23080017089843,0.036073192206395266,5.577222573889206
2025-03-18,101.32955932617188,101.72000122070312,103.30999755859375,100.29000091552734,101.9000015258789,18434100,56.966914091149015,0.7557231979833574,95.43749961853027,96.51860015869141,-0.047476352199253835,5.144637507886732
2025-03-19,101.66825103759766,102.05999755859376,103.5999984741211,100.48999786376953,100.81999969482422,16633100,57.3058407726314,1.1426201799619804,95.32249946594239,96.76240005493165,-0.022039124552569844,4.956975738549147
2025-03-20,102.60466003417969,103.0,104.69000244140625,101.3499984741211,101.58000183105469,29204400,58.28407878157668,1.507709233191747,95.3134994506836,96.83720001220703,-0.0017445270851269568,4.94209968154992
2025-03-21,94.35643005371094,94.72000122070312,98.5,93.69999694824219,98.19999694824219,63239600,47.87778480282309,1.1160530704712528,95.10749969482421,96.69339996337891,-0.041683481078884754,4.872749023370284
2025-03-24,96.56791687011719,96.94000244140624,98.41999816894531,95.33000183105469,96.0999984741211,35406600,50.43310592157229,0.9735755124930847,95.18399963378906,96.64399993896484,0.01603604151106941,4.8897287122204105
2025-03-25,93.81849670410156,94.18000030517578,96.37999725341797,93.25,96.18000030517578,22191700,47.32662263978244,0.6306818079107188,95.2319995880127,96.54080001831055,0.01029820931025105,4.874121435954995
2025-03-26,91.7763671875,92.12999725341795,96.63999938964844,90.97000122070312,96.0,27107200,45.10432967542215,0.19131263001608545,94.95299949645997,96.48220001220703,-0.05710778715933318,4.884504239423235
2025-03-27,90.81008911132812,91.16000366210938,92.20999908447266,89.61000061035156,91.08999633789062,15658700,44.05032163776409,-0.23248108792617472,94.91999969482421,96.35820007324219,-0.007187933292402859,4.908953160663196
2025-03-28,88.10054016113281,88.44000244140625,90.88999938964844,87.5999984741211,90.47000122070312,17118000,41.14666506881871,-0.7788440003538142,94.66049995422364,96.06320007324219,-0.055430897834638615,5.113645611375975
2025-03-31,86.66918182373047,86.88999938964844,87.08999633789062,84.0999984741211,86.0,21089500,39.54689809293563,-1.321677363218214,94.47799987792969,95.74900009155273,-0.040313689959914134,5.329037132715584
2025-04-01,88.48455810546875,88.70999908447266,88.88999938964844,86.25,88.52999877929688,15337100,42.37973009207216,-1.5867271463514356,94.3534999847412,95.40820007324218,-0.027302609068974748,5.437630211162377
2025-04-02,88.37483215332031,88.5999984741211,89.93000030517578,86.69999694824219,87.12999725341797,14520400,42.250861743259456,-1.7850798496735791,94.06650009155274,94.99260009765625,-0.06084373634286566,5.587786693287766
2025-04-03,74.15107727050781,74.33999633789062,83.3499984741211,74.20999908447266,82.91999816894531,44839500,29.65973647794746,-3.0576916269651804,93.32000007629395,94.29479995727539,-0.1672454449043087,7.064466687586103
2025-04-04,64.55552673339844,64.72000122070312,71.33999633789062,63.86000061035156,70.6500015258789,50737700,24.381095414424294,-4.7873136655081225,91.90800018310547,93.49240005493164,-0.30378655488268536,9.53161653567151
2025-04-07,68.19624328613281,68.37000274658203,72.45999908447266,61.540000915527344,63.939998626708984,50181800,29.507365272172663,-5.796706153293513,90.97250022888184,92.79600006103516,-0.21485988391194832,10.85649723928624
2025-04-08,65.37344360351562,65.54000091552734,72.97000122070312,63.52000045776367,71.5999984741211,40822100,27.926599604373834,-6.747236525935506,89.79700012207032,92.28460006713867,-0.2640089986584946,12.257945070617843
2025-04-09,77.67210388183594,77.87000274658203,78.55999755859375,63.70000076293945,66.19999694824219,63132600,42.40399753530137,-6.43147258036079,88.90850028991699,92.07700012207032,-0.1858008862031605,12.45457243587914
2025-04-10,69.87197875976562,70.05000305175781,73.05000305175781,67.5,72.5,44882300,37.288180850186365,-6.734603680362454,87.66700057983398,91.69780014038086,-0.2616989346589138,13.051252870176402
2025-04-11,69.37325286865234,69.55000305175781,70.16999816894531,66.83000183105469,69.04000091552734,30807800,36.98097149204607,-6.935237976029157,86.10500068664551,91.23880020141601,-0.3099513600555669,13.265674772925772
2025-04-14,70.83950805664062,71.0199966430664,74.77999877929688,69.97000122070312,74.66999816894531,32634700,38.58304214836931,-6.896131590979536,84.50050048828125,90.83440017700195,-0.31122106272263494,13.039380279305062
2025-04-15,70.85946655273438,71.04000091552734,72.80000305175781,70.55000305175781,71.12000274658203,19132700,38.60591543083675,-6.785308508696147,82.96650047302246,90.4568002319336,-0.3016122683542739,12.707424364553686
2025-04-16,69.15380859375,69.33000183105469,70.44999694824219,67.16999816894531,67.93000030517578,28475000,37.32620465928166,-6.757566037763155,81.3300006866455,90.0302001953125,-0.320693675391756,12.217166263899713
2025-04-17,68.62515258789062,68.80000305175781,70.4800033569336,67.0,70.44000244140625,20694100,36.91773789277226,-6.701100288938889,79.6200008392334,89.53420028686523,-0.33203880532273966,11.38987052235015
2025-04-21,66.57038879394531,66.73999786376953,68.0,65.6500015258789,67.76000213623047,19826100,35.300756454574056,-6.744825825067807,78.22100067138672,88.97820022583008,-0.2953969910931331,11.153461335617024
2025-04-22,70.03157806396484,70.20999908447266,70.4000015258789,67.44000244140625,67.54000091552734,20351200,40.06299338726221,-6.425410397590568,76.88450050354004,88.53640014648437,-0.27573759731530934,10.366049749373957
2025-04-23,72.74465942382812,72.93000030517578,75.4000015258789,72.5,73.69000244140625,26385500,43.569311381671895,-5.884951940820514,75.82200050354004,88.07640014648437,-0.22563176822194364,9.557500207618407
2025-04-24,77.2232437133789,77.41999816894531,77.58999633789062,73.5999984741211,74.56999969482422,23875600,48.88507541270883,-5.036274380818824,75.08650054931641,87.74320007324219,-0.15966568460878694,8.77002679298925
2025-04-25,79.5772476196289,79.77999877929688,80.30000305175781,76.9000015258789,77.55000305175781,19746200,51.47262006089121,-4.125700467389805,74.51750030517579,87.50520004272461,-0.1248355026947261,8.008384510217876
2025-04-28,78.3603515625,78.55999755859375,79.61000061035156,76.91999816894531,78.7699966430664,16882400,50.061775369474525,-3.4625933623104572,74.02350006103515,87.1631999206543,-0.11171420861683323,7.384818068858994
2025-04-29,76.68462371826172,76.87999725341797,78.19000244140625,76.47000122070312,77.94000244140625,17098000,48.10635920200514,-3.0376223685750148,73.52299995422364,86.71039993286132,-0.11520315578944518,6.781468496421903
2025-04-30,76.75444030761719,76.94999694824219,77.1500015258789,73.5,73.62000274658203,19779300,48.197153390032604,-2.664467085935044,72.93499984741212,86.11359985351562,-0.1325668161154212,5.839802032035291
2025-05-01,77.57235717773438,77.7699966430664,79.88999938964844,77.63999938964844,79.4000015258789,15349200,49.315865073150626,-2.2763315801663566,72.39349975585938,85.58179977416992,-0.12223478575135627,4.70208818533158
2025-05-02,80.5148696899414,80.72000122070312,81.66999816894531,79.0999984741211,79.58000183105469,18899700,53.22908367610465,-1.7109677095655655,72.7125,85.13259979248046,0.08582196929112107,5.045005802171904
2025-05-05,80.21562957763672,80.41999816894531,81.1500015258789,79.05000305175781,79.41000366210938,12513600,52.78276824703243,-1.27245246795799,73.49749984741212,84.76419982910156,0.24258338461248297,4.956604224952464
2025-05-06,80.30540466308594,80.51000213623047,81.22000122070312,78.54000091552734,79.04000091552734,13173800,52.91033549041001,-0.9072057089896219,74.10449981689453,84.46619979858399,0.17756324267890045,5.038303630484697
2025-05-07,82.41004943847656,82.62000274658203,82.87000274658203,80.19999694824219,80.98999786376953,14889700,55.917197232365076,-0.4423860547386056,74.95849990844727,84.25419982910157,0.2606042354663469,4.957091632317832
2025-05-08,84.93360900878906,85.1500015258789,86.20999908447266,83.36000061035156,84.25,17580500,59.27511562319369,0.1286535890172189,75.3224998474121,84.00299987792968,0.09348912960731104,5.42713614942266
2025-05-09,85.64179992675781,85.86000061035156,86.2699966430664,84.68000030517578,85.56999969482422,13017600,60.19154380099242,0.6312212871426368,76.1129997253418,83.88379989624023,0.22569588679264196,5.7599535251764955
2025-05-12,92.05545806884766,92.29000091552734,94.19999694824219,91.94999694824219,92.80999755859375,27765300,67.35595400130238,1.5307120004783599,77.24999961853027,83.85699996948242,0.32695897722458556,6.581998155492629
2025-05-13,96.68367004394531,96.93000030517578,97.41000366210938,92.55000305175781,92.55000305175781,28009100,71.36138077383447,2.588139581890232,78.54549980163574,83.98479995727538,0.36482687815839165,7.739353876617678
2025-05-14,95.07776641845703,95.31999969482422,97.6500015258789,94.31999969482422,96.30000305175781,28044400,68.23291408345116,3.2586809194140613,79.75949974060059,84.06720001220702,0.34177925769128126,8.378009392463447
2025-05-15,95.20743560791016,95.4499969482422,95.61000061035156,92.16999816894531,94.01000213623047,24196100,68.35355262363481,3.7572680055596237,81.06549949645996,84.08940002441406,0.3767488017790257,8.696443177818866
2025-05-16,97.75094604492188,98.0,98.19000244140625,95.69999694824219,95.9000015258789,22609300,70.70378806612942,4.308500091363086,82.52549934387207,84.26400009155273,0.42441854146830793,8.975514259232863
2025-05-19,98.39929962158203,98.6500015258789,99.0199966430664,95.69999694824219,95.70999908447266,14380100,71.28910554067966,4.743129339098431,84.12099952697754,84.37780014038086,0.4781241337053148,8.85717777639191
2025-05-20,97.85069274902344,98.0999984741211,98.62999725341797,96.97000122070312,97.91999816894531,12331300,70.01442039249353,4.985723186168556,85.51549949645997,84.59820007324218,0.39723685733271097,8.746566965762407
2025-05-21,95.596435546875,95.83999633789062,98.81999969482422,95.26000213623047,97.16000366210938,15764300,64.88079300493145,4.938687161624827,86.6609992980957,84.73399993896484,0.314136787835567,8.508519845514336
2025-05-22,94.5890121459961,94.83000183105467,97.22000122070312,94.37000274658203,95.41000366210938,13245200,62.66929525582396,4.764984877899963,87.53149948120117,84.71779998779297,0.22487734530963666,8.403271225219758
2025-05-23,93.13272094726562,93.37000274658205,93.83999633789062,90.93000030517578,92.26000213623047,16545000,59.51146177313043,4.458124359663003,88.21099967956543,84.68760009765624,0.17034349680651806,8.29220409168257
2025-05-27,96.13506317138672,96.37999725341795,96.69999694824219,94.19000244140625,95.18000030517578,17612600,63.58534365638967,4.407015260624789,89.10199966430665,84.59940002441407,0.22683299705468052,8.156900163376907
2025-05-28,95.9355697631836,96.18000030517578,97.20999908447266,95.5999984741211,96.69999694824219,10500300,63.13081623495515,4.3007959505712705,90.06699981689454,84.46080001831055,0.2510406313899778,7.767210531869001
2025-05-29,96.55399322509766,96.8000030517578,99.62999725341797,96.11000061035156,98.58999633789062,14628700,63.99018368554794,4.218022682301452,91.05950012207032,84.36240005493164,0.25795980364842697,7.254175061627876
2025-05-30,94.2199478149414,94.45999908447266,96.61000061035156,92.22000122070312,96.04000091552734,23758200,58.45252345218051,3.918436213391516,91.89400024414063,84.21040008544922,0.21460721565935992,6.572921893208911
2025-06-02,97.93048858642578,98.18000030517578,99.23999786376953,94.4000015258789,94.58000183105469,16850300,63.813788070299594,3.9358151603313587,92.76700019836426,84.11400009155274,0.2163032559518161,6.157048619096081
2025-06-03,101.99015045166016,102.25,102.93000030517578,96.95999908447266,98.36000061035156,22757600,68.58945510924872,4.22925089030916,93.85850028991699,84.26460006713867,0.2714499170367364,5.776208387526562
2025-06-04,102.98760986328125,103.25,103.91000366210938,101.69999694824219,102.37999725341797,14595900,69.64931798211364,4.490726167182828,94.99550018310546,84.39080001831054,0.2824493511413815,5.221864821618236
2025-06-05,106.01988220214844,106.29000091552734,109.02999877929688,105.52999877929688,106.30000305175781,28833700,72.66854242963142,4.886916543554037,96.17900009155274,84.63300003051758,0.28649234304128046,4.944369160002137
2025-06-06,108.28411102294922,108.55999755859376,111.05000305175781,108.04000091552734,108.08000183105469,20710100,74.69297891434866,5.322713105758382,97.34949989318848,84.96160003662109,0.2749265485990633,4.966931884827952
2025-06-09,110.66803741455078,110.9499969482422,112.52999877929688,108.58000183105469,109.51000213623047,20159700,76.65370359746245,5.794146681522818,98.603999710083,85.35739990234374,0.2922198481194247,5.079511814422769
2025-06-10,113.84992980957031,114.13999938964844,114.91999816894531,111.2300033569336,111.52999877929688,22949400,78.99315645851583,6.351946439267849,99.69649963378906,85.87139984130859,0.23675369224581888,5.928774386454998
2025-06-11,115.7351303100586,116.02999877929688,117.26000213623047,114.7300033569336,115.5999984741211,21614100,80.25555522438324,6.867351369561206,100.65149955749511,86.45419982910157,0.19704940074266375,6.915832816994475
2025-06-12,115.88475036621094,116.18000030517578,116.4800033569336,113.5199966430664,114.11000061035156,17076500,80.35645133008305,7.20486417035049,101.69449958801269,87.00359985351562,0.2188418031592192,7.6078165859775
2025-06-13,115.30622100830078,115.5999984741211,117.0999984741211,113.66000366210938,113.80000305175781,17453000,78.68218606572168,7.340922609855113,102.70199966430664,87.54359985351563,0.21110531346381545,8.05823066935598
2025-06-16,119.53544616699219,119.83999633789062,120.95999908447266,117.31999969482422,117.80999755859375,21374100,81.68620593345638,7.702097312447407,103.79399948120117,88.45359985351563,0.22285710548867987,8.830328735697245
2025-06-17,120.03417205810547,120.33999633789062,123.51000213623047,119.3499984741211,119.5999984741211,20837700,82.00818246763986,7.937181796672746,104.87849922180176,89.56599975585938,0.21986816499259532,9.473802963683042
2025-06-18,121.51041412353516,121.81999969482422,122.9800033569336,120.18000030517578,120.45999908447266,20180000,82.96299169931275,8.148975528779346,106.06449928283692,90.63499969482422,0.2417941038700473,10.047886272337445
2025-06-20,123.285888671875,123.5999984741211,124.16000366210938,120.37999725341797,122.7699966430664,29290400,84.05872842777678,8.364039175601306,107.45249938964844,91.7961996459961,0.2896494490500672,10.469662282244647
2025-06-23,121.7697525024414,122.08000183105467,124.51000213623047,119.80999755859375,123.66999816894531,23399200,79.36467800428319,8.315966355566474,108.81499938964843,92.68039962768555,0.28735631629057123,10.51357767700395
2025-06-24,127.5849380493164,127.91000366210938,128.10000610351562,124.95999908447266,125.11000061035156,26420600,83.23233729547366,8.648604989007197,110.5419994354248,93.83759963989257,0.36992609938411647,10.67853646471392
2025-06-25,126.92662048339844,127.25,127.5,125.62000274658203,126.61000061035156,39407000,81.37291024236129,8.758009837158497,112.0854995727539,94.99159957885742,0.32029470456835174,10.754530998901334
2025-06-26,125.6797866821289,126.0,129.85000610351562,123.79000091552734,129.52999877929688,62678100,77.82670357670392,8.64420440665414,113.57649955749511,96.0911996459961,0.31004366396554794,10.497382127838037
2025-06-27,124.44294738769531,124.76000213623048,127.54000091552734,123.38999938964844,125.13999938964844,36888600,74.36455437100851,8.357613947392423,114.97449951171875,97.16559967041016,0.2888429566424995,9.99536054666997
2025-06-30,122.93678283691406,123.25,125.08000183105469,121.8499984741211,124.9000015258789,22799700,70.2653491497142,7.917377788130324,116.41399955749512,98.24399963378906,0.3047851068660432,8.89835404536579
2025-07-01,120.58277130126953,120.88999938964844,123.98999786376953,119.08000183105469,122.3499984741211,24825800,64.29964774647917,7.293974733886898,117.54949951171875,99.28579956054688,0.2313098290271185,7.83447856209939
2025-07-02,121.43061828613281,121.73999786376952,123.0,118.05999755859375,120.5,29303800,65.43783053256107,6.790237464436487,118.52399940490723,100.38579956054687,0.19061122605153558,6.998851871079258
2025-07-03,121.97921752929688,122.29000091552734,123.62999725341797,121.83000183105469,122.33000183105469,13247900,66.18898517280645,6.362064776381246,119.47599945068359,101.42739959716796,0.18440678852810977,6.041332419114414
2025-07-07,119.72782897949219,119.91999816894533,121.51000213623047,118.91000366210938,121.18000030517578,19148400,60.125079256727325,5.76503963329003,120.15749931335449,102.36719955444336,0.12823404963793594,5.183445241205209
2025-07-08,124.22061920166016,124.41999816894533,125.44999694824219,121.94999694824219,122.44999694824219,26238200,66.41640611887739,5.590560793166844,120.95049934387207,103.30719955444336,0.14609433462626376,4.481446285444198
2025-07-09,122.04412078857422,122.23999786376952,126.1500015258789,121.27999877929688,124.81999969482422,20464000,61.36521930250212,5.2162475944447095,121.51499938964844,104.15639953613281,0.10175755949586973,3.8172972500621167
2025-07-10,122.9127197265625,123.11000061035156,124.3499984741211,122.0199966430664,124.27999877929688,15378400,62.588079514569166,4.932939779282108,121.9634994506836,105.04739959716797,0.07858771043165635,3.4104619644665046
2025-07-11,124.33045196533203,124.52999877929688,124.80999755859375,121.23999786376953,122.12999725341797,15820600,64.55980439885874,4.768035336101548,122.3884994506836,106.00039962768555,0.07325691708545157,3.15195640162216
2025-07-14,118.41992950439453,118.61000061035156,120.44000244140625,117.0199966430664,120.37999725341797,32117700,52.20658690756765,4.112249547071556,122.50999946594239,106.83359970092773,0.020915822850686716,2.9397287806268797
2025-07-15,119.91753387451172,120.11000061035156,121.38999938964844,119.12000274658203,120.94000244140625,24958900,54.57816239098143,3.6712521391754365,122.73549957275391,107.68039978027343,0.039013859824921227,2.5255846181543786
2025-07-16,116.24342346191406,116.43000030517578,119.08999633789062,114.80999755859375,119.02999877929688,30614800,48.25219100308235,2.990342440391828,122.56499977111817,108.3945997619629,-0.028454573906196656,2.8283057415766035
2025-07-17,113.07850646972656,113.26000213623048,114.19999694824219,110.94999694824219,113.93000030517578,34702400,43.56763787798126,2.1699108573219235,122.21100006103515,109.0513998413086,-0.058833259241432345,3.487669850996728
2025-07-18,114.20669555664062,114.38999938964844,114.80000305175781,113.27999877929688,114.23999786376953,19349900,45.59527759149839,1.592536482171468,121.83950004577636,109.72899978637696,-0.0609916296485713,3.9025491250165736
2025-07-21,113.04855346679688,113.2300033569336,115.91999816894531,112.66999816894531,113.58999633789062,22189800,43.85335371938033,1.0294937812852254,121.321000289917,110.34119979858399,-0.08389963790621513,4.322615816065216
2025-07-22,109.04498291015625,109.22000122070312,113.0,108.12999725341797,112.86000061035156,27917600,38.39285291527245,0.2567451269167975,120.67800025939941,110.82259979248047,-0.10534076357689093,5.091811055748414
2025-07-23,109.65400695800781,109.83000183105467,110.29000091552734,108.87999725341797,109.44000244140625,17810000,39.6244290457687,-0.30294958353658785,119.77400016784668,111.30199981689454,-0.14134939655552925,5.339215052181558
2025-07-24,111.55095672607422,111.7300033569336,112.7300033569336,110.25,111.05999755859375,20293100,43.41856170645322,-0.5864373451204301,118.99800033569336,111.69079986572265,-0.12196461016162208,5.323280184390551
2025-07-25,111.08171844482422,111.26000213623048,111.5,108.83000183105469,110.98999786376953,16372300,42.70366041202408,-0.8393530694359725,118.26100044250488,111.97739990234375,-0.11698411002991682,5.323207217328342
2025-07-28,111.07173156738281,111.25,112.0,109.86000061035156,111.72000122070312,12932300,42.687552087724185,-1.028739028762132,117.58550033569335,112.29599990844727,-0.10828792806109744,5.312276064865013
2025-07-29,111.78058624267578,111.95999908447266,113.54000091552734,110.66999816894531,112.05000305175781,16653300,44.293893203526686,-1.1087567163245637,117.021000289917,112.62619995117187,-0.09160244150529284,5.278415654662499
2025-07-30,114.5561294555664,114.73999786376952,114.88999938964844,112.41000366210938,112.5999984741211,16378800,50.181647505601475,-0.9370469482164623,116.71350021362305,112.96099990844726,-0.050872707063687295,5.219974071019925
2025-07-31,108.96509552001953,109.13999938964844,112.2699966430664,106.94000244140625,112.19000244140625,29224300,40.82183093737778,-1.238561430418173,116.083500289917,113.17079986572266,-0.1034992500018016,5.340356260374514
2025-08-01,104.7119369506836,104.87999725341795,106.5,103.37999725341797,105.48999786376953,24003300,35.410964977783806,-1.8005052956553556,115.21300010681152,113.30639984130859,-0.14236653472703353,5.683360355431434
2025-08-04,107.59730529785156,107.7699966430664,107.87999725341797,105.45999908447266,106.0199966430664,14780600,41.11343648437932,-1.9897148650212841,114.60550003051758,113.54499984741211,-0.10131755930117503,5.801871098436337
2025-08-05,108.8852310180664,109.05999755859376,110.63999938964844,106.83000183105469,109.30000305175781,17836000,43.51086784165844,-2.0123751114052766,113.8375,113.8295997619629,-0.12345282781225242,5.439641046758173
2025-08-06,108.60568237304688,108.77999877929688,108.95999908447266,106.75,107.9000015258789,13021900,43.10069673516443,-2.0295319009502606,113.16450004577636,114.13779968261719,-0.11011125097918562,5.171388743100206
2025-08-07,111.69073486328125,111.87000274658205,115.27999877929688,110.79000091552734,114.13999938964844,18986500,48.83318631681359,-1.773349218434845,112.6025001525879,114.44759979248047,-0.09130044519571234,4.614438628637524
2025-08-08,118.69947814941406,118.88999938964844,119.33000183105469,111.66999816894531,112.16999816894531,28962200,58.951276253006405,-0.992427450425339,112.32050018310547,114.90179977416992,-0.04529028703874116,3.975217814634147
2025-08-11,123.52174377441406,123.72000122070312,127.27999877929688,121.6500015258789,124.97000122070312,35065800,64.19720269384679,0.016014849500152195,112.57600021362305,115.44019973754882,0.04308237571921558,4.52670427208816
2025-08-12,127.5452880859375,127.75,128.5500030517578,123.04000091552734,124.69999694824219,25961200,67.88504359734964,1.1274038492204284,112.95800018310547,116.10599975585937,0.06360835359940875,5.428485335791952
2025-08-13,124.07085418701172,124.2699966430664,128.60000610351562,123.3499984741211,127.58000183105469,18438200,61.9508474102744,1.707695204012623,113.35,116.6277996826172,0.06733656546715738,5.950381720222777
2025-08-14,125.08922576904297,125.29000091552734,125.73999786376953,121.4000015258789,123.19999694824219,12235900,62.97253653910574,2.224246376037442,113.95149993896484,117.08859970092773,0.10621577390425108,6.521435458816554
2025-08-15,120.67630767822266,120.87000274658205,123.37999725341797,119.44000244140625,123.16999816894531,18986700,55.96027070000241,2.251011726670498,114.27550010681152,117.44099975585938,0.056648338067217585,6.702816240727138
2025-08-18,123.35202026367188,123.5500030517578,123.68000030517578,120.66000366210938,121.3499984741211,12208800,58.94542114728666,2.4601183735717314,114.79150009155273,117.78619979858398,0.09114191812122963,7.008361124283178
2025-08-19,121.85441589355469,122.0500030517578,124.23999786376953,121.30999755859375,122.94000244140625,11491200,56.63164234215679,2.4762547109037882,115.43300018310546,118.05599990844726,0.11746934341383874,7.058549148392215
2025-08-20,117.02217102050781,117.20999908447266,118.91000366210938,113.45999908447266,118.69999694824219,25795000,49.83429828583171,2.074580530957107,115.80200004577637,118.18119995117188,0.0671947294034485,6.942167574871916
2025-08-21,115.60444641113281,115.79000091552734,117.7300033569336,115.61000061035156,117.0,13174900,48.01346616561744,1.6229603875393508,116.00499992370605,118.21419998168945,0.03633757662768211,6.87587288258103
2025-08-22,117.49142456054688,117.68000030517578,120.69999694824219,116.51000213623047,117.6500015258789,17038300,50.600616415085504,1.4014008488502157,116.32599983215331,118.24720001220703,0.05770266084557907,6.792041525123996
2025-08-25,116.23344421386719,116.41999816894533,118.08000183105469,116.0999984741211,117.68000030517578,8674800,48.85505708363894,1.1113309447209758,116.58449974060059,118.25199996948243,0.046471893653441176,6.686244130338054
2025-08-26,116.31331634521484,116.5,118.36000061035156,115.80999755859375,116.08999633789062,12584300,48.97541415871298,0.8777853716585895,116.81149978637696,118.27,0.04055020500761142,6.597455268235936
2025-08-27,117.56131744384766,117.75,118.7300033569336,116.44000244140625,116.8499984741211,15349300,50.918885375125456,0.784519918442669,116.96199989318848,118.22820007324219,0.026233242045239136,6.582027207734183
2025-08-28,121.80450439453125,122.0,122.56999969482422,118.7300033569336,118.87999725341797,17295500,56.92613971801502,1.0415396355134732,117.60499992370606,118.26140014648438,0.11783031594529492,6.403400961157295
2025-08-29,118.81929779052734,119.01000213623048,122.7699966430664,118.05999755859375,122.5999984741211,16774000,52.09525775999581,0.9925206140515712,118.31150016784667,118.2052001953125,0.13472545054201968,5.662121695863537
2025-09-02,118.29014587402344,118.4800033569336,118.55999755859375,114.25,115.86000061035156,13771900,51.26479042999512,0.900525516676808,118.84700050354004,118.10280029296875,0.09937837104457437,5.0902523174346666
2025-09-03,118.52975463867188,118.72000122070312,119.44000244140625,117.30000305175781,119.36000061035156,14101300,51.64073278925489,0.8373323153684851,119.3300006866455,118.03560028076171,0.08857513183896248,4.541432785063197
2025-09-04,124.01095581054688,124.20999908447266,124.41000366210938,118.5199966430664,118.8499984741211,18589100,59.36307054117682,1.216228271392069,120.1015007019043,117.96160018920898,0.14184593195741457,3.923446536230651
2025-09-05,131.1594696044922,131.3699951171875,131.41000366210938,125.66000366210938,127.7699966430664,28416000,66.80754082151252,2.0703917008420376,121.07650032043458,118.04400009155273,0.1743093938665452,4.1844583652937715
2025-09-08,131.24935913085938,131.4600067138672,132.25999450683594,128.39999389648438,130.5500030517578,19492600,66.88966043891458,2.7231942678004515,121.7050006866455,118.15320022583008,0.10572804599840202,4.745193185032227
2025-09-09,135.02330017089844,135.24000549316406,138.0,131.55999755859375,131.75999450683594,20705000,70.22152830385367,3.5051540816542257,122.28100090026855,118.36280029296876,0.09311351567084536,5.621017476450166
2025-09-10,139.77566528320312,140.0,142.24000549316406,138.33999633789062,140.02000427246094,25791300,73.7972990772918,4.4575705451145495,122.89350090026855,118.69780029296875,0.09589041095890405,6.793459567012464
2025-09-11,150.32872009277344,150.57000732421875,156.25999450683594,147.61000061035156,147.72000122070312,52446400,79.64297877049651,5.996158722747765,124.20850143432617,119.29140045166015,0.2116360456393378,9.194908499867049
2025-09-12,156.97804260253906,157.22999572753906,158.27999877929688,153.2100067138672,153.5500030517578,32288300,82.31947684155344,7.664554133719605,125.80550117492676,120.00120040893555,0.2549285224568416,11.797907452499045
2025-09-15,157.51718139648438,157.77000427246094,160.33999633789062,156.5500030517578,156.9600067138672,20101400,82.52015592183454,8.927433793948069,127.6505012512207,120.71080047607421,0.305286677317647,13.714977584651784
2025-09-16,158.5655059814453,158.82000732421875,159.55999755859375,157.1699981689453,157.97999572753906,16911600,82.92596136042107,9.898893215133967,129.41400146484375,121.48880065917969,0.28547149657038506,15.332176273040993
2025-09-17,159.73362731933594,159.99000549316406,160.58999633789062,155.25999450683594,157.41000366210938,18843600,83.38872847581862,10.640533433641224,131.31100158691407,122.20020080566407,0.310856218703387,16.662482781660735
2025-09-18,168.61935424804688,168.88999938964844,170.4499969482422,162.60000610351562,162.99000549316406,28212800,86.4068433294307,11.810301967705328,133.89500160217284,123.13320083618164,0.44091801645634576,18.288520988861602
2025-09-19,162.46922302246094,162.72999572753906,163.6999969482422,159.3800048828125,162.75,37309900,76.1006727447322,12.100800647072134,136.24200134277345,123.92560073852539,0.40538901840285857,18.846230503932134
2025-09-22,164.356201171875,164.6199951171875,167.25999450683594,161.58999633789062,164.3800048828125,25851200,77.00684975736002,12.341267647493027,138.58900108337403,124.7274006652832,0.3988782689521051,19.3295821454453
2025-09-23,166.14332580566406,166.41000366210938,168.99000549316406,165.22999572753906,165.67999267578125,43316500,77.86295116603227,12.531819196734034,141.08850135803223,125.68340072631835,0.42939362892464583,19.542956241166173
2025-09-24,161.4508819580078,161.7100067138672,166.0,158.3000030517578,165.0800018310547,57096400,70.44623472510725,12.163370435205707,143.3490016937256,126.51540084838867,0.38806872715765817,19.16008801621359
2025-09-25,156.57870483398438,156.8300018310547,158.9499969482422,154.64999389648438,157.38999938964844,32209200,63.66528017542737,11.346797706203262,145.30300178527833,127.32340087890626,0.33188961215333057,18.389265508390505
2025-09-26,157.0179901123047,157.27000427246094,158.9199981689453,155.17999267578125,158.52000427246094,24045000,64.00174065720189,10.612824421470776,147.06650199890137,128.20360092163085,0.2890983956759092,17.715763466885587
2025-09-29,163.63734436035156,163.89999389648438,165.8000030517578,159.97000122070312,160.0,26506500,68.70434780095667,10.445718320289359,149.31100158691407,129.19380081176757,0.37719511767480207,16.79373461801861
2025-09-30,167.0518798828125,167.32000732421875,168.9499969482422,163.9600067138672,164.11000061035156,20092500,70.8218078434227,10.468576795703939,151.75300178527831,130.27560089111327,0.41222149378363415,15.58181710638752
2025-10-01,181.85809326171875,182.1499938964844,182.38999938964844,165.5,165.60000610351562,41674800,77.82740758594979,11.550204709036223,154.92450141906738,131.7342007446289,0.5342822778266614,14.946742766038462
2025-10-02,183.45555114746094,183.75,186.17999267578125,181.2100067138672,184.9600067138672,25122200,78.42916232107804,12.39364353589852,157.90150146484376,133.2126007080078,0.47934949967301277,14.427633201776061
2025-10-03,187.64645385742188,187.8300018310547,191.85000610351562,184.9199981689453,185.2100067138672,29399300,79.92531265786255,13.238689560152324,160.7245018005371,134.73460067749022,0.4297785553200524,14.486623745777765
2025-10-06,190.7733917236328,190.9600067138672,201.0,189.42999267578125,195.00999450683594,36392300,81.01330760577689,13.999581398180624,163.69950180053712,136.32860076904296,0.45260913556399185,14.268378117857996
2025-10-07,185.508544921875,185.69000244140625,195.3000030517578,183.24000549316406,194.85000610351562,27828200,73.76435479743407,14.015783136745142,166.2220016479492,137.8174008178711,0.3730404828384326,13.405664056132998
2025-10-08,196.34793090820312,196.5399932861328,196.9499969482422,188.8000030517578,188.99000549316406,26833900,78.10760853173093,14.734279117402139,169.04900131225585,139.50900070190428,0.40385709490094857,13.545777068577044
2025-10-09,192.1420440673828,192.3300018310547,196.6199951171875,189.5,192.97000122070312,19721500,73.05397407714494,14.793451531843374,171.13700103759766,141.06080078125,0.27734603490398424,13.764199100576736
2025-10-10,181.4225311279297,181.6000061035156,193.44000244140625,179.61000061035156,192.9600067138672,26990300,62.03695772785064,13.815271268233346,172.3555015563965,142.51000091552734,0.15499593613299378,13.54521700153582
2025-10-13,192.5816192626953,192.7700042724609,193.39999389648438,187.99000549316406,190.7899932861328,20928400,67.5270552349201,13.782505715996223,174.1055015563965,144.2678010559082,0.22184191577732815,13.819799600344062
2025-10-14,186.87718200683594,187.05999755859372,192.4600067138672,186.25,186.9600067138672,15912400,62.547429359941646,13.14426999600343,175.51750106811522,145.85360107421874,0.1778112890822705,13.617032946792976
2025-10-15,191.75242614746094,191.94000244140625,192.8800048828125,187.4199981689453,192.47999572753906,17793100,64.92782899415869,12.88372365337301,177.11500091552733,147.511201171875,0.19969995531756712,13.573587852270606
2025-10-16,202.33209228515625,202.52999877929688,206.33999633789062,195.1999969482422,199.9600067138672,42041300,69.46355630781756,13.377554874524236,178.79700088500977,149.386201171875,0.1991828972184264,14.549900424421047
2025-10-17,202.18223571777344,202.3800048828125,203.38999938964844,195.5500030517578,199.27999877929688,23283100,69.32679983186428,13.600043584543954,180.77950134277344,151.1964012145996,0.24365519692915094,14.941457172614383
2025-10-20,206.5679473876953,206.7700042724609,214.75,205.5,209.66000366210938,23268400,71.11896952122004,13.96957123077587,182.88700180053712,152.95400131225585,0.25604428626831277,15.504228869424116
2025-10-21,202.09230041503906,202.2899932861328,205.8699951171875,200.83999633789062,204.3000030517578,13717300,66.82779225345372,13.742510006198899,184.68100128173828,154.52540115356445,0.21561197544876398,15.573014906088028
2025-10-22,198.2760467529297,198.47000122070312,205.5800018310547,192.39999389648438,202.25,21949800,63.31949404720844,13.103274522963886,186.51900100708008,155.93980117797852,0.22732046862059563,14.872726964962354
2025-10-23,206.50799560546875,206.7100067138672,209.0,195.1999969482422,196.6999969482422,19397900,67.30652981446025,13.110446311645092,189.01300125122071,157.58860137939453,0.3180514206493843,13.773738236479451
2025-10-24,218.8059844970703,219.0200042724609,219.82000732421875,209.97999572753906,212.38999938964844,25821800,72.17283103742335,13.948652546064977,192.1005012512207,159.4632014465332,0.39263685586872477,13.192403482501524
2025-10-27,219.88491821289062,220.1000061035156,224.97999572753906,215.74000549316406,224.80999755859375,23873100,72.55874732548905,14.532561821138302,194.91050186157227,161.44780151367186,0.3428920945691183,12.85041934921496
2025-10-28,221.69314575195312,221.91000366210935,222.89999389648438,217.55999755859375,218.92999267578125,14957500,73.22883184746262,14.968814627409614,197.6400016784668,163.4150015258789,0.32626102048938277,12.473691462256458
2025-10-29,226.40853881835938,226.6300048828125,232.39999389648438,226.10000610351562,229.05999755859375,23217300,74.94688350116205,15.51654766842006,199.8640022277832,165.5066015625,0.24419441381703266,13.490392236213184
2025-10-30,223.7910919189453,224.00999450683597,227.39999389648438,220.74000549316406,226.10000610351562,14795100,72.17791011423323,15.559852811089144,201.877001953125,167.64260147094726,0.21910201092155623,13.955092427439673
2025-10-31,223.55133056640625,223.7700042724609,231.25,218.82000732421875,227.75,16320000,71.91581143630034,15.39731656159384,203.67400207519532,169.80220153808594,0.19134324703746075,14.359205075967083
2025-11-03,234.4706573486328,234.6999969482422,237.6199951171875,231.8000030517578,233.8800048828125,21199300,76.16151910524343,15.966413598814029,205.86100158691406,172.14260147094726,0.22905314566685475,15.598339959565207
2025-11-04,217.81692504882812,218.02999877929688,228.6699981689453,217.39999389648438,222.13999938964844,23696200,61.01186064294713,14.90053349086486,207.4780014038086,174.17480148315428,0.17416121445792632,15.06438375138808
2025-11-05,237.26791381835938,237.5,239.8800048828125,224.72999572753906,225.6699981689453,28617400,68.81440704774005,15.448798079269977,209.52600173950196,176.5948014831543,0.20840545493575724,16.237662148617076
2025-11-06,238.09710693359375,238.3300018310547,246.41000366210938,234.8800048828125,237.83999633789062,32016800,69.09831902238682,15.768506400534534,211.82600173950195,179.00640151977538,0.23917225374129103,16.917352936871566
2025-11-07,237.68748474121094,237.9199981689453,242.5500030517578,226.39999389648438,234.02999877929688,30613800,68.76528216302401,15.806585204541761,214.64200134277343,181.3248014831543,0.31013210447430395,16.2972851138876
2025-11-10,253.05245971679688,253.3000030517578,257.07000732421875,247.80999755859375,247.9600067138672,27870600,73.85571792748397,16.88318197662886,217.6685012817383,184.01060150146483,0.31400112796461777,17.590804030366645
2025-11-11,240.87437438964844,241.1100006103516,249.99000549316406,238.7899932861328,248.33999633789062,22622500,64.83649892211147,16.561846694743025,220.37100143432616,186.4632014465332,0.2889447437035677,16.773796280240802
2025-11-12,244.66067504882812,244.8999938964844,249.19000244140625,240.83999633789062,244.89999389648438,17263100,66.21781136061446,16.423684936093878,223.01900100708008,188.98680130004882,0.27591951016696115,16.220448958833764
2025-11-13,236.71844482421875,236.9499969482422,249.5,230.16000366210938,243.60000610351562,32324600,60.8206651515822,15.49408625255063,224.74000091552733,191.24160125732422,0.1699501228282425,15.751345716981502
2025-11-14,246.5887908935547,246.8300018310547,255.1699981689453,231.22999572753906,231.4499969482422,36171100,64.67417565243096,15.377345949798922,226.96250076293944,193.55080139160157,0.21963630732186612,15.565145868847662
2025-11-17,241.71356201171875,241.9499969482422,260.5799865722656,239.4600067138672,246.9199981689453,30304400,61.45880262961812,14.721354201153133,228.72150039672852,195.76060119628906,0.17014069714591962,15.14527559757703
2025-11-18,228.27670288085938,228.5,238.92999267578125,225.52000427246094,235.47999572753906,33843900,53.555776862883846,12.96670160219881,230.03200073242186,197.62580108642578,0.12956650147688697,13.813198031508845
2025-11-19,225.69921875,225.9199981689453,234.35000610351562,216.36000061035156,226.91000366210938,35256600,52.169939867043205,11.238392991398854,231.40450057983398,199.3442010498047,0.13830804040615274,11.716740144311961
2025-11-20,201.1732177734375,201.3699951171875,230.60000610351562,199.60000610351562,230.24000549316406,47420700,41.235564247923755,7.797827392011982,231.1375,200.36020080566405,-0.025833348281350754,12.352680717953138
2025-11-21,207.1673583984375,207.3699951171875,212.0,192.58999633789062,204.52999877929688,36679700,44.307785728147216,5.491995912241521,230.55499954223632,201.36300079345702,-0.05319153012516975,13.199800930428383
2025-11-24,223.71116638183594,223.92999267578125,226.11000061035156,212.36000061035156,213.41000366210938,33052800,51.798036854499635,4.943871385332045,230.74649887084962,202.68620056152344,0.017401119791266018,13.067256257280961
2025-11-25,224.3105926513672,224.52999877929688,226.19000244140625,216.0,219.22000122070312,17441600,52.0496733028547,4.5059524122750645,230.87749862670898,204.000400390625,0.011806566058089274,12.986893277189326
2025-11-26,230.03497314453125,230.25999450683597,233.8300018310547,226.0,229.6199951171875,17817600,54.4929401978723,4.5685972929911145,231.05899810791016,205.40580017089843,0.016017250786807713,12.94972019585771
2025-11-28,236.24891662597656,236.47999572753903,238.10000610351562,233.47000122070312,235.6199951171875,12914700,57.051236595185934,5.0617966867365,231.6824981689453,206.75760009765625,0.055667164530565305,12.892538696493258
2025-12-01,240.2250213623047,240.4600067138672,242.36000061035156,231.5,232.2899932861328,18238200,58.652986520705554,5.708015929329719,232.51699829101562,208.3122003173828,0.07458552139581953,12.893578194080536
2025-12-02,239.25596618652344,239.4900054931641,244.3699951171875,234.3300018310547,238.75,18166200,58.084426332505515,6.071885427381403,232.75649871826172,209.80960052490235,0.020409069481062803,12.980456871979857
2025-12-03,233.93118286132812,234.16000366210935,237.8000030517578,228.08999633789062,236.38999938964844,19188200,54.93332778768296,5.8625877606723975,233.56299896240233,211.16460052490234,0.07398066767472788,12.509878463586391
2025-12-04,226.4285125732422,226.6499938964844,234.16000366210938,223.3300018310547,230.27999877929688,23513900,50.75520949015133,5.032708892224633,233.02049865722657,212.4634002685547,-0.0456842362253288,12.565298192263263
2025-12-05,236.98817443847656,237.22000122070312,240.57000732421875,226.69000244140625,228.9499969482422,21161000,55.845465274702214,5.168357555147992,232.964998626709,214.07120025634765,-0.004657410321082467,12.543043883299998
2025-12-08,246.6787109375,246.9199981689453,249.22999572753906,241.61000061035156,243.49000549316406,20495400,59.93800477187216,5.9895252663562815,233.41499862670898,215.86420013427735,0.037827841582317,12.88689877166087
2025-12-09,252.17332458496094,252.4199981689453,255.50999450683594,242.8300018310547,244.49000549316406,17067100,62.083939693629134,7.003380022814582,233.37099838256836,217.63460021972656,-0.0034741605693257016,12.816742597202913
2025-12-10,263.4522705078125,263.7099914550781,264.75,250.5800018310547,255.1300048828125,21960700,66.09833947803935,8.61852631895843,234.5009979248047,219.56239990234374,0.09373311263537953,14.429745030244106
2025-12-11,258.2074279785156,258.4599914550781,262.8500061035156,251.5500030517578,261.5299987792969,18867000,62.770202095165466,9.366934085806633,235.1789978027344,221.08859985351563,0.05536952999813183,15.2398954758718
2025-12-12,240.90435791015625,241.13999938964844,255.82000732421875,239.32000732421875,255.6699981689453,25936900,53.2452158594367,8.464895971014613,235.38849792480468,222.23639984130858,0.017683066028152394,15.294225198656742
2025-12-15,237.26791381835938,237.5,250.11000061035156,236.0,247.11000061035156,27483600,51.477286998561254,7.371334579669849,234.92199783325196,223.2297998046875,-0.03779930219925498,15.067481797751277
2025-12-16,232.2827911376953,232.50999450683597,239.39999389648438,230.5800018310547,235.8000030517578,22577300,49.07181285946198,6.0324887826695885,234.44999771118165,224.06079956054688,-0.03901633626978562,14.983359986063498
2025-12-17,225.29962158203125,225.5200042724609,237.4499969482422,221.69000244140625,236.55999755859375,41957100,45.840391518173604,4.3571831534153205,234.30099792480468,224.85739959716796,-0.013041556794481823,15.060262708782107
2025-12-18,248.30711364746094,248.5500030517578,263.6499938964844,245.0,256.5299987792969,65006100,56.09803259621479,4.832118153876053,235.4324981689453,225.89759979248046,0.1001682235580117,15.246407477524428
2025-12-19,265.6601257324219,265.9200134277344,268.3800048828125,251.75,251.75,62312100,61.951350071610705,6.534793205267903,238.65999908447264,227.36940002441406,0.3205543024072772,14.468668704903523
2025-12-22,276.3197021484375,276.5899963378906,279.989990234375,268.2900085449219,277.1499938964844,30961900,65.03522766418732,8.645494025199724,242.12099914550782,229.26919982910155,0.3337995025827434,14.863510640552816
2025-12-23,276.0,276.2699890136719,281.8599853515625,272.32000732421875,275.9200134277344,20767600,64.8654220651431,10.175125205548227,244.73799896240234,230.9391995239258,0.23373374737555364,16.052253579247026
2025-12-24,286.3998718261719,286.67999267578125,289.29998779296875,277.25,278.0,18592600,67.8098565820707,12.088025992763875,247.84549865722656,232.93159942626954,0.27680040188115385,17.84945603278859
2025-12-26,284.51171875,284.7900085449219,290.8699951171875,283.4200134277344,290.8399963378906,17878500,66.71667201315856,13.298214188915438,250.57199935913087,234.78859954833985,0.2368193144227102,19.139968192421918
2025-12-29,294.2011413574219,294.3699951171875,294.5,278.5,280.3299865722656,26642900,69.4087595675723,14.859036186663161,253.46649932861328,236.62539947509765,0.2447987163207943,21.166689981063737
2025-12-30,292.4621276855469,292.6300048828125,298.8299865722656,292.010009765625,294.70001220703125,23056400,68.32775830291587,15.773766038718662,256.0749992370605,238.43039947509766,0.21695914793441906,22.64261516889148
2025-12-31,285.24627685546875,285.4100036621094,293.1700134277344,284.17999267578125,293.1700134277344,17573800,63.88181127434399,15.734722195358813,258.3709991455078,240.00319946289062,0.19174077045255244,23.193829224244034
2026-01-02,315.23907470703125,315.4200134277344,315.6000061035156,294.8599853515625,295.1300048828125,42604300,72.02872218571294,17.918780109125464,262.4339996337891,242.26579986572267,0.3470277096633567,25.710308025448736
2026-01-05,311.970947265625,312.1499938964844,325.5299987792969,309.54998779296875,325.1300048828125,34608600,70.17136336734272,19.164877713040937,266.70899963378906,244.53939971923828,0.3772336302777468,26.541974062373594
2026-01-06,343.23297119140625,343.42999267578125,344.54998779296875,318.05999755859375,318.2799987792969,48732400,76.43194757632627,22.41803240262766,272.01949920654295,247.27379943847657,0.44772780924262445,30.64012933455303
2026-01-07,339.355224609375,339.54998779296875,346.29998779296875,337.17999267578125,340.7099914550781,32781100,74.34746695308267,24.401808110055185,276.65099868774416,249.6843991088867,0.37514170707487615,33.5126835177231
2026-01-08,326.8323974609375,327.0199890136719,343.6600036621094,321.3599853515625,342.8999938964844,33897700,67.90668080708146,24.67842099120054,280.3809982299805,251.82279876708984,0.2955391466043693,34.80058608341324
2026-01-09,344.8920593261719,345.0899963378906,345.79998779296875,326.19000244140625,332.75,33387500,71.71258574707561,26.05538698387386,284.4499984741211,254.28639862060547,0.30859659292308317,37.408647855202524
2026-01-12,345.6716003417969,345.8699951171875,348.4700012207031,339.32000732421875,340.54998779296875,23152600,71.86767056106785,26.89950113165156,288.82049865722655,256.67119842529297,0.3381954907992084,39.27208854732538
2026-01-13,337.93603515625,338.1300048828125,351.2300109863281,335.2200012207031,346.2699890136719,23881300,67.89013675443373,26.63686198506963,293.6699989318848,258.9535986328125,0.40221450501225964,39.06222173730801
2026-01-14,333.1587829589844,333.3500061035156,339.1000061035156,328.20001220703125,334.8399963378906,20277200,65.47989641252175,25.746226147261666,298.46249923706057,261.14519866943357,0.4035789730674342,37.66288077674882
2026-01-15,336.4368896484375,336.6300048828125,347.7699890136719,336.2699890136719,345.3299865722656,25370200,66.36238568381762,25.016682574139338,303.6684997558594,263.183798828125,0.44780875160579536,35.180987657556635
2026-01-16,362.54193115234375,362.75,365.80999755859375,352.0400085449219,353.1000061035156,47901900,72.41101716676805,26.243658786036917,310.52999954223634,266.07819885253906,0.6085047584592334,32.41033679900398
2026-01-20,364.7906494140625,365.0,381.55999755859375,361.3500061035156,364.67999267578125,49744900,72.86368221807587,27.08537907984794,316.3524993896484,268.6281988525391,0.4685173828945508,31.124199074471537
2026-01-21,388.88677978515625,389.1099853515625,394.20001220703125,366.7300109863281,372.8500061035156,56712800,77.18370060492747,29.359484932618273,322.51199798583986,271.6437985229492,0.4632594979817337,32.76473333245366
2026-01-22,397.3518981933594,397.5799865722656,397.7799987792969,376.9200134277344,396.6400146484375,39607600,78.47983908147839,31.482280385498825,328.5614974975586,274.8369982910156,0.4374344402773338,34.937139825693436
2026-01-23,399.4207458496094,399.6499938964844,412.42999267578125,390.739990234375,397.1600036621094,35404200,78.79685392239699,32.95179557945403,334.7304977416992,277.76399810791014,0.4465921373627981,36.09163208549259
2026-01-26,388.8667907714844,389.0899963378906,398.0,384.29998779296875,395.5,29193900,72.89726271733926,32.88521314178803,339.8509979248047,280.7235980224609,0.35722759271146365,36.18026929093907
2026-01-27,410.0046691894531,410.239990234375,416.45001220703125,399.6000061035156,404.6099853515625,36212100,76.66553295034439,34.14546615083725,346.12349700927734,284.03039794921875,0.44049994004500004,36.99732467205782
2026-01-28,435.03033447265625,435.2799987792969,438.94000244140625,417.0,422.44000244140625,42725700,80.17918878091551,36.74121530224181,353.1689971923828,287.99699798583987,0.4786833101179815,39.92421374374843
2026-01-29,435.5400390625,435.7900085449219,444.7099914550781,417.70001220703125,439.3699951171875,42675700,80.24443861489928,38.39690313376536,360.3269973754883,291.7761981201172,0.4892184713575072,41.30849066074301
2026-01-30,414.6419982910156,414.8800048828125,455.5,407.1300048828125,446.4700012207031,51022900,70.06099655865336,37.5884884289074,366.8004974365234,295.23479827880857,0.4536281123978394,39.032231777383586
2026-02-02,437.5488586425781,437.7999877929688,442.42999267578125,410.0,412.17999267578125,37771200,73.96165477485272,38.3551309472345,372.9194961547852,299.420798034668,0.3879905178980434,40.130653607645826
2026-02-03,419.19940185546875,419.4400024414063,442.29998779296875,407.5299987792969,442.1600036621094,42763300,66.48871902772146,37.054067069477355,378.28399658203125,303.2911981201172,0.3437129926086162,38.72615437736036
2026-02-04,379.182373046875,379.3999938964844,413.0,363.8999938964844,410.5899963378906,58074900,53.73709905718646,32.41837170218702,380.0824966430664,306.85179809570315,0.1047375068800731,37.84757340246316
2026-02-05,382.6703796386719,382.8900146484375,390.92999267578125,366.0,369.6199951171875,38899500,54.55522448123665,28.695382722816873,382.24949798583987,310.3621984863281,0.1276396065780281,36.625715314672675
2026-02-06,394.4635925292969,394.6900024414063,396.6499938964844,372.8699951171875,377.9700012207031,37196000,57.304435162068124,26.39280767434127,385.63299865722655,313.77739868164065,0.20692928781459075,34.30737482314096
2026-02-09,383.2799987792969,383.5,391.80999755859375,370.67999267578125,380.69000244140625,31009600,53.97009033159303,23.395373379789987,387.55349884033205,316.9567987060547,0.11130430922286338,32.967265746330334
2026-02-10,373.035888671875,373.25,382.7900085449219,366.05999755859375,375.989990234375,35433800,51.04044469341599,19.962678438135356,388.92249908447263,319.816598815918,0.0791627064196061,31.688918840289787
2026-02-11,410.1046142578125,410.3399963378906,414.1600036621094,386.57000732421875,395.3900146484375,48475000,59.588779493787506,20.004496314925575,392.5329986572266,323.293798828125,0.21355688762404967,29.644988523082688
2026-02-12,413.7325439453125,413.9700012207031,438.7699890136719,411.1600036621094,422.25,45639100,60.31901278615901,20.098861179815515,396.5639984130859,326.76399871826175,0.24184788852876893,26.486958893208225
2026-02-13,411.4238586425781,411.6600036621094,420.8800048828125,392.7099914550781,405.19000244140625,33807600,59.58118032296809,19.75947360569819,400.3154983520508,330.2073986816406,0.22288565395534565,22.57613037905556
2026-02-17,399.5506591796875,399.7799987792969,413.6600036621094,395.29998779296875,400.95001220703125,28549500,55.80081428789981,18.320699776570564,402.1669982910156,333.51979858398437,0.10208131986022573,20.78019128606674
2026-02-18,420.70855712890625,420.9500122070313,427.8500061035156,394.6000061035156,399.5,32306600,60.598449860935034,18.67344842004684,404.96449890136716,337.40579895019533,0.1532877046767982,19.220885439283997
2026-02-19,417.110595703125,417.3500061035156,420.32000732421875,407.739990234375,415.80999755859375,21651300,59.41733284123259,18.449835634797182,406.37649993896486,341.0083990478516,0.07257593435038201,19.031229949579295
2026-02-20,427.92437744140625,428.1700134277344,430.57000732421875,415.1499938964844,415.17999267578125,29894900,61.82564157537812,18.927520382931903,407.90600128173827,344.63339935302736,0.07694056011018202,19.510264032993497
2026-02-23,420.7285461425781,420.9700012207031,431.70001220703125,415.29998779296875,422.30999755859375,25426600,59.30365151285913,18.511716629109742,408.97200164794924,348.0043994140625,0.05334669748485221,19.6175766395315
2026-02-24,417.7702331542969,418.010009765625,436.2699890136719,411.2799987792969,429.2200012207031,33389200,58.251629741532405,17.738860049167556,410.4180023193359,351.09039978027346,0.07432731167577966,19.134853908238426
2026-02-25,428.75390625,429.0,436.8900146484375,423.0,426.5,27296300,61.01674312734447,17.807887761081304,411.3560028076172,354.5011999511719,0.045729354066401884,19.580296351292628
2026-02-26,415.3216247558594,415.55999755859375,434.0,401.9599914550781,424.8399963378906,35433500,56.12134296827808,16.586893462997466,410.37000274658203,357.9895999145508,-0.045304174958661236,18.792837612534143
2026-02-27,412.1334533691406,412.3699951171875,417.9599914550781,401.17999267578125,401.80999755859375,28653900,54.99355534565562,15.186776442529094,409.1990020751953,361.4869998168945,-0.05374151074718869,17.83055123323236
2026-03-02,412.43328857421875,412.6700134277344,417.6099853515625,397.0,401.4700012207031,30049200,55.08497348093232,13.940683070154137,409.08850250244143,365.0902001953125,-0.005326820837515123,17.800314178385314
2026-03-03,379.46221923828125,379.6799926757813,390.0899963378906,374.54998779296875,386.54998779296875,39010900,44.404229573480855,10.173848338705625,406.18250274658203,368.1733999633789,-0.13275467505191407,17.60948739974047
2026-03-04,400.5400695800781,400.7699890136719,407.8800048828125,387.6099853515625,393.6400146484375,32644900,50.951665024008676,8.789076124910139,405.24900207519534,371.21779968261717,-0.044511761680009365,17.362834506393586
2026-03-05,396.8222351074219,397.0499877929688,404.5299987792969,380.29998779296875,398.6000061035156,29960100,49.83677842633246,7.307227983961184,406.13150177001955,373.84039916992185,0.04652080701219008,16.4018113842113
2026-03-06,370.08758544921875,370.2999877929688,391.17999267578125,367.45001220703125,380.1400146484375,34458800,42.615625126211754,3.9290594634574063,405.5020004272461,375.71459899902345,-0.032881575318773004,17.542691008291545
2026-03-09,389.0966796875,389.3200073242188,390.0,357.6700134277344,363.9599914550781,35547200,48.34658656453325,2.7548371440346955,405.2335006713867,377.97559936523436,-0.013605602077505607,17.756673921593464
2026-03-10,402.8787536621094,403.1099853515625,415.30999755859375,393.6400146484375,394.010009765625,33745400,52.08304649035637,2.90352346411521,406.21399993896483,380.30419921875,0.05113425124266624,17.019534590711523
2026-03-11,418.4498291015625,418.6900024414063,422.75,405.7900085449219,410.7699890136719,30191400,55.95923750626636,4.229777374888215,408.4860000610352,382.98219909667966,0.12174146668829544,15.33728215025694
2026-03-12,405.1174621582031,405.3500061035156,413.7300109863281,396.6700134277344,410.0,31720900,52.074900644751196,4.1565033535266025,408.2365005493165,385.20179931640627,-0.012160623577785579,15.34611970011562
2026-03-13,425.8855895996094,426.1300048828125,429.3500061035156,413.0,413.75,39261000,57.073466389153175,5.709391092933288,408.8445007324219,387.8717993164062,0.029374117994666937,15.818835525188232
2026-03-16,441.54656982421875,441.7999877929688,454.8599853515625,437.75,446.1600036621094,43067600,60.42547969955707,8.111003871991613,410.3514999389648,390.9995989990234,0.07321572137865084,17.45247943260811
2026-03-17,461.4251403808594,461.6900024414063,462.7300109863281,445.1400146484375,452.5400085449219,43017900,64.24229238544731,11.48684406831444,413.44700012207034,393.92499877929686,0.15486018272837,20.672171101976947
2026-03-18,461.46514892578125,461.7300109863281,471.3399963378906,458.29998779296875,464.760009765625,58973700,64.24976145440147,14.004020469947875,415.48600006103516,396.9165991210937,0.09687610784351386,23.295852393514416
2026-03-19,444.01513671875,444.2699890136719,457.2200012207031,421.1099853515625,424.9700012207031,74591900,58.50627067051901,14.423754980873923,416.83199920654295,398.93339904785154,0.06450217447338269,24.170498833748784
2026-03-20,422.65740966796875,422.8999938964844,449.1000061035156,415.3599853515625,443.9200134277344,64224900,52.33923957881077,12.883504574321023,416.5684982299805,400.6003991699219,-0.012308240572618812,24.068901754138444
2026-03-23,404.1180419921875,404.3500061035156,444.2699890136719,401.5199890136719,426.1499938964844,54807300,47.64451104476042,10.050164009356706,415.7374984741211,402.1469995117188,-0.03948023628523134,24.19551471128849
2026-03-24,395.3031311035156,395.5299987792969,404.9800109863281,388.9100036621094,401.2799987792969,44975100,45.55230968698144,7.012188178927204,414.6134979248047,403.1557995605469,-0.05377864276248434,24.603109455159274
2026-03-25,381.8708190917969,382.0899963378906,388.9200134277344,371.3800048828125,383.0,55328700,42.49037281804189,3.4799597617101767,412.2679977416992,403.88019958496096,-0.10934732788370483,25.383092376955258
2026-03-26,355.256103515625,355.4599914550781,374.25,350.0,370.0199890136719,54515900,37.1604236389359,-1.4514441998290977,409.2629974365235,404.22679931640624,-0.14462413720425904,28.356228288747804
2026-03-27,357.0151062011719,357.2200012207031,368.70001220703125,354.05999755859375,359.8599853515625,45806700,37.71649951437182,-5.15813946816661,406.5054977416993,404.70419921875,-0.13373910456509286,30.62866038421595
2026-03-30,321.75048828125,321.79998779296875,362.80999755859375,318.3999938964844,362.6600036621094,73833200,31.647014083022853,-10.82899136815729,401.961996459961,404.4075988769531,-0.22020021488835062,35.94464749392577
2026-03-31,337.7880554199219,337.8399963378906,337.8399963378906,311.489990234375,321.6700134277344,73551800,36.62101999568466,-13.869014353248417,399.86999664306643,403.9093988037109,-0.11019805400601912,38.44062402152999
2026-04-01,367.7934265136719,367.8500061035156,377.8900146484375,343.0,348.9100036621094,74429800,44.725413722013606,-13.698786404671694,398.2239974975586,403.9663989257813,-0.0821418364962283,39.09922160503526
2026-04-02,366.18365478515625,366.239990234375,366.94000244140625,340.20001220703125,341.3399963378906,51498700,44.39740786098343,-13.537739717659292,396.68349761962895,403.5089990234375,-0.07759727617636614,39.7494581867214
2026-04-06,377.701904296875,377.760009765625,385.0799865722656,370.6099853515625,373.79998779296875,41414900,47.3715100632674,-12.338311385254599,397.05649871826176,403.1125994873047,0.020145887708824306,39.523207907051194
2026-04-07,377.52191162109375,377.5799865722656,379.25,364.1000061035156,374.1300048828125,40224100,47.32890637005897,-11.2723416201884,396.46949768066406,402.6711993408203,-0.03015519503516373,39.73079484674994
2026-04-08,406.6674499511719,406.7300109863281,416.0,398.8800048828125,415.1300048828125,49216600,54.46940429323515,-7.98336231686153,396.65049896240237,403.02399963378906,0.008980243026251333,39.77086473355817
2026-04-09,421.4451904296875,421.510009765625,423.94000244140625,398.44000244140625,407.6099853515625,43101000,57.607494376655424,-4.136516950757198,396.79149932861327,403.24940002441406,0.006735310869079969,39.85801767930613
2026-04-10,420.52532958984375,420.5899963378906,423.8599853515625,410.04998779296875,420.2900085449219,36377600,57.342556788453386,-1.148858353876392,397.55349884033205,402.9555999755859,0.03759711361761542,40.17466958546279
2026-04-13,426.4944152832031,426.55999755859375,426.8800048828125,408.5,416.4700012207031,37015800,58.67082644219499,1.681231622583482,397.5749984741211,402.77099975585935,0.0010090645363014517,40.19087908791758
2026-04-14,465.5884094238281,465.6600036621094,465.7799987792969,424.8599853515625,434.3500061035156,52534900,66.11316645419636,6.998468055445471,398.76799926757815,403.78659973144534,0.054006375120864814,41.890886905378494
2026-04-15,456.15985107421875,456.2300109863281,463.95001220703125,439.32000732421875,457.6300048828125,40370100,63.15918010753835,10.332389285911006,398.49499969482423,404.1552001953125,-0.011826098521098283,41.474973710019306
2026-04-16,457.1596984863281,457.2300109863281,462.3399963378906,444.3800048828125,452.9599914550781,33626400,63.34621073560716,12.90645988771837,398.2699996948242,404.91100036621094,-0.009745955196603484,41.12459747943503
2026-04-17,455.0000305175781,455.0700073242188,470.9700012207031,452.20001220703125,466.8500061035156,33405000,62.60687004548661,14.603791720787001,398.81000061035155,406.4244006347656,0.024309583311094674,41.82534340542655
2026-04-20,448.3510437011719,448.4200134277344,464.55999755859375,435.8999938964844,458.25,32013600,60.2744401714801,15.236701288049574,400.08600158691405,407.73500061035156,0.06034528233522907,42.97250632306203
2026-04-21,449.3109130859375,449.3800048828125,457.82000732421875,441.29998779296875,451.32000732421875,27734000,60.50319976724234,15.635513500548655,402.3375015258789,408.8288006591797,0.11136391269836898,44.36476890562564
2026-04-22,487.4050598144531,487.4800109863281,491.9800109863281,458.55999755859375,462.92999267578125,45998100,68.30424443274961,18.80910744736775,406.9350021362305,410.90840087890626,0.23247291606404485,48.21911952484588
2026-04-23,481.64593505859375,481.7200012207031,493.6199951171875,471.79998779296875,482.2799987792969,38178000,66.17622448376731,20.62170468995538,411.91650238037107,413.07780090332034,0.2607501003368522,50.60466025376136
2026-04-24,496.64361572265625,496.7200012207031,506.989990234375,489.3599853515625,495.9200134277344,35379600,68.8940651008337,23.00340674964707,418.97950286865233,414.8054010009766,0.39740058842452597,52.14472644291833
2026-04-27,524.4793090820312,524.5599975585938,531.3599853515625,510.0199890136719,510.55999755859375,41298800,73.1985636778887,26.828119960124525,427.34650268554685,417.0172009277344,0.4684508027715448,55.05750511332883
2026-04-28,504.21246337890625,504.2900085449219,518.8300170898438,488.2300109863281,503.5400085449219,44816600,66.03361020610328,27.901977397896474,436.4710037231445,418.86980102539064,0.5670914470927786,51.66203656612874
2026-04-29,518.3803100585938,518.4600219726562,531.02001953125,508.79998779296875,526.0,36248500,68.36482598900984,29.55571888442728,445.5020050048828,421.2434014892578,0.5346318600303279,49.243379589071374
2026-04-30,517.0804443359375,517.1599731445312,535.5,502.5799865722656,529.739990234375,36554400,67.90435233978818,30.410860383204295,452.9675033569336,423.1676007080078,0.40589904733887305,48.157448123371736
2026-05-01,542.1266479492188,542.2100219726562,545.9099731445312,510.2099914550781,511.7799987792969,40215300,71.84017575982608,32.73257502086341,461.76600494384763,425.6648010253906,0.4804773821276844,47.549392258170016
2026-05-04,576.3613891601562,576.4500122070312,592.7999877929688,557.760009765625,560.5999755859375,46043700,76.14603457884216,36.909956650023844,471.700505065918,428.6304010009766,0.5259688619890712,49.778180498379214
2026-05-05,640.1015625,640.2000122070312,651.739990234375,605.469970703125,609.780029296875,64268500,81.74337362664215,44.8476777936678,484.8315063476563,433.01500122070314,0.6955348137460202,57.65798699998537
2026-05-06,666.487548828125,666.5900268554688,667.6699829101562,627.5800170898438,660.3699951171875,55725800,83.47230387965064,52.660791792196676,497.82450714111326,437.9866015625,0.6389005208614311,67.5606474681733
2026-05-07,646.5305786132812,646.6300048828125,683.0900268554688,635.4199829101562,649.8300170898438,47527500,77.49459927583513,56.589801955137716,509.0805068969727,442.3392016601563,0.5340798317989233,72.73224278799329
2026-05-08,746.6951293945312,746.8099975585938,747.2100219726562,676.2100219726562,676.4500122070312,65130900,83.77493811362402,67.0147546101523,525.3915069580078,448.9642016601563,0.7756247273143102,87.01886349941469
2026-05-11,795.2077026367188,795.3300170898438,818.6699829101562,768.0,792.97998046875,70972900,85.83648007024341,78.28929452058924,543.8300079345703,456.6234020996094,0.8645208684403054,102.64218254813291
2026-05-12,766.462158203125,766.5800170898438,782.760009765625,706.5999755859375,774.7000122070312,73743000,79.39891064944307,83.93699052425825,558.876008605957,463.70160217285155,0.6462225895743603,112.19163807223384
2026-05-13,803.5064086914062,803.6300048828125,814.9500122070312,779.469970703125,813.1599731445312,54875100,81.34101655265657,90.36083125677987,576.2460083007812,472.1806024169922,0.7614580048020887,121.93317615366419
2026-05-14,775.8906860351562,776.010009765625,812.0,775.6300048828125,787.6199951171875,42142700,75.6179617923184,92.16069739106786,592.1850082397461,479.68540283203123,0.6971983271431168,126.31333299939303
2026-05-15,724.5485229492188,724.6599731445312,749.5900268554688,719.0,732.5700073242188,48519000,66.28093178629982,88.42428534541057,605.6645065307617,486.2376025390625,0.5924142691923016,125.29150413121954
2026-05-18,681.4351806640625,681.5399780273438,757.0,663.25,750.4600219726562,60042500,59.62326340815323,81.04944113681051,617.3205047607422,492.46240234375,0.519869670440519,120.6507072002872
2026-05-19,698.632568359375,698.739990234375,725.9500122070312,652.2100219726562,665.5800170898438,61792100,61.29340487510904,75.71986968349029,629.7885040283203,498.65080200195314,0.5548978206464472,115.14095956272466
2026-05-20,731.87744140625,731.989990234375,735.6799926757812,700.6599731445312,734.9600219726562,48827400,64.3622820598467,73.33379666811425,642.0140029907227,505.22840209960935,0.501579498107676,112.17832394632468
2026-05-21,761.9827880859375,762.0999755859375,764.9000244140625,732.2000122070312,736.3599853515625,42461500,66.92005995875158,73.03058961382044,656.0330017089843,512.0966015625,0.5820393042737215,108.55301353768992
2026-05-22,750.884521484375,751.0,780.2000122070312,747.2000122070312,756.8200073242188,36002900,65.06608533545625,71.07530865999593,668.7470016479492,519.0096014404297,0.5119181795667513,103.69402382542054
2026-05-26,895.7422485351562,895.8800048828125,916.7999877929688,820.2999877929688,820.5,76560800,74.85720129468285,80.29079766220968,687.3130020141601,528.4046014404297,0.707869469750678,109.59306129190477
2026-05-27,928.2672119140625,928.4099731445312,956.1599731445312,888.1500244140625,955.6599731445312,72295700,76.4530078648071,89.19089850633532,708.5190002441407,538.1368011474609,0.8410239295110464,113.28552393109067
2026-05-28,923.3779907226562,923.52001953125,949.489990234375,904.780029296875,929.8300170898438,49694300,75.67545937976169,94.75740972268102,728.7720001220703,547.3734014892578,0.7812752775371303,113.72587811471098
2026-05-29,970.8507080078125,971.0,981.0,940.510009765625,957.0,60498600,78.01363346420814,101.82635672760784,751.4640014648437,557.5588012695313,0.8775621672650864,114.55500797038195
2026-06-01,1035.3408203125,1035.5,1046.969970703125,1009.5,1009.719970703125,46552100,80.72430068963229,111.34959034425867,776.1285003662109,569.3834014892578,0.9097765774093722,120.10009368948252
2026-06-02,1063.936279296875,1064.0999755859375,1076.56005859375,1017.2000122070312,1050.0,47555400,81.79601689063242,119.82335159670379,800.5109985351562,582.2074011230469,0.8459536005765014,126.74519925461412
2026-06-03,1079.4039306640625,1079.5699462890625,1089.2900390625,1038.5,1079.010009765625,40324200,82.36710330440582,126.33090178964699,822.4794952392579,595.7117999267579,0.6863010398380709,135.28615912848232
2026-06-04,995.8468627929688,996.0,1036.3699951171875,971.6799926757812,1007.0999755859375,54917200,69.65461377737564,123.32319295718844,838.9499938964843,607.7211999511719,0.49417176956347486,135.36050206803358
2026-06-05,863.8771362304688,864.010009765625,961.8900146484375,864.010009765625,944.4000244140625,77250500,55.17136207586706,109.0322173807856,849.818994140625,617.3596002197265,0.3361737055833156,127.6106677146696
2026-06-08,949.134033203125,949.280029296875,962.9500122070312,916.5,938.27001953125,54097800,60.83681053057654,103.39521850283995,859.942495727539,629.2360009765625,0.2711131779169784,127.0385573933329
2026-06-09,935.74609375,935.8900146484376,989.1500244140625,854.3499755859375,988.1799926757812,73448600,59.56380423971182,96.73232398545349,866.9704956054687,640.8094012451172,0.17673166426298192,127.16390248640236
2026-06-10,891.7428588867188,891.8800048828125,957.47998046875,883.25,905.1300048828125,55712600,55.45636975196454,86.89897480693332,873.2354949951172,652.2110015869141,0.16345324036575226,125.02625723057871
2026-06-11,995.7168579101562,995.8699951171876,996.77001953125,895.5,904.3699951171875,59418900,62.105816695951845,86.4999799443741,882.8474945068359,665.3716015625,0.23921455031088357,126.77087093168905
2026-06-12,981.4590454101562,981.6099853515624,1012.6199951171875,960.1900024414062,971.8099975585938,40785200,60.76621686319786,84.0640717380528,893.1274932861328,677.6468011474609,0.2649450045728583,125.98505228227415
2026-06-15,1087.8226318359375,1087.989990234375,1097.469970703125,1051.5,1055.8900146484375,44994600,66.56081540277403,89.68375576377412,911.293994140625,692.081801147461,0.5013799996614119,126.60799153314834
2026-06-16,1020.60302734375,1020.760009765625,1110.4000244140625,1020.0,1099.699951171875,45499800,60.481262065365065,87.7015296409628,928.254995727539,704.941801147461,0.49772580138310185,116.5297513493087
2026-06-17,1043.029541015625,1043.18994140625,1093.6700439453125,1014.1400146484375,1061.300048828125,46149200,61.73695154412783,86.93833814124935,945.4774932861328,718.2540002441406,0.4929586913385877,105.78157525113733
2026-06-18,1133.8155517578125,1133.989990234375,1149.4300537109375,1092.7900390625,1108.0699462890625,64642500,66.39238099257426,92.59295452928723,965.5774932861328,732.7991998291016,0.5491878377616668,101.17336323465453
2026-06-22,1211.1937255859375,1211.3800048828125,1213.56005859375,1168.5699462890625,1196.219970703125,53140800,69.76853958688649,102.14158159125179,988.0414947509765,748.5965997314453,0.5895289905388696,103.46829832256233
2026-06-23,1051.6082763671875,1051.77001953125,1125.0,1038.5,1080.0,60243300,57.041297568852315,95.7262725480366,1003.0799957275391,761.2202001953125,0.4004927024384155,87.88677249196078
2026-06-24,1048.3487548828125,1048.510009765625,1083.3199462890625,991.0999755859375,1082.219970703125,68935700,56.81333241824311,89.3490778172278,1010.7114959716797,773.6592004394531,0.1703688039145126,84.65560665390865
2026-06-25,1213.3734130859375,1213.56005859375,1255.0,1136.31005859375,1233.0,82143900,64.54010235972612,96.50086273160468,1024.9690002441407,788.617201538086,0.30713811106898525,93.6042433691394
2026-06-26,1132.1558837890625,1132.3299560546875,1198.7099609375,1121.3599853515625,1139.0799560546875,86405300,58.95001922617725,94.52449386959177,1035.4094970703125,802.1392004394531,0.22610223071225133,93.33801978851868
2026-06-29,1145.1038818359375,1145.280029296875,1148.7900390625,1023.6500244140625,1128.699951171875,60694100,59.551512547337396,92.93190879337885,1044.1234985351562,815.9002008056641,0.17948509711315652,95.12651048143255
2026-06-30,1154.112548828125,1154.2900390625,1168.6800537109375,1124.6600341796875,1144.72998046875,42152600,59.990766624784335,91.34385107914943,1050.0630004882812,829.8846014404297,0.11471756548768708,98.21800542050413
2026-07-01,1032.121337890625,1032.280029296875,1097.0,1032.199951171875,1082.010009765625,51328100,51.78902418194044,79.32569851741937,1048.4720031738282,841.5618017578125,-0.029903154796654396,98.23637635082336
2026-07-02,975.4099731445312,975.5599975585938,1064.6400146484375,950.280029296875,1041.5,61316900,48.47135869074058,64.48109556238433,1043.2715057373048,852.0854016113282,-0.09634387200940042,99.25127658130714
2026-07-06,984.75,984.75,1019.0,980.8499755859375,1007.0,37115800,49.040971636510406,52.84898693980642,1042.7090057373048,862.0308013916016,-0.011295180722891596,99.56466965097628
2026-07-07,938.3800048828125,938.3800048828124,942.02001953125,891.6599731445312,923.010009765625,52367500,46.26213546978865,39.43421291630398,1046.427505493164,871.1640014648438,0.08607538602169829,93.7589321669861
2026-07-08,948.7999877929688,948.7999877929688,959.0,900.4099731445312,902.6400146484375,42979000,46.98905124419155,29.305893296235695,1046.4035034179688,880.2056011962891,-0.000505690090480293,93.78516839867189
2026-07-09,991.6400146484375,991.6400146484376,1035.5,987.1300048828125,1016.510009765625,41110700,49.98458993988061,24.454067892387798,1049.1910034179687,889.5472015380859,0.05956896550599722,91.11817191138309
2026-07-10,979.2999877929688,979.2999877929688,998.0,954.1300048828125,964.97998046875,31768100,49.12349766607567,19.389711739735844,1053.5620025634767,899.0474011230468,0.09801765084042069,85.07080485390742
2026-07-13,937.0,937.0,943.5,902.5999755859375,929.0,35536200,46.186284884005396,11.826587958706341,1050.6185028076172,907.4182006835938,-0.059114136790776706,88.13531577054823
2026-07-14,983.1199951171875,983.1199951171876,994.7999877929688,950.0700073242188,988.3800048828125,30835200,49.71653152759859,9.445375627262706,1050.6940032958985,916.7374011230469,0.0015382991087691256,88.07371400856529
2026-07-15,904.280029296875,904.280029296875,978.4000244140625,873.6300048828125,975.8099975585938,54779200,44.35931981350018,1.1828857793287852,1041.5085052490235,923.9788012695312,-0.16885262050795635,93.39818451382098
2026-07-16,853.2000122070312,853.2000122070312,887.7100219726562,840.510009765625,866.77001953125,46718000,41.2574095253871,-9.37881430561356,1033.1305053710937,929.5138012695312,-0.16415219635912948,102.43533708404249
2026-07-17,848.9500122070312,848.9500122070312,903.9600219726562,804.0,822.530029296875,63346300,41.00051417872026,-17.88580081882344,1023.4185089111328,933.6888012695313,-0.18619804648171523,110.3348424452519
2026-07-20,865.4600219726562,865.4600219726562,901.0,858.9000244140625,885.5700073242188,37705200,42.49839524203072,-23.02995413625922,1009.9920104980469,937.666201171875,-0.2368010040425652,112.48887327715133
2026-07-21,970.8200073242188,970.8200073242188,982.8800048828125,916.5700073242188,925.3499755859375,49369000,51.040738464453185,-18.393038910920268,997.9640106201172,944.1500012207031,-0.1985834309539105,102.21366978853648
2026-07-22,959.47998046875,959.47998046875,982.6199951171875,936.0599975585938,938.25,31165700,50.176721248763506,-15.455138367732957,993.3495086669922,948.4034008789063,-0.08774735669270317,101.73885894195206
2026-07-23,1007.3400268554688,1007.3400268554688,1011.77001953125,964.4000244140625,975.22998046875,23970377,53.73623089411227,-9.15934206666293,991.2910095214844,952.6436010742187,-0.0392652263943184,100.97769902322796
