Price,Adj Close,Close,High,Low,Open,Volume,RSI,MACD,SMA20,SMA50,Return_20D,Volatility
Ticker,NVDA,,NVDA,NVDA,NVDA,NVDA,,,,,,
Date,,,,,,,,,,,,
2018-01-02,4.922529220581055,4.983749866485596,4.987500190734863,4.862500190734863,4.894499778747559,355616000,,,,,,
2018-01-03,5.246499538421631,5.3117499351501465,5.34250020980835,5.09375,5.102499961853027,914704000,,,,,,
2018-01-04,5.27415657043457,5.339749813079834,5.451250076293945,5.317249774932861,5.394000053405762,583268000,,,,,,
2018-01-05,5.318849563598633,5.385000228881836,5.422749996185303,5.2769999504089355,5.354750156402588,580124000,,,,,,
2018-01-08,5.481822490692139,5.550000190734863,5.625,5.4644999504089355,5.510000228881836,881216000,,,,,,
2018-01-09,5.480341911315918,5.548500061035156,5.5954999923706055,5.466000080108643,5.555500030517578,497000000,,,,,,
2018-01-10,5.5233073234558105,5.5920000076293945,5.5954999923706055,5.400000095367432,5.454999923706055,582664000,,,,,,
2018-01-11,5.53318452835083,5.602000236511231,5.656750202178955,5.580249786376953,5.625,406032000,,,,,,
2018-01-12,5.506021499633789,5.57450008392334,5.624750137329102,5.5335001945495605,5.590000152587891,359916000,,,,,,
2018-01-16,5.435153484344482,5.502749919891357,5.687749862670898,5.417250156402588,5.601250171661377,702348000,,,,,,
2018-01-17,5.548988342285156,5.618000030517578,5.627999782562256,5.422500133514404,5.517499923706055,538408000,,,,,,
2018-01-18,5.542072772979736,5.611000061035156,5.665999889373779,5.566999912261963,5.598499774932861,408632000,82.67890064423531,,,,,
2018-01-19,5.6820831298828125,5.752749919891357,5.777249813079834,5.675000190734863,5.702250003814697,609380000,86.5507647427574,,,,,
2018-01-22,5.770483016967773,5.842249870300293,5.843999862670898,5.702499866485596,5.760749816894531,550944000,88.3252666321382,,,,,
2018-01-23,5.899381160736084,5.972750186920166,5.9957499504089355,5.877500057220459,5.896249771118164,475228000,90.32893801907119,,,,,
2018-01-24,5.822587013244629,5.894999980926514,6.012249946594238,5.838749885559082,5.97599983215332,579972000,81.36884825178238,,,,,
2018-01-25,5.836167335510254,5.908750057220459,5.993750095367432,5.893750190734863,5.949999809265137,409884000,81.7142983565037,,,,,
2018-01-26,6.008522033691406,6.083250045776367,6.083499908447266,5.940000057220459,5.953000068664551,516356000,85.41121547145673,,,,,
2018-01-29,6.09544038772583,6.171249866485596,6.202750205993652,6.015250205993652,6.06850004196167,455116000,86.85457278501855,,,,,
2018-01-30,5.993459701538086,6.067999839782715,6.1605000495910645,5.960249900817871,6.027750015258789,570832000,77.20331798595686,,5.665650010108948,,,0.29811465970871215
2018-01-31,6.069512844085693,6.144999980926514,6.231750011444092,6.111249923706055,6.14424991607666,478576000,79.07108949275006,,5.723712515830994,,0.2330073028443942,0.2700816790261775
2018-02-01,5.938641548156738,6.012499809265137,6.172500133514404,5.951499938964844,5.9629998207092285,519224000,68.64814314819736,,5.758750009536743,,0.13192448490050812,0.2590540044520863
2018-02-02,5.766284465789795,5.8379998207092285,5.949250221252441,5.779250144958496,5.925000190734863,718464000,57.83551994956869,,5.783662509918213,,0.09330961656834935,0.23988783362069566
2018-02-05,5.276871204376221,5.34250020980835,5.830749988555908,5.125,5.675000190734863,1165204000,39.03443913473123,,5.781537508964538,,-0.007892296614128713,0.243762128421759
2018-02-06,5.570224761962891,5.639500141143799,5.642499923706055,5.099999904632568,5.110000133514404,1114800000,49.60852750326515,,5.786012506484985,,0.016126116636598686,0.24008157625336551
2018-02-07,5.649734973907471,5.71999979019165,5.8742499351501465,5.667500019073486,5.739500045776367,802932000,52.036754301818945,0.11551618044269851,5.79458749294281,,0.030909205599701783,0.23414109679776413
2018-02-08,5.371198654174805,5.438000202178955,5.880499839782715,5.437749862670898,5.8470001220703125,1144000000,44.032128280504544,0.07950793963758507,5.786887502670288,,-0.027539307088757403,0.24349927274378522
2018-02-09,5.730727672576904,5.802000045776367,5.972249984741211,5.438000202178955,5.956250190734863,1674604000,53.89150010782192,0.07942730613550797,5.796887493133545,,0.0357014996110907,0.23958199478679218
2018-02-12,5.6307220458984375,5.70074987411499,5.88700008392334,5.6257500648498535,5.883999824523926,1093172000,51.19017815095716,0.07038204048271268,5.803199982643127,,0.022647733122428404,0.23503420174782502
2018-02-13,5.744308948516846,5.8157501220703125,5.862500190734863,5.631249904632568,5.664000034332275,625524000,54.00991133136163,0.07166702830692628,5.818849992752075,,0.05688068815330327,0.2241438980111947
2018-02-14,5.961358547210693,6.0355000495910645,6.0647501945495605,5.763750076293945,5.775000095367432,744988000,58.896383950273105,0.08938697562604947,5.839724993705749,,0.0743147057325706,0.2238950035642675
2018-02-15,6.086799621582031,6.162499904632568,6.209249973297119,6.038000106811523,6.119750022888184,698900000,61.445917675411124,0.1123825128095719,5.86729998588562,,0.0982890460877428,0.22816330995975959
2018-02-16,6.021116256713867,6.0960001945495605,6.25,6.086750030517578,6.135000228881836,637656000,59.36935856613544,0.12381342674662754,5.884462499618531,,0.059667164301952846,0.23197123851835671
2018-02-20,6.150507926940918,6.227000236511231,6.296750068664551,6.114999771118164,6.118750095367432,686240000,62.08748833120991,0.14180843757463446,5.9037000179290775,,0.06585654067397195,0.24393172118461737
2018-02-21,5.963581562042236,6.037749767303467,6.29925012588501,6.033999919891357,6.292250156402588,892292000,56.234598859124226,0.13919413868456587,5.906949996948242,,0.010882688602253054,0.24532912046332314
2018-02-22,5.983100414276123,6.053750038146973,6.140749931335449,5.987500190734863,6.0682501792907715,534364000,56.607042475864716,0.13683601570482473,5.914887499809265,,0.02692961115082282,0.24748083815014862
2018-02-23,6.0764994621276855,6.148250102996826,6.148250102996826,6.063000202178955,6.114250183105469,415300000,58.83519608896546,0.14096756537305222,5.926862502098084,,0.04053311503398249,0.2529032436730967
2018-02-26,6.092558860778809,6.164500236511231,6.19950008392334,6.101500034332275,6.195000171661377,469312000,59.22294558188916,0.1438943734518956,5.930925011634827,,0.013356378600823282,0.2561789579953071
2018-02-27,6.079709053039551,6.151500225067139,6.222750186920166,6.1282501220703125,6.137499809265137,455436000,58.74621113459415,0.14351059683491396,5.929937529563904,,-0.0032002660475168865,0.2552401756835608
2018-02-28,5.979394912719727,6.050000190734863,6.202499866485596,6.038249969482422,6.162499904632568,523116000,55.022034167894184,0.13347759991664265,5.929037547111511,,-0.0029663232569393516,0.2547590234043401
2018-03-01,5.7375006675720215,5.80525016784668,6.102250099182129,5.703000068664551,6.047749996185303,1040120000,47.244484428466706,0.10457165919567402,5.912050056457519,,-0.055288822479151234,0.2508987094620054
2018-03-02,5.844488620758057,5.91349983215332,5.920000076293945,5.546249866485596,5.696499824523926,913428000,50.57234169716475,0.0893681556786845,5.907100057601928,,-0.016465693181272,0.2497867495770769
2018-03-05,5.822499752044678,5.891250133514404,5.931250095367432,5.73799991607666,5.862750053405762,620776000,49.87592363081598,0.07466323359385107,5.909762573242188,,0.009121328270048856,0.2492947507824091
2018-03-06,5.983347415924072,6.053999900817871,6.073500156402588,5.934000015258789,5.977499961853027,636808000,54.78113319712006,0.07527430760180742,5.945337557792664,,0.13317728836084508,0.21207196020118738
2018-03-07,5.975441932678223,6.046000003814697,6.098750114440918,5.948750019073486,5.949999809265137,581208000,54.498809778713465,0.07425707399978965,5.965662550926209,,0.07208083207680405,0.20037466294643105
2018-03-08,5.959136009216309,6.0295000076293945,6.073750019073486,5.984749794006348,6.073750019073486,411912000,53.882010558001994,0.07129762263300243,5.9811375617980955,,0.05410843160666867,0.19218762968898354
2018-03-09,6.061673164367676,6.133250236511231,6.146249771118164,6.06125020980835,6.077499866485596,505524000,57.16483140244003,0.0764428271694495,6.015900063514709,,0.12785031417499693,0.1461356721799643
2018-03-12,6.171130657196045,6.24399995803833,6.324999809265137,6.166749954223633,6.175000190734863,605060000,60.40491599017952,0.08843756261561442,6.038000059127808,,0.07618061164679268,0.14550550851528748
2018-03-13,6.120480537414551,6.192749977111816,6.362500190734863,6.151000022888184,6.28725004196167,619772000,58.21062666186756,0.09273899432869204,6.062600064277649,,0.08630445360018646,0.12573402418451052
2018-03-14,6.145928382873535,6.218500137329102,6.263750076293945,6.1554999351501465,6.236249923706055,505496000,59.01619937536691,0.09710635110893584,6.082737565040588,5.848435029983521,0.06925160242534911,0.11599260683906727
2018-03-15,6.160752296447754,6.233500003814697,6.315499782562256,6.190999984741211,6.232250213623047,401952000,59.50589122417562,0.10061801484605226,6.09263756275177,5.873430032730102,0.0328058905801929,0.12012474721387974
2018-03-16,6.188920021057129,6.26200008392334,6.28125,6.211999893188477,6.25,399456000,60.47228847749218,0.10449618496390034,6.097612571716309,5.892435035705566,0.016146073968451358,0.12512668221727344
2018-03-19,5.954687595367432,6.025000095367432,6.233749866485596,5.925000190734863,6.204500198364258,713772000,49.82380703508417,0.08743781562768227,6.094062566757202,5.9061400413513185,-0.011646997525625147,0.12617760388239369
2018-03-20,6.166683197021484,6.239500045776367,6.278749942779541,6.0279998779296875,6.0279998779296875,554696000,57.17405201148481,0.09018766115896337,6.094687557220459,5.923230037689209,0.00200735647829986,0.12689962687323897
2018-03-21,6.141480445861816,6.214000225067139,6.300000190734863,6.1832499504089355,6.232999801635742,438688000,56.121537049743374,0.08928014519488237,6.103500080108643,5.936510038375855,0.029191414774777602,0.12884245383734594
2018-03-22,5.97568941116333,6.046249866485596,6.197000026702881,6.008500099182129,6.150000095367432,551196000,49.64667543392784,0.07416989587526768,6.103125071525573,5.946465034484863,-0.0012389298557283768,0.1290056889732291
2018-03-23,5.756279468536377,5.824250221252441,6.0625,5.813000202178955,6.059999942779541,735620000,42.636124315240345,0.04377676706351963,6.086925077438354,5.951110038757324,-0.05269790205614089,0.14266135932464508
2018-03-26,6.040670871734619,6.111999988555908,6.113249778747559,5.897500038146973,5.949999809265137,611424000,52.0813792096653,0.04242000351084929,6.084300065040589,5.961310033798218,-0.008516545695687272,0.14163816715459687
2018-03-27,5.572203636169434,5.638000011444092,6.25,5.496250152587891,6.193749904632568,1409000000,40.307720175572214,0.0030616292938718814,6.058625054359436,5.962580032348633,-0.08347560673582555,0.17208470838918902
2018-03-28,5.469170093536377,5.533750057220459,5.734749794006348,5.425000190734863,5.603250026702881,945904000,38.25916931983346,-0.03612582980899326,6.032812547683716,5.963200035095215,-0.08533059789072472,0.20834478694523706
2018-03-29,5.722182273864746,5.789750099182129,5.887499809265137,5.517499923706055,5.602749824523926,916628000,45.57414107392288,-0.04599490889482016,6.032037544250488,5.966635036468506,-0.0026700087362988567,0.20926263518991592
2018-04-02,5.461757659912109,5.526249885559082,5.866250038146973,5.4375,5.718500137329102,922092000,40.28366473352982,-0.07422289491894674,6.012675046920776,5.964940032958984,-0.06548574576575683,0.23689860141378827
2018-04-03,5.568003177642822,5.633749961853027,5.758749961853027,5.533750057220459,5.695000171661377,667432000,43.181530722532315,-0.08691748876717664,5.999800038337708,5.962560033798217,-0.04370891845119573,0.25045462802271595
2018-04-04,5.589992046356201,5.656000137329102,5.666500091552734,5.349999904632568,5.375249862670898,789168000,43.7895419870462,-0.09409794016280149,5.979900050163269,5.958835039138794,-0.06574162041776732,0.26149000680470263
2018-04-05,5.469910621643066,5.5345001220703125,5.728250026702881,5.462250232696533,5.715000152587891,701240000,41.19705916896024,-0.10834361765679468,5.9543250560760494,5.9500700378417966,-0.08460136973563614,0.27910512404893045
2018-04-06,5.293741226196289,5.356249809265137,5.539999961853027,5.326749801635742,5.430749893188477,662988000,37.673214073959294,-0.13248947406353562,5.920662546157837,5.93929503440857,-0.11165937432827999,0.3086023818139842
2018-04-09,5.322402477264404,5.385250091552734,5.54925012588501,5.364999771118164,5.420000076293945,499524000,38.59349742346154,-0.1475839034411619,5.8832625389099125,5.9288250350952145,-0.12195819771149286,0.3263007113866779
2018-04-10,5.631256103515625,5.697750091552734,5.724999904632568,5.5602498054504395,5.618000030517578,761676000,47.57621395774313,-0.13279938054965879,5.855950045585632,5.921115036010742,-0.08748396383032819,0.31725258636172143
2018-04-11,5.589992046356201,5.656000137329102,5.7245001792907715,5.623000144958496,5.682750225067139,460244000,46.59553180803099,-0.12303316231860428,5.829112553596497,5.910810041427612,-0.0866739076769647,0.3098790612923593
2018-04-12,5.796554088592529,5.864999771118164,5.882999897003174,5.705249786376953,5.75,593920000,51.93658852568552,-0.09730714405960672,5.8114375352859495,5.906750040054321,-0.05684656402737798,0.2962833544618367
2018-04-13,5.7199578285217285,5.787499904632568,5.937749862670898,5.738749980926514,5.9292497634887695,503036000,49.941989746529885,-0.08222484395742491,5.789137530326843,5.899600038528442,-0.07154890493449773,0.2791324129182008
2018-04-16,5.719710826873779,5.78725004196167,5.821000099182129,5.691999912261963,5.794250011444092,350792000,49.93533126542249,-0.06949112387439094,5.765400028228759,5.895095043182373,-0.07581444196727383,0.256034368867952
2018-04-17,5.869195461273193,5.938499927520752,5.960000038146973,5.783750057220459,5.840000152587891,447224000,53.93868548589328,-0.0466571229798447,5.761075019836426,5.897105045318604,-0.014356874104149653,0.2521189808002332
2018-04-18,5.840287208557129,5.909249782562256,5.981249809265137,5.819250106811523,5.887499809265137,391364000,53.05512223885441,-0.030568876030893755,5.74456250667572,5.908440036773682,-0.052928962383398614,0.22887914785810473
2018-04-19,5.659176826477051,5.72599983215332,5.827499866485596,5.670000076293945,5.793749809265137,471996000,47.77505988998924,-0.03223399055045206,5.720162487030029,5.910170030593872,-0.07853240670079731,0.20044597702747374
2018-04-20,5.651022911071777,5.717750072479248,5.802499771118164,5.68625020980835,5.717249870300293,386200000,47.545653943470036,-0.03382932901640867,5.703737497329712,5.910125036239624,-0.05433116415304373,0.1851983914040245
2018-04-23,5.531682014465332,5.5970001220703125,5.787499904632568,5.5707502365112305,5.735750198364258,427508000,44.20017882127254,-0.044326193328439345,5.692374992370605,5.913305034637451,-0.03901791484728845,0.18438487488848476
2018-04-24,5.465465068817139,5.53000020980835,5.71999979019165,5.464000225067139,5.623000144958496,414596000,42.41674785373172,-0.057389812860716205,5.6632750034332275,5.907865037918091,-0.09522247706761999,0.1588282927750186
2018-04-25,5.353288173675537,5.416500091552734,5.5395002365112305,5.257500171661377,5.5,588492000,39.508511441866055,-0.07602496793504798,5.65220000743866,5.902180042266846,-0.03928696691056288,0.16813340979846192
2018-04-26,5.564789295196533,5.630499839782715,5.638750076293945,5.51324987411499,5.579999923706055,375824000,46.90084540047157,-0.07268757426912753,5.6570374965667725,5.898475036621094,0.01748358374733905,0.16592333468502904
2018-04-27,5.592216968536377,5.658249855041504,5.757500171661377,5.615499973297119,5.737500190734863,400848000,47.79181028719359,-0.06703078229633341,5.650462484359741,5.890930032730102,-0.0227125941341062,0.1629666943817663
2018-04-30,5.556883335113525,5.622499942779541,5.724999904632568,5.603000164031982,5.674749851226807,327844000,46.70456202250881,-0.06468678406736217,5.655274987220764,5.880130033493042,0.017416884725385717,0.16050818251510526
2018-05-01,5.6122307777404785,5.678500175476074,5.681250095367432,5.554999828338623,5.614250183105469,253788000,48.67430523860366,-0.05764589186012792,5.657512497901917,5.871780033111572,0.007943237439726136,0.16050423998386953
2018-05-02,5.5917229652404785,5.657750129699707,5.71999979019165,5.631249904632568,5.675000190734863,268248000,47.966888973916205,-0.053127864388072155,5.657599997520447,5.860395030975342,0.0003094045841787185,0.16050384912811877
2018-05-03,5.756772994995117,5.824749946594238,5.851250171661377,5.64424991607666,5.690000057220459,443144000,53.78806881441618,-0.03566073081139187,5.672112488746643,5.856135034561158,0.052443728994869154,0.16190339943468268
2018-05-04,5.9067535400390625,5.976500034332275,5.979750156402588,5.778250217437744,5.795750141143799,400660000,58.348060889422975,-0.009463844448150738,5.703125,5.854590034484863,0.11579934602643838,0.15756177280760666
2018-05-07,6.144445896148682,6.2170000076293945,6.274750232696533,6.072249889373779,6.082250118255615,687616000,64.35175892976254,0.0303538147541369,5.744712495803833,5.855965032577514,0.1544496359382339,0.17772261098576017
2018-05-08,6.186943054199219,6.260000228881836,6.262750148773193,6.167749881744385,6.217249870300293,506616000,65.31441894071386,0.06463429115493824,5.772825002670288,5.857875032424927,0.09867932575046989,0.21121589382201444
2018-05-09,6.319874286651611,6.394499778747559,6.396749973297119,6.252749919891357,6.280250072479248,596760000,68.20648491290956,0.10148494996360036,5.809749984741211,5.862735023498535,0.13056924036200512,0.2505985796456155
2018-05-10,6.427356719970703,6.5032501220703125,6.512499809265137,6.429999828338623,6.447999954223633,994080000,70.35853961987715,0.13787526616179147,5.841662502288818,5.871800022125244,0.10882359349699788,0.29475369203025453
2018-05-11,6.288989067077637,6.363249778747559,6.494750022888184,6.263500213623047,6.319499969482422,1214456000,64.3223889170171,0.15364685099603204,5.8704499959945675,5.882960014343261,0.09948162135676841,0.31649896852292714
2018-05-14,6.309497356414795,6.383999824523926,6.462250232696533,6.360000133514404,6.401750087738037,523140000,64.80434443651444,0.16590781882272765,5.90028748512268,5.892370014190674,0.10311456706300848,0.3357839235773908
2018-05-15,6.067356586456299,6.138999938964844,6.322500228881836,6.037499904632568,6.31974983215332,963528000,55.30474876711935,0.15407915238795855,5.910312485694885,5.897325010299682,0.03376273703648902,0.339951966844186
2018-05-16,6.078474521636963,6.15024995803833,6.2129998207092285,6.062749862670898,6.099999904632568,553828000,55.62640919402867,0.14395322832797142,5.922362494468689,5.899250011444092,0.04078354856266997,0.3441575727338476
2018-05-17,6.120480537414551,6.192749977111816,6.287499904632568,6.135749816894531,6.1519999504089355,519784000,56.8886675282989,0.13776963432298306,5.945700001716614,5.902185010910034,0.08151417370596925,0.34596186078652236
2018-05-18,6.076745510101318,6.148499965667725,6.3092498779296875,6.143499851226807,6.245250225067139,483716000,55.130247739490464,0.12782499839962647,5.967237496376038,5.904565010070801,0.07533555817029636,0.34442873794105927
2018-05-21,6.034741401672363,6.105999946594238,6.2507500648498535,6.012249946594238,6.247000217437744,640624000,53.422280084752266,0.11518660692789062,5.992687487602234,5.904020004272461,0.09094154250896258,0.3342877123600378
2018-05-22,5.996691703796387,6.067500114440918,6.144999980926514,6.006249904632568,6.119500160217285,518264000,51.85504162893834,0.10090085370073432,6.019562482833862,5.900490007400513,0.09719708575765074,0.31625184191611977
2018-05-23,6.12006139755249,6.188499927520752,6.1897501945495605,6.006249904632568,6.006999969482422,442956000,56.203748615602116,0.09821085146131647,6.0581624746322635,5.9004050064086915,0.14252742969061982,0.28426690089035433
2018-05-24,6.123767375946045,6.192249774932861,6.235000133514404,6.13100004196167,6.184750080108643,437372000,56.335377929024204,0.0952832209936636,6.086249971389771,5.899879999160767,0.09976910596481336,0.26701583564982484
2018-05-25,6.163079738616943,6.23199987411499,6.248499870300293,6.169000148773193,6.204999923706055,292112000,57.78382897208572,0.0950745928299046,6.114937472343445,5.899849996566773,0.1014006156978513,0.2488130934106176
2018-05-29,6.146018981933594,6.214749813079834,6.2835001945495605,6.167500019073486,6.213749885559082,352684000,56.90169125185368,0.09245159332751829,6.1445499658584595,5.8989049911499025,0.10533568276169847,0.2207857905653061
2018-05-30,6.2548041343688965,6.324749946594238,6.333499908447266,6.223750114440918,6.24875020980835,390996000,60.991274875930195,0.09811789675183924,6.176862454414367,5.904899988174439,0.11380641915080747,0.19474255996917345
2018-05-31,6.235025405883789,6.304749965667725,6.380000114440918,6.281750202178955,6.292500019073486,493868000,59.878742674554076,0.09984371552317484,6.209212446212769,5.9062049865722654,0.11435638215474841,0.15329980929716291
2018-06-01,6.369274139404297,6.440499782562256,6.446750164031982,6.341249942779541,6.349999904632568,421968000,64.5988953571091,0.11088707783961738,6.239999938011169,5.910734977722168,0.10571266433987425,0.1324348547694629
2018-06-04,6.548025131225586,6.621250152587891,6.643499851226807,6.442500114440918,6.474999904632568,642024000,69.70889887599475,0.13269444731648683,6.2722374439239506,5.922234983444214,0.10788088589505884,0.14297132865402454
2018-06-05,6.553462982177734,6.6267499923706055,6.664750099182129,6.579249858856201,6.624499797821045,391712000,69.85150087335859,0.14870653942699708,6.29272494316101,5.9382849788665775,0.06590799167417938,0.1626440148336271
2018-06-06,6.555443286895752,6.628749847412109,6.631999969482422,6.51924991607666,6.535749912261963,371356000,69.90697743304001,0.15971649701629786,6.311162424087525,5.948619976043701,0.0589056877073213,0.17883415589175533
2018-06-07,6.499814510345459,6.572500228881836,6.63700008392334,6.481249809265137,6.625,369448000,66.21623244455861,0.1620352520879358,6.320062446594238,5.967309980392456,0.027836493282222152,0.18742290716555732
2018-06-08,6.484485626220703,6.557000160217285,6.599999904632568,6.480000019073486,6.499000072479248,360456000,65.19481031276193,0.1607689122410445,6.322749948501587,5.987774982452392,0.008265103930811257,0.1905472560310023
2018-06-11,6.443444728851318,6.515500068664551,6.586249828338623,6.502500057220459,6.544250011444092,265372000,62.41858424940413,0.15463409266743877,6.330362462997437,6.002289981842041,0.02392649907056743,0.19523403551848612
2018-06-12,6.491903305053711,6.564499855041504,6.576749801635742,6.491499900817871,6.542250156402588,319160000,64.34896829132752,0.15197421308095205,6.339387464523315,6.02305498123169,0.028273815081290232,0.20190208447904281
2018-06-13,6.487452983856201,6.559999942779541,6.641749858856201,6.550749778747559,6.565999984741211,338208000,64.0237267017834,0.14779939461387936,6.3604374647140505,6.041579980850219,0.06857794559380403,0.20185680667570896
2018-06-14,6.598956108093262,6.672749996185303,6.730000019073486,6.5904998779296875,6.605500221252441,430016000,68.34143331519343,0.15183850811376765,6.386562466621399,6.061914978027343,0.08495590288392574,0.20696901020038616
2018-06-15,6.558160781860352,6.631499767303467,6.686999797821045,6.583749771118164,6.614999771118164,432260000,65.25575896797517,0.14998208580984418,6.4084999561309814,6.0838549709320064,0.07084894300807454,0.20859090959390975
2018-06-18,6.553957939147949,6.6272501945495605,6.644999980926514,6.559500217437744,6.586999893188477,356268000,64.93050814929657,0.14647942907500777,6.432437467575073,6.109274978637695,0.07786455746199938,0.20461578454619575
2018-06-19,6.4323201179504395,6.5042500495910645,6.591000080108643,6.375500202178955,6.5229997634887695,594932000,56.19927989583601,0.13225392372680833,6.452349972724915,6.131654977798462,0.06522274917787363,0.19003465072239764
2018-06-20,6.485226631164551,6.557750225067139,6.611249923706055,6.506999969482422,6.545750141143799,369780000,58.79473498469174,0.12386923782272863,6.476862478256225,6.14885498046875,0.08079935745850308,0.16813727822551972
2018-06-21,6.35666561126709,6.427750110626221,6.608500003814697,6.420000076293945,6.590000152587891,359516000,50.90179852010174,0.10551804471942727,6.488824987411499,6.164289979934693,0.038660448559028726,0.1544991523966508
2018-06-22,6.204367160797119,6.273749828338623,6.462250232696533,6.2582502365112305,6.448750019073486,434160000,43.458910720293865,0.07765292168142679,6.492899990081787,6.172464981079101,0.013161622409949558,0.1471658799473008
2018-06-25,5.911888599395752,5.978000164031982,6.170000076293945,5.888500213623047,6.166250228881836,665816000,33.36807877403503,0.03134377318353021,6.480200004577637,6.17627498626709,-0.04075733556061378,0.1784915294925375
2018-06-26,5.982844352722168,6.049749851226807,6.141250133514404,5.9977498054504395,6.09250020980835,478884000,37.17902850403836,0.0004281045561782548,6.4719500064849855,6.181524982452393,-0.026549735197024527,0.19450173546703492
2018-06-27,5.8278279304504395,5.89300012588501,6.160749912261963,5.887499809265137,6.09375,453892000,32.769499956096894,-0.0363027034219332,6.450362515449524,6.180614986419678,-0.06826353995887502,0.23203700795175397
2018-06-28,5.954906940460205,6.021500110626221,6.0335001945495605,5.875249862670898,5.882999897003174,338012000,39.141773152457844,-0.0544159849248933,6.436200022697449,6.182859992980957,-0.044926421600210986,0.24938774626152602
2018-06-29,5.857004165649414,5.922500133514404,6.099999904632568,5.921249866485596,6.087250232696533,392300000,36.28807108100924,-0.0758846112290108,6.4103000402450565,6.1867899990081785,-0.0804284863808773,0.2745468628499038
2018-07-02,5.989026069641113,6.056000232696533,6.059750080108643,5.831500053405762,5.852250099182129,357572000,42.38784111536371,-0.08119039758689262,6.382037544250489,6.193555002212524,-0.08536906276988065,0.28071306273848207
2018-07-03,5.8555192947387695,5.921000003814697,6.0970001220703125,5.912499904632568,6.091000080108643,222732000,38.38563845276167,-0.09519135504205423,6.346750044822693,6.2000349998474125,-0.10650016816213681,0.292445579944927
2018-07-05,6.00114107131958,6.068250179290772,6.073249816894531,5.9375,5.976749897003174,306216000,44.53694749292531,-0.09332951164225634,6.318725061416626,6.210799999237061,-0.08455586362791445,0.29085122077499476
2018-07-06,6.114868640899658,6.183249950408936,6.1917500495910645,6.021999835968018,6.043499946594238,296352000,48.833290262160816,-0.081633447332222,6.299262547492981,6.226134996414185,-0.059224079865741075,0.2859582322294252
2018-07-09,6.1623382568359375,6.231249809265137,6.26800012588501,6.151750087738037,6.2582502365112305,303880000,50.554943562324425,-0.06771051991751431,6.282975029945374,6.238149995803833,-0.049679783893943674,0.2797142801622411
2018-07-10,6.261232852935791,6.331250190734863,6.353499889373779,6.203000068664551,6.243750095367432,360016000,54.025667126658355,-0.04805337518854902,6.273762536048889,6.2516100025177,-0.028278700942052537,0.2746410756882684
2018-07-11,6.119814395904541,6.1882500648498535,6.272500038146973,6.177499771118164,6.237500190734863,367508000,48.75532673962992,-0.04351227895937804,6.254950046539307,6.262925004959106,-0.0573158349455507,0.26644172736005267
2018-07-12,6.211291313171387,6.280749797821045,6.329249858856201,6.223999977111816,6.234000205993652,345508000,52.01611554988909,-0.03207967752902707,6.240987539291382,6.274969997406006,-0.0425686200296177,0.2567554481859936
2018-07-13,6.164069175720215,6.232999801635742,6.299499988555908,6.190499782562256,6.299499988555908,246988000,50.238933569157965,-0.02656604730032619,6.219000029563904,6.286474990844726,-0.06590239328627001,0.23580989403599542
2018-07-16,6.136380672454834,6.204999923706055,6.258500099182129,6.192500114440918,6.204999923706055,197036000,49.17789445287274,-0.024177113055133148,6.197675037384033,6.294079990386963,-0.06431423638137856,0.21490079472306245
2018-07-17,6.272110939025879,6.342249870300293,6.357500076293945,6.129499912261963,6.155250072479248,362136000,54.275652608451644,-0.011081204581380177,6.18342502117157,6.301394987106323,-0.043004310367467324,0.19327788656931794
2018-07-18,6.222911834716797,6.292500019073486,6.348750114440918,6.241000175476074,6.334750175476074,277640000,52.23054838515535,-0.0046632449966024225,6.172837519645691,6.302904987335205,-0.03255564114280807,0.18013112765179887
2018-07-19,6.231069087982178,6.300749778747559,6.334750175476074,6.2582502365112305,6.273499965667725,235752000,52.5498361685999,0.0010763137973412995,6.159987497329712,6.30371997833252,-0.039190337768155725,0.15917526480619548
2018-07-20,6.20288610458374,6.272250175476074,6.337500095367432,6.261250019073486,6.298250198364258,222352000,51.274812267832424,0.0032873808102866775,6.152212500572205,6.30127498626709,-0.024191969580938943,0.1488721835970214
2018-07-23,6.166293621063232,6.235249996185303,6.247250080108643,6.081999778747559,6.245500087738037,301584000,49.592477344449236,0.0020306539874290763,6.150287508964539,6.295914983749389,-0.006136654027773969,0.14746014728576692
2018-07-24,6.148988246917725,6.217750072479248,6.371250152587891,6.199999809265137,6.283750057220459,354620000,48.7773165278292,-0.00037310771059217984,6.162275004386902,6.293004989624023,0.040105370001455753,0.14237453812785938
2018-07-25,6.227113723754883,6.296750068664551,6.309500217437744,6.168749809265137,6.227250099182129,319112000,52.56765251951841,0.004049849147172324,6.174625015258789,6.291259994506836,0.04082817033958119,0.1428121420614406
2018-07-26,6.300542831420898,6.370999813079834,6.408249855041504,6.259500026702881,6.276500225067139,325124000,55.87268308686553,0.013392033144108417,6.19852499961853,6.295899991989136,0.08111313032138079,0.13285075685458997
2018-07-27,6.23082160949707,6.30049991607666,6.414999961853027,6.245999813079834,6.4079999923706055,295420000,52.15657666472996,0.014934868900495779,6.212474989891052,6.298904991149902,0.04633393678065123,0.1278375152975848
2018-07-30,6.03575325012207,6.103250026702881,6.3207502365112305,6.067999839782715,6.3147501945495605,340340000,43.449266181094494,0.0002384115071594195,6.221512484550476,6.297114992141724,0.0305191876933264,0.1116190242910801
2018-07-31,6.053802013397217,6.121500015258789,6.197000026702881,6.053500175476074,6.092750072479248,283988000,44.37455845355586,-0.009822784360735248,6.224787473678589,6.296574993133545,0.010815683627061423,0.10738788584880277
2018-08-01,6.0936079025268555,6.161749839782715,6.209000110626221,6.097249984741211,6.153250217437744,283556000,46.45541585032462,-0.014382734900786787,6.236824965476989,6.2976899909973145,0.040660333695813344,0.08204616632994802
2018-08-02,6.19620943069458,6.265500068664551,6.269499778747559,6.030250072479248,6.089749813079834,269668000,51.49258709350054,-0.009515068377195846,6.2466874599456785,6.3016499900817875,0.03250523355924528,0.07195002719050674
2018-08-03,6.232800006866455,6.302499771118164,6.326499938964844,6.273250102996826,6.290249824523926,214288000,53.18403638963972,-0.002641392490593475,6.25264995098114,6.303929986953736,0.019285945362978785,0.07135492913184784
2018-08-06,6.280516624450684,6.350749969482422,6.354249954223633,6.24275016784668,6.289750099182129,207508000,55.36961801086291,0.006623086121877897,6.258624958992004,6.307099990844726,0.01917755889670847,0.07440664425152907
2018-08-07,6.3527092933654785,6.423749923706055,6.442500114440918,6.373000144958496,6.400000095367432,258132000,58.524430754762484,0.019629462168042622,6.263249945640564,6.310934991836548,0.014610026485220029,0.08167800873997583
2018-08-08,6.389052867889404,6.4604997634887695,6.50600004196167,6.389750003814697,6.425000190734863,262100000,60.05523751451007,0.03252755640718519,6.27686243057251,6.315849990844726,0.04399461815309191,0.09070807969725392
2018-08-09,6.340595245361328,6.411499977111816,6.481249809265137,6.403749942779541,6.478499889373779,204280000,57.032675755341884,0.038353401625363936,6.283399939537048,6.317584991455078,0.02081760673480937,0.09558367388939068
2018-08-10,6.299306392669678,6.369750022888184,6.402500152587891,6.317500114440918,6.328750133514404,256396000,54.51507196018327,0.0391502537912789,6.290237450599671,6.318884992599488,0.02193971211366863,0.0966735329297642
2018-08-13,6.332189083099365,6.402999877929688,6.525000095367432,6.3767499923706055,6.378499984741211,375208000,56.174317876536655,0.04198082151670146,6.300137448310852,6.318134994506836,0.03190974321646323,0.0976188607062427
2018-08-14,6.46347188949585,6.535749912261963,6.550000190734863,6.42549991607666,6.509500026702881,466220000,62.11622741363009,0.054309835191141076,6.309812450408936,6.316424989700318,0.030509684405182202,0.11072180908105494
2018-08-15,6.405371189117432,6.477000236511231,6.591000080108643,6.397500038146973,6.5567498207092285,591136000,58.34602929613372,0.058663819517880356,6.319037461280823,6.31342999458313,0.029320654251648426,0.11672664426562551
2018-08-16,6.364823818206787,6.435999870300293,6.550000190734863,6.375249862670898,6.547500133514404,801260000,55.800578269862775,0.058135842759690526,6.32579996585846,6.309574995040894,0.021465713812177212,0.1194963590233067
2018-08-17,6.052811622619629,6.120500087738037,6.324250221252441,6.093249797821045,6.323500156402588,1143188000,40.98360220343805,0.031891595206174905,6.318212461471558,6.300534992218018,-0.024193883134854266,0.12761728806052783
2018-08-20,6.127477645874023,6.196000099182129,6.329999923706055,5.9679999351501465,6.079500198364258,854388000,44.76349683322397,0.016989218745757206,6.316249966621399,6.293314990997314,-0.006294839345204584,0.12925155708230418
2018-08-21,6.262963771820068,6.333000183105469,6.337500095367432,6.192500114440918,6.212500095367432,673988000,50.907867314595435,0.016048739965857983,6.32201247215271,6.289664993286133,0.018535661498575884,0.12718150030195824
2018-08-22,6.497835636138916,6.570499897003174,6.575500011444092,6.296500205993652,6.300000190734863,749856000,59.34978325699707,0.03407485211628636,6.335699963569641,6.289784994125366,0.04347478069693844,0.1385428699024104
2018-08-23,6.597225189208984,6.671000003814697,6.736999988555908,6.517499923706055,6.531499862670898,720684000,62.30381173527255,0.05582665959100286,6.3506999731063845,6.292004995346069,0.047088400492329985,0.1575083023886903
2018-08-24,6.73023796081543,6.805500030517578,6.820250034332275,6.675000190734863,6.679500102996826,531512000,65.87762304773791,0.0829618196048596,6.37594997882843,6.294659996032715,0.0801523880910362,0.18679290979192442
2018-08-27,6.821221351623535,6.897500038146973,6.972499847412109,6.803750038146973,6.8354997634887695,505776000,68.10506348514392,0.11061515846244863,6.415662479400635,6.299980001449585,0.1301355848063075,0.20888775357443448
2018-08-28,6.783639907836914,6.859499931335449,6.9145002365112305,6.738249778747559,6.891499996185303,475384000,66.18331315243515,0.12798896063129384,6.452562475204468,6.304624996185303,0.12055867258630748,0.21912213764277316
2018-08-29,6.88901948928833,6.962250232696533,6.987500190734863,6.827000141143799,6.8480000495910645,420108000,68.75097050153695,0.14833895548034715,6.4925874948501585,6.313784999847412,0.1299144583484173,0.23568994911482402
2018-08-30,6.872199058532715,6.945250034332275,7.043000221252441,6.9079999923706055,6.930749893188477,346608000,67.8332629872485,0.16123607003125606,6.526574993133545,6.321534996032715,0.10849093579414948,0.24980802786063236
2018-08-31,6.9431939125061035,7.017000198364258,7.03000020980835,6.914999961853027,6.925000190734863,306592000,69.67321069931609,0.17522685867590138,6.562300014495849,6.333319997787475,0.11336778313271245,0.26660226621478816
2018-09-04,7.017899990081787,7.09250020980835,7.130499839782715,6.974999904632568,7.003749847412109,391720000,71.51932087608184,0.1902142084280607,6.599387526512146,6.34969500541687,0.11679726707716376,0.2864765769133121
2018-09-05,6.887288570404053,6.9604997634887695,7.110499858856201,6.878749847412109,7.074749946594238,393156000,64.16500194552886,0.189258800596674,6.626225018501282,6.369344997406006,0.08355708832965392,0.2941943695057528
2018-09-06,6.746286392211914,6.817999839782715,6.946499824523926,6.784749984741211,6.943999767303467,322796000,57.313300761635126,0.1749859509676508,6.644100022315979,6.384709997177124,0.05533628811726632,0.294455663772817
2018-09-07,6.72501277923584,6.796500205993652,6.923250198364258,6.679749965667725,6.724999904632568,295420000,56.33586929408458,0.16009430652905898,6.663350033760071,6.402779998779297,0.060048386532985276,0.2910136908313107
2018-09-10,6.7960100173950195,6.868249893188477,6.898250102996826,6.775000095367432,6.819250106811523,220140000,58.857575074872216,0.1523262489641759,6.688275027275085,6.419714994430542,0.0782605076351588,0.2858457696721037
2018-09-11,6.74826717376709,6.820000171661377,6.909999847412109,6.80049991607666,6.821499824523926,243112000,56.494720764608836,0.14065527167369662,6.70912504196167,6.437664995193481,0.06512576943333004,0.2790702059688324
2018-09-12,6.634476184844971,6.704999923706055,6.799499988555908,6.547999858856201,6.779749870300293,419092000,51.21709963844067,0.12073462556450743,6.717587542533875,6.4506449890136714,0.025896035453644828,0.27608629657884204
2018-09-13,6.7121500968933105,6.7835001945495605,6.875,6.754000186920166,6.771500110626221,305536000,54.35190150247498,0.11001351844579776,6.732912540435791,6.467894992828369,0.0473212825144842,0.2704785558847424
2018-09-14,6.838061332702637,6.910749912261963,6.977499961853027,6.837500095367432,6.874750137329102,386936000,58.956170698020394,0.11051104996864414,6.756650042533875,6.484744987487793,0.07376476872730553,0.2637995602416766
2018-09-17,6.776219367980957,6.848249912261963,6.934500217437744,6.828750133514404,6.885000228881836,205528000,55.97008768852803,0.10465571369772508,6.793037533760071,6.498044986724853,0.11890365396479896,0.21757475817255442
2018-09-18,6.704233169555664,6.7754998207092285,6.955999851226807,6.768750190734863,6.852250099182129,299520000,52.62865229952518,0.09307211571262641,6.822012519836425,6.508929986953735,0.09352803619283234,0.16646472823998198
2018-09-19,6.7279839515686035,6.799499988555908,6.817500114440918,6.706250190734863,6.756750106811523,224860000,53.6125345872322,0.0848505396184791,6.845337510108948,6.518294982910156,0.07366173882244942,0.12074162374293536
2018-09-20,6.586981773376465,6.6570000648498535,6.718999862670898,6.602499961853027,6.676249980926514,430584000,47.327265822781314,0.0660746608488676,6.849662518501281,6.527669982910156,0.01316492948826209,0.11158037465024673
2018-09-21,6.5169758796691895,6.586249828338623,6.715000152587891,6.552750110626221,6.669000148773193,435128000,44.535603996044536,0.044967333420509625,6.845425009727478,6.533779983520508,-0.012704268539590946,0.12001321017356742
2018-09-24,6.572632789611816,6.642499923706055,6.645999908447266,6.4670000076293945,6.554999828338623,293912000,47.20214181993784,0.03240499237722716,6.8372750043869015,6.541969985961914,-0.023951231515772498,0.12812748103641383
2018-09-25,6.639670372009277,6.710249900817871,6.735499858856201,6.6227498054504395,6.709249973297119,280388000,50.3013357304356,0.027597971302353308,6.827912497520447,6.5520749855041505,-0.027147536976224074,0.13031774288190018
2018-09-26,6.602811336517334,6.672999858856201,6.75600004196167,6.6570000648498535,6.715250015258789,268548000,48.61176592414851,0.02054576658518492,6.8185874938964846,6.558689985275269,-0.027188581433944092,0.13454261971544285
2018-09-27,6.614686489105225,6.684999942779541,6.730000019073486,6.653250217437744,6.708499908447266,214428000,49.20369671292767,0.015743666831028236,6.804724979400635,6.56653998374939,-0.0398219369672973,0.13323818778668683
2018-09-28,6.951605319976807,7.0254998207092285,7.047999858856201,6.789999961853027,6.8182501792907715,709396000,62.42836283919062,0.03896430638178128,6.808737468719483,6.581034984588623,0.01155462884421099,0.13878573358532992
2018-10-01,7.157912731170654,7.234000205993652,7.301499843597412,7.065000057220459,7.104000091552734,622060000,67.93361478502177,0.07334558683446879,6.819587469100952,6.600269985198975,0.030924896892546627,0.16239793524724755
2018-10-02,7.086668968200684,7.162000179290772,7.318999767303467,7.139500141143799,7.206250190734863,383964000,64.42311248685584,0.09370304845689326,6.823062467575073,6.618804988861084,0.009799078946280515,0.16914837551533005
2018-10-03,7.092852592468262,7.16825008392334,7.240499973297119,7.0632500648498535,7.232999801635742,320552000,64.59414749380622,0.10908335353396303,6.833449983596802,6.637814989089966,0.029847040800765834,0.1837790086289456
2018-10-04,6.908810138702393,6.982250213623047,7.15625,6.9045000076293945,7.131750106811523,391220000,55.970341978504166,0.10505273847313568,6.841662502288818,6.6515249919891355,0.02409069781461981,0.1866989764703961
2018-10-05,6.675541877746582,6.746500015258789,7.019999980926514,6.688499927520752,6.957250118255615,426636000,47.342854602989384,0.08189138334544577,6.8391624927520756,6.659034996032715,-0.0073567555682216845,0.1876678074998464
2018-10-08,6.57436466217041,6.64424991607666,6.7789998054504395,6.501999855041504,6.662499904632568,408612000,44.163177363941976,0.054655084283917965,6.827962493896484,6.665909996032715,-0.0326138362167,0.19246338676540467
2018-10-09,6.568675994873047,6.638500213623047,6.718999862670898,6.570000171661377,6.623499870300293,273500000,43.984284734618704,0.03223458785156197,6.818887495994568,6.676614999771118,-0.026612896403214625,0.19708218897222915
2018-10-10,6.077646255493164,6.142250061035156,6.577750205993652,6.139999866485596,6.531499862670898,684940000,31.953568808976684,-0.025285580646344563,6.790750002861023,6.677030000686646,-0.08392988353083375,0.24783482018871655
2018-10-11,5.8164215087890625,5.8782501220703125,6.189000129699707,5.856500148773193,6.0542497634887695,725436000,27.624657423278308,-0.09112290915162813,6.74548749923706,6.671360006332398,-0.13344881646890827,0.3210713522844724
2018-10-12,6.098670482635498,6.16349983215332,6.238500118255615,5.991250038146973,6.137750148773193,608236000,37.48024774381588,-0.11891146134542296,6.708124995231628,6.6693200016021725,-0.10812865312674291,0.34352110923152246
2018-10-15,5.822607040405273,5.884500026702881,6.150000095367432,5.883500099182129,6.150000095367432,449760000,32.77864076136241,-0.16158439741529307,6.659937500953674,6.660960006713867,-0.14072936851113793,0.38759791303420266
2018-10-16,6.081106662750244,6.145750045776367,6.1570000648498535,5.948500156402588,5.9982500076293945,408712000,40.327097124680776,-0.17233573443949624,6.628450012207031,6.656860008239746,-0.09294513933983717,0.4029898491567319
2018-10-17,6.0125861167907715,6.076499938964844,6.247000217437744,6.0269999504089355,6.208499908447266,329668000,39.07455120171708,-0.18431943168912746,6.592300009727478,6.649915008544922,-0.10633135536553129,0.41895043591422176
2018-10-18,5.925264358520508,5.988249778747559,6.1852498054504395,5.927249908447266,6.146500110626221,524020000,37.477047744288924,-0.19864776075743507,6.558862495422363,6.640470008850098,-0.10045820633732838,0.43968883282190957
2018-10-19,5.668989181518555,5.729249954223633,6.06374979019165,5.692500114440918,6.044000148773193,613608000,33.188553921734055,-0.2282708221176204,6.516012501716614,6.626825008392334,-0.13011955155839694,0.47705144750445716
2018-10-22,5.719700813293457,5.7804999351501465,5.882999897003174,5.676750183105469,5.7820000648498535,368844000,34.778952962107695,-0.24479007886872584,6.4729125022888185,6.615040006637574,-0.12977041753204444,0.5032426984017068
2018-10-23,5.468371868133545,5.526500225067139,5.604750156402588,5.417749881744385,5.510749816894531,626436000,30.858355877147943,-0.275204971100643,6.413725018501282,6.597510013580322,-0.1764091789795269,0.5419805322485192
2018-10-24,4.932814598083496,4.985249996185303,5.534749984741211,4.971250057220459,5.487750053405762,884288000,24.516182496494906,-0.33907472006949213,6.3293375253677375,6.566500015258789,-0.25292220865717063,0.6245843888026514
2018-10-25,5.141347408294678,5.196000099182129,5.243750095367432,4.8420000076293945,4.886750221252441,951720000,30.5054087287606,-0.36843904828101515,6.254887533187866,6.540880012512207,-0.2227374504626105,0.6672452975798409
2018-10-26,4.905108451843262,4.957250118255615,5.120999813079834,4.828000068664551,4.957749843597412,664784000,27.81309076694758,-0.4062921352638842,6.151475048065185,6.511305017471313,-0.29439182339126757,0.7009484618442267
2018-10-29,4.591689586639404,4.640500068664551,5.103250026702881,4.40024995803833,5.09975004196167,758016000,24.69864573305665,-0.4565868126649777,6.0218000411987305,6.481705017089844,-0.35851535298275017,0.7294597387895818
2018-10-30,5.021618843078613,5.074999809265137,5.085000038146973,4.640500068664551,4.663750171661377,807192000,35.38695769210693,-0.45612725795792475,5.917450022697449,6.459285011291504,-0.29139909491489346,0.7066866534396296
2018-10-31,5.2153120040893555,5.270750045776367,5.3147501945495605,5.100249767303467,5.241250038146973,745772000,39.549903791974074,-0.43495377306166816,5.8225750207901,6.438040008544922,-0.26470896187098836,0.65543915547609
2018-11-01,5.395398139953613,5.452750205993652,5.462250232696533,5.179749965667725,5.307499885559082,566528000,43.21328015686639,-0.398889590939727,5.7461000204086305,6.4156850147247315,-0.21905545645516855,0.5998843998810877
2018-11-02,5.316486835479736,5.373000144958496,5.550000190734863,5.255249977111816,5.4432501792907715,452960000,42.01184527392375,-0.37245025550295185,5.677425026893616,6.389725017547607,-0.20358702544931473,0.5563718391163326
2018-11-05,5.238564968109131,5.294250011444092,5.3832502365112305,5.131999969482422,5.359749794006348,379332000,40.80540546362432,-0.35377329103365884,5.609925031661987,6.3595000171661376,-0.20318319173486554,0.5131117957012592
2018-11-06,5.221002101898193,5.276500225067139,5.371250152587891,5.238999843597412,5.286250114440918,299012000,40.52294257789307,-0.33652467458170676,5.5418250322341915,6.327080020904541,-0.2051668215300967,0.4566954289200503
2018-11-07,5.288532733917236,5.344749927520752,5.4352498054504395,5.2795000076293945,5.34375,483812000,42.18028392035636,-0.3137313415580172,5.501950025558472,6.296785020828247,-0.1298384347087297,0.4358519569805845
2018-11-08,5.095584869384766,5.149750232696533,5.285749912261963,5.095749855041504,5.284999847412109,511352000,38.849363545973446,-0.30785356237662587,5.465525031089783,6.260535020828247,-0.1239314207877229,0.4331815570920148
2018-11-09,5.087668418884277,5.141749858856201,5.232999801635742,5.026000022888184,5.059999942779541,413240000,38.71428479827109,-0.3003783684824377,5.414437532424927,6.2244650173187255,-0.16577431672293141,0.4059259626249691
2018-11-12,4.688660144805908,4.738500118255615,5.071750164031982,4.7164998054504395,5.049499988555908,617116000,32.56764252185714,-0.3232666902544752,5.357137537002563,6.178895015716552,-0.1947489002034003,0.4168180661660792
2018-11-13,4.930339813232422,4.982749938964844,5.105249881744385,4.830999851226807,4.837250232696533,644712000,38.89587028011794,-0.3180308690192435,5.298987531661988,6.136700010299682,-0.1892364801934613,0.38055614618012623
2018-11-14,4.877897262573242,4.929749965667725,5.171999931335449,4.8207502365112305,5.15749979019165,526580000,38.061186147879496,-0.3145323645649807,5.241650032997131,6.096085014343262,-0.18871883235671894,0.34164429710034244
2018-11-15,5.006532669067383,5.059750080108643,5.132500171661377,4.887499809265137,4.923749923706055,840708000,41.383866759219956,-0.29783657713612666,5.195225048065185,6.06092001914978,-0.15505360212831865,0.2947136448781706
2018-11-16,4.067513942718506,4.110750198364258,4.266499996185303,4.040249824523926,4.083000183105469,1963520000,29.108138765829963,-0.35706537724257537,5.114300060272217,6.007205018997192,-0.282497668768354,0.3561632197773058
2018-11-19,3.5794503688812256,3.617500066757202,4.045499801635742,3.6157500743865967,4.044750213623047,1697820000,24.96333045368715,-0.43874817554827494,5.00615006685257,5.942190022468567,-0.37418906541978214,0.4572717762122827
2018-11-20,3.6877987384796143,3.7269999980926514,3.8564999103546143,3.332750082015991,3.3515000343322754,1692032000,27.433669134316972,-0.489009653481272,4.916175055503845,5.880330018997192,-0.32561298356820856,0.5219600018451146
2018-11-21,3.579698324203491,3.6177499294281006,3.882499933242798,3.590250015258789,3.865499973297119,1025496000,26.49640404380061,-0.5315306498922583,4.847800052165985,5.818585019111634,-0.2743092257767632,0.5966589551283618
2018-11-23,3.586872100830078,3.625,3.7397499084472656,3.5697500705718994,3.582750082015991,411968000,26.675437100488182,-0.5582091383180101,4.769250047206879,5.755415015220642,-0.3023479732861073,0.6494787746305359
2018-11-26,3.7860047817230225,3.826250076293945,3.836750030517578,3.6640000343322754,3.7472500801086426,814832000,31.651994195830966,-0.5566955930974391,4.712700045108795,5.693725018501282,-0.22815069140785116,0.6807340372095891
2018-11-27,3.802826404571533,3.843250036239624,3.9252500534057617,3.7637500762939453,3.799999952316284,738060000,32.07139449431787,-0.5478095355859693,4.672837543487549,5.633625020980835,-0.17180261192289137,0.7079818559789148
2018-11-28,3.9596590995788574,4.0017499923706055,4.006999969482422,3.828249931335449,3.9619998931884766,804524000,36.013747375371516,-0.5219608098604258,4.619175052642822,5.578150024414063,-0.21147780438043773,0.7165178447216711
2018-11-29,3.896516799926758,3.934000015258789,4.037499904632568,3.9035000801086426,4.0,549172000,35.076648163125,-0.5011652444620349,4.552337551116944,5.52084002494812,-0.2536166615582087,0.7148841806180168
2018-11-30,4.046820163726807,4.085750102996826,4.096499919891357,3.8929998874664307,3.9437499046325684,729564000,38.910940149082705,-0.4670557176270762,4.483987545967102,5.46941502571106,-0.25069919790094586,0.6891510748687157
2018-12-03,4.21049690246582,4.250999927520752,4.367000102996826,4.183499813079834,4.315000057220459,890804000,42.86789601203279,-0.42182683490117334,4.4278875350952145,5.422710027694702,-0.2088219220486195,0.6579333865117174
2018-12-04,3.8903253078460693,3.9277501106262207,4.210999965667725,3.9124999046325684,4.205999851226807,812112000,37.72081716668104,-0.4073702673337056,4.359562540054322,5.368415031433106,-0.25811019461945206,0.6337373640235614
2018-12-06,3.9195449352264404,3.9572501182556152,3.962249994277954,3.770250082015991,3.7860000133514404,692308000,38.447165978051814,-0.3890482235615931,4.293600034713745,5.313355035781861,-0.2500236995241931,0.6010909997203709
2018-12-07,3.6550893783569336,3.690249919891357,3.971750020980835,3.640500068664551,3.9614999294281006,681676000,34.52269472953704,-0.391558909096128,4.2108750343322745,5.253700037002563,-0.30955611208490375,0.5613491342104482
2018-12-10,3.7603261470794678,3.796499967575073,3.821500062942505,3.641249895095825,3.6449999809265137,629472000,37.26689519963525,-0.38058797334247796,4.143212521076202,5.195930037498474,-0.26277978619807085,0.522433571850931
2018-12-11,3.6694512367248535,3.704750061035156,3.897249937057495,3.625,3.8889999389648438,671912000,35.86890435258891,-0.37497440683961125,4.07136253118515,5.129515042304993,-0.27947680016870957,0.474492748317894
2018-12-12,3.687032699584961,3.722500085830689,3.819499969482422,3.620500087738037,3.7105000019073486,654136000,36.36623673809972,-0.3648871444181827,4.020562529563903,5.0592850399017335,-0.21441384553535614,0.4532191080610377
2018-12-13,3.686784267425537,3.722249984741211,3.8345000743865967,3.686000108718872,3.7697501182556152,471384000,36.361957892223565,-0.3528457116174404,3.9575375318527213,4.990490036010742,-0.25297274991999685,0.3964637366559128
2018-12-14,3.6263651847839355,3.661250114440918,3.7647500038146973,3.637500047683716,3.6802499294281006,471820000,35.27188640400621,-0.34425659338876313,3.894112539291381,4.920350036621094,-0.2573152512928698,0.3283628463825174
2018-12-17,3.5552988052368164,3.5894999504089355,3.703749895095825,3.5309998989105225,3.63100004196167,662868000,33.98147378519295,-0.33932773500259295,3.8206000328063956,4.852495031356812,-0.2905776187404374,0.18843080530266265
2018-12-18,3.6384990215301514,3.673500061035156,3.7582499980926514,3.606250047683716,3.6337499618530273,564372000,36.892348898674605,-0.32489824755603625,3.7987375259399405,4.7910350322723385,-0.1063674794695848,0.1780758410792133
2018-12-19,3.4297564029693604,3.46274995803833,3.69350004196167,3.410749912261963,3.6394999027252197,745364000,32.96512957378732,-0.32670252347023565,3.791000020503997,4.727405033111572,-0.042778190978056574,0.1893690837479625
2018-12-20,3.3453187942504883,3.377500057220459,3.5450000762939453,3.3172500133514404,3.4542500972747803,749588000,31.504203875832616,-0.33119358616375205,3.7735250234603877,4.662185029983521,-0.09377513846285335,0.21052953962563606
2018-12-21,3.208386182785034,3.2392499446868896,3.4375,3.2114999294281006,3.404249906539917,863740000,29.241008810881482,-0.34196643814951244,3.754600024223327,4.604125027656555,-0.1046230370049499,0.24019201989459507
2018-12-24,3.1467294692993164,3.177000045776367,3.249500036239624,3.112499952316284,3.16225004196167,463840000,28.256696962986837,-0.3514754572748138,3.732200026512145,4.550100026130676,-0.12358619426858841,0.2717334503626559
2018-12-26,3.2957956790924072,3.327500104904175,3.3285000324249268,3.1115000247955322,3.2235000133514404,695100000,34.03789162651921,-0.34291442244512726,3.7072625279426568,4.493380031585693,-0.130349548891183,0.2851999604027946
2018-12-27,3.248004913330078,3.279249906539917,3.309499979019165,3.129499912261963,3.274749994277954,637044000,33.11653403432321,-0.33614822098146613,3.6790625214576713,4.441275029182434,-0.14675082921525062,0.2986142314454621
2018-12-28,3.3094141483306885,3.341249942779541,3.4347500801086426,3.2577500343322754,3.299999952316284,628728000,35.531390886923646,-0.32207044519473627,3.646037518978119,4.385185027122498,-0.16505280211165552,0.2975704997287025
2018-12-31,3.3057003021240234,3.337500095367432,3.4177498817443848,3.30649995803833,3.384999990463257,465140000,35.44802832726356,-0.3076696634437659,3.616212522983551,4.3304050302505495,-0.15162682195671462,0.29708214163139307
2019-01-02,3.3730521202087402,3.4054999351501465,3.4619998931884766,3.2512500286102295,3.2660000324249268,508752000,38.27610471364948,-0.287456304044313,3.582200014591217,4.278750033378601,-0.16649333676764222,0.2788789040853959
2019-01-03,3.169262170791626,3.1997499465942383,3.378999948501587,3.1922500133514404,3.344749927520752,705552000,33.4945186380327,-0.28475687563559093,3.5296375155448914,4.228160033226013,-0.24729475390502265,0.242943985810677
2019-01-04,3.372309446334839,3.404750108718872,3.4432499408721924,3.242500066757202,3.2734999656677246,585620000,41.355401577099734,-0.26304355696199977,3.5034875154495237,4.1806450366973875,-0.13315511098641764,0.22534658692212542
2019-01-07,3.5508415699005127,3.5850000381469727,3.6222500801086426,3.410749912261963,3.4625000953674316,709160000,47.258401264948226,-0.22865513848031194,3.4848750114440916,4.141815032958984,-0.09406786758091834,0.19982306463675442
2019-01-08,3.462442636489868,3.4957499504089355,3.6695001125335693,3.422499895095825,3.667249917984009,786016000,44.85107038202864,-0.20622655392270373,3.4751500129699706,4.112025032043457,-0.05270644907652966,0.19394841764418733
2019-01-09,3.5305380821228027,3.564500093460083,3.6122500896453857,3.496500015258789,3.547499895095825,617260000,47.087052638523616,-0.18081979900969802,3.463550019264221,4.079395031929016,-0.06110888347068111,0.18016516280849468
2019-01-10,3.596155881881714,3.630749940872192,3.6394999027252197,3.4839999675750732,3.5450000762939453,523156000,49.223489565634004,-0.15356870919586774,3.459850013256073,4.052865028381348,-0.019974389349841082,0.1756543832363369
2019-01-11,3.685298442840576,3.720750093460083,3.7437500953674316,3.5802500247955322,3.6082499027252197,874764000,52.05559306247607,-0.12328857014160066,3.4597625136375427,4.034470028877259,-0.00047011211020975274,0.17551704412002173
2019-01-14,3.725165367126465,3.760999917984009,3.7864999771118164,3.64424991607666,3.6679999828338623,730168000,53.309823156242786,-0.09494900430923625,3.4617000102996824,4.008190031051636,0.010410352179903937,0.17875117168267365
2019-01-15,3.7110507488250732,3.7467501163482666,3.833750009536743,3.728250026702881,3.7939999103546143,617012000,52.783362609105346,-0.07280033714303569,3.46597501039505,3.9777100324630736,0.02335267988660883,0.18469825356936115
2019-01-16,3.6855459213256836,3.720999956130981,3.807499885559082,3.7155001163482666,3.774250030517578,470104000,51.78808498331688,-0.05667190314533421,3.4725500106811524,3.94307502746582,0.03663463087861696,0.19154086442197146
2019-01-17,3.75685977935791,3.7929999828338623,3.833250045776367,3.660249948501587,3.6877501010894775,493436000,54.37841423214785,-0.037646240154936006,3.4785250067710876,3.9114750242233276,0.032530262641409236,0.19982405451279373
2019-01-18,3.885869264602661,3.923249959945679,3.94950008392334,3.791249990463257,3.843250036239624,651336000,58.701235937446725,-0.011920765391088661,3.501550006866455,3.8840550231933593,0.13298679011990377,0.22308740577612393
2019-01-22,3.6838126182556152,3.719249963760376,3.9045000076293945,3.6887500286102295,3.8927500247955322,661552000,50.61231909006743,-0.007903133686149033,3.518637502193451,3.852910017967224,0.10118427853445033,0.22615284223820376
2019-01-23,3.696687936782837,3.732249975204468,3.864500045776367,3.7007501125335693,3.7750000953674316,591020000,51.074990119289204,-0.0036283143868969248,3.5432875037193297,3.8206600189208983,0.15219573633896677,0.22090453794722073
2019-01-24,3.908403158187866,3.946000099182129,3.963749885559082,3.8127501010894775,3.817500114440918,708972000,58.03607733266076,0.01681354326614093,3.5817375063896177,3.7965850162506105,0.24205226387330447,0.220718964131575
2019-01-25,3.965601921081543,4.003749847412109,4.021999835968018,3.7825000286102295,3.885999917984009,1154572000,59.70422343811236,0.03724445389850661,3.615549993515015,3.7738250160217284,0.2032305698537038,0.2312679506965333
2019-01-28,3.4173755645751953,3.4502499103546143,3.5409998893737793,3.2750000953674316,3.413749933242798,2511528000,42.33416810602081,0.008673298259465945,3.6240999937057494,3.7480600118637084,0.05214607263498472,0.22111877664281127
2019-01-29,3.2586519718170166,3.289999961853028,3.452500104904175,3.27524995803833,3.403749942779541,1153932000,38.813359709239286,-0.02659382297078583,3.6215374946594237,3.714205012321472,-0.015338565448318131,0.22483492262968566
2019-01-30,3.4020235538482666,3.4347500801086426,3.4492499828338623,3.2864999771118164,3.3667500019073486,974228000,43.392959463864244,-0.04237467691744978,3.6263999938964844,3.6843050146102905,0.029138571374483835,0.21935353851301534
2019-01-31,3.559508800506592,3.59375,3.6297500133514404,3.4094998836517334,3.43149995803833,842852000,47.997222420187406,-0.04157193723284758,3.635812497138977,3.6549850130081176,0.055278246493801086,0.21333206190633328
2019-02-01,3.5837748050689697,3.618249893188477,3.6697499752044678,3.564500093460083,3.612499952316284,625048000,48.68976367963873,-0.0385148484252289,3.656737494468689,3.645135006904602,0.1307914535758281,0.1872377591968252
2019-02-04,3.693965435028076,3.7295000553131104,3.7669999599456787,3.611999988555908,3.6342499256134033,528592000,51.826977723063,-0.026806120917291842,3.6729749917984007,3.6473750066757202,0.09538143365136253,0.17809299939030715
2019-02-05,3.713031530380249,3.7487499713897705,3.785749912261963,3.7074999809265137,3.741499900817871,542424000,52.36964894237098,-0.015791527759176915,3.681162488460541,3.6478100061416625,0.04567641046035731,0.1775990109673644
2019-02-06,3.788555383682251,3.825000047683716,3.890000104904175,3.776750087738037,3.782249927520752,702464000,54.55353093576898,-0.0008992731559041012,3.69762499332428,3.651955008506775,0.09418582620197546,0.17474461336233788
2019-02-07,3.650383949279785,3.685499906539917,3.7804999351501465,3.6422500610351562,3.778249979019165,637120000,50.03365358517934,-0.00034952057329062924,3.7036749839782717,3.653165006637573,0.033945801629192474,0.1719655181334657
2019-02-08,3.6689553260803223,3.70425009727478,3.7149999141693115,3.603250026702881,3.6177499294281006,461604000,50.625787172321175,0.0015809221135696383,3.707349991798401,3.65072500705719,0.020243794697943684,0.17110827663162287
2019-02-11,3.6263651847839355,3.661250114440918,3.7144999504089355,3.612499952316284,3.659749984741211,495180000,49.18621713227824,-0.00035483705713090785,3.7043749928474425,3.647085008621216,-0.015991393542863164,0.17138006822291094
2019-02-12,3.7432408332824707,3.779249906539917,3.7950000762939453,3.685499906539917,3.700000047683716,591060000,53.12531705063998,0.0075456750655411575,3.705287492275238,3.642635006904602,0.004852429926584634,0.1717456266733974
2019-02-13,3.785583734512329,3.822000026702881,3.895750045776367,3.7952499389648438,3.809000015258789,605372000,54.50142974253632,0.01705981038758031,3.7090499877929686,3.640395007133484,0.02008404831330357,0.17351690110224602
2019-02-14,3.8264405727386475,3.8632500171661377,3.8917500972747803,3.7774999141693115,3.821000099182129,827264000,55.848325643034165,0.027610088749351114,3.7161624908447264,3.63594500541687,0.03822898756039361,0.1769146802567462
2019-02-15,3.8960206508636475,3.933500051498413,4.096749782562256,3.9105000495910645,4.073750019073486,1516748000,58.12200656454021,0.041165322811440586,3.723187494277954,3.629595007896423,0.037041937595680974,0.18281740665535023
2019-02-19,3.878688097000122,3.9159998893737793,3.9972500801086426,3.9035000801086426,3.9227499961853027,551892000,57.329971731385015,0.049920375621523405,3.722824990749359,3.6293600034713744,-0.0018479756951301773,0.1824065558472323
2019-02-20,3.92598295211792,3.963749885559082,4.031499862670898,3.9342501163482666,3.945499897003174,540988000,58.97279762334926,0.060019970816608925,3.7350499868392943,3.629489998817444,0.06573903990886976,0.19018189274565367
2019-02-21,3.857145071029663,3.89424991607666,4.00124979019165,3.879499912261963,3.9765000343322754,448548000,55.6164434868132,0.06170461369374358,3.743149983882904,3.63356999874115,0.04340543692101351,0.19347765716239898
2019-02-22,3.94183087348938,3.979749917984009,3.9987499713897705,3.9327499866485596,3.946500062942505,401740000,58.72840018175222,0.06914181708360889,3.7448374748229982,3.637234997749329,0.00855291889345744,0.1954768635692087
2019-02-25,3.9294493198394775,3.967250108718872,4.131999969482422,3.9584999084472656,4.064000129699707,656020000,58.08717050743897,0.07318360911909272,3.743012487888336,3.642484998703003,-0.009116388406940401,0.19308820334060983
2019-02-26,3.8900787830352783,3.927500009536743,4.019000053405762,3.893749952316284,3.9625000953674316,488464000,55.99343384746628,0.07234530597431199,3.7668749928474425,3.646584997177124,0.13832334224539622,0.18429315421190784
2019-02-27,3.848231077194214,3.8852500915527344,3.9397499561309814,3.8277499675750732,3.9130001068115234,500256000,53.774763979426055,0.06749370400204979,3.796637499332428,3.6498449993133546,0.18092709319195355,0.14764860490194057
2019-02-28,3.8236913681030273,3.8564999103546143,3.8975000381469727,3.8340001106262207,3.875,324944000,52.257355824427584,0.06062997057775421,3.8177249908447264,3.6537499952316286,0.12278908811689493,0.12094571599985023
2019-03-01,3.877976179122925,3.911250114440918,3.953749895095825,3.8480000495910645,3.906749963760376,357188000,54.86908351340156,0.058928999467851906,3.8335999965667726,3.660184998512268,0.08834785793138589,0.11037526759624273
2019-03-04,3.886155366897583,3.919500112533569,3.9730000495910645,3.862499952316284,3.950000047683716,409992000,55.266192829444165,0.0575828937513263,3.8486625075340273,3.6651049995422365,0.0832585443897087,0.09945558977363152
2019-03-05,3.8797109127044678,3.913000106811523,3.9514999389648438,3.8489999771118164,3.903749942779541,362924000,54.85664021579709,0.05535351823204726,3.857837510108948,3.6741100025177,0.04920231901779837,0.0962980285155607
2019-03-06,3.768911600112915,3.8012499809265137,3.9124999046325684,3.7985000610351562,3.9040000438690186,403524000,48.23813885362517,0.04406150721919744,3.860462510585785,3.6825850009918213,0.014004670873603242,0.0938523870175053
2019-03-07,3.6997549533843994,3.7314999103546143,3.78725004196167,3.684999942779541,3.7774999141693115,450104000,44.61956760164501,0.029148256411722695,3.8557875037193297,3.6924300003051758,-0.024444480042744576,0.09795105991422016
2019-03-08,3.733961343765259,3.766000032424927,3.776750087738037,3.619999885559082,3.6414999961853027,422416000,46.74745016814209,0.01988405817886374,3.8598125100135805,3.704210000038147,0.021842389886420177,0.09206225106815795
2019-03-11,3.9942286014556885,4.028500080108643,4.051499843597412,3.7422499656677246,3.789750099182129,859728000,59.49872145733268,0.03333935900049401,3.8760250091552733,3.7182299995422365,0.08753458171531503,0.09177565118037856
2019-03-12,4.028433799743652,4.063000202178955,4.109749794006348,3.979749917984009,4.05649995803833,579576000,60.82636911482186,0.04625347212845732,3.8961125135421755,3.733905005455017,0.10973030390724481,0.08608256244928764
2019-03-13,4.179637432098389,4.215499877929688,4.244999885559082,4.093249797821045,4.100749969482422,768900000,66.1140658041434,0.06800947823300607,3.917925012111664,3.75139000415802,0.11543295155868094,0.10751490994203552
2019-03-14,4.103788375854492,4.138999938964844,4.23675012588501,4.131249904632568,4.22475004196167,519384000,61.62065745495388,0.07817718613842795,3.933775007724762,3.767420001029968,0.08294084511962407,0.11568508400776678
2019-03-15,4.20913553237915,4.245250225067139,4.288249969482422,4.178999900817871,4.182499885559082,661484000,65.16215546328425,0.09372823725039803,3.952875018119812,3.7842150068283082,0.09888052965860461,0.13357918277761338
2019-03-18,4.1878180503845215,4.223750114440918,4.331250190734863,4.196499824523926,4.2769999504089355,486992000,63.877656623495476,0.10312887260440418,3.967387521266937,3.8046950101852417,0.0737892612539659,0.14650493738449288
2019-03-19,4.355380535125732,4.392749786376953,4.4375,4.302000045776367,4.318999767303467,854972000,69.0432833164459,0.12280024025723257,3.991225016117096,3.8244550037384033,0.12174410379756484,0.17392346797490865
2019-03-20,4.322908401489258,4.360000133514404,4.475749969482422,4.324999809265137,4.421999931335449,719148000,67.0424876220248,0.1342003395830096,4.011037528514862,3.839955005645752,0.09996852964889635,0.19223444745769644
2019-03-21,4.559378147125244,4.598499774932861,4.625,4.3782501220703125,4.3832502365112305,824312000,73.14572719271811,0.16062830515558346,4.046250021457672,3.8620100021362305,0.18084351904299756,0.2304231490061701
2019-03-22,4.3997483253479,4.4375,4.619999885559082,4.423500061035156,4.571000099182129,747644000,64.4668302264345,0.1666601673029211,4.069137525558472,3.8794700002670286,0.11501981065379852,0.2456976371829664
2019-03-25,4.3075408935546875,4.3445000648498535,4.461249828338623,4.277750015258789,4.396500110626221,525212000,60.035579365246804,0.16206792581318297,4.088000023365021,3.893745002746582,0.09509104437400984,0.25186743122160965
2019-03-26,4.384133815765381,4.421750068664551,4.543749809265137,4.364999771118164,4.487249851226807,703508000,62.35056866587277,0.162785481351305,4.1127125263214115,3.9077650022506716,0.12584342658884062,0.2594246201789084
2019-03-27,4.3749613761901855,4.412499904632568,4.4942498207092285,4.34250020980835,4.447500228881836,474372000,61.88827340502097,0.16075465871507344,4.1390750169754025,3.9207950019836426,0.13570550174522222,0.26187132559799775
2019-03-28,4.393551349639893,4.431250095367432,4.497499942779541,4.377749919891357,4.43874979019165,480264000,62.49529716501435,0.15882733814741634,4.167812526226044,3.934485001564026,0.14903414971425932,0.2607636486846832
2019-03-29,4.450810432434082,4.488999843597412,4.513500213623047,4.447750091552734,4.498499870300293,456896000,64.37722885586656,0.16011414852275507,4.196700012683868,3.9498449993133544,0.14771485132678075,0.2628390755670443
2019-04-01,4.5182318687438965,4.557000160217285,4.587500095367432,4.509250164031982,4.581500053405762,483824000,66.50831335036723,0.164722197310458,4.2285750150680546,3.965125002861023,0.1626483044725915,0.2660885595933948
2019-04-02,4.536078929901123,4.574999809265137,4.619750022888184,4.538000106811523,4.581250190734863,440920000,67.06988350864283,0.16789118534668646,4.261675000190735,3.978159999847412,0.16917957689324958,0.2659412028798263
2019-04-03,4.675382614135742,4.715499877929688,4.775000095367432,4.619999885559082,4.625,783504000,71.13797722871024,0.17966870355518694,4.307387495040894,3.9980849981307984,0.2405129632596108,0.2611656987608906
2019-04-04,4.66646146774292,4.706500053405762,4.7492499351501465,4.643249988555908,4.699999809265137,457376000,70.5368643663953,0.18613066254791288,4.356137502193452,4.017569999694825,0.2612890704742079,0.23798009448794094
2019-04-05,4.733139514923096,4.773749828338623,4.791250228881836,4.713250160217285,4.75,481744000,72.41274206804584,0.19443695819158258,4.406524991989136,4.0341249942779545,0.26759155263862433,0.21168693632998034
2019-04-08,4.753960132598877,4.794750213623047,4.820000171661377,4.71875,4.743000030517578,424192000,72.99104376656473,0.2004041782975845,4.444837498664857,4.049945001602173,0.19020730253870055,0.20899192210498693
2019-04-09,4.691248416900635,4.731500148773193,4.772250175476074,4.689000129699707,4.761000156402588,439972000,68.34412063754337,0.1977499532268281,4.478262495994569,4.075570006370544,0.1645335745333527,0.19787103610382964
2019-04-10,4.761643409729004,4.802499771118164,4.828499794006348,4.726250171661377,4.73075008392334,444772000,70.60631394113707,0.19908065897695248,4.507612490653992,4.105820002555848,0.1392479919787739,0.20036324448155943
2019-04-11,4.747762680053711,4.78849983215332,4.836750030517578,4.738749980926514,4.804999828338623,374600000,69.55087595360257,0.19673770500077303,4.540087485313416,4.132894997596741,0.15692193833443624,0.18983277195212983
2019-04-12,4.709838390350342,4.750249862670898,4.831500053405762,4.741499900817871,4.827499866485596,471708000,66.62073678815833,0.18960875255359255,4.565337467193603,4.156024994850159,0.11895638910089756,0.18197471310186056
2019-04-15,4.578217506408691,4.617499828338623,4.747499942779541,4.577499866485596,4.742499828338623,440092000,57.55763573868727,0.17127286111629214,4.585024952888489,4.176009993553162,0.09322277673375678,0.16342842928319912
2019-04-16,4.665221691131592,4.705249786376953,4.724249839782715,4.624000072479248,4.6570000648498535,394964000,61.30494721368357,0.16195530338224717,4.600649952888489,4.195524988174438,0.07113994996235462,0.15895541196922128
2019-04-17,4.6424174308776855,4.682250022888184,4.761499881744385,4.659749984741211,4.740499973297119,351004000,59.81426144524472,0.15097483908573128,4.616762447357178,4.214194989204406,0.07391052282239907,0.14931838523082866
2019-04-18,4.617875576019287,4.65749979019165,4.723249912261963,4.629499912261963,4.689000129699707,380988000,58.174928964477026,0.13867702269431437,4.619712448120117,4.230844984054565,0.012830274686628673,0.1495212674536566
2019-04-22,4.671665668487549,4.711750030517578,4.727499961853027,4.6020002365112305,4.633749961853027,279936000,60.71637514687207,0.13178927092995263,4.633424949645996,4.251369986534119,0.06180282377860924,0.14441979477964698
2019-04-23,4.726198196411133,4.766749858856201,4.798250198364258,4.715250015258789,4.724999904632568,346856000,63.16038875569969,0.12927846288027123,4.6545374393463135,4.272619981765747,0.09719180290101814,0.13011486085565466
2019-04-24,4.73859167098999,4.779250144958496,4.820250034332275,4.716000080108643,4.777249813079834,318204000,63.71295828325685,0.12683522056027385,4.672412443161011,4.294979982376098,0.08085035805787122,0.12066496614897199
2019-04-25,4.632998466491699,4.672749996185303,4.761250019073486,4.59250020980835,4.738749980926514,499296000,56.00540119608583,0.11497984538679873,4.685424947738648,4.312849984169007,0.05898019199490623,0.10404951448051986
2019-04-26,4.414374351501465,4.452250003814697,4.522250175476074,4.332499980926514,4.517749786376953,868988000,44.10805854647123,0.08679139142489056,4.686474943161011,4.325454983711243,0.0047390483487310675,0.10142235217598339
2019-04-29,4.44511079788208,4.483250141143799,4.511250019073486,4.387499809265137,4.460249900817871,391920000,45.84970735642311,0.06619029011432165,4.68618745803833,4.337854986190796,-0.0012808426495746206,0.10201796259551067
2019-04-30,4.486504554748535,4.525000095367432,4.550749778747559,4.43149995803833,4.45074987411499,362920000,48.19119585652838,0.05262600150291963,4.684587454795837,4.349684987068176,-0.007022177688123632,0.10437443650263709
2019-05-01,4.4733686447143555,4.511750221252441,4.620250225067139,4.511499881744385,4.577750205993652,354280000,47.489372075260036,0.04034201332808607,4.681424975395203,4.36159999370575,-0.013825047136527657,0.10873668548533576
2019-05-02,4.540788173675537,4.579750061035156,4.6217498779296875,4.478000164031982,4.521500110626221,394684000,51.40109163525742,0.0356825566686112,4.674637484550476,4.373919997215271,-0.02878800135906956,0.11071655541693681
2019-05-03,4.536328315734863,4.575250148773193,4.598249912261963,4.51324987411499,4.588250160217285,336824000,51.12965143185157,0.031266379029395,4.668074989318848,4.387540001869201,-0.02788694425650584,0.1126022925750498
2019-05-06,4.457999229431152,4.496250152587891,4.508500099182129,4.349999904632568,4.387499809265137,422176000,46.48821498684514,0.02114810478412288,4.654200005531311,4.39787000656128,-0.05813033479538432,0.1159429417255834
2019-05-07,4.290933609008789,4.327750205993652,4.447500228881836,4.279250144958496,4.447500228881836,555220000,38.46722744210191,-0.0004619132820451455,4.630850005149841,4.405080008506775,-0.0973981931952439,0.13205326063670156
2019-05-08,4.311010837554932,4.3480000495910645,4.428750038146973,4.288000106811523,4.300000190734863,419168000,39.811250987493146,-0.015772203009511543,4.6116750001907345,4.4134900093078615,-0.08105253875593021,0.14397427381589453
2019-05-09,4.2185540199279785,4.254749774932861,4.288249969482422,4.135000228881836,4.278500080108643,660248000,35.92031844951141,-0.03502647239254575,4.584287500381469,4.420880002975464,-0.11405518423539052,0.1572499283248588
2019-05-10,4.184594631195068,4.2204999923706055,4.289750099182129,4.099999904632568,4.223750114440918,569500000,34.58339101969082,-0.05244474049085657,4.555887508392334,4.428160004615783,-0.11861749184343051,0.16926011480973413
2019-05-13,3.927550792694092,3.961250066757202,4.110750198364258,3.9452500343322754,4.087500095367432,656912000,26.53324827201945,-0.08617477662261575,4.516437518596649,4.429160003662109,-0.1660964830742755,0.2088844645628861
2019-05-14,4.016536235809326,4.051000118255615,4.08650016784668,3.962249994277954,4.00124979019165,524880000,32.399822773635265,-0.10445984610349246,4.488112533092499,4.43179000377655,-0.12268537761631804,0.23162969065757705
2019-05-15,3.9555604457855225,3.989500045776367,4.026249885559082,3.9352500438690186,3.994999885559082,502320000,30.59682292753675,-0.1225013183321142,4.4523250460624695,4.433320002555847,-0.15211726754079802,0.25081392761982096
2019-05-16,3.9706804752349854,4.004749774932861,4.047749996185303,3.9412500858306885,3.9839999675750732,781088000,31.613065484708244,-0.13402384589097682,4.418450033664703,4.437389998435974,-0.14469544442170035,0.2635539192344546
2019-05-17,3.8799588680267334,3.913249969482422,4.092750072479248,3.873500108718872,3.9625000953674316,1022068000,28.880529434640664,-0.14882325970218968,4.381237542629242,4.441024999618531,-0.15979599661530064,0.2800507122784691
2019-05-20,3.7614755630493164,3.793750047683716,3.8692500591278076,3.768749952316284,3.8137500286102295,572064000,25.75005871034267,-0.16825500776383784,4.335337543487549,4.4415799999237064,-0.19483206385908836,0.2977022957630263
2019-05-21,3.8435215950012207,3.876499891281128,3.8924999237060547,3.815999984741211,3.8550000190734863,361848000,31.303040579204932,-0.17496074869024802,4.290825045108795,4.438539996147155,-0.18676246791533802,0.29635457391630043
2019-05-22,3.772629976272583,3.805000066757202,3.8637499809265137,3.7939999103546143,3.8375000953674316,325868000,29.266366985131356,-0.1839243693360375,4.242112541198731,4.433379993438721,-0.20384998664047838,0.2918816727468503
2019-05-23,3.6516683101654053,3.683000087738037,3.7422499656677246,3.6227500438690186,3.7422499656677246,591844000,26.141028611563712,-0.19858333689382768,4.192625045776367,4.422729997634888,-0.2118131526949374,0.2988470107401754
2019-05-24,3.597879409790039,3.628750085830689,3.737499952316284,3.621999979019165,3.7019999027252197,357584000,24.869238614863008,-0.21213286049560187,4.151450049877167,4.412525000572205,-0.18496264074983026,0.31735116085379494
2019-05-28,3.5527660846710205,3.583250045776367,3.679500102996826,3.581249952316284,3.6465001106262207,428356000,23.82241104777424,-0.22396074844439484,4.1064500451087955,4.399284996986389,-0.20074724073678774,0.3313277405993153
2019-05-29,3.478652000427246,3.508500099182129,3.570499897003174,3.4735000133514404,3.535249948501587,559800000,22.171259918453543,-0.23663831168308258,4.05562504529953,4.3849799966812135,-0.22464087840041524,0.3415506237635586
2019-05-30,3.4521000385284424,3.477750062942505,3.543750047683716,3.4392499923706055,3.5077500343322754,394300000,21.510754795739103,-0.24632713692130537,4.003925037384033,4.366680002212524,-0.2291793888410123,0.3470864632153173
2019-05-31,3.3615221977233887,3.3864998817443848,3.4962499141693115,3.3847498893737793,3.428499937057495,389720000,19.640852408649252,-0.2583901667400328,3.9442625284194945,4.347209997177124,-0.26054919228955964,0.34544847368342685
2019-06-03,3.3198328018188477,3.344500064849853,3.4367499351501465,3.315000057220459,3.397749900817871,478644000,18.829516317442014,-0.268247053937289,3.8827250242233275,4.322130002975464,-0.2690017034922896,0.33663901161236065
2019-06-04,3.5486326217651367,3.575000047683716,3.5802500247955322,3.3867499828338623,3.4089999198913574,641836000,34.7580435696221,-0.2545252768550901,3.8366625189781187,4.304880003929139,-0.20489298273894618,0.3102661971606279
2019-06-05,3.5059494972229004,3.532000064849853,3.654750108718872,3.495500087738037,3.649250030517578,511616000,33.4397194951803,-0.244304221910141,3.796875011920929,4.288630003929138,-0.18387155063657257,0.29460306293924365
2019-06-06,3.567988395690918,3.594500064849853,3.6192500591278076,3.533750057220459,3.536250114440918,408140000,37.16990957650563,-0.22852642419646196,3.7592000126838685,4.272085003852844,-0.17329806259134684,0.26733155344463827
2019-06-07,3.6106719970703125,3.637500047683716,3.671999931335449,3.581249952316284,3.6005001068115234,348856000,39.67479338615694,-0.21013041397596144,3.728337526321411,4.256585006713867,-0.14507309710331573,0.2414919071545708
2019-06-10,3.6833815574645996,3.710750102996826,3.779750108718872,3.694000005722046,3.694000005722046,402780000,43.78617153347058,-0.18747962760756076,3.702850031852722,4.242175006866455,-0.12077950249857927,0.21190137479840426
2019-06-11,3.7409534454345703,3.768749952316284,3.809000015258789,3.7290000915527344,3.7709999084472656,383872000,46.87363816595821,-0.1629699964318192,3.6932250261306763,4.2277700090408326,-0.04859579960790117,0.20376212485242096
2019-06-12,3.628042459487915,3.6549999713897705,3.731250047683716,3.6397500038146973,3.7249999046325684,358892000,42.00136465106252,-0.15098415855969982,3.673425018787384,4.209730005264282,-0.09775367447690042,0.1855969599643469
2019-06-13,3.6791622638702393,3.7065000534057617,3.7249999046325684,3.6594998836517334,3.6772499084472656,308080000,44.79900065695635,-0.13576465899981605,3.6592750191688537,4.192360010147095,-0.0709362048184995,0.17039651665221583
2019-06-14,3.5893306732177734,3.615999937057495,3.6372499465942383,3.571000099182129,3.6127500534057617,394428000,41.05160558381992,-0.12951275655760552,3.6398375272750854,4.170370011329651,-0.09707219170313419,0.14984695506382514
2019-06-17,3.5990078449249268,3.6257500648498535,3.6630001068115234,3.591249942779541,3.6142499446868896,276040000,41.618215763280695,-0.12236082557178163,3.625462532043457,4.148755011558532,-0.07346832092880429,0.1353240501015232
2019-06-18,3.7938106060028076,3.822000026702881,3.8777499198913574,3.676500082015991,3.6875,581920000,51.684761596152775,-0.09970776786444935,3.626875030994415,4.129720015525818,0.0074464523661523785,0.13730599097647708
2019-06-19,3.799767255783081,3.828000068664551,3.86899995803833,3.8017499446868896,3.8575000762939453,331644000,51.95750737242872,-0.0803447390442189,3.6244500398635866,4.110385012626648,-0.01251124054605579,0.1330268802016652
2019-06-20,3.8240854740142822,3.8524999618530273,3.9332499504089355,3.8380000591278076,3.919250011444092,350168000,53.121217509883174,-0.062304257873228686,3.6268250346183777,4.092805008888245,0.012483546455311023,0.13679075626163587
2019-06-21,3.766016721725464,3.7939999103546143,3.88700008392334,3.7874999046325684,3.8375000953674316,434428000,50.006474203879506,-0.05212662849556571,3.6323750257492065,4.072635011672974,0.030138425189326856,0.14136519772474354
2019-06-24,3.788351058959961,3.816499948501587,3.846250057220459,3.7679998874664307,3.815500020980835,282948000,51.19185592022866,-0.0417637918546685,3.6417625188827514,4.053195013999939,0.05173954067655728,0.14722424890905525
2019-06-25,3.759068727493286,3.786999940872192,3.8970000743865967,3.784250020980835,3.821500062942505,311868000,49.533539587453646,-0.035522096612382814,3.651950013637542,4.033930015563965,0.05686175748075084,0.14998580777060422
2019-06-26,3.9521334171295166,3.9814999103546143,4.043000221252441,3.902250051498413,3.915250062942505,584072000,58.97072413571904,-0.014711402243191785,3.6756000041961663,4.021210017204285,0.13481539056611314,0.16291068323340566
2019-06-27,4.050652980804443,4.080749988555908,4.099999904632568,4.031499862670898,4.067749977111816,445440000,62.79410340176485,0.009678309295658494,3.7057500004768373,4.008720021247864,0.1733879418301867,0.1793378740898201
2019-06-28,4.075467109680176,4.10575008392334,4.134250164031982,4.058750152587891,4.125,397668000,63.71141946875797,0.03067107313124051,3.741712510585785,3.997190022468567,0.2123874877587386,0.18400411527976304
2019-07-01,4.123610019683838,4.154250144958496,4.348750114440918,4.116499900817871,4.3142499923706055,709756000,65.48908091734393,0.05063781806356049,3.782200014591217,3.987125029563904,0.24211393763121225,0.18106666226215723
2019-07-02,4.02583646774292,4.055749893188477,4.158750057220459,4.042500019073486,4.137499809265137,400228000,59.15148606595705,0.05784664009938201,3.806237506866455,3.9740050268173217,0.13447547946642513,0.18399932445082995
2019-07-03,4.038739204406738,4.068749904632568,4.085000038146973,4.008500099182129,4.079249858856201,246636000,59.70571614959214,0.06387239457199678,3.833074998855591,3.960045027732849,0.15196767551745016,0.18101480623079136
2019-07-05,3.976206064224243,4.005750179290772,4.014500141143799,3.941999912261963,4.010000228881836,396552000,55.75753556123868,0.06283991762644359,3.8536375045776365,3.9445750284194947,0.11441093532379654,0.1757694703434842
2019-07-08,3.901262044906616,3.9302499294281006,3.964750051498413,3.9000000953674316,3.9457499980926514,329788000,51.37312237310525,0.05529206057035374,3.868274998664856,3.9297250270843507,0.08048106609120231,0.16887743392575127
2019-07-09,3.9037439823150635,3.93274998664856,3.9609999656677246,3.875,3.8877499103546143,342860000,51.50909592112058,0.04894782316142621,3.879374992847443,3.919335026741028,0.05982614767630001,0.16523522308336722
2019-07-10,3.971987247467041,4.001500129699707,4.0592498779296875,3.9625000953674316,3.9765000343322754,452076000,55.21756049412322,0.04890379873217121,3.891012501716614,3.909700026512146,0.061757925128562485,0.16523012934211975
2019-07-11,4.126339912414551,4.1570000648498535,4.197999954223633,4.037499904632568,4.074999809265137,682560000,62.24981018157831,0.06071655164165968,3.916112506389618,3.9023400259017946,0.13734612787676803,0.16561944040868753
2019-07-12,4.159343719482422,4.190249919891357,4.261750221252441,4.184999942779541,4.184999942779541,506392000,63.567226374463765,0.07193204105677298,3.940299999713898,3.895910019874573,0.13051392405649542,0.1686914695615277
2019-07-15,4.150907516479492,4.1817498207092285,4.227749824523926,4.153250217437744,4.21150016784668,289840000,62.962298837985884,0.07922129646369402,3.9685874938964845,3.8879500150680544,0.15645738205186754,0.15857975994679338
2019-07-16,4.14619255065918,4.177000045776367,4.204249858856201,4.120999813079834,4.166749954223633,341444000,62.603786246703805,0.08365054533243654,3.99614999294281,3.8799850130081177,0.15203750150090434,0.14299571708401923
2019-07-17,4.211456775665283,4.24275016784668,4.249750137329102,4.149250030517578,4.178750038146973,348204000,65.52979684866386,0.09141249597500956,4.0171875,3.8749150133132932,0.11008637838937085,0.14692275601050309
2019-07-18,4.223120212554932,4.254499912261963,4.317749977111816,4.196249961853027,4.2532501220703125,442192000,66.04114633392226,0.09738936003892817,4.038512492179871,3.8734500074386595,0.11141584011157102,0.14895598421744666
2019-07-19,4.179941654205322,4.210999965667725,4.299499988555908,4.204999923706055,4.293000221252441,344896000,62.353255149063784,0.09749215682748424,4.0564374923706055,3.870710005760193,0.09305645875782464,0.14695057777942908
2019-07-22,4.251410007476807,4.2829999923706055,4.296000003814697,4.224999904632568,4.232500076293945,315940000,65.76132910017647,0.10220526576544398,4.080887496471405,3.8712750101089477,0.1288877421112764,0.1415693993521658
2019-07-23,4.359109878540039,4.391499996185303,4.393499851226807,4.3067498207092285,4.322500228881836,428176000,70.14713471947697,0.11338841106940034,4.109637498855591,3.8746950101852415,0.1506616154703393,0.14342503975411958
2019-07-24,4.433557510375977,4.46649980545044,4.472249984741211,4.358500003814697,4.434999942779541,366236000,72.74596752324054,0.12684084974100784,4.143612492084504,3.8848000049591063,0.17942959471548114,0.14345617472898112
2019-07-25,4.302530288696289,4.334499835968018,4.4375,4.310999870300293,4.424749851226807,392700000,62.44275353028862,0.12540511780431274,4.161262488365174,3.8904699993133547,0.0886600360571057,0.14417475668076393
2019-07-26,4.344468593597412,4.3767499923706055,4.423749923706055,4.36175012588501,4.36175012588501,274160000,64.19097122344274,0.12622152129566366,4.176062488555909,3.898214998245239,0.07253568698028601,0.15052760727018177
2019-07-29,4.338264465332031,4.370500087738037,4.386750221252441,4.281750202178955,4.369500160217285,248160000,63.71847656440589,0.12492416387465699,4.189299988746643,3.9055300045013426,0.0644827372351191,0.1555753613228111
2019-07-30,4.353897571563721,4.386250019073486,4.398499965667725,4.3092498779296875,4.323750019073486,197772000,64.42904905546389,0.12374048333652965,4.200899982452393,3.914990005493164,0.0558463900871593,0.161365846803964
2019-07-31,4.1868896484375,4.2179999351501465,4.355500221252441,4.17549991607666,4.354499816894531,359416000,52.58175292382996,0.10798129122489186,4.209012484550476,3.9234750032424928,0.04000494267019872,0.15772184041659582
2019-08-01,4.092591762542725,4.123000144958496,4.319499969482422,4.070499897003174,4.228499889373779,421212000,47.29373217747067,0.08682545897142724,4.2117249965667725,3.92840500831604,0.013333392712135073,0.1556353323353653
2019-08-02,4.000027179718018,4.029749870300293,4.0995001792907715,3.9820001125335693,4.029749870300293,428348000,42.74911434045977,0.06182214445285705,4.212924981117249,3.932900004386902,0.005991309975743375,0.15404806131803303
2019-08-05,3.7419466972351074,3.7697501182556152,3.846250057220459,3.7225000858306885,3.8450000286102295,589156000,33.17647804130212,0.020787406197389835,4.204899990558625,3.9346350049972534,-0.040837049565405126,0.17261091986507615
2019-08-06,3.780658483505249,3.808749914169312,3.890749931335449,3.7607500553131104,3.8450000286102295,361272000,35.50926898603964,-0.00848811619423362,4.1986999869346615,3.938235001564026,-0.03153011833964037,0.18470410490023625
2019-08-07,3.818873882293701,3.847249984741211,3.859250068664551,3.7300000190734863,3.747499942779541,372560000,37.81708616938503,-0.028256817666901135,4.190987479686737,3.943515000343323,-0.0385480794599079,0.19623243279875682
2019-08-08,3.927319049835205,3.9565000534057617,3.957750082015991,3.8475000858306885,3.905250072479248,309300000,43.94691693051829,-0.034707996332737245,4.180962479114532,3.9524749994277952,-0.04823190000391153,0.20306278286949603
2019-08-09,3.826070785522461,3.8545000553131104,3.918750047683716,3.8037500381469727,3.915250062942505,341816000,39.983901919951755,-0.047503557855153034,4.16417498588562,3.9600099992752074,-0.08012645331354173,0.2157374672785216
2019-08-12,3.7583248615264893,3.786250114440918,3.8545000553131104,3.7642500400543213,3.802000045776367,279200000,37.54425174345712,-0.06243165908496895,4.144400000572205,3.968005003929138,-0.09457756279672258,0.23158581150541005
2019-08-13,3.87247633934021,3.901249885559082,3.947499990463257,3.745500087738037,3.784749984741211,351956000,43.76997794639368,-0.06424222207799168,4.13061249256134,3.979140000343323,-0.06601631726006651,0.2376712769287989
2019-08-14,3.724078893661499,3.7517499923706055,3.8237500190734863,3.707750082015991,3.8125,419880000,38.40970220388659,-0.07685456664792545,4.106062483787537,3.9826749992370605,-0.11572686489934692,0.25049140744574344
2019-08-15,3.6918182373046875,3.719249963760376,3.790750026702881,3.6847500801086426,3.770750045776367,477200000,37.33916216103795,-0.08845279254885519,4.079299986362457,3.986419997215271,-0.1258079585238524,0.2621207625451678
2019-08-16,3.9595794677734375,3.989000082015991,4.03849983215332,3.921999931335449,3.983750104904175,1007960000,49.83638206108725,-0.07501318468960427,4.068199992179871,3.994309997558594,-0.052719041904939035,0.2609480266609713
2019-08-19,4.238009452819824,4.269499778747559,4.2855000495910645,4.086750030517578,4.103000164031982,815112000,58.99464702940422,-0.04125268210118227,4.067524981498718,4.00694999217987,-0.003152046146881915,0.2603799886146872
2019-08-20,4.165798664093018,4.196750164031982,4.264500141143799,4.17549991607666,4.263999938964844,463188000,56.13231323607562,-0.020135417918320186,4.057787489891052,4.016669993400574,-0.04434699586075164,0.2511028300320618
2019-08-21,4.249176025390625,4.280749797821045,4.336249828338623,4.241499900817871,4.26324987411499,427244000,58.628300749000154,0.003339736121720449,4.048499989509582,4.026909990310669,-0.041587376182738445,0.2382989359201603
2019-08-22,4.255382537841797,4.287000179290772,4.333250045776367,4.247499942779541,4.290500164031982,303488000,58.81607637084946,0.02219249708376214,4.04612500667572,4.039549994468689,-0.010958509280145634,0.23551901161780464
2019-08-23,4.031047821044922,4.060999870300293,4.264750003814697,4.040999889373779,4.210000038146973,568056000,49.982423097260295,0.018681758122204073,4.030337500572204,4.04663999080658,-0.07214259955919733,0.2224076822387987
2019-08-26,4.105742454528809,4.136250019073486,4.1645002365112305,4.097750186920166,4.140250205993652,318208000,52.53847127631795,0.02172114250605528,4.018624997138977,4.057044992446899,-0.05359800113533175,0.20933498543222853
2019-08-27,4.015166282653809,4.045000076293945,4.177499771118164,4.015500068664551,4.174749851226807,290968000,49.251642881909326,0.016575694465337243,4.0015625,4.0654299926757815,-0.07779992961997728,0.19088802149676523
2019-08-28,4.00473165512085,4.0304999351501465,4.083499908447266,3.9749999046325684,4.014500141143799,255612000,48.72994409885148,0.011198757311247753,3.9921875,4.0695999908447265,-0.044452347767360845,0.18418538966954673
2019-08-29,4.148308753967285,4.175000190734863,4.207499980926514,4.11899995803833,4.122499942779541,357976000,53.963344204420764,0.01838552201139798,3.994787502288818,4.076539993286133,0.012612186259549851,0.186481864387226
2019-08-30,4.160977363586426,4.187749862670898,4.271500110626221,4.16949987411499,4.221499919891357,290616000,54.4055729697961,0.024823724343889353,4.0026875019073485,4.08324499130249,0.03920838698577378,0.19132476311362095
2019-09-03,4.078011512756348,4.104249954223633,4.147749900817871,4.081250190734863,4.114500045776367,296140000,50.953433395144366,0.022924047157383498,4.019412493705749,4.089449992179871,0.08873262828433881,0.18438499976579853
2019-09-04,4.192027568817139,4.218999862670898,4.226500034332275,4.165249824523926,4.165249824523926,227728000,55.163843207197225,0.030328292233179788,4.039924991130829,4.097499990463257,0.10771249300863106,0.18252611623592682
2019-09-05,4.4647722244262695,4.493500232696533,4.499750137329102,4.320000171661377,4.321750164031982,695676000,63.28372400601615,0.057681182796225805,4.072237503528595,4.111629996299744,0.1679771916351811,0.20270859971634836
2019-09-06,4.437697410583496,4.466249942779541,4.527249813079834,4.427999973297119,4.46999979019165,376976000,62.08174178488259,0.07628036244288428,4.097724997997284,4.121324996948243,0.12883859029269717,0.21879853134044958
2019-09-09,4.483651638031006,4.512499809265137,4.5995001792907715,4.495999813079834,4.497499942779541,417524000,63.35394725357234,0.09367252544760252,4.130624985694885,4.1299599933624265,0.17070949397056778,0.2295091715317418
2019-09-10,4.550222873687744,4.579500198364258,4.606249809265137,4.469749927520752,4.479499816894531,352812000,65.17671023496877,0.1115761312005441,4.170287489891052,4.1394349956512455,0.2095081043108722,0.23533261526503327
2019-09-11,4.578790664672852,4.608250141143799,4.656750202178955,4.565000057220459,4.594250202178955,361512000,65.95914440414393,0.1266250926110395,4.205637502670288,4.148514995574951,0.18122403750699445,0.2456661126964101
2019-09-12,4.577298164367676,4.606750011444092,4.710000038146973,4.598750114440918,4.65500020980835,327840000,65.87597155997985,0.13685289997813488,4.248387503623962,4.159534997940064,0.2278936551774977,0.236755599131027
2019-09-13,4.519421577453613,4.548500061035156,4.577000141143799,4.504499912261963,4.539750099182129,324592000,62.57632063842674,0.1386598424698393,4.289850008487702,4.169130001068115,0.22296164693280263,0.21035174620638572
2019-09-16,4.476447582244873,4.505249977111816,4.539999961853027,4.462500095367432,4.4730000495910645,231832000,60.16656897837632,0.1350452198643861,4.315662503242493,4.179119997024536,0.1294183716423789,0.20303876425650444
2019-09-17,4.497809886932373,4.526750087738037,4.531000137329102,4.465250015258789,4.51200008392334,223048000,60.971180238355096,0.13238938226204056,4.328525018692017,4.191050000190735,0.060253032514722804,0.20804707730740918
2019-09-18,4.470734596252441,4.499499797821045,4.5355000495910645,4.412499904632568,4.519750118255615,258152000,59.33524449083787,0.12662607460571884,4.34366250038147,4.202384996414184,0.07213906521854985,0.2089665091381779
2019-09-19,4.395220756530762,4.423500061035156,4.52400016784668,4.412749767303467,4.505499839782715,245476000,54.9101748338482,0.11460497336948983,4.350800013542175,4.210824995040894,0.03334702329175432,0.20914238199091215
2019-09-20,4.289649486541748,4.317249774932861,4.446249961853027,4.307000160217285,4.422500133514404,350244000,49.36713496612637,0.09540488577887718,4.35231249332428,4.214029989242554,0.007056121851409136,0.20876575020446522
2019-09-23,4.343057155609131,4.370999813079834,4.416749954223633,4.31374979019165,4.317500114440918,249712000,52.006566198478524,0.08356259927626031,4.3678124904632565,4.217644987106323,0.07633586621036215,0.19718556636494255
2019-09-24,4.28567361831665,4.3132500648498535,4.432250022888184,4.277500152587891,4.402500152587891,317268000,49.04816792258116,0.06872535672422497,4.376662492752075,4.220274991989136,0.042792395275954576,0.1900900386926155
2019-09-25,4.42726469039917,4.455749988555908,4.475500106811523,4.267749786376953,4.312749862670898,308432000,55.73884974042432,0.06768505682411963,4.397199988365173,4.2258499908447265,0.10154509382316124,0.17386766479643787
2019-09-26,4.405155658721924,4.433499813079834,4.454750061035156,4.38224983215332,4.446000099182129,234564000,54.53468237663527,0.06432372459290736,4.4173499822616575,4.22966498374939,0.0999875659133771,0.15097884751451546
2019-09-27,4.2665486335754395,4.294000148773193,4.442500114440918,4.232999801635742,4.391499996185303,362056000,47.59255920845814,0.04982898994179408,4.423299980163574,4.2304549884796145,0.02850298265911788,0.14306261897418648
2019-09-30,4.3239288330078125,4.351749897003174,4.361999988555908,4.28849983215332,4.320000171661377,186184000,50.407057686511806,0.04251168214013035,4.431499981880188,4.233269987106323,0.03916185056661381,0.13321176295336215
2019-10-01,4.32219123840332,4.349999904632568,4.525000095367432,4.345250129699707,4.375,366008000,50.31886964742042,0.03615468453216675,4.443787479400635,4.234609985351563,0.05987694539803479,0.11090349813607965
2019-10-02,4.298344612121582,4.326000213623047,4.340000152587891,4.2532501220703125,4.328000068664551,293372000,49.051438816554274,0.02884760638804984,4.449137496948242,4.233299989700317,0.025361544070876096,0.10168683754462242
2019-10-03,4.503772258758545,4.532750129699707,4.539000034332275,4.300000190734863,4.33050012588501,450588000,58.70189583949794,0.03928681076116103,4.451099991798401,4.234624996185302,0.00873481583856961,0.10295886710069771
2019-10-04,4.520167350769043,4.54925012588501,4.578750133514404,4.4695000648498535,4.534999847412109,265524000,59.36343586132406,0.048334200655034465,4.455250000953674,4.238920001983643,0.018583864353505897,0.10524895655570687
2019-10-07,4.578790664672852,4.608250141143799,4.708499908447266,4.60575008392334,4.614500045776367,480984000,61.72445933824802,0.05957834836284359,4.460037517547607,4.243550004959107,0.021218911008498154,0.1100580254394527
2019-10-08,4.402425289154053,4.430749893188477,4.515999794006348,4.412499904632568,4.515999794006348,444436000,51.94606584278144,0.05354934632138253,4.452600002288818,4.244755001068115,-0.032481777209860785,0.10652963770390908
2019-10-09,4.48886775970459,4.517749786376953,4.567500114440918,4.479000091552734,4.507999897003174,292412000,55.65429226836164,0.05515568268203719,4.448074984550476,4.247384996414184,-0.019638767860891915,0.10136716052047841
2019-10-10,4.5464959144592285,4.57574987411499,4.626999855041504,4.510250091552734,4.515500068664551,309124000,57.982197240955884,0.06041244115815392,4.446524977684021,4.254539995193482,-0.006729285776760352,0.09902306649080456
2019-10-11,4.620024681091309,4.649750232696533,4.733500003814697,4.641250133514404,4.660250186920166,446404000,60.808965718356056,0.06974568576380236,4.45158748626709,4.265074996948242,0.02226012318406667,0.10679414359927836
2019-10-14,4.633437633514404,4.663249969482422,4.6842498779296875,4.609749794006348,4.640999794006348,200040000,61.32019687821947,0.07734013634358305,4.45948748588562,4.277744998931885,0.03507019436730441,0.11638591365134998
2019-10-15,4.877864360809326,4.909249782562256,4.982250213623047,4.739999771118164,4.754000186920166,664124000,69.20375851677755,0.10203275209942575,4.478612470626831,4.300534992218018,0.08449763901486973,0.1535225857050274
2019-10-16,4.824209690093994,4.855249881744385,4.980500221252441,4.84375,4.875,428944000,66.02268110632329,0.11590836777338165,4.496399974822998,4.321464991569519,0.07906436268662964,0.17515497724421994
2019-10-17,4.826198101043701,4.857250213623047,4.945250034332275,4.802499771118164,4.900000095367432,263436000,66.08487271411215,0.1256182541888995,4.518087482452392,4.341664996147156,0.09805587127908555,0.19172315466829895
2019-10-18,4.731804847717285,4.762249946594238,4.890500068664551,4.6875,4.857749938964844,307440000,60.427857726725065,0.12421579911968372,4.540337491035461,4.357779994010925,0.10307491918701817,0.1930061165077306
2019-10-21,4.868922710418701,4.90024995803833,4.913750171661377,4.804999828338623,4.823999881744385,261868000,65.10126790588566,0.13270999279467421,4.566799998283386,4.37869499206543,0.1210821705768006,0.20450611985570522
2019-10-22,4.858986854553223,4.890250205993652,5.0632500648498535,4.882500171661377,4.957499980926514,328720000,64.50677800562215,0.1370549222311208,4.595650005340576,4.400774993896484,0.13377386714625472,0.20753164858071554
2019-10-23,4.846070289611816,4.8772501945495605,4.891499996185303,4.775750160217285,4.807750225067139,279916000,63.69248183493778,0.13786015181990674,4.616725015640259,4.420295000076294,0.09459691568787032,0.21388165059622172
2019-10-24,4.890037536621094,4.921500205993652,4.955249786376953,4.884500026702881,4.918749809265137,232020000,65.29824968701335,0.14044988928449698,4.64112503528595,4.443690004348755,0.11007114322506695,0.21963738913334865
2019-10-25,5.080808639526367,5.113500118255615,5.134500026702881,4.994750022888184,5.002500057220459,423092000,71.2415082808968,0.15619454965190105,4.6821000337600704,4.47157500743866,0.19084768073810032,0.22776194793040538
2019-10-28,5.136699676513672,5.169750213623047,5.222499847412109,5.127999782562256,5.15749979019165,330792000,72.71582563924832,0.17123730199582354,4.7230000495910645,4.495190010070801,0.1879704339588053,0.2385096106131175
2019-10-29,5.040567874908447,5.072999954223633,5.16225004196167,5.053500175476074,5.155749797821045,211236000,66.40960277677297,0.1733535425183641,4.759150052070618,4.511260013580323,0.16620691159581402,0.2337434743541601
2019-10-30,5.04255485534668,5.074999809265137,5.10575008392334,5.006499767303467,5.099999904632568,205960000,66.47432433679126,0.17319555936960906,4.796600031852722,4.528825006484985,0.17313905655469197,0.22030797714957503
2019-10-31,4.993372440338135,5.0254998207092285,5.074999809265137,4.945250034332275,5.053999900817871,209732000,63.226985702153534,0.16714932779425062,4.821237516403198,4.543720006942749,0.10870876993216605,0.21677234246432267
2019-11-01,5.0323710441589355,5.0647501945495605,5.097249984741211,4.964749813079834,4.989999771118164,283640000,64.69955978104191,0.16363850008236636,4.847012519836426,4.5592750072479244,0.11331539361429721,0.2133503405532285
2019-11-04,5.228857040405273,5.262499809265137,5.275000095367432,5.123000144958496,5.146249771118164,376716000,71.00037608782746,0.17479792341837364,4.879725003242493,4.583305006027222,0.14197355787612453,0.22467158151345862
2019-11-05,5.206749439239502,5.240250110626221,5.28849983215332,5.191999912261963,5.262249946594238,300868000,69.49731072491542,0.17977415749768522,4.92020001411438,4.605385007858277,0.18270049922750387,0.21209534161487403
2019-11-06,5.157565116882324,5.1907501220703125,5.2417497634887695,5.102749824523926,5.216000080108643,269012000,66.14253345195544,0.1776754910083822,4.953850030899048,4.628300008773803,0.14896804106388495,0.1977889554785703
2019-11-07,5.1752028465271,5.208499908447266,5.292500019073486,5.16349983215332,5.277750015258789,280340000,66.76211964094057,0.1754223820908969,4.985487532615662,4.651860008239746,0.13828335283616378,0.18427056031176164
2019-11-08,5.161291599273682,5.194499969482422,5.226250171661377,5.153749942779541,5.191500186920166,189100000,65.74024809996455,0.17054120610318346,5.012725019454956,4.672250003814697,0.11715677391771884,0.17187605677779444
2019-11-11,5.171228885650635,5.204500198364258,5.227749824523926,5.10699987411499,5.193749904632568,243436000,66.13893800890403,0.16557117244978592,5.039787530899048,4.692585010528564,0.11606717041203551,0.15581424790525977
2019-11-12,5.206749439239502,5.240250110626221,5.296500205993652,5.207749843597412,5.243000030517578,283504000,67.59093992469006,0.16264226532400627,5.056337547302246,4.715305013656616,0.0674238107092624,0.15877004198831726
2019-11-13,5.1809163093566895,5.214250087738037,5.236499786376953,5.147500038146973,5.208749771118164,300188000,65.3946372867691,0.15641998850989047,5.074287557601929,4.735210018157959,0.07394062401267631,0.15509023896440252
2019-11-14,5.211220741271973,5.244750022888184,5.247000217437744,5.163000106811523,5.223249912261963,518080000,66.75917444799552,0.15219546459616584,5.093662548065185,4.750235013961792,0.07977760918684451,0.15069158124420773
2019-11-15,5.072115421295166,5.104750156402588,5.29449987411499,5.015999794006348,5.242499828338623,1053628000,55.86918021539686,0.1359831506467204,5.110787558555603,4.763005018234253,0.07191983067862529,0.12893784783021842
2019-11-18,5.2730712890625,5.307000160217285,5.333749771118164,5.094250202178955,5.097249984741211,574588000,64.801863955394,0.13786543317699618,5.13112506866455,4.778895025253296,0.08300601105291072,0.1260274449912299
2019-11-19,5.166507720947266,5.199749946594238,5.299499988555908,5.141250133514404,5.275750160217285,414564000,58.08733257869047,0.1292134673128169,5.14660005569458,4.7913000202178955,0.06328914218361525,0.113247421455921
2019-11-20,5.245748043060303,5.2795000076293945,5.363749980926514,5.164000034332275,5.176750183105469,472588000,61.29857237136064,0.1273241716634823,5.166712546348572,4.804725017547607,0.08247471362641123,0.09752122435147034
2019-11-21,5.220907688140869,5.254499912261963,5.330999851226807,5.232749938964844,5.275000095367432,288388000,59.753023835295465,0.12239865696117747,5.183362531661987,4.8176800155639645,0.06766223556442541,0.08037100953968224
2019-11-22,5.2385454177856445,5.272250175476074,5.323999881744385,5.248499870300293,5.277249813079834,224100000,60.51426167247755,0.11856075439427283,5.19130003452301,4.8321550178527835,0.0310452827904919,0.08094529071722018
2019-11-25,5.494894981384277,5.530250072479248,5.535250186920166,5.388000011444092,5.401000022888184,506476000,69.53412864565401,0.13478391933049316,5.2093250274658205,4.852655019760132,0.06973254876149171,0.11060013032603037
2019-11-26,5.390319347381592,5.425000190734863,5.517250061035156,5.418499946594238,5.512499809265137,385244000,63.19234915481747,0.13756237514614966,5.226925039291382,4.870620021820068,0.06938699777006008,0.11565634892032298
2019-11-27,5.4251203536987305,5.455999851226807,5.50124979019165,5.429500102996826,5.466750144958496,215784000,64.22721922275765,0.14064447298801674,5.245975041389466,4.889750022888183,0.07507390271544434,0.12058789592134347
2019-11-29,5.3878326416015625,5.418499946594238,5.453499794006348,5.394499778747559,5.425000190734863,141556000,61.95786606683347,0.13846499060867057,5.265625047683716,4.909650020599365,0.07820120185170909,0.1146437129009604
2019-12-02,5.20164155960083,5.231249809265137,5.425000190734863,5.216000080108643,5.411499977111816,372036000,52.06531823349156,0.12024213744066614,5.2739500284194945,4.927930021286011,0.03287420076408809,0.10492234761612108
2019-12-03,5.1621174812316895,5.191500186920166,5.195499897003174,5.009250164031982,5.046750068664551,465232000,50.23179690267509,0.10142378246453099,5.270400047302246,4.944340028762817,-0.013491615186373762,0.106519111969886
2019-12-04,5.205867290496826,5.235499858856201,5.297999858856201,5.20674991607666,5.2754998207092285,273424000,52.23687497868869,0.08903417581471196,5.270162534713745,4.962785024642944,-0.0009064933294666844,0.10659514635677325
2019-12-05,5.188963413238525,5.218500137329102,5.273250102996826,5.187749862670898,5.257500171661377,184884000,51.375655671501434,0.07695648141380751,5.271550035476684,4.978040027618408,0.005346051072811164,0.1056837756218127
2019-12-06,5.274228572845459,5.3042497634887695,5.337250232696533,5.2779998779296875,5.288000106811523,232236000,55.37247471408227,0.07345732940972383,5.27633752822876,4.995455026626587,0.018383384222819155,0.10484266410613566
2019-12-09,5.274228572845459,5.3042497634887695,5.359250068664551,5.272500038146973,5.28125,211880000,55.37247471408229,0.06987870798874951,5.281825017929077,5.015660018920898,0.021128076744850288,0.1031930118278613
2019-12-10,5.319222450256348,5.349500179290772,5.401500225067139,5.281499862670898,5.334499835968018,256388000,57.509980803615996,0.06988832599368777,5.289075016975403,5.03561502456665,0.027860500605243033,0.10256620612359416
2019-12-11,5.402748107910156,5.433499813079834,5.439000129699707,5.357500076293945,5.360000133514404,233796000,61.222930323628454,0.07580023879561626,5.298737502098083,5.057285022735596,0.03687795398577265,0.10674220888813504
2019-12-12,5.5700459480285645,5.601749897003174,5.619999885559082,5.395500183105469,5.4045000076293945,404348000,67.37290235066678,0.09298991804120416,5.31811249256134,5.082800016403199,0.07431553967393922,0.12432018661079158
2019-12-13,5.568056583404541,5.59975004196167,5.7245001792907715,5.545499801635742,5.604750156402588,454704000,67.23640301549925,0.10523836869422443,5.335862493515014,5.104140014648437,0.06768673769469657,0.13789604661683094
2019-12-16,5.5968918800354,5.628749847412109,5.701499938964844,5.6192498207092285,5.647500038146973,320976000,68.24122756574954,0.11594881031079396,5.362062478065491,5.125730009078979,0.1026494294441227,0.1414087728382638
2019-12-17,5.674948215484619,5.707250118255615,5.730000019073486,5.638000011444092,5.647500038146973,321196000,70.84758488854878,0.1292809578519094,5.382074975967408,5.147710008621216,0.07541924740057726,0.16027033516179068
2019-12-18,5.705275058746338,5.737750053405762,5.798500061035156,5.733749866485596,5.742249965667725,343548000,71.81540467369791,0.14068612858297325,5.408974981307983,5.173850011825562,0.10346653441746856,0.17272356450226303
2019-12-19,5.853184223175049,5.886499881744385,5.900000095367432,5.767499923706055,5.772500038146973,445360000,76.00016388093066,0.15988462610488785,5.439324975013733,5.20122501373291,0.11497298479738904,0.19995775663373613
2019-12-20,5.950380802154541,5.984250068664551,6.009749889373779,5.934000015258789,5.953249931335449,603044000,78.28218950140564,0.18090187268002023,5.475812482833862,5.229395017623902,0.13888099126229592,0.22893750855598585
2019-12-23,5.936707496643066,5.9704999923706055,6.045249938964844,5.959750175476074,6.013000011444092,355060000,77.1706205005134,0.1942099444213623,5.510724973678589,5.255810012817383,0.13243867298681078,0.24865276490761234
2019-12-24,5.931736469268799,5.965499877929688,5.982749938964844,5.920499801635742,5.954999923706055,138864000,76.74386742092821,0.20202440808756705,5.532487463951111,5.2818550109863285,0.07870345820642344,0.2686910392433739
2019-12-26,5.9459052085876465,5.979750156402588,6.007999897003174,5.949999809265137,5.968999862670898,182852000,77.13200074448292,0.2069813530251663,5.560224962234497,5.303265018463135,0.10225805459235926,0.2851412985612823
2019-12-27,5.888234615325928,5.921750068664551,6.008500099182129,5.895249843597412,5.994999885559082,254644000,71.87417383426505,0.20387944986013373,5.583512473106384,5.324595022201538,0.08536477825105115,0.29502872369720295
2019-12-30,5.775127410888672,5.808000087738037,5.90500020980835,5.776500225067139,5.899750232696533,258056000,62.82859430049168,0.1900516987610832,5.602987480163574,5.343610019683838,0.07188338931120897,0.29641516453333444
2019-12-31,5.849205493927002,5.882500171661377,5.892000198364258,5.7532501220703125,5.772500038146973,231004000,65.85918655012296,0.18299518594789355,5.635549998283386,5.366015024185181,0.12449230798399302,0.28911017227624936
2020-01-02,5.963803768157959,5.99774980545044,5.9977498054504395,5.918000221252441,5.96875,237536000,69.94188861287464,0.18457486679881985,5.6758624792099,5.3879650211334225,0.15530185678536568,0.2800014742000279
2020-01-03,5.868346691131592,5.901750087738037,5.9457502365112305,5.852499961853027,5.877500057220459,205384000,63.16591507820668,0.17605099406623292,5.709174990653992,5.4081950187683105,0.12725627864449818,0.2640302207022131
2020-01-06,5.89295768737793,5.926499843597412,5.9317498207092285,5.781750202178955,5.808000087738037,262636000,64.13072679604552,0.16934080656291783,5.744574975967407,5.429180011749268,0.13567111001949206,0.2412611919688978
2020-01-07,5.96429967880249,5.9982500076293945,6.044250011444092,5.909749984741211,5.954999923706055,314856000,66.8422562001667,0.16787738719890655,5.779274988174438,5.450715007781983,0.13083853043981852,0.22387910321325027
2020-01-08,5.975486755371094,6.009500026702881,6.051000118255615,5.953750133514404,5.99399995803833,277108000,67.26016666798529,0.16571513836744955,5.814537501335144,5.468635005950928,0.13295947488533155,0.19931473548470202
2020-01-09,6.041113376617432,6.075500011444092,6.148250102996826,6.021500110626221,6.096250057220459,255112000,69.67493400266714,0.16739753321255968,5.85083749294281,5.486750001907349,0.13571358217050689,0.17476131765462546
2020-01-10,6.073430061340332,6.107999801635742,6.213749885559082,6.09375,6.1832499504089355,316296000,70.81639018302506,0.16940056049153718,5.8845624923706055,5.5074499988555905,0.12413729856624145,0.15381175218086643
2020-01-13,6.2638468742370605,6.299499988555908,6.324749946594238,6.168749809265137,6.191500186920166,319840000,76.44304182953665,0.1843157613277695,5.919449996948242,5.531940002441406,0.12455930814155369,0.16501203292631003
2020-01-14,6.147010803222656,6.182000160217285,6.2820000648498535,6.168749809265137,6.256499767303467,359088000,67.80482094953152,0.1845277897926456,5.948562502861023,5.555070009231567,0.10397787649315227,0.1567975926578689
2020-01-15,6.104503154754639,6.139249801635742,6.217249870300293,6.113249778747559,6.19474983215332,263104000,64.92994827731337,0.17918074314987376,5.974087500572205,5.576560001373291,0.09069508648680524,0.14293451157202983
2020-01-16,6.188027381896973,6.223249912261963,6.229249954223633,6.16949987411499,6.192999839782715,284192000,67.81733420759004,0.17965037932700234,5.999887490272522,5.595775003433228,0.09041128096976747,0.13874287972154653
2020-01-17,6.196728229522705,6.23199987411499,6.25,6.1842498779296875,6.242499828338623,253792000,68.11185010176283,0.1786690327836613,6.024599981307984,5.615609998703003,0.08614000542178668,0.13351288632021374
2020-01-21,6.163417816162109,6.198500156402588,6.232250213623047,6.164249897003174,6.195250034332275,217916000,65.63531786167698,0.17319171504434383,6.0401999950408936,5.635764999389648,0.05300268086741999,0.13474938732145736
2020-01-22,6.2173590660095215,6.252749919891357,6.339749813079834,6.224999904632568,6.24399995803833,239240000,67.68446899557836,0.17125429093948785,6.053624987602234,5.65664999961853,0.04486775254141828,0.14205873842101496
2020-01-23,6.285721302032471,6.321499824523926,6.329999923706055,6.203750133514404,6.293000221252441,244516000,70.11641169735259,0.17326907309652118,6.0711749792099,5.67918999671936,0.05878901810599535,0.15254337388162975
2020-01-24,6.22655725479126,6.26200008392334,6.487500190734863,6.207499980926514,6.4375,373512000,65.52074499355545,0.16812661174034282,6.085999989509583,5.700339994430542,0.049702491335319676,0.15609907655737268
2020-01-27,5.971013069152832,6.005000114440918,6.056250095367432,5.805749893188477,5.955999851226807,470536000,50.21201469247452,0.14168022294997762,6.087262487411499,5.715634994506836,0.00422257742847254,0.1552945566277626
2020-01-28,6.164162635803223,6.199250221252441,6.231750011444092,6.017749786376953,6.071249961853027,310976000,58.167813442493,0.1348412633533176,6.101137495040893,5.735334997177124,0.046861172688848596,0.15209210541868978
2020-01-29,6.103757381439209,6.138500213623047,6.2210001945495605,6.098499774932861,6.184750080108643,258848000,55.19720067741988,0.12310029709657133,6.117662501335144,5.753210000991821,0.056904290787248346,0.13562973563931505
2020-01-30,6.110469341278076,6.145249843597412,6.158750057220459,5.985000133514404,6.040249824523926,290504000,55.46930851717178,0.11303711399198679,6.1307999849319454,5.774019994735718,0.044666326267497114,0.12386770303594066
2020-01-31,5.87729549407959,5.910749912261963,6.111249923706055,5.868750095367432,6.099249839782715,370420000,45.19844734169859,0.08515813425659857,6.126449990272522,5.786094989776611,-0.014505422201742446,0.1301541968920877
2020-02-03,5.974244594573975,6.008250236511231,6.027750015258789,5.886250019073486,5.892499923706055,255564000,49.394133509909494,0.07012296934127527,6.131774997711181,5.8022649955749515,0.01804551992034842,0.12242639161416878
2020-02-04,6.143280982971191,6.178249835968018,6.197500228881836,6.100500106811523,6.150750160217285,271544000,55.754802460513304,0.07110538118090748,6.144362497329712,5.820239992141723,0.04247869720988495,0.11277115268292841
2020-02-05,6.233518600463867,6.269000053405762,6.309999942779541,6.1852498054504395,6.299749851226807,208220000,58.736428686880465,0.07830409291718166,6.157899999618531,5.8405299949646,0.04513817287241939,0.11053689692279317
2020-02-06,6.32027530670166,6.356249809265137,6.356249809265137,6.2220001220703125,6.303500175476074,218284000,61.42773675257671,0.0900118493840445,6.175237488746643,5.862209987640381,0.057700271407187254,0.11319708720569462
2020-02-07,6.254149913787842,6.289750099182129,6.338250160217285,6.264249801635742,6.315999984741211,189752000,58.306315293855455,0.09285399681574624,6.185949993133545,5.877399988174439,0.035264601651628036,0.1133992595006237
2020-02-10,6.537040710449219,6.574250221252441,6.574999809265137,6.307499885559082,6.3125,529608000,66.21581083984049,0.11671775172863352,6.20926251411438,5.90038498878479,0.0763343868301758,0.14107851698956358
2020-02-11,6.659344673156738,6.697249889373779,6.8125,6.6207499504089355,6.683000087738037,638556000,68.95763428057371,0.14389624831418057,6.229150009155274,5.92520998954773,0.06313991611087388,0.17773996953007132
2020-02-12,6.774937152862549,6.813499927520752,6.820000171661377,6.711249828338623,6.750249862670898,374644000,71.32619821214608,0.1728236062511712,6.260724997520446,5.9531099891662596,0.1021513670231402,0.21999288979372908
2020-02-13,6.731185436248779,6.769499778747559,6.836999893188477,6.727749824523926,6.755249977111816,528016000,69.17478494587951,0.19000800751048352,6.292237496376037,5.983874988555908,0.10265911918812831,0.2453542404416333
2020-02-14,7.203744888305664,7.244750022888184,7.3742499351501465,7.150000095367432,7.18149995803833,1041924000,77.18095919782431,0.23921793671904812,6.343312501907349,6.024939985275268,0.16414255011895174,0.3239658092219093
2020-02-18,7.37228536605835,7.414249897003174,7.432750225067139,7.121500015258789,7.140999794006348,620164000,79.25086522602382,0.2885679517067947,6.402425003051758,6.068514986038208,0.18970636180509803,0.40123189991174457
2020-02-19,7.822972297668457,7.867499828338623,7.885250091552734,7.53725004196167,7.53725004196167,694332000,83.54836106017203,0.36010065937686786,6.485874986648559,6.121494979858398,0.26925863189857036,0.5142360003974891
2020-02-20,7.6738200187683105,7.71750020980835,7.9079999923706055,7.408750057220459,7.819250106811523,810052000,77.80507449051184,0.40007531080967507,6.559112501144409,6.16975998878479,0.23425697631969933,0.5794558854728606
2020-02-21,7.310139179229736,7.351749897003174,7.630000114440918,7.266499996185303,7.604750156402588,768180000,65.90800605901401,0.3976585562291559,6.610625004768371,6.2107099914550785,0.16297557558768672,0.6025540743414634
2020-02-24,6.793332099914551,6.831999778747559,7.046750068664551,6.699999809265137,6.754749774932861,856916000,53.40980275614276,0.34977181820717185,6.6391249895095825,6.240359983444214,0.09102518160093931,0.5986642724089412
2020-02-25,6.514169692993164,6.551249980926514,6.969749927520752,6.448999881744385,6.90749979019165,1055496000,48.10346036331953,0.28587171972322967,6.666437482833862,6.262714986801147,0.09096583781438494,0.5803931301164241
2020-02-26,6.653378009796143,6.691249847412109,6.886250019073486,6.550000190734863,6.551499843597412,747732000,50.73210084517564,0.24371782314095025,6.6910374641418455,6.284504985809326,0.07936437611003044,0.5698806919774584
2020-02-27,6.283014297485352,6.315000057220459,6.675000190734863,6.222249984741211,6.372499942779541,906416000,44.245785891624934,0.17789962662226966,6.699862456321716,6.298809986114502,0.028752926196159434,0.562188635093578
2020-02-28,6.717552185058594,6.7517499923706055,6.811500072479248,6.044750213623047,6.061500072479248,1133252000,51.92894924584791,0.15914576803274727,6.730187463760376,6.321269989013672,0.0986941400608945,0.5468459906264613
2020-03-02,6.8757452964782715,6.910749912261963,6.9397501945495605,6.525000095367432,6.922500133514404,890744000,54.39296212959919,0.15532270128832604,6.780187463760376,6.345339984893799,0.1691832702861411,0.5126245732463306
2020-03-03,6.613581657409668,6.647250175476074,7.026750087738037,6.561500072479248,6.966750144958496,652792000,49.83412419999528,0.1295374397787148,6.812137460708618,6.363529987335205,0.10635374922997332,0.4809127452605703
2020-03-04,7.076723575592041,7.112750053405762,7.122250080108643,6.679999828338623,6.755000114440918,597408000,56.73319138639619,0.1449929950715152,6.8588624715805055,6.388054990768433,0.15125646295450035,0.46107164529446626
2020-03-05,6.797643184661865,6.832250118255615,7.079999923706055,6.787499904632568,6.912499904632568,540328000,52.08491628402548,0.1330736433365578,6.887024974822998,6.405014991760254,0.089846875107914,0.4398601567839037
2020-03-06,6.617312431335449,6.651000022888184,6.709750175476074,6.449999809265137,6.6519999504089355,515412000,49.27550174268432,0.10775991407516994,6.90176248550415,6.418624992370606,0.04637171641577176,0.4258554122144575
2020-03-09,6.10491943359375,6.136000156402588,6.485000133514404,5.954500198364258,5.997499942779541,614160000,42.29472681610968,0.04561657656867535,6.8940749883651735,6.422034997940063,-0.02444452328869684,0.43867951624876755
2020-03-10,6.493940830230713,6.526999950408936,6.5269999504089355,6.149750232696533,6.41349983215332,580648000,48.28495768127683,0.02759979625989306,6.891712474822998,6.43297999382019,-0.007187172567718836,0.44061555112532014
2020-03-11,6.130540370941162,6.161749839782715,6.414999961853027,6.0642499923706055,6.386499881744385,499964000,43.719334043707946,-0.015967203362583504,6.864937472343445,6.437779989242554,-0.07995820052059244,0.4684459722953889
2020-03-12,5.380358695983887,5.407750129699707,5.9029998779296875,5.394999980926514,5.636499881744385,816540000,36.125405739691296,-0.11006705511487613,6.794649982452393,6.429774990081787,-0.2063183111139416,0.5708411824517667
2020-03-13,5.990503787994385,6.020999908447266,6.0254998207092285,5.490250110626221,5.762499809265137,634836000,44.56004863010292,-0.13361747450658434,6.757224988937378,6.432544984817505,-0.1105694504415472,0.5965348517433808
2020-03-16,4.885130882263184,4.909999847412109,5.652500152587891,4.849999904632568,5.3102498054504395,726972000,35.431705292996114,-0.23917273702418473,6.640487480163574,6.410789985656738,-0.3222678723351321,0.7131556965608067
2020-03-17,5.404236316680908,5.4317498207092285,5.521500110626221,4.775000095367432,5.022749900817871,833632000,41.49327539362166,-0.2775260332974714,6.541362476348877,6.4013899803161625,-0.2673905120321435,0.7373156514378738
2020-03-18,5.044818878173828,5.070499897003174,5.248499870300293,4.517000198364258,5.002500057220459,874268000,38.77877497503627,-0.3332298800374538,6.401512479782104,6.384269981384278,-0.3555131861917169,0.737802178858278
2020-03-19,5.2972822189331055,5.324250221252441,5.41825008392334,4.834750175476074,5.048999786376953,765512000,41.665599959131484,-0.3528328123860742,6.281849980354309,6.370789985656739,-0.310106889989361,0.7065474633037775
2020-03-20,5.117696762084961,5.143750190734863,5.757999897003174,5.1282501220703125,5.474999904632568,804636000,40.2130185836133,-0.3785692112488057,6.171449995040893,6.353474988937378,-0.30033661879172024,0.7030684328622998
2020-03-23,5.290317058563232,5.317249774932861,5.4120001792907715,4.9629998207092285,5.142749786376953,643876000,42.29548714081249,-0.38057845479499264,6.095712494850159,6.338309984207154,-0.22171400071274316,0.7097222520126554
2020-03-24,6.197945594787598,6.229499816894531,6.316500186920166,5.701250076293945,5.724999904632568,1101644000,51.801629590849586,-0.305043488929166,6.079624986648559,6.340739984512329,-0.04911278992081425,0.7024624475054911
2020-03-25,6.109397888183594,6.140500068664551,6.545499801635742,6.0914998054504395,6.34499979019165,793432000,50.92028661461696,-0.24948708830700195,6.052087497711182,6.337559986114502,-0.08230895442658825,0.6878674463923219
2020-03-26,6.3984270095825195,6.431000232696533,6.555500030517578,6.25,6.348499774932861,696108000,53.689902300182155,-0.17994303384199117,6.0578875064849855,6.342539987564087,0.018368990407757968,0.6906842487162705
2020-03-27,6.286248207092285,6.318250179290772,6.578000068664551,6.2170000076293945,6.25,638828000,52.45270089179908,-0.1324006246742293,6.036212515830994,6.346119995117188,-0.06420554871991446,0.6743729003087006
2020-03-30,6.606118679046631,6.639750003814697,6.64900016784668,6.339749813079834,6.383999824523926,602252000,55.594870341947015,-0.06799674972693115,6.02266252040863,6.354449996948242,-0.03921425487651087,0.6584098531138688
2020-03-31,6.556620121002197,6.590000152587891,6.885000228881836,6.443749904632568,6.679999828338623,949960000,54.98928196933367,-0.02073163070965478,6.019800019264221,6.3616100025177005,-0.008612587367239133,0.6556702288353572
2020-04-01,6.0459699630737305,6.076749801635742,6.538249969482422,6.0320000648498535,6.391250133514404,656912000,49.052804781965385,-0.024407344595895886,5.96800000667572,6.3591749954223635,-0.1456539656238809,0.6036382763638102
2020-04-02,6.354400634765625,6.386750221252441,6.400000095367432,6.057750225067139,6.105999946594238,675764000,52.395641627461636,-0.0022796528325486065,5.945725011825561,6.361855001449585,-0.06520544319839938,0.5777316889566175
2020-04-03,6.066864967346191,6.097750186920166,6.390749931335449,5.959750175476074,6.348999977111816,663212000,49.15743602928212,-0.00797129703497923,5.918062520027161,6.357380008697509,-0.08318295505399353,0.5549821584449396
2020-04-06,6.676012992858887,6.710000038146973,6.747000217437744,6.323249816894531,6.38100004196167,727884000,55.44041835796864,0.03650072252861758,5.94676251411438,6.366340007781982,0.0935462625673904,0.5810740125743841
2020-04-07,6.4429497718811035,6.475749969482422,6.956250190734863,6.432499885559082,6.932499885559082,784520000,52.754259766285706,0.05224089508493357,5.944200015068054,6.375755004882812,-0.007851996524575355,0.5784877777505417
2020-04-08,6.639946937561035,6.673749923706055,6.698750019073486,6.514999866485596,6.585249900817871,542444000,54.74995496846017,0.07977246941800775,5.9698000192642215,6.385244998931885,0.08309329285289424,0.5995665982845622
2020-04-09,6.540453910827637,6.573750019073486,6.822999954223633,6.510499954223633,6.800000190734863,525564000,53.52033873460636,0.09245650284881002,6.02810001373291,6.393949995040893,0.21561645072504998,0.5987267080010216
2020-04-13,6.712080478668213,6.746250152587891,6.755000114440918,6.425000190734863,6.513750076293945,398408000,55.381875697749365,0.1151011949299452,6.064362525939941,6.4059700012207035,0.12045345543405883,0.6198637185200315
2020-04-14,7.062793254852295,7.098750114440918,7.132999897003174,6.847249984741211,6.875,530948000,58.99589424358426,0.1596507233472586,6.173800039291382,6.4297300052642825,0.44577399899155257,0.5981666140144244
2020-04-15,6.985438346862793,7.020999908447266,7.104249954223633,6.884500026702881,6.929999828338623,366148000,57.88223703490713,0.18653252293002254,6.253262543678284,6.449984998703003,0.29258528838696174,0.5999599093465514
2020-04-16,7.33018159866333,7.367499828338623,7.474999904632568,7.163750171661377,7.177000045776367,745620000,61.38101862184381,0.23310905441292196,6.368112540245056,6.473769998550415,0.4530125190798344,0.5811908273250584
2020-04-17,7.270984172821045,7.308000087738037,7.471499919891357,7.173500061035156,7.449999809265137,539120000,60.45234880004527,0.2621977074138604,6.467300033569336,6.49454999923706,0.37258764784705245,0.5626464563419821
2020-04-20,7.139902114868164,7.176249980926514,7.337500095367432,7.131750106811523,7.181000232696533,449388000,58.34726994504183,0.27148997452178136,6.5689250230789185,6.510950002670288,0.39513967724417753,0.4898508222641153
2020-04-21,6.703622341156006,6.737750053405762,7.1192498207092285,6.677750110626221,7.057750225067139,735160000,51.872880919194124,0.24069628673263566,6.6399500370025635,6.519910001754761,0.26714943600535235,0.39202864056019865
2020-04-22,7.1175150871276855,7.153749942779541,7.196750164031982,6.885000228881836,6.930749893188477,483356000,56.77335557217057,0.2470123767996455,6.686162543296814,6.531499996185302,0.14836666715655467,0.39555768031050054
2020-04-23,7.064286231994629,7.100249767303467,7.328499794006348,7.074999809265137,7.196000099182129,424160000,55.98384548508954,0.24487810428653667,6.734150028228759,6.539559993743897,0.15629829621476476,0.3839213467462565
2020-04-24,7.2030792236328125,7.239749908447266,7.2417497634887695,7.014999866485596,7.090000152587891,352328000,57.638064606925624,0.2515435361776346,6.774587512016296,6.548084993362426,0.12575799198993676,0.39279993888051085
2020-04-27,7.389381408691406,7.427000045776367,7.587500095367432,7.349999904632568,7.374750137329102,479388000,59.82086347355668,0.26883648053819353,6.830025005340576,6.561234998703003,0.17548369169041877,0.40311132635987534
2020-04-28,7.247104167938232,7.283999919891357,7.605000019073486,7.278500080108643,7.574999809265137,442904000,57.388858435311086,0.2679140026242921,6.862237501144409,6.562019996643066,0.09702924292428516,0.4127323483726103
2020-04-29,7.4237060546875,7.46150016784668,7.514500141143799,7.34375,7.419250011444092,379160000,59.58519795651918,0.2782976764303573,6.905812501907349,6.562965002059936,0.1322458262639874,0.42819319252648624
2020-04-30,7.269989490509033,7.307000160217285,7.46150016784668,7.293000221252441,7.407249927520752,375916000,56.83896911300832,0.2709367629754391,6.967325019836426,6.551755008697509,0.20245203418616708,0.38943748713629067
2020-05-01,7.033693790435791,7.069499969482422,7.222499847412109,7.020999908447266,7.108749866485596,342096000,52.809649104536206,0.2431361829395966,7.001462507247925,6.538795003890991,0.1069009628649753,0.36502594240917885
2020-05-04,7.245365142822266,7.282249927520752,7.296000003814697,7.021999835968018,7.021999835968018,317556000,55.83029795275542,0.23555582562751276,7.060687494277954,6.537405004501343,0.1942519296939007,0.30119310728987153
2020-05-05,7.306304931640625,7.343500137329102,7.506750106811523,7.282249927520752,7.386750221252441,368896000,56.68982540111242,0.23181845899304054,7.09236249923706,6.547635011672973,0.09441134062304357,0.29563167429638637
2020-05-06,7.407042026519775,7.44474983215332,7.550000190734863,7.385250091552734,7.423250198364258,323464000,58.13995170747458,0.23432541567288645,7.140812492370605,6.56550500869751,0.1496351568910783,0.26730442274434163
2020-05-07,7.583144664764404,7.621749877929687,7.6852498054504395,7.5329999923706055,7.584499835968018,373732000,60.622127222039346,0.2477388421857203,7.188212490081787,6.584115009307862,0.14204906762481606,0.2641570071473159
2020-05-08,7.7729291915893555,7.8125,7.818749904632568,7.659749984741211,7.693749904632568,339216000,63.15758827094927,0.2706412363175019,7.250149989128113,6.614065008163452,0.1884388632564864,0.2576457436374618
2020-05-11,8.024650573730469,8.065500259399414,8.112500190734863,7.778749942779541,7.807499885559082,469060000,66.26059643236961,0.30568283376523375,7.316112494468689,6.640340013504028,0.19555309645691876,0.28883661661237875
2020-05-12,7.762979507446289,7.802499771118164,8.172499656677246,7.792749881744385,8.123499870300293,493060000,60.55134785018636,0.3086734157914153,7.351299977302551,6.658175010681152,0.09913712207528125,0.30345971990548004
2020-05-13,7.740593433380127,7.78000020980835,8.078499794006348,7.594749927520752,7.917500019073486,625852000,60.07446064416396,0.3057039818237781,7.389249992370606,6.680830011367798,0.10810430298509166,0.30741279563552676
2020-05-14,7.9898223876953125,8.030500411987305,8.03600025177002,7.6875,7.841750144958496,602312000,63.51933449220591,0.3198766182699764,7.42240002155304,6.699185018539429,0.0899899014722052,0.33906220930646275
2020-05-15,8.447745323181152,8.490750312805176,8.500499725341797,7.874000072479248,7.889750003814697,987660000,68.83920819261928,0.3640503099295911,7.481537532806397,6.73235502243042,0.16184321440439686,0.4131165598887925
2020-05-18,8.70592975616455,8.750249862670898,8.916500091552734,8.680500030517578,8.760499954223633,774460000,71.37391705495199,0.4152114249236538,7.560237526893616,6.7743400192260745,0.21933459479921402,0.4939207934723898
2020-05-19,8.76090145111084,8.805500030517578,9.087499618530273,8.762749671936035,8.790249824523926,717320000,71.8980455842277,0.4549705862438236,7.663625025749207,6.827730016708374,0.3068902765347641,0.5279359418258114
2020-05-20,8.924565315246582,8.970000267028809,9.043000221252441,8.888750076293945,8.991000175476074,587536000,73.45635618070357,0.4940586023132987,7.75443754196167,6.876590023040771,0.2538878684294039,0.5883659899083974
2020-05-21,8.730799674987793,8.775250434875488,9.052499771118164,8.737500190734863,9.05150032043457,761068000,68.60598732770258,0.5035172197194511,7.838187575340271,6.928860034942627,0.23590728811898587,0.6091898061984238
2020-05-22,8.980530738830566,9.026249885559082,9.093000411987305,8.713250160217285,8.825249671936035,1038764000,71.24164936900412,0.5252124776310048,7.927512574195862,7.001230030059815,0.24676266441570682,0.6466479349179972
2020-05-26,8.67359447479248,8.71774959564209,9.181750297546387,8.67199993133545,9.156749725341797,770780000,64.11670353299328,0.511615149703589,7.992050051689148,7.055165023803711,0.1737915096149425,0.658370297416116
2020-05-27,8.482069969177246,8.525250434875488,8.632749557495117,7.9967498779296875,8.625,1175892000,60.079053869126646,0.47977554206735284,8.054112577438355,7.127470035552978,0.17040781557321116,0.6465092517480115
2020-05-28,8.444012641906738,8.487000465393066,8.760499954223633,8.379249572753906,8.412249565124512,734896000,59.280224136666966,0.44631117336723314,8.105387592315674,7.188575048446655,0.13743888956345574,0.6376407977373008
2020-05-29,8.830544471740723,8.875499725341797,8.875499725341797,8.484999656677246,8.554499626159668,745256000,64.45044495139946,0.4459978776195488,8.183812570571899,7.264675045013428,0.2146571138268416,0.63069596534112
2020-06-01,8.76164436340332,8.806249618530273,8.840749740600586,8.689499855041504,8.833250045776367,389876000,62.91693635379243,0.4351455960474304,8.270650053024292,7.334315032958984,0.24566796188486362,0.5872635448822089
2020-06-02,8.780550003051758,8.825249671936035,8.837249755859375,8.657999992370605,8.796250343322754,391320000,63.17582462943465,0.4231998458446906,8.347800040245057,7.407945022583008,0.21188503000755965,0.5508029770226432
2020-06-03,8.725083351135254,8.769499778747559,8.866250038146973,8.699999809265137,8.822250366210938,365440000,61.81223059136272,0.4045705646526425,8.419100022315979,7.476990022659302,0.19418528150761438,0.5042886128541527
2020-06-04,8.726078987121582,8.766500473022461,8.943249702453613,8.677499771118164,8.727999687194824,424280000,61.735028829840296,0.3851252223542758,8.485187554359436,7.52773003578186,0.17754131040919585,0.45397719849315177
2020-06-05,8.87886905670166,8.920000076293945,8.996999740600586,8.708000183105469,8.794500350952148,481748000,64.19944344756695,0.37774635873642204,8.550100064277649,7.583320035934448,0.17033492559544672,0.41517753130800233
2020-06-08,8.76440143585205,8.805000305175781,8.889749526977539,8.685750007629395,8.877249717712402,387736000,61.02828492207894,0.35848662505789264,8.599725079536437,7.6308000373840335,0.12704003906249994,0.38021757640620674
2020-06-09,9.004286766052246,9.04599952697754,9.109749794006348,8.751250267028809,8.800000190734863,468488000,64.93704125616006,0.35853678160667357,8.648750042915344,7.685355024337769,0.12156707408638012,0.37080555878266475
2020-06-10,9.32355785369873,9.36674976348877,9.5,9.153499603271484,9.167750358581543,632180000,69.34401428614484,0.380077102252832,8.726962542533874,7.73989501953125,0.20048062009060907,0.3471294814052991
2020-06-11,8.755691528320312,8.796250343322754,9.261249542236328,8.78600025177002,9.149999618530273,583652000,55.88882737590806,0.3471121336033569,8.777775049209595,7.784020023345947,0.13062340695482288,0.2661522697726297
2020-06-12,8.891313552856445,8.932499885559082,9.187250137329102,8.70324993133545,9.162500381469727,570908000,57.9855637268782,0.32819809448540305,8.822875022888184,7.841135025024414,0.11232170192349944,0.20140869975837492
2020-06-15,9.131448745727539,9.173749923706056,9.182250022888184,8.743749618530273,8.815250396728516,400004000,61.47720805930931,0.3288842709319457,8.857025003433227,7.896875019073486,0.08044043055545114,0.20002970463362996
2020-06-16,9.026684761047363,9.068499565124512,9.26675033569336,8.838749885559082,9.225000381469727,535716000,59.1669959565815,0.31727786466068686,8.872937488555909,7.956290006637573,0.03637035598392302,0.2037131869078174
2020-06-17,9.193413734436035,9.236000061035156,9.298999786376953,9.070249557495117,9.113750457763672,408304000,61.63769372682653,0.3179306871742469,8.894462490081787,8.006810007095337,0.048889901655281065,0.21842526059543024
2020-06-18,9.175497055053711,9.218000411987305,9.282500267028809,9.114500045776367,9.22700023651123,254408000,61.20908912282865,0.3133831466306347,8.906862497329712,8.061655015945435,0.027647729941555843,0.22968833831810642
2020-06-19,9.218544960021973,9.261249542236328,9.444999694824219,9.227250099182129,9.242500305175781,524160000,61.89472506329506,0.30969901389831733,8.931162452697754,8.11340500831604,0.05538293305332154,0.24048597819106401
2020-06-22,9.482820510864258,9.52674961090088,9.53125,9.273249626159668,9.300000190734863,398468000,65.88153082475137,0.3244627442847179,8.956187438964843,8.172465000152588,0.055449354016061436,0.2745325263826445
2020-06-23,9.406424522399902,9.449999809265137,9.642499923706055,9.407500267028809,9.550999641418457,375108000,63.803361892690695,0.3262096970862025,8.992799949645995,8.226539993286133,0.08399532535197962,0.28948071347122317
2020-06-24,9.192914962768555,9.23550033569336,9.556500434875488,9.144499778747559,9.476249694824219,449372000,58.27108483119315,0.3067498337587189,9.02831244468689,8.269274997711182,0.08331132395974516,0.272151348035106
2020-06-25,9.446242332458496,9.489999771118164,9.505000114440918,9.182250022888184,9.35575008392334,376072000,62.433163283151956,0.3083097267553061,9.078462409973145,8.3186549949646,0.11818065873979489,0.25925976778078713
2020-06-26,9.112784385681152,9.154999732971191,9.5,9.125,9.5,592084000,54.699281865150624,0.2792947142166291,9.092437410354615,8.354404993057251,0.03149118542940754,0.2552454973416884
2020-06-29,9.157575607299805,9.199999809265137,9.204500198364258,8.899999618530273,9.169750213623047,342248000,55.49677459749529,0.25696905846514007,9.112124919891357,8.392244987487793,0.04471258569667702,0.24706373258159237
2020-06-30,9.453954696655273,9.497750282287598,9.526249885559082,9.266500473022461,9.314000129699707,367892000,60.45713947230109,0.26030120000106294,9.145749950408936,8.438674993515015,0.07620187930660927,0.25168546890215693
2020-07-01,9.48605728149414,9.529999732971191,9.575750350952148,9.413000106811523,9.520750045776367,326648000,60.96463812109142,0.26251806251250365,9.183774948120117,8.494519987106322,0.08672101869101656,0.24928652132569937
2020-07-02,9.567928314208984,9.612250328063965,9.737500190734863,9.57824993133545,9.638999938964844,364056000,62.29380918748976,0.2678245628065028,9.226062440872193,8.543689994812011,0.0964751964189321,0.24649545179572274
2020-07-06,9.793880462646484,9.83924961090088,9.9087495803833,9.712499618530273,9.74174976348877,315892000,65.75908748585263,0.2870381504106536,9.27202491760254,8.59846999168396,0.10305487967987359,0.2709159411773708
2020-07-07,9.826231002807617,9.871749877929688,10.069999694824219,9.850749969482422,9.946249961853027,357800000,66.23750505220147,0.30141305487306447,9.325362396240234,8.651109991073609,0.12115270139477974,0.279018373605047
2020-07-08,10.168892860412598,10.215999603271484,10.225000381469727,9.965499877929688,9.993749618530273,365480000,70.87882989332797,0.33670205435238465,9.383862400054932,8.70688998222351,0.1293389495328512,0.33450039857377456
2020-07-09,10.460542678833008,10.508999824523926,10.569999694824219,10.233499526977539,10.380249977111816,494548000,74.13761041531419,0.3838863074420473,9.440974903106689,8.771389980316162,0.12194732323133084,0.41841332107379253
2020-07-10,10.430928230285645,10.479249954223633,10.65524959564209,10.37874984741211,10.588749885559082,497676000,73.2414106971586,0.41410604533800566,9.525124883651733,8.831744976043701,0.19133148162142133,0.44997341307756006
2020-07-13,10.005898475646973,10.052249908447266,10.79224967956543,10.024999618530273,10.595000267028809,457076000,61.71074151417998,0.3990006392362897,9.581112384796143,8.886649971008302,0.12535684715747397,0.4419460418821201
2020-07-14,10.329151153564453,10.376999855041504,10.402750015258789,9.785499572753906,10.074999809265137,542676000,66.08402801583156,0.40852488216996896,9.641274881362914,8.952799968719482,0.13116227729579877,0.46487756993220897
2020-07-15,10.18009090423584,10.227250099182127,10.432999610900879,10.055749893188477,10.414250373840332,403984000,62.53696045231546,0.3993854921814215,9.699212408065796,9.01169997215271,0.12777753648618106,0.4619337044307264
2020-07-16,10.08801555633545,10.134750366210938,10.20674991607666,9.895500183105469,10.015000343322754,344964000,60.38104071848827,0.3802947037518756,9.744149923324585,9.067524976730347,0.09730947371551335,0.45820084239646164
2020-07-17,10.154458999633789,10.201499938964844,10.248499870300293,10.087750434875488,10.225500106811523,266284000,61.41477646403933,0.36632844279454524,9.793324899673461,9.122659978866578,0.10669336982222011,0.45148785552421045
2020-07-20,10.462285041809082,10.510749816894531,10.53125,10.156749725341797,10.274250030517578,284852000,65.8592946739287,0.37588103837171793,9.855799913406372,9.180439977645873,0.1349170291719064,0.46034976228438024
2020-07-21,10.28087329864502,10.328499794006348,10.5600004196167,10.286749839782715,10.512999534606934,277036000,61.3726537831316,0.36454325771464013,9.895887422561646,9.230759973526,0.0841577889470373,0.46507198519240134
2020-07-22,10.390615463256836,10.438750267028809,10.602499961853027,10.291500091552734,10.367500305175781,367292000,63.0141409740907,0.3603009515410651,9.94532494544983,9.278224973678588,0.10462968018203167,0.46772405312886406
2020-07-23,10.083043098449707,10.12975025177002,10.54699993133545,10.03125,10.449999809265137,411660000,55.85052043280025,0.3282216397714244,9.990037441253662,9.324769983291626,0.09682744665392562,0.43810162117251783
2020-07-24,10.147494316101074,10.194499969482422,10.364749908447266,9.777000427246094,9.875,473292000,56.9548106810282,0.30451307794866267,10.025262451171875,9.373059978485108,0.07423606062755983,0.42387180326294155
2020-07-27,10.373445510864258,10.421500205993652,10.441749572753906,10.21774959564209,10.232250213623047,292132000,60.669013394082334,0.30057604036820607,10.088587474822997,9.420879974365235,0.1383397607824317,0.3792738764418998
2020-07-28,10.168396949768066,10.215499877929688,10.381999969482422,10.209250450134277,10.374250411987305,271636000,55.95084019926724,0.27763302418048674,10.139362478256226,9.455374965667724,0.11038044453455975,0.316899576728381
2020-07-29,10.417245864868164,10.465499877929688,10.516249656677246,10.347000122070312,10.39074993133545,284508000,60.014915487578044,0.27643683743306724,10.18774995803833,9.4896799659729,0.10189250789703852,0.28616832756620464
2020-07-30,10.565056800842285,10.61400032043457,10.623000144958496,10.295249938964844,10.375,308880000,62.24330211268516,0.28419556587997263,10.241949987411498,9.52584997177124,0.11374612988844413,0.2561100782583792
2020-07-31,10.565803527832031,10.614749908447266,10.766500473022461,10.432999610900879,10.563249588012695,386080000,62.254737070010655,0.2870954420159695,10.292074966430665,9.55874496459961,0.10429395263005148,0.22224487694447068
2020-08-03,10.959481239318848,11.010250091552734,11.098750114440918,10.715250015258789,10.732500076293945,412720000,67.79654806151407,0.3176455539712073,10.350624990463256,9.603444957733155,0.11901318972073893,0.24927532048787088
2020-08-04,11.17597770690918,11.227749824523926,11.227749824523926,10.906000137329102,11.050000190734863,310336000,70.37273590231248,0.3553113405666455,10.418424987792969,9.64747495651245,0.13736165962083913,0.29278295634947454
2020-08-05,11.234702110290527,11.286749839782717,11.371749877929688,11.166250228881836,11.244000434875488,249924000,71.04930502275477,0.38547899406728625,10.471962499618531,9.698854961395263,0.10481110787909032,0.34674441063919514
2020-08-06,11.283230781555176,11.33549976348877,11.357999801635742,11.178750038146973,11.349749565124512,244316000,71.62587184645815,0.40861057982277593,10.513287496566772,9.75505994796753,0.07864686961323519,0.3970000513775548
2020-08-07,11.147859573364258,11.19950008392334,11.50475025177002,11.037500381469727,11.3125,342516000,67.58223773816141,0.4112281089841332,10.549300003051759,9.809309940338135,0.06873107644592569,0.42540153931457914
2020-08-10,11.11351490020752,11.164999961853027,11.408249855041504,10.856499671936035,11.334250450134277,427796000,66.55574726338983,0.4058403729883153,10.604937505722045,9.855099945068359,0.11069661653265084,0.42971716108125185
2020-08-11,10.799971580505371,10.850000381469728,11.136750221252441,10.79574966430664,11.073749542236328,354512000,57.90744627898751,0.3718660791377868,10.628587532043458,9.895974960327148,0.045581626003244446,0.4295281191456241
2020-08-12,11.387500762939453,11.440250396728516,11.467000007629395,10.958250045776367,10.990750312805176,464412000,66.65181000768493,0.388095723872258,10.689237546920776,9.948274974822999,0.11860473595374299,0.45477293827738197
2020-08-13,11.390235900878906,11.442999839782717,11.721750259399414,11.35575008392334,11.545999526977539,374460000,66.68652653385931,0.39660784299478813,10.754650020599366,10.001744976043701,0.1290855153111079,0.46479626599150836
2020-08-14,11.5106782913208,11.564000129699709,11.704750061035156,11.440500259399414,11.529999732971191,366436000,68.2528969146698,0.4084095794745384,10.822775030136109,10.057694969177247,0.13355880986978863,0.4790850960844215
2020-08-17,12.280112266540527,12.336999893188477,12.409749984741211,11.81725025177002,11.851249694824219,621300000,76.01246839962185,0.47466551278427715,10.914087533950806,10.126034965515137,0.1737506941092355,0.5799131419374486
2020-08-18,12.204216003417969,12.260749816894531,12.496000289916992,12.086250305175781,12.449999809265137,503448000,74.08879313127082,0.5150835112823149,11.010700035095216,10.195149955749512,0.18707944633057672,0.635510262753105
2020-08-19,12.08253002166748,12.138500213623049,12.3149995803833,12.097999572753906,12.296500205993652,622624000,70.98696730550225,0.5311280316533402,11.095687532424929,10.256999969482422,0.16283078942533624,0.667830020867851
2020-08-20,12.085016250610352,12.140999794006348,12.375,11.87874984741211,11.975000381469727,921388000,71.01368888767979,0.5378451804457924,11.196250009536744,10.312484970092774,0.19854877881958566,0.6661487291127025
2020-08-21,12.625016212463379,12.683500289916992,12.80875015258789,12.195249557495117,12.201749801635742,999868000,76.14828578397922,0.5802550068892085,11.320700025558473,10.390229969024658,0.24415129019426907,0.7007508221696372
2020-08-24,12.661595344543457,12.720250129699709,12.912500381469727,12.507499694824219,12.883749961853027,490564000,76.45258209683585,0.6098010973686936,11.435637521743775,10.46598497390747,0.22057764028867854,0.7332677474144307
2020-08-25,12.691208839416504,12.75,12.761249542236328,12.573749542236328,12.630749702453613,289076000,76.7116007500382,0.6283736525276424,11.562362527847291,10.53750997543335,0.248103387240602,0.7303055780584826
2020-08-26,12.71410083770752,12.77299976348877,12.868499755859375,12.677749633789062,12.799249649047852,321244000,76.92294532544103,0.6375985853945547,11.677737522125245,10.611599979400635,0.22048635158128316,0.7301724946515602
2020-08-27,12.57002067565918,12.628250122070312,12.850000381469727,12.566499710083008,12.781499862670898,317604000,72.46573644346508,0.6260130362125196,11.778450012207033,10.679444980621337,0.18977291698002063,0.7144730418173912
2020-08-28,13.087126731872559,13.147749900817873,13.14799976348877,12.642499923706055,12.675000190734863,537160000,77.50384889494214,0.6512435650872259,11.905100011825564,10.758039970397949,0.23863020930477452,0.7218012055955214
2020-08-31,13.31282901763916,13.374500274658203,13.574999809265137,13.037750244140625,13.18274974822998,500840000,79.28547549621868,0.6816778432858737,12.023312520980836,10.840304985046387,0.21473174209906132,0.760119084637347
2020-09-01,13.761385917663574,13.821000099182127,13.993749618530273,13.43649959564209,13.479999542236328,511316000,82.26412293550284,0.7333721743917252,12.152975034713746,10.926189994812011,0.23096794239162333,0.8347818091618514
2020-09-02,14.28462028503418,14.346500396728516,14.726750373840332,13.899999618530273,14.703749656677246,874012000,84.99826981110098,0.8074361649553747,12.305962562561037,11.02412000656128,0.2710922630854289,0.9412605339083543
2020-09-03,12.95936107635498,13.01550006866455,13.884499549865723,12.87874984741211,13.828749656677246,945128000,59.837150612219254,0.7500852919052061,12.389962577819826,11.099720001220703,0.14820699044844954,0.9249176873217093
2020-09-04,12.568058013916016,12.6225004196167,13.175000190734863,11.704750061035156,12.7837495803833,1463684000,54.68935435971172,0.6652538918204289,12.461112594604494,11.162370014190675,0.1270592727380795,0.8822700457466579
2020-09-08,11.861618041992188,11.913000106811523,12.550000190734863,11.70425033569336,11.73449993133545,795728000,46.8527079202496,0.5346109876918241,12.498512601852418,11.21753002166748,0.06699508710382052,0.8392400186907246
2020-09-09,12.660155296325684,12.71500015258789,12.809249877929688,12.231749534606934,12.399999618530273,736200000,54.746506707342014,0.4901402147448284,12.591762590408326,11.287830028533936,0.17188937378318614,0.7447187912235197
2020-09-10,12.258646965026855,12.311750411987305,13.065250396728516,12.166999816894531,12.989250183105469,698684000,50.67128522224199,0.4175447271202728,12.635337591171266,11.34411003112793,0.07617840388423724,0.6978148735071417
2020-09-11,12.112031936645508,12.16450023651123,12.65250015258789,11.895750045776367,12.48550033569336,636928000,49.23018985229597,0.34416312336368016,12.671412611007693,11.39680004119873,0.06305168284807161,0.6499375158672019
2020-09-14,12.816726684570312,12.872249603271484,13.3149995803833,12.631250381469727,13.081000328063965,1201744000,55.74499654466336,0.3392069659356718,12.736825084686279,11.462000026702881,0.11313122266505449,0.596231762406761
2020-09-15,12.934967994689941,12.991000175476074,13.298749923706055,12.827750205993652,13.279999732971191,727556000,56.74786607912122,0.34093131028120993,12.76952509880066,11.525035037994385,0.0530112902609885,0.5910611754833266
2020-09-16,12.460522651672363,12.51449966430664,13.09274959564209,12.513750076293945,12.957249641418457,556384000,51.68645990799463,0.30038559843264423,12.782212591171264,11.577890033721923,0.020696111673566442,0.5822225648603182
2020-09-17,12.409744262695312,12.463500022888184,12.589750289916992,12.034749984741211,12.13224983215332,792512000,51.16050931452524,0.26112746990899005,12.79846258163452,11.622840042114257,0.026774296951479037,0.5676641899272622
2020-09-18,12.136674880981445,12.189249992370604,12.632499694824219,11.988750457763672,12.59375,698460000,48.3134255891744,0.20551636997128853,12.800875091552735,11.656445045471191,0.003974153626794097,0.5648183814153961
2020-09-21,12.463260650634766,12.517250061035156,12.522500038146973,11.904500007629395,11.925000190734863,721044000,51.77036143711158,0.1857696006261449,12.792562580108642,11.697205047607422,-0.0131075984611283,0.56785193736694
2020-09-22,12.583240509033203,12.637749671936035,12.64799976348877,12.155500411987305,12.574999809265137,646452000,53.013677149925506,0.17779395712986457,12.788437557220458,11.748915042877197,-0.006485757506532686,0.5687038940216563
2020-09-23,12.071456909179688,12.123749732971191,12.72700023651123,12.07925033569336,12.575499534606934,647012000,47.40045729501473,0.1285162474973518,12.757125043869019,11.78385004043579,-0.049117668002259474,0.5878498398707375
2020-09-24,12.2947359085083,12.347999572753906,12.569499969482422,12.013999938964844,12.072250366210938,731240000,49.89318411746383,0.10633265882209564,12.735875034332276,11.826265029907226,-0.03327332643892422,0.5948852891091432
2020-09-25,12.818221092224121,12.873749732971191,12.883500099182129,12.245750427246094,12.447500228881836,588016000,55.24791829203202,0.12968076983377586,12.74815001487732,11.881045017242432,0.019440509059273525,0.5950804653511667
2020-09-28,12.978775024414062,13.03499984741211,13.051750183105469,12.75,13.040249824523926,573808000,56.77370702701871,0.15935886286290035,12.742512512207032,11.937715015411378,-0.008575615923356539,0.5916196134547694
2020-09-29,13.168704986572266,13.225749969482422,13.442749977111816,12.933250427246094,12.9375,621460000,58.573048596690626,0.1960114085880491,12.735074996948242,11.992015018463135,-0.011121933688814645,0.5841442300730232
2020-09-30,13.472140312194824,13.530500411987305,13.6225004196167,13.150250434875488,13.157500267028809,689184000,61.34172557305921,0.24680461893049888,12.7205500125885,12.056055030822755,-0.021018716815725424,0.5587822242604602
2020-10-01,13.555778503417969,13.614500045776367,13.762749671936035,13.460749626159668,13.758000373840332,525004000,62.09372609487166,0.2904881064363263,12.683949995040894,12.119570026397705,-0.05102292062244451,0.462325625352937
2020-10-02,13.005908966064453,13.062250137329102,13.519499778747559,13.050999641418457,13.225000381469727,552496000,54.577006769970694,0.27734853151277683,12.68628749847412,12.178220024108887,0.003591876487105017,0.46420452395758754
2020-10-05,13.583657264709473,13.642499923706056,13.64424991607666,13.222749710083008,13.236000061035156,479820000,60.04929628612006,0.31018105797581796,12.737287473678588,12.247180023193359,0.08080803883390408,0.5105458597120273
2020-10-06,13.677251815795898,13.736499786376951,14.142000198364258,13.664999961853027,13.829999923706055,784420000,60.87169285316901,0.3398682850419661,12.82846245765686,12.313480014801025,0.15306804862049828,0.518357855007694
2020-10-07,13.903769493103027,13.96399974822998,14.119250297546387,13.863499641418457,13.999750137329102,418084000,62.864150117480634,0.3774025107824439,12.890912437438965,12.38845001220703,0.09823040351186152,0.5760013566883805
2020-10-08,13.779062271118164,13.838749885559082,14.084500312805176,13.758000373840332,14.074999809265137,378900000,61.021835340976224,0.39251734235143587,12.967262411117554,12.455915012359618,0.12402781265651863,0.5960463820679431
2020-10-09,13.703387260437012,13.762749671936035,13.824250221252441,13.660750389099121,13.767000198364258,346892000,59.87518787910387,0.39382361964665513,13.047174882888793,12.518889999389648,0.131386362312504,0.5898620406146471
2020-10-12,14.164641380310059,14.22599983215332,14.347000122070312,13.912500381469727,13.989500045776367,434744000,64.28103084308728,0.42731346655173397,13.114862394332885,12.59111499786377,0.10516811517838964,0.6439272897680651
2020-10-13,14.186795234680176,14.248250007629396,14.34850025177002,14.018750190734863,14.296500205993652,344604000,64.48275495814863,0.45045722423270185,13.177724885940552,12.655874996185302,0.09677852476106574,0.690857457738464
2020-10-14,14.034455299377441,14.095250129699709,14.34274959564209,13.960000038146973,14.290499687194824,276100000,61.89423550820369,0.45125126378627556,13.256762409210205,12.713225002288818,0.12631351694399906,0.701331169914386
2020-10-15,13.909745216369629,13.970000267028809,14.005749702453613,13.767749786376953,13.810750007629395,267224000,59.77867716727006,0.4367394679666248,13.332087421417237,12.766890010833741,0.12087296837758754,0.6924939166355911
2020-10-16,13.751924514770508,13.81149959564209,14.121500015258789,13.792499542236328,14.036749839782715,242392000,57.11803427994672,0.4077488112113592,13.41319990158081,12.816410007476806,0.1330885496881984,0.6449635902317554
2020-10-19,13.439531326293945,13.497750282287598,13.983499526977539,13.406749725341797,13.902999877929688,298068000,52.16828492944673,0.3553601883439246,13.462224912643432,12.862375011444092,0.07833191926912386,0.6095700053781722
2020-10-20,13.58664321899414,13.645500183105469,13.799750328063965,13.506999969482422,13.583499908447266,229212000,54.18189855539275,0.3220515991159463,13.512612438201904,12.91198501586914,0.07974129392729545,0.5787003854037919
2020-10-21,13.466414451599121,13.524749755859377,13.791500091552734,13.477499961853027,13.625,219596000,52.24609971911517,0.2826525096656667,13.582662439346313,12.965480003356934,0.11555830941297729,0.47771695168163913
2020-10-22,13.30336856842041,13.361000061035156,13.611749649047852,13.231749534606934,13.522500038146973,290480000,49.655219029588515,0.23550051225094393,13.633312463760376,13.003894996643066,0.08203761931741993,0.384535916391737
2020-10-23,13.531627655029297,13.590250015258787,13.593250274658203,13.291250228881836,13.449999809265137,233484000,53.15747045121792,0.2141620432486917,13.669137477874756,13.046840000152589,0.055655912003054864,0.3409537511969794
2020-10-26,13.084567070007324,13.141249656677246,13.692749977111816,13.03849983215332,13.427000045776367,336896000,46.35575257430668,0.15918558402106342,13.674449968338013,13.078384990692138,0.008151117031752753,0.33124250259256893
2020-10-27,13.338968276977539,13.396750450134276,13.442000389099121,13.191499710083008,13.305999755859375,250520000,50.25627567516517,0.13468060850287245,13.682999992370606,13.099580001831054,0.012929359850778033,0.3211028356486434
2020-10-28,12.57253646850586,12.626999855041504,13.260000228881836,12.609000205993652,13.197999954223633,376520000,40.66345301725102,0.05254212598403463,13.637824964523315,13.106905002593994,-0.0667751028739002,0.39802790799881343
2020-10-29,12.967825889587402,13.02400016784668,13.192749977111816,12.75,12.838500022888184,320080000,46.35121606775037,0.019259383995226642,13.608299970626831,13.124615001678468,-0.04337286539676344,0.42108259092743944
2020-10-30,12.479936599731445,12.534000396728516,12.93649959564209,12.300000190734863,12.850000381469727,416820000,41.11294974371004,-0.046124619350106144,13.581887483596802,13.13247501373291,-0.0404409450934462,0.47077188485745275
2020-11-02,12.526487350463867,12.580750465393066,12.836750030517578,12.395000457763672,12.657750129699707,299652000,41.78888241541768,-0.09309641570326477,13.528800010681152,13.130420017242432,-0.07782660540595121,0.5207854922378519
2020-11-03,12.96334171295166,13.01949977874756,13.104999542236328,12.602749824523926,12.708499908447266,272900000,47.84005629634487,-0.0938368076131777,13.492950010299683,13.136405010223388,-0.05219670358386852,0.5303264202584902
2020-11-04,13.73475170135498,13.794249534606934,13.827500343322754,13.336999893188477,13.389249801635742,410228000,56.44919266655901,-0.03154412208813895,13.48446249961853,13.157290000915527,-0.01215627446889378,0.5237078795750965
2020-11-05,14.098925590515137,14.15999984741211,14.33899974822998,13.991000175476074,14.162500381469727,319028000,59.82076211324806,0.046796828812952995,13.500524997711182,13.185030002593994,0.02321379926002254,0.5398245328457102
2020-11-06,14.499190330505371,14.562000274658203,14.588749885559082,13.895000457763672,14.109749794006348,383348000,63.19353074356252,0.13971017965466181,13.54048752784729,13.223705005645751,0.05807346800414015,0.5877176150821668
2020-11-09,13.571955680847168,13.630749702453612,14.691499710083008,13.610750198364258,14.552499771118164,582976000,52.25128317280093,0.13662560626754683,13.510725021362305,13.233365001678466,-0.04184241084794171,0.5658404048494619
2020-11-10,12.71491813659668,12.770000457763672,13.606499671936035,12.628250122070312,13.606499671936035,644068000,44.56943340076072,0.06398817333921158,13.436812543869019,13.221275005340576,-0.10374955163435351,0.5609578555616447
2020-11-11,13.360125541687012,13.41800022125244,13.4350004196167,12.948249816894531,13.053750038146973,404744000,50.47274840990186,0.05804158253874725,13.402950048446655,13.213215007781983,-0.048048094373313366,0.5391358131663924
2020-11-12,13.398706436157227,13.45674991607666,13.765999794006348,13.315999984741211,13.479000091552734,365812000,50.810113841740765,0.0558122738629514,13.377287530899048,13.195419998168946,-0.036739466080290106,0.5226883067856463
2020-11-13,13.239646911621094,13.29699993133545,13.668749809265137,13.059249877929688,13.627249717712402,346312000,49.318609913722526,0.040686038666226665,13.351562547683717,13.201049995422363,-0.03725154250947371,0.5127597540043364
2020-11-16,13.456957817077637,13.515250205993652,13.649499893188477,13.156000137329102,13.172499656677246,413776000,51.41686565612539,0.045781619454448474,13.35243754386902,13.218904991149902,0.0012965067022330246,0.5130372011018023
2020-11-17,13.364356994628906,13.422249794006348,13.5962495803833,13.303750038146973,13.552499771118164,312028000,50.45822330055223,0.04183331946384783,13.341275024414063,13.249089984893798,-0.01636073328961063,0.5087359064394399
2020-11-18,13.37082576751709,13.428750038146973,13.60575008392334,13.1850004196167,13.465250015258789,510924000,50.52765263647499,0.03878172704409266,13.336475038528443,13.26336498260498,-0.007098077187773,0.5073647256151925
2020-11-19,13.382279396057129,13.440250396728516,13.487500190734863,13.100000381469727,13.212750434875488,565936000,50.65940009801274,0.03686632880100049,13.34043755531311,13.285934982299805,0.005931467355088094,0.5078755622885462
2020-11-20,13.03130054473877,13.087750434875488,13.494500160217285,13.0649995803833,13.454000473022461,341088000,46.56602726582114,0.006825876482086102,13.315312576293945,13.30439998626709,-0.036975006333150984,0.5072958948086732
2020-11-23,13.083322525024414,13.140000343322754,13.382499694824219,13.01550006866455,13.171250343322754,361356000,47.24645816343862,-0.012619794335879675,13.31525011062622,13.309755001068115,-9.506807854131605e-05,0.5073185324464916
2020-11-24,12.901861190795898,12.95775032043457,13.161999702453613,12.885000228881836,13.142499923706055,346500000,45.08965640619375,-0.042249654559432415,13.293300104141235,13.309090003967285,-0.03276915034983763,0.5130711201784853
2020-11-25,13.177665710449219,13.234749794006348,13.269499778747559,13.020000457763672,13.032500267028809,259916000,48.90730392199741,-0.04288563086492836,13.323687601089478,13.323495006561279,0.04813098486907719,0.4889624692471882
2020-11-27,13.204050064086914,13.261249542236328,13.407500267028809,13.170499801635742,13.375,167276000,49.270673238814,-0.04078123773134479,13.33555006980896,13.339449996948241,0.01821632150891417,0.48416358808834975
2020-11-30,13.343697547912598,13.40149974822998,13.412500381469727,12.972249984741211,13.265000343322754,286952000,51.24690583930396,-0.0274797026017648,13.378925037384032,13.36369499206543,0.06921169012631356,0.4459238161276341
2020-12-01,13.332245826721191,13.390000343322754,13.5287504196167,13.228249549865723,13.492250442504883,296948000,51.071230087566654,-0.01766244438626785,13.419387531280517,13.381149997711182,0.06432445188033564,0.40447553388951873
2020-12-02,13.486079216003418,13.544500350952148,13.673500061035156,13.23425006866455,13.350500106811523,283360000,53.38341442283093,0.002555208036611134,13.445637559890747,13.399285011291504,0.04032417382590814,0.3940592004528052
2020-12-03,13.342161178588867,13.395999908447266,13.65999984741211,13.329000473022461,13.587499618530273,199520000,50.89393733435158,0.006519940783073608,13.425725078582763,13.424730014801025,-0.0288706989938482,0.385484921205341
2020-12-04,13.50376033782959,13.558250427246094,13.5600004196167,13.388750076293945,13.44849967956543,202244000,53.448287749496764,0.02249497288709712,13.395637607574463,13.44893503189087,-0.04249642843576662,0.3466890217868183
2020-12-07,13.552064895629883,13.606749534606934,13.731249809265137,13.5,13.601249694824219,223244000,54.21494532808149,0.03862354537473678,13.347875070571899,13.463595027923583,-0.06559886842700191,0.22031239237820682
2020-12-08,13.296344757080078,13.350000381469728,13.598750114440918,13.281499862670898,13.585000038146973,271920000,49.561543516615544,0.030338323052115257,13.333837604522705,13.469895038604736,-0.020596762989004702,0.21004497074816164
2020-12-09,12.878779411315918,12.930749893188477,13.413999557495117,12.868249893188477,13.30049991607666,401300000,43.0618425065096,-0.009943167269264919,13.341875076293945,13.463995037078858,0.012588052440285935,0.1893943617386127
2020-12-10,12.920113563537598,12.972249984741213,13.068750381469727,12.849499702453613,12.869000434875488,207764000,43.84686611216889,-0.03807887839697344,13.319587564468383,13.452830028533935,-0.03322031816672755,0.20550672518795574
2020-12-11,12.960947036743164,13.013250350952148,13.020000457763672,12.822999954223633,12.967249870300293,209264000,44.65867209369141,-0.05641789490018212,13.297412586212157,13.440805034637451,-0.03295740560613869,0.2136920623017819
2020-12-14,13.25526237487793,13.30875015258789,13.388750076293945,13.077500343322754,13.088000297546387,270156000,50.24202508707222,-0.04657049750126774,13.29800009727478,13.445735034942627,0.0008836746118010552,0.21370702018704396
2020-12-15,13.306803703308105,13.36050033569336,13.46399974822998,13.186750411987305,13.439749717712402,193016000,51.171123298725824,-0.03419636245380353,13.290262603759766,13.440095043182373,-0.011450018900254322,0.20815662284031383
2020-12-16,13.189278602600098,13.24250030517578,13.437250137329102,13.212499618530273,13.422499656677246,223116000,48.927712769969524,-0.03352493301398596,13.281275129318237,13.43021505355835,-0.013391904605354221,0.20602753237747862
2020-12-17,13.287632942199707,13.3412504196167,13.379500389099121,13.178500175476074,13.36674976348877,231384000,50.86895605594741,-0.024739331782216212,13.276900148391723,13.417760066986084,-0.006515842374138603,0.2036463543813795
2020-12-18,13.218661308288574,13.272000312805176,13.404999732971191,13.070500373840332,13.378999710083008,342064000,49.44949321701148,-0.02309832131172307,13.268487644195556,13.406425075531006,-0.012518374208585703,0.19998555416563377
2020-12-21,13.278667449951172,13.332249641418455,13.369999885559082,12.967499732971191,13.074749946594238,302332000,50.73745938645837,-0.016743186366412033,13.280712604522705,13.397815074920654,0.01868153031795594,0.19578463946801783
2020-12-22,13.224883079528809,13.278249740600586,13.337249755859375,13.053999900817871,13.319250106811523,185580000,49.519642815905925,-0.015880970889130097,13.287625074386597,13.3788600730896,0.01052126283604582,0.19297550382246115
2020-12-23,12.956964492797852,13.009249687194824,13.274999618530273,13.005000114440918,13.255999565124512,179144000,43.87064658304621,-0.036483159936286924,13.29020004272461,13.354080066680908,0.003974406473864489,0.18863697384066969
2020-12-24,12.941526412963867,12.993749618530272,13.132499694824219,12.938750267028809,13.037249565124512,97884000,43.56227787457553,-0.0534451863489096,13.278150033950805,13.33205005645752,-0.018209651049483244,0.19973644737485804
2020-12-28,12.848154067993164,12.899999618530272,13.0625,12.763250350952148,13.0625,212564000,41.655118535508194,-0.07360409380781618,13.260087537765504,13.310650043487549,-0.027241016961146558,0.21693867123686492
2020-12-29,12.891231536865234,12.943249702453612,13.072500228881836,12.842249870300293,12.925000190734863,170372000,42.89715544646064,-0.08510916738648788,13.237175035476685,13.29328504562378,-0.034193937573060995,0.22525710455251788
2020-12-30,13.092917442321777,13.145750045776367,13.213749885559082,12.896750450134277,12.990249633789062,225396000,48.43234635793281,-0.076999335339627,13.224962520599366,13.286245040893554,-0.018241246548450496,0.22314669985969482
2020-12-31,13.002532005310059,13.05500030517578,13.151000022888184,12.914999961853027,13.136500358581543,192424000,46.2678422254135,-0.07700728856632466,13.200487518310547,13.274435043334961,-0.036140133123622964,0.21286229282301702
2021-01-04,13.06079387664795,13.113499641418455,13.65250015258789,12.962499618530273,13.104249954223633,560640000,47.88472369580729,-0.0714693300714,13.186362504959106,13.266210041046143,-0.02108840467001427,0.20853476731423282
2021-01-05,13.350876808166504,13.404749870300291,13.443499565124512,13.086999893188477,13.099749565124512,322760000,55.124903023196886,-0.04308237190877762,13.178687477111817,13.267085037231446,-0.01132156082892044,0.1966110946092931
2021-01-06,12.563801765441895,12.614500045776367,13.244999885559082,12.586000442504883,13.22249984741211,580424000,39.2084375722208,-0.08339078246237719,13.129075002670287,13.247570037841797,-0.07292333016837804,0.20778340293269873
2021-01-07,13.290369033813477,13.343999862670898,13.377750396728516,12.886500358581543,12.967499732971191,461480000,52.766421256335384,-0.05582740610723036,13.128774976730346,13.25162504196167,-0.00044947705073916655,0.20745167862076186
2021-01-08,13.223388671875,13.27674961090088,13.420999526977539,13.041999816894531,13.362500190734863,292528000,51.62340641206249,-0.0389606509148237,13.146074962615966,13.249225025177003,0.02675790039792414,0.20447423575987902
2021-01-11,13.566752433776855,13.621500015258787,13.961000442504883,13.362500190734863,13.418749809265137,518344000,56.790741198268854,0.002199496103957088,13.178537464141845,13.269115028381348,0.0500491457751171,0.22584602653636793
2021-01-12,13.43055248260498,13.484749794006348,13.754500389099121,13.345000267028809,13.7524995803833,291476000,54.312524701802545,0.023513559496208813,13.202112436294556,13.27833002090454,0.03623225791700069,0.2322037106187813
2021-01-13,13.477365493774414,13.531749725341797,13.625,13.385000228881836,13.489999771118164,210028000,55.0387213325465,0.043693933491299575,13.21326241493225,13.298285007476807,0.016755861384214477,0.24271007185303636
2021-01-14,13.147197723388672,13.200249671936035,13.599749565124512,13.180500030517578,13.574999809265137,283120000,49.10954893704953,0.03256238254920163,13.205249881744384,13.310674991607666,-0.011994360969342255,0.24022595865337376
2021-01-15,12.807817459106445,12.85949993133545,13.325249671936035,12.84850025177002,13.227999687194824,277780000,43.87715087561893,-0.0037123148185749244,13.186099863052368,13.307474994659424,-0.028922058902323466,0.252073786487795
2021-01-19,12.972901344299316,13.025250434875488,13.093999862670898,12.843999862670898,13.016249656677246,226188000,46.843971971992076,-0.01886809378650689,13.170299863815307,13.292095012664795,-0.02368593458650403,0.2517403347516293
2021-01-20,13.312031745910645,13.365750312805176,13.430500030517578,13.056750297546387,13.111749649047852,258572000,52.40964145874406,-0.003364875151188329,13.174987363815308,13.276210021972656,0.007063743052322602,0.25459040067869015
2021-01-21,13.811763763427734,13.86750030517578,13.999250411987305,13.253000259399414,13.418499946594238,337780000,59.1904541767619,0.04884550778811203,13.201749897003173,13.262320022583008,0.04014706281035241,0.2966503574189607
2021-01-22,13.657389640808105,13.712499618530272,13.841750144958496,13.627249717712402,13.739999771118164,246820000,56.51170462523924,0.07682970736383865,13.223462390899659,13.263955020904541,0.032703849258226336,0.31768998963112155
2021-01-25,13.59837532043457,13.653249740600586,13.828499794006348,13.236499786376953,13.781749725341797,251112000,55.47813248724232,0.09315261184201162,13.255662393569946,13.28162000656128,0.04950324337610801,0.3273260840603749
2021-01-26,13.38125228881836,13.435250282287598,13.644749641418457,13.387499809265137,13.580499649047852,163980000,51.7293354899902,0.08748937381171373,13.277737426757813,13.281965007781983,0.033977926058210706,0.32359919223273226
2021-01-27,12.865833282470703,12.917750358581545,13.232749938964844,12.793749809265137,13.229999542236328,371272000,44.10955701907643,0.04077328886200604,13.278624963760375,13.27118501663208,0.0013760264012547818,0.32253122167195236
2021-01-28,12.998547554016113,13.050999641418455,13.339750289916992,12.96049976348877,12.99625015258789,228316000,46.302846635073806,0.014337287160625323,13.284012460708619,13.26626501083374,0.008324797979012866,0.31749493233570086
2021-01-29,12.937542915344238,12.989749908447266,13.334750175476074,12.911499977111816,13.074999809265137,271552000,45.420509744796384,-0.011424086456797156,13.276212453842163,13.255755004882813,-0.011866963603132219,0.32294001082621715
2021-02-01,13.183797836303711,13.237000465393066,13.270750045776367,12.902750015258789,13.053250312805176,217204000,49.59601808074862,-0.011753618663298937,13.285312461853028,13.252050018310547,0.013941030713352953,0.31891768643177176
2021-02-02,13.502265930175781,13.556750297546388,13.571999549865723,13.285499572753906,13.398750305175781,220440000,54.4492711738416,0.01362925432290929,13.307474994659424,13.254610023498536,0.03380109568371381,0.32173842103511424
2021-02-03,13.476119041442871,13.530500411987305,13.931750297546387,13.516500473022461,13.63599967956543,245408000,53.989670619970134,0.031266793520233094,13.313762521743774,13.256415023803712,0.009381043503514208,0.32495213374149023
2021-02-04,13.609333038330078,13.664250373840332,13.673500061035156,13.337750434875488,13.531000137329102,201340000,56.026391491650465,0.05539857425262262,13.366250038146973,13.267945022583008,0.0832177513381076,0.28883238918896015
2021-02-05,13.536376953125,13.590999603271484,13.737250328063965,13.54574966430664,13.725000381469727,169152000,54.60085343209201,0.06783055097190704,13.378600025177002,13.276965007781982,0.01851017259761467,0.2930803450977364
2021-02-08,14.380719184875488,14.438750267028809,14.473750114440918,13.727250099182129,13.727250099182129,434624000,65.53156347028342,0.1444245395164092,13.436700057983398,13.306585006713867,0.08752147100626706,0.37543367464823696
2021-02-09,14.205925941467285,14.263250350952148,14.583250045776367,14.22249984741211,14.340749740600586,287560000,62.193175003477734,0.18878821769739496,13.468787574768067,13.327155017852784,0.04711304444991171,0.41716465416877346
2021-02-10,14.704909324645996,14.764249801635742,14.904999732971191,14.341500282287598,14.463250160217285,485352000,67.3125037362629,0.26136042068349674,13.532762575149537,13.357215023040771,0.09488496465823215,0.5079687205656546
2021-02-11,15.189453125,15.250749588012695,15.272250175476074,14.925000190734863,14.980250358581543,450828000,71.36702328686995,0.35404961771198273,13.618712568283081,13.394200019836425,0.12703455928183582,0.6368649581925208
2021-02-12,14.901121139526367,14.96125030517578,15.291250228881836,14.774999618530273,15.050000190734863,374756000,66.11185523610152,0.39954064561099223,13.706762599945069,13.425625019073486,0.13340661555695132,0.6950419427838387
2021-02-16,15.268636703491211,15.330249786376951,15.3725004196167,14.949999809265137,15.064249992370605,321960000,69.22272700204029,0.46006445063497203,13.830300092697144,13.461340007781983,0.19213420959091043,0.7536301310787445
2021-02-17,14.846091270446777,14.906000137329102,15.22350025177002,14.779999732971191,15.170999526977539,274756000,62.15776069091928,0.4683972096256106,13.924337577819824,13.49154001235962,0.14439259435794427,0.765140983817396
2021-02-18,14.769402503967285,14.82900047302246,14.873250007629395,14.574999809265137,14.729000091552734,233868000,60.94204934726234,0.46344544120206876,13.997500085830689,13.516955013275146,0.1094775920522324,0.7787545369294239
2021-02-19,14.866509437561035,14.92650032043457,15.177000045776367,14.846750259399414,15.024499893188477,271724000,61.95669212524548,0.46206218663300014,14.050450086593628,13.5433500289917,0.07636560244844848,0.8050100158998644
2021-02-22,14.298050880432129,14.35575008392334,15.13325023651123,14.324999809265137,14.774749755859375,325884000,53.237983553683776,0.41018284083430956,14.082612609863281,13.563465023040772,0.04690978911852195,0.8036459812277503
2021-02-23,14.085161209106445,14.142000198364258,14.238750457763672,13.38949966430664,14.075249671936035,391780000,50.37871156899664,0.3478109084877836,14.107050132751464,13.587690029144287,0.03579737183816967,0.7973086624584712
2021-02-24,14.440725326538086,14.49899959564209,14.506750106811523,13.755999565124512,14.122750282287598,448320000,54.74990148463771,0.3234589372471355,14.16023759841919,13.618225021362305,0.07917599531114727,0.785528724848794
2021-02-25,13.25401496887207,13.307499885559082,14.374750137329102,13.2162504196167,14.045499801635742,824436000,41.5835753677156,0.2056452058440268,14.179725074768067,13.624110012054443,0.03017162556625963,0.7574140216891193
2021-02-26,13.659379959106445,13.714500427246094,13.854499816894531,13.361000061035156,13.7524995803833,500932000,46.33132560262845,0.14346474489817496,14.212900114059448,13.632225017547608,0.05083907777623131,0.7189262903768885
2021-03-01,13.78611946105957,13.841750144958496,13.925000190734863,13.553250312805176,13.875,353184000,47.76086263998612,0.10326390830628185,14.25550012588501,13.64185001373291,0.06559019554003664,0.6659226232445896
2021-03-02,13.35236930847168,13.40625,13.920499801635742,13.395999908447266,13.899999618530273,264116000,43.4912131376689,0.0358499773808294,14.263962602615356,13.645125007629394,0.012786094179676244,0.6532533082670646
2021-03-03,12.753286361694336,12.804750442504885,13.451499938964844,12.798749923706055,13.426250457763672,377592000,38.38692607663585,-0.06535862240232149,14.226362609863282,13.634395008087159,-0.05547051015445836,0.7148401921206111
2021-03-04,12.320534706115723,12.37024974822998,12.975000381469727,12.083749771118164,12.800749778747559,573344000,35.17539317803512,-0.17856930585091213,14.168350076675415,13.616359996795655,-0.08575075780119734,0.8144276382737796
2021-03-05,12.411417007446289,12.46150016784668,12.550000190734863,11.67924976348877,12.550000190734863,542840000,36.37920120641345,-0.25795292116627166,14.108212566375732,13.598945007324218,-0.08802167503431213,0.8941165848763877
2021-03-08,11.546656608581543,11.593250274658203,12.4712495803833,11.566499710083008,12.449999809265137,543112000,30.56335490960757,-0.38647052668289916,14.008325099945068,13.56524501800537,-0.1469906104722719,1.0525013024177101
2021-03-09,12.474235534667969,12.52025032043457,12.61674976348877,12.059249877929688,12.130249977111816,521824000,41.34498887201655,-0.4088080142287769,13.912400102615356,13.555465030670167,-0.13287160669127807,1.0976647331813258
2021-03-10,12.4224271774292,12.468250274658203,12.979999542236328,12.457500457763672,12.840499877929688,384376000,40.960775322510486,-0.42579826579555125,13.82265009880066,13.544955043792724,-0.12584789806862773,1.1400337259107853
2021-03-11,12.945744514465332,12.993499755859377,13.046250343322754,12.73449993133545,12.949999809265137,299916000,46.38097514898245,-0.39235707104925055,13.73411259651184,13.546825046539306,-0.11993498278389891,1.1317886061836675
2021-03-12,12.808749198913574,12.855999946594238,12.888750076293945,12.59000015258789,12.648249626159668,243964000,45.21083382678723,-0.37265404489538767,13.614375114440918,13.545080051422119,-0.15702504507062154,1.0887490722059996
2021-03-15,13.142766952514648,13.19124984741211,13.20674991607666,12.767250061035156,12.864749908447266,221988000,48.61481839318916,-0.32622684946862357,13.525875091552734,13.545990047454834,-0.11830565104250323,1.044545568115276
2021-03-16,13.242399215698242,13.291250228881836,13.512499809265137,13.11674976348877,13.356499671936035,272128000,49.6202818860546,-0.2781573428549855,13.423925113677978,13.550715045928955,-0.13300497943008394,0.9548171018192606
2021-03-17,13.292217254638672,13.3412504196167,13.45324993133545,12.989500045776367,13.039750099182129,243864000,50.145557169097295,-0.23333754504659154,13.345687627792358,13.55527006149292,-0.1049744870049879,0.8888107046692318
2021-03-18,12.675741195678711,12.72249984741211,13.184000015258789,12.717000007629395,13.136500358581543,293896000,44.02786655825504,-0.24492222152588994,13.24036259651184,13.541625061035155,-0.14205277216374657,0.826405777558634
2021-03-19,12.798538208007812,12.845749855041504,12.921500205993652,12.612500190734863,12.75,299208000,45.4553248664035,-0.2413754891386528,13.136325073242187,13.546250057220458,-0.13939975350715617,0.7280892925718321
2021-03-22,13.137787818908691,13.186249732971191,13.394499778747559,12.906749725341797,12.912750244140625,297804000,49.302095318018004,-0.20868360895325466,13.07785005569458,13.543095054626464,-0.08146563879388258,0.6696139855259791
2021-03-23,13.022711753845215,13.07075023651123,13.344499588012695,13.021249771118164,13.254249572753906,222048000,48.06384003044055,-0.18990578677114733,13.024287557601928,13.538975067138672,-0.07574953661625139,0.6210996597664404
2021-03-24,12.596531867980957,12.642999649047852,13.159250259399414,12.636750221252441,13.151249885559082,245840000,43.68762679840371,-0.20715220330052198,12.931487560272217,13.519405059814453,-0.1280088280816346,0.5195088289538424
2021-03-25,12.489179611206055,12.535249710083008,12.714750289916992,12.272000312805176,12.499500274658203,295144000,42.634567155974494,-0.22689908086004174,12.892875051498413,13.500415058135987,-0.058031199107061227,0.5187890602840453
2021-03-26,12.792061805725098,12.83924961090088,12.856249809265137,12.373499870300293,12.554499626159668,363968000,46.54918977187629,-0.2155338323772149,12.849112510681152,13.486565055847167,-0.06381937285928285,0.4814016772634266
2021-03-29,12.900662422180176,12.948249816894531,13.0625,12.699999809265137,12.820249557495117,273520000,47.921451827160396,-0.1954780362800399,12.804437494277954,13.481525058746337,-0.06455110941222986,0.4222611759298646
2021-03-30,12.824444770812988,12.871749877929688,12.975250244140625,12.704999923706055,12.842000007629395,200204000,47.00926318705431,-0.18363969502411948,12.777712488174439,13.481770057678222,-0.0398694729749417,0.39840825789241696
2021-03-31,13.29919147491455,13.34825038909912,13.470499992370605,12.982500076293945,13.01550006866455,314776000,53.00929580620936,-0.1342604444878841,12.80488748550415,13.488230056762696,0.042445180719032694,0.41838451811702637
2021-04-01,13.760988235473633,13.811750411987305,13.869999885559082,13.511249542236328,13.572250366210938,308276000,57.99191410788246,-0.05706860313094708,12.876962518692016,13.497150058746337,0.1165296330386203,0.46150972373191634
2021-04-05,13.936091423034668,13.987500190734863,14.013999938964844,13.732999801635742,13.867500305175781,255672000,59.735324303600116,0.01807961507592637,12.953262519836425,13.499550056457519,0.12245716826498843,0.5125316128605224
2021-04-06,13.810552597045898,13.861499786376951,14.05424976348877,13.773500442504883,13.999750137329102,191744000,57.88067371779294,0.0666990744051752,13.066674995422364,13.502530059814454,0.1956525959486044,0.4418322057294008
2021-04-07,14.09151840209961,14.143500328063965,14.243499755859375,13.71150016784668,13.880749702453613,251284000,60.813146284421386,0.1265269096905275,13.147837495803833,13.51233507156372,0.129649964344567,0.48331770659159307
2021-04-08,14.264379501342773,14.31700038909912,14.471500396728516,14.24899959564209,14.252750396728516,244416000,62.54113738466427,0.18579912841900104,13.240275001525879,13.529970073699952,0.1482766285337176,0.5217648863145614
2021-04-09,14.347076416015625,14.399999618530272,14.407999992370605,14.175000190734863,14.21399974822998,195172000,63.37320596659818,0.23674112859201024,13.310599994659423,13.559615058898926,0.10824642237258963,0.5784591332266703
2021-04-12,15.153100967407227,15.208999633789062,15.352499961853027,14.139249801635742,14.289750099182129,869324000,70.29854985643055,0.33849066124288285,13.428249979019165,13.602775058746339,0.18302735664044345,0.7062917995903678
2021-04-13,15.621872901916504,15.679499626159668,15.699999809265137,15.125749588012695,15.231499671936035,676212000,73.44346946372626,0.4518842755460035,13.552662467956543,13.656570053100586,0.18862881133554676,0.8639109536380422
2021-04-14,15.220852851867676,15.277000427246094,15.720499992370605,15.227499961853027,15.625,385500000,66.91590275662477,0.503467549795559,13.651949977874756,13.697370052337646,0.14940281494732766,0.9427938722947391
2021-04-15,16.077943801879883,16.137250900268555,16.214250564575195,15.631500244140625,15.662500381469727,598480000,72.53452497042503,0.6067682434253996,13.79175000190735,13.74898006439209,0.2095755939443782,1.0900905551967288
2021-04-16,15.854016304016113,15.912500381469728,16.16575050354004,15.865249633789062,16.05299949645996,335208000,69.22668460674087,0.6628582811693828,13.951250028610229,13.796620063781738,0.25073692845879636,1.1567452537915133
2021-04-19,15.305289268493652,15.361749649047852,15.807499885559082,15.232999801635742,15.536499977111816,404420000,61.790341333402765,0.6553149955485988,14.077050018310548,13.830570049285889,0.19586243095173672,1.1669573089773357
2021-04-20,15.115490913391113,15.171250343322754,15.496999740600586,14.963000297546387,15.323249816894531,334132000,59.413006134462286,0.6267405109667958,14.176300048828125,13.862175064086914,0.1505356451264701,1.1716101311820106
2021-04-21,15.304046630859375,15.36050033569336,15.362500190734863,15.102250099182129,15.118749618530273,216776000,61.01760152259747,0.6123076177545848,14.290787553787231,13.880610065460205,0.1751812296731099,1.1697655601003496
2021-04-22,14.795668601989746,14.850250244140623,15.43850040435791,14.783499717712402,15.375,277788000,54.73453068124677,0.553318219840472,14.40115008354187,13.892350063323974,0.17458282499114053,1.1086471986343494
2021-04-23,15.209144592285156,15.265250205993652,15.335000038146973,14.900250434875488,14.934249877929688,227500000,58.479348006718034,0.5339012444163771,14.537650108337402,13.902370071411132,0.21778588851841607,1.0322513283396302
2021-04-26,15.421114921569824,15.477999687194824,15.479000091552734,15.125,15.1850004196167,197796000,60.29292757397387,0.5295756383033865,14.6695876121521,13.906915073394776,0.20552214157855242,0.9705358334128019
2021-04-27,15.325218200683594,15.381750106811523,15.670499801635742,15.354499816894531,15.578499794006348,164572000,59.036583247892935,0.5124735514514835,14.79126262664795,13.91532506942749,0.18794048032204524,0.8928055044041735
2021-04-28,15.220602035522461,15.27674961090088,15.53225040435791,15.215499877929688,15.364500045776367,209416000,57.62587554872079,0.4848582181877301,14.911512613296509,13.914255065917969,0.18684326185477573,0.7748310151524362
2021-04-29,15.268425941467285,15.324749946594238,15.43649959564209,15.071499824523926,15.399999618530273,173196000,58.11856692797622,0.4615259101510656,15.010337591171265,13.922630062103272,0.14807180715678148,0.6858934904959828
2021-04-30,14.954334259033203,15.009499549865724,15.364999771118164,14.996999740600586,15.174500465393066,201912000,53.702226264672824,0.4128378775040993,15.070225048065186,13.926240043640137,0.08671957587930978,0.6253507248414643
2021-05-03,14.782220840454102,14.836750030517578,15.246749877929688,14.787500381469727,15.125,203912000,51.39741770457256,0.3562066893853544,15.11268754005432,13.924445037841798,0.060714911757087764,0.5747476908565826
2021-05-04,14.298502922058105,14.35124969482422,14.637499809265137,14.010250091552734,14.637249946594238,405324000,45.48857690929927,0.2690488179049826,15.137175035476684,13.924355030059814,0.03533166800093257,0.5270916879847547
2021-05-05,14.405359268188477,14.458499908447266,14.81350040435791,14.387499809265137,14.708999633789062,292024000,46.939764242438706,0.20625222546259891,15.15292501449585,13.930685024261475,0.02227168473692953,0.49983874085992697
2021-05-06,14.469622611999512,14.52299976348877,14.571249961853027,14.218000411987305,14.49524974822998,193380000,47.83910901812134,0.15984745086902663,15.163224983215333,13.931165027618409,0.014388445120564253,0.4835641048138256
2021-05-07,14.757810592651367,14.812250137329102,14.970749855041504,14.67175006866455,14.808250427246094,229328000,51.78578955307398,0.14474291426167873,15.183837509155273,13.961260032653808,0.02862850900831515,0.4573967232557741
2021-05-10,14.213316917419434,14.26574993133545,14.805999755859375,14.25,14.787249565124512,268904000,44.876863382337106,0.0876639256807934,15.136675024032593,13.972285022735596,-0.06201918108788973,0.5011979939908872
2021-05-11,14.253669738769531,14.306249618530272,14.35474967956543,13.75,13.824999809265137,285584000,45.45760132999305,0.04517564556395115,15.068012523651124,13.981575012207031,-0.08758251477223589,0.5167431501181147
2021-05-12,13.70793342590332,13.758500099182127,14.260250091552734,13.709250450134277,14.009499549865723,303408000,39.41018610534845,-0.03232283351335852,14.992087507247925,13.988620014190674,-0.09939780621827865,0.5906865258395242
2021-05-13,13.615021705627441,13.665249824523926,14.080750465393066,13.458999633789062,14.0337495803833,285404000,38.47184849268599,-0.10011143209636764,14.868487453460693,14.005830001831054,-0.15318600987380637,0.59704802055026
2021-05-14,14.190654754638672,14.243000030517578,14.32800006866455,13.748499870300293,13.890000343322754,258616000,46.906492023436385,-0.10599295094001171,14.785012435913085,14.043285007476806,-0.10491753721472341,0.5588884828664852
2021-05-17,14.113436698913574,14.165499687194824,14.169249534606934,13.853500366210938,14.156999588012695,216980000,45.9956196299046,-0.11557544521716068,14.725199937820435,14.07736499786377,-0.07787198653684435,0.5579280242007995
2021-05-18,13.964237213134766,14.01574993133545,14.404250144958496,14.003999710083008,14.267000198364258,186256000,44.20919628832164,-0.13371184780807255,14.66742491722107,14.125814990997315,-0.07616382208707462,0.5690245212980565
2021-05-19,14.014055252075195,14.065750122070312,14.079500198364258,13.54325008392334,13.566499710083008,344000000,44.977614322603046,-0.14240887909209654,14.602687406539918,14.15672498703003,-0.08429088801322582,0.559597097946675
2021-05-20,14.558794975280762,14.612500190734863,14.68375015258789,14.270500183105469,14.302499771118164,321592000,52.6564841626069,-0.10398450918933477,14.590799903869629,14.199609985351563,-0.016009834817400925,0.5565784574359802
2021-05-21,14.936649322509766,14.99174976348877,15.222000122070312,14.869500160217285,15.163749694824219,672992000,57.12611510053425,-0.042441410052221684,14.577124881744385,14.23957498550415,-0.01791653846574337,0.5423122746577789
2021-05-24,15.554621696472168,15.612000465393066,15.744999885559082,15.175999641418457,15.212499618530273,554816000,63.23874781881545,0.05573846902537127,14.583824920654298,14.294694995880127,0.008657499735518437,0.5547139476083875
2021-05-25,15.590240478515625,15.647749900817873,15.818499565124512,15.482500076293945,15.765999794006348,435408000,63.56121532151852,0.13487663729355148,14.597124910354614,14.343824996948243,0.01729320735021922,0.5775701222383393
2021-05-26,15.64229679107666,15.699999809265137,15.793749809265137,15.586250305175781,15.73425006866455,370440000,64.05747080874309,0.19951050384938718,14.618287420272827,14.391999988555908,0.02770551387857023,0.6105926348306521
2021-05-27,15.43107795715332,15.48799991607666,15.75,15.460000038146973,15.699749946594238,581476000,60.45963178761833,0.2309642767216964,14.626449918746948,14.434934978485108,0.010652700373666057,0.6215270644534114
2021-05-28,16.184799194335938,16.24449920654297,16.27750015258789,15.50100040435791,15.50100040435791,644536000,67.47893849707732,0.3133229962831052,14.688199901580811,14.505374965667725,0.08228120148671403,0.7157887521119909
2021-06-01,16.20472526550293,16.26449966430664,16.38825035095215,15.903249740600586,16.270000457763672,472804000,67.64248631261637,0.3758739042934689,14.759587383270263,14.573749961853027,0.09623061862283433,0.7978737390442948
2021-06-02,16.716581344604492,16.778249740600586,16.918750762939453,16.23550033569336,16.25225067138672,594168000,71.59418590718744,0.46158047472625086,14.880937385559083,14.645589962005616,0.16911419544540873,0.9092851197119238
2021-06-03,16.907381057739258,16.969749450683594,17.259000778198242,16.58300018310547,16.70075035095215,580008000,72.92167651129273,0.5387456509440121,15.006499862670898,14.723569946289063,0.1736867280933585,1.015110905474012
2021-06-04,17.51364517211914,17.578250885009766,17.660999298095703,17.095500946044922,17.112499237060547,617120000,76.65500474169372,0.6416045712210519,15.159262418746948,14.822274971008301,0.21037328177901538,1.1583099272112676
2021-06-07,17.554250717163086,17.618999481201172,17.8125,17.192750930786133,17.571250915527344,575756000,76.8848349599765,0.7181309116331942,15.299599885940552,14.923949966430664,0.18948838413136437,1.277908502223295
2021-06-08,17.392839431762695,17.457000732421875,17.62150001525879,17.250999450683594,17.527250289916992,323848000,73.77521362634496,0.756980640980732,15.459162425994872,15.016304988861084,0.2237001781502339,1.339761983201863
2021-06-09,17.298416137695312,17.35824966430664,17.575000762939453,17.25575065612793,17.515750885009766,381656000,71.86706775852585,0.7709143250246733,15.611762428283692,15.104504985809326,0.21333334222151734,1.374885075468197
2021-06-10,17.36493492126465,17.424999237060547,17.492000579833984,17.176000595092773,17.350000381469727,287772000,72.38695218996924,0.7783704328568497,15.795087385177613,15.195569972991944,0.26648974171947515,1.3591203833438092
2021-06-11,17.763805389404297,17.82525062561035,17.939250946044922,17.443750381469727,17.47949981689453,416308000,75.3308034156238,0.8072706801554723,16.003087425231932,15.285109977722168,0.3044218623519641,1.3341078336983945
2021-06-14,17.956640243530273,18.018749237060547,18.039499282836914,17.662750244140625,17.9060001373291,321376000,76.62806023013086,0.8361494448480755,16.19187488555908,15.369249954223633,0.2650950781754482,1.3390727610015396
2021-06-15,17.727184295654297,17.78849983215332,18.016250610351562,17.72800064086914,17.915000915527344,243032000,71.79032368944766,0.8308790151434344,16.373024892807006,15.445269947052003,0.255762255124228,1.2948462538055752
2021-06-16,17.748859405517578,17.81024932861328,17.954750061035156,17.58449935913086,17.79075050354004,307124000,71.97033824068197,0.8190160569426617,16.5627498626709,15.524244937896729,0.27073110007437795,1.2062309098569723
2021-06-17,18.592941284179688,18.657249450683597,18.834999084472656,17.756250381469727,17.774499893188477,809656000,77.88806821788333,0.8679551614582905,16.792324829101563,15.614519920349121,0.32643117421863255,1.1411604127605888
2021-06-18,18.574504852294922,18.638750076293945,19.375,18.583999633789062,18.784000396728516,968856000,77.50319724416218,0.8949308042305262,16.993637323379517,15.700954914093018,0.2755346335674951,1.090384070378709
2021-06-21,18.363733291625977,18.427249908447266,18.536500930786133,17.822750091552734,18.43524932861328,672384000,73.058392416325,0.8889951171813415,17.16541233062744,15.781499919891358,0.2291593842718338,1.0271926272765841
2021-06-22,18.821645736694336,18.886749267578125,18.9637508392334,18.38599967956543,18.471500396728516,580144000,76.24576609902007,0.9108688711654231,17.329149770736695,15.85505491256714,0.2097584361110003,1.027543893765622
2021-06-23,18.991559982299805,19.057249069213867,19.15275001525879,18.90774917602539,19.007749557495117,332356000,77.31805879575002,0.931227279446798,17.499624729156494,15.922609901428222,0.2178906993022547,1.016678546013412
2021-06-24,19.13930320739746,19.20549964904785,19.420000076293945,19.08824920654297,19.227750778198242,320924000,78.2379354961447,0.9483915797172884,17.67489972114563,16.001179885864257,0.22328024728471596,0.991967820632556
2021-06-25,18.965404510498047,19.0310001373291,19.345500946044922,18.894500732421875,19.280500411987305,278364000,74.41252589218212,0.9371113231001651,17.85204973220825,16.05905487060547,0.2287577634588427,0.8922130392047374
2021-06-28,19.916114807128906,19.98500061035156,20.078750610351562,19.319000244140625,19.361249923706055,495436000,80.13197619713101,0.9936967857284245,18.03907480239868,16.140504875183105,0.2302626480662444,0.9287946704599982
2021-06-29,19.957721710205078,20.026750564575195,20.0987491607666,19.656999588012695,19.88249969482422,367632000,80.33909639179367,1.03003642617891,18.22718734741211,16.23380489349365,0.2313167314039808,0.9314545128483084
2021-06-30,19.933551788330078,20.002500534057617,20.162500381469727,19.863750457763672,19.999250411987305,326568000,79.81860580349588,1.0448348722321121,18.38839988708496,16.33042989730835,0.19216848260726982,0.9463800767548962
2021-07-01,20.1423282623291,20.21199989318848,20.45599937438965,20.018999099731445,20.125,480136000,80.96589646369773,1.0612343458257492,18.550512409210206,16.42745988845825,0.19106059591081825,0.9680258877806368
2021-07-02,20.4163818359375,20.48699951171875,20.505250930786133,20.287750244140625,20.440250396728516,342764000,82.38175243549341,1.0839263890559394,18.695949840545655,16.540194873809813,0.16547429239330524,1.0307395701229762
2021-07-06,20.627155303955078,20.69849967956543,20.841999053955078,20.350250244140625,20.737499237060547,446708000,83.40421575773377,1.1062244261835303,18.849924850463868,16.64885986328125,0.17478292122376038,1.0897192993129816
2021-07-07,20.301528930664062,20.371749877929688,20.875,20.332000732421875,20.853500366210938,418428000,76.06022787600304,1.0850223408831106,18.99566230773926,16.74673486709595,0.16696734967160864,1.0885335514773202
2021-07-08,19.834142684936523,19.90275001525879,20.132999420166016,19.70075035095215,19.85650062561035,503300000,66.9480175383078,1.018632999071336,19.122887325286865,16.837154865264893,0.1465873806495792,1.0344376657876804
2021-07-09,19.98113250732422,20.050249099731445,20.080249786376953,19.754249572753906,19.962499618530273,296624000,68.23683433088719,0.9667765129480088,19.25414981842041,16.932624855041503,0.1506599700209661,0.9723477681444014
2021-07-12,20.441787719726562,20.512500762939453,20.53274917602539,20.1877498626709,20.239999771118164,321984000,71.93083528026875,0.9520055922474846,19.388512325286865,17.036379871368407,0.1507552512876429,0.9499133476664453
2021-07-13,20.180198669433594,20.25,20.46125030517578,20.11400032043457,20.40049934387207,290708000,67.15459950505634,0.9086436351992297,19.500074863433838,17.141189880371094,0.12382939201741427,0.9107936992963903
2021-07-14,19.77310562133789,19.84149932861328,20.417749404907227,19.752750396728516,20.357749938964844,380100000,60.429948282033116,0.8317287305613483,19.602724838256837,17.241284866333007,0.11541161513513876,0.8187827718464648
2021-07-15,18.900876998901367,18.966249465942383,19.847000122070312,18.85849952697754,19.811750411987305,550564000,49.087880429939744,0.6921688734318678,19.66052484512329,17.33358486175537,0.06490645448022536,0.7204901457741222
2021-07-16,18.09839630126953,18.160999298095703,19.156999588012695,18.072999954223633,19.030500411987305,688224000,41.390781015087306,0.5107026600300415,19.635712337493896,17.40763484954834,-0.026598248251952894,0.7640858690858804
2021-07-19,18.71501922607422,18.77975082397461,19.04199981689453,17.86549949645996,17.915250778198242,749060000,48.12217098857678,0.4120673990584933,19.64276237487793,17.492769870758057,0.007564925067587991,0.7549994560201861
2021-07-20,18.54784393310547,18.61199951171875,18.83799934387207,18.163999557495117,18.729999542236328,434687000,46.560843578140805,0.3167112648517296,19.651999855041502,17.56876485824585,0.01002589123115949,0.7403325816091417
2021-07-21,19.34309196472168,19.40999984741211,19.527000427246094,18.742000579833984,18.881999969482422,371017000,54.17727469664046,0.30205094414844424,19.678162384033204,17.671649856567385,0.02770463950258617,0.7208554961427076
2021-07-22,19.526460647583008,19.5939998626709,19.886999130249023,19.275999069213867,19.642000198364258,323826000,55.74354953844784,0.3018008257930269,19.704999923706055,17.777404861450194,0.028165177015192944,0.7063682204671313
2021-07-23,19.490581512451172,19.558000564575195,19.700000762939453,19.25,19.6560001373291,195672000,55.34495991214689,0.2952937995890679,19.72262496948242,17.89339487075806,0.01835416531560119,0.6975921232225599
2021-07-26,19.22749900817871,19.29400062561035,19.441999435424805,18.913999557495117,19.31100082397461,203943000,52.386631898908725,0.2657707064396071,19.735774993896484,18.005969886779784,0.013819583121402967,0.6862551349296097
2021-07-27,19.141788482666016,19.20800018310547,19.621999740600586,18.740999221801758,19.264999389648438,248863000,51.42235501906304,0.23275091774445755,19.69692497253418,18.105269889831543,-0.038879179560476484,0.693360332155879
2021-07-28,19.435771942138672,19.50300025939941,19.645999908447266,18.9950008392334,19.319000244140625,202191000,54.51517025417657,0.22776105043416095,19.67073745727539,18.212019901275635,-0.026152535504298635,0.6901307506945217
2021-07-29,19.594226837158203,19.66200065612793,19.85300064086914,19.327999114990234,19.518999099731445,190781000,56.136176786416804,0.23393983503909155,19.653712463378906,18.324944915771486,-0.0170228655837269,0.6857013770878867
2021-07-30,19.43178939819336,19.499000549316406,19.6299991607666,19.26300048828125,19.417999267578125,183497000,54.011095522886855,0.2231119245988502,19.618062496185303,18.433609924316407,-0.03527604134375428,0.6735754445735103
2021-08-02,19.681922912597656,19.75,19.961000442504883,19.361000061035156,19.700000762939453,217444000,56.72761668089842,0.23210868115064542,19.581212520599365,18.53635992050171,-0.035974009336856794,0.6430016479086113
2021-08-03,19.746702194213867,19.815000534057617,20.222000122070312,19.219999313354492,19.739999771118164,301811000,57.42891624891597,0.24169753665136895,19.537037563323974,18.632824935913085,-0.04268421186005311,0.5903999076313586
2021-08-04,20.204116821289062,20.27400016784668,20.31800079345703,19.827999114990234,19.989999771118164,231309000,62.09994646575776,0.28307114024734403,19.532150077819825,18.72606492996216,-0.004798297184519629,0.5834904252004127
2021-08-05,20.56586456298828,20.636999130249023,20.732999801635742,20.341999053955078,20.5,211435000,65.3389908651573,0.3412176569857195,19.568862533569337,18.82584991455078,0.03689184230457143,0.6293334601235857
2021-08-06,20.29579734802246,20.36599922180176,20.56999969482422,20.209999084472656,20.52400016784668,178497000,61.138135656961005,0.3612672981212981,19.58465003967285,18.919169902801514,0.015747940112851078,0.6457904354256117
2021-08-09,20.22504425048828,20.295000076293945,20.507999420166016,20.14299964904785,20.445999145507812,146443000,60.04885773340506,0.3671949506728076,19.573775005340575,19.01530990600586,-0.010603323756529615,0.6310052683775179
2021-08-10,19.86728286743164,19.93600082397461,20.43000030517578,19.834999084472656,20.32200050354004,179238000,54.73826893420298,0.33901644806320874,19.558075046539308,19.089139938354492,-0.015506132149401997,0.6170465670322409
2021-08-11,19.631093978881836,19.698999404907227,20.048999786376953,19.43000030517578,20.042999267578125,185925000,51.50018010695129,0.2941697422404772,19.550950050354004,19.157829933166504,-0.007181913087614178,0.614418762200618
2021-08-12,19.83638572692871,19.905000686645508,20.02899932861328,19.6200008392334,19.8700008392334,151652000,54.04487273600506,0.2721142232047491,19.59788761138916,19.2203649520874,0.049495880690003435,0.6031545266987738
2021-08-13,20.118412017822266,20.1879997253418,20.214000701904297,19.85099983215332,19.905000686645508,183063000,57.35512982106671,0.27430866324991143,19.699237632751466,19.284729957580566,0.11161282449136167,0.5124892822508996
2021-08-16,19.88123321533203,19.950000762939453,20.28700065612793,19.452999114990234,20.135000228881836,210876000,53.84253515375297,0.2539162570167335,19.75775012969971,19.33216495513916,0.06231445507098421,0.46674753313043005
2021-08-17,19.390928268432617,19.45800018310547,19.770000457763672,19.267000198364258,19.684999465942383,204585000,47.38231549526284,0.1957977585052184,19.80005016326904,19.368944969177246,0.04545458271982272,0.3893673430649477
2021-08-18,18.9743709564209,19.040000915527344,19.634000778198242,19.0,19.5,285913000,42.69529947007952,0.11468733794431785,19.781550216674805,19.400604972839357,-0.019062284121248774,0.41670526493563675
2021-08-19,19.72975730895996,19.79800033569336,20.4950008392334,18.761999130249023,19.493999481201172,766555000,51.97305914670018,0.11029949964979835,19.79175024032593,19.44939998626709,0.010411374627551595,0.4143629822520584
2021-08-20,20.744239807128906,20.81599998474121,20.864999771118164,19.933000564575195,19.990999221801758,675741000,61.08538170617518,0.18681270946104434,19.854650211334228,19.517220001220704,0.064321473762742,0.4689045150875265
2021-08-23,21.88231086730957,21.95800018310547,21.996999740600586,20.950000762939453,20.97100067138672,575807000,68.34195364691026,0.3357297676218671,19.987850189208984,19.599874992370605,0.1380739852345083,0.6461410105501645
2021-08-24,21.717880249023438,21.792999267578125,21.958999633789062,21.53499984741211,21.753000259399414,297299000,66.41492023977776,0.4354142299836141,20.117100143432616,19.675359992980958,0.13457929299408855,0.7344440093510801
2021-08-25,22.13643455505371,22.21299934387207,22.469999313354492,21.722000122070312,21.73699951171875,347701000,68.82461162664882,0.5420568862963648,20.25260009765625,19.763849983215334,0.13895293280153576,0.8552384122356315
2021-08-26,21.991931915283203,22.06800079345703,22.34000015258789,21.790000915527344,22.200000762939453,237940000,67.03637679764503,0.6078647026188762,20.372900104522706,19.849005012512208,0.12236802243108658,0.933433172034749
2021-08-27,22.557979583740234,22.63599967956543,22.722000122070312,22.16699981689453,22.18400001525879,304722000,70.29259840612414,0.6978067524457963,20.529750061035156,19.928580017089843,0.16087999599338443,1.0367086918465094
2021-08-30,22.609790802001953,22.6879997253418,23.042999267578125,22.551000595092773,22.829999923706055,262580000,70.57913191674618,0.7644701084981023,20.676650047302246,20.0095650100708,0.14875947976414183,1.1248151347465238
2021-08-31,22.311779022216797,22.38500022888184,22.69499969482422,22.1200008392334,22.69499969482422,259850000,66.55113539410169,0.7838164235394522,20.805150032043457,20.088720016479492,0.12969970353555937,1.167199712253322
2021-09-01,22.36758804321289,22.44099998474121,22.69700050354004,22.35700035095215,22.485000610351562,201767000,66.92681507290492,0.7945086289704335,20.913500022888183,20.159805030822753,0.10688565645428283,1.2149039094899323
2021-09-02,22.322734832763672,22.395999908447266,22.593000411987305,22.295000076293945,22.51799964904785,187834000,66.2825753528318,0.7902417339317047,21.001450061798096,20.22658004760742,0.08523529836370236,1.2567813454835182
2021-09-03,22.76827049255371,22.843000411987305,22.986000061035156,22.200000762939453,22.325000762939453,280532000,69.4304394904187,0.8135512810192971,21.125300121307372,20.29933006286621,0.12162433884088131,1.3117128383223304
2021-09-07,22.587867736816406,22.66200065612793,22.89900016784668,22.52199935913086,22.83300018310547,198107000,66.71440151013249,0.8081037800533366,21.24365015029907,20.37195007324219,0.11662973988351033,1.3393465927732835
2021-09-08,22.265926361083984,22.339000701904297,22.610000610351562,21.976999282836914,22.51300048828125,254434000,62.049591042575976,0.7688602569646932,21.363800144195558,20.41903007507324,0.1205357031807448,1.323557054732143
2021-09-09,22.104454040527344,22.177000045776367,22.538000106811523,22.131000518798828,22.312000274658203,196856000,59.79144285526035,0.7164288374523906,21.487700176239013,20.462035064697265,0.12579322380464886,1.2745891078899443
2021-09-10,22.404470443725586,22.47800064086914,22.625999450683594,22.270000457763672,22.347999572753906,248376000,62.5206753627514,0.6911971022583892,21.616350173950195,20.511545066833495,0.12926399726024074,1.2356909719016878
2021-09-13,22.079532623291016,22.152000427246094,22.964000701904297,21.857999801635742,22.68400001525879,297500000,57.93407072932059,0.637546043657732,21.71455020904541,20.55034507751465,0.09728555224017077,1.1935260152988878
2021-09-14,22.169239044189453,22.242000579833984,22.40999984741211,22.086000442504883,22.274999618530273,199755000,58.83199054891769,0.5954257558590186,21.829150199890137,20.585445098876953,0.11488720447331069,1.123141473550382
2021-09-15,22.267921447753906,22.340999603271484,22.367000579833984,21.965999603271484,22.30900001525879,166538000,59.847290295159226,0.5635374096714578,21.973300170898437,20.618295097351073,0.14816524786905894,0.9784935185052692
2021-09-16,22.169239044189453,22.242000579833984,22.277000427246094,21.927000045776367,22.183000564575195,156033000,58.29890343047969,0.5242342259207078,22.13340015411377,20.65570011138916,0.16817224319014468,0.693839699561725
2021-09-17,21.828359603881836,21.899999618530277,22.320999145507812,21.829999923706055,22.299999237060547,294503000,53.18013458035481,0.4601848260584731,22.238500118255615,20.69564510345459,0.1061723026162027,0.4308083279964265
2021-09-20,21.0439395904541,21.113000869750977,21.433000564575195,20.66200065612793,21.145999908447266,349440000,43.67659649561271,0.34197887383007597,22.253350162506102,20.71690013885498,0.01426791339486333,0.3814895974439944
2021-09-21,21.17650032043457,21.246000289916992,21.424999237060547,20.950000762939453,21.41699981689453,204688000,45.45072573481182,0.25607981800818536,22.21775016784668,20.73157012939453,-0.03242553453188746,0.4393372346518972
2021-09-22,21.869224548339844,21.94099998474121,21.959999084472656,21.195999145507812,21.365999221801758,268726000,53.66429120973486,0.24130327052108314,22.225150203704835,20.765390129089354,0.006791204613275426,0.4330071735905024
2021-09-23,22.408456802368164,22.48200035095215,22.53499984741211,21.889999389648438,22.139999389648438,248555000,58.85744977179297,0.27013303295090907,22.238600254058838,20.818200149536132,0.012110071355775132,0.43677136695792934
2021-09-24,22.008764266967773,22.08099937438965,22.14900016784668,21.861000061035156,22.06999969482422,217655000,54.02422622977097,0.25765333264506296,22.23925018310547,20.880495147705076,0.0005890239471293413,0.43651374404426063
2021-09-27,21.589139938354492,21.65999984741211,21.798999786376953,21.325000762939453,21.709999084472656,245215000,49.43450321916573,0.21135556150529666,22.190450191497803,20.950475158691408,-0.043117151703902956,0.4443109823022068
2021-09-28,20.63128662109375,20.698999404907227,21.41900062561035,20.650999069213867,21.214000701904297,343069000,40.89398834551692,0.0960127646403599,22.091000175476076,20.98886013031006,-0.08766750460653971,0.5394878920328782
2021-09-29,20.44988441467285,20.517000198364254,21.017000198364258,20.466999053955078,20.940000534057617,218394000,39.50209921002444,-0.009968141284495857,21.997600173950197,21.02696014404297,-0.08344873850425216,0.6385207089002963
2021-09-30,20.648235321044922,20.715999603271484,21.06599998474121,20.687999725341797,20.76799964904785,221009000,41.83333554039442,-0.07701342113291076,21.911350154876708,21.053080139160155,-0.07686824930451597,0.6899115325798603
2021-10-01,20.674144744873047,20.742000579833984,20.858999252319336,20.202999114990234,20.75,240978000,42.147020929162174,-0.12658997648912873,21.828650188446044,21.076040153503417,-0.07385244397993729,0.7268999746222623
2021-10-04,19.667455673217773,19.73200035095215,20.54199981689453,19.55500030517578,20.503999710083008,345635000,34.38892382932525,-0.24455920505236506,21.673100185394286,21.07952014923096,-0.13619051809860316,0.824697902746275
2021-10-05,20.38410186767578,20.451000213623047,20.648000717163086,19.854000091552734,19.950000762939453,279282000,42.50277817682471,-0.2768421249381099,21.562550163269044,21.102660140991212,-0.09756422109656127,0.8333061621364236
2021-10-06,20.632287979125977,20.700000762939453,20.719999313354492,20.079999923706055,20.1200008392334,297202000,45.03773657584428,-0.2791168231944283,21.4806001663208,21.13250015258789,-0.07336943853648414,0.8335208779724018
2021-10-07,21.006061553955078,21.075000762939453,21.32200050354004,20.972000122070312,21.091999053955078,256919000,48.705571781714184,-0.2478036457804933,21.425500202178956,21.16394016265869,-0.04969108899139818,0.821398101738439
2021-10-08,20.762859344482422,20.83099937438965,21.20599937438965,20.774999618530273,21.10099983215332,151258000,46.52975805041691,-0.23991105463360185,21.34315013885498,21.187320137023924,-0.07327169763866548,0.7923730312190014
2021-10-11,20.62730598449707,20.69499969482422,21.062999725341797,20.51099967956543,20.575000762939453,163388000,45.31465798504569,-0.24184234877577637,21.270300102233886,21.211240119934082,-0.06577287397619502,0.7809900276947259
2021-10-12,20.60338020324707,20.67099952697754,21.05699920654297,20.527999877929688,20.827999114990234,162134000,45.09087298617841,-0.24251397610825975,21.191750049591064,21.22966011047363,-0.07063218289279316,0.7567423322075696
2021-10-13,20.870506286621094,20.93899917602539,20.989999771118164,20.71299934387207,20.917999267578125,180652000,48.16899963660754,-0.21889759844062695,21.12165002822876,21.252140083312987,-0.06275459702531816,0.7080495224019041
2021-10-14,21.674863815307617,21.746000289916992,21.7549991607666,21.121999740600586,21.288000106811523,243589000,56.141900231514,-0.1335240216847069,21.09685001373291,21.281580085754396,-0.02230016531726453,0.6746412486689293
2021-10-15,21.790483474731445,21.86199951171875,21.930999755859375,21.66200065612793,21.809999465942383,226994000,57.1619516404798,-0.0558607512999032,21.094950008392335,21.306080093383787,-0.0017351647248146085,0.6723097555161609
2021-10-18,22.149307250976562,22.222000122070312,22.291000366210938,21.643999099731445,21.749000549316406,189494000,60.25170358002158,0.034341127477485855,21.1503999710083,21.34320011138916,0.05252684159683918,0.7180540185641116
2021-10-19,22.21708106994629,22.290000915527344,22.378999710083008,22.03700065612793,22.275999069213867,161473000,60.82645784994923,0.11004532796372501,21.20260000228882,21.38310012817383,0.049138690170583255,0.7619740265087378
2021-10-20,22.030696868896484,22.10300064086914,22.433000564575195,21.98200035095215,22.30500030517578,146276000,58.32865257653898,0.1531862571131022,21.210700035095215,21.426440124511718,0.007383467309630021,0.7710436703328157
2021-10-21,22.61777114868164,22.691999435424805,22.711000442504883,22.08300018310547,22.097000122070312,187590000,63.4234367703758,0.23222607687145924,21.221199989318848,21.48630012512207,0.009340765109620897,0.7904527992563102
2021-10-22,22.65165901184082,22.72599983215332,23.1299991607666,22.56100082397461,22.822999954223633,249384000,63.69934015660866,0.2942176929240574,21.253450012207033,21.542720108032228,0.029210655135100794,0.8390427890127425
2021-10-25,23.090219497680664,23.166000366210938,23.354999542236328,22.770000457763672,22.972999572753906,230235000,67.1524545019918,0.3745334724009268,21.32875003814697,21.60228012084961,0.06952911031431808,0.9390652531571634
2021-10-26,24.636140823364258,24.71699905395508,25.259000778198242,23.923999786376953,23.98900032043457,485898000,75.86708730021326,0.5569171439774863,21.529650020599366,21.69762008666992,0.19411564638700773,1.1927733476435394
2021-10-27,24.371015548706055,24.451000213623047,25.09000015258789,24.281999588012695,24.474000930786133,245990000,72.32322413835556,0.6722444191294699,21.726350021362304,21.797480087280274,0.19174343116555792,1.333110063761283
2021-10-28,24.859411239624023,24.94099998474121,24.950000762939453,24.523000717163086,24.878000259399414,234204000,74.67043488085969,0.7940279421539316,21.93760004043579,21.91550006866455,0.2039486610533876,1.4900918623832586
2021-10-29,25.483356475830078,25.566999435424805,25.708999633789062,25.0,25.000999450683594,292503000,77.31709416161303,0.9303309099096353,22.178849983215333,22.030880050659178,0.23261974354980164,1.6664831012582657
2021-11-01,25.742509841918945,25.82699966430664,25.893999099731445,25.226999282836914,25.64900016784668,265740000,78.3298765690543,1.0472596817098392,22.483599948883057,22.131100044250488,0.3088890738368746,1.7506483723715875
2021-11-02,26.31463623046875,26.400999069213867,26.67799949645996,25.799999237060547,25.82200050354004,294112000,80.4095029117127,1.1727250858569036,22.7810998916626,22.219960021972657,0.2909392593731108,1.887285081736689
2021-11-03,26.51099395751953,26.597999572753903,26.784000396728516,26.235000610351562,26.670000076293945,239910000,81.08057986468506,1.2733749431108556,23.07599983215332,22.316060028076173,0.28492746823343196,2.0022813923528298
2021-11-04,29.703514099121094,29.801000595092773,31.364999771118164,27.118000030517578,27.229000091552734,1153631000,88.17383137926451,1.5932303265805992,23.512299823760987,22.467820053100585,0.4140450541524088,2.445059132231772
2021-11-05,29.654678344726562,29.75200080871582,31.399999618530273,29.40999984741211,30.187000274658203,851260000,87.63254790297835,1.8217639879176417,23.958349895477294,22.62150005340576,0.4282560463850793,2.7275712349651275
2021-11-08,30.703235626220703,30.804000854492188,31.100000381469727,29.906999588012695,30.14900016784668,503101000,89.16974636161623,2.0639739656890264,24.463799953460693,22.784860076904298,0.48847554040777363,3.012754809425605
2021-11-09,30.556711196899414,30.65699958801269,32.310001373291016,29.964000701904297,32.28200149536133,646746000,87.53251849234954,2.2184919501988496,24.96309995651245,22.944240074157715,0.48309226885727097,3.1742509772921204
2021-11-10,29.362632751464844,29.458999633789062,30.850000381469727,28.777999877929688,29.356000900268555,636206000,75.38477413713836,2.2187041417120774,25.389099979400633,23.08572006225586,0.4068962602338153,3.177484295348695
2021-11-11,30.290586471557617,30.38999938964844,30.59000015258789,29.777000427246094,30.468000411987305,332172000,77.94622805926404,2.267853797733025,25.821299934387206,23.244700050354005,0.3974983438098927,3.2430703940836634
2021-11-12,30.290586471557617,30.38999938964844,30.68000030517578,29.6299991607666,30.010000228881836,413054000,77.94622805926404,2.2805168752681517,26.24769992828369,23.40458003997803,0.39008325260269094,3.2557093318654564
2021-11-15,29.92677879333496,30.024999618530277,30.643999099731445,29.246999740600586,30.552000045776367,384909000,74.4248466823153,2.2353325027034145,26.63784990310669,23.548220024108886,0.3511384867967051,3.215182861145105
2021-11-16,30.104196548461914,30.202999114990234,30.389999389648438,29.70599937438965,29.759000778198242,264484000,75.01758531931088,2.188657156363714,27.033499813079835,23.69903999328613,0.3550021477994041,3.1379371101710753
2021-11-17,29.165279388427734,29.26099967956543,30.509000778198242,28.799999237060547,30.417999267578125,428508000,66.26483278664497,2.052000936817368,27.391399765014647,23.837479972839354,0.32384738864192597,2.948473493508404
2021-11-18,31.571382522583008,31.674999237060547,32.7599983215332,31.320999145507812,32.367000579833984,781711000,74.48167518382819,2.1141192373511224,27.840549755096436,24.027439956665038,0.3958663857364748,2.8782905160772514
2021-11-19,32.877098083496094,32.98500061035156,33.0880012512207,31.905000686645508,32.24300003051758,533867000,77.66144969386994,2.2431964286603083,28.353499794006346,24.237579956054688,0.4514213171683452,2.8326198441072075
2021-11-22,31.851465225219727,31.95599937438965,34.64699935913086,31.899999618530273,33.516998291015625,754335000,70.25592325712635,2.2366762215049043,28.792999744415283,24.433659934997557,0.37943533062355783,2.6621678663950776
2021-11-23,31.64215087890625,31.746000289916992,32.36000061035156,30.8799991607666,31.53499984741211,532163000,68.81376815198199,2.1893265456673277,29.14444980621338,24.623739929199218,0.2843792331188024,2.5576686022812125
2021-11-24,32.56711959838867,32.67399978637695,32.85499954223633,30.92799949645996,31.461000442504883,435162000,71.58918220989227,2.201308080889195,29.555599784851076,24.83039993286133,0.3363052431766127,2.4207444786613443
2021-11-26,31.399944305419922,31.50300025939941,32.709999084472656,31.350000381469727,32.599998474121094,283069000,63.865492653358025,2.0921961239293267,29.883699798583983,25.015619926452636,0.2631009293401547,2.19670707748624
2021-11-29,33.26681137084961,33.375999450683594,33.4119987487793,32.0359992980957,32.36600112915039,454964000,69.52838641505761,2.132279897992788,30.274149799346922,25.245139923095703,0.30543279179014227,2.0799563314510823
2021-11-30,32.569114685058594,32.67599868774414,33.35300064086914,31.86400032043457,33.16899871826172,622066000,65.40304540461042,2.083544561563091,30.616599750518798,25.476399879455567,0.2651875600131337,1.8615845380252527
2021-12-01,31.336002349853516,31.434999465942383,33.28900146484375,31.3799991607666,33.21900177001953,484368000,58.74803515260941,1.9226204191845504,30.868299770355225,25.680179862976075,0.19067461740865133,1.5807372337707157
2021-12-02,32.02483367919922,32.125999450683594,32.47800064086914,31.024999618530273,31.214000701904297,472890000,61.12030875945282,1.829752552352403,31.14469976425171,25.88387985229492,0.20783517432613197,1.2416940766146323
2021-12-03,30.596342086791992,30.69300079345703,32.12900161743164,30.1299991607666,32.0,544325000,54.16393688589608,1.6218276634903148,31.18929977416992,26.04809986114502,0.029931887539076163,1.2064083428316397
2021-12-06,29.942407608032227,30.03700065612793,30.240999221801758,28.038000106811523,29.8799991607666,658938000,51.28626575678302,1.388110686463964,31.203549766540526,26.207219886779786,0.009579182564710687,1.1901106626810527
2021-12-07,32.32487487792969,32.426998138427734,32.44900131225586,30.650999069213867,30.957000732421875,593053000,59.68919335516969,1.379835239387866,31.284699630737304,26.4225598526001,0.0526878729682565,1.2164743053397966
2021-12-08,31.72577476501465,31.826000213623047,32.290000915527344,31.42099952697754,31.999000549316406,475551000,57.02535768866678,1.3096841544932545,31.343149662017822,26.645099868774412,0.038131605875333374,1.2128057038330355
2021-12-09,30.39398193359375,30.489999771118164,32.20500183105469,30.42799949645996,31.733999252319336,488507000,51.52091218689069,1.1332217688689568,31.39469966888428,26.84455986022949,0.0349977986403367,1.1487235747618212
2021-12-10,30.1028995513916,30.197999954223636,31.30500030517578,29.861000061035156,31.149999618530273,488825000,50.376366692043476,0.9587601221589708,31.385099697113038,27.034199867248535,-0.0063178492688684695,1.1583240056644022
2021-12-13,28.072315216064453,28.160999298095703,30.29400062561035,28.115999221801758,30.249000549316406,598344000,43.17130126279153,0.6486518267018084,31.2736496925354,27.18257984161377,-0.07334650004343168,1.3504142099544398
2021-12-14,28.247756958007812,28.33699989318848,28.67799949645996,27.25,27.698999404907227,667035000,43.91765532409697,0.41233737685870864,31.18924970626831,27.354679832458498,-0.056219808385943426,1.4791724235556822
2021-12-15,30.36307716369629,30.458999633789062,30.5,27.83799934387207,28.399999618530273,698297000,52.08795152984798,0.3917680592590749,31.202049732208252,27.554839820861815,0.008475996632790306,1.4712752835518785
2021-12-16,28.297605514526367,28.386999130249023,31.15999984741211,28.093000411987305,31.152000427246094,707366000,45.168432993427125,0.2059001143130459,31.15834970474243,27.70857978820801,-0.029869128153087954,1.543185512205509
2021-12-17,27.713451385498047,27.801000595092773,28.922000885009766,27.760000228881836,27.985000610351562,713758000,43.41196826602618,0.011184318581459962,30.964649772644044,27.843099784851074,-0.12230461674124049,1.709131543203048
2021-12-20,27.6317081451416,27.7189998626709,28.143999099731445,27.145000457763672,27.30500030517578,461847000,43.15904885699028,-0.1480396176245904,30.70134973526001,27.9808597946167,-0.1596483447093845,1.7854288832307221
2021-12-21,28.98343849182129,29.075000762939453,29.1200008392334,27.400999069213867,28.374000549316406,524385000,48.502097766776274,-0.16292964263497822,30.5572998046875,28.148459815979002,-0.09015517173151222,1.7950696696237118
2021-12-22,29.307415008544922,29.399999618530277,29.55500030517578,28.448999404907227,28.891000747680664,395184000,49.721965220527544,-0.14681303394772272,30.439999771118163,28.32303981781006,-0.07389909437290088,1.7899481935614494
2021-12-23,29.546655654907227,29.63999938964844,30.05900001525879,29.430999755859375,29.7549991607666,343022000,50.65159474406461,-0.11336769743462938,30.288299751281738,28.49705982208252,-0.09285671838663301,1.7177611315904018
2021-12-27,30.847545623779297,30.94499969482422,31.086999893188477,29.639999389648438,29.65999984741211,403686000,55.47265824308208,0.018230441812548293,30.260399723052977,28.681039810180664,-0.017712616575581652,1.7014475579832489
2021-12-28,30.22650909423828,30.32200050354004,31.329999923706055,30.011999130249023,31.312000274658203,420591000,52.81971862425863,0.07142870155547953,30.1076997756958,28.850239830017088,-0.09150284627898997,1.536127043362848
2021-12-29,29.906522750854492,30.000999450683597,30.54800033569336,29.365999221801758,30.273000717163086,343139000,51.45427581318434,0.08668732589480399,29.973949813842772,29.005819816589355,-0.08186434522241126,1.4121928484951918
2021-12-30,29.492828369140625,29.586000442504883,30.457000732421875,29.540000915527344,29.82699966430664,308864000,49.66668588536404,0.06454886481425959,29.8814998626709,29.151739807128905,-0.05881975679499407,1.3714453179970725
2021-12-31,29.318378448486328,29.410999298095703,30.030000686645508,29.33099937438965,29.673999786376953,266530000,48.895264381590266,0.032508111823197794,29.745749855041502,29.297899780273436,-0.08451099417951713,1.2680572383336006
2022-01-03,30.026145935058594,30.121000289916992,30.711000442504883,29.78499984741211,29.815000534057617,391547000,52.142958763262904,0.06367275071539424,29.717149829864503,29.44647979736328,-0.01863618703785963,1.2519160757532128
2022-01-04,29.19776153564453,29.290000915527344,30.468000411987305,28.349000930786133,30.277000427246094,527154000,48.27598210535828,0.021073326811070103,29.679799842834473,29.57775981903076,-0.02486931864976971,1.2530139363107933
2022-01-05,27.517072677612305,27.60400009155273,29.416000366210938,27.533000946044922,28.948999404907227,498064000,41.544226692815315,-0.14703823430637186,29.438649940490723,29.666519813537597,-0.1487340279320981,1.1568927346741558
2022-01-06,28.089262008666992,28.17799949645996,28.437999725341797,27.065000534057617,27.639999389648438,454186000,44.38743375767792,-0.23128479565300708,29.25624990463257,29.735739822387696,-0.11462328576248693,1.0426186148621406
2022-01-07,27.161190032958984,27.246999740600582,28.422000885009766,27.05699920654297,28.141000747680664,409939000,40.911663767188855,-0.3689219989344146,29.094099903106688,29.791659812927247,-0.10636274368193122,1.0916697248227354
2022-01-10,27.313709259033203,27.399999618530277,27.4689998626709,25.643999099731445,26.58099937438965,594681000,41.71934798062468,-0.46034805683930813,28.954199886322023,29.84083980560303,-0.09265515398154767,1.1216307003460175
2022-01-11,27.729400634765625,27.816999435424805,28.065000534057617,26.839000701904297,27.322999954223633,404089000,43.967418486397726,-0.4934670848263245,28.936999893188478,29.885839805603027,-0.012215470730620015,1.1369672038110776
2022-01-12,27.910825729370117,27.999000549316406,28.594999313354492,27.607999801635742,28.066999435424805,383413000,44.965223311317786,-0.49927287732820247,28.920099925994872,29.929279823303222,-0.011927845048738561,1.1488054349393861
2022-01-13,26.491313934326172,26.575000762939453,28.479999542236328,26.49799919128418,28.378999710083008,540171000,39.098617232048746,-0.6117272803118468,28.725899982452393,29.932759857177736,-0.1275156412734243,1.202023076056084
2022-01-14,26.857154846191406,26.941999435424805,27.19700050354004,26.209999084472656,26.299999237060547,395832000,41.226893830443274,-0.6635850833593224,28.65364999771118,29.939639854431153,-0.05090357343494034,1.2652309171433849
2022-01-18,25.821426391601562,25.902999877929688,26.63800048828125,25.770000457763672,26.260000228881836,424270000,37.257285331138384,-0.7795353486427459,28.558749961853028,29.86167984008789,-0.06827094984121207,1.396882260452393
2022-01-19,24.98806381225586,25.066999435424805,26.542999267578125,25.052000045776367,26.07900047302246,488315000,34.388145920770185,-0.9281854738521673,28.426149940490724,29.76797981262207,-0.09567446301760463,1.5929087451675652
2022-01-20,24.07394790649414,24.149999618530277,25.57900047302246,24.077999114990234,25.304000854492188,435181000,31.520769683350878,-1.1072226174710558,28.179899883270263,29.63489978790283,-0.1693895448039625,1.847636890602401
2022-01-21,23.300392150878906,23.374000549316406,24.822999954223633,23.26300048828125,23.506999969482422,718958000,29.29468639740928,-1.2967790219248947,27.87859992980957,29.489239807128907,-0.20496595739463186,2.1107976955069496
2022-01-24,23.29839515686035,23.371999740600582,23.3799991607666,20.88800048828125,22.329999923706055,913982000,29.288942887879898,-1.43067337457774,27.56519994735718,29.367499809265137,-0.21147097766934886,2.2929686290693367
2022-01-25,22.253692626953125,22.323999404907227,22.94300079345703,22.0,22.54599952697754,664616000,26.372337629572584,-1.602873553724848,27.134149932861327,29.206179809570312,-0.27859106075088824,2.4303719883924213
2022-01-26,22.700284957885742,22.77199935913086,24.05699920654297,22.299999237060547,23.239999771118164,755959000,29.599713978784195,-1.6837839706259707,26.756649875640868,29.05381980895996,-0.24899416328179702,2.4946605352883666
2022-01-27,21.874893188476562,21.944000244140625,23.9950008392334,21.674999237060547,23.56800079345703,573353000,27.224488138168496,-1.7940381130334693,26.353799915313722,28.89219982147217,-0.26855769321243017,2.591822393200008
2022-01-28,22.76806640625,22.84000015258789,22.857999801635742,21.29599952697754,22.011999130249023,543774000,33.4480754915853,-1.7884989086841934,26.01649990081787,28.74493984222412,-0.22801325589873633,2.5880043680202562
2022-01-31,24.408889770507812,24.48600006103516,24.509000778198242,23.052000045776367,23.18199920654297,564680000,43.07836630223034,-1.6324724862702027,25.770249938964845,28.649439849853515,-0.1674543318689422,2.480074153137463
2022-02-01,24.560407638549805,24.63800048828125,25.145000457763672,23.889999389648438,25.104000091552734,518925000,43.88588133293979,-1.4795004974616077,25.496099948883057,28.50869987487793,-0.1820324607038757,2.267787980403344
2022-02-02,25.162506103515625,25.242000579833984,25.816999435424805,24.55299949645996,25.79400062561035,543419000,47.09751645431389,-1.2946079006647757,25.293699932098388,28.353839874267578,-0.1382041723852393,2.084604604259947
2022-02-03,23.872583389282227,23.947999954223636,25.07699966430664,23.780000686645508,24.45800018310547,410178000,41.603766734798334,-1.2382207832724745,25.110899925231934,28.193679885864256,-0.13244457778595242,2.030958491884577
2022-02-04,24.242416381835938,24.319000244140625,24.635000228881836,23.631999969482422,23.972000122070312,354829000,43.633849236019735,-1.150336599415926,24.917949962615968,28.045139884948732,-0.13695078860385912,1.903548861344857
2022-02-07,24.65012550354004,24.72800064086914,25.18199920654297,24.20199966430664,24.371999740600586,376868000,45.86802279111715,-1.0357454083429545,24.792000007629397,27.886219902038576,-0.0924505128532701,1.8229647214344666
2022-02-08,25.028934478759766,25.107999801635746,25.229999542236328,23.979999542236328,24.358999252319336,410359000,47.93295158224681,-0.9038492952947941,24.677400016784667,27.7583198928833,-0.08364962951840627,1.719491018289988
2022-02-09,26.620895385742188,26.70499992370605,26.725000381469727,25.35300064086914,25.621999740600586,524282000,55.59868958840422,-0.662815586783708,24.621800041198732,27.62489990234375,-0.039975537775027936,1.6281825128027656
2022-02-10,25.742673873901367,25.823999404907227,26.924999237060547,25.600000381469727,25.9950008392334,513200000,51.12675786004267,-0.5366973028483315,24.51304998397827,27.48785991668701,-0.07768138511152256,1.4540660982604963
2022-02-11,23.873579025268555,23.948999404907227,26.152000427246094,23.773000717163086,25.916000366210938,605472000,43.168664753228455,-0.581343122524622,24.38174991607666,27.338139915466307,-0.09881472371185607,1.3744582478844052
2022-02-14,24.19057846069336,24.267000198364254,24.875,23.7549991607666,23.93400001525879,440424000,44.739698899362615,-0.5843294635619039,24.247999954223634,27.18095993041992,-0.09928733179109628,1.235315490894848
2022-02-15,26.411563873291016,26.4950008392334,26.545000076293945,24.784000396728516,24.948999404907227,699869000,54.27661442593038,-0.4022779193643764,24.277600002288818,27.09699993133545,0.022854532837647046,1.2832226670566
2022-02-16,26.42751121520996,26.51099967956543,26.582000732421875,25.552000045776367,26.259000778198242,732676000,54.337555726757536,-0.2537843186205748,24.349800014495848,27.0264799118042,0.05760562798353752,1.3678106530602916
2022-02-17,24.429824829101562,24.506999969482425,25.78499984741211,24.165000915527344,25.6299991607666,810595000,46.056946094521805,-0.29441427418552024,24.367650032043457,26.868079948425294,0.014782623461336408,1.3673953887624994
2022-02-18,23.567550659179688,23.642000198364254,24.986000061035156,23.100000381469727,24.667999267578125,761255000,43.01019716097514,-0.39189454277505575,24.381050014495848,26.704399948120116,0.011465715870178084,1.3584292405679521
2022-02-22,23.31633758544922,23.38999938964844,24.06399917602539,23.0,23.03499984741211,633422000,42.135692178894594,-0.4839045665216801,24.381949996948244,26.56239994049072,0.0007701373116393295,1.3577313259792962
2022-02-23,22.31650161743164,22.386999130249023,24.155000686645508,22.301000595092773,23.802000045776367,566511000,38.75788597137579,-0.6304890267137573,24.385099983215333,26.40617992401123,0.0028220626689297035,1.3527695293332356
2022-02-24,23.67321014404297,23.74799919128418,23.799999237060547,20.889999389648438,21.014999389648438,735801000,45.179833195813906,-0.6295795359359282,24.433899974823,26.317919921875,0.04285964603990622,1.3083918936979624
2022-02-25,24.08092498779297,24.15699958801269,24.216999053955078,23.381000518798828,23.72100067138672,528866000,46.97917354691645,-0.589065464095345,24.5445499420166,26.234319915771483,0.10084758108143799,1.1733465960091958
2022-02-28,24.308204650878906,24.38500022888184,24.665000915527344,23.707000732421875,23.992000579833984,477319000,48.003744542360494,-0.532422587864918,24.6217999458313,26.11283992767334,0.06764448625097286,1.1040289211861471
2022-03-01,23.403064727783203,23.476999282836918,24.37700080871582,23.131999969482422,24.291000366210938,412056000,44.32984955577816,-0.5544098960541817,24.571349906921387,26.014639930725096,-0.04120725213114229,1.1332287393539007
2022-03-02,24.147836685180664,24.21999931335449,24.409000396728516,23.415000915527344,23.756000518798828,389642000,47.84720626606468,-0.5060477003656878,24.55044984817505,25.94301990509033,-0.01696571014866155,1.1357865076618463
2022-03-03,23.64335060119629,23.714000701904297,24.326000213623047,23.4689998626709,24.261999130249023,365095000,45.72824167976349,-0.5027547274449091,24.474049854278565,25.862919921875,-0.06053402435742028,1.138208990319499
2022-03-04,22.867666244506836,22.93600082397461,23.68000030517578,22.48200035095215,23.384000778198242,431415000,42.60408207049056,-0.5565080326273524,24.423449897766112,25.740139923095704,-0.042258189919135325,1.1843837753187678
2022-03-07,21.288387298583984,21.351999282836918,23.033000946044922,21.329999923706055,22.816999435424805,450821000,37.053498070567386,-0.7186395709365208,24.27509984970093,25.579179916381836,-0.1220034101532842,1.3695039061860075
2022-03-08,21.449901580810547,21.513999938964844,22.37299919128418,20.649999618530273,21.30900001525879,557467000,37.94396409487154,-0.8245529509356437,24.11439981460571,25.416659927368165,-0.12997414342477676,1.496264499502358
2022-03-09,22.9454345703125,23.013999938964844,23.219999313354492,22.246999740600586,22.386999130249023,492742000,45.61546501624906,-0.7784787848274313,24.009699821472168,25.258039932250977,-0.08339970842816724,1.4963418336201197
2022-03-10,22.59049415588379,22.65800094604492,22.788000106811523,21.881999969482422,22.5310001373291,428066000,44.21832231425142,-0.7619080183963476,23.80734987258911,25.104759941101076,-0.1515446167093455,1.3819375404855263
2022-03-11,22.034156799316406,22.100000381469727,23.145000457763672,22.04599952697754,23.02199935913086,367209000,42.04457442531362,-0.7847553772737577,23.621149921417235,24.946739959716798,-0.14420690478833598,1.3463407417018414
2022-03-14,21.266454696655273,21.32999992370605,22.261999130249023,21.159000396728516,21.868999481201172,385354000,39.18213664428541,-0.8551371863893635,23.490199947357176,24.781619949340822,-0.10935736549663677,1.4370832956963406
2022-03-15,22.904556274414062,22.972999572753903,23.038000106811523,21.32200050354004,21.51799964904785,491996000,47.409563675723554,-0.7694689772380663,23.42549991607666,24.652859954833986,-0.053323468703707966,1.4293781366511644
2022-03-16,24.423019409179688,24.496000289916992,24.597000122070312,23.172000885009766,23.5,671422000,53.666672294486034,-0.5720881980183314,23.32554988861084,24.540359954833985,-0.07544821611616315,1.2637381946247397
2022-03-17,24.69221305847168,24.766000747680664,24.841999053955078,23.9060001373291,24.1200008392334,471941000,54.695765689566244,-0.3893871156967279,23.238299942016603,24.44987995147705,-0.06582169488047651,1.0789665501278936
2022-03-18,26.374191284179688,26.452999114990234,26.569000244140625,24.624000549316406,24.798999786376953,730719000,60.58616618867128,-0.10723241374260795,23.335599899291992,24.4268599319458,0.07940584926474403,1.2701958590977565
2022-03-21,26.654354095458984,26.733999252319336,27.152000427246094,25.966999053955078,26.506999969482422,591727000,61.48446033604296,0.13746694961228556,23.490199851989747,24.397979927062988,0.1307841565016572,1.4802518811411245
2022-03-22,26.44497299194336,26.52400016784668,27.238000869750977,26.07200050354004,26.726999282836914,547007000,60.37697798646033,0.3108643363898125,23.646899890899657,24.38351993560791,0.13398892090545478,1.6276326557751528
2022-03-23,25.557626724243164,25.63400077819824,26.61199951171875,25.575000762939453,26.125999450683594,502120000,55.7904084740691,0.3721772740197409,23.809249973297117,24.34819995880127,0.1450396111179506,1.6570208238899473
2022-03-24,28.066133499145508,28.149999618530277,28.31999969482422,25.906999588012695,26.166000366210938,877379000,64.0943582328297,0.6166795996079131,24.029349994659423,24.35485996246338,0.18536300223817115,1.9199522697125688
2022-03-25,27.609495162963867,27.691999435424805,28.357999801635742,27.270999908447266,27.88599967956543,579016000,61.818088715791596,0.7646779358226183,24.20609998703003,24.348719940185546,0.1463343920064588,2.087708551860402
2022-03-28,28.134925842285156,28.2189998626709,28.25,27.20599937438965,27.756000518798828,425494000,63.427576264090796,0.913956689892828,24.397799968719482,24.381599922180175,0.1572277874842105,2.272818739253081
2022-03-29,28.57062339782715,28.6560001373291,28.945999145507812,27.979999542236328,28.69499969482422,488984000,64.75433245656367,1.0553579386112553,24.656750011444093,24.41587993621826,0.22059892714987384,2.450474580123346
2022-03-30,27.607500076293945,27.690000534057617,28.496000289916992,27.503000259399414,28.304000854492188,463487000,59.60664708265275,1.0770557242281242,24.83025007247925,24.45161994934082,0.14327007923529678,2.5391616916016804
2022-03-31,27.20470428466797,27.285999298095703,28.24799919128418,27.270000457763672,27.781999588012695,523440000,57.54625139592138,1.0495532556833744,25.008850002288817,24.49599994659424,0.15062825716727613,2.5817806251245314
2022-04-01,26.632417678833008,26.71199989318848,27.496000289916992,26.267000198364258,27.375,517235000,54.65554742402224,0.9702558904128828,25.19764995574951,24.547239952087402,0.1646319730363317,2.5601946895068086
2022-04-04,27.278486251831055,27.36000061035156,27.558000564575195,26.613000869750977,26.72800064086914,397120000,57.265394199126185,0.9487636427477213,25.498050022125245,24.626959953308106,0.28137886517933564,2.434610823468101
2022-04-05,25.85373878479004,25.93099975585937,27.319000244140625,25.81999969482422,27.253999710083008,436615000,50.37913676348984,0.8071184957258133,25.71890001296997,24.678139953613282,0.20530816349472647,2.2473207839195672
2022-04-06,24.33428192138672,24.40699958801269,25.299999237060547,24.003000259399414,24.93400001525879,703833000,44.26557481091849,0.565372358649924,25.788549995422365,24.71979995727539,0.06052835894421671,2.1796443375303967
2022-04-07,24.13587760925293,24.20800018310547,24.722000122070312,23.47800064086914,24.44099998474121,557992000,43.522876169162984,0.353652528257129,25.86604995727539,24.74851997375488,0.06840847260760263,2.0881093790839733
2022-04-08,23.050119400024414,23.11899948120117,23.92300033569336,23.062000274658203,23.91699981689453,524781000,39.60658490641552,0.09687308915636805,25.916999912261964,24.772019958496095,0.04610855575305095,2.002039141446088
2022-04-11,21.851701736450195,21.91699981689453,22.31999969482422,21.65999984741211,22.214000701904297,575207000,35.7796238984284,-0.2012973630086492,25.946349906921387,24.753559951782226,0.02751992007914117,1.9344148738321632
2022-04-12,21.439931869506836,21.503999710083008,22.725000381469727,21.281999588012695,22.53700065612793,662258000,34.54453973782367,-0.46555858205157463,25.87289991378784,24.693919944763184,-0.06394462586475369,2.0759654977584803
2022-04-13,22.13684844970703,22.202999114990234,22.5,21.454999923706055,21.72800064086914,516943000,38.419064061356,-0.6115347004880327,25.758249855041505,24.645219917297364,-0.0936071663858773,2.2146931448275584
2022-04-14,21.194660186767578,21.257999420166016,22.777000427246094,21.163000106811523,22.5049991607666,569097000,35.37077187081036,-0.7943189888730835,25.58284978866577,24.565539894104003,-0.1416458540583373,2.426225580793341
2022-04-18,21.71809959411621,21.78300094604492,22.08799934387207,21.07900047302246,21.200000762939453,525701000,38.299712582371136,-0.8865935205704787,25.349349880218504,24.522239913940428,-0.17653945961457918,2.5591537256719317
2022-04-19,22.13186264038086,22.197999954223636,22.37299919128418,21.31399917602539,21.719999313354492,512781000,40.59163741688317,-0.9156794177371417,25.12254991531372,24.47981990814209,-0.16967155775251896,2.629999760171915
2022-04-20,21.41799545288086,21.48200035095215,22.670000076293945,21.200000762939453,22.517000198364258,468974000,37.97095096445249,-0.9851491981972131,24.870449924468993,24.41489990234375,-0.1900919840517351,2.7284034877190537
2022-04-21,20.12286949157715,20.183000564575195,22.392000198364258,20.0,21.708999633789062,656209000,33.7177312420049,-1.1319742319644064,24.597899913787842,24.31639991760254,-0.21264726722873195,2.9140587328640595
2022-04-22,19.45685577392578,19.51499938964844,20.486000061035156,19.5,20.30299949645996,624713000,31.748305006306424,-1.2873959420956602,24.16614990234375,24.172599906921388,-0.3067495682379222,2.9985376405250923
2022-04-25,19.84270477294922,19.902000427246094,19.94499969482422,19.09600067138672,19.20199966430664,641566000,34.14807402470966,-1.363622031739471,23.776649951934814,24.054159927368165,-0.2813086511266285,3.0222898537362637
2022-04-26,18.732023239135742,18.788000106811523,19.788000106811523,18.670000076293945,19.718000411987305,653143000,30.79185898102429,-1.4966695972587267,23.305099964141846,23.95093994140625,-0.33420744185675544,3.028421944181722
2022-04-27,18.360136032104492,18.415000915527344,19.16699981689453,18.290000915527344,18.597999572753906,499460000,29.737952941699874,-1.613608000349089,22.793050003051757,23.833899955749512,-0.3573771347265312,2.9405735455306927
2022-04-28,19.723060607910156,19.78199958801269,20.03700065612793,18.489999771118164,18.966999053955078,570327000,38.09981191516075,-1.5777893850182139,22.39764995574951,23.6996399307251,-0.28559049452954666,2.7744317474838525
2022-04-29,18.491743087768555,18.54700088500977,20.128000259399414,18.517000198364258,19.402000427246094,500435000,34.14609005860551,-1.630264276551035,21.960700035095215,23.540359954833985,-0.32027408333532537,2.6493792045193882
2022-05-02,19.474802017211914,19.53300094604492,19.573999404907227,18.391000747680664,18.541000366210938,572049000,39.54048870712519,-1.5741432975092593,21.601750087738033,23.440879974365235,-0.26875557711327314,2.4506386326485314
2022-05-03,19.543596267700195,19.601999282836918,19.825000762939453,19.132999420166016,19.399999618530273,475751000,39.91142535117206,-1.5067307737009905,21.213850021362305,23.360079956054687,-0.28355267377367777,2.076677374271311
2022-05-04,20.273420333862305,20.333999633789062,20.399999618530273,18.750999450683594,19.92300033569336,648855000,43.847484981559774,-1.3783507823370655,20.93400001525879,23.2989599609375,-0.21584204908280136,1.7606144858501362
2022-05-05,18.787860870361328,18.8439998626709,19.924999237060547,18.5,19.867000579833984,626331000,38.341905295061885,-1.380920847399409,20.6558500289917,23.228099975585938,-0.2279264071473176,1.6166002385803397
2022-05-06,18.619361877441406,18.674999237060547,19.511999130249023,17.989999771118164,18.736000061035156,633297000,37.762731952191814,-1.3806789728114772,20.379199981689453,23.126639976501465,-0.22856084369605834,1.4405741630420021
2022-05-09,16.899499893188477,16.950000762939453,18.2549991607666,16.82699966430664,18.034000396728516,644455000,32.385374734559804,-1.5023619525051046,20.070750045776368,22.9825,-0.26683675144670227,1.4828830949115412
2022-05-10,17.54257583618164,17.594999313354492,18.197999954223633,17.024999618530273,17.68899917602539,761474000,36.052164715964366,-1.5291238106079703,19.854650020599365,22.846699981689454,-0.19719854631784328,1.5142589336461727
2022-05-11,16.580453872680664,16.6299991607666,17.753000259399414,16.56800079345703,17.347000122070312,670167000,33.15515605341649,-1.6096452351330939,19.610949993133545,22.709759979248048,-0.22665553455299936,1.6231361285827453
2022-05-12,16.126802444458008,16.174999237060547,16.788000106811523,15.567000389099121,16.2189998626709,708728000,31.855376172452793,-1.6906845760665519,19.30954999923706,22.548859977722167,-0.2714948483630717,1.6753168870384123
2022-05-13,17.653249740600586,17.70599937438965,17.92799949645996,16.593000411987305,16.788000106811523,670437000,40.33175892051576,-1.6127788114147599,19.131949996948244,22.428699951171875,-0.16709004340299427,1.6459061016287417
2022-05-16,17.212566375732422,17.263999938964844,17.788000106811523,17.106000900268555,17.509000778198242,521446000,38.83007557389743,-1.56862149992471,18.90599994659424,22.31525993347168,-0.20745539231593235,1.5713090216944636
2022-05-17,18.122844696044922,18.177000045776367,18.371000289916992,17.634000778198242,18.073999404907227,585830000,43.508982401310995,-1.4433173698672022,18.704949951171876,22.25175994873047,-0.18114244151451986,1.372607652445435
2022-05-18,16.88753318786621,16.937999725341797,18.118000030517578,16.86400032043457,17.704999923706055,545161000,39.13427492367992,-1.4275341896019142,18.47774991989136,22.16023994445801,-0.21152595435131105,1.260214908089454
2022-05-19,17.072982788085938,17.124000549316406,17.687000274658203,16.733999252319336,16.937000274658203,621310000,40.10784709156246,-1.3840625816171546,18.324799919128417,22.04243995666504,-0.15156319326611356,1.227568718610661
2022-05-20,16.644262313842773,16.694000244140625,17.40999984741211,15.755000114440918,17.332000732421875,739105000,38.5718023644354,-1.36853285518594,18.183749961853028,21.923159942626953,-0.14455543088585443,1.2455521965162628
2022-05-23,16.84765625,16.898000717163086,16.915000915527344,16.179000854492188,16.27400016784668,639889000,39.75069338149245,-1.324496332582079,18.033549976348876,21.81911994934082,-0.15093958625236958,1.2080033756525568
2022-05-24,16.105871200561523,16.15399932861328,16.597000122070312,15.779999732971191,16.510000228881836,588550000,36.964459906971875,-1.3342513463513228,17.901849937438964,21.715599937438967,-0.1401959103270014,1.2637202511307666
2022-05-25,16.92442512512207,16.975000381469727,17.111000061035156,16.0,16.020000457763672,781132000,41.8113763538047,-1.2611960583774042,17.829849910736083,21.595639953613283,-0.07819714702503344,1.2739254436877403
2022-05-26,17.797815322875977,17.85099983215332,18.091999053955078,16.02199935913086,16.035999298095703,996575000,46.535191294228255,-1.119706106680887,17.733299922943115,21.462739944458008,-0.09761398220984197,1.1884965212457868
2022-05-27,18.75495719909668,18.81100082397461,18.881000518798828,18.100000381469727,18.18600082397461,738379000,51.209747515194316,-0.9195106966687447,17.746499919891356,21.343639945983888,0.01423410397193714,1.1994253189116648
2022-05-31,18.616369247436523,18.67200088500977,19.200000762939453,18.350000381469727,18.979999542236328,664100000,50.520981421163256,-0.7632720008026546,17.7034499168396,21.188019981384276,-0.04407925148897751,1.146199690556692
2022-06-01,18.265417098999023,18.31999969482422,19.05299949645996,18.121999740600586,18.724000930786133,544514000,48.73342298544323,-0.6602443767536776,17.639349937438965,21.019739990234374,-0.06540147101909088,1.0675887407570606
2022-06-02,19.533628463745117,19.59199905395508,19.618999481201172,18.197999954223633,18.29199981689453,648656000,54.938178279951764,-0.47053054149400353,17.602249908447266,20.881099967956544,-0.03649063603802749,0.9781653614265913
2022-06-03,18.664228439331055,18.71999931335449,19.332000732421875,18.52199935913086,19.082000732421875,598779000,50.43197804344417,-0.38609340723311547,17.596049880981447,20.742819938659668,-0.006580373074723367,0.970241261047613
2022-06-06,18.730024337768555,18.785999298095703,19.336999893188477,18.56399917602539,19.138999938964844,422406000,50.76117519852049,-0.31027407639713545,17.601599884033202,20.555539932250976,0.0059437786115073,0.9770316441509953
2022-06-07,18.869611740112305,18.926000595092773,19.0,18.187999725341797,18.472000122070312,388914000,51.497036003519305,-0.23616738522504832,17.70039987564087,20.380219955444336,0.11657815594166632,1.007118163291129
2022-06-08,18.59636878967285,18.64800071716309,19.18000030517578,18.53499984741211,18.798999786376953,363252000,49.902239559876065,-0.1975918495236435,17.7530499458313,20.18879997253418,0.05984662943461294,1.0286130258057835
2022-06-09,17.998035430908203,18.04800033569336,18.933000564575195,18.041000366210938,18.481000900268555,395574000,46.551445038141736,-0.21298037079193932,17.823950004577636,19.976639976501463,0.08526766364920202,0.995465156553509
2022-06-10,16.927005767822266,16.974000930786133,17.69700050354004,16.868999481201172,17.600000381469727,465248000,41.21643345977084,-0.30828494401990625,17.863900089263915,19.762319984436036,0.04939732497142213,0.9403112947413513
2022-06-13,15.603679656982422,15.647000312805176,16.312000274658203,15.605999946594238,16.0,604153000,35.76280505907427,-0.4852981496184192,17.760950136184693,19.529540004730226,-0.1162882149743355,1.0631942788168722
2022-06-14,15.792158126831055,15.836000442504885,16.06599998474121,15.411999702453613,15.730999946594238,469680000,37.04057177071528,-0.6033763128934204,17.689550161361698,19.312020015716552,-0.08271544841916756,1.1432587797551228
2022-06-15,16.481243133544922,16.527000427246094,16.868000030517578,15.925999641418457,16.094999313354492,563936000,41.61334061409104,-0.6338891051335871,17.60705018043518,19.095360012054442,-0.09077403390960925,1.1655484742267797
2022-06-16,15.557808876037598,15.60099983215332,15.942000389099121,15.401000022888184,15.859999656677246,545749000,37.66533123963689,-0.7244403248148075,17.540200185775756,18.888760013580324,-0.0789349341639275,1.2417897254480152
2022-06-17,15.836034774780273,15.880000114440918,15.994999885559082,15.32800006866455,15.64799976348877,630334000,39.526928294560854,-0.7648728496268404,17.478000164031982,18.718220024108888,-0.07264660096761966,1.2938001555537988
2022-06-21,16.5201358795166,16.56599998474121,17.007999420166016,16.406999588012695,16.475000381469727,483089000,43.95861415476611,-0.7331106175937734,17.471600151062013,18.565380020141603,-0.007667440848657003,1.298191601644503
2022-06-22,16.314706802368164,16.360000610351562,16.66200065612793,16.18000030517578,16.22599983215332,437135000,42.94094848747947,-0.7163041395409024,17.444700145721434,18.43020004272461,-0.03183809231734047,1.3161525323460628
2022-06-23,16.180082321166992,16.225000381469727,16.584999084472656,15.852999687194824,16.518999099731445,463680000,42.25063296812903,-0.7057429098713541,17.448250198364256,18.316360054016112,0.0043952615951075025,1.3125788024017693
2022-06-24,17.078584671020508,17.125999450683594,17.139999389648438,16.309999465942383,16.5,472153000,48.232141477899376,-0.6175512183140874,17.455800151824953,18.228800048828123,0.008895379429781913,1.310145416939414
2022-06-27,16.822298049926758,16.868999481201172,17.329999923706055,16.625999450683594,17.312000274658203,427968000,46.74486795468045,-0.5619189650206486,17.406700134277344,18.122120056152344,-0.05501094393510464,1.3129531851651115
2022-06-28,15.937750816345215,15.982000350952148,17.20199966430664,15.944999694824219,16.899999618530273,461149000,41.938251913436524,-0.5826865722320314,17.26525011062622,18.016600074768068,-0.15039074738739588,1.3060712909528482
2022-06-29,15.498969078063965,15.541999816894531,15.819999694824219,15.170000076293945,15.814000129699707,482352000,39.75448482220073,-0.6274169444480293,17.10875005722046,17.89178005218506,-0.16763072620824804,1.3161231070092718
2022-06-30,15.117032051086426,15.159000396728516,15.567000389099121,14.862000465393066,15.361000061035156,686070000,37.90430424103293,-0.6858647175142849,16.950700092315675,17.751000061035157,-0.1725436326829608,1.3523123052783208
2022-07-01,14.482792854309082,14.52299976348877,15.062999725341797,14.392000198364258,14.89900016784668,577610000,34.99197445363558,-0.7745761034227634,16.69725012779236,17.61182004928589,-0.25872802854403065,1.305429024872819
2022-07-05,14.922571182250977,14.96399974822998,14.970999717712402,14.055000305175781,14.175000190734863,651397000,38.51938443777324,-0.8000727619366863,16.509450149536132,17.507440032958986,-0.20064100976996568,1.2687752033177855
2022-07-06,15.088111877441406,15.130000114440918,15.319000244140625,14.788999557495117,15.010000228881836,529066000,39.84260768297153,-0.7976889436736521,16.326650190353394,17.419740047454834,-0.19461297350444307,1.1840588020271257
2022-07-07,15.814095497131348,15.857999801635742,15.944999694824219,15.388999938964844,15.456000328063965,492903000,45.393306055382865,-0.7286567583788273,16.17325015068054,17.338860034942627,-0.16210507751186043,1.0164512286250504
2022-07-08,15.79415225982666,15.838000297546388,16.03700065612793,15.388999938964844,15.430000305175781,467972000,45.26972860396223,-0.6678633342332692,16.03275012969971,17.279860038757324,-0.15068641739328426,0.8342499273095118
2022-07-11,15.110051155090332,15.152000427246094,15.527000427246094,15.038000106811523,15.526000022888184,437321000,41.13325732948439,-0.667345816829986,15.887950134277343,17.2146000289917,-0.16046098485048643,0.7077998436679431
2022-07-12,15.040243148803711,15.08199977874756,15.430999755859375,14.876999855041504,15.267999649047852,458483000,40.72433685490407,-0.6649193712594315,15.793350076675415,17.120600032806397,-0.11146465466530087,0.6809319457550872
2022-07-13,15.122016906738281,15.163999557495115,15.375,14.46500015258789,14.59000015258789,521918000,41.45852057077308,-0.6488995882911368,15.769200038909911,17.052940006256105,-0.03086858475453491,0.6948190721094046
2022-07-14,15.329442024230957,15.371999740600586,15.472999572753906,14.727999687194824,15.107999801635742,456235000,43.3744370761803,-0.6123610019766108,15.746000003814697,16.969719982147218,-0.02930037187034229,0.7001968996331145
2022-07-15,15.71835994720459,15.76200008392334,15.781999588012695,15.444999694824219,15.659000396728516,385935000,46.88453951976491,-0.5456442929810574,15.70774998664856,16.892919998168946,-0.04628791211632022,0.6757557691698336
2022-07-18,16.056421279907227,16.10099983215332,16.89699935913086,16.00200080871582,16.302000045776367,670517000,49.79760828752493,-0.46011248359034695,15.73274998664856,16.80826000213623,0.03204922795842302,0.6808284882276544
2022-07-19,16.944955825805664,16.992000579833984,17.110000610351562,16.172000885009766,16.486000061035156,702366000,56.543614854271354,-0.31677995238845114,15.788350009918213,16.771220016479493,0.07002521771910053,0.736607564654412
2022-07-20,17.757701873779297,17.80699920654297,17.933000564575195,16.801000595092773,16.94700050354004,760538000,61.62347225576593,-0.1358582217960631,15.8503999710083,16.75386001586914,0.07491242442018775,0.849223314629064
2022-07-21,18.000028610229492,18.049999237060547,18.143999099731445,17.545000076293945,17.885000228881836,557049000,63.01181002293185,0.02682243249049776,15.93489990234375,16.775859985351563,0.10330064570044462,0.9770569092881495
2022-07-22,17.27105140686035,17.319000244140625,17.966999053955078,17.136999130249023,17.89299964904785,536671000,56.40158964643643,0.09565980684116582,15.989599895477294,16.770340003967284,0.0674268004283276,1.0236646644329388
2022-07-25,16.97686767578125,17.02400016784668,17.124000549316406,16.64900016784668,17.018999099731445,480748000,53.94227944564975,0.12496931277517476,15.98449993133545,16.778220024108887,-0.005955814907657397,1.0179431620127872
2022-07-26,16.487226486206055,16.533000946044922,16.91900062561035,16.47800064086914,16.888999938964844,397865000,50.03195495111378,0.10734042009797662,15.967700004577637,16.785380058288574,-0.019918106911479105,1.0052710160717997
2022-07-27,17.740747451782227,17.790000915527344,17.93600082397461,16.913000106811523,17.031999588012695,569776000,58.355052257130424,0.19257885878425895,16.058100032806397,16.78706008911133,0.11312730101820345,1.0847740319481782
2022-07-28,17.9342098236084,17.983999252319336,18.139999389648438,17.440000534057617,17.975000381469727,474646000,59.476922067433115,0.27264213124513503,16.180200004577635,16.80146007537842,0.15712260096479302,1.158549901615186
2022-07-29,18.112712860107422,18.163000106811523,18.243999481201172,17.691999435424805,17.812999725341797,435460000,60.53337916235881,0.34654200397317325,16.330399990081787,16.80118007659912,0.19816608163235516,1.2126518680703826
2022-08-01,18.38994598388672,18.44099998474121,18.84600067138672,17.989999771118164,18.18199920654297,476469000,62.182368870751766,0.4226681964698926,16.52630000114441,16.831240081787108,0.26977899091497637,1.221740927426674
2022-08-02,18.47471046447754,18.525999069213867,18.937999725341797,18.091999053955078,18.121999740600586,489527000,62.69558764019205,0.4842750469426953,16.704399967193602,16.85928005218506,0.2380379163936579,1.2414759744095212
2022-08-03,18.840688705444336,18.89299964904785,18.968000411987305,18.136999130249023,18.18400001525879,418146000,64.90985739792708,0.5563001179615021,16.89254994392395,16.903260040283204,0.2487111372203703,1.2750070113713845
2022-08-04,19.161806106567383,19.21500015258789,19.27400016784668,18.760000228881836,18.849000930786133,409652000,66.77336500461129,0.6320770642790166,17.060399961471557,16.9496000289917,0.21169128471081677,1.3503844113295962
2022-08-05,18.93642807006836,18.98900032043457,19.229000091552734,18.666000366210938,18.809999465942383,386068000,64.19648876667087,0.6662148325978414,17.217949962615968,17.006300048828123,0.19895188557209043,1.3836644987685012
2022-08-08,17.74373435974121,17.792999267578125,18.23900032043457,17.242000579833984,17.50200080871582,981859000,52.62278732933016,0.589961264157111,17.34999990463257,17.022660026550295,0.17430034093604085,1.2995912704548018
2022-08-09,17.038692474365234,17.086000442504883,17.44700050354004,16.724000930786133,17.25200080871582,668263000,47.205012733032724,0.4670964679181395,17.450199937820436,17.007360038757323,0.13287367014692664,1.1879855161835609
2022-08-10,18.046897888183594,18.097000122070312,18.118000030517578,17.316999435424805,17.697999954223633,597422000,54.430086676450536,0.44616138583962694,17.596849966049195,16.993080024719237,0.19341866593009116,1.065645241411899
2022-08-11,17.8923282623291,17.941999435424805,18.707000732421875,17.875999450683594,18.131000518798828,509327000,53.227400955795474,0.4123100686287344,17.725349950790406,16.97847999572754,0.16718707638514507,0.9294967664872386
2022-08-12,18.657201766967773,18.708999633789062,18.718000411987305,17.952999114990234,18.15999984741211,478094000,58.15467392525915,0.4422748921235744,17.87269992828369,16.986259994506835,0.1869686292459518,0.8301523075564745
2022-08-15,18.979307174682617,19.03199958801269,19.163999557495117,18.613000869750977,18.701000213623047,457666000,60.062704958432754,0.48647781409179913,18.019249916076657,16.975060005187988,0.1820383694437555,0.7563562483193432
2022-08-16,18.826732635498047,18.878999710083008,19.142000198364258,18.500999450683594,18.920000076293945,451240000,58.69739698408507,0.5033607078321545,18.113599872589113,16.97824001312256,0.1110522049115572,0.7389648142277879
2022-08-17,18.28423309326172,18.334999084472656,18.687999725341797,18.145000457763672,18.523000717163086,446799000,53.99745965759495,0.46745568056770637,18.139999866485596,16.969220008850098,0.029651255206193383,0.7368633875283557
2022-08-18,18.721031188964844,18.77300071716309,18.864999771118164,18.183000564575195,18.301000595092773,415447000,56.98397348050311,0.46893813212137303,18.176149940490724,16.966160011291503,0.0400554853552606,0.7498364310183894
2022-08-19,17.79958152770996,17.849000930786133,18.520000457763672,17.770000457763672,18.4060001373291,441588000,49.659654751594914,0.39104618804792324,18.202649974822997,16.950180015563966,0.03060226798165311,0.7269661046384531
2022-08-22,16.986839294433594,17.034000396728516,17.558000564575195,16.965999603271484,17.489999771118164,409593000,44.25633512142553,0.2605490817060314,18.20314998626709,16.929900016784668,0.0005874194539026156,0.7261156967851227
2022-08-23,17.13343620300293,17.180999755859375,17.46500015258789,16.969999313354492,16.98900032043457,369986000,45.4100848543475,0.16706498337218179,18.235549926757812,16.934039993286135,0.03919426436429685,0.6590277628258085
2022-08-24,17.174325942993164,17.222000122070312,17.4060001373291,16.895000457763672,17.011999130249023,522661000,45.74736741794737,0.09518926621722557,18.20714988708496,16.965539989471434,-0.031928092424170273,0.6907155820876081
2022-08-25,17.8634090423584,17.913000106811523,17.94700050354004,16.83300018310547,16.8439998626709,770691000,51.217756605122204,0.09291411034905295,18.20359992980957,17.007079982757567,-0.003947906386765232,0.692103891461212
2022-08-26,16.214982986450195,16.260000228881836,17.923999786376953,16.23699951171875,17.85700035095215,769127000,40.6566685361517,-0.041790507563124635,18.108449935913086,17.001739978790283,-0.10477343317396226,0.8174417461938378
2022-08-29,15.757253646850586,15.800999641418455,16.33799934387207,15.767000198364258,16.020000457763672,496132000,38.295326020129,-0.18346749999779988,17.976449918746948,17.005739974975587,-0.14315928341777517,0.961393352761302
2022-08-30,15.425174713134766,15.468000411987305,16.038999557495117,15.182000160217285,15.960000038146973,530181000,36.633006769303655,-0.3189412360195014,17.82354998588562,16.997499980926513,-0.16506524942605028,1.1022468265402392
2022-08-31,15.052210807800293,15.093999862670898,15.539999961853027,14.958999633789062,15.383999824523926,573710000,34.805614977771384,-0.451281771184032,17.633599996566772,16.96805997848511,-0.2010797574205434,1.2283732201146453
2022-09-01,13.898415565490723,13.937000274658203,14.380000114440918,13.270000457763672,14.208999633789062,1178865000,29.84557965564119,-0.6421208268816478,17.36970000267029,16.91959997177124,-0.2746812300815331,1.4223826101776746
2022-09-02,13.609217643737793,13.647000312805176,14.170999526977539,13.590999603271484,14.100000381469727,743157000,28.740045097845083,-0.8074548893921989,17.102600002288817,16.86803997039795,-0.2813207603077833,1.5935690621784857
2022-09-06,13.427721977233887,13.46500015258789,13.779000282287598,13.35099983215332,13.730999946594238,535751000,28.03810590917874,-0.9423068897309967,16.886200046539308,16.794819984436035,-0.24324168454705586,1.7780635159275529
2022-09-07,13.680095672607422,13.71399974822998,13.838000297546387,13.345999717712402,13.562999725341797,512657000,30.53771816164725,-1.0173584106890186,16.71760001182556,16.73171998977661,-0.19735459481122153,1.912880200489038
2022-09-08,13.955412864685059,13.989999771118164,14.008000373840332,13.369000434875488,13.458999633789062,624873000,33.30319636602745,-1.0425485359876827,16.512249994277955,16.69187997817993,-0.22694371018671933,1.9763974187749374
2022-09-09,14.351430892944336,14.38700008392334,14.473999977111816,14.12600040435791,14.156999588012695,486612000,37.177577049778805,-1.0187339535222613,16.33450002670288,16.66877998352051,-0.19813841619471073,2.0007550032742025
2022-09-12,14.469141960144043,14.505000114440918,14.54699993133545,14.197999954223633,14.369000434875488,484159000,38.324374675040225,-0.9790531932756164,16.124300050735474,16.655699977874757,-0.22470466629095365,1.9585511834595937
2022-09-13,13.09853744506836,13.130999565124512,13.92199993133545,13.098999977111816,13.802000045776367,714956000,31.185706971583286,-1.0464138586315404,15.829250049591064,16.62785997390747,-0.31005675444659664,1.941873392275979
2022-09-14,13.095542907714844,13.128000259399414,13.289999961853027,12.913000106811523,13.253999710083008,588507000,31.172057178534118,-1.087503625294378,15.541700077056884,16.59113998413086,-0.30462416118434843,1.8916527285643017
2022-09-15,12.897035598754883,12.928999900817873,13.232999801635742,12.789999961853027,13.015000343322754,523625000,30.226735695922216,-1.1231779311957641,15.271400117874146,16.547119979858397,-0.29484589329666,1.8574330386969438
2022-09-16,13.16537094116211,13.197999954223633,13.211999893188477,12.616999626159668,12.741999626159668,670751000,33.17675472381684,-1.1168694437391729,14.992650079727174,16.493919982910157,-0.29696908059256344,1.7173241452599397
2022-09-19,13.348915100097656,13.381999969482422,13.463000297546387,13.010000228881836,13.01200008392334,569685000,35.19509249110121,-1.0845209757825742,14.769300031661988,16.444799976348875,-0.2502661621580726,1.613635824234966
2022-09-20,13.143426895141602,13.175999641418455,13.482999801635742,13.057000160217285,13.21500015258789,524818000,33.95843704830344,-1.0632505957101994,14.576399993896484,16.405279960632324,-0.22648823913676863,1.5583074622377933
2022-09-21,13.2282133102417,13.26099967956543,14.031000137329102,13.109999656677246,13.213000297546387,807679000,34.973729921994064,-1.0276883222889488,14.380399990081788,16.36885995864868,-0.22815902054576753,1.45667499585568
2022-09-22,12.529946327209473,12.560999870300291,13.14900016784668,12.428000450134277,13.069999694824219,759162000,30.777401848145644,-1.043955035050839,14.147349977493286,16.316799964904785,-0.2706422145356313,1.3468368038103895
2022-09-23,12.48505687713623,12.515999794006348,12.611000061035156,12.256999969482422,12.420000076293945,663309000,30.523849985799885,-1.0483924367760462,13.877499961853028,16.2596799659729,-0.3012895819027509,1.063515027280392
2022-09-26,12.197769165039062,12.227999687194824,12.659000396728516,12.21399974822998,12.491000175476074,547343000,28.883813663711592,-1.0628959089072456,13.675899934768676,16.18899995803833,-0.24797050952835586,0.9657806296373065
2022-09-27,12.38231086730957,12.413000106811523,12.736000061035156,12.258000373840332,12.506999969482422,553854000,31.432391525623615,-1.0473883859761415,13.50649995803833,16.115239963531494,-0.2144167844752125,0.8653217362405378
2022-09-28,12.704514503479004,12.736000061035156,12.822999954223633,12.354000091552734,12.40999984741211,542414000,35.760947187401015,-0.9975361892005861,13.369899940490722,16.030119953155516,-0.17662272292383174,0.7469181312692491
2022-09-29,12.189788818359375,12.220000267028809,12.5,11.946000099182129,12.447999954223633,532763000,32.25756631916215,-0.9882726432236559,13.226199960708618,15.918379974365234,-0.19040675909569893,0.6702946027537291
2022-09-30,12.108990669250488,12.138999938964844,12.633000373840332,12.074999809265137,12.086999893188477,565638000,31.73203548175701,-0.9762140776089581,13.13629994392395,15.80015998840332,-0.1290091339786139,0.6902222668610755
2022-10-03,12.48106861114502,12.51200008392334,12.678000450134277,12.104999542236328,12.347000122070312,547478000,36.835298589104276,-0.9258865393943836,13.079549932479859,15.704019985198975,-0.08316847679829309,0.6926779819994309
2022-10-04,13.134448051452637,13.166999816894531,13.220000267028809,12.878999710083008,12.878999710083008,584182000,44.65872452742942,-0.8236540274576907,13.06464991569519,15.626879978179932,-0.022131476592377575,0.6871331882036912
2022-10-05,13.176342964172363,13.208999633789062,13.321000099182129,12.621000289916992,12.91100025177002,507131000,45.128039021079495,-0.7308205466443933,13.039399909973145,15.560399951934814,-0.03682369284760245,0.6711074401633692
2022-10-06,13.097539901733398,13.130000114440918,13.656000137329102,13.102999687194824,13.220000267028809,644157000,44.36591443033861,-0.6560612792128069,12.996399927139283,15.467199935913087,-0.061472456808232656,0.6334910400719096
2022-10-07,12.04614543914795,12.076000213623049,12.670000076293945,12.022000312805176,12.505000114440918,672478000,35.70266286109646,-0.6740924859431843,12.880849933624267,15.34903995513916,-0.16063111536940233,0.5745129688308974
2022-10-10,11.641148567199707,11.670000076293944,12.12399959564209,11.407999992370605,12.036999702453613,698699000,33.02734467770172,-0.7129250094540005,12.739099931716918,15.219179954528808,-0.19544984596894277,0.4972381713593174
2022-10-11,11.557355880737305,11.586000442504885,11.845999717712402,11.282999992370605,11.560999870300293,667482000,32.48497762437705,-0.7419256751911867,12.661849975585938,15.082079963684082,-0.11766043513725277,0.5503287140662143
2022-10-12,11.471567153930664,11.5,11.734999656677246,11.345000267028809,11.579000473022461,492590000,31.907258024153464,-0.7630524352114065,12.580449962615967,14.941559982299804,-0.1240097674612548,0.5962360983011031
2022-10-13,11.930431365966797,11.960000038146973,12.07800006866455,10.812999725341797,10.970999717712402,850103000,38.23460457333704,-0.7342138260849111,12.531999969482422,14.802899990081787,-0.07494778173906569,0.6057172879752329
2022-10-14,11.199244499206543,11.22700023651123,12.111000061035156,11.204000473022461,12.057000160217285,713432000,32.97622002005025,-0.7617252837250099,12.433449983596802,14.643139991760254,-0.14934078834283082,0.6503521942644793
2022-10-17,11.85860824584961,11.887999534606934,11.947999954223633,11.517000198364258,11.517999649047852,580774000,40.87321448906773,-0.7218699258032082,12.358749961853027,14.501119976043702,-0.11164253760891851,0.6207961275108583
2022-10-18,11.93741512298584,11.967000007629396,12.491999626159668,11.618000030517578,12.343999862670898,659362000,41.7564852780464,-0.6761157480928457,12.298299980163574,14.384599990844727,-0.09175771605128136,0.5953705519685953
2022-10-19,12.021206855773926,12.050999641418455,12.350000381469727,11.833999633789062,11.878999710083008,523131000,42.736028155443826,-0.6258626096061946,12.237799978256225,14.283899974822997,-0.0912450092289443,0.5523165344626434
2022-10-20,12.163853645324707,12.194000244140623,12.769000053405762,12.104999542236328,12.11299991607666,652398000,44.4488572533631,-0.5679506996390291,12.219449996948242,14.165839977264405,-0.029217389535001637,0.5470852594377292
2022-10-21,12.435178756713867,12.465999603271484,12.498000144958496,11.88700008392334,12.097999572753906,609494000,47.65597131672318,-0.49440779338492824,12.2169499874115,14.056319980621337,-0.00399490185025464,0.5457714610422749
2022-10-24,12.567852020263672,12.598999977111816,12.710000038146973,12.064000129699707,12.508000373840332,517457000,49.20034307973554,-0.4205447140090097,12.235500001907349,13.934119987487794,0.030340227298623734,0.5524310532872406
2022-10-25,13.2282133102417,13.26099967956543,13.300000190734863,12.663999557495117,12.694000244140625,505482000,56.13730947666429,-0.30507315459842665,12.277899980545044,13.818699989318848,0.06831544070386131,0.5974775680418664
2022-10-26,12.864118576049805,12.895999908447266,13.387999534606934,12.708000183105469,12.869000434875488,532953000,51.92693269123308,-0.24024415783205555,12.285899972915649,13.699039993286133,0.012562802029313591,0.6049585145202466
2022-10-27,13.143426895141602,13.175999641418455,13.838000297546387,13.121999740600586,13.630000114440918,583113000,54.73179989075929,-0.16437822260335544,12.333699941635132,13.595860004425049,0.07823235298685383,0.6364274957655378
2022-10-28,13.799798011779785,13.833999633789062,13.850000381469727,13.060999870300293,13.104000091552734,521040000,60.556094503237276,-0.050575815581469286,12.418449926376343,13.497079982757569,0.13963256473735175,0.7169048629140381
2022-10-31,13.463630676269531,13.496999740600586,13.838000297546387,13.29699993133545,13.777999877929688,486341000,56.54353382225805,0.01227879462954995,12.467699909210205,13.410039958953858,0.07872439658491293,0.7564148792174511
2022-11-01,13.509517669677734,13.54300022125244,13.925000190734863,13.519000053405762,13.810999870300293,432817000,56.96273807337944,0.0650534843382804,12.486499929428101,13.340219955444336,0.02855627018961937,0.7790442020266827
2022-11-02,13.186318397521973,13.218999862670898,14.210000038146973,13.211000442504883,13.850000381469727,672628000,53.078901043089196,0.07981364300569638,12.486999940872192,13.260979957580567,0.0007570769292970514,0.7795353823604958
2022-11-03,13.38782024383545,13.42099952697754,13.781000137329102,12.956000328063965,13.043000221252441,500065000,55.13284465772875,0.10658224603163191,12.501549911499023,13.184959945678711,0.022162940594080416,0.794736129840964
2022-11-04,14.121003150939941,14.156000137329102,14.229000091552734,13.696999549865723,13.986000061035156,612576000,61.70211155614664,0.18497271309103347,12.605549907684326,13.109819946289063,0.17224245502741753,0.8687649377942791
2022-11-07,14.265642166137695,14.300999641418455,14.411999702453613,13.954000473022461,14.227999687194824,410061000,62.85748705995056,0.2558487065482211,12.737099885940552,13.070639934539795,0.22544983272699692,0.9174761205179736
2022-11-08,14.565901756286621,14.60200023651123,14.890999794006348,14.215999603271484,14.800999641418457,595292000,65.20420356451085,0.3324741197594214,12.88789987564087,13.04665994644165,0.26031414455515844,0.9649515082908215
2022-11-09,13.741943359375,13.776000022888184,14.211000442504883,13.758999824523926,14.161999702453613,454414000,54.944972854109956,0.32282764161867306,13.001699876785278,13.012819938659668,0.1979130454685376,0.9260824066784965
2022-11-10,15.71106243133545,15.75,15.77299976348877,14.54699993133545,14.800000190734863,700819000,67.93099957566628,0.4690609957609819,13.19119987487793,13.02593994140625,0.316889627906743,1.0771491096293306
2022-11-11,16.286636352539062,16.32699966430664,16.388999938964844,15.482000350952148,15.807000160217285,655487000,70.59856266293623,0.6243143262643329,13.4461998462677,13.073739929199219,0.4542619863148971,1.1858688636779426
2022-11-14,16.254716873168945,16.295000076293945,16.540000915527344,15.92199993133545,16.218000411987305,527852000,70.2495618764711,0.7362841841532468,13.66654987335205,13.126699924468994,0.3707100197016222,1.2862840425773168
2022-11-15,16.624799728393555,16.666000366210938,16.99799919128418,16.381999969482422,16.722000122070312,545876000,71.97908886986133,0.845214618057847,13.901499891281128,13.190719928741455,0.3926631867289845,1.3848847457294406
2022-11-16,15.87066650390625,15.90999984741211,16.36199951171875,15.873000144958496,16.16200065612793,649547000,63.83528495773013,0.8606191659927944,14.094449901580811,13.234639930725098,0.32022241480536895,1.3823194883518903
2022-11-17,15.638242721557617,15.677000045776367,16.266000747680664,15.53499984741211,15.71500015258789,710894000,61.52487091534202,0.844293751668971,14.268599891662598,13.268379936218262,0.2856322561834761,1.34929860662943
2022-11-18,15.370905876159668,15.409000396728516,16.00200080871582,15.119999885559082,15.965999603271484,492072000,58.88491645838297,0.8005027142927119,14.41574993133545,13.288819942474365,0.23608221459309942,1.302014849456971
2022-11-21,15.279132843017578,15.31700038909912,15.47700023651123,15.079999923706055,15.147000312805176,404739000,57.96541380767317,0.7497319269728671,14.551649951934815,13.305059947967528,0.2157314403464563,1.2429147909861806
2022-11-22,15.998353958129883,16.038000106811523,16.058000564575195,15.121999740600586,15.32800006866455,472866000,62.860067272626864,0.758925938013034,14.690499973297118,13.36319995880127,0.20941109225161347,1.246252877610166
2022-11-23,16.47816276550293,16.518999099731445,16.527000427246094,16.04800033569336,16.097999572753906,427241000,65.72726529458737,0.7958507844111864,14.871649932861327,13.43101993560791,0.2809397655866148,1.2349440831088032
2022-11-25,16.229778289794922,16.270000457763672,16.48699951171875,16.172000885009766,16.31800079345703,167934000,63.01520450149425,0.795847843233835,15.026349973678588,13.497839946746826,0.23482095480780796,1.2047747792746752
2022-11-28,15.787872314453125,15.82699966430664,16.35700035095215,15.725000381469727,16.025999069213867,303741000,58.39834551901194,0.7514369531668716,15.125999975204468,13.550419940948487,0.14406535226802708,1.1831915190600393
2022-11-29,15.600336074829102,15.638999938964844,15.932000160217285,15.520000457763672,15.82699966430664,298384000,56.50628337378941,0.6930815831080324,15.233099985122681,13.595559940338134,0.15870195151007271,1.1234116319386336
2022-11-30,16.885480880737305,16.92300033569336,16.93000030517578,15.597000122070312,15.696999549865723,565298000,64.87632207589888,0.741890580286908,15.402099990844727,13.670499954223633,0.24957543079242028,1.1099342357253486
2022-12-01,17.09701156616211,17.135000228881836,17.264999389648438,16.635000228881836,16.999000549316406,470977000,66.03842329752604,0.7885883264758551,15.597900009155273,13.74797996520996,0.2962402910124329,1.0482413911182589
2022-12-02,16.838586807250977,16.875999450683594,16.933000564575195,16.44499969482422,16.659000396728516,371389000,63.2836515978927,0.7955270874630536,15.770650005340576,13.834279956817626,0.25743238547629477,0.9507664917956349
2022-12-05,16.573177337646484,16.610000610351562,16.9950008392334,16.472000122070312,16.679000854492188,352255000,60.49268194630543,0.7706783221990374,15.8933500289917,13.91615997314453,0.17335408655099593,0.887678546674275
2022-12-06,15.951559066772461,15.987000465393066,16.572999954223633,15.819000244140625,16.530000686645508,352694000,54.4371531182309,0.6927292401613201,15.97765007019043,13.991339988708496,0.11789391414930384,0.8046755328702585
2022-12-07,16.084260940551758,16.1200008392334,16.18600082397461,15.666999816894531,15.772000312805176,372388000,55.46216231512416,0.6343733881570817,16.05355010032654,14.065480003356933,0.10395840146109014,0.7368205714545263
2022-12-08,17.130935668945312,17.16900062561035,17.179000854492188,15.958999633789062,16.273000717163086,515456000,62.60730490007744,0.6651045595666556,16.223200130462647,14.154140014648437,0.24629795275006217,0.5523423519057016
2022-12-09,16.963306427001953,17.000999450683594,17.58300018310547,16.975000381469727,17.15999984741211,465338000,60.921625963519936,0.6682003458954817,16.285750102996825,14.249759998321533,0.07942853655133919,0.5665854717075592
2022-12-12,17.496124267578125,17.53499984741211,17.538000106811523,16.797000885009766,17.03700065612793,457328000,64.2193340885049,0.7056093230044347,16.3461501121521,14.357679996490479,0.07398788558478042,0.6318445434117858
2022-12-13,18.031936645507812,18.07200050354004,18.790000915527344,17.711000442504883,18.5310001373291,656589000,67.21547695860619,0.7697148779461074,16.435000133514404,14.468880004882813,0.1090518821065416,0.7399637165752635
2022-12-14,17.634817123413086,17.673999786376953,18.25200080871582,17.420000076293945,17.98699951171875,496888000,63.0045315762057,0.7794190033495489,16.485400104522704,14.559020004272462,0.06048238317632948,0.7892146538054731
2022-12-15,16.914413452148438,16.95199966430664,17.31999969482422,16.700000762939453,17.145999908447266,478542000,56.13422447288182,0.7205442314252757,16.53750009536743,14.633880004882812,0.06549338949641914,0.7836042616361293
2022-12-16,16.534263610839844,16.570999145507812,17.041000366210938,16.40999984741211,16.86400032043457,478232000,52.85860786898529,0.6358127393134723,16.582200050354004,14.70269998550415,0.05702615915806564,0.7569807502846876
2022-12-19,16.217958450317383,16.253999710083008,16.608999252319336,16.145000457763672,16.57200050354004,354039000,50.23218292994685,0.5368942336727471,16.62445001602173,14.78625997543335,0.054838035667381435,0.7101887856441058
2022-12-20,16.049339294433594,16.084999084472656,16.309999465942383,15.85200023651123,16.06399917602539,403260000,48.83893014037184,0.439793995772515,16.662849950790406,14.874559955596924,0.05014028046379826,0.6543412032298975
2022-12-21,16.464412689208984,16.500999450683594,16.62700080871582,16.101999282836914,16.11400032043457,325025000,52.34293910588791,0.39189162781882203,16.68599991798401,14.972859935760498,0.0288688951732472,0.6390834568631012
2022-12-22,15.304993629455566,15.33899974822998,16.13800048828125,14.881999969482422,16.0939998626709,565045000,43.40116036727517,0.25720014814007186,16.626999950408937,15.049639930725098,-0.07143286008900196,0.7062512558881769
2022-12-23,15.172287940979004,15.206000328063965,15.33899974822998,14.883000373840332,15.196000099182129,349326000,42.50611380485083,0.13813193939686386,16.57379994392395,15.114559936523438,-0.06539644128848132,0.771608448822276
2022-12-27,14.089693069458008,14.121000289916992,15.100000381469727,14.055999755859375,15.074000358581543,464902000,35.98616044309573,-0.04328198148656881,16.48849997520447,15.172439937591554,-0.10779044737310839,0.9354201465081644
2022-12-28,14.0048828125,14.03600025177002,14.26200008392334,13.883999824523926,13.927000045776367,351066000,35.5264138604022,-0.1917027831535556,16.408349990844727,15.215399951934815,-0.10250014025519127,1.0709029721980903
2022-12-29,14.570625305175781,14.602999687194824,14.682999610900879,14.22700023651123,14.402000427246094,354923000,40.94616440570475,-0.260571515728806,16.2923499584198,15.268119945526124,-0.13709156783536047,1.135900638083596
2022-12-30,14.5816011428833,14.61400032043457,14.628999710083008,14.232999801635742,14.333999633789062,310490000,41.04970322516887,-0.310681480585119,16.166299962997435,15.319379959106445,-0.14712575866780575,1.1766178321217662
2023-01-03,14.283263206481934,14.3149995803833,14.996000289916992,14.095999717712402,14.85099983215332,401277000,39.04583537229452,-0.3702528057548644,16.038249969482422,15.361799945831299,-0.15175396738926505,1.233306737394122
2023-01-04,14.716301918029785,14.74899959564209,14.852999687194824,14.241000175476074,14.567000389099121,431324000,43.36727712987773,-0.37808500738282724,15.945199918746948,15.407459945678712,-0.11204099616647056,1.2578587937194288
2023-01-05,14.23337459564209,14.265000343322754,14.564000129699707,14.14799976348877,14.491000175476074,389168000,39.96445820508467,-0.4185223136024856,15.859099912643433,15.440779953002929,-0.10771252091960049,1.3125913554240285
2023-01-06,14.826056480407715,14.859000205993652,15.010000228881836,14.034000396728516,14.473999977111816,405044000,45.60548461822321,-0.3980498742896934,15.796049880981446,15.472739963531494,-0.07822584166191116,1.3295755013148847
2023-01-09,15.593353271484375,15.628000259399414,16.055999755859375,15.140999794006348,15.284000396728516,504231000,51.90586186103228,-0.3161292993508411,15.718999862670898,15.527379970550538,-0.08975480867024288,1.2898829420969606
2023-01-10,15.873729705810547,15.909000396728516,15.961999893188477,15.472000122070312,15.506999969482422,384101000,54.00244013553526,-0.2259279342488405,15.664399909973145,15.582039985656738,-0.0642314622221325,1.2554117849183788
2023-01-11,15.96552562713623,16.000999450683594,16.027999877929688,15.562999725341797,15.84000015258789,353285000,54.69873118641263,-0.14534371587052775,15.587699890136719,15.625379981994628,-0.08748220188635536,1.1796880387924313
2023-01-12,16.474390029907227,16.51099967956543,16.636999130249023,15.491999626159668,16.100000381469727,551409000,58.45333313130005,-0.03986781465625455,15.509649848937988,15.685659980773925,-0.08637675854805515,1.0513277393074576
2023-01-13,16.86153793334961,16.89900016784668,16.922000885009766,16.165000915527344,16.277999877929688,447287000,61.0951565819666,0.0741759396583479,15.470899868011475,15.75277997970581,-0.04384970170292979,0.9791608310942053
2023-01-17,17.662757873535156,17.70199966430664,17.72800064086914,16.89900016784668,16.89900016784668,511102000,65.924397101974,0.2267380894553881,15.508399868011475,15.842439975738525,0.044242568124819304,1.050623559813673
2023-01-18,17.338472366333008,17.37700080871582,17.87299919128418,17.281999588012695,17.66699981689453,439624000,62.54071726019908,0.3177570948110038,15.548699951171875,15.92156000137329,0.048639291821248154,1.1074498382672797
2023-01-19,16.727832794189453,16.764999389648438,17.19700050354004,16.731000900268555,17.035999298095703,452932000,56.64471336612904,0.33662649184708116,15.574249935150146,15.973739986419679,0.03143839600590348,1.1302384071229057
2023-01-20,17.799448013305664,17.839000701904297,17.856000900268555,16.825000762939453,17.01099967956543,564967000,63.201128840728124,0.4332493264929447,15.661950016021729,16.044500007629395,0.10904580150861376,1.2351378261056094
2023-01-23,19.15045166015625,19.19300079345703,19.2450008392334,17.81800079345703,18.06399917602539,655163000,69.46952614102929,0.6120250666214808,15.796550083160401,16.13632001876831,0.16314171458638005,1.45796750410697
2023-01-24,19.2222900390625,19.26499938964844,19.4950008392334,18.81999969482422,18.82699966430664,496204000,69.76446345221845,0.7508603628101476,15.992850065231323,16.246100006103514,0.25594886927822635,1.6453735816567894
2023-01-25,19.280160903930664,19.322999954223636,19.3700008392334,18.579999923706055,18.913000106811523,449537000,70.01575745811533,0.8557044676783754,16.198700046539308,16.31756000518799,0.2707483583675452,1.7926914743106082
2023-01-26,19.75809669494629,19.802000045776367,20.166000366210938,19.277999877929688,19.701000213623047,489535000,72.07958930939455,0.9663065005317222,16.482750034332277,16.387060012817383,0.40230859282085385,1.8934007056891946
2023-01-27,20.319847106933594,20.364999771118164,20.628000259399414,19.405000686645508,19.461999893188477,542142000,74.31718265341374,1.0868601339850414,16.799200010299682,16.46846000671387,0.4509118983914253,1.9894038407244221
2023-01-30,19.119516372680664,19.16200065612793,20.139999389648438,19.149999618530273,19.950000762939453,488611000,62.74578711141599,1.0729593745662243,17.027150058746336,16.518380012512207,0.3121961971231728,1.9857006151783825
2023-01-31,19.493688583374023,19.53700065612793,19.687000274658203,18.950000762939453,19.170000076293945,498017000,64.5963149134281,1.0797555388441715,17.273300075531004,16.590920028686522,0.33686877157170936,1.9759260783594341
2023-02-01,20.896568298339844,20.94300079345703,21.191999435424805,19.611000061035156,19.69099998474121,660477000,70.51085729460736,1.184934817665468,17.604700136184693,16.696240043640138,0.4630109261167201,2.0091898735456213
2023-02-02,21.66086769104004,21.708999633789062,21.948999404907227,20.700000762939453,21.0,564276000,73.14326594958335,1.3149420254560376,17.95270013809204,16.822240028381348,0.47189641527981707,2.08967642639309
2023-02-03,21.0532169342041,21.100000381469727,21.7450008392334,20.788999557495117,21.0,429366000,67.94985123810136,1.3532332931929076,18.29445013999939,16.93790002822876,0.4791447510442115,2.0123135617203234
2023-02-06,21.042245864868164,21.089000701904297,21.56999969482422,20.785999298095703,20.805999755859375,452197000,67.85613480921964,1.3669346448368849,18.605950164794923,17.038920040130616,0.4192745413246348,1.933162977146898
2023-02-07,22.123844146728516,22.17300033569336,22.259000778198242,21.149999618530273,21.381999969482422,664150000,71.96037861246327,1.4485646245201877,18.93320016860962,17.152000064849855,0.41879958840911047,1.9563536545364544
2023-02-08,22.155771255493164,22.20499992370605,22.878000259399414,22.007999420166016,22.386999130249023,559651000,72.07373547975364,1.4985645515264139,19.248000144958496,17.2707000541687,0.39575079325991025,1.9506541640361907
2023-02-09,22.287477493286133,22.33699989318848,23.020000457763672,22.1200008392334,22.606000900268555,523876000,72.56642377298438,1.5311905368999525,19.56480016708374,17.400900058746338,0.3959752927954885,1.9096381930856192
2023-02-10,21.217853546142578,21.26499938964844,22.077999114990234,20.81100082397461,21.690000534057617,550737000,62.86618656220635,1.4537870318600774,19.80250015258789,17.51342004776001,0.28792924731061076,1.8023755794419276
2023-02-13,21.739696502685547,21.788000106811523,22.04800033569336,20.961999893188477,21.538000106811523,474919000,65.30304329311708,1.4182967414531227,20.046950149536134,17.610720043182372,0.28930705310406624,1.7173936609181288
2023-02-14,22.920076370239258,22.97100067138672,23.048999786376953,21.365999221801758,21.577999114990234,675474000,70.08510598066924,1.4686984479499365,20.310400199890136,17.72744005203247,0.2976500455880251,1.7426920922617297
2023-02-15,22.713529586791992,22.763999938964844,22.854999542236328,22.106000900268555,22.548999786376953,420575000,68.31097381121401,1.4749367812462637,20.57975015640259,17.845200061798096,0.3100074166738287,1.680646344184286
2023-02-16,21.95322036743164,22.00200080871582,22.549999237060547,21.927000045776367,22.132999420166016,412026000,62.08100004966254,1.4022297125412315,20.841600227355958,17.953040065765382,0.312377071859661,1.446702873188919
2023-02-17,21.3405818939209,21.38800048828125,21.739999771118164,20.975000381469727,21.631000518798828,465888000,57.528231524452785,1.2803055765975913,21.019050216674806,18.061060066223146,0.19894610946442204,1.2653107424302803
2023-02-21,20.609207153320312,20.655000686645508,21.493999481201172,20.618000030517578,21.0,410015000,52.57158572419102,1.1117176730742528,21.09215021133423,18.151760063171388,0.07617359624592313,1.1945141624851923
2023-02-22,20.70798683166504,20.753999710083008,21.104000091552734,20.42099952697754,20.707000732421875,513184000,53.15859973630665,0.9748613440002778,21.166600227355957,18.22346004486084,0.0772904421286742,1.1186323214620753
2023-02-23,23.611534118652344,23.66399955749512,23.88800048828125,23.024999618530273,23.440000534057617,1117995000,66.34456245386482,1.0886649333341651,21.38365020751953,18.35672004699707,0.2246545367466415,1.162378566630529
2023-02-24,23.234371185302734,23.285999298095703,23.474000930786133,22.94700050354004,23.225000381469727,589716000,63.83095680533052,1.1352669848164965,21.5578501701355,18.471740036010743,0.17594178589361475,1.1738769997398086
2023-02-27,23.448898315429688,23.500999450683597,23.8799991607666,23.45400047302246,23.670000076293945,452994000,64.65130190143546,1.1759920574399594,21.71465015411377,18.580320014953614,0.15398967418663756,1.2148850790873322
2023-02-28,23.16452980041504,23.215999603271484,23.825000762939453,23.20599937438965,23.371999740600586,455963000,62.62367222171507,1.1717625161697427,21.917350101470948,18.691160011291505,0.21156449265891775,1.0992642201452276
2023-03-01,22.64767837524414,22.697999954223636,23.256000518798828,22.507999420166016,23.191999435424805,460026000,59.001697673938104,1.1137734446958696,22.07540006637573,18.806080017089844,0.16179552602432024,0.9570516559415375
2023-03-02,23.262311935424805,23.31399917602539,23.3799991607666,22.43199920654297,22.488000869750977,389415000,61.82902140737427,1.1047873756826299,22.19394998550415,18.940940017700196,0.11321197024015306,0.9562461570691106
2023-03-03,23.837032318115234,23.88999938964844,23.899999618530273,23.1299991607666,23.31999969482422,412393000,64.30765276047944,1.1311055736885365,22.30299997329712,19.093660011291504,0.10046523527803419,1.0202501315130654
2023-03-06,23.501779556274414,23.554000854492188,24.24799919128418,23.48699951171875,23.891000747680664,437429000,61.78721103834126,1.1120318505332527,22.425699996948243,19.243040046691895,0.11630333785100744,1.0155109047829958
2023-03-07,23.240314483642578,23.288000106811523,24.125,23.240999221801758,23.600000381469727,515154000,59.78933792180979,1.0631958898355478,22.535649967193603,19.378780059814456,0.10427233779306855,0.9816474367610313
2023-03-08,24.131484985351562,24.18099975585937,24.200000762939453,23.423999786376953,23.48699951171875,513573000,63.99804334499564,1.0840543440296457,22.636049938201904,19.55562005996704,0.0905605641891234,1.0433513865413266
2023-03-09,23.38801383972168,23.43600082397461,24.45400047302246,23.382999420166016,24.174999237060547,501257000,58.49717507830053,1.028612427888575,22.697599983215333,19.720220069885254,0.05543800515641273,1.0528510002041085
2023-03-10,22.91797637939453,22.96500015258789,23.62700080871582,22.72599983215332,23.409000396728516,474866000,55.26309821749533,0.9358802471216912,22.7289999961853,19.897100067138673,0.028114798871934132,1.0508933681534178
2023-03-13,22.918975830078125,22.965999603271484,23.29800033569336,22.297000885009766,22.75200080871582,421890000,55.268749551930014,0.8526412554400977,22.814050006866456,20.075700054168703,0.07999060721586804,0.99343533428808
2023-03-14,24.01372528076172,24.0629997253418,24.2189998626709,23.459999084472656,23.496000289916992,474910000,61.080213451149696,0.8652187930006967,22.92779998779297,20.264900054931644,0.10441525644288263,0.9999915090031783
2023-03-15,24.17839241027832,24.22800064086914,24.285999298095703,23.360000610351562,23.76099967956543,524486000,61.88238017279356,0.878375412066017,22.99064998626709,20.457180061340335,0.05472116724319176,1.041490084762754
2023-03-16,25.48870277404785,25.541000366210938,25.58799934387207,23.893999099731445,24.027000427246094,583253000,67.60433086135404,0.9834140471209167,23.129500007629396,20.681700077056885,0.12199088186135243,1.1849197304462364
2023-03-17,25.67232894897461,25.725000381469727,26.39900016784668,25.667999267578125,25.98200035095215,848547000,68.32198340042093,1.0691803402230846,23.31564998626709,20.90122009277344,0.1692118641900553,1.2865496909938936
2023-03-20,25.846965789794922,25.899999618530277,26.02400016784668,25.1299991607666,25.614999771118164,432747000,69.02480373348075,1.13815181566439,23.54124994277954,21.133920078277587,0.21095937101372364,1.3257394295788028
2023-03-21,26.145355224609375,26.198999404907227,26.392000198364258,25.381000518798828,26.18000030517578,547408000,70.23971034458886,1.2030707401722402,23.818449878692626,21.360720062255858,0.2684095150791348,1.2688684767220568
2023-03-22,26.413801193237305,26.468000411987305,27.589000701904297,26.23699951171875,26.424999237060547,797295000,71.32923199876709,1.26168170734379,24.104149913787843,21.577520065307617,0.2753204578261721,1.1829332410909896
2023-03-23,27.135324478149414,27.19099998474121,27.499000549316406,26.690000534057617,27.114999771118164,564889000,74.07627201757452,1.3508990212466614,24.280499935150146,21.80316005706787,0.1490449836544634,1.3630502641307878
2023-03-24,26.724170684814453,26.77899932861328,27.16699981689453,26.354999542236328,27.0310001373291,454920000,69.96254195493003,1.3725376163085485,24.455149936676026,22.018720054626463,0.15000430025793365,1.449929756370567
2023-03-27,26.4766788482666,26.5310001373291,27.0,26.364999771118164,26.836999893188477,361026000,67.53145863648942,1.3540660659405326,24.606649971008302,22.219120063781737,0.1289307160320523,1.5023373958312198
2023-03-28,26.355926513671875,26.40999984741211,26.51300048828125,25.850000381469727,26.44700050354004,356104000,66.32057235716181,1.3145106564458295,24.76634998321533,22.409340057373047,0.13757754560309965,1.5164261278067817
2023-03-29,26.928749084472656,26.983999252319336,27.077999114990234,26.597000122070312,26.825000762939453,393694000,69.14680010183136,1.3143288988976067,24.980649948120117,22.5949800491333,0.18882717890296585,1.5115837417819364
2023-03-30,27.326929092407227,27.382999420166016,27.499000549316406,27.101999282836914,27.229000091552734,364516000,70.970401047563,1.331037462368709,25.18409996032715,22.795100021362305,0.174530341766715,1.5488288070998513
2023-03-31,27.720125198364258,27.777000427246094,27.833999633789062,27.104999542236328,27.139999389648438,433933000,72.68714539275769,1.3603899789023863,25.378450012207033,23.015340042114257,0.1627041078653979,1.6201289827039265
2023-04-03,27.907739639282227,27.96500015258789,28.0,27.336000442504883,27.509000778198242,398716000,73.49266339145206,1.3828810741750992,25.598999977111816,23.21786003112793,0.18727176437435022,1.6584761815495412
2023-04-04,27.39678382873535,27.452999114990234,28.0,27.30699920654297,27.965999603271484,368592000,67.64177937294698,1.343899586569858,25.80724992752075,23.383059997558593,0.1788474316848052,1.6139124285966386
2023-04-05,26.825960159301758,26.881000518798828,26.99799919128418,26.395000457763672,26.82900047302246,515015000,61.729200341425006,1.2524139223787465,25.942249965667724,23.535380020141602,0.11165794591620282,1.5833559250402793
2023-04-06,26.981637954711914,27.03700065612793,27.079999923706055,26.427000045776367,26.583999633789062,397654000,62.68713359504734,1.1789090520173353,26.12229995727539,23.68966003417969,0.15365248786258623,1.4850507353783944
2023-04-10,27.522531509399414,27.57900047302246,27.621000289916992,26.66900062561035,26.822999954223633,395279000,65.8823862441125,1.1511213577597559,26.35299997329712,23.84520004272461,0.20091444762801913,1.3177157754866229
2023-04-11,27.113370895385742,27.16900062561035,27.790000915527344,27.125999450683594,27.724000930786133,314378000,61.586050776056126,1.083525639584792,26.563150024414064,23.981280059814452,0.18300971414020895,1.0588461225288388
2023-04-12,26.440752029418945,26.4950008392334,27.468000411987305,26.447999954223633,27.3700008392334,446259000,55.211900373301205,0.9644517960662462,26.684750080108643,24.12794006347656,0.10106807719946698,0.8813897051721041
2023-04-13,26.4088134765625,26.46299934387207,26.886999130249023,26.32900047302246,26.733999252319336,353615000,54.92124688703112,0.8576165937244191,26.79650001525879,24.266460037231447,0.09224858196647112,0.6697958470184731
2023-04-14,26.70320701599121,26.757999420166016,26.882999420166016,26.219999313354492,26.503999710083008,395660000,57.16011091146553,0.787673161010261,26.857349967956544,24.382760009765626,0.04764884055070473,0.6015353885191825
2023-04-17,26.94670867919922,27.00200080871582,27.006000518798828,26.433000564575195,26.565000534057617,321471000,58.97503672180528,0.7433623411782335,26.921199989318847,24.48862003326416,0.04964044347171104,0.5396013842757474
2023-04-18,27.6103515625,27.66699981689453,28.110000610351562,27.35700035095215,27.533000946044922,604812000,63.51208099689953,0.7532228751112378,27.00954999923706,24.619960021972656,0.06822394688763023,0.5072877375548083
2023-04-19,27.873807907104492,27.93099975585937,28.0,27.23200035095215,27.361000061035156,358660000,65.15940089022402,0.7734244523823115,27.09615001678467,24.756800003051758,0.06610940838556334,0.5094662972181384
2023-04-20,27.048500061035156,27.10400009155273,28.030000686645508,27.0,27.67099952697754,427713000,56.54699363140146,0.7144664618963574,27.12795000076294,24.855419998168944,0.024029003689957085,0.4875733235043506
2023-04-21,27.0634708404541,27.11899948120117,27.183000564575195,26.722000122070312,26.95199966430664,345103000,56.65888600401243,0.6613287686739469,27.124349975585936,24.95369998931885,-0.002647953498600586,0.487349046953529
2023-04-24,26.986629486083984,27.04199981689453,27.365999221801758,26.67099952697754,27.01300048828125,339282000,55.863624985153756,0.6060177392966075,27.1375,25.04779998779297,0.009821146976176864,0.48104758459199254
2023-04-25,26.187274932861328,26.24099922180176,27.246999740600586,26.225000381469727,27.077999114990234,378527000,48.27304367705851,0.49187921878791485,27.122999954223634,25.147319984436034,-0.010930643926962635,0.5041091845775758
2023-04-26,26.900806427001953,26.95599937438965,27.329999923706055,26.704999923706055,27.00200080871582,406337000,54.248964445345464,0.4538860400341207,27.15029993057251,25.250679969787598,0.02067396933480259,0.47754909346483193
2023-04-27,27.17025375366211,27.22599983215332,27.4950008392334,26.625,27.363000869750977,377161000,56.30198214316693,0.4404853121137613,27.16239995956421,25.33577995300293,0.008968299234339172,0.4761775399880561
2023-04-28,27.692184448242188,27.749000549316406,27.757999420166016,27.070999145507812,27.225000381469727,292216000,60.04234885145071,0.46668724560097274,27.180700016021728,25.43547996520996,0.013365998499085263,0.4918757989758945
2023-05-01,28.850805282592773,28.90999984741211,29.058000564575195,27.780000686645508,27.84000015258789,570329000,66.82990605503863,0.5745127814222215,27.23734998703003,25.573639945983885,0.04078912059398143,0.6142009602925262
2023-05-02,28.15223503112793,28.209999084472656,28.836000442504883,28.08300018310547,28.68000030517578,402730000,60.19100238390843,0.5966038066725083,27.249599933624268,25.710079917907716,0.008760912946467192,0.6316721273251159
2023-05-03,27.745075225830078,27.802000045776367,28.367000579833984,27.472000122070312,27.84000015258789,383387000,56.65809084794685,0.574565754346704,27.267049980163574,25.85301990509033,0.012712670456306085,0.6423176958971623
2023-05-04,27.505563735961914,27.562000274658203,27.858999252319336,27.239999771118164,27.650999069213867,321850000,54.62692983962967,0.5316064352632566,27.301099967956542,25.989179916381836,0.025333869376741758,0.6388164172089784
2023-05-05,28.62127685546875,28.68000030517578,28.7549991607666,27.731000900268555,27.826000213623047,361494000,61.54319028435668,0.5810758437119432,27.383249950408935,26.08949993133545,0.060768561940152344,0.7052542350161113
2023-05-08,29.091312408447266,29.150999069213867,29.219999313354492,28.350000381469727,28.52199935913086,344979000,64.03071611573071,0.6507845312948746,27.461849880218505,26.206799926757814,0.05699983934258679,0.8082908180640327
2023-05-09,28.512500762939453,28.57099914550781,28.972999572753906,28.450000762939453,28.89900016784668,314869000,58.97207781183688,0.6517154517973154,27.53194980621338,26.308199920654296,0.05160287414384657,0.8416624620057923
2023-05-10,28.825857162475586,28.88500022888184,29.113000869750977,28.461000442504883,29.0049991607666,369350000,60.778651513369425,0.6700663682231109,27.651449775695802,26.421579933166505,0.09020567329476603,0.856227826638137
2023-05-11,28.519485473632812,28.577999114990234,28.950000762939453,28.246000289916992,28.895999908447266,322149000,58.08563871087376,0.6523176655314806,27.75719976425171,26.539179916381837,0.07992290456704887,0.831986012620701
2023-05-12,28.281970977783203,28.34000015258789,28.780000686645508,28.04599952697754,28.52899932861328,274222000,56.01358723493029,0.6119924950198232,27.8362998008728,26.639699935913086,0.05912253407217016,0.8068108898584037
2023-05-15,28.893714904785156,28.952999114990234,28.9689998626709,28.152000427246094,28.507999420166016,293926000,59.97402381267441,0.6223246291408522,27.933849716186522,26.740959930419923,0.07225384222804188,0.8184894706640369
2023-05-16,29.153182983398438,29.21299934387207,29.8700008392334,28.832000732421875,28.840999603271484,449405000,61.555131924519934,0.6440683464497177,28.0111496925354,26.85413990020752,0.05587882810602007,0.8637154877728521
2023-05-17,30.116207122802734,30.17799949645996,30.198999404907227,29.43000030517578,29.583999633789062,432535000,66.79751297284949,0.7307442813403142,28.12349967956543,26.991939888000488,0.08044823888300723,0.9896955433300801
2023-05-18,31.613136291503906,31.67799949645996,31.827999114990234,30.31999969482422,30.40999984741211,748725000,72.96797114561136,0.9099833268376152,28.352199649810792,27.1418798828125,0.1687573564587157,1.2388335794057437
2023-05-19,31.199981689453125,31.263999938964844,31.579999923706055,30.916000366210938,31.535999298095703,473908000,69.1483364071294,1.0070169923491363,28.559449672698975,27.298439865112304,0.15284488871490187,1.3622390805720423
2023-05-22,31.112165451049805,31.176000595092773,31.520000457763672,30.68000030517578,30.900999069213867,372000000,68.32956538761835,1.0645446516592614,28.766149711608886,27.4626598739624,0.15287333799978509,1.4317342719309134
2023-05-23,30.625164031982422,30.6879997253418,31.288000106811523,30.631000518798828,31.0,356253000,63.81681126570921,1.0585557723163,28.98849973678589,27.61709987640381,0.16946765121068053,1.3625774587001447
2023-05-24,30.475467681884766,30.538000106811523,30.60700035095215,29.805999755859375,30.209999084472656,721419000,62.45150475216467,1.0298345352011218,29.167599773406984,27.746599884033202,0.13288324734957002,1.3159764535449954
2023-05-25,37.9022331237793,37.97999954223633,39.47999954223633,36.6349983215332,38.52299880981445,1543911000,82.4792469425341,1.5892599079772403,29.70529975891113,28.021639862060546,0.3949900747954449,2.305716470050454
2023-05-26,38.86625289916992,38.94599914550781,39.16999816894531,37.54999923706055,37.88999938964844,714397000,83.69496583747797,2.086504713598675,30.265149688720705,28.289739837646483,0.40350997782034503,3.046179834021696
2023-05-30,40.02886962890625,40.11100006103516,41.9379997253418,39.94900131225586,40.595001220703125,923401000,85.04288040298381,2.5452406917361863,30.825199699401857,28.577459831237793,0.3874438005099372,3.735577445781066
2023-05-31,37.75653076171875,37.83399963378906,40.29499816894531,37.821998596191406,39.487998962402344,1002580000,72.4382495988456,2.6940025699640486,31.306399726867674,28.81613983154297,0.3411556491192389,3.9920260727870063
2023-06-01,39.688568115234375,39.77000045776367,40.04999923706055,38.34000015258789,38.48899841308594,635873000,75.73175011198484,2.9342918272406777,31.90479974746704,29.087559852600098,0.4304726419783409,4.322397237307203
2023-06-02,39.2464714050293,39.32699966430664,40.5,39.05799865722656,40.09700012207031,482731000,73.56549911547839,3.0537743236090904,32.493049716949464,29.344739837646486,0.42685578958018255,4.497295230861847
2023-06-05,39.090797424316406,39.17100143432617,39.564998626708984,38.707000732421875,38.909000396728516,396094000,72.7760590454378,3.10014081582397,33.017599773406985,29.584339866638185,0.3657950145578317,4.638739969371883
2023-06-06,38.57485580444336,38.65399932861328,39.15999984741211,38.14799880981445,38.83000183105469,388729000,70.0915315595575,3.0598962663534124,33.492749786376955,29.821839866638182,0.32599226657159264,4.708018411007202
2023-06-07,37.40213394165039,37.47499847412109,39.499000549316406,37.35599899291992,38.915000915527344,511998000,64.26930113307228,2.899443673488463,33.93794975280762,30.040719833374023,0.3116446604917995,4.638590557527144
2023-06-08,38.43513107299805,38.5099983215332,38.86399841308594,37.505001068115234,37.7239990234375,417772000,66.87092217286741,2.823254949829554,34.41919965744019,30.282719802856445,0.33321786451043267,4.585751529158935
2023-06-09,38.694618225097656,38.77000045776367,39.71099853515625,38.56700134277344,39.0369987487793,427717000,67.51089507576083,2.7521299954390557,34.92879972457886,30.51843982696533,0.3566380312968569,4.467244670139526
2023-06-12,39.40523147583008,39.48199844360352,39.529998779296875,38.61800003051758,39.20000076293945,388701000,69.26200842270762,2.72183957140593,35.48589963912964,30.760419807434083,0.39315448945042397,4.293700136577824
2023-06-13,40.942237854003906,41.02199935913086,41.10100173950195,39.7400016784668,40.18600082397461,613208000,72.69059869223167,2.7899387188134313,36.08934965133667,31.025319786071776,0.416848016200573,4.173651240700172
2023-06-14,42.91339874267578,42.99700164794922,43.0,40.551998138427734,40.82400131225586,740465000,76.3361034305197,2.9690486183824447,36.77854976654053,31.325959815979004,0.47184481613212315,4.116075388550301
2023-06-15,42.570072174072266,42.65299987792969,43.28900146484375,42.14699935913086,42.60200119018555,568622000,74.47138746115522,3.048099838745415,37.40229978561401,31.629959831237795,0.4133806279284056,4.006968101733049
2023-06-16,42.60899353027344,42.69200134277344,43.72100067138672,42.6609992980957,43.45000076293945,655709000,74.54730138895975,3.0784096030202264,37.952999877929685,31.946179847717286,0.3476861551040904,3.9350516008633907
2023-06-20,43.72282409667969,43.80799865722656,43.9900016784668,42.67399978637695,42.99800109863281,451153000,76.68387355570692,3.1561004052087682,38.580199813842775,32.281599807739255,0.40122820953015426,3.8105027037994965
2023-06-21,42.9613037109375,43.04499816894531,43.6150016784668,42.08000183105469,43.500999450683594,551603000,72.22023540386715,3.120136175320283,39.1736496925354,32.590919761657716,0.38070943505565524,3.5089906283565275
2023-06-22,42.94134521484375,43.025001525878906,43.42599868774414,42.23400115966797,42.25299835205078,417737000,72.1017819035863,3.0548067909143697,39.79049978256226,32.908039779663085,0.40201387874587824,2.9838500762669558
2023-06-23,42.12693405151367,42.20899963378906,42.808998107910156,42.01499938964844,42.4640007019043,358140000,67.25417908454345,2.903716019251128,40.374049758911134,33.222319755554196,0.38217956271387643,2.08495417162571
2023-06-26,40.55299377441406,40.63199996948242,42.763999938964844,40.099998474121094,42.46099853515625,594322000,58.99859476228586,2.626448734678533,40.506649780273435,33.50569976806641,0.06982623641943153,2.0075784131723555
2023-06-27,41.794578552246094,41.8759994506836,41.939998626708984,40.448001861572266,40.79899978637695,462175000,62.87046935766825,2.478521917805182,40.65314979553223,33.808059768676756,0.07523238251582365,1.9945622609368743
2023-06-28,41.03705978393555,41.117000579833984,41.845001220703125,40.518001556396484,40.65999984741211,582639000,59.19738679215137,2.2738326565653466,40.70344982147217,34.09035976409912,0.025080414780684457,1.9928546439402433
2023-06-29,40.74263000488281,40.821998596191406,41.599998474121094,40.599998474121094,41.55799865722656,380514000,57.78432065246871,2.0640180326074926,40.85284976959228,34.35345973968506,0.07897655524989222,1.8749291291593808
2023-06-30,42.21975326538086,42.30199813842773,42.54999923706055,41.500999450683594,41.68000030517578,501148000,62.60683480169089,1.9941744242421748,40.97944965362549,34.640879707336424,0.06366602090822382,1.883428331220869
2023-07-03,42.330535888671875,42.41299819946289,42.89799880981445,42.20199966430664,42.516998291015625,198209000,62.948695793071764,1.9255827197166937,41.1337495803833,34.94705966949463,0.07847022558288663,1.8672671335993531
2023-07-05,42.2347297668457,42.31700134277344,43.176998138427734,42.084999084472656,42.1349983215332,323618000,62.41722396651679,1.8422409487460953,41.291049575805665,35.251019706726076,0.08031451311557158,1.8252596512239565
2023-07-06,42.021141052246094,42.10300064086914,42.17900085449219,41.34600067138672,41.84400177001953,303582000,61.17721148459531,1.738879209528946,41.46349964141846,35.55223972320557,0.08922754106074526,1.7230684550744604
2023-07-07,42.42035675048828,42.50299835205078,43.2140007019043,42.18000030517578,42.321998596191406,355881000,62.67002744583235,1.6699901519513176,41.71489963531494,35.87747970581054,0.1341694485031628,1.4567214447777463
2023-07-10,42.097991943359375,42.18000030517578,42.81100082397461,41.64899826049805,42.65700149536133,353908000,60.64224261150499,1.571219790828387,41.89839973449707,36.18195972442627,0.09529997776163146,1.2479496966047126
2023-07-11,42.322547912597656,42.40499877929688,42.757999420166016,42.06700134277344,42.48099899291992,298244000,61.574940292140944,1.4938785623476818,42.08014965057373,36.48553970336914,0.09375801595600208,1.0104530088167258
2023-07-12,43.81663513183594,43.902000427246094,43.935001373291016,42.777000427246094,43.03300094604492,481277000,67.15245646601764,1.535678260527142,42.30114974975586,36.808599700927736,0.11194980390762499,0.8882632391630274
2023-07-13,45.887611389160156,45.97700119018555,46.154998779296875,44.492000579833984,44.518001556396484,478204000,73.00218342390333,1.7164538312380984,42.5488998413086,37.149939727783206,0.12078889153294714,1.161652090137705
2023-07-14,45.38059616088867,45.46900177001953,48.0880012512207,45.060001373291016,46.58300018310547,772075000,69.7282409296219,1.7980022154429847,42.67249984741211,37.49511978149414,0.05749238382505251,1.3310054926272776
2023-07-17,46.37065887451172,46.46099853515625,46.49599838256836,45.262001037597656,46.28900146484375,510488000,72.3371768939896,1.9205369909939805,42.86289978027344,37.86829975128174,0.08927856582479143,1.5775937068878865
2023-07-18,47.40165328979492,47.49399948120117,47.895999908447266,45.73400115966797,46.70100021362305,569164000,74.77515301985687,2.0770581927085203,43.102999687194824,38.2669397354126,0.11248004280409729,1.885570624703538
2023-07-19,46.9854621887207,47.07699966430664,47.81800079345703,46.742000579833984,47.4640007019043,427502000,72.01596337203796,2.142753642359864,43.266449737548825,38.634879722595215,0.07462109905221204,2.0814151173670448
2023-07-20,45.431495666503906,45.52000045776367,47.08700180053711,45.0620002746582,46.50699996948242,537865000,62.71117705337879,2.0456005264096504,43.39019985198975,38.96225975036621,0.057498022862130016,2.1402982718861554
2023-07-21,44.22284698486328,44.30899810791016,45.86600112915039,44.099998474121094,45.78799819946289,963769000,56.58715473082727,1.8495675498061033,43.45439968109131,39.27701972961426,0.02984303396849275,2.148010649006893
2023-07-24,44.525264739990234,44.61199951171875,45.10900115966797,44.040000915527344,44.73099899291992,382516000,57.7002040872543,1.6990738191549326,43.57454967498779,39.591559715270996,0.05693098388444251,2.1418799033371916
2023-07-25,45.59018325805664,45.67900085449219,46.18299865722656,44.92300033569336,44.941001892089844,348081000,61.44856758959898,1.6469198772516975,43.826899719238284,39.933579750061035,0.12421246526876417,2.073159881449193
2023-07-26,45.36362838745117,45.45199966430664,46.053001403808594,44.630001068115234,46.020999908447266,364237000,60.225827763410585,1.5691818520163991,44.005699729919435,40.27581974029541,0.0853949818638815,2.0501270189684018
2023-07-27,45.81074905395508,45.900001525878906,47.39500045776367,45.75,46.51900100708008,455976000,61.83970460590384,1.5261316177606972,44.24484977722168,40.61475978851318,0.11632660161477748,1.972939787489973
2023-07-28,46.65910339355469,46.75,47.027000427246094,46.38100051879883,46.667999267578125,331194000,64.7612506627164,1.54281713452432,44.54124984741211,40.965499801635744,0.1452158543840052,1.874484407639474
2023-07-31,46.63813781738281,46.729000091552734,47.130001068115234,46.50600051879883,46.75400161743164,251055000,64.62960200681155,1.5366326648245376,44.76259994506836,41.2965198135376,0.10465231308077283,1.8574491520289174
2023-08-01,46.41657257080078,46.50699996948242,46.900001525878906,46.027000427246094,46.459999084472656,237858000,63.167704937301785,1.496566387774088,44.96730003356934,41.59309982299805,0.09652705405937034,1.8098631854756795
2023-08-02,44.18293380737305,44.26900100708008,45.84000015258789,43.387001037597656,45.83100128173828,530142000,50.71386280090623,1.269590710602472,45.06490001678467,41.853199844360354,0.04612802425425144,1.7092552009597635
2023-08-03,44.42844772338867,44.51499938964844,45.11800003051758,43.79999923706055,43.79999923706055,324176000,51.83787481864722,1.096916296492246,45.18549995422363,42.119979820251466,0.05728804864416204,1.5685757768488484
2023-08-04,44.59313201904297,44.68000030517578,45.641998291015625,44.393001556396484,44.98500061035156,362666000,52.61841372389872,0.96229207019163,45.29435005187988,42.39981983184814,0.05121996182699795,1.4431492894462383
2023-08-07,45.328697204589844,45.41699981689453,45.540000915527344,44.5629997253418,45.111000061035156,322154000,56.045007726163426,0.9046429414585546,45.45620002746582,42.6973998260498,0.07674251987431946,1.2431470652101877
2023-08-08,44.5771598815918,44.66400146484375,45.242000579833984,44.055999755859375,44.85300064086914,353843000,51.914061247106005,0.7890986792794905,45.56915016174317,42.83107986450195,0.053272084673417375,1.0368340662603317
2023-08-09,42.47126388549805,42.55400085449219,44.3120002746582,42.13399887084961,44.27399826049805,586449000,42.46805471334588,0.5212608333928657,45.50175018310547,42.90323989868164,-0.03070474146133262,1.1842464782471747
2023-08-10,42.30558395385742,42.38800048828125,43.57400131225586,41.834999084472656,42.15999984741211,492705000,41.82330269521017,0.2922338783891547,45.32230014801026,42.948779907226566,-0.0780607827608909,1.3663605527853462
2023-08-11,40.77556228637695,40.85499954223633,42.018001556396484,40.638999938964844,41.750999450683594,533085000,36.33680566649672,-0.012824168986433904,45.091600036621095,43.009199905395505,-0.10147577576302746,1.6911952259383725
2023-08-14,43.667930603027344,43.75299835205078,43.79999923706055,40.31100082397461,40.486000061035156,690286000,49.755391611050996,-0.020504225047794478,44.95620002746582,43.08885986328125,-0.05828544948418124,1.6841775054132075
2023-08-15,43.854576110839844,43.93999862670898,45.268001556396484,43.709999084472656,44.560001373291016,676512000,50.48069810336598,-0.01137029577785853,44.77849998474121,43.1811198425293,-0.07483052371487309,1.5870083845646477
2023-08-16,43.40144348144531,43.48600006103516,44.67499923706055,43.40599822998047,44.52000045776367,527451000,48.64473128579668,-0.040300917163975214,44.59895000457764,43.26741981506348,-0.07627927924204869,1.5147695327425093
2023-08-17,43.25972366333008,43.34400177001953,44.0620002746582,43.000999450683594,43.970001220703125,452395000,48.05602236508842,-0.07383558770802523,44.49015007019043,43.3612198638916,-0.04780313413579973,1.5232551818016724
2023-08-18,43.214805603027344,43.29899978637695,43.577999114990234,41.65999984741211,42.6349983215332,583768000,47.85834556034618,-0.10285766061620905,44.43965015411377,43.47769989013672,-0.022794429227974367,1.5461469727160855
2023-08-21,46.87567901611328,46.96699905395508,47.064998626708984,44.22200012207031,44.49399948120117,692573000,61.690659407875195,0.16818034532368387,44.557400131225585,43.64683990478515,0.05278847771926731,1.6463888039522778
2023-08-22,45.57920837402344,45.667999267578125,48.1870002746582,45.33300018310547,48.1349983215332,755293000,56.022559502372616,0.2749915596644783,44.556850051879884,43.784799880981446,-0.0002408456119499247,1.6459961307957647
2023-08-23,47.02439498901367,47.11600112915039,47.20000076293945,45.20800018310547,45.86600112915039,779046000,60.391274162015655,0.4710518725678483,44.64005012512207,43.937479934692384,0.03661008266156629,1.7333611758542071
2023-08-24,47.07129669189453,47.16299819946289,50.26599884033203,47.159000396728516,50.215999603271484,1156044000,60.52832938398905,0.6230413213624573,44.70319995880127,44.06029991149902,0.0275162664836055,1.8032764008135693
2023-08-25,45.92852783203125,46.01800155639648,47.80500030517578,45.02399826049805,47.012001037597656,925341000,55.490521171191915,0.6436824242889756,44.66660003662109,44.12071990966797,-0.0156577207187919,1.7666029179310505
2023-08-28,46.74393844604492,46.834999084472656,46.97999954223633,44.88800048828125,46.481998443603516,685192000,58.16606964893364,0.7176924083168075,44.67189998626709,44.20435989379883,0.00226837708301586,1.7732623841535404
2023-08-29,48.68914031982422,48.78400039672852,49.08100128173828,46.39099884033203,46.66600036621094,701397000,63.7623159654871,0.9229744958311983,44.785750007629396,44.32619987487793,0.04896038077580256,1.960494989430507
2023-08-30,49.168212890625,49.26399993896485,49.926998138427734,48.42499923706055,49.04399871826172,735206000,65.00396918188079,1.1115803740811927,45.03549995422363,44.435319900512695,0.11283288120926671,2.1952995679707814
2023-08-31,49.25904083251953,49.35499954223633,49.74399948120117,48.95800018310547,49.380001068115234,528570000,65.24708570290281,1.2539401573120301,45.277499961853025,44.561519927978516,0.10872740017858762,2.3927889414566517
2023-09-01,48.41468048095703,48.50899887084961,49.79999923706055,48.141998291015625,49.762001037597656,463830000,61.004108859077334,1.2836984506465257,45.46894989013672,44.67119987487793,0.08569826632768107,2.493526960025517
2023-09-05,48.45360565185547,48.54800033569336,48.85100173950195,47.86000061035156,48.222999572753906,382653000,61.1296029896479,1.295495538623804,45.62549991607666,44.79797988891602,0.06893895526833416,2.5866413086313575
2023-09-06,46.973358154296875,47.06100082397461,48.54899978637695,46.58000183105469,48.441001892089844,468670000,53.99495807583058,1.1713537457780276,45.7453498840332,44.926559906005856,0.05366736701855079,2.5952634509744623
2023-09-07,46.15489196777344,46.24100112915039,46.34400177001953,45.152000427246094,45.525001525878906,433330000,50.495046193073364,0.9953298156618473,45.92969989776611,45.0138599395752,0.0866428585003185,2.485258836424351
2023-09-08,45.48713302612305,45.571998596191406,46.60599899291992,45.270999908447266,45.94200134277344,473069000,47.77424689847341,0.7927088157545867,46.088899803161624,45.102959899902345,0.07511555325169006,2.3444350852820226
2023-09-11,45.093875885009766,45.178001403808594,46.16299819946289,44.3120002746582,46.14799880981445,473966000,46.19555292710312,0.5934964749448,46.305049896240234,45.19007995605469,0.1058132887041916,2.012235575447021
2023-09-12,44.78643798828125,44.869998931884766,45.67300033569336,44.53099822998047,44.737998962402344,349256000,44.945198427590995,0.40608493979854643,46.360899925231934,45.241439971923825,0.025529692178950514,1.9522829804875788
2023-09-13,45.40030288696289,45.48500061035156,45.93000030517578,44.50299835205078,44.599998474121094,398355000,47.973271109040994,0.3036847548203525,46.438150024414064,45.3028800201416,0.03516163022143237,1.8807032956383298
2023-09-14,45.49612045288086,45.58100128173828,45.98699951171875,45.13100051879883,45.95000076293945,370097000,48.449903147548966,0.2276540679558039,46.54290008544922,45.3681600189209,0.04817645259997838,1.762234166489679
2023-09-15,43.81825256347656,43.900001525878906,45.5989990234375,43.80799865722656,45.340999603271484,506831000,41.31283599701585,0.031394671022368925,46.570700073242186,45.404100036621095,0.01282760550835782,1.7128065837071726
2023-09-18,43.884124755859375,43.96599960327149,44.242000579833984,42.0,42.74800109863281,500271000,41.67609948396051,-0.117462783888719,46.60405006408691,45.43336006164551,0.015404508653440008,1.6511338815943346
2023-09-19,43.438961029052734,43.52000045776367,43.965999603271484,43.00199890136719,43.83300018310547,373064000,39.879640584357624,-0.26832866719132653,46.43170013427734,45.46016006469726,-0.0733919276433127,1.7856763254021932
2023-09-20,42.16035079956055,42.23899841308594,43.90299987792969,42.222999572753906,43.599998474121094,367108000,35.18799477543219,-0.48565875405864034,46.260250091552734,45.45684005737305,-0.07508541888163245,2.0130072451174894
2023-09-21,40.94062042236328,41.016998291015625,42.099998474121094,40.97999954223633,41.58300018310547,450736000,31.393766034000564,-0.7478785326633286,45.955299949646,45.39914001464844,-0.12944652967081594,2.315749884611917
2023-09-22,41.53252410888672,41.61000061035156,42.1150016784668,41.23099899291992,41.571998596191406,479236000,35.05354029927784,-0.8974935185443229,45.67765007019043,45.31180000305176,-0.11774055511963966,2.4896898476015044
2023-09-25,42.14337921142578,42.22200012207031,42.5359992980957,41.176998138427734,41.590999603271484,419091000,38.688598190976165,-0.9556649165926743,45.48784999847412,45.24685997009277,-0.08248948902472542,2.6044269123436696
2023-09-26,41.832950592041016,41.9109992980957,42.81999969482422,41.654998779296875,42.000999450683594,402282000,37.538774924384924,-1.0151592125135167,45.24165000915527,45.15585998535156,-0.10513504606877255,2.7013107234816154
2023-09-27,42.388916015625,42.46799850463867,42.87200164794922,41.62900161743164,42.33000183105469,444935000,40.925101231334715,-1.0057698015305405,44.92584991455078,45.05533996582031,-0.12946871598733023,2.633736741792237
2023-09-28,43.00876235961914,43.0890007019043,43.44599914550781,42.1150016784668,42.459999084472656,424663000,44.53551155231325,-0.9374130244653571,44.61709995269776,44.975579986572264,-0.1253450642398305,2.4542418048098797
2023-09-29,43.417999267578125,43.499000549316406,44.14400100708008,43.30699920654297,43.82699966430664,397830000,46.845291253717065,-0.8404678349544596,44.32430000305176,44.93515998840332,-0.11865057334077289,2.194857283912012
2023-10-02,44.698612213134766,44.78200149536133,45.17499923706055,43.861000061035156,44.029998779296875,433298000,53.3869915999346,-0.6525879918075361,44.13795013427735,44.944620056152345,-0.07683105119136846,1.9672828176548436
2023-10-03,43.43596649169922,43.516998291015625,45.130001068115234,43.24599838256836,44.80799865722656,470850000,47.21684854584209,-0.5988637208361496,43.886400032043454,44.92272003173828,-0.10362943910954148,1.6734037380853555
2023-10-04,43.958988189697266,44.04100036621094,44.143001556396484,43.29199981689453,43.742000579833984,361821000,49.80475417166284,-0.5081466624146458,43.73540000915527,44.889960021972655,-0.06417204064698034,1.4990367482429465
2023-10-05,44.60478591918945,44.6879997253418,44.900001525878906,43.88800048828125,44.04999923706055,393483000,52.876904456596996,-0.3796687143484476,43.65774993896484,44.874680023193356,-0.03358494335948925,1.3993218443573836
2023-10-06,45.676788330078125,45.762001037597656,45.78900146484375,44.0260009765625,44.19300079345703,434436000,57.52426550600706,-0.18900732597590775,43.667250061035155,44.87192001342773,0.0041692804190978094,1.4135742412658459
2023-10-09,45.188697814941406,45.27299880981445,45.60499954223633,44.36800003051758,44.84199905395508,409675000,54.870851537665025,-0.07648354042485295,43.67199993133545,44.84237998962402,0.0021027359124798917,1.4190667573591245
2023-10-10,45.71271514892578,45.79800033569336,46.25899887084961,45.0880012512207,45.310001373291016,368582000,57.155819826704544,0.05442819152059286,43.71840000152588,44.82375999450684,0.020682001914405168,1.4743932839384326
2023-10-11,46.718849182128906,46.805999755859375,46.85900115966797,46.04999923706055,46.19599914550781,378137000,61.21612466414734,0.2367843091375832,43.78444995880127,44.82973999023437,0.029042522321241382,1.5832680750747585
2023-10-12,46.857582092285156,46.94499969482422,47.60900115966797,46.33000183105469,46.777000427246094,481325000,61.75437899301067,0.38804582879324556,43.85264987945557,44.88325996398926,0.02992471369057914,1.6904759770059568
2023-10-13,45.376346588134766,45.46099853515625,47.11600112915039,45.279998779296875,46.959999084472656,474115000,53.2564540675559,0.3837515328372092,43.93069972991943,44.902179946899416,0.03555801719863583,1.7283880409910566
2023-10-16,46.0091667175293,46.095001220703125,46.224998474121094,44.9119987487793,45.0629997253418,375099000,56.039674302351074,0.4265895319142814,44.037149810791014,44.93047996520996,0.04842381923856487,1.7949564083869116
2023-10-17,43.85618591308594,43.9379997253418,44.75400161743164,42.47999954223633,44.0,812333000,46.00363981264684,0.28322215228015324,44.05804977416992,44.900899963378905,0.009604762481190576,1.7910472204080814
2023-10-18,42.11742401123047,42.19599914550781,43.21900177001953,41.82500076293945,42.590999603271484,627294000,39.80388471051385,0.028706670103915144,44.05589981079102,44.85153991699219,-0.0010179992233150248,1.7933700268589834
2023-10-19,42.02260971069336,42.10100173950195,43.297000885009766,41.88199996948242,42.81100082397461,501233000,39.49132558245356,-0.17860532889051228,44.110099983215335,44.842479934692385,0.026428151587186477,1.7111906574987272
2023-10-20,41.309932708740234,41.387001037597656,42.470001220703125,41.077999114990234,41.88999938964844,477266000,37.131291077451024,-0.3959511923128147,44.09895000457764,44.82245994567871,-0.005359278286057756,1.7289726248611443
2023-10-23,42.89497756958008,42.97499847412109,43.24800109863281,40.94499969482422,41.229000091552734,478530000,45.00335606811225,-0.4350462904587502,44.136599922180174,44.864859924316406,0.017834265308932284,1.6937898376488407
2023-10-24,43.58169174194336,43.66299819946289,43.696998596191406,42.691001892089844,43.07699966430664,401463000,48.039026096813586,-0.40583539165170635,44.22419986724854,44.86305992126465,0.04180284246877397,1.6161533557158947
2023-10-25,41.701194763183594,41.77899932861328,43.650001525878906,41.55500030517578,43.39799880981445,398379000,41.314017279949624,-0.528614963290579,44.18974990844727,44.81983993530273,-0.016223961577801482,1.6622449653140214
2023-10-26,40.250911712646484,40.32600021362305,42.25600051879883,39.880001068115234,41.85300064086914,541001000,37.01077109706374,-0.7346944435391691,44.0515998840332,44.75663993835449,-0.06412310434851043,1.8614271897654187
2023-10-27,40.424583435058594,40.5,41.20600128173828,40.01499938964844,41.130001068115234,416784000,37.84567818147662,-0.873899814694866,43.90164985656738,44.6997599029541,-0.06894412541539496,2.022142011385023
2023-10-30,41.08435821533203,41.1609992980957,41.76599884033203,40.48099899291992,41.08700180053711,388028000,41.04270563606496,-0.9202755909409035,43.7205997467041,44.65699989318848,-0.08085842696514356,2.0997828409028525
2023-10-31,40.704063415527344,40.77999877929688,40.87900161743164,39.22999954223633,40.45000076293945,517969000,39.772802829475935,-0.9765156212265467,43.583749771118164,44.533259887695316,-0.06289495183963123,2.2005237866956215
2023-11-01,42.246192932128906,42.32500076293945,42.38100051879883,40.86899948120117,40.88399887084961,437593000,46.94204375294488,-0.8862019183822625,43.49794979095459,44.46639991760254,-0.03896368359034896,2.21516224910583
2023-11-02,43.424991607666016,43.50600051879883,43.88399887084961,42.89400100708008,43.327999114990234,409172000,51.67723723050775,-0.7111333453914668,43.43884983062744,44.39419990539551,-0.026450036112774966,2.197437764750465
2023-11-03,44.92120361328125,45.005001068115234,45.308998107910156,43.722999572753906,44.02000045776367,424610000,56.93119632848631,-0.4462888828988838,43.40099983215332,44.35103996276855,-0.01654210813160195,2.1615426702342697
2023-11-06,45.665802001953125,45.7509994506836,45.935001373291016,44.89899826049805,45.28499984741211,400733000,59.30268712395498,-0.1741939044687726,43.424899864196775,44.3456999206543,0.010558183761521178,2.185836722771602
2023-11-07,45.86942672729492,45.95500183105469,46.21799850463867,45.15800094604492,45.71900177001953,343165000,59.952099293629175,0.05724473181768985,43.43274993896485,44.328099975585936,0.0034281299229339535,2.1950703026162093
2023-11-08,46.48727035522461,46.57400131225586,46.867000579833984,45.96799850463867,46.099998474121094,346719000,61.936820388163525,0.28729781308589253,43.421150016784665,44.28389999389648,-0.004956596265727087,2.176843365666232
2023-11-09,46.86257553100586,46.95000076293945,48.22999954223633,46.75,47.46699905395508,540496000,63.132047292920156,0.49425904019572897,43.42140007019043,44.23762001037598,0.00010653036846841601,2.1772696992109455
2023-11-10,48.2449951171875,48.334999084472656,48.47200012207031,47.28300094604492,47.5,421245000,67.21577634865055,0.7612597646896049,43.56510009765625,44.2172200012207,0.06321903701903642,2.402192670916905
2023-11-13,48.52946090698242,48.619998931884766,49.11600112915039,48.0989990234375,48.31999969482422,384136000,68.00123120747817,0.9845080721101027,43.69134998321533,44.21944000244141,0.05477812440207863,2.6003328207603715
2023-11-14,49.56353759765625,49.65599822998047,49.83399963378906,49.040000915527344,49.68000030517578,416954000,70.74504871635799,1.2308420681182994,43.97724990844726,44.24159996032715,0.13013788839688,2.923176913305318
2023-11-15,48.796966552734375,48.88800048828125,49.959999084472656,48.20000076293945,49.935001373291016,475497000,66.2124548214365,1.348547321286965,44.311849975585936,44.278139953613284,0.1585932666198253,3.0869655935666866
2023-11-16,49.38786315917969,49.47999954223633,49.525001525878906,48.33000183105469,48.67900085449219,339756000,67.91872623918641,1.4726234718481592,44.680799865722655,44.342919921875,0.17526893655385178,3.24570335036678
2023-11-17,49.20620346069336,49.29800033569336,49.71699905395508,49.00699996948242,49.52399826049805,325205000,66.80182956234587,1.5385336420297335,45.07634983062744,44.41743995666504,0.19114695676811722,3.3046812769167384
2023-11-20,50.31513214111328,50.40900039672852,50.54800033569336,49.180999755859375,49.3120002746582,414120000,70.04063824523976,1.6612663028297376,45.44804992675782,44.52205993652344,0.17298434407354502,3.469837807565871
2023-11-21,49.85099792480469,49.94400024414063,50.516998291015625,49.22200012207031,50.125999450683594,565747000,67.09041214757568,1.701398531422953,45.7621000289917,44.623539962768554,0.14385182657371898,3.5821951815703486
2023-11-22,48.62528991699219,48.71599960327149,50.334999084472656,47.689998626708984,49.85200119018555,899420000,59.91316871892314,1.6154918385258128,46.108950042724615,44.68815994262695,0.16604036444470927,3.5113699300197796
2023-11-24,47.68703842163086,47.7760009765625,48.92100143432617,47.744998931884766,48.470001220703125,294645000,55.0577264037607,1.4547902161649375,46.48145008087159,44.732059936523434,0.1847443516211329,3.251121923317264
2023-11-27,48.15217208862305,48.242000579833984,48.529998779296875,47.652000427246094,47.79999923706055,395662000,56.92156967828751,1.3494793383236328,46.868550109863286,44.818899917602536,0.19116050814404906,2.948246095792324
2023-11-28,47.73195266723633,47.82099914550781,48.323001861572266,47.472999572753906,48.236000061035156,401491000,54.713896857792655,1.2180079738769507,47.201550102233895,44.895999908447266,0.16180364813738213,2.6284294768825203
2023-11-29,48.05036163330078,48.13999938964844,48.762001037597656,47.86000061035156,48.37900161743164,382005000,56.10315600160802,1.1265702237846185,47.56955013275147,44.98839988708496,0.1804806481281227,2.154555443298162
2023-11-30,46.682918548583984,46.77000045776367,48.11000061035156,46.422000885009766,48.02399826049805,526247000,49.13211455577972,0.9328048897011314,47.791800117492684,45.079019927978514,0.10502066425752643,1.7821653665768926
2023-12-01,46.67792892456055,46.76499938964844,47.20000076293945,46.1870002746582,46.525001525878906,369317000,49.108126725650706,0.7699652420117005,47.95475006103516,45.19397994995117,0.0749091810781688,1.495631222756954
2023-12-04,45.42525100708008,45.5099983215332,46.07699966430664,45.0099983215332,46.07699966430664,437543000,43.38386179103762,0.5334957434650676,47.97999992370606,45.271979904174806,0.011220914152488382,1.4466728282964085
2023-12-05,46.483375549316406,46.56600189208984,46.599998474121094,45.270999908447266,45.465999603271484,371718000,48.79270246863744,0.4263874953209097,48.02075004577637,45.3588599395752,0.01781387185398553,1.3909882712850097
2023-12-06,45.422264099121094,45.50299835205078,47.387001037597656,45.4119987487793,47.21500015258789,380590000,44.21366239189083,0.2528136567396615,47.99814987182617,45.4306999206543,-0.009835784158286343,1.4294581526537549
2023-12-07,46.51332092285156,46.59600067138672,46.62900161743164,45.604000091552734,45.70000076293945,350823000,49.46514193412951,0.2011327584621796,47.99924983978271,45.513259963989256,0.0004723527829049168,1.4283125976508473
2023-12-08,47.42171096801758,47.50600051879883,47.74100112915039,46.54999923706055,46.595001220703125,359224000,53.39845956899608,0.23094249540628908,48.02704982757568,45.60159996032715,0.011842380124054364,1.4121349111134591
2023-12-11,46.544273376464844,46.62699890136719,47.53099822998047,45.83000183105469,47.49100112915039,509728000,49.398847895346044,0.18154609195876503,47.94164981842041,45.66415992736816,-0.03533671698473573,1.4438220796571142
2023-12-12,47.572444915771484,47.65700149536133,47.66600036621094,46.04600143432617,46.04600143432617,372387000,53.76862455478541,0.22294175382752002,47.89349994659424,45.721659927368165,-0.019806611634701432,1.4360457532175215
2023-12-13,48.00267791748047,48.0880012512207,48.59400177001953,47.608001708984375,47.62900161743164,447792000,55.50034916105726,0.2872153525815335,47.81510009765625,45.81307998657226,-0.031577191772434565,1.3763188992006254
2023-12-14,48.26420974731445,48.34999847412109,48.66999816894531,47.422000885009766,48.38999938964844,391232000,56.56542836100903,0.35519911465627985,47.788199996948244,45.89925994873047,-0.011004786630394614,1.3593990400215568
2023-12-15,48.80324935913086,48.88999938964844,49.40399932861328,48.119998931884766,48.194000244140625,479948000,58.7565322285659,0.4474918888633965,47.75869998931885,45.9832999420166,-0.011924012895033753,1.3267633835278272
2023-12-18,49.98814010620117,50.07699966430664,50.43299865722656,49.150001525878906,49.400001525878906,412587000,63.15631730924142,0.6093909003788767,47.79764995574951,46.06959991455078,0.015801844361002626,1.3845091524385233
2023-12-19,49.515987396240234,49.604000091552734,49.70000076293945,48.89500045776367,49.42399978637695,464444000,60.39162005424581,0.6915580699746968,47.75739994049072,46.156219940185544,-0.015969376477221964,1.3145300277542293
2023-12-20,48.025630950927734,48.11100006103516,49.999000549316406,48.097999572753906,49.654998779296875,397894000,52.569125220819814,0.6289533363691717,47.66574993133545,46.202479934692384,-0.03670110872467636,1.214118964890899
2023-12-21,48.903079986572266,48.9900016784668,49.095001220703125,48.41899871826172,48.81100082397461,300425000,56.16882482839682,0.6428562714150061,47.679450035095215,46.24615997314453,0.005624478147358003,1.228059590890084
2023-12-22,48.74336242675781,48.83000183105469,49.382999420166016,48.46699905395508,49.19499969482422,252507000,55.34544245130688,0.6336593663563264,47.732150077819824,46.28386001586914,0.02206130343578261,1.2547463211340464
2023-12-26,49.19156265258789,49.27899932861328,49.599998474121094,48.959999084472656,48.96799850463867,244200000,57.239770930296466,0.6550500887924571,47.78400001525879,46.36022003173828,0.02149576585372337,1.297617351505132
2023-12-27,49.32931900024414,49.41699981689453,49.68000030517578,49.084999084472656,49.51100158691406,233648000,57.83187113890224,0.6753528294951323,47.863800048828125,46.42666000366211,0.03337447355565426,1.3481051719273163
2023-12-28,49.43413162231445,49.52199935913086,49.88399887084961,49.4119987487793,49.643001556396484,246587000,58.30494742941443,0.6919392384919192,47.93290004730225,46.53833999633789,0.02870793491907686,1.3975204775451548
2023-12-29,49.43413162231445,49.52199935913086,49.99700164794922,48.750999450683594,49.8129997253418,389293000,58.30494742941443,0.6970489408285303,48.07049999237061,46.68486000061035,0.058841113415263324,1.4123968520857202
2024-01-02,48.0825309753418,48.167999267578125,49.29499816894531,47.595001220703125,49.24399948120117,411254000,49.92790276600227,0.5850972878820215,48.14064998626709,46.80619995117188,0.030001066956931055,1.378580244880786
2024-01-03,47.484596252441406,47.56900024414063,48.183998107910156,47.31999969482422,47.48500061035156,320896000,46.72925523672409,0.4429347056368087,48.243600082397464,46.92983993530274,0.04524284769382647,1.2418930189660724
2024-01-04,47.912841796875,47.99800109863281,48.5,47.507999420166016,47.766998291015625,306535000,49.237570869500196,0.36072836656502005,48.31520004272461,47.03029998779297,0.030752032563616583,1.17981085073887
2024-01-05,49.00988006591797,49.09700012207031,49.547000885009766,48.305999755859375,48.46200180053711,415039000,55.07361685768908,0.3798802638449317,48.494900131225585,47.138980026245115,0.07898384502518296,0.9868613139324476
2024-01-08,52.16029357910156,52.25299835205078,52.275001525878906,49.479000091552734,49.512001037597656,642510000,66.85744545544527,0.6423167343179941,48.77775001525879,47.348460006713864,0.12140521931398007,1.2013459939548028
2024-01-09,53.045719146728516,53.13999938964844,54.32500076293945,51.689998626708984,52.4010009765625,773100000,69.29506125362894,0.9113674223395236,49.05944995880127,47.60473999023438,0.11859552076205926,1.508679928480756
2024-01-10,54.253570556640625,54.34999847412109,54.599998474121094,53.48899841308594,53.61600112915039,533796000,72.28921254291387,1.2083003108916515,49.44559993743896,47.881739959716796,0.16563364048136164,1.811324562324419
2024-01-11,54.7247200012207,54.821998596191406,55.34600067138672,53.560001373291016,54.999000549316406,596759000,73.37969886348206,1.4648226656672634,49.80384979248047,48.15495994567871,0.15034510934405887,2.12103196965412
2024-01-12,54.61292266845703,54.709999084472656,54.970001220703125,54.33000183105469,54.619998931884766,352994000,72.64913114013368,1.640174148779792,50.134949684143066,48.43355995178223,0.1377058239259603,2.3442020031872346
2024-01-16,56.28196334838867,56.38199996948242,56.834999084472656,54.900001525878906,55.018001556396484,449580000,76.42293522047467,1.8922453340820624,50.536549758911136,48.71469993591309,0.16612206305777644,2.685480567083884
2024-01-17,55.95354461669922,56.053001403808594,56.47100067138672,54.7400016784668,56.34700012207031,474394000,74.2519431802746,2.0419280542613407,50.89469985961914,48.965639953613284,0.14651262228644635,2.921598268312699
2024-01-18,57.00566864013672,57.10699844360352,57.599998474121094,56.106998443603516,57.2599983215332,491650000,76.5502249305737,2.2200105412884596,51.24619979858399,49.20767990112304,0.1403837854987875,3.225163956110247
2024-01-19,59.385440826416016,59.49100112915039,59.5,57.224998474121094,57.98899841308594,543501000,80.73822870297784,2.5244114443158523,51.740549850463864,49.482479934692385,0.19931862388818433,3.685135561020958
2024-01-22,59.548160552978516,59.65399932861328,60.33100128173828,59.06999969482422,60.04899978637695,452955000,80.9882353539166,2.7471366640885932,52.31769981384277,49.756459884643554,0.23992432609869474,3.9789661929202205
2024-01-23,59.76676940917969,59.87300109863281,59.90999984741211,58.584999084472656,59.56999969482422,294654000,81.33870199785055,2.907800306087722,52.861849784851074,50.022439880371095,0.22214735756887216,4.235801584044204
2024-01-24,61.25312805175781,61.36199951171875,62.8489990234375,59.9379997253418,60.30400085449219,560271000,83.55797557667536,3.119319553642761,53.48844966888428,50.31067985534668,0.2566454476906044,4.525032627341884
2024-01-25,61.50767135620117,61.617000579833984,62.71900177001953,60.849998474121094,62.349998474121094,482777000,83.91086141907469,3.2698339262076885,54.105349731445315,50.57631988525391,0.2503703691088708,4.7560766631674785
2024-01-26,60.9227180480957,61.03099822998047,61.78300094604492,60.573001861572266,60.959999084472656,390309000,79.67869071563253,3.3037486012920994,54.68604965209961,50.82453987121582,0.2350203058890552,4.861366352978913
2024-01-29,62.35416793823242,62.46500015258789,62.48899841308594,60.90700149536133,61.231998443603516,348733000,82.06284142022879,3.4070636869788515,55.333199691772464,51.08071990966797,0.26135860750683926,4.9973327913545305
2024-01-30,62.66261291503906,62.77399826049805,63.49300003051758,62.2599983215332,62.900001525878906,410735000,82.53824311503462,3.4738310397920387,55.99579963684082,51.3584398651123,0.26759822044470405,5.06436480047524
2024-01-31,61.4178352355957,61.527000427246094,62.26900100708008,60.70000076293945,61.439998626708984,453795000,74.01294938489123,3.3870782151008783,56.66374969482422,51.5993798828125,0.27734183197972073,4.854214684044702
2024-02-01,62.91517639160156,63.027000427246094,63.191001892089844,61.650001525878906,62.099998474121094,369146000,77.07973868289703,3.4001684155268848,57.43664970397949,51.873959884643554,0.32495953465007954,4.551076261414615
2024-02-02,66.04261779785156,66.16000366210938,66.5999984741211,63.689998626708984,63.9739990234375,476578000,81.88764621866673,3.6216020965274964,58.34474983215332,52.188979949951175,0.3783908110288763,4.3772708845318835
2024-02-05,69.208984375,69.33200073242188,69.49700164794922,67.20500183105469,68.2249984741211,680078000,85.25909967973746,4.00685500780331,59.3564998626709,52.5767399597168,0.41214331955192973,4.464925016727037
2024-02-06,68.10195922851562,68.2229995727539,69.75399780273438,66.30000305175781,69.62999725341797,683111000,79.67505896331126,4.174561839993984,60.15499992370606,52.96687995910644,0.30562841797338414,4.55480422563253
2024-02-07,69.97461700439453,70.0989990234375,70.22000122070312,67.5999984741211,68.31900024414062,495575000,81.84161730707092,4.4080351052691995,61.00294990539551,53.413339920043946,0.31913812247978,4.754339244126834
2024-02-08,69.5174331665039,69.64099884033203,70.79399871826172,69.45500183105469,70.0739974975586,414422000,79.6104666730726,4.504186109265369,61.767499923706055,53.84131988525391,0.28134316091088385,4.856544598797818
2024-02-09,72.0050277709961,72.13300323486328,72.18499755859375,70.21199798583984,70.53299713134766,436637000,82.41892481801634,4.726980709575237,62.63305015563965,54.32755996704102,0.3157674853516652,5.0905206510947965
2024-02-12,72.11980438232422,72.24800109863281,74.61100006103516,71.25,72.5999984741211,613710000,82.5384526516772,4.856839776334375,63.50995025634766,54.809720001220704,0.3205630105582957,5.163883061135894
2024-02-13,72.00004577636719,72.12799835205078,73.44999694824219,69.62000274658203,70.4000015258789,602580000,81.91261669189527,4.893659740292009,64.29725017547608,55.316879959106444,0.27927349847630656,5.21997343987634
2024-02-14,73.76889038085938,73.9000015258789,74.23600006103516,71.93800354003906,73.2020034790039,504917000,83.85885702208745,5.008095466771692,65.18960018157959,55.859580001831056,0.3183950845646897,5.26174754124389
2024-02-15,72.52908325195312,72.65799713134766,73.9749984741211,72.4000015258789,73.86900329589844,420122000,77.5594621212155,4.9416035005835255,65.9671501159668,56.40253997802734,0.27231336108658644,5.152365735134611
2024-02-16,72.48416137695312,72.61299896240234,74.4020004272461,72.5009994506836,74.0999984741211,495327000,77.33280464446145,4.8296044879494815,66.6232500076294,56.923479919433596,0.22057113822584862,5.1196630262086265
2024-02-20,69.32877349853516,69.4520034790039,71.95600128173828,67.73400115966797,71.9469985961914,704833000,63.33149347752271,4.434658562133748,67.11315021514892,57.40246002197266,0.16424723003761743,4.880893940150275
2024-02-21,67.35228729248047,67.47200012207031,68.88800048828125,66.24800109863281,68.00599670410156,673755000,56.43851023684919,3.916741588224923,67.4931001663208,57.81998001098633,0.12691862582467106,4.573730264774185
2024-02-22,78.39865112304688,78.53800201416016,78.57499694824219,74.22000122070312,75.0250015258789,865100000,73.68019396232211,4.349088935235429,68.35190029144287,58.440620040893556,0.27991269253149387,4.958299107008495
2024-02-23,78.67715454101562,78.81700134277344,82.39399719238281,77.56999969482422,80.79000091552734,829388000,73.96003694155765,4.660516701298448,69.21190032958984,59.08442008972168,0.2791437525533931,5.213733560882293
2024-02-26,78.95166778564453,79.09200286865234,80.64600372314453,78.50499725341797,79.69999694824219,503973000,74.25064967275219,4.873338956531342,70.11495056152344,59.7131201171875,0.2959316603443609,5.285813226406504
2024-02-27,78.56135559082031,78.70099639892578,79.4800033569336,77.16200256347656,79.38099670410156,391705000,73.00312470919032,4.953352014111331,70.92675037384033,60.3253800201416,0.25992149534422504,5.295850764026043
2024-02-28,77.52520751953125,77.66300201416016,78.93299865722656,77.125,77.62000274658203,393110000,69.65723984331888,4.876788880221341,71.67120056152343,60.911640090942385,0.23718425090395034,5.133482805039788
2024-02-29,78.97163391113281,79.11199951171875,79.98999786376953,78.3499984741211,79.09400177001953,507289000,71.61312960263291,4.87681712122135,72.55045051574707,61.51608009338379,0.2858094651512617,4.799667485719867
2024-03-01,82.13301086425781,82.27899932861328,82.30000305175781,79.43499755859375,80.0,479135000,75.35271504816019,5.073901145902738,73.51305046081544,62.16012008666992,0.3054563722033754,4.719031673794791
2024-03-04,85.08576965332031,85.23699951171875,87.69499969482422,83.71900177001953,84.12999725341797,615616000,78.23653902614895,5.406455297842129,74.4669002532959,62.872780075073244,0.2883463541966973,5.06953249385719
2024-03-05,85.81549835205078,85.96399688720703,86.09700012207031,83.41699981689453,85.2699966430664,520639000,78.89027380857046,5.6633854890262825,75.29850006103516,63.62984001159668,0.2398891706439319,5.5264336436448405
2024-03-06,88.54676818847656,88.69999694824219,89.7239990234375,87.02999877929688,88.02200317382812,582520000,81.18130535849657,6.018400481415227,76.32234992980958,64.42403991699219,0.3001480073248808,6.021277833068086
2024-03-07,92.50891876220703,92.66899871826172,92.76699829101562,89.60199737548828,90.15799713134766,608119000,83.90945988283816,6.544575896064359,77.45084991455079,65.30081985473633,0.321973209450223,6.851325395843558
2024-03-08,87.37679290771484,87.52799987792969,97.4000015258789,86.50599670410156,95.13800048828125,1142269000,69.79525911759376,6.4721313602095165,78.34519996643067,66.06579986572265,0.25684584275719113,6.945011353072781
2024-03-11,85.62582397460938,85.77400207519531,88.7969970703125,84.16600036621094,86.42900085449219,678364000,65.73275845116251,6.201696285344909,79.02724990844726,66.79293991088868,0.18910898241568108,6.972586702913506
2024-03-12,91.75421905517578,91.91300201416016,91.95999908447266,86.1500015258789,88.04900360107422,668075000,71.8980922236267,6.408863144495541,80.01049995422363,67.64075996398925,0.27218747392998077,7.342992080234719
2024-03-13,90.73098754882812,90.88800048828124,91.50399780273438,88.43499755859375,91.05500030517578,635713000,69.64500006362394,6.416371380859729,80.94850006103516,68.46807998657226,0.2600932032615746,7.480009933394764
2024-03-14,87.79207611083984,87.94400024414062,90.64600372314453,86.5999984741211,89.5770034790039,602318000,63.49081560942676,6.1142838385257505,81.65069999694825,69.26360000610352,0.19004057413102582,7.442602896701507
2024-03-15,87.68526458740234,87.83699798583984,89.5459976196289,86.25700378417969,86.93000030517578,642086000,63.27197307848366,5.799391323630132,82.40965003967285,70.0689599609375,0.20891025700931887,7.248723641961688
2024-03-18,88.30218505859375,88.45500183105469,92.40499877929688,87.08499908447266,90.38800048828125,668976000,64.04285687726981,5.535890186237538,83.20175018310547,70.87809997558594,0.2181703427075783,6.9825321433311816
2024-03-19,89.24356079101562,89.39800262451172,90.54399871826172,85.01000213623047,86.69999694824219,672171000,65.2416814698801,5.3415814930434635,84.19905014038086,71.68412002563477,0.287191126913102,6.307077116497407
2024-03-20,90.21588897705078,90.37200164794922,90.41000366210938,88.2229995727539,89.7969970703125,479063000,66.48460926004225,5.206170541635231,85.3440502166748,72.44650009155274,0.3394000694280328,5.0674183078135915
2024-03-21,91.27704620361328,91.43499755859376,92.64800262451172,90.40499877929688,92.30000305175781,480372000,67.83640024057442,5.125547156148713,85.98889999389648,73.21240005493163,0.16421344080166844,4.975500823796226
2024-03-22,94.12610626220703,94.28900146484376,94.77799987792969,90.83399963378906,91.14099884033203,586719000,71.19557168869187,5.231639719515144,86.7625,74.0111801147461,0.1963028262745361,5.004434745311371
2024-03-25,94.83788299560547,95.0019989013672,96.76599884033203,93.51000213623047,93.94100189208984,552136000,71.98281698905,5.312018136239828,87.55799980163575,74.8147801208496,0.2011580874887755,4.985449314582132
2024-03-26,92.40109252929688,92.56099700927734,96.375,92.50199890136719,95.85099792480469,513648000,65.393364512831,5.119733062381755,88.25099983215333,75.5718000793457,0.1761095951072449,4.640881741511419
2024-03-27,90.09410095214844,90.25,93.23999786376953,89.12300109863281,93.11199951171875,586067000,59.81100805556047,4.726384789389542,88.8803497314453,76.24916007995606,0.16207199901369873,3.9282148175102356
2024-03-28,90.19991302490234,90.3560028076172,91.30000305175781,89.19300079345703,90.0,435212000,59.9797667534112,4.372800072531604,89.44254989624024,76.93522010803223,0.14212765908201952,3.1922774157060125
2024-04-01,90.20690155029297,90.36299896240234,92.2249984741211,89.2040023803711,90.29900360107422,452441000,59.99170761852778,4.046500627824855,89.84674987792968,77.6003401184082,0.09825106892103119,2.713371219507698
2024-04-02,89.2974624633789,89.4520034790039,90.09400177001953,87.62000274658203,88.447998046875,433064000,57.5824256493268,3.672066943093185,90.05750007629395,78.19956016540527,0.04945040289347191,2.491068228699364
2024-04-03,88.81031799316406,88.96399688720703,90.3740005493164,88.4000015258789,88.48400115966797,370067000,56.278557983950684,3.2979310010877896,90.20750007629394,78.78576011657715,0.03489833079697635,2.315758126927116
2024-04-04,85.75659942626953,85.90499877929688,90.63400268554688,85.87999725341797,90.40599822998047,434965000,48.81665227937004,2.723198650440139,90.06775016784668,79.30640007019043,-0.0315106907002064,2.4893491998544746
2024-04-05,87.85597229003906,88.00800323486328,88.48100280761719,85.9260025024414,86.86599731445312,399678000,53.39189279676384,2.409637208064069,89.83470039367675,79.83932014465331,-0.05029724662903823,2.4508875814326143
2024-04-08,86.98247528076172,87.13300323486328,88.83000183105469,86.73200225830078,88.69999694824219,283220000,51.33572986263069,2.0667085884467724,89.81495056152343,80.3496401977539,-0.004512803258583387,2.4719547767833983
2024-04-09,85.20652770996094,85.35399627685547,87.63500213623047,83.02200317382812,87.44200134277344,501700000,47.34365846012552,1.6325649999203904,89.79395027160645,80.83610015869141,-0.00489665619160029,2.5095887288137475
2024-04-10,86.88864135742188,87.03900146484375,87.4000015258789,83.70899963378906,83.9260025024414,431929000,51.21344484276903,1.4082356506874447,89.55025024414063,81.32758018493652,-0.05302841211263576,2.5295542018362163
2024-04-11,90.45945739746094,90.61599731445312,90.73899841308594,86.9260025024414,87.41999816894531,431637000,58.23108896072208,1.5017751667764685,89.53665008544922,81.88442016601563,-0.0029927292092115643,2.5227051745504707
2024-04-12,88.03365325927734,88.18599700927734,90.17500305175781,87.52999877929688,89.6989974975586,426805000,52.68657213461255,1.364100687324779,89.54874992370605,82.41760009765625,0.002751714323488974,2.5152334688098783
2024-04-15,85.85243225097656,86.0009994506836,90.61299896240234,85.92900085449219,89.0979995727539,443077000,48.238874345510666,1.0663889601477479,89.45694999694824,82.877080078125,-0.020902337024908735,2.612615979201426
2024-04-16,87.26398468017578,87.41500091552734,88.11799621582031,86.06400299072266,86.43299865722656,370453000,51.11491667116423,0.9337842883567191,89.40494995117187,83.30218002319336,-0.011757400870486712,2.6437718138411475
2024-04-17,83.88983917236328,84.03500366210938,88.7750015258789,83.94999694824219,88.33999633789062,495400000,44.71858745072426,0.5496209123120934,89.13680000305176,83.59624008178712,-0.0599901430116726,2.903711288190103
2024-04-18,84.52472686767578,84.6709976196289,86.19000244140625,82.4020004272461,84.97000122070312,447260000,46.0857128274958,0.2931092848164383,88.85174980163575,83.92520004272461,-0.06308374191521171,3.0521074784118403
2024-04-19,76.068359375,76.19999694824219,84.3239974975586,75.60600280761719,83.1500015258789,875198000,34.01842183645837,-0.5869509815636178,88.08999977111816,84.04722000122071,-0.1666211080783222,4.096084524758959
2024-04-22,79.3806381225586,79.51799774169922,80.072998046875,76.4000015258789,78.10399627685547,596341000,40.58128275573091,-1.005084164217351,87.35144958496093,84.24475997924804,-0.15665669901756252,4.248360237782901
2024-04-23,82.2806167602539,82.4229965209961,82.76899719238281,80.26399993896484,80.76899719238281,438559000,45.67596041026439,-1.089489642144983,86.72249946594238,84.4505598449707,-0.13240776537166188,3.9786926522890163
2024-04-24,79.53936767578125,79.677001953125,84.08200073242188,79.18299865722656,83.94999694824219,512208000,42.009248769086994,-1.3622571514381576,86.07829971313477,84.59913986206055,-0.13919464431504547,4.0263672043133685
2024-04-25,82.48926544189453,82.63200378417969,83.322998046875,78.2229995727539,78.86799621582031,424641000,46.94505084277653,-1.324712949672744,85.69739990234375,84.80921997070313,-0.08440993036920019,3.9709020812903453
2024-04-26,87.58343505859375,87.73500061035156,88.33100128173828,83.38700103759766,83.81800079345703,551011000,54.19542020701049,-0.8731248630146666,85.56634979248047,85.08591995239257,-0.02900750493407933,3.850488393048836
2024-04-29,87.60540008544922,87.75700378417969,87.99199676513672,85.26599884033203,87.59500122070312,388971000,54.22446794676597,-0.5076111531849818,85.43605003356933,85.38790008544922,-0.028839184269514373,3.7215624728251058
2024-04-30,86.25275421142578,86.4020004272461,88.81900024414062,86.30000305175781,87.23999786376953,363709000,52.035966723383495,-0.3235467063993269,85.28354988098144,85.6636801147461,-0.034096531470910074,3.609130013991726
2024-05-01,82.89753723144531,83.04100036621094,86.0,81.25499725341797,85.0770034790039,559863000,46.971868051413615,-0.4437634927734848,84.98740005493164,85.93546005249023,-0.06657745524299641,3.5334477979148673
2024-05-02,85.66875457763672,85.81700134277344,86.23699951171875,83.19999694824219,84.4489974975586,377898000,51.196467765794736,-0.311445928494436,84.98300018310547,86.3023600769043,-0.0010243575784165682,3.532299662226842
2024-05-03,88.6356201171875,88.78900146484375,89.28099822998047,87.04000091552734,87.78900146484375,398341000,55.30210176566888,0.032853551017481664,85.0220500946045,86.50738006591797,0.00887417281694547,3.5715998298954648
2024-05-06,91.98081970214844,92.13999938964844,92.22000122070312,89.05500030517578,89.38999938964844,376203000,59.444819412001394,0.569545529810199,85.27239990234375,86.77384002685547,0.05746383079771755,3.888754096480765
2024-05-07,90.39757537841797,90.5540008544922,91.78099822998047,89.01100158691406,91.0979995727539,437342000,56.76331044344651,0.8570217493668508,85.53240013122559,87.00307998657226,0.06092280156127572,4.064366386199192
2024-05-08,90.25582122802734,90.41200256347656,91.19400024414062,89.41999816894531,89.48300170898438,325721000,56.51749274500769,1.0611582770938384,85.70105018615723,87.23730010986328,0.03875275499334885,4.197958299496078
2024-05-09,88.59368133544922,88.74700164794922,91.0719985961914,88.23100280761719,90.52899932861328,378013000,53.587126235117765,1.076180745417986,85.60760040283203,87.45898010253906,-0.020625449389672035,4.1025068176949055
2024-05-10,89.72274017333984,89.87799835205078,91.4010009765625,89.22699737548828,90.30500030517578,335325000,55.28318713886537,1.165908276820602,85.6922004699707,87.6743000793457,0.019186734857637777,4.1752762767258
2024-05-13,90.24283599853516,90.39900207519533,90.99800109863281,88.52899932861328,90.47799682617188,289680000,56.079411219280836,1.2644824713404859,85.91210060119629,87.83670013427735,0.051138971088745544,4.306159669827878
2024-05-14,91.19818878173828,91.3560028076172,91.6510009765625,88.93399810791016,89.5989990234375,296507000,57.57377051423553,1.403644847737695,86.10915069580078,87.95908020019532,0.045083816859971204,4.4657644952965585
2024-05-15,94.4665298461914,94.62999725341795,94.86199951171875,91.5989990234375,92.47200012207031,417735000,62.29964967985137,1.757852593038848,86.6389003753662,88.13240020751954,0.12607833794961532,4.821050571807953
2024-05-16,94.19600677490234,94.35900115966795,95.81900024414062,94.10299682617188,94.91000366210938,323952000,61.687140514953185,1.9937153536105257,87.12330055236816,88.24558029174804,0.1144193857684408,5.092008640671608
2024-05-17,92.31922149658203,92.47899627685548,94.73999786376953,91.80599975585938,94.36900329589844,359691000,57.46610162811956,2.005815812368425,87.93725051879883,88.24178024291992,0.21363517034876756,4.523372705620748
2024-05-20,94.61627197265625,94.77999877929688,95.19999694824219,93.44000244140625,93.75,318764000,60.98494350130484,2.1759936840986285,88.70035057067871,88.38682022094727,0.191931405103706,4.310635956826388
2024-05-21,95.22122192382812,95.38600158691406,95.4000015258789,93.18000030517578,93.5989990234375,328946000,61.879414679601105,2.332868380972414,89.3485008239746,88.57906021118164,0.15727412995250445,4.291612660467881
2024-05-22,94.78596496582031,94.9499969482422,96.0199966430664,93.2490005493164,95.45899963378906,548648000,60.79938801994054,2.3944095155410423,90.11215057373047,88.63980010986329,0.1916863664637194,3.8121446853414844
2024-05-23,103.61969757080078,103.79900360107422,106.31999969482422,101.5199966430664,102.02799987792969,835065000,71.6242744572577,3.1212424506507546,91.17050056457519,88.89802017211915,0.2561598272768384,4.501998098353701
2024-05-24,106.28507232666016,106.46900177001952,106.4749984741211,103.0,104.4489974975586,429494000,73.96074436699973,3.8681200463289116,92.1072006225586,89.26852020263672,0.21352938997367032,5.5714738194664974
2024-05-28,113.70423126220703,113.9010009765625,114.93900299072266,109.88300323486328,110.24400329589844,652728000,79.11558179508336,5.002065449204636,93.41440048217774,89.78980026245117,0.2979135119138594,7.296917812830216
2024-05-29,114.62664794921875,114.8249969482422,115.49199676513672,110.9010009765625,113.05000305175781,557442000,79.6548398336726,5.907189697640632,94.83555030822754,90.31720016479493,0.3289622506475345,8.523965384717535
2024-05-30,110.30909729003906,110.5,115.81900024414062,109.66300201416016,114.6500015258789,484553000,70.48108296440807,6.204000224645071,96.208500289917,90.73924011230469,0.3306679774171173,8.733075284241336
2024-05-31,109.44361114501953,109.63300323486328,112.71700286865234,106.94000244140625,112.5199966430664,613263000,68.77123215677466,6.296681092462208,97.39930038452148,91.12446014404297,0.2775207886484299,8.864296825879027
2024-06-03,114.80133056640625,115.0,115.0,112.00299835205078,113.62100219726562,438392000,73.11868344264047,6.725673752586687,98.7098503112793,91.5957601928711,0.295205465797862,9.443003434417768
2024-06-04,116.23584747314453,116.43699645996094,116.5999984741211,114.04499816894531,115.71600341796875,403324000,74.15608576170223,7.0997654545889475,99.92470016479493,92.03872009277343,0.26369651868092125,10.09379050781798
2024-06-05,122.2284927368164,122.44000244140624,122.4489974975586,117.46800231933594,118.37100219726562,528402000,77.97927694162018,7.790820507901557,101.51900024414063,92.58748016357421,0.352121400336032,11.012195406341773
2024-06-06,120.78898620605469,120.9980010986328,125.58699798583984,118.31999969482422,124.0479965209961,664696000,75.10506669956698,8.128429681781057,103.04830017089844,93.15622024536133,0.3382957756486191,11.50146768019547
2024-06-07,120.67916870117188,120.88800048828124,121.69200134277344,118.02200317382812,119.7699966430664,412386000,74.87833636495674,8.291531639045715,104.65535011291504,93.76898025512695,0.3621643350592536,11.642632626013214
2024-06-10,121.5796127319336,121.79000091552734,123.0999984741211,117.01000213623047,120.37000274658203,313434100,75.53065395161636,8.396782133787852,106.25095024108887,94.39766021728515,0.3550591151182265,11.697445363264064
2024-06-11,120.7110595703125,120.91000366210938,122.87000274658203,118.73999786376953,121.7699966430664,222551200,73.52477980729488,8.313354311631826,107.77650032043456,95.0086003112793,0.33751480532422806,11.509336846227638
2024-06-12,124.99398040771484,125.1999969482422,126.87999725341797,122.56999969482422,123.05999755859375,299595000,76.76440136777572,8.4954732394731,109.46870002746581,95.72356018066407,0.3704627293282048,11.455880028591093
2024-06-13,129.39674377441406,129.61000061035156,129.8000030517578,127.16000366210938,129.38999938964844,260704500,79.53646041423906,8.893139663226705,111.2177001953125,96.53648025512695,0.36965026283639846,11.737953320142472
2024-06-14,131.66299438476562,131.8800048828125,132.83999633789062,128.32000732421875,129.9600067138672,309320400,80.80583621584914,9.284438317096345,113.09375038146973,97.45598037719726,0.3976409591243344,11.898994275448693
2024-06-17,130.7644805908203,130.97999572753906,133.72999572753906,129.5800018310547,132.99000549316406,288504400,78.7208454081446,9.413410169512616,115.0188003540039,98.31542022705078,0.4163215540902139,11.495922774772314
2024-06-18,135.35691833496094,135.5800018310547,136.3300018310547,130.69000244140625,131.13999938964844,294335100,81.36713419128814,9.77413321690537,117.0588005065918,99.28436019897461,0.430470601152507,11.334368955979995
2024-06-20,130.56480407714844,130.77999877929688,140.75999450683594,129.52000427246094,139.8000030517578,517768400,71.39035829857883,9.56245862920214,118.82850036621093,100.19288024902343,0.3710607070591214,10.505173638031762
2024-06-21,126.36172485351562,126.56999969482422,130.6300048828125,124.30000305175781,127.12000274658203,649445800,63.980437386226235,8.951802445440237,120.40950050354004,100.98350021362305,0.3330174171971618,8.99289616667403
2024-06-24,117.91564178466797,118.11000061035156,124.45999908447266,118.04000091552734,123.23999786376953,476060900,52.245166329203975,7.696481548911692,121.1250503540039,101.53338027954102,0.1378722002407471,8.12957663320854
2024-06-25,125.88250732421875,126.08999633789062,126.5,119.31999969482422,121.19999694824219,414192600,59.74545339877851,7.261839690307994,122.10610008239746,102.29146026611328,0.18428833032786218,7.420852786872284
2024-06-26,126.19200897216797,126.4000015258789,128.1199951171875,122.5999984741211,126.12999725341797,362975900,60.00822727737023,6.863282070326278,122.73105010986328,103.09944030761719,0.10973565150571707,7.2169929338491325
2024-06-27,123.78597259521484,123.98999786376952,126.41000366210938,122.91999816894531,124.0999984741211,252571700,56.89864128211417,6.280556781678584,123.18930015563964,103.83094024658203,0.0798171230926179,6.975499091372158
2024-06-28,123.33671569824219,123.54000091552734,127.70999908447266,122.75,124.58000183105469,315516700,56.31187077156252,5.716535140494514,123.84130020141602,104.6210401916504,0.11800905805907091,6.304120353889533
2024-07-01,124.09547424316406,124.3000030517578,124.83999633789062,118.83000183105469,123.47000122070312,284885500,57.11622858312913,5.270119094702082,124.57465019226075,105.41362030029296,0.13378270579228668,5.344329984709716
2024-07-02,122.46814727783203,122.66999816894533,123.41000366210938,121.02999877929688,121.12999725341797,218374000,54.78643392920001,4.730275716666526,124.95815010070801,106.34302032470703,0.06669563625169839,4.8757602708331165
2024-07-03,128.06893920898438,128.27999877929688,128.27999877929688,121.36000061035156,121.66000366210938,215749000,60.724422857086374,4.700936643342885,125.5503002166748,107.31826034545898,0.101711678241446,4.490337639582006
2024-07-05,125.6229476928711,125.83000183105467,128.85000610351562,125.68000030517578,127.37999725341797,214176700,57.19184266738432,4.428936910328204,125.71980018615723,108.18640045166016,0.027687024845256092,4.430333159508947
2024-07-08,127.98904418945312,128.1999969482422,130.77000427246094,127.04000091552734,127.48999786376953,237677300,59.63791246057712,4.354418930444723,126.0798999786377,109.1568603515625,0.05952161014410984,4.317600078536962
2024-07-09,131.163818359375,131.3800048828125,133.82000732421875,128.64999389648438,130.35000610351562,285366600,62.71632264491525,4.500088736650511,126.60450019836426,110.13182037353516,0.08679111534770034,4.29088950532965
2024-07-10,134.68801879882812,134.91000366210938,135.10000610351562,132.4199981689453,134.02999877929688,248978600,65.83167774629598,4.844529783887836,127.26050033569337,111.07532043457032,0.10772643606170895,4.513244736797294
2024-07-11,127.19036102294922,127.4000015258789,136.14999389648438,127.05000305175781,135.75,374782700,55.25374659866253,4.460094197107949,127.58500022888184,111.8681803894043,0.053676268854529585,4.258754648693585
2024-07-12,129.02732849121094,129.24000549316406,131.9199981689453,127.22000122070312,128.25999450683594,252680500,57.07366937782726,4.254851883521297,127.78700065612793,112.72494049072266,0.03226843964374848,4.235424233530694
2024-07-15,128.2286376953125,128.44000244140625,131.38999938964844,127.18000030517578,130.55999755859375,208326200,56.00708113909206,3.9817432532659467,127.72850074768067,113.63292053222656,-0.009027067073803186,4.2169594186627
2024-07-16,126.1520767211914,126.36000061035156,129.0399932861328,124.58000183105469,128.44000244140625,214769500,53.22217616765265,3.556467191719449,127.45250053405762,114.44378051757812,-0.04185626378590124,4.110234157228871
2024-07-17,117.79583740234375,117.98999786376952,121.8499984741211,116.72000122070312,121.3499984741211,390086200,43.786835824261566,2.5150516287665567,126.80300064086914,115.02780044555664,-0.09917543355850289,4.528536442662404
2024-07-18,120.89073944091797,121.08999633789062,122.4000015258789,116.55999755859375,121.8499984741211,320979500,47.499206810995325,1.9177595232061009,126.07850036621093,115.60680038452148,-0.10687420930425973,4.197429409153118
2024-07-19,117.73595428466797,117.93000030517578,121.5999984741211,117.37000274658203,120.3499984741211,217223800,44.288407624482616,1.17586135785578,125.43600044250488,116.15432037353516,-0.0982566034107909,4.4175946189422515
2024-07-22,123.33671569824219,123.54000091552734,124.06999969482422,119.86000061035156,120.3499984741211,258068900,50.664406066349564,1.0287233982748205,125.28450050354004,116.81688034057618,-0.023939312527475498,4.428600333720486
2024-07-23,122.38827514648438,122.58999633789062,124.69000244140625,122.0999984741211,122.77999877929688,173911000,49.62859140913207,0.8259371855919397,125.508500289917,117.493740234375,0.03793070615856409,4.151226218944269
2024-07-24,114.06200408935547,114.25,119.94999694824219,113.44000244140625,119.16999816894531,327776900,41.589799784635936,-0.007652144012325834,124.91650047302247,117.98118026733398,-0.0939011553792285,4.8494563925212955
2024-07-25,112.09524536132812,112.27999877929688,116.62999725341797,106.30000305175781,113.04000091552734,460067000,39.943931963013135,-0.817813087729732,124.21050033569335,118.41880020141602,-0.11170888114025168,5.592941955150065
2024-07-26,112.87396240234375,113.05999755859376,116.19999694824219,111.58000183105469,116.19000244140625,293399100,40.940506877888346,-1.3810126357384434,123.66400032043457,118.85288009643554,-0.08815227432445627,6.124372535285833
2024-07-29,111.4063720703125,111.58999633789062,116.27999877929688,111.30000305175781,113.69000244140625,248152100,39.60658941442763,-1.9237928617758513,123.06650009155274,119.192080078125,-0.0967298404490684,6.69358257436141
2024-07-30,103.55931091308594,103.7300033569336,111.98999786376953,102.54000091552734,111.5199966430664,486833300,33.349720119126076,-2.9541324463341994,122.03800010681152,119.37950012207031,-0.16548671914560598,7.955465641732539
2024-07-31,116.82743072509766,117.0199966430664,118.33999633789062,110.87999725341797,112.9000015258789,473174200,48.239156761027964,-2.667542827976618,121.75550003051758,119.87032012939453,-0.04605854414457189,8.031792253644749
2024-08-01,109.03028869628906,109.20999908447266,120.16000366210938,106.80999755859375,117.52999877929688,523462300,42.26389871409384,-3.0356272019947994,120.80200004577637,120.15892013549805,-0.14865918207275453,8.342413240893325
2024-08-02,107.0934829711914,107.2699966430664,108.72000122070312,101.37000274658203,103.76000213623047,482027500,40.90838065466628,-3.4441763826398244,119.87399978637696,120.3966000366211,-0.14750063512601552,8.774760274020691
2024-08-05,100.28470611572266,100.4499969482422,103.41000366210938,90.69000244140625,92.05999755859375,552842400,36.47897787064363,-4.269060458428697,118.48649978637695,120.5066000366211,-0.2164586634990593,9.548762587180951
2024-08-06,104.07845306396484,104.25,107.70999908447266,100.55000305175781,103.83999633789062,409012100,40.35420356798192,-4.563552747770586,117.12999954223633,120.51561996459961,-0.2065002578361277,9.547752742562876
2024-08-07,98.74723815917969,98.91000366210938,108.80000305175781,98.69000244140625,107.80999755859375,411440400,36.943390118648985,-5.168256639619244,115.32999954223632,120.36444000244141,-0.26684455579857724,9.411839603164921
2024-08-08,104.7972640991211,104.97000122070312,105.5,97.5199966430664,102.0,391910000,42.84708304889221,-5.099711374830861,114.20849952697753,120.18582000732422,-0.1760596549178184,9.232554363004681
2024-08-09,104.57763671875,104.75,106.5999984741211,103.43000030517578,105.63999938964844,290844200,42.690816891750806,-5.00544140578117,112.98399925231934,119.98432006835938,-0.18949245165777573,8.745194663923714
2024-08-12,108.84060668945312,109.0199966430664,111.06999969482422,106.26000213623047,106.31999969482422,325559900,46.75010219131712,-4.533914587782178,112.01299896240235,119.9547200012207,-0.1511990456960569,7.983728898378255
2024-08-13,115.94889068603516,116.13999938964844,116.2300033569336,111.58000183105469,112.44000244140625,312646700,52.75883960782973,-3.544838775231895,111.50199890136719,120.0848599243164,-0.08088003459431681,7.3162827429676405
2024-08-14,117.88570404052734,118.08000183105467,118.5999984741211,114.06999969482422,118.52999877929688,339246400,54.272905759013135,-2.5747667754836527,111.50649909973144,120.1464599609375,0.0007628101442045399,7.320509966766456
2024-08-15,122.6578369140625,122.86000061035156,123.23999786376953,117.47000122070312,118.76000213623047,318086700,57.85685179417549,-1.4040863400049801,111.59499931335449,120.27492004394531,0.01461726258147622,7.451984507070072
2024-08-16,124.37501525878906,124.58000183105467,125.0,121.18000030517578,121.94000244140625,302589900,59.099094437096255,-0.333677510100884,111.92749938964843,120.31772003173828,0.05638939632553397,7.88528381354262
2024-08-19,129.7860565185547,130.0,130.0,123.41999816894531,124.27999877929688,318333600,62.8184057665704,0.9411290055529662,112.25049934387206,120.49776000976563,0.05229074823214375,8.494750152133514
2024-08-20,127.04061889648438,127.25,129.8800048828125,125.88999938964844,128.39999389648438,300087400,59.84485951109541,1.7098107029392935,112.48349952697754,120.625,0.03801291949846508,8.849766166799622
2024-08-21,128.28857421875,128.5,129.35000610351562,126.66000366210938,127.31999969482422,257883600,60.75423366066125,2.3922842755019076,113.19599952697754,120.75919998168945,0.12472647702406991,9.545744440145297
2024-08-22,123.53638458251953,123.73999786376952,130.75,123.0999984741211,130.02000427246094,376189100,55.59137007277177,2.5200080234741478,113.76899948120118,120.81579986572265,0.10206625586983642,9.827656373243306
2024-08-23,129.15711975097656,129.3699951171875,129.60000610351562,125.22000122070312,125.86000061035156,323230300,59.92879728365635,3.040475036847866,114.58449935913086,120.89919982910156,0.1442596666441729,10.424317082542046
2024-08-26,126.25191497802734,126.45999908447266,131.25999450683594,124.37000274658203,129.57000732421875,331964700,56.838661492023434,3.181462614096759,115.32799949645997,120.83619979858399,0.13325569705689544,10.725439366312292
2024-08-27,128.0889129638672,128.3000030517578,129.1999969482422,123.87999725341797,125.05000305175781,303134600,58.30272762585097,3.402447925695185,116.55649948120117,120.76459976196288,0.23686492721184216,10.734207641055013
2024-08-28,125.40330505371094,125.61000061035156,128.3300018310547,122.63999938964844,128.1199951171875,448101100,55.34690913853815,3.322223141157906,116.98599967956542,120.65719985961914,0.07340629134938648,10.923905954163974
2024-08-29,117.3965072631836,117.58999633789062,124.43000030517578,116.70999908447266,121.36000061035156,453023300,47.598864881724815,2.581736451866476,117.40499954223633,120.29739974975585,0.07673287541130858,10.769572423763318
2024-08-30,119.17357635498047,119.37000274658205,121.75,117.22000122070312,119.52999877929688,333751600,49.2954562344049,2.1141563780224573,118.0099998474121,120.06919982910156,0.11279953838143197,10.506921428189065
2024-09-03,107.82228088378906,108.0,116.20999908447266,107.29000091552734,116.01000213623047,477155100,40.3162090051863,0.8167169970438408,118.3875,119.69779983520507,0.07516180469022826,9.964433667290692
2024-09-04,106.03522491455078,106.20999908447266,113.2699966430664,104.12000274658203,105.41000366210938,372470300,39.10844804360534,-0.3518947505118746,118.48549995422363,119.4597998046875,0.01880095045057706,9.826760911875182
2024-09-05,107.03358459472656,107.20999908447266,109.6500015258789,104.76000213623047,104.98999786376953,306850700,40.18648111272702,-1.183691478648015,118.9004997253418,119.08219985961914,0.0839146205141923,9.105324465864129
2024-09-06,102.66079711914062,102.83000183105467,108.1500015258789,100.94999694824219,108.04000091552734,413638100,37.089197345651975,-2.1712962006381815,118.79349975585937,118.61079986572265,-0.020386771122818503,9.288376644347029
2024-09-09,106.29480743408203,106.47000122070312,106.55000305175781,103.69000244140625,104.87999725341797,273912000,41.1486685565457,-2.6299461460358486,118.87949981689454,118.26039993286133,0.016420059386187402,9.15856137749348
2024-09-10,107.92211151123047,108.0999984741211,109.4000015258789,104.94999694824219,107.80999755859375,268283700,42.924747740978844,-2.8292881041683557,118.83349990844727,117.9515998840332,-0.008438802029662518,9.212837753955862
2024-09-11,116.71763610839844,116.91000366210938,117.19000244140625,107.41999816894531,109.38999938964844,441422400,51.452705468842304,-2.2504326648694786,118.87200012207032,117.80379989624024,0.006629966217561067,9.202592476749778
2024-09-12,118.95413970947266,119.13999938964844,120.79000091552734,115.37999725341797,116.83999633789062,366052700,53.35263236364953,-1.5933760926821208,118.925,117.7331999206543,0.008976943954577266,9.200843325600621
2024-09-13,118.9141845703125,119.0999984741211,119.95999908447266,117.5999984741211,119.08000183105469,238358300,53.31232818354329,-1.0636210041137844,118.73699989318848,117.54959991455078,-0.0306039566787506,9.154505229672711
2024-09-16,116.59780883789062,116.77999877929688,118.18000030517578,114.36000061035156,116.79000091552734,248772300,50.91017072181831,-0.8215208846902442,118.34699974060058,117.36859985351562,-0.06261039442217642,9.058120908117667
2024-09-17,115.40966796875,115.58999633789062,118.80000305175781,114.83000183105469,118.16999816894531,231925900,49.67380804562135,-0.717408212266136,117.62649955749512,117.11639984130859,-0.11084618201622598,8.646166706987566
2024-09-18,113.19313049316406,113.37000274658205,117.69999694824219,113.22000122070312,115.88999938964844,310318900,47.36297353582023,-0.8047563683656875,116.93249969482422,116.75619979858398,-0.10907659924100555,8.386207548619915
2024-09-19,117.68611145019531,117.87000274658205,119.66000366210938,117.25,117.3499984741211,293506400,52.2155608581825,-0.5050461616816904,116.40099983215332,116.41539978027343,-0.08272371403438095,7.939452024387601
2024-09-20,115.81903076171875,116.0,118.62000274658203,115.38999938964844,117.05999755859375,382462400,50.14666568045563,-0.4136489691445746,116.01399993896484,116.18739974975585,-0.0625504929480506,7.749253277826733
2024-09-23,116.07862854003906,116.26000213623048,116.98999786376953,114.86000061035156,116.55000305175781,206228500,50.4406899279502,-0.31658662259545167,115.35850028991699,115.92779968261719,-0.1013371993179838,7.086131432878617
2024-09-24,120.68143463134766,120.87000274658205,121.80000305175781,115.37999725341797,116.5199966430664,354966800,55.45692501500774,0.13081653661033954,115.07900047302246,115.7763996887207,-0.04420367213632992,6.726314764408128
2024-09-25,123.31730651855469,123.51000213623048,124.94000244140625,121.61000061035156,122.0199966430664,284692900,58.074042088833636,0.6904535324659093,114.8395004272461,115.71939971923828,-0.03733437881209545,6.302725268140816
2024-09-26,123.84647369384766,124.04000091552734,127.66999816894531,121.80000305175781,126.80000305175781,302582900,58.59993785592452,1.1633262548326684,114.76100044250488,115.84039978027344,-0.012499002366017309,6.169896614317887
2024-09-27,121.21060180664062,121.4000015258789,124.02999877929688,119.26000213623047,123.97000122070312,271009200,54.90551748047518,1.3099550603066774,114.9515007019043,115.8465998840332,0.032400759474814134,6.31886136906743
2024-09-30,121.25054931640625,121.44000244140624,121.5,118.1500015258789,118.30999755859375,226553700,54.95185969791554,1.4130978719844336,115.05500068664551,115.91679992675782,0.017341037506874546,6.411319843576963
2024-10-01,116.81745910644531,117.0,122.44000244140625,115.79000091552734,121.7699966430664,302094500,48.939919960264554,1.1236158587766312,115.5050006866455,115.78599990844727,0.08333333333333326,6.2025266847963705
2024-10-02,118.6645736694336,118.8499984741211,119.37999725341797,115.13999938964844,116.44000244140625,221845900,51.32923407936887,1.0315871984009704,116.13700065612792,115.71119995117188,0.11900950474159577,5.838884556515156
2024-10-03,122.65834045410156,122.8499984741211,124.36000061035156,120.33999633789062,120.91999816894531,277118000,56.11132205515155,1.2668173112302838,116.91900062561035,115.88319992065429,0.1458819095532815,5.623734421466448
2024-10-04,124.72510528564453,124.91999816894533,125.04000091552734,121.83000183105469,124.94000244140625,243678100,58.38979665994679,1.6018059244445766,118.02350044250488,116.13599990844726,0.21482053821396963,4.82329362117674
2024-10-07,127.52073669433594,127.72000122070312,130.63999938964844,124.94999694824219,124.98999786376953,346250200,61.315320260874756,2.069369258875838,119.08600044250488,116.42919998168945,0.19958673575996855,4.472016640580925
2024-10-08,132.68267822265625,132.88999938964844,133.47999572753906,129.4199981689453,130.25999450683594,285722500,66.0602422252494,2.8245327593418352,120.32550048828125,116.8552000427246,0.22932471105873353,4.696643057898583
2024-10-09,132.4430389404297,132.64999389648438,134.52000427246094,131.3800048828125,134.11000061035156,246191600,65.65762650910607,3.3648509296614435,121.1125,117.43359985351563,0.1346333909959181,5.365341107629549
2024-10-10,134.59970092773438,134.80999755859375,135.0,131.0,131.91000366210938,242311300,67.57309099267475,3.922139236380289,121.89599990844727,117.78939987182618,0.13152592117863326,6.149043816991191
2024-10-11,134.5897216796875,134.8000030517578,135.77999877929688,133.66000366210938,134.00999450683594,170209500,67.5543156245649,4.313267103077578,122.68100013732911,118.30119995117188,0.1318220384448463,6.746442428254104
2024-10-14,137.85459899902344,138.07000732421875,139.60000610351562,136.3000030517578,136.47000122070312,232347700,70.4475268458169,4.8314073154945305,123.7455005645752,118.91720016479492,0.18230868956556479,7.413045844979869
2024-10-15,131.3946990966797,131.60000610351562,138.57000732421875,128.74000549316406,137.8699951171875,377831000,59.199377639908086,4.666173398038694,124.54600105285644,119.5402003479004,0.1385068801181102,7.350176198141159
2024-10-16,135.5082550048828,135.72000122070312,136.6199951171875,131.5800018310547,133.97999572753906,264879700,63.225935740800814,4.812201439032265,125.6635009765625,120.16960037231445,0.19714208284955603,7.26004180338197
2024-10-17,136.7163848876953,136.92999267578125,140.88999938964844,136.8699951171875,139.33999633789062,306435900,64.33902671167081,4.968294505298019,126.61650047302246,120.9300001525879,0.16170348252368982,7.43210316798902
2024-10-18,137.78469848632812,138.0,138.89999389648438,137.27999877929688,138.6699981689453,176090200,65.33817418665211,5.119327611508908,127.71650047302246,121.59060012817383,0.18965517241379315,7.406117569742153
2024-10-21,143.48580932617188,143.7100067138672,143.7100067138672,138.0,138.1300048828125,264554500,70.14528262562766,5.634817588005319,129.0890007019043,122.36980026245118,0.23610875686611021,7.70859643804933
2024-10-22,143.36599731445312,143.58999633789062,144.4199981689453,141.77999877929688,142.91000366210938,226311600,69.92578153953482,5.964903578481511,130.22500038146973,123.06120025634766,0.1879704895758436,8.097900193894565
2024-10-23,139.34228515625,139.55999755859375,142.42999267578125,137.4600067138672,142.02999877929688,285930000,62.81713190979312,5.834060465224297,131.0275001525879,123.52960021972656,0.12994895267397255,8.192148412595174
2024-10-24,140.19094848632812,140.41000366210938,141.35000610351562,138.4600067138672,140.82000732421875,172354900,63.6563600061791,5.732869789702363,131.846000289917,123.97620025634765,0.1319735780857514,8.27463465146039
2024-10-25,141.31918334960938,141.5399932861328,144.1300048828125,140.8000030517578,140.92999267578125,205122100,64.79396462081868,5.6783991188913205,132.85299987792968,124.34980010986328,0.16589778836172964,8.161190703616304
2024-10-28,140.30076599121094,140.52000427246094,143.13999938964844,140.0500030517578,143.0,173586700,62.88065309088884,5.489644921365908,133.80699996948243,124.6686001586914,0.15711463642518164,7.866717909619671
2024-10-29,141.02963256835938,141.25,142.25999450683594,138.89999389648438,140.2899932861328,157593600,63.7066672510905,5.33743379990193,135.0194999694824,124.89360015869141,0.2072649572649572,6.95602593440123
2024-10-30,139.1226043701172,139.33999633789062,140.3300018310547,136.80999755859375,139.5399932861328,179418100,59.94778377391761,5.004989651351309,136.0439998626709,125.13540008544922,0.17240217187071405,5.873945812875067
2024-10-31,132.55287170410156,132.75999450683594,137.61000061035156,132.11000061035156,137.60000610351562,270039600,49.18177613466329,4.162590361532608,136.53949966430665,125.22059997558594,0.0806674493756907,5.064604553103069
2024-11-01,135.18875122070312,135.39999389648438,137.30999755859375,134.57000732421875,134.6999969482422,207127800,52.841153680779705,3.665752232654796,137.0634994506836,125.45379989624024,0.08389365899097756,4.280606875190702
2024-11-04,135.83775329589844,136.0500030517578,138.9600067138672,135.57000732421875,137.2100067138672,187528200,53.72471594752716,3.2865692183403894,137.47999954223633,125.58740005493163,0.06522080920325268,3.687854021759784
2024-11-05,139.6917266845703,139.91000366210938,140.3699951171875,137.3300018310547,137.4499969482422,160537400,58.676112828552405,3.259955005462956,137.83099975585938,125.85640014648438,0.05282567766350499,3.5598482674122396
2024-11-06,145.38282775878906,145.61000061035156,146.49000549316406,141.9600067138672,142.9600067138672,242043900,64.6851861122991,3.6566535410402707,138.47900009155273,126.20260009765624,0.09770077127919619,3.742007749373799
2024-11-07,148.6477508544922,148.8800048828125,148.92999267578125,146.1699981689453,146.38999938964844,207323300,67.59630074008498,4.186641013258225,139.18250045776367,126.66800018310546,0.10436916830373333,4.297311789497116
2024-11-08,147.39967346191406,147.6300048828125,149.77000427246094,146.25999450683594,148.77000427246094,175665800,65.37770372833711,4.454447254873344,139.8240005493164,127.2688003540039,0.09517805297176807,4.558361223620854
2024-11-11,145.0333709716797,145.25999450683594,148.85000610351562,143.57000732421875,148.67999267578125,182325600,61.27151389884607,4.424443371389913,140.18349990844726,127.78660018920898,0.052074938807915805,4.694247465856951
2024-11-12,148.0586395263672,148.2899932861328,149.64999389648438,146.00999450683594,146.77999877929688,198634700,64.35397338235809,4.5922243525204465,141.01799926757812,128.59240005493163,0.12682360492817124,4.569891807533909
2024-11-13,146.04177856445312,146.27000427246094,149.3300018310547,145.89999389648438,149.07000732421875,191903300,60.87540945728096,4.5102049223722815,141.545499420166,129.3936001586914,0.0777335908994119,4.534916911939843
2024-11-14,146.531005859375,146.75999450683594,149.0,145.5500030517578,147.63999938964844,194463300,61.420172954218316,4.433633878447097,142.03699951171876,130.18460006713866,0.07178852228766175,4.5410442009652225
2024-11-15,141.7584991455078,141.97999572753906,145.24000549316406,140.0800018310547,144.8699951171875,250132900,53.582199706803166,3.9418061336792505,142.2359992980957,130.96759994506837,0.02884054875028297,4.440924704214257
2024-11-18,139.93133544921875,140.14999389648438,141.5500030517578,137.14999389648438,139.5,221205300,50.90394073563066,3.365567086341912,142.05799865722656,131.64119979858398,-0.024772198532221568,4.450070776801524
2024-11-19,146.78062438964844,147.00999450683594,147.1300048828125,140.99000549316406,141.32000732421875,227834900,59.14739287068118,3.422980222315431,142.22899856567383,132.41939971923827,0.02381780246652765,4.575966363740036
2024-11-20,145.66238403320312,145.88999938964844,147.55999755859375,142.72999572753906,147.41000366210938,309871700,57.45134030061655,3.339609362549652,142.54549865722657,132.99899963378905,0.04535684968321285,4.600490875283761
2024-11-21,146.44119262695312,146.6699981689453,152.88999938964844,140.6999969482422,149.35000610351562,400946600,58.34714019049982,3.298454211365936,142.85849838256837,133.549599609375,0.0445836788232008,4.660119663951098
2024-11-22,141.72853088378906,141.9499969482422,147.16000366210938,141.10000610351562,145.92999267578125,236406200,51.3076655751883,2.8520966113640327,142.87899856567384,134.00659957885742,0.0028967336552045975,4.654913105533195
2024-11-25,135.8077850341797,136.02000427246094,142.0500030517578,135.82000732421875,141.99000549316406,344941900,44.107680130882365,1.9968358667262862,142.65399856567382,134.3913996887207,-0.03202391021334394,4.878333154826692
2024-11-26,136.70640563964844,136.9199981689453,139.3000030517578,135.6699981689453,137.6999969482422,190287700,45.36088792387512,1.3757982053566877,142.4374984741211,134.8179997253418,-0.030654880219856184,5.037410862758805
2024-11-27,135.1288604736328,135.33999633789062,137.22000122070312,131.8000030517578,135.00999450683594,226370900,43.51619299184463,0.7475115929133835,142.23749847412108,135.25739959716796,-0.028706761196550135,5.242110226428063
2024-11-29,138.03431701660156,138.25,139.35000610351562,136.0500030517578,136.77999877929688,141863200,47.7321688523222,0.4788826406213502,142.5119987487793,135.66499954223633,0.04135286020128137,4.848682553077665
2024-12-02,138.41371154785156,138.6300048828125,140.4499969482422,137.82000732421875,138.8300018310547,171682800,48.275111607246664,0.29327478955570996,142.6734992980957,136.11759963989257,0.023855325937440774,4.649008622772352
2024-12-03,140.0411834716797,140.25999450683594,140.5399932861328,137.9499969482422,138.25999450683594,164414000,50.643454936927405,0.2745410324941133,142.8839988708496,136.59759948730468,0.03094444219509862,4.423147508560485
2024-12-04,144.91355895996094,145.13999938964844,145.7899932861328,140.2899932861328,142.0,231224300,56.99251257206127,0.6460230535677169,143.14549865722657,137.082999420166,0.03738114209595622,4.392563643255306
2024-12-05,144.84368896484375,145.05999755859375,146.5399932861328,143.9499969482422,145.11000061035156,172621200,56.863372363239954,0.9233262225461942,143.11799850463868,137.5139993286133,-0.00377723404609831,4.3780198770884535
2024-12-06,142.2275848388672,142.44000244140625,145.6999969482422,141.30999755859375,144.60000610351562,188505600,52.65540936450875,0.9210618444768386,142.79599838256837,137.88199935913087,-0.04325632878958696,4.1634966480416535
2024-12-09,138.60296630859375,138.80999755859375,139.9499969482422,137.1300048828125,138.97000122070312,189308600,47.41954819904227,0.6192182887339754,142.35499801635743,138.23019927978515,-0.05974400211677833,4.091006437046666
2024-12-10,134.86859130859375,135.07000732421875,141.82000732421875,133.7899932861328,139.00999450683594,210020900,42.70762217958238,0.07732775441280637,141.84549865722656,138.50279937744142,-0.0701499901415572,4.337296226227793
2024-12-11,139.10223388671875,139.30999755859375,140.1699981689453,135.2100067138672,137.36000061035156,184905200,48.906152503554395,-0.00987874528368593,141.3964988708496,138.94899932861327,-0.06055699058676012,4.092971325544
2024-12-12,137.13519287109375,137.33999633789062,138.44000244140625,135.8000030517578,137.0800018310547,159211400,46.39458146515279,-0.2352414421927449,140.9499984741211,139.31879928588867,-0.06105153260224261,4.019772034499731
2024-12-13,134.04978942871094,134.25,139.60000610351562,132.5399932861328,138.94000244140625,231514900,42.691215416178665,-0.6556222779254313,140.3244987487793,139.54679931640624,-0.08524117589997071,4.04137616284475
2024-12-16,131.80313110351562,132.0,134.39999389648438,130.4199981689453,134.17999267578125,237951100,40.17638080883527,-1.1569961830957425,139.82549896240235,139.68839935302734,-0.07029156238806178,4.424205536401841
2024-12-17,130.195556640625,130.38999938964844,131.58999633789062,126.86000061035156,129.08999633789062,259410300,38.431804804411605,-1.6650584516977176,139.33749923706054,139.74179931640626,-0.06963963561814157,4.899295215290321
2024-12-18,128.71774291992188,128.91000366210938,136.6999969482422,128.27999877929688,133.86000061035156,277444500,36.847823582867576,-2.162200247794175,138.43249969482423,139.66219940185547,-0.123120818454863,5.07596905654325
2024-12-19,130.485107421875,130.67999267578125,134.02999877929688,129.5500030517578,131.75999450683594,209719200,40.03114017469989,-2.385862642530725,137.67199935913087,139.6227993774414,-0.10425667816505868,5.039129120492524
2024-12-20,134.49911499023438,134.6999969482422,135.27999877929688,128.22000122070312,129.80999755859375,306528600,46.613256703383925,-2.213223293110559,137.0734992980957,139.62059936523437,-0.08161179089206227,4.606450813545368
2024-12-23,139.46170043945312,139.6699981689453,139.7899932861328,135.1199951171875,136.27999877929688,176053500,53.42019898358171,-1.656275291849397,136.95949935913086,139.71799926757814,-0.01606198540552428,4.506545241075836
2024-12-24,140.01089477539062,140.22000122070312,141.89999389648438,138.64999389648438,140.0,105157000,54.117403059338436,-1.1571702007854583,137.16949920654298,139.7609991455078,0.03087778868047386,4.55802515431836
2024-12-26,139.7213134765625,139.92999267578125,140.85000610351562,137.72999572753906,139.6999969482422,116205600,53.66130950636585,-0.7760809085121991,137.31999893188475,139.9275988769531,0.02198360025627455,4.598863377423675
2024-12-27,136.8056640625,137.00999450683594,139.02000427246094,134.7100067138672,138.5500030517578,170582600,49.16809800121286,-0.7015967766639903,137.40349884033202,139.95339874267577,0.012339280435444966,4.5761256348752015
2024-12-30,137.2849578857422,137.49000549316406,140.27000427246094,134.02000427246094,134.8300018310547,167734700,49.91059508026302,-0.5969533835525738,137.36549911499023,139.96459899902345,-0.005497247789048365,4.571879898398477
2024-12-31,134.0897216796875,134.2899932861328,138.07000732421875,133.8300018310547,138.02999877929688,155659200,45.17335024390857,-0.7634365606380982,137.14849853515625,139.8903988647461,-0.03130643759515417,4.61152792658467
2025-01-02,138.10374450683594,138.30999755859375,138.8800048828125,134.6300048828125,136.0,198247200,51.412395473801865,-0.5644878649887346,137.05099868774414,139.78239868164061,-0.013902730818566744,4.56263517423692
2025-01-03,144.2545623779297,144.47000122070312,144.89999389648438,139.72999572753906,140.00999450683594,229322500,59.094009440659775,0.08921283387905987,137.0174987792969,139.79999877929689,-0.004616220006633753,4.502177112428466
2025-01-06,149.2071533203125,149.42999267578125,152.16000366210938,147.82000732421875,148.58999633789062,265377400,64.02578153983006,0.9960236646349472,137.23599853515626,139.99739868164062,0.030125432171073552,4.992392905479074
2025-01-07,139.93099975585938,140.13999938964844,153.1300048828125,140.00999450683594,153.02999877929688,351782200,51.50144671255584,0.9540552081894305,137.12099838256836,139.9919985961914,-0.016147170825161483,4.891683679231837
2025-01-08,139.90106201171875,140.11000061035156,143.9499969482422,137.55999755859375,142.5800018310547,227349900,51.46643633897688,0.9079084498544034,137.18599853515624,139.9633987426758,0.009365341651339287,4.923839595274942
2025-01-10,135.70733642578125,135.91000366210938,139.9199981689453,134.22000122070312,137.4499969482422,207602500,46.68173953652892,0.5263645555742471,137.22799835205078,139.87119873046876,0.006218970106918853,4.908398791646195
2025-01-13,133.03131103515625,133.22999572753906,133.49000549316406,129.50999450683594,129.99000549316406,204808900,43.878538367394526,0.007645890852558068,136.92399826049805,139.71079864501954,-0.04364368629392479,4.960667285520949
2025-01-14,131.56349182128906,131.75999450683594,136.3800048828125,130.0500030517578,136.0500030517578,195590500,42.375438826697945,-0.5161098086960294,136.6449981689453,139.55919860839845,-0.04062911009059944,5.091237248970715
2025-01-15,136.03683471679688,136.24000549316406,136.4499969482422,131.2899932861328,133.64999389648438,185217300,48.19937559909912,-0.5631983287071023,136.7444984436035,139.628798828125,0.014823132165095343,5.061325156860316
2025-01-16,133.3708038330078,133.57000732421875,138.75,133.49000549316406,138.63999938964844,209235600,45.263270997728576,-0.8066641361677682,136.82299880981446,139.59219909667968,0.011893994880445069,4.995614480730846
2025-01-17,137.50462341308594,137.7100067138672,138.5,135.4600067138672,136.69000244140625,201188800,50.316999687257365,-0.6579645851616363,137.1889991760254,139.62539916992188,0.056139330918655306,4.7621937275871185
2025-01-21,140.61996459960938,140.8300018310547,141.8300018310547,137.08999633789062,139.16000366210938,197749000,53.780362115692895,-0.2850754166471745,137.78499908447264,139.64379913330077,0.0924675962324013,4.403958199760026
2025-01-22,146.85067749023438,147.07000732421875,147.7899932861328,143.6699981689453,144.66000366210938,237651400,59.81401697938775,0.5081011554800625,138.60449981689453,139.67299926757812,0.12542099454429367,4.5352464194366435
2025-01-23,147.00047302246094,147.22000122070312,147.22999572753906,143.72000122070312,145.0500030517578,155915500,59.94936025454412,1.1357107902795747,139.2305000305176,139.63979919433595,0.09294732409883943,4.822889164968479
2025-01-24,142.4073028564453,142.6199951171875,148.97000122070312,141.8800048828125,148.3699951171875,234657600,53.94853170621287,1.2475331136707837,139.37799987792968,139.53959899902344,0.02112119271795132,4.881788565048798
2025-01-27,118.24340057373047,118.41999816894533,128.39999389648438,116.69999694824219,124.80000305175781,818830900,34.42546415907087,-0.6095577925197802,138.2879997253418,139.00279907226562,-0.1554699961629945,6.7573437439445705
2025-01-28,128.7976531982422,128.99000549316406,129.0,116.25,121.80999755859375,579666400,43.96397182520291,-1.2144055502240576,137.74100036621093,138.61679931640626,-0.07818186061057841,7.053720872953417
2025-01-29,123.5155258178711,123.6999969482422,126.88999938964844,120.05000305175781,126.5,467120600,40.76781273764583,-2.0964447252257514,137.07550048828125,138.16539916992187,-0.09714617978420292,7.722496837107992
2025-01-30,124.46410369873047,124.6500015258789,125.0,118.0999984741211,123.0999984741211,392925500,41.58907069534346,-2.68782610998565,136.433500289917,137.72319931030273,-0.0933886352046408,8.20487696933101
2025-01-31,119.89093780517578,120.06999969482422,127.8499984741211,119.19000244140625,123.77999877929688,388161100,38.79629107457376,-3.485884878186681,135.72250061035157,137.28499938964845,-0.10589019511684639,8.979916873717931
2025-02-03,116.48603057861328,116.66000366210938,118.56999969482422,113.01000213623047,114.75,371235700,36.814104212277115,-4.343441888609902,134.64000091552734,136.81519958496094,-0.1565323857902069,9.908493888890654
2025-02-04,118.47305297851562,118.6500015258789,121.19999694824219,116.69999694824219,116.95999908447266,256550000,38.77987122507735,-4.807072857630985,133.34900093078613,136.2479997253418,-0.17872222244519587,10.236941173094754
2025-02-05,124.64384460449219,124.83000183105467,125.0,120.76000213623047,121.76000213623047,262230800,44.549380409144554,-4.622543559925447,132.1190013885498,135.82679977416993,-0.16462552399437813,9.66497038884358
2025-02-06,128.48806762695312,128.67999267578125,128.77000427246094,125.20999908447266,127.41999816894531,251483600,47.84685185063902,-4.1181689879565795,131.54600105285644,135.46699966430663,-0.08177541575409553,9.502756342589894
2025-02-07,129.6463623046875,129.83999633789062,130.3699951171875,125.0,129.22000122070312,228186300,48.83412960849588,-3.5835371196308614,131.0325008392334,135.22479965209962,-0.07329958052760277,9.29074213313817
2025-02-10,133.3708038330078,133.57000732421875,135.0,129.9600067138672,130.08999633789062,216989100,51.98187404100083,-2.8262772339178355,130.91550102233887,135.17579971313478,-0.017217248729594403,9.240685280284367
2025-02-11,132.6019744873047,132.8000030517578,134.47999572753906,131.02000427246094,132.5800018310547,178902400,51.28051693769755,-2.2621990063455826,130.8940013885498,135.09339981079103,-0.0032274464427710647,9.235515663970494
2025-02-12,130.94444274902344,131.13999938964844,132.24000549316406,129.0800018310547,130.02000427246094,160278600,49.7229568545388,-1.9268992739561384,130.86300163269044,135.00939987182616,-0.004705488335120855,9.233496210872676
2025-02-13,135.08824157714844,135.2899932861328,136.5,131.1699981689453,131.55999755859375,197430000,53.52352635135332,-1.3111874431741342,130.81550102233888,134.95019973754881,-0.006973078161531032,9.20678397382297
2025-02-14,138.64292907714844,138.85000610351562,139.25,135.5,136.47999572753906,195479600,56.55730895506332,-0.5298602006542978,131.07950096130372,134.9545997619629,0.03952982323704268,9.364278709540502
2025-02-18,139.19210815429688,139.39999389648438,143.44000244140625,137.92999267578125,141.27000427246094,219176600,57.02403612736604,0.1322027358091873,131.16400032043458,134.93739974975585,0.012272072472762519,9.434619320033002
2025-02-19,139.02235412597656,139.22999572753906,141.36000061035156,137.22000122070312,139.50999450683594,167536000,56.82083325582181,0.635845322287139,131.0840000152588,134.81919967651368,-0.011361258841955157,9.354789058614832
2025-02-20,139.90106201171875,140.11000061035156,140.66000366210938,136.7899932861328,140.02999877929688,143903600,57.66189679543361,1.0933908114923838,130.73599967956542,134.72019973754882,-0.047324446639372963,8.844337054326303
2025-02-21,134.22952270507812,134.42999267578125,141.4600067138672,134.02999877929688,140.0399932861328,228217600,50.78575245386795,0.9863002819126052,130.09649925231935,134.55999954223634,-0.0868768403672806,8.013041088385593
2025-02-24,130.08570861816406,130.27999877929688,138.58999633789062,130.0800018310547,136.55999755859375,251381100,46.42931452038615,0.5601039119306961,129.4794994354248,134.38939956665038,-0.08652360650938984,7.453539145643052
2025-02-25,126.44114685058594,126.62999725341795,130.1999969482422,124.44000244140625,129.97999572753906,271428700,42.94043219039897,-0.07136178640934077,129.88999938964844,134.22059936523436,0.06932949849196701,7.026216172272924
2025-02-26,131.08424377441406,131.27999877929688,133.72999572753906,128.49000549316406,129.99000549316406,322553800,48.273219153257415,-0.1943463367605318,130.00449905395507,134.05999938964842,0.01775326140484723,7.029436101205413
2025-02-27,119.9708251953125,120.1500015258789,135.00999450683594,120.01000213623047,135.0,443175800,38.901508972041846,-1.1763500093965433,129.8269992828369,133.7161994934082,-0.02869842772792197,7.238714328535109
2025-02-28,124.73370361328125,124.91999816894533,125.08999633789062,116.4000015258789,118.0199966430664,389091100,43.92589117068354,-1.5518078553550936,129.84049911499022,133.5295994567871,0.0021660380245591693,7.228796313573244
2025-03-03,113.88990020751953,114.05999755859376,123.69999694824219,112.27999877929688,123.51000213623047,411381400,36.555346985844324,-2.694610400389365,129.5399990081787,133.17079940795898,-0.05005415300662752,7.761612660996781
2025-03-04,115.8170166015625,115.98999786376952,119.30999755859375,110.11000061035156,110.6500015258789,398163300,38.529399227941084,-3.405300570582966,129.50649871826172,132.88279937744142,-0.00574323484748418,7.821346621158349
2025-03-05,117.12506866455078,117.3000030517578,118.27999877929688,114.51000213623047,117.58000183105469,284337900,39.89638665010308,-3.8188004260166792,129.43899879455566,132.65059936523437,-0.011377989521784038,7.9251089209581345
2025-03-06,110.40510559082031,110.56999969482422,115.3499984741211,110.22000122070312,113.52999877929688,321181900,35.52554781468464,-4.6361148207014224,128.72599868774415,132.24839950561523,-0.11423537552719087,8.93829304245089
2025-03-07,112.5219497680664,112.69000244140624,113.4800033569336,107.55999755859375,111.25,341755500,37.83589239683083,-5.054510610875781,127.92649917602539,131.80819961547851,-0.12426166571724151,9.630914143135364
2025-03-10,106.8204574584961,106.9800033569336,111.8499984741211,105.45999908447266,109.9000015258789,366487400,34.273573576715066,-5.780210822327859,126.78349952697754,131.15439971923828,-0.17606279748704756,10.690135367103007
2025-03-11,108.59780883789062,108.76000213623048,112.23999786376953,104.7699966430664,106.98999786376953,354865700,36.2874020056398,-6.140913811044939,125.54299926757812,130.52519973754883,-0.1857453307445447,11.284161796200049
2025-03-12,115.57803344726562,115.73999786376952,116.76000213623047,112.87999725341797,114.12000274658203,323857500,43.58674455904863,-5.7967251679734915,124.68999900817872,130.0413998413086,-0.1284638915357501,11.351318924439342
2025-03-13,115.41825103759766,115.58000183105467,117.76000213623047,113.79000091552734,117.02999877929688,299033100,43.46382383689671,-5.473765371390797,123.91199913024903,129.61279998779298,-0.1186518044152286,11.419005977126668
2025-03-14,121.49972534179688,121.66999816894533,121.87999725341797,118.1500015258789,118.61000061035156,277593500,49.32224437423346,-4.672543425502653,123.23099937438965,129.29639984130858,-0.10067259807147566,11.10659561407447
2025-03-17,119.36272430419922,119.52999877929688,122.88999938964844,118.02999877929688,122.73999786376953,255501500,47.46112825095945,-4.162269277607777,122.2649990081787,129.00119995117188,-0.13914300666155732,10.500260038401526
2025-03-18,115.2684555053711,115.43000030517578,119.0199966430664,114.54000091552734,118.0,299686900,44.0329517821922,-4.042113977020534,121.06649932861328,128.5436000061035,-0.1719511810675417,9.78515224424071
2025-03-19,117.35552978515625,117.5199966430664,120.44999694824219,115.68000030517578,117.2699966430664,273426200,46.16754824171774,-3.735187877218493,119.98099937438965,128.0045999145508,-0.1559290364912258,8.820829896714942
2025-03-20,118.3641128540039,118.52999877929688,120.19999694824219,116.47000122070312,116.55000305175781,248829700,47.21528697147574,-3.3715824961105483,118.90199928283691,127.38660003662109,-0.15402185238060961,7.440916925978701
2025-03-21,117.5352783203125,117.6999969482422,117.98999786376953,115.41999816894531,116.94000244140625,266498500,46.41579144205894,-3.11449486500058,118.06549949645996,126.93779998779297,-0.12445136233763332,6.481996290276001
2025-03-24,121.24009704589844,121.41000366210938,122.22000122070312,119.33999633789062,119.87999725341797,228452500,50.45428878423892,-2.581625161286837,117.62199974060059,126.56380004882813,-0.06808408965534207,5.877553720234302
2025-03-25,120.52111053466797,120.69000244140624,121.29000091552734,118.91999816894531,120.55000305175781,167447200,49.67187453478246,-2.1921504177348794,117.325,126.25940002441406,-0.0469082756128022,5.538722831186628
2025-03-26,113.60079956054688,113.76000213623048,118.83999633789062,112.70999908447266,118.7300033569336,293463300,42.79329047836049,-2.414845153909212,116.44900016784668,125.87000015258789,-0.1334551859077967,4.50433280375862
2025-03-27,111.27406311035156,111.43000030517578,114.44999694824219,110.66000366210938,111.3499984741211,236902100,40.7500282578582,-2.747670575851771,116.01300010681152,125.4634002685547,-0.07257595597137745,4.549044397269115
2025-03-28,109.51651763916016,109.66999816894533,112.87000274658203,109.06999969482422,111.48999786376953,229872500,39.22643554946342,-3.117517779684391,115.25050010681153,124.9320001220703,-0.12207813179260119,4.245450988027341
2025-03-31,108.22832489013672,108.37999725341795,110.95999908447266,103.6500015258789,105.12999725341797,299212700,38.10196055726156,-3.4746628952684375,114.96650009155273,124.4281999206543,-0.04979835548618117,4.510961040743107
2025-04-01,109.995849609375,110.1500015258789,110.19999694824219,106.47000122070312,108.5199966430664,222614000,40.61731819081005,-3.5736832245437427,114.6745002746582,123.87699981689452,-0.050349137386395126,4.6287002472162575
2025-04-02,110.26547241210938,110.41999816894533,111.9800033569336,106.79000091552734,107.29000091552734,220601200,41.01110561080398,-3.5889993261012165,114.33050003051758,123.26879974365234,-0.05865306652870861,4.678693326181206
2025-04-03,101.65753936767578,101.8000030517578,105.62999725341797,101.5999984741211,103.51000213623047,338769400,33.39665834570759,-4.247733781671457,113.89200019836426,122.36339965820312,-0.07931624009470761,5.404382253381275
2025-04-04,94.17802429199219,94.30999755859376,100.12999725341797,92.11000061035156,98.91000366210938,532273800,28.45322964617047,-5.312922368462694,112.97299995422364,121.30519958496093,-0.16310235588440292,6.958744604998139
2025-04-07,97.50334930419922,97.63999938964844,101.75,86.62000274658203,87.45999908447266,611041300,33.18828336975693,-5.821284535483244,112.50599975585938,120.40559967041015,-0.08730607285665049,7.66015499866169
2025-04-08,96.16523742675781,96.3000030517578,105.8499984741211,94.45999908447266,103.80999755859375,476243400,32.26298200039086,-6.260128852433809,111.88299980163575,119.9631997680664,-0.11456416733851804,8.447113395507694
2025-04-09,114.16999816894531,114.33000183105467,115.0999984741211,97.52999877929688,98.88999938964844,612918300,51.75406311673762,-5.094321746825145,111.8125,119.66999969482421,-0.01218244391514911,8.41906592535753
2025-04-10,107.4194564819336,107.56999969482422,110.86000061035156,99.1500015258789,109.37000274658203,437812400,46.366971017705986,-4.662144592365792,111.41199989318848,119.34739974975587,-0.06930266490165671,8.42093094658562
2025-04-11,110.7747573852539,110.93000030517578,111.55000305175781,107.4800033569336,108.5,313417300,49.19752860970524,-4.002380168047765,110.875,119.0729997253418,-0.08827153797484633,8.067373861515577
2025-04-14,110.55506134033203,110.70999908447266,114.29000091552734,109.06999969482422,114.11000061035156,264705000,49.01512216529707,-3.457409503717386,110.43400001525879,118.88579971313476,-0.07378900514430431,7.806193563647462
2025-04-15,112.04297637939453,112.1999969482422,113.62000274658203,110.5,110.97000122070312,228966900,50.35756320657956,-2.872177278955931,110.2724998474121,118.79659957885742,-0.027982355959404348,7.730437385650026
2025-04-16,104.3437728881836,104.48999786376952,106.79000091552734,100.44999694824219,104.55000305175781,397016900,43.91420563181195,-2.9959733001525564,109.62099990844726,118.51339950561524,-0.11087473750422072,7.6359801262252915
2025-04-17,101.34796142578125,101.48999786376952,104.47000122070312,100.05000305175781,104.44999694824219,292517500,41.67949357670619,-3.2981385782963173,108.7689998626709,118.04659942626954,-0.14376108235060292,7.539651356883472
2025-04-21,96.77438354492188,96.91000366210938,99.44000244140625,95.04000091552734,98.7699966430664,288501100,38.461596119783714,-3.862647794315791,107.72950019836426,117.41119964599609,-0.17663546155634213,7.6754646695761375
2025-04-22,98.75160217285156,98.88999938964844,99.80999755859375,97.27999877929688,98.77999877929688,241004800,40.59682024653045,-4.102959939207523,106.6034999847412,116.79219970703124,-0.18548722175427435,7.20001999225471
2025-04-23,102.5662612915039,102.70999908447266,104.80000305175781,102.0199966430664,104.5199966430664,247526000,44.59128915066213,-3.93975198659588,105.70449981689453,116.17499954223632,-0.1489767420102811,6.429910540637726
2025-04-24,106.28104400634766,106.43000030517578,106.54000091552734,103.11000061035156,103.4800033569336,220815000,48.24132350530101,-3.470232815387135,105.3379997253418,115.64759948730469,-0.0644339108070413,6.149368939171875
2025-04-25,110.85466003417969,111.01000213623048,111.91999816894531,105.7300033569336,106.8499984741211,251064700,52.39892552489156,-2.697472830733332,105.31699981689454,115.24499954223633,-0.0037691660037246777,6.1281505281271595
2025-04-28,108.57783508300781,108.7300033569336,110.37000274658203,106.0199966430664,109.69000244140625,207708500,50.235585111528344,-2.2431739097008006,105.27000007629394,114.71379974365234,-0.008571120887261086,6.096531231219026
2025-04-29,108.867431640625,109.0199966430664,110.19999694824219,107.44000244140625,107.66999816894531,170444300,50.51542546110724,-1.838545103619694,105.30200004577637,114.11719955444336,0.005905143069453889,6.1153649452553385
2025-04-30,108.76756286621094,108.91999816894533,108.91999816894531,104.08000183105469,104.47000122070312,235044600,50.41015668032916,-1.5085532380601592,105.2404998779297,113.50759963989258,-0.01116662133358759,6.070061243577163
2025-05-01,111.45380401611328,111.61000061035156,114.94000244140625,111.30000305175781,113.08000183105469,236121500,53.23344322293589,-1.018234023414891,105.3,112.95519973754882,0.010777055435062577,6.129049717095476
2025-05-02,114.33976745605469,114.5,115.4000015258789,113.37000274658203,114.18000030517578,190194800,56.12360978661382,-0.39193572418054146,105.93499984741212,112.44299972534179,0.12475438671436168,6.399281552996735
2025-05-05,113.66072082519531,113.81999969482422,114.66999816894531,112.66000366210938,112.91000366210938,133163200,55.258281518760874,0.048975291891380834,106.91049995422364,112.03079986572266,0.2068709854870805,6.009053777456119
2025-05-06,113.38111877441406,113.54000091552734,114.73999786376953,110.81999969482422,111.4800033569336,158525600,54.88304490646747,0.37152418770877205,107.70550003051758,111.69599990844726,0.1628431137368953,5.764836321950995
2025-05-07,116.89618682861328,117.05999755859376,117.68000030517578,112.27999877929688,113.05000305175781,206758800,58.68162957720037,0.9007969956996646,108.74349975585938,111.50459991455078,0.21557626011370123,5.464265793763177
2025-05-08,117.20574951171875,117.37000274658205,118.68000030517578,115.8499984741211,118.25,198428100,59.00895700244319,1.3299336893702502,108.89549980163574,111.22639999389648,0.026589704074522658,5.666388809961037
2025-05-09,116.48675537109375,116.6500015258789,118.2300033569336,115.20999908447266,117.3499984741211,132972200,57.86242858999331,1.59355996236809,109.34949989318848,111.15639999389649,0.08441016879069085,5.912984399041772
2025-05-12,122.82787322998047,123.0,123.0,120.27999877929688,121.97000122070312,225023300,64.42707745838206,2.288497120488657,109.95299987792968,111.11800003051758,0.10880735293986166,6.65249550542791
2025-05-13,129.7481689453125,129.92999267578125,131.22000122070312,124.47000122070312,124.9800033569336,330430100,69.93241964846581,3.3597037442011413,110.91399955749512,111.43539993286133,0.17360666380860112,8.016085861727758
2025-05-14,135.1505889892578,135.33999633789062,135.44000244140625,131.67999267578125,133.1999969482422,281180800,73.394136885937,4.592248214523622,112.07099952697754,111.82239990234375,0.20623885934972797,9.703763700502142
2025-05-15,134.64129638671875,134.8300018310547,136.3000030517578,132.66000366210938,134.2899932861328,226632600,72.54620603279426,5.464900323609612,113.5879997253418,112.17299987792968,0.2903627580396875,10.769284726214249
2025-05-16,135.21051025390625,135.39999389648438,136.35000610351562,133.4600067138672,136.22000122070312,226542500,72.92272941441402,6.1317935046245395,115.28349952697754,112.66959976196289,0.3341215562762392,11.414394019702932
2025-05-19,135.3802947998047,135.57000732421875,135.8699951171875,132.38999938964844,132.38999938964844,193154600,73.04149333024424,6.597972498177725,117.21649971008301,113.12719985961914,0.3989268620492785,11.412612321594162
2025-05-20,134.19192504882812,134.3800048828125,134.5800018310547,132.6199951171875,134.2899932861328,161514200,70.70388256438977,6.793092910927129,118.99099998474121,113.67519989013672,0.35888366581261266,11.169636830031761
2025-05-21,131.6155548095703,131.8000030517578,137.39999389648438,130.58999633789062,133.05999755859375,270608700,65.78795171543496,6.662738753071977,120.44550018310547,114.13599990844726,0.28322465413869224,10.826728873965234
2025-05-22,132.6441192626953,132.8300018310547,134.25,131.5500030517578,132.22999572753906,187344000,66.78095575350112,6.566845925145657,121.76550025939942,114.47779998779296,0.24805037536577967,10.635681613542282
2025-05-23,131.10626220703125,131.2899932861328,132.67999267578125,129.16000366210938,130.0,198821300,63.799290454663975,6.2940306811623685,122.77949981689453,114.79199981689453,0.1826861612435149,10.522427351026503
2025-05-27,135.31036376953125,135.5,135.66000366210938,133.30999755859375,134.14999389648438,192953600,68.00494385576735,6.34440069018865,124.11799964904785,115.06859985351562,0.24620616036575615,10.342297433639413
2025-05-28,134.621337890625,134.80999755859375,137.25,134.7899932861328,136.02999877929688,304021100,66.63849279016569,6.256520580109168,125.40749969482422,115.37419982910156,0.2365621143794776,9.961536884910952
2025-05-29,138.99522399902344,139.19000244140625,143.49000549316406,137.91000366210938,142.25,369241900,70.66760834480596,6.46577136109623,126.92099990844727,115.84939987182617,0.2779104368465859,9.618288890771222
2025-05-30,134.94088745117188,135.1300048828125,139.6199951171875,132.9199981689453,138.72000122070312,333170900,63.06459844490298,6.232155827439328,128.0970001220703,116.20160003662109,0.21073384234243542,9.069961050384556
2025-06-02,137.187744140625,137.3800048828125,138.1199951171875,135.39999389648438,135.49000549316406,197663100,65.29314568434765,6.157589174831344,129.24100036621093,116.5786001586914,0.19982537015556767,8.700092889857622
2025-06-03,141.02236938476562,141.22000122070312,142.0,137.9499969482422,138.77999877929688,225578800,68.75775471233524,6.335320546040492,130.6110004425049,117.04900024414063,0.2407309927898802,8.291694973491245
2025-06-04,141.72137451171875,141.9199981689453,142.38999938964844,139.5399932861328,142.19000244140625,167120800,69.35824045436445,6.458211598602162,132.03000030517578,117.45920013427734,0.24995593645038294,7.617483690260629
2025-06-05,139.79408264160156,139.99000549316406,144.0,138.8300018310547,142.1699981689453,231397900,65.61369460430785,6.326936379622566,133.1765007019043,117.8452001953125,0.19588252531008976,6.9413578787715835
2025-06-06,141.5216827392578,141.72000122070312,143.27000427246094,141.50999450683594,142.50999450683594,153986200,67.31701688855858,6.289988942680196,134.39400062561035,118.40440017700195,0.20746355886772938,6.108520524821428
2025-06-09,142.43040466308594,142.6300048828125,145.0,141.94000244140625,143.19000244140625,185114500,68.20908323772302,6.261953619629423,135.69300079345703,119.02840026855469,0.222717556940365,4.747302116899204
2025-06-10,143.758544921875,143.9600067138672,144.2899932861328,141.52999877929688,142.69000244140625,155881900,69.51858004580916,6.274724340290533,136.7410011291504,119.71420043945312,0.17040655864932663,4.061796945262467
2025-06-11,142.64002990722656,142.8300018310547,144.99000549316406,141.8699951171875,144.61000061035156,167694000,66.99365870381882,6.123080220922731,137.38600158691406,120.40320053100587,0.09928430602981164,3.945892438926342
2025-06-12,144.80714416503906,145.0,145.0,141.85000610351562,141.97000122070312,162365000,69.29963199334512,6.107597300753582,137.86900177001954,121.10020050048828,0.07137582328576508,4.260913705260085
2025-06-13,141.7811737060547,141.97000122070312,143.5800018310547,140.85000610351562,142.47999572753906,180820600,62.71136885873952,5.784155254970585,138.22600173950195,121.73120056152344,0.05295556843939697,4.291889675649947
2025-06-16,144.49754333496094,144.69000244140625,146.17999267578125,143.1999969482422,143.35000610351562,183133700,65.8500116852261,5.681810099897859,138.69050216674805,122.58900054931641,0.0686115876195994,4.4690031537613475
2025-06-17,143.9282989501953,144.1199951171875,145.22000122070312,143.77999877929688,144.49000549316406,139108000,64.62244564341684,5.491404506955632,139.11800155639648,123.58520050048828,0.06306695678286167,4.56274724291519
2025-06-18,145.2864990234375,145.47999572753906,145.64999389648438,143.1199951171875,144.00999450683594,161494100,66.23955902496732,5.388136304684707,139.67300109863282,124.5420004272461,0.08260150648458775,4.630678324580096
2025-06-20,143.65866088867188,143.85000610351562,146.1999969482422,142.64999389648438,145.4499969482422,242956200,62.5492302996264,5.115797243955683,140.2755012512207,125.49300048828125,0.09142642467941209,4.32631846077211
2025-06-23,143.97824096679688,144.1699981689453,144.77999877929688,142.02999877929688,142.5,154308900,62.98520572918754,4.869652933858021,140.84250106811524,126.08980041503906,0.085372251611604,4.032274177679521
2025-06-24,147.70326232910156,147.89999389648438,147.9600067138672,145.5,145.55999755859375,187566100,67.70468989683229,4.918859724054045,141.67300109863282,126.89640029907227,0.12651383547679673,3.65404361394401
2025-06-25,154.104736328125,154.30999755859375,154.4499969482422,149.25999450683594,149.27000427246094,269146500,73.87043997733818,5.412695994557595,142.6135009765625,127.76400024414062,0.1388191701741237,4.338236341121543
2025-06-26,154.81381225585938,155.02000427246094,156.72000122070312,154.0,155.97999572753906,198145700,74.4522588790049,5.7945603204793485,143.62400131225587,128.65020034790038,0.1499147472729767,4.758317019732745
2025-06-27,157.54017639160156,157.75,158.7100067138672,155.25999450683594,156.0399932861328,263234500,76.60895769011387,6.245484333919961,144.55200119018554,129.56120040893555,0.13334289268661248,5.585930887958806
2025-06-30,157.77984619140625,157.99000549316406,158.66000366210938,155.9600067138672,158.39999389648438,194580300,76.79442747901969,6.546744505341849,145.69500122070312,130.63120056152343,0.16917042688021966,5.887215487153626
2025-07-01,153.09608459472656,153.3000030517578,157.1999969482422,151.49000549316406,156.2899932861328,213143600,65.81271690874429,6.3340365302998975,146.4910011291504,131.6674006652832,0.11588293494766821,5.779051958845568
2025-07-02,157.0408477783203,157.25,157.60000610351562,152.97000122070312,152.97999572753906,171224100,69.73780242721183,6.410301702074975,147.29250106811523,132.874200592041,0.11351082453430017,6.111576430894247
2025-07-03,159.1280517578125,159.33999633789062,160.97999572753906,157.77000427246094,158.3699951171875,143716100,71.59602248605147,6.563725100624197,148.1635009765625,134.08320053100587,0.12274519724984834,6.532435271723742
2025-07-07,158.02951049804688,158.24000549316406,159.30999755859375,157.33999633789062,158.1999969482422,140139000,69.18802599262727,6.521379774545011,149.0760009765625,135.1938006591797,0.13036644963122868,6.6048558327702525
2025-07-08,159.78717041015625,160.0,160.22000122070312,158.38999938964844,159.3300018310547,138133000,70.87584992209858,6.554283940987858,149.99000091552733,136.26520065307616,0.1289867246813603,6.795406325131901
2025-07-09,162.66334533691406,162.8800048828125,164.4199981689453,161.16000366210938,161.22000122070312,183656400,73.43977840105052,6.735114843342814,151.00250091552735,137.30260070800782,0.14197573656845752,7.14088646651048
2025-07-10,163.88172912597656,164.10000610351562,164.5,161.61000061035156,164.32000732421875,167704100,74.4652780219236,6.897360065433787,152.00950088500977,138.41000076293946,0.13989996145025474,7.506207500681538
2025-07-11,164.7006378173828,164.9199981689453,167.88999938964844,163.47000122070312,163.72000122070312,193633300,75.15949977095491,7.011285346474551,153.1140007019043,139.52800079345704,0.1546593576608617,7.706931979339018
2025-07-14,163.85177612304688,164.07000732421875,165.49000549316406,162.02000427246094,165.3699951171875,136975800,72.94561232620482,6.952836820115493,154.06750106811523,140.6310009765625,0.1315172918911638,7.828937633446208
2025-07-15,170.4729461669922,170.6999969482422,172.39999389648438,169.1999969482422,171.19000244140625,230627400,78.31192473510691,7.35669726867232,155.50400085449218,141.81280090332032,0.20236666535542325,8.122654507832102
2025-07-16,171.14205932617188,171.3699951171875,171.75,168.89999389648438,171.05999755859375,158831500,78.77020328416239,7.642722291489719,156.83800048828124,142.95020080566405,0.18439416839864653,8.437912315462263
2025-07-17,172.76988220214844,173.0,174.16000366210938,170.8300018310547,172.02000427246094,160841100,79.88386437286945,7.909748299545527,158.28200073242186,144.13380081176757,0.2003886057540416,8.616168259734987
2025-07-18,172.18067932128906,172.41000366210938,174.25,171.25999450683594,173.63999938964844,146456400,78.28312561120293,7.981751893722787,159.62850112915038,145.3112008666992,0.18511141548976906,8.614481755465283
2025-07-21,171.1520538330078,171.3800048828125,173.3800048828125,171.0,172.75,123126100,75.44101487413819,7.865039685755704,161.00500106811523,146.3976010131836,0.19137989302194436,8.147387427392351
2025-07-22,166.8078155517578,167.02999877929688,171.38999938964844,164.5800018310547,171.33999633789062,193114300,64.74933408739271,7.336959381389846,162.14800109863282,147.39080093383788,0.15856281404375916,7.211003322255469
2025-07-23,170.5528564453125,170.77999877929688,171.25999450683594,167.97000122070312,169.52999877929688,154082200,68.84806639546034,7.138754477611599,163.29200134277343,148.47340087890626,0.1546991604261072,6.622544243609132
2025-07-24,173.50892639160156,173.74000549316406,173.8300018310547,171.3000030517578,172.44000244140625,128984600,71.65013836027785,7.138238299659491,164.26350173950195,149.48820098876953,0.1259154185858402,6.660614367282445
2025-07-25,173.26922607421875,173.5,174.72000122070312,172.9600067138672,173.61000061035156,122316800,71.09176238235001,7.0373407043772715,165.1875015258789,150.3596011352539,0.1192103936151292,6.592288293037372
2025-07-28,176.51490783691406,176.75,177.0,173.97000122070312,174.02000427246094,140023500,74.04182180902491,7.137351526257277,166.13750152587892,151.1878012084961,0.12044374009508707,6.828855093407662
2025-07-29,175.2765350341797,175.50999450683594,179.3800048828125,175.02000427246094,177.9600067138672,154077500,71.06212371868028,7.0354524268366845,167.0135009765625,152.00140106201172,0.11089302110588206,6.852377260067298
2025-07-30,179.03155517578125,179.27000427246094,179.88999938964844,176.0399932861328,176.50999450683594,174312200,74.42328928102013,7.1753846530175736,168.31200103759767,152.87880126953124,0.169406397284513,6.571814648497984
2025-07-31,177.63340759277344,177.8699951171875,183.3000030517578,175.92999267578125,182.89999389648438,221685400,71.1113034142223,7.09156575626551,169.34300079345704,153.72480102539063,0.13112874478338643,6.359056457848799
2025-08-01,173.4889373779297,173.72000122070312,176.5399932861328,170.88999938964844,174.08999633789062,204529000,62.26565915002742,6.614026472124607,170.06200103759767,154.51160095214843,0.09024730270684067,5.969541943234167
2025-08-04,179.7605743408203,180.0,180.1999969482422,174.52000427246094,175.16000366210938,148174600,68.62572137415059,6.665481049882658,171.15000076293944,155.4756008911133,0.13751259954156136,5.6772981245521885
2025-08-05,178.02288818359375,178.25999450683594,180.25999450683594,175.89999389648438,179.6199951171875,156407600,65.3396489079962,6.4910307104961475,172.06300048828126,156.3842007446289,0.11412496566772456,5.2413371634638795
2025-08-06,179.1813507080078,179.4199981689453,179.89999389648438,176.25,176.3300018310547,137192300,66.49160843266952,6.372917138888738,172.8900001525879,157.34680084228515,0.1015471070131222,5.016185002721405
2025-08-07,180.52957153320312,180.7700042724609,183.8800048828125,178.8000030517578,181.57000732421875,151878400,67.83157841418677,6.315444974076286,173.72350006103517,158.25220092773438,0.10158438481976484,4.861319699790613
2025-08-08,182.4569854736328,182.6999969482422,183.3000030517578,180.39999389648438,181.5500030517578,123396700,69.6972214518619,6.352405571518318,174.6125,159.21000091552733,0.10780984099383084,4.791909784210813
2025-08-11,181.81784057617188,182.05999755859372,183.83999633789062,180.25,182.0500030517578,138323200,68.28299184849108,6.257917135906723,175.51199951171876,160.0674008178711,0.10964825642279008,4.379525742498919
2025-08-12,182.9163818359375,183.16000366210935,184.47999572753906,179.4600067138672,182.9600067138672,145485700,69.43110430160897,6.200322214429889,176.1349998474121,161.02800079345704,0.07299359658246019,4.542192140035525
2025-08-13,181.3484649658203,181.58999633789065,183.97000122070312,179.35000610351562,182.6199951171875,179871700,65.77160298858492,5.959296296076673,176.64599990844727,161.9122006225586,0.059637051478670156,4.552778068547653
2025-08-14,181.77789306640625,182.0200042724609,183.02000427246094,179.4600067138672,179.75,129554000,66.29558229687811,5.736848744613781,177.0970001220703,162.72820068359374,0.05213875302000526,4.618877503222942
2025-08-15,180.20997619628906,180.4499969482422,181.89999389648438,178.0399932861328,181.8800048828125,156602200,62.53168634124639,5.371946531767975,177.49899978637694,163.4988006591797,0.04663298599476673,4.5386592948763385
2025-08-18,181.7678985595703,182.00999450683597,182.94000244140625,180.58999633789062,180.60000610351562,132008000,64.67759023726711,5.149279970460157,178.03049926757814,164.33920043945312,0.06202584502954189,4.404819588110275
2025-08-19,175.40638732910156,175.63999938964844,182.5,175.49000549316406,182.42999267578125,185229200,51.66551063893852,4.407997100025,178.46099929809571,165.01760040283204,0.05154763020580688,3.624791461300275
2025-08-20,175.1667022705078,175.39999389648438,176.0,168.8000030517578,175.1699981689453,215142700,51.24717049812041,3.757840599801739,178.69199905395507,165.67300018310547,0.02705231965224475,3.2358836503639057
2025-08-21,174.7472381591797,174.97999572753906,176.89999389648438,173.80999755859375,174.85000610351562,140040900,50.47691900401054,3.1721302046704807,178.75399856567384,166.2933999633789,0.007137044981984753,3.146658768107906
2025-08-22,177.7532501220703,177.99000549316406,178.58999633789062,171.1999969482422,172.61000061035156,172789400,55.62458410891323,2.9172054011312127,178.97849884033204,166.9966000366211,0.025878994196911087,2.9028021278504115
2025-08-25,179.57083129882812,179.80999755859375,181.91000366210938,176.57000732421875,178.35000610351562,163012800,58.43770516492541,2.8294180371831033,179.13149871826172,167.69279998779297,0.017312574588932206,2.8594805146517155
2025-08-26,181.52822875976562,181.7700042724609,182.38999938964844,178.80999755859375,180.05999755859375,168688200,61.28417906096673,2.8847484951711806,179.44449920654296,168.48880004882812,0.035667540092032546,2.7838158226345815
2025-08-27,181.35845947265625,181.6000061035156,182.49000549316406,179.10000610351562,181.97999572753906,235518900,60.89463366419067,2.8816628348736515,179.5609992980957,169.2270001220703,0.012997165033328484,2.82458470377228
2025-08-28,179.9303436279297,180.1699981689453,184.47000122070312,176.41000366210938,180.82000732421875,281787800,57.579099846631316,2.73233112521757,179.6759994506836,169.94800018310548,0.012930809663779907,2.7988172314845734
2025-08-29,173.94830322265625,174.17999267578125,178.14999389648438,173.14999389648438,178.11000061035156,243257900,46.22558541054359,2.106360474320468,179.6989990234375,170.52200012207032,0.0026478900060202815,2.7487391938194925
2025-09-02,170.5528564453125,170.77999877929688,172.3800048828125,167.22000122070312,170.0,231164900,41.25326228420333,1.3206989358716328,179.23799896240234,171.06059997558594,-0.05122222900390627,3.3932077557406464
2025-09-03,170.39305114746094,170.6199951171875,172.41000366210938,168.8800048828125,171.05999755859375,164424900,41.02959082130016,0.6773376214671316,178.85599899291992,171.58959991455077,-0.042858743549189615,3.901135709306435
2025-09-04,171.4316864013672,171.66000366210938,171.86000061035156,169.41000366210938,170.57000732421875,141670100,43.18584761233439,0.24852430896200417,178.46799926757814,172.06480010986328,-0.04325044357390406,4.215333629920745
2025-09-05,166.7978515625,167.02000427246094,169.02999877929688,164.07000732421875,168.02999877929688,224441400,36.732532023351446,-0.4604151243283354,177.78049926757814,172.31900024414062,-0.07606350431499487,4.887771809563988
2025-09-08,168.0861358642578,168.30999755859375,170.9600067138672,167.35000610351562,167.5500030517578,163769100,39.44189948351906,-0.9076996589318185,177.0609992980957,172.5848001098633,-0.07876299742755355,5.176115659312974
2025-09-09,170.53286743164062,170.75999450683594,170.97999572753906,166.74000549316406,169.08999633789062,157548400,44.318954086083565,-1.0523507524630134,176.49599914550782,172.845,-0.062067467885805194,5.218284994414229
2025-09-10,177.09413146972656,177.3300018310547,179.2899932861328,175.47000122070312,176.63999938964844,226852000,54.82557377448477,-0.6295856317595678,176.2044990539551,173.23179992675782,-0.031830103267576626,4.984009301283641
2025-09-11,176.94430541992188,177.1699981689453,180.27999877929688,176.47999572753906,179.67999267578125,151159300,54.55558630545391,-0.3039484574535436,175.9834991455078,173.70919982910155,-0.024340537794388717,4.828197952736944
2025-09-12,177.593505859375,177.82000732421875,178.60000610351562,176.4499969482422,177.77000427246094,124911000,55.51401080873733,0.006496765086723144,175.77349929809571,174.12059997558595,-0.023074370122282195,4.639474694458701
2025-09-15,177.52357482910156,177.75,178.85000610351562,174.50999450683594,175.6699981689453,147061600,55.37854564129911,0.24406441198161133,175.63849945068358,174.48880004882812,-0.014962576857325272,4.5343264395445795
2025-09-16,174.65724182128906,174.8800048828125,177.5,174.3800048828125,177.0,140737800,49.99269904286561,0.1984660700070151,175.28199996948243,174.8216000366211,-0.03917361595083002,4.280185289297713
2025-09-17,170.0730743408203,170.2899932861328,173.1999969482422,168.41000366210938,172.63999938964844,211843800,42.820087763169795,-0.20567561953734526,175.01449966430664,175.02739990234375,-0.030460066739392944,4.421482098382828
2025-09-18,176.01551818847656,176.24000549316406,177.10000610351562,172.9600067138672,173.97999572753906,191763300,52.361589435687556,-0.0453221162600812,175.05650024414064,175.2945999145508,0.004789119874060166,4.429319495906138
2025-09-19,176.4449462890625,176.6699981689453,178.0800018310547,175.17999267578125,175.77000427246094,237182100,52.97232698348964,0.11512887174038156,175.14100036621093,175.54599975585938,0.009658260845072597,4.4438797057192225
2025-09-22,183.37612915039062,183.6100006103516,184.5500030517578,174.7100067138672,175.3000030517578,269637000,61.54204922020678,0.7931447537134488,175.4220001220703,175.9197998046875,0.03157477916592,4.7971547905484
2025-09-23,178.2027130126953,178.42999267578125,182.4199981689453,176.2100067138672,181.97000122070312,192559600,53.679281672722865,0.9020950852227543,175.35299987792968,176.20699951171875,-0.0076747950700728484,4.740305700954666
2025-09-24,176.74456787109375,176.97000122070312,179.77999877929688,175.39999389648438,179.77000427246094,143564100,51.67531191880505,0.8607081908694454,175.1129997253418,176.33239959716798,-0.026407014022857722,4.514445883755705
2025-09-25,177.46365356445312,177.69000244140625,180.25999450683594,173.1300048828125,174.47999572753906,191586700,52.61480745006775,0.8759099158525032,174.91749954223633,176.45879974365235,-0.02153085644656072,4.2982217616007645
2025-09-26,177.96302795410156,178.19000244140625,179.77000427246094,174.92999267578125,178.1699981689453,148573700,53.293887289358416,0.9177242597468478,174.81849975585936,176.56259979248046,-0.010989597311770072,4.192374092975004
2025-09-29,181.6183624267578,181.8500061035156,184.0,180.32000732421875,180.42999267578125,193063500,58.03481691443836,1.231992493567418,175.2020004272461,176.7513998413086,0.04403498536144346,4.472353349072553
2025-09-30,186.3423309326172,186.5800018310547,187.35000610351562,181.47999572753906,182.0800018310547,236981000,63.22943895510649,1.8414958402838693,175.99200057983398,177.05539978027343,0.09251670666760292,5.012929376013451
2025-10-01,187.0015106201172,187.2400054931641,188.13999938964844,183.89999389648438,185.24000549316406,173844900,63.90091618734337,2.350691109585739,176.8230010986328,177.45959991455078,0.09740951149694621,5.435302210373776
2025-10-02,188.64939880371094,188.88999938964844,191.0500030517578,188.05999755859375,189.60000610351562,136805800,65.59254198522424,2.8544682142046724,177.68450088500975,177.82179992675782,0.10037280298242379,5.917947545306832
2025-10-03,187.38099670410156,187.6199951171875,190.36000061035156,185.3800048828125,189.19000244140625,137596900,63.13997948272753,3.1153249415108633,178.7145004272461,178.09939971923828,0.1233384643621589,5.754561286170202
2025-10-06,185.3036651611328,185.5399932861328,187.22999572753906,183.3300018310547,185.5,157678100,59.23357857756175,3.118271519783292,179.57600021362305,178.34019958496094,0.10237060173172896,5.393341760247947
2025-10-07,184.80429077148438,185.0399932861328,189.05999755859375,184.0,186.22999572753906,140088000,58.29982855881282,3.045158194842543,180.29000015258788,178.5059994506836,0.08362613749513326,5.1021766094757535
2025-10-08,188.86911010742188,189.1100006103516,189.60000610351562,186.5399932861328,186.57000732421875,130168900,63.362690608898774,3.2778459667514994,180.87900009155274,178.7779995727539,0.0664298125396734,5.41296842572883
2025-10-09,192.32470703125,192.57000732421875,195.3000030517578,191.05999755859375,192.22999572753906,182997200,67.02769117949872,3.6988087627521793,181.6490005493164,179.04399963378907,0.08692221772553355,5.9283851406158625
2025-10-10,182.92669677734375,183.16000366210935,195.6199951171875,182.0500030517578,193.50999450683594,268774400,51.83942540762541,3.235815689561605,181.91600036621094,179.1497998046875,0.030030345956257865,5.866790660276373
2025-10-13,188.08013916015625,188.32000732421875,190.11000061035156,185.9600067138672,187.97000122070312,153482800,57.5233589940409,3.2478206600841304,182.4445007324219,179.44179992675782,0.05946558269602664,5.94729002285851
2025-10-14,179.80067443847656,180.02999877929688,184.8000030517578,179.6999969482422,184.77000427246094,205641400,47.76910442037639,2.558902839558641,182.7020004272461,179.44239990234374,0.02944872914393737,5.70925847369659
2025-10-15,179.60093688964844,179.8300018310547,184.8699951171875,177.2899932861328,184.8000030517578,214450500,47.559576981291926,1.9740369519417698,183.1790008544922,179.47380004882814,0.056022132368588995,4.968092298191626
2025-10-16,181.57839965820312,181.80999755859372,183.27999877929688,179.77000427246094,182.22999572753906,179723300,49.902383570040904,1.651260921938018,183.45750045776367,179.5216000366211,0.03160458404346622,4.707944871803449
2025-10-17,182.9866180419922,183.22000122070312,184.10000610351562,179.75,180.17999267578125,173135200,51.561960829864276,1.492034855272152,183.78500061035157,179.57059997558594,0.037074789832137744,4.430582977981772
2025-10-20,182.4073486328125,182.63999938964844,185.1999969482422,181.72999572753906,183.1300048828125,128544700,50.81623919995307,1.3040138893925928,183.73650054931642,179.56940002441405,-0.005282943290009778,4.437902554893402
2025-10-21,180.9292449951172,181.16000366210935,182.7899932861328,179.8000030517578,182.7899932861328,124240200,48.873835405238566,1.0237811214565227,183.8730010986328,179.55140014648438,0.015300179893459331,4.306123333154907
2025-10-22,180.05035400390625,180.27999877929688,183.44000244140625,176.75999450683594,181.13999938964844,162249600,47.706163599726395,0.7223586930035424,184.0385009765625,179.49380004882812,0.018703721171735577,4.084770941246872
2025-10-23,181.92796325683594,182.16000366210935,183.02999877929688,179.7899932861328,180.4199981689453,111363700,50.43083750222665,0.627941411300327,184.26200103759766,179.5052001953125,0.025156177383570455,3.833700920235763
2025-10-24,186.02273559570312,186.25999450683597,187.47000122070312,183.5,183.83999633789062,131296700,55.835248979836855,0.8738765267953568,184.66550064086914,179.59,0.04528869159246662,3.5770802892912053
2025-10-27,191.24609375,191.4900054931641,192.0,188.42999267578125,189.99000549316406,153452700,61.58837519689928,1.473810880844212,185.14750061035156,179.81080017089843,0.05301071798788426,3.8190308918293114
2025-10-28,200.77392578125,201.02999877929688,203.14999389648438,191.91000366210938,193.0500030517578,297986200,69.41488860351926,2.688074458769478,185.87000045776367,180.19120025634766,0.07744665455264843,5.215747964987776
2025-10-29,206.77627563476562,207.0399932861328,212.19000244140625,204.77999877929688,207.97999572753906,308829600,73.12933998893601,4.088217000894218,186.8599998474121,180.81920013427734,0.10574656703741447,7.047083071729599
2025-10-30,202.63156127929688,202.88999938964844,206.16000366210938,201.41000366210938,205.14999389648438,178864400,67.07197461502247,4.807551764367616,187.55999984741212,181.36900024414064,0.0741172113147206,7.902718398919902
2025-10-31,202.23207092285156,202.4900054931641,207.97000122070312,202.07000732421875,206.4499969482422,179802200,66.50022507761349,5.284437872048954,188.30350036621093,181.91920043945314,0.07925600022902035,8.579203166533846
2025-11-03,206.61648559570312,206.8800048828125,211.33999633789062,205.55999755859375,208.0800018310547,180267300,69.56650845682198,5.948044456192349,189.37050094604493,182.4970004272461,0.11501569671704104,9.495515718393706
2025-11-04,198.43690490722656,198.69000244140625,203.97000122070312,197.92999267578125,203.0,188919300,58.76060857126656,5.746846634127621,190.0530014038086,182.87460052490235,0.073767886135653,9.657054226777516
2025-11-05,194.9613494873047,195.2100067138672,202.9199981689453,194.64999389648438,198.77000427246094,171350300,54.861144197262114,5.246115386334424,190.35800170898438,183.14340057373047,0.03225639090385424,9.721815349181052
2025-11-06,187.84043884277344,188.0800018310547,197.6199951171875,186.3800048828125,196.4199981689453,223029800,47.85411734241356,4.2252444706443555,190.13350143432618,183.27300048828124,-0.02331622434642433,9.719888690946656
2025-11-07,187.91030883789062,188.1499938964844,188.32000732421875,178.91000366210938,184.89999389648438,264942300,47.92443211897639,3.3828493086349454,190.38300094604492,183.43260040283204,0.02724388586266091,9.594702809280987
2025-11-10,198.7964630126953,199.0500030517578,199.94000244140625,193.7899932861328,195.11000061035156,198897100,57.529071624767255,3.5538185096621078,190.91950073242188,183.93000061035156,0.05697746022846051,9.771635806523065
2025-11-11,192.91395568847656,193.16000366210935,195.4199981689453,191.3000030517578,195.16000366210938,176483300,51.95297203416025,3.1774118809830725,191.5760009765625,184.3776007080078,0.07293231667967115,9.436857219799734
2025-11-12,193.55313110351562,193.8000030517578,195.88999938964844,191.1300048828125,195.72000122070312,154935300,52.49181300105452,2.89735066303291,192.27450103759764,184.8412008666992,0.07768448578356546,9.029923506552857
2025-11-13,186.62197875976562,186.8600006103516,191.44000244140625,183.85000610351562,191.0500030517578,207423100,46.413251452588504,2.0912928113297653,192.52700119018556,185.14520080566408,0.027776267089659745,8.789307820849103
2025-11-14,189.92774963378906,190.1699981689453,191.00999450683594,180.5800018310547,182.86000061035156,186591900,49.42159289695566,1.6999789970190307,192.87450103759767,185.60820068359374,0.03793252320673424,8.535704575346726
2025-11-17,186.36231994628906,186.6000061035156,189.0,184.32000732421875,185.97000122070312,173628900,46.39623524834497,1.0892354279149004,193.072501373291,185.97400085449217,0.021682034204450362,8.329235067524627
2025-11-18,181.1289825439453,181.3600006103516,184.8000030517578,179.64999389648438,183.3800048828125,213598900,42.30288294798567,0.18031355605197064,193.08250122070314,186.1860009765625,0.0011039795992457968,8.314287170304596
2025-11-19,186.28240966796875,186.5200042724609,187.86000061035156,182.8300018310547,184.7899932861328,247246400,47.23927961356895,-0.12223535120574525,193.39450149536134,186.36980102539061,0.034612855199778414,7.916124337010802
2025-11-20,180.40989685058594,180.63999938964844,196.0,179.85000610351562,195.9499969482422,343504800,42.75067572984435,-0.8269423164758223,193.3185012817383,186.4392010498047,-0.008344335978826556,8.036048150320614
2025-11-21,178.6521453857422,178.8800048828125,184.55999755859375,172.92999267578125,181.24000549316406,346926200,41.480197750766834,-1.510037736346959,192.94950180053712,186.46040100097656,-0.039621979177888456,8.531390260120414
2025-11-24,182.31747436523438,182.5500030517578,183.5,176.47999572753906,179.49000549316406,256618300,45.14127653229692,-1.7352546616709503,192.50250167846679,186.55640106201173,-0.046686522455217205,8.840490097783283
2025-11-25,177.593505859375,177.82000732421875,178.16000366210938,169.5500030517578,174.91000366210938,320600300,41.53468674822089,-2.269253283290624,191.34200210571288,186.61520111083985,-0.1154553628613384,9.179075996100849
2025-11-26,180.03036499023438,180.25999450683597,182.91000366210938,178.24000549316406,181.6300048828125,183852000,44.019376250362484,-2.467124983287647,190.00300216674805,186.8146011352539,-0.12934698438811498,8.70988197180218
2025-11-28,176.7745361328125,177.0,179.2899932861328,176.5,179.00999450683594,121332800,41.48275601300425,-2.854093825901458,188.70850219726563,186.82980102539062,-0.12760608934660655,8.617203111394092
2025-12-01,179.69081115722656,179.9199981689453,180.3000030517578,173.67999267578125,174.75999450683594,188131000,44.564186585885246,-2.8918149304163023,187.5800018310547,186.89480102539062,-0.11146232758130237,8.184405287295686
2025-12-02,181.22886657714844,181.4600067138672,185.66000366210938,180.0,181.75999450683594,182632200,46.17403715517939,-2.7655636619323047,186.30900192260742,186.85180114746095,-0.12287315143551214,6.902938791858058
2025-12-03,179.3612518310547,179.58999633789062,182.4499969482422,179.11000061035156,181.0800018310547,165138000,44.48471857902813,-2.784307072321212,185.35400161743163,186.87500122070313,-0.09612967873986622,6.403025871298657
2025-12-04,183.15660095214844,183.3800048828125,184.52000427246094,179.9600067138672,181.6199951171875,167364900,48.58999331150266,-2.464925221352132,184.76250152587892,187.00320129394532,-0.060601410912273224,5.976860843651272
2025-12-05,182.1877899169922,182.41000366210935,184.66000366210938,180.91000366210938,183.88999938964844,143971100,47.619415155447015,-2.2639859742803026,184.47900161743163,187.09760131835938,-0.030146736036500532,5.945610673365294
2025-12-08,185.323974609375,185.5500030517578,188.0,182.39999389648438,182.63999938964844,204378100,51.02946324795788,-1.8302702484910185,184.3490020751953,187.24480133056642,-0.013818713415197026,5.88927795344307
2025-12-09,184.7446746826172,184.97000122070312,185.72000122070312,183.32000732421875,185.55999755859375,144719700,50.377072829084895,-1.5158746521477724,183.64500198364257,187.30720123291016,-0.07073600409538072,4.7757181278289424
2025-12-10,183.55612182617188,183.77999877929688,185.47999572753906,182.0399932861328,184.97000122070312,162785400,48.99310898367432,-1.3472073608554354,183.17600173950194,187.251201171875,-0.04856080298704446,4.220413622199766
2025-12-11,180.70957946777344,180.92999267578125,181.32000732421875,176.6199951171875,180.27999877929688,182136600,45.751366540014025,-1.427058746466912,182.53250122070312,187.12500091552735,-0.06640872122452646,3.420674188581694
2025-12-12,174.80679321289062,175.02000427246094,182.82000732421875,174.6199951171875,181.11000061035156,204274900,39.86129661074227,-1.9448096619946966,181.94050140380858,186.8476010131836,-0.06336292571559987,3.6492270987734616
2025-12-15,176.07522583007812,176.2899932861328,178.4199981689453,175.02999877929688,177.94000244140625,164775600,41.60117349982303,-2.226982228203667,181.24650115966796,186.6210009765625,-0.07298735350715857,3.3054278181039134
2025-12-16,177.5034942626953,177.72000122070312,178.49000549316406,174.89999389648438,176.25999450683594,148588100,43.58049744363932,-2.308604178707043,180.80250091552733,186.4646011352539,-0.04758844904799375,3.14077320729004
2025-12-17,170.73175048828125,170.94000244140625,176.1300048828125,170.30999755859375,176.10000610351562,222775500,37.15122602451398,-2.887098724273727,180.28150100708007,186.1826013183594,-0.057454775771271116,3.831681797875646
2025-12-18,173.9278564453125,174.13999938964844,176.14999389648438,171.82000732421875,174.52999877929688,176096000,41.53520666779896,-3.05216336980925,179.66250076293946,185.88320129394532,-0.06637360389895908,3.7703121166561893
2025-12-19,180.76953125,180.9900054931641,181.4499969482422,176.33999633789062,176.6699981689453,324925900,49.634241620259104,-2.6002658004206296,179.68000106811525,185.65160125732422,0.0019375891535555745,3.7758962387687434
2025-12-22,183.4662322998047,183.69000244140625,184.16000366210938,182.35000610351562,183.9199981689453,129064400,52.431394919861376,-2.0011979675592784,179.9205009460449,185.66220123291015,0.026889520501438113,3.87416387586863
2025-12-23,188.97952270507812,189.2100067138672,189.3300018310547,182.89999389648438,182.97000122070312,174873600,57.61417047911048,-1.0686949318441066,180.25350112915038,185.68000122070313,0.03648317475087137,4.366961021195115
2025-12-24,188.38023376464844,188.6100006103516,188.91000366210938,186.58999633789062,187.94000244140625,65528500,56.888618863097314,-0.37378626047487273,180.79300079345703,185.8516012573242,0.060679298401216775,4.703999509807119
2025-12-26,190.2978973388672,190.52999877929688,192.69000244140625,188.0,189.9199981689453,139740300,58.68174484456899,0.3280797748496411,181.30650100708007,186.06560119628907,0.056973286283282576,5.179290751403479
2025-12-29,187.99070739746094,188.22000122070312,188.75999450683594,185.91000366210938,187.7100067138672,120006100,55.681051042974836,0.6899627064001379,181.86750106811525,186.19380126953126,0.06338983740510251,5.2946453286815265
2025-12-30,187.31153869628906,187.5399932861328,188.99000549316406,186.92999267578125,188.24000549316406,97687300,54.792812934694076,0.9113807496560185,182.2485008239746,186.28020111083984,0.042352129806228156,5.419814029223304
2025-12-31,186.27279663085938,186.5,190.55999755859375,186.49000549316406,189.57000732421875,120100500,53.39005232339921,0.9915078917786389,182.50050048828126,186.35740112304688,0.0277746781640984,5.497830882226985
2026-01-02,188.6199493408203,188.8500061035156,192.92999267578125,188.25999450683594,189.83999633789062,148240500,56.12352557045871,1.230451206351404,182.9635009765625,186.511201171875,0.051561946402642,5.62819285705215
2026-01-05,187.89083862304688,188.1199951171875,193.6300048828125,186.14999389648438,191.75999450683594,183529700,55.04361388324644,1.345400776336902,183.20050048828125,186.6680010986328,0.025847912030562137,5.745236575379843
2026-01-06,187.0119171142578,187.2400054931641,192.1699981689453,186.82000732421875,190.52000427246094,176862600,53.70218367896124,1.3499301756759223,183.44200057983397,186.7696011352539,0.026478820975200934,5.811392587896231
2026-01-07,188.87962341308594,189.1100006103516,191.3699951171875,186.55999755859375,188.57000732421875,153543200,56.14786298095845,1.4872684303676351,183.62000045776367,186.82660125732423,0.019186189706505985,5.932613976086589
2026-01-08,184.8145751953125,185.0399932861328,189.5500030517578,183.7100067138672,189.11000061035156,172457000,49.96177285923782,1.2532477501414974,183.62350006103514,186.6976010131836,0.00037839684796336925,5.933472826281161
2026-01-09,184.63479614257812,184.8600006103516,186.33999633789062,183.6699981689453,185.0800018310547,131327500,49.7009820348889,1.041257798618318,183.6775001525879,186.3742010498047,0.00587660157921599,5.939883116810377
2026-01-12,184.71470642089844,184.94000244140625,187.1199951171875,183.02000427246094,183.22000122070312,137968500,49.826342330064804,0.8696845319692841,183.87800064086915,185.93220123291016,0.022163322433836452,5.909862956662732
2026-01-13,185.58364868164062,185.80999755859372,188.11000061035156,183.39999389648438,185.0,160128900,51.24927117829546,0.7947514175102413,184.4175003051758,185.59060119628907,0.06165005726622863,5.539572650417311
2026-01-14,182.91690063476562,183.13999938964844,184.4600067138672,180.8000030517578,184.32000732421875,159586100,46.857262715430345,0.5139948338158149,184.76000061035157,185.20360107421874,0.038856465848277066,5.212737168147028
2026-01-15,186.82212829589844,187.0500030517578,189.6999969482422,186.3300018310547,186.5,206188600,53.18452442452257,0.6000804824991235,185.22650070190429,184.80700103759764,0.05249832189382064,4.9609529006478
2026-01-16,186.0031280517578,186.22999572753903,190.44000244140625,186.0800018310547,189.0800018310547,187967200,51.791822042708475,0.5952742898489305,185.99100036621093,184.5578009033203,0.08944654889292991,3.6478096885321514
2026-01-20,177.85308837890625,178.07000732421875,182.3800048828125,177.61000061035156,181.89999389648438,223345300,40.442548846383914,-0.06621424414296939,186.18750076293946,184.21500091552736,0.02256809433986895,3.0292213126369587
2026-01-21,183.09669494628906,183.32000732421875,185.3800048828125,178.39999389648438,179.0500030517578,200381000,48.29325158985963,-0.16491649448826706,186.3040008544922,184.11980102539061,0.012873649153751998,2.858823548731732
2026-01-22,184.6148223876953,184.83999633789065,186.1699981689453,183.92999267578125,184.75,139636600,50.334487412794545,-0.11911524230649206,186.36150054931642,184.05360107421876,0.006260514351352553,2.8147054328051637
2026-01-23,187.44137573242188,187.6699981689453,189.60000610351562,186.82000732421875,187.5,142748100,53.97739459156247,0.14388150011157563,186.2845001220703,183.8260009765625,-0.008139149570724147,2.753068757920917
2026-01-26,186.2428436279297,186.47000122070312,189.1199951171875,185.99000549316406,187.16000366210938,124799600,52.22805102709216,0.2525671514327712,186.1775001525879,183.69220092773438,-0.011346160769435953,2.6989846277733163
2026-01-27,188.29034423828125,188.5200042724609,190.0,185.6999969482422,187.24000549316406,143711600,54.91613822553112,0.49837447609607466,186.0770004272461,183.58660095214844,-0.010549490997290523,2.5623480161184746
2026-01-28,191.28668212890625,191.5200042724609,192.35000610351562,189.83999633789062,191.27000427246094,148552700,58.58847923800478,0.9245953204778914,186.24200057983398,183.67980102539062,0.017532690629877612,2.802595199656402
2026-01-29,192.27548217773438,192.50999450683597,193.47999572753906,186.05999755859375,191.33999633789062,171764400,59.75352785912317,1.3269659116049297,186.49050064086913,183.72660095214843,0.02650102057495718,3.1254824840692064
2026-01-30,190.8971710205078,191.1300048828125,194.49000549316406,189.47000122070312,191.2100067138672,179489500,57.3322135188133,1.5170067647128178,186.72200088500978,183.81720092773438,0.02482576344671572,3.2931926320077194
2026-02-02,185.38388061523438,185.6100006103516,190.3000030517578,184.8800048828125,187.1999969482422,165794100,48.81179917213036,1.2082691234504352,186.56000061035155,183.90220092773438,-0.017156501924538103,3.2625506097284758
2026-02-03,180.12030029296875,180.33999633789065,186.27000427246094,176.22999572753906,186.24000549316406,204019600,42.342015378687144,0.5322120081516744,186.1710006713867,183.77860076904298,-0.04135657549028948,3.5203838335698037
2026-02-04,173.97781372070312,174.19000244140625,179.5800018310547,171.91000366210938,179.4600067138672,207014100,36.29596573246468,-0.4941252677495527,185.51850051879882,183.64960083007813,-0.06969666026972143,4.409053858839479
2026-02-05,171.67062377929688,171.8800048828125,176.82000732421875,171.02999877929688,174.92999267578125,206312900,34.31401333818684,-1.4768779214317647,184.65700073242186,183.5096008300781,-0.09111097071508312,5.269681980514576
2026-02-06,185.18414306640625,185.41000366210935,187.0,174.60000610351562,176.69000244140625,231346200,51.14226828022114,-1.1506941671769937,184.6755012512207,183.56680084228515,0.001999623807834805,5.2717464402298395
2026-02-09,189.80848693847656,190.0399932861328,193.66000366210938,183.9499969482422,184.25999450683594,196387400,55.357148396400724,-0.5126798692811576,184.93450088500975,183.81120056152344,0.028021165523522962,5.406803796798909
2026-02-10,188.31031799316406,188.5399932861328,192.47999572753906,188.1199951171875,191.3800048828125,136764800,53.73965424635103,-0.12662673139379876,185.1145004272461,183.97680053710937,0.01946572292204407,5.4665902348906315
2026-02-11,189.81849670410156,190.0500030517578,193.25999450683594,188.77000427246094,192.4499969482422,144192700,55.160043479109305,0.2977362124298679,185.3265007019043,184.23780059814453,0.02281903852792988,5.5761010463149425
2026-02-12,186.7122802734375,186.94000244140625,193.61000061035156,186.50999450683594,193.02999877929688,189932500,51.64301801145278,0.37873008027017363,185.5165008544922,184.37820068359375,0.020749170385618187,5.562400813596061
2026-02-13,182.58729553222656,182.80999755859372,187.5,181.58999633789062,187.47999572753906,161888000,47.32744246332289,0.10841172305151758,185.30450057983398,184.4052005004883,-0.022667764897019826,5.581644740544792
2026-02-17,184.7446746826172,184.97000122070312,187.14999389648438,179.17999267578125,181.75,162276900,49.69513707054887,0.06769635955217268,185.2415008544922,184.51280059814454,-0.006765797861475131,5.577758328389009
2026-02-18,187.75099182128906,187.97999572753903,190.3699951171875,186.75999450683594,188.75,164749100,52.87417797831069,0.27513891166290705,185.73700027465821,184.60480041503905,0.05565220416527983,5.342358106558919
2026-02-19,187.6710968017578,187.8999938964844,188.42999267578125,185.66000366210938,187.05999755859375,126554500,52.77870866165276,0.42814772908249665,185.96599960327148,184.71460021972655,0.024983560927779758,5.331450307626291
2026-02-20,189.58877563476562,189.82000732421875,190.3300018310547,185.94000244140625,186.57000732421875,178422300,54.884127795834075,0.6963107201098921,186.2150001525879,184.8000003051758,0.02694228026938794,5.392042635897325
2026-02-23,191.316650390625,191.5500030517578,193.9499969482422,189.5800018310547,191.39999389648438,171584800,56.75507405009061,1.0364801218853472,186.40900039672852,184.93160034179687,0.020674614593002794,5.515532453999781
2026-02-24,192.61508178710938,192.8500061035156,193.77000427246094,187.39999389648438,191.49000549316406,175123600,58.15923094616015,1.3948868183239256,186.72800064086914,185.11300048828124,0.03421464493509174,5.700639285805332
2026-02-25,195.32176208496094,195.55999755859372,197.6300048828125,193.7899932861328,194.4499969482422,250637100,61.001935747014485,1.8759752940774774,187.0800003051758,185.4056005859375,0.03734348146925659,6.025224583436464
2026-02-26,184.66476440429688,184.88999938964844,194.2899932861328,184.32000732421875,194.27000427246094,360807900,47.35880730612018,1.3803498836086874,186.74850006103514,185.60300048828125,-0.03461781920900786,5.950001834936874
2026-02-27,176.97415161132812,177.19000244140625,182.58999633789062,176.3800048828125,181.25,311636500,40.34614002355214,0.3620641230270678,185.98250045776368,185.62100067138672,-0.0795802425981873,6.1519481960488465
2026-03-02,182.25770568847656,182.47999572753903,183.4600067138672,174.63999938964844,175.00999450683594,209095300,46.236224063390914,-0.01787043150380896,185.55,185.71620056152344,-0.04525720156067092,6.074591041857687
2026-03-03,179.83065795898438,180.0500030517578,180.89999389648438,176.9199981689453,178.49000549316406,178099400,44.083002905020464,-0.509181872221319,185.27200012207032,185.89840057373047,-0.029955269329834278,6.197678503853328
2026-03-04,182.8170166015625,183.0399932861328,184.6999969482422,180.05999755859375,180.44000244140625,177731200,47.3330801827623,-0.6497921062553189,185.40699996948243,186.07640045166016,0.014971703466065023,6.113427206257037
2026-03-05,183.11663818359375,183.33999633789065,184.05999755859375,177.8800048828125,181.1699981689453,198779700,47.66178746034257,-0.7286199139051632,185.86449966430663,186.1234002685547,0.05252881203421689,5.545843407789554
2026-03-06,177.6033935546875,177.82000732421875,182.75999450683594,176.82000732421875,179.83999633789062,189021900,42.416132822201675,-1.222417235360723,186.16149978637696,186.00600036621094,0.03455900786979926,4.8761221879073
2026-03-09,182.427490234375,182.6499938964844,182.91000366210938,175.55999755859375,176.8300018310547,177213600,47.82700788458039,-1.2100667237806704,186.02349929809571,185.8748001098633,-0.014885980859235537,4.937183454110348
2026-03-10,184.54490661621094,184.7700042724609,186.44000244140625,182.00999450683594,182.39999389648438,179118500,50.045794225008166,-1.0174828260399806,185.7599998474121,185.79800018310547,-0.027730947168247755,4.851425267216892
2026-03-11,185.8134307861328,186.02999877929688,187.6199951171875,184.4499969482422,185.91000366210938,145280400,51.369507000323544,-0.7544903776802983,185.6345001220703,185.70800018310547,-0.01331279620354453,4.807996341770493
2026-03-12,182.9268035888672,183.13999938964844,184.94000244140625,181.75,184.0500030517578,155762700,48.213730618507846,-0.7703852440635615,185.28899993896485,185.60640014648436,-0.03635887161878926,4.721497353251989
2026-03-13,180.0401611328125,180.25,186.08999633789062,179.94000244140625,184.9199981689453,160988400,45.22191738136845,-1.0046004297880415,184.95449981689453,185.46060028076172,-0.035786896084497144,4.834013873023353
2026-03-16,183.0067138671875,183.22000122070312,188.8800048828125,181.41000366210938,182.97000122070312,217307400,48.742122129923615,-0.9397307436780125,184.975,185.39500030517578,0.0022427857753128944,4.825302295745713
2026-03-17,181.71820068359375,181.92999267578125,185.39999389648438,181.67999267578125,185.05999755859375,182497800,47.31971519065026,-0.9811043978172052,184.8229995727539,185.25660003662108,-0.016435143671186925,4.873112399366542
2026-03-18,180.1899871826172,180.3999938964844,183.3800048828125,180.3300018310547,182.47999572753906,156683100,45.61931415338759,-1.1243901616842322,184.44399948120116,185.10220001220702,-0.04032344932085852,4.9092865693680965
2026-03-19,178.3521270751953,178.55999755859375,179.97999572753906,175.7899932861328,178.00999450683594,170968500,43.590636669145866,-1.37061785934128,183.97699966430665,184.92859985351564,-0.04970727323725266,5.006504203378932
2026-03-20,172.4989471435547,172.6999969482422,178.25999450683594,171.72000122070312,178.0,241323500,37.821989081845345,-2.0153761570853987,183.12099914550782,184.60039978027345,-0.09019075816773636,5.402786398123507
2026-03-23,175.43553161621094,175.63999938964844,178.3699951171875,174.75999450683594,177.25999450683594,182836300,41.97114281899581,-2.2630313106235747,182.32549896240235,184.41239990234374,-0.08305927125362877,5.265941991406908
2026-03-24,174.99603271484375,175.1999969482422,176.22000122070312,173.97999572753906,174.8300018310547,147667800,41.52454188145539,-2.4663735053240714,181.44299850463867,184.21919982910157,-0.09152195279578812,4.873689531349772
2026-03-25,178.47198486328125,178.67999267578125,181.22000122070312,176.85000610351562,177.10000610351562,162602100,46.38383288327073,-2.3199738732735113,180.59899826049804,184.09399963378905,-0.08631624613185462,3.5938687114710297
2026-03-26,171.04066467285156,171.24000549316406,176.50999450683594,171.13999938964844,176.07000732421875,186152200,38.93457695681621,-2.772338109188837,179.91649856567383,183.80259979248046,-0.07382764855614254,4.008306455943786
2026-03-27,167.32498168945312,167.52000427246094,170.97000122070312,167.00999450683594,170.0,196212700,35.83561199507932,-3.3919131707832832,179.43299865722656,183.49019989013672,-0.054574174816341636,4.849458671184983
2026-03-30,164.97772216796875,165.1699981689453,169.4499969482422,164.27000427246094,168.77999877929688,185627000,33.99482070042612,-4.026145820794056,178.56749877929687,183.05259979248046,-0.09485969949516704,5.739956581879533
2026-03-31,174.1969757080078,174.39999389648438,174.6199951171875,166.9600067138672,166.97000122070312,226181300,45.776216283133195,-3.7408737840382003,178.2849983215332,182.81599975585937,-0.03138022249102246,5.8018557717747665
2026-04-01,175.54541015625,175.75,177.3699951171875,174.75,176.0,168132000,47.259027199985105,-3.367046216680734,177.92049865722657,182.769599609375,-0.039827324920936324,5.715758994607346
2026-04-02,177.18348693847656,177.38999938964844,177.49000549316406,171.3699951171875,172.17999267578125,143143200,49.08070260891642,-2.9049643112671504,177.62299880981445,182.6509994506836,-0.032453349335060167,5.571867625955422
2026-04-06,177.43319702148438,177.63999938964844,177.7899932861328,175.75999450683594,177.16000366210938,107564300,49.36780093179498,-2.4898863020540034,177.61399841308594,182.50699951171876,-0.0010123041680124567,5.5716780261018295
2026-04-07,177.89266967773438,178.10000610351562,178.22999572753906,173.66000366210938,175.72999572753906,132534900,49.9272474353276,-2.0996122686348997,177.3864990234375,182.31559967041017,-0.024910966027994808,5.4467187516160465
2026-04-08,181.8680419921875,182.0800018310547,185.25999450683594,180.3000030517578,184.5,147732700,54.60115087790528,-1.452422272521261,177.2519989013672,182.2277996826172,-0.014558653348514028,5.285626842330487
2026-04-09,183.69590759277344,183.91000366210935,184.0800018310547,180.6199951171875,181.83999633789062,116428500,56.60679378662864,-0.7828297104390174,177.1459991455078,182.13559967041016,-0.01139598522334373,5.118954445994719
2026-04-10,188.41041564941406,188.6300048828125,190.0,184.3000030517578,184.30999755859375,160459500,61.34962579291077,0.12722529695145113,177.420499420166,182.07779968261718,0.029977096819158167,5.583422543166014
2026-04-13,189.08961486816406,189.30999755859372,189.66000366210938,185.74000549316406,186.02999877929688,133648200,61.994112096332465,0.8930259259157083,177.8734992980957,182.01379974365236,0.05026350934032586,6.162567190962686
2026-04-14,196.28123474121094,196.50999450683597,196.50999450683594,190.77000427246094,190.83999633789062,161307000,68.06602732059449,2.0571939709649882,178.53799896240236,182.1213995361328,0.07253571224532407,7.368032401991544
2026-04-15,198.63848876953125,198.8699951171875,200.39999389648438,195.74000549316406,196.5399932861328,185338400,69.77079806673814,3.1341097931716035,179.38499908447267,182.38659942626953,0.09311275283562037,8.64202215069819
2026-04-16,198.1190948486328,198.3500061035156,199.85000610351562,195.80999755859375,197.42999267578125,134012900,68.89805435417526,3.900650304713821,180.28249969482422,182.74679962158203,0.09950117968036687,9.628733097137518
2026-04-17,201.44520568847656,201.67999267578125,201.6999969482422,199.27000427246094,199.89999389648438,160324400,71.36805405813554,4.72240433171865,181.4384994506836,183.29659942626952,0.12948026116320244,10.73532414045522
2026-04-20,201.82476806640625,202.05999755859372,202.1699981689453,197.83999633789062,199.97999572753906,119381400,71.64479506188621,5.3427259180953115,182.90649948120117,183.90019927978517,0.17000579692627715,11.460414202236258
2026-04-21,199.64732360839844,199.8800048828125,202.75,199.0,202.1300048828125,107945300,67.60769672919133,5.593944543905366,184.11849975585938,184.18959930419922,0.13800959677407443,11.92388083410351
2026-04-22,202.26426696777344,202.5,202.5,199.0,200.99000549316406,107501000,69.80953121966124,5.936022057305337,185.48349990844727,184.43879943847656,0.15582193794114518,12.402196535793871
2026-04-23,199.4075927734375,199.63999938964844,203.8300018310547,197.22000122070312,202.4600067138672,113561800,64.64392952417057,5.908236333276619,186.53150024414063,184.66079956054688,0.11730472113853052,12.679506407794511
2026-04-24,208.0275421142578,208.2700042724609,210.9499969482422,199.80999755859375,199.9600067138672,214134400,71.49752372120645,6.507570000734603,188.38300018310548,185.02519958496094,0.2162461900923911,13.02790421678177
2026-04-27,216.3578338623047,216.6100006103516,216.8300018310547,207.3800048828125,209.64999389648438,187172400,76.28234430162684,7.568271926686009,190.8375,185.61859954833983,0.29303960772379645,13.505957837543697
2026-04-28,212.92184448242188,213.1699981689453,214.72999572753906,208.1999969482422,209.49000549316406,180275400,70.98875551746846,8.038641936858426,193.2375,186.22579956054688,0.29060967810209015,12.958490143733265
2026-04-29,209.00640869140625,209.25,212.72000122070312,207.5800018310547,212.6999969482422,123711800,65.41775022310333,8.002850587341356,194.9800003051758,186.7113995361328,0.19982802364202468,12.631100387699435
2026-04-30,199.33767700195312,199.57000732421875,210.3000030517578,198.6999969482422,209.92999267578125,225239200,54.122503245016766,7.11141520731735,196.1710006713867,186.9431997680664,0.13553346983908243,11.819374946359968
2026-05-01,198.21897888183594,198.4499969482422,203.0,197.1199951171875,201.27999877929688,128647000,52.98260743984368,6.242609848732684,197.2240005493164,187.15419982910157,0.11872144783277272,10.965367726948962
2026-05-04,198.24893188476562,198.47999572753903,201.72999572753906,194.74000549316406,199.5,125368100,53.01115363845771,5.493174101765675,198.26600036621093,187.32739959716798,0.11731589962561673,9.949545476142548
2026-05-05,196.271240234375,196.5,200.24000549316406,196.02999877929688,199.3000030517578,113406600,50.818079351435856,4.685460690956376,199.18600006103514,187.4263995361328,0.10331270783780822,8.767160893073207
2026-05-06,207.5880584716797,207.8300018310547,208.27000427246094,198.61000061035156,199.88999938964844,188362800,60.80931775001659,4.903059040053648,200.47350006103517,187.7259994506836,0.14142135182913984,7.978093554529317
2026-05-07,211.2537841796875,211.5,214.1999969482422,206.5,208.33999633789062,168307900,63.40279424076564,5.310430147096412,201.85299987792968,188.04479949951173,0.15001900814803237,7.321645815777496
2026-05-08,214.94947814941406,215.1999969482422,217.8000030517578,212.88999938964844,213.02999877929688,136421400,65.85600060840582,5.864234273589716,203.18149948120117,188.6509994506836,0.14085771816597492,7.20569935909048
2026-05-11,219.18453979492188,219.44000244140625,222.3000030517578,213.88999938964844,214.0399932861328,160685800,68.46474894465007,6.569531571310193,204.6879997253418,189.4959994506836,0.15915696620030295,7.301944423899161
2026-05-12,220.52297973632812,220.77999877929688,223.75,214.9199981689453,218.5500030517578,159176600,69.2640068157512,7.154142762332498,205.90149993896483,190.26199951171876,0.12350519032565854,7.866218458345367
2026-05-13,225.56710815429688,225.8300018310547,227.83999633789062,221.57000732421875,224.92999267578125,150405400,72.13074900843934,7.93349202709328,207.2495002746582,191.1775994873047,0.13556598469256542,8.846740385016103
2026-05-14,235.465576171875,235.7400054931641,236.5399932861328,229.3000030517578,229.85000610351562,180782900,76.71955346217888,9.244224740027505,209.11900024414064,192.2315997314453,0.18850515875525242,10.63667632532101
2026-05-15,225.05770874023438,225.32000732421875,231.5,224.24000549316406,229.75999450683594,180977600,64.66334071040626,9.334579863578284,210.3010009765625,193.07119995117188,0.11721546760684864,11.071133788563001
2026-05-18,222.0612030029297,222.32000732421875,230.0,218.3699951171875,229.8699951171875,146280900,61.65906314966774,9.059677696974688,211.31400146484376,193.96119995117186,0.10026729689408209,11.203498138823559
2026-05-19,220.35317993164062,220.6100006103516,224.47999572753906,217.91000366210938,219.6199951171875,140948200,59.949333208158365,8.604643524347438,212.3505012512207,194.72040008544923,0.10371220342771581,11.047842672281103
2026-05-20,223.20985412597656,223.47000122070312,226.1300048828125,220.5,223.17999267578125,184201600,61.85447450593554,8.37822485061514,213.39900131225585,195.49440002441406,0.10355556158371915,11.058851143408392
2026-05-21,219.25445556640625,219.50999450683597,227.39999389648438,217.92999267578125,222.2899932861328,203381800,57.75770219675936,7.789454985466648,214.39250106811522,196.16399993896485,0.09952912832065364,10.642414774084223
2026-05-22,215.07933044433594,215.3300018310547,221.00999450683594,214.8000030517578,220.89999389648438,169275700,53.713624884731296,6.905952627120257,214.74550094604493,196.80779998779298,0.03389829266704103,10.545292326163528
2026-05-26,214.60987854003906,214.8600006103516,218.17999267578125,212.0,216.5399932861328,187202600,53.26204403112691,6.097556635002206,214.65800094604492,197.5,-0.00807903603281912,10.536263796041073
2026-05-27,212.35250854492188,212.6000061035156,214.14999389648438,208.77999877929688,214.1199951171875,167601200,51.03998948547341,5.21442566473479,214.62950134277344,198.08760009765626,-0.0026738850228725797,10.54127023898533
2026-05-28,214.00057983398438,214.25,215.52000427246094,211.22000122070312,211.27999877929688,143996000,52.59495612707389,4.594713726327598,214.87950134277344,198.73400024414062,0.0238948626045401,10.465995497568368
2026-05-29,210.8942108154297,211.13999938964844,217.86000061035156,211.1300048828125,214.5800018310547,289410600,49.40962936595032,3.808731803087909,215.45800094604493,199.3488003540039,0.05797460360179896,9.878509916615823
2026-06-01,224.09881591796875,224.3600006103516,224.8699951171875,215.6999969482422,215.72999572753906,212850700,60.39105792096125,4.204116640912474,216.75350112915038,200.26480041503908,0.13056187483271664,9.20675149529548
2026-06-02,222.56060791015625,222.82000732421875,232.27999877929688,221.35000610351562,227.17999267578125,193362900,58.790145659010555,4.343132458081641,217.9705017089844,201.2672006225586,0.12263206429171913,8.219940063656974
2026-06-03,214.5,214.75,222.82000732421875,214.50999450683594,221.72000122070312,160907000,51.13960622687734,3.758792329338263,218.88300170898438,202.04940063476562,0.09287531806615767,6.555499663698295
2026-06-04,218.66000366210938,218.66000366210935,221.60000610351562,210.97000122070312,213.91000366210938,169022200,54.2463215270938,3.570049872977222,219.42450180053712,202.91860076904297,0.05210990586363162,6.019850565633434
2026-06-05,205.10000610351562,205.1000061035156,214.8699951171875,204.3300018310547,214.52999877929688,219655500,43.836418409336865,2.299781193114484,219.1045021057129,203.44700103759766,-0.030260018423094115,6.6049378175968725
2026-06-08,208.63999938964844,208.63999938964844,210.47000122070312,206.0,210.17999267578125,138372800,46.711419764860786,1.5607407380632594,218.7765022277832,204.19500091552734,-0.030483260462924155,6.962258579707381
2026-06-09,208.19000244140625,208.19000244140625,211.39999389648438,199.33999633789062,210.6199951171875,180962500,46.386358402430005,0.9280370268321292,218.2140022277832,205.00840087890626,-0.05126686053060869,7.349520092735565
2026-06-10,200.4199981689453,200.4199981689453,207.22000122070312,199.9199981689453,204.42999267578125,161746600,41.0716352083704,-0.1980763302185835,217.1960021972656,205.71340087890624,-0.09221850132676412,8.32121330721046
2026-06-11,204.8699951171875,204.8699951171875,205.66000366210938,199.5399932861328,201.49000549316406,158643200,44.961044884439204,-0.7231160832592707,216.14800186157225,206.3228009033203,-0.09281320703148888,8.494665923753589
2026-06-12,205.19000244140625,205.19000244140625,207.07000732421875,203.44000244140625,204.86000061035156,112001800,45.24094311220913,-1.100703726208053,214.62050170898436,206.91160095214843,-0.12959193323105156,7.471326397551878
2026-06-15,212.4499969482422,212.4499969482422,212.7100067138672,208.33999633789062,208.9199981689453,149936700,51.292744720310516,-0.8048460074464856,213.97700119018555,207.6128009033203,-0.057118808617192984,7.043262763612204
2026-06-16,207.41000366210938,207.41000366210935,211.49000549316406,207.2899932861328,211.17999267578125,125694100,47.37816361701025,-0.9659273616416328,213.23150100708008,208.20820098876953,-0.06706550544668488,6.9013642873575645
2026-06-17,204.64999389648438,204.6499938964844,209.2100067138672,203.0800018310547,208.52999877929688,128363500,45.33758611634436,-1.3012947017971896,212.43350067138672,208.7392007446289,-0.07234489220666052,6.925968177381271
2026-06-18,210.69000244140625,210.69000244140625,211.38999938964844,206.5,207.3300018310547,241272000,50.37478279936647,-1.067393278656965,211.79450073242188,209.31140075683595,-0.05718887863912936,6.425609501914576
2026-06-22,208.64999389648438,208.6499938964844,213.99000549316406,207.72000122070312,211.44000244140625,122041400,48.74107521651942,-1.034708876319712,211.2515007019043,209.80620056152344,-0.04947383209019829,6.193981757982562
2026-06-23,200.0399932861328,200.0399932861328,203.77000427246094,200.0,202.1699981689453,153496200,42.479339011285816,-1.6841475399716046,210.48700027465821,210.03440032958986,-0.07100733021364214,6.594723965151874
2026-06-24,199.0,199.0,201.6699981689453,196.5800018310547,200.1199951171875,151810700,41.781119830794005,-2.2567368686214877,209.69400024414062,210.22820037841797,-0.07381551040351009,6.983319832438408
2026-06-25,195.74000549316406,195.7400054931641,200.8000030517578,192.1300048828125,200.0800018310547,149550000,39.58471417193852,-2.939685484278556,208.85100021362305,210.21280059814453,-0.07930385760263015,7.604100279616907
2026-06-26,192.52999877929688,192.52999877929688,195.5500030517578,191.22000122070312,193.1199951171875,179304100,37.49457744074206,-3.6973274083721606,207.7650001525879,210.08600067138673,-0.10137690184692238,8.310622393126376
2026-06-29,194.97000122070312,194.97000122070312,196.17999267578125,189.8000030517578,193.85000610351562,148835700,40.084320492785025,-4.0541426537650125,206.9565002441406,210.01840057373047,-0.07658424844031742,8.740439536217256
2026-06-30,200.08999633789062,200.08999633789065,200.6300048828125,195.11000061035156,197.24000549316406,166476700,45.21380896219398,-3.879065042900976,205.74300003051758,209.98660064697265,-0.10817438138008795,7.834894208695987
2026-07-01,197.5800018310547,197.5800018310547,199.85000610351562,193.4499969482422,196.1999969482422,146147600,43.25859673835687,-3.8979175871522216,204.4809997558594,209.89700073242187,-0.11327531040082084,6.918637094255906
2026-07-02,194.8300018310547,194.8300018310547,200.05999755859375,192.35000610351562,197.13999938964844,142068700,41.15855680536165,-4.087640605159294,203.4849998474121,209.7960006713867,-0.09275901359229477,6.795247271656494
2026-07-06,195.5500030517578,195.5500030517578,197.5500030517578,193.99000549316406,194.4199981689453,108999000,41.95310336957064,-4.132265201602678,202.32949981689453,209.65700073242186,-0.10568919886264583,5.996982360174286
2026-07-07,196.92999267578125,196.92999267578125,198.41000366210938,191.13999938964844,192.3699951171875,124154600,43.52709859496223,-4.010051508562384,201.9209991455078,209.60280059814454,-0.03983429149002993,6.076068965725711
2026-07-08,204.1199951171875,204.1199951171875,205.16000366210938,195.05999755859375,195.17999267578125,147419100,50.98462253732488,-3.29503999864869,201.69499893188475,209.51980041503907,-0.021664130970493023,5.894345035354673
2026-07-09,202.77999877929688,202.77999877929688,204.58999633789062,198.9600067138672,204.4600067138672,132037400,49.66820908114468,-2.8041897771104516,201.42449874877929,209.24320037841798,-0.025985895569754724,5.701576474603923
2026-07-10,210.9600067138672,210.9600067138672,211.0,201.9199981689453,202.0,148421000,56.971866709515574,-1.7351276910721936,201.95149917602538,209.1990005493164,0.052589605035507025,6.078494504356703
2026-07-13,203.52999877929688,203.52999877929688,210.57000732421875,203.0,208.5399932861328,121411000,49.890228266639724,-1.470477086351849,201.88449935913087,209.08460052490236,-0.00654071542845569,6.051959562080388
2026-07-14,211.8000030517578,211.8000030517578,212.5500030517578,203.8000030517578,208.1999969482422,124379600,56.38820825598555,-0.5866567322994172,202.21499938964843,209.32920043945313,0.032214048110063676,6.411766870898149
2026-07-15,212.5,212.5,213.80999755859375,206.0399932861328,211.9600067138672,124797200,56.8976934326138,0.16832087124586792,202.21749954223634,209.61020050048828,0.00023536386197253734,6.415976240454459
2026-07-16,207.39999389648438,207.3999938964844,211.0800018310547,205.85000610351562,210.1699981689453,122986100,52.12027224426861,0.3510712603955426,202.21699905395508,209.7886004638672,-4.826076586572636e-05,6.415550248914499
2026-07-17,202.80999755859375,202.80999755859372,206.64999389648438,197.97000122070312,202.63999938964844,144281900,48.19786236453708,0.12409739861104185,202.12499923706054,209.91480041503905,-0.008990942549558012,6.391974074971912
2026-07-20,203.27999877929688,203.27999877929688,207.74000549316406,202.27999877929688,205.8699951171875,88701500,48.624221959319094,-0.01765236607695897,201.75449905395507,209.8238003540039,-0.03517017217829366,6.076350425022002
2026-07-21,207.2899932861328,207.2899932861328,208.64999389648438,204.00999450683594,207.5399932861328,108685600,52.23628972773263,0.1913768942264653,201.6864990234375,209.73960021972655,-0.006518095615312247,6.002280366896325
2026-07-22,212.05999755859375,212.05999755859372,214.38999938964844,204.9499969482422,205.80999755859375,137220500,56.182704432521724,0.7334784857804095,202.28749923706056,209.67680023193358,0.06008800577826334,6.416239626850505
2026-07-23,210.21499633789062,210.21499633789065,210.8686981201172,205.9600067138672,209.39500427246094,53492839,54.31342416250922,1.002663641206425,202.84824905395507,209.4923001098633,0.0563567655170385,6.6012089799449924
