Price,Adj Close,Close,High,Low,Open,Volume,RSI,MACD,SMA20,SMA50,Return_20D,Volatility
Ticker,TSM,,TSM,TSM,TSM,TSM,,,,,,
Date,,,,,,,,,,,,
2018-01-02,33.674381256103516,41.02000045776367,41.04999923706055,40.41999816894531,40.5099983215332,4984000,,,,,,
2018-01-03,34.24081039428711,41.709999084472656,41.810001373291016,41.439998626708984,41.59000015258789,6963200,,,,,,
2018-01-04,34.06021499633789,41.4900016784668,42.0,41.45000076293945,41.91999816894531,4876600,,,,,,
2018-01-05,34.856510162353516,42.459999084472656,42.56999969482422,41.790000915527344,41.88999938964844,5330800,,,,,,
2018-01-08,34.840087890625,42.43999862670898,42.47999954223633,42.189998626708984,42.400001525878906,3538200,,,,,,
2018-01-09,34.62663650512695,42.18000030517578,42.5,42.130001068115234,42.4900016784668,5729900,,,,,,
2018-01-10,33.904232025146484,41.29999923706055,41.45000076293945,40.720001220703125,41.349998474121094,7102700,,,,,,
2018-01-11,33.68258285522461,41.02999877929688,41.400001525878906,40.95000076293945,41.220001220703125,5701800,,,,,,
2018-01-12,33.81392288208008,41.18999862670898,41.29999923706055,40.7599983215332,41.040000915527344,5028000,,,,,,
2018-01-16,34.667701721191406,42.22999954223633,42.349998474121094,41.810001373291016,42.0099983215332,9081600,,,,,,
2018-01-17,35.406524658203125,43.130001068115234,43.27000045776367,42.5,42.65999984741211,7117700,,,,,,
2018-01-18,36.588661193847656,44.56999969482422,44.849998474121094,43.5,43.86000061035156,11866200,79.11333572772352,,,,,
2018-01-19,36.670753479003906,44.66999816894531,45.540000915527344,44.58000183105469,45.06999969482422,6543700,79.53196530257635,,,,,
2018-01-22,38.07453155517578,46.380001068115234,46.400001525878906,45.939998626708984,46.0,8335800,85.05005329891111,,,,,
2018-01-23,37.99243927001953,46.27999877929688,46.56999969482422,46.060001373291016,46.47999954223633,5659600,83.63010382854814,,,,,
2018-01-24,37.21257019042969,45.33000183105469,45.66999816894531,45.25,45.63999938964844,7400600,71.4297030322074,,,,,
2018-01-25,37.02375030517578,45.09999847412109,45.779998779296875,45.040000915527344,45.709999084472656,7655700,68.8122791989238,,,,,
2018-01-26,37.53273391723633,45.720001220703125,45.7400016784668,45.029998779296875,45.5,7057300,71.81089370397041,,,,,
2018-01-29,37.2700309753418,45.400001525878906,45.689998626708984,45.20000076293945,45.470001220703125,11604400,68.16790694014803,,,,,
2018-01-30,36.84314727783203,44.880001068115234,45.029998779296875,44.400001525878906,44.56999969482422,10224600,62.60954698114082,,43.42549991607666,,,1.9214347645816299
2018-01-31,37.196144104003906,45.310001373291016,45.79999923706055,45.119998931884766,45.43000030517578,6333300,65.14079069501256,,43.63999996185303,,0.10458315133234941,1.877723036606502
2018-02-01,37.311073303222656,45.45000076293945,45.93000030517578,45.29999923706055,45.33000183105469,6706500,65.94903875929414,,43.827000045776366,,0.08966678879307577,1.8615620369004482
2018-02-02,36.53940963745117,44.5099983215332,45.31999969482422,44.45000076293945,45.0099983215332,12051800,56.47993543658002,,43.97799987792969,,0.07278853991065937,1.7828386209257268
2018-02-05,35.25875473022461,42.95000076293945,44.810001373291016,42.810001373291016,44.04999923706055,11748300,44.9461365815541,,44.002499961853026,,0.011540312977679434,1.7641489390856298
2018-02-06,35.78415298461914,43.59000015258789,43.70000076293945,42.099998474121094,42.27000045776367,13414100,49.50221158002339,,44.060000038146974,,0.02709711505869783,1.7289307404639431
2018-02-07,34.38037109375,41.880001068115234,42.9900016784668,41.880001068115234,42.9900016784668,15239500,39.98161084561566,0.39087621698661223,44.045000076293945,,-0.007112357394263302,1.7473035638009515
2018-02-08,33.1325569152832,40.36000061035156,42.119998931884766,40.36000061035156,42.11000061035156,11356000,33.76517713243483,0.07448395755315573,43.998000144958496,,-0.022760257725755073,1.8354454030368277
2018-02-09,34.04379653930664,41.470001220703125,41.68000030517578,39.959999084472656,40.7400016784668,10588400,40.98175781967783,-0.08570347858521643,44.020000267028806,,0.010723920411819687,1.800298265786685
2018-02-12,34.913978576660156,42.52999877929688,42.790000915527344,41.959999084472656,42.029998779296875,6573300,46.92842212875266,-0.12567156799572388,44.0870002746582,,0.032532172791066793,1.712213375151099
2018-02-13,34.79084014892578,42.380001068115234,42.65999984741211,41.880001068115234,42.540000915527344,5831900,46.21873060703372,-0.16751907292162116,44.094500350952146,,0.003552013438429702,1.7039595953159201
2018-02-14,35.340843200683594,43.04999923706055,43.09000015258789,41.91999816894531,42.16999816894531,6860100,49.86577960173346,-0.14494938298564364,44.09050025939941,,-0.0018548998162170038,1.7064350565555628
2018-02-15,35.72667694091797,43.52000045776367,43.75,42.75,43.52000045776367,6116500,52.308969955882574,-0.08812175778898279,44.03800029754639,,-0.023558430429661437,1.7070583629802631
2018-02-16,35.693851470947266,43.47999954223633,43.959999084472656,43.310001373291016,43.349998474121094,4792100,52.07636480442945,-0.045785409283368494,43.97850036621094,,-0.026639773348732132,1.7046076186045929
2018-02-20,35.90729522705078,43.7400016784668,44.15999984741211,43.0,43.08000183105469,9291700,53.523044868993495,0.00864677672981884,43.846500396728516,,-0.05692107220461784,1.6083540409315022
2018-02-21,35.20949935913086,42.88999938964844,43.81999969482422,42.869998931884766,43.65999984741211,6612600,48.381111472844125,-0.016611912843409016,43.67700042724609,,-0.07324977266777599,1.5142763897081695
2018-02-22,34.799049377441406,42.38999938964844,42.7400016784668,42.18000030517578,42.66999816894531,7984000,45.60562786569927,-0.07609821478433787,43.53000030517578,,-0.06485776136439758,1.4878349515166231
2018-02-23,36.038631439208984,43.900001525878906,43.900001525878906,43.11000061035156,43.38999938964844,7204900,54.158531644033374,-0.0013810648132945857,43.470000457763675,,-0.02660747203640712,1.444762064460435
2018-02-26,36.45730972290039,44.40999984741211,44.40999984741211,43.79999923706055,44.11000061035156,3897600,56.63846567133677,0.09785737821867002,43.40450038909912,,-0.02865269768842038,1.3648732594830466
2018-02-27,35.80878448486328,43.619998931884766,44.29999923706055,43.61000061035156,44.04999923706055,5999100,51.95019852949312,0.1114730952732188,43.315500259399414,,-0.039207104276846816,1.2835127713039713
2018-02-28,35.58713912963867,43.34999847412109,43.90999984741211,43.290000915527344,43.66999816894531,6400100,50.41425306207211,0.09933183314080907,43.239000129699704,,-0.034090966078009544,1.2298304889051437
2018-03-01,35.06995391845703,42.720001220703125,43.560001373291016,42.310001373291016,43.349998474121094,7792400,46.927846359322075,0.038431270420936414,43.109500122070315,,-0.057161776077866655,1.1328140618188332
2018-03-02,35.308013916015625,43.0099983215332,43.04999923706055,42.150001525878906,42.38999938964844,4819600,48.68695311853351,0.01341286299527411,42.9875,,-0.05368542135198073,0.9898528076950307
2018-03-05,35.70206832885742,43.4900016784668,43.7599983215332,42.869998931884766,43.04999923706055,5977200,51.54954009820893,0.03194955957676626,42.93650016784668,,-0.022916124051457154,0.9318586457445972
2018-03-06,35.74311828613281,43.540000915527344,44.400001525878906,43.43000030517578,44.34000015258789,8632000,51.85085682280204,0.05009705803630027,42.966000175476076,,0.01373690668469063,0.9415965180901593
2018-03-07,36.28492736816406,44.20000076293945,44.279998779296875,43.18000030517578,43.310001373291016,4482900,55.76185309138546,0.11639383744304155,42.996500205993655,,0.013994049282318066,0.9722532834363817
2018-03-08,35.956546783447266,43.79999923706055,44.38999938964844,43.59000015258789,44.29999923706055,7092400,52.95445600026492,0.13510037950136677,43.09250011444092,,0.045845227315600035,0.9507607263191714
2018-03-09,36.605079650878906,44.59000015258789,44.599998474121094,43.52000045776367,44.04999923706055,8336200,57.50492232739506,0.21123691278570078,43.30400009155274,,0.10480672641891431,0.7628299539265422
2018-03-12,37.12227249145508,45.220001220703125,45.349998474121094,44.75,44.790000915527344,5176100,60.76417876444645,0.3187372800485875,43.49150009155274,,0.09042681190295898,0.7490578187989071
2018-03-13,36.93345260620117,44.9900016784668,45.75,44.90999984741211,45.5,5842300,58.98550787632123,0.38098133900722786,43.61450023651123,,0.057841593458201945,0.7840215565474201
2018-03-14,37.064788818359375,45.150001525878906,45.45000076293945,44.83000183105469,45.43000030517578,4300500,59.86562753409199,0.43816990477684925,43.753000259399414,43.48000015258789,0.06536102850284475,0.798987421927496
2018-03-15,37.196144104003906,45.310001373291016,45.650001525878906,44.88999938964844,45.099998474121094,3942200,60.77216020301265,0.4907458925121091,43.86600036621094,43.565800170898434,0.05249714695197705,0.8523620016731974
2018-03-16,36.917022705078125,44.970001220703125,45.52000045776367,44.93000030517578,45.0,8125600,57.78521050292024,0.4992228406166319,43.93850040435791,43.63100021362305,0.033318031886205635,0.8825166017665547
2018-03-19,36.6132926940918,44.59999847412109,44.869998931884766,44.189998626708984,44.720001220703125,5116500,54.63798111303334,0.4706592863772556,43.99450035095215,43.69320014953613,0.02575894534674039,0.8874123313509606
2018-03-20,36.8021125793457,44.83000183105469,44.90999984741211,44.52000045776367,44.70000076293945,6404200,56.23373210466273,0.46126464088666097,44.049000358581544,43.740600204467775,0.024919984242353088,0.9042705813953863
2018-03-21,36.69538116455078,44.70000076293945,44.849998474121094,44.25,44.56999969482422,7036400,55.054862262715055,0.43827713097018517,44.13950042724609,43.785800247192384,0.04220101186869818,0.8721755447121989
2018-03-22,35.866249084472656,43.68999862670898,44.369998931884766,43.689998626708984,44.099998474121094,6318500,46.83926604328588,0.3347023914677223,44.204500389099124,43.81600021362305,0.030667592728911286,0.778321795254628
2018-03-23,34.95501708984375,42.58000183105469,43.70000076293945,42.58000183105469,43.630001068115234,5923500,39.80849052019843,0.16119306609060402,44.13850040435791,43.84160026550293,-0.030068329133111416,0.8574462564121366
2018-03-26,36.342384338378906,44.27000045776367,44.279998779296875,43.18000030517578,43.810001373291016,5395200,51.696761812519085,0.15823045869682062,44.13150043487549,43.90640029907227,-0.003152429410706148,0.8556827958475599
2018-03-27,35.537879943847656,43.290000915527344,44.84000015258789,43.130001068115234,44.720001220703125,6995000,46.020539661543616,0.07592952977745426,44.115000534057614,43.948400344848636,-0.0075652917110964335,0.8691408526767541
2018-03-28,35.04533386230469,42.68999862670898,43.16999816894531,42.439998626708984,42.97999954223633,8563100,42.91380085204828,-0.03727997922211301,44.08200054168701,43.957600326538085,-0.015224910510806877,0.9112262677106789
2018-03-29,35.92369842529297,43.7599983215332,43.91999816894531,42.959999084472656,43.0,7758900,49.46553328158185,-0.040195943902780584,44.13400039672852,43.970200271606444,0.02434450072829275,0.8575023857351938
2018-04-02,34.88934326171875,42.5,43.59000015258789,42.41999816894531,43.34000015258789,6361200,43.18080185230807,-0.14253514479879215,44.108500480651855,43.92880027770996,-0.011857668947591438,0.8992531464427537
2018-04-03,35.693851470947266,43.47999954223633,44.279998779296875,43.029998779296875,44.27000045776367,6174500,48.64592017714564,-0.1429144966067497,44.10800037384033,43.90500030517578,-0.00022998702792464965,0.8996179266632863
2018-04-04,36.07147216796875,43.93999862670898,43.939998626708984,42.349998474121094,42.369998931884766,5497100,51.02701568900532,-0.10488797066808075,44.128000259399414,43.856200256347655,0.009186901763224009,0.8907281810983543
2018-04-05,35.562496185302734,43.31999969482422,44.22999954223633,43.13999938964844,44.029998779296875,6115100,47.80940246763599,-0.12335840820929178,44.084000205993654,43.7970002746582,-0.019909526084286644,0.9085412803906124
2018-04-06,34.823665618896484,42.41999816894531,43.16999816894531,42.2599983215332,42.880001068115234,5133100,43.51943584666981,-0.20821874842469157,44.01500015258789,43.73880020141601,-0.03150687425007015,0.9807763838395024
2018-04-09,35.35727310180664,43.06999969482422,44.040000915527344,42.90999984741211,43.09000015258789,6696400,47.20408968472618,-0.2204799331566747,43.93900012969971,43.69820022583008,-0.034088370768383,0.9926944932710307
2018-04-10,35.775943756103516,43.58000183105469,44.220001220703125,43.029998779296875,43.869998931884766,5682300,49.96235977491324,-0.1868897515447543,43.85700016021728,43.65540023803711,-0.03626712395791787,0.9480406627360065
2018-04-11,35.61176300048828,43.380001068115234,43.790000915527344,43.25,43.25,4788000,48.88379614237313,-0.174397336766539,43.776500129699706,43.61500022888183,-0.03578574239356258,0.9145338605875273
2018-04-12,35.997589111328125,43.84999847412109,43.849998474121094,43.04999923706055,43.33000183105469,7574700,51.53173987391848,-0.12512972770888098,43.711499977111814,43.59440017700195,-0.02879297913229728,0.8561070698427136
2018-04-13,35.01248550415039,42.650001525878906,43.7400016784668,42.560001373291016,43.689998626708984,5749900,45.106897470239225,-0.1808300215809311,43.578499984741214,43.541200180053714,-0.05870668211853347,0.7994491285823389
2018-04-16,35.19308090209961,42.869998931884766,43.0099983215332,42.68000030517578,42.810001373291016,5206900,46.425660017233156,-0.20485946135394073,43.473499870300294,43.48960014343262,-0.04669784816131084,0.7429832060931664
2018-04-17,34.73337173461914,42.310001373291016,42.36000061035156,41.77000045776367,42.09000015258789,9831100,43.55711796990294,-0.26602353466672923,43.359000015258786,43.44560020446777,-0.051345228232660856,0.7366703954185102
2018-04-18,34.413204193115234,41.91999816894531,42.2599983215332,41.209999084472656,42.099998474121094,8947400,41.6280143576951,-0.34202386442179744,43.21349983215332,43.42500015258789,-0.0649119683973235,0.7179816763597738
2018-04-19,32.451194763183594,39.52999877929688,40.08000183105469,39.11000061035156,39.93000030517578,27527000,32.21264934683947,-0.5883257964306594,42.95499973297119,43.34380012512207,-0.11565999765997759,1.0212609602015068
2018-04-20,31.975059509277344,38.95000076293945,39.540000915527344,38.81999969482422,39.369998931884766,15313300,30.414813541602072,-0.8208604761307257,42.71799983978271,43.285200119018555,-0.10849160020050508,1.3415018962760947
2018-04-23,31.81087303161621,38.75,39.08000183105469,38.529998779296875,38.959999084472656,11178300,29.797238933691816,-1.0096457079691845,42.52649974822998,43.25300010681153,-0.08994837168516434,1.60894625524945
2018-04-24,31.81087303161621,38.75,39.209999084472656,38.29999923706055,39.040000915527344,13004000,29.797238933691816,-1.1460484313985262,42.2504997253418,43.19860008239746,-0.12468941496917518,1.7604438490110246
2018-04-25,31.33473777770996,38.16999816894531,38.4900016784668,38.02000045776367,38.36000061035156,12359200,27.89240419807129,-1.2861242333558138,41.994499588012694,43.11140007019043,-0.11827217921692346,1.9620517883878157
2018-04-26,31.33473777770996,38.16999816894531,38.560001373291016,38.08000183105469,38.08000183105469,7685800,27.89240419807129,-1.381213545620291,41.768499565124515,43.02720001220703,-0.10587961122434253,2.130787711655658
2018-04-27,31.33473777770996,38.16999816894531,38.7400016784668,37.9900016784668,38.7400016784668,8276100,27.89240419807129,-1.4399733937406651,41.48899955749512,42.92959999084473,-0.12774223873398072,2.2205453228636602
2018-04-30,31.564603805541992,38.45000076293945,38.84000015258789,38.380001068115234,38.689998626708984,7968000,30.56863593402862,-1.4472639693141716,41.28649959564209,42.82819999694824,-0.09529409969554226,2.3064996967893503
2018-05-01,31.95864486694336,38.93000030517578,38.939998626708984,38.2599983215332,38.34000015258789,5507000,35.02088973224217,-1.3981923602624349,41.058999633789064,42.73720001220703,-0.10464579772225369,2.3031488560789137
2018-05-02,30.989946365356445,37.75,38.599998474121094,37.650001525878906,38.599998474121094,11522200,29.93837727047618,-1.4379432053184118,40.74949970245361,42.61739997863769,-0.14087389212949086,2.311514855778076
2018-05-03,31.277263641357422,38.09999847412109,38.189998626708984,37.29999923706055,37.54999923706055,7021400,33.0423656915859,-1.4247801064401528,40.48849964141846,42.52159996032715,-0.12049864398606647,2.300673626206523
2018-05-04,31.679527282714844,38.59000015258789,38.65999984741211,37.939998626708984,38.0,9474000,37.234878286405454,-1.3591418739206205,40.29699974060058,42.445599975585935,-0.09028755732387739,2.2908175173609684
2018-05-07,31.564603805541992,38.45000076293945,38.650001525878906,38.2400016784668,38.45000076293945,4590100,36.531077075228914,-1.303395154466493,40.065999794006345,42.33659996032715,-0.10726721533828931,2.2285670405458173
2018-05-08,32.16386795043945,39.18000030517578,39.380001068115234,38.939998626708984,38.97999954223633,8116600,42.62128370795599,-1.1866318620153038,39.8459997177124,42.23199996948242,-0.10096377560827696,2.0753248843491443
2018-05-09,32.30343246459961,39.34999847412109,39.459999084472656,39.15999984741211,39.369998931884766,5861400,43.96962782917647,-1.0680666722642869,39.64449958801269,42.14659996032715,-0.0929000114053995,1.9025924112004324
2018-05-10,32.648216247558594,39.77000045776367,39.869998931884766,39.439998626708984,39.56999969482422,7957900,47.26668710871542,-0.929497585618762,39.44049968719482,42.075,-0.09304442778408084,1.626661258959061
2018-05-11,32.763145446777344,39.90999984741211,40.18000030517578,39.63999938964844,40.040000915527344,4184400,48.357548528954375,-0.7991714543362818,39.30349960327148,42.01879997253418,-0.06424388230805189,1.4476597823746387
2018-05-14,32.795982360839844,39.95000076293945,40.54999923706055,39.880001068115234,40.130001068115234,5014000,48.6841846673959,-0.684765763296987,39.15749969482422,41.9576000213623,-0.06811285844874493,1.1940727494304508
2018-05-15,32.26237487792969,39.29999923706055,39.400001525878906,38.959999084472656,39.36000061035156,5622800,43.832598711972885,-0.6391800500081359,39.0069995880127,41.87379997253418,-0.07114162227682153,0.9380668400467742
2018-05-16,32.66463088989258,39.790000915527344,39.83000183105469,39.279998779296875,39.400001525878906,7671500,48.036585877598704,-0.5570921914567464,38.900499725341795,41.79879997253418,-0.050811005402092047,0.6735649252849102
2018-05-17,31.983261108398438,38.959999084472656,39.2400016784668,38.66999816894531,39.06999969482422,7964200,42.2658309790262,-0.5526406854797443,38.871999740600586,41.69399993896484,-0.014419421007489497,0.6573924004455989
2018-05-18,31.539958953857422,38.41999816894531,38.54999923706055,38.279998779296875,38.470001220703125,7783900,38.98448219651802,-0.585932134907587,38.84549961090088,41.58639991760254,-0.013607255034984056,0.6647241896938911
2018-05-21,32.401939392089844,39.470001220703125,39.70000076293945,39.119998931884766,39.34000015258789,7902200,47.51674956177876,-0.5215769628386653,38.881499671936034,41.48399993896484,0.01858067666330654,0.678631312817532
2018-05-22,32.54150390625,39.63999938964844,39.790000915527344,39.45000076293945,39.470001220703125,5752000,48.765919338488914,-0.4516512394746286,38.92599964141846,41.37239990234375,0.022967726184475845,0.6984453950839032
2018-05-23,32.54970169067383,39.650001525878906,39.650001525878906,39.09000015258789,39.13999938964844,4815400,48.84306978159567,-0.3909212146955312,38.999999809265134,41.26559989929199,0.03877399601600473,0.6925092982031392
2018-05-24,32.237754821777344,39.27000045776367,39.45000076293945,38.779998779296875,39.369998931884766,7930800,46.008456140913566,-0.36919924385277625,39.054999923706056,41.147999877929685,0.028818505150291385,0.6663060308953996
2018-05-25,32.26237487792969,39.29999923706055,39.4900016784668,38.93000030517578,39.099998474121094,5403000,46.273539582020824,-0.34558014192262476,39.11149997711182,41.02779983520508,0.02960443076558983,0.6344604938247081
2018-05-29,31.3265323638916,38.15999984741211,38.560001373291016,38.029998779296875,38.4900016784668,7198200,38.5314539595848,-0.4140770345484839,39.096999931335446,40.891599807739254,-0.007542286340000981,0.6534051900853561
2018-05-30,31.474294662475586,38.34000015258789,38.400001525878906,38.06999969482422,38.29999923706055,8413400,40.2318434644799,-0.44866486585615917,39.06749992370605,40.76639984130859,-0.01515541094176276,0.6743255221667139
2018-05-31,31.76982879638672,38.70000076293945,38.86000061035156,38.290000915527344,38.33000183105469,8129400,43.592667077897886,-0.44193260675742607,39.11499996185303,40.64379981994629,0.0251655831242239,0.6067041158146481
2018-06-01,32.18028259277344,39.20000076293945,39.20000076293945,38.79999923706055,38.9900016784668,5970000,47.96880601339101,-0.3917357358765656,39.170000076293945,40.53379981994629,0.028871452306370227,0.5577305830963668
2018-06-04,32.81240463256836,39.970001220703125,40.0,39.66999816894531,39.849998474121094,8927200,53.900241954263215,-0.2865189402836137,39.239000129699704,40.45939987182617,0.035760587267649635,0.5674776339323765
2018-06-05,32.45941162109375,39.540000915527344,39.86000061035156,39.400001525878906,39.70000076293945,6345900,50.44203398968517,-0.23512097445946978,39.293500137329104,40.39859985351563,0.02834850795733934,0.5393594100482817
2018-06-06,32.47582244873047,39.560001373291016,39.93000030517578,39.560001373291016,39.849998474121094,9829700,50.60079221354933,-0.19057699349975366,39.312500190734866,40.30439987182617,0.009698853117799278,0.5418381748721536
2018-06-07,32.44297790527344,39.52000045776367,39.939998626708984,39.459999084472656,39.560001373291016,8216900,50.25404858281683,-0.1566970017528817,39.321000289916995,40.2289998626709,0.004320253881442637,0.5437873400640585
2018-06-08,31.95864486694336,38.93000030517578,39.15999984741211,38.52000045776367,39.15999984741211,8081300,45.3209780444502,-0.1754326670949169,39.2790002822876,40.15379989624024,-0.021121451921530254,0.5397069661832988
2018-06-11,31.819082260131836,38.7599983215332,39.150001525878906,38.7599983215332,39.0,4511600,43.981298680619844,-0.20167378630481636,39.22150020599365,40.053799896240236,-0.028814871718258805,0.5301174639540415
2018-06-12,32.18028259277344,39.20000076293945,39.36000061035156,38.97999954223633,39.130001068115234,6582600,48.24547996894154,-0.18483488111429835,39.184000205993655,39.987799911499025,-0.01877346647501832,0.5016336548966014
2018-06-13,32.05714797973633,39.04999923706055,39.88999938964844,39.04999923706055,39.72999954223633,9616600,46.933841927307164,-0.18150155995407147,39.17150020599365,39.899199905395506,-0.006361323278710085,0.5017058078637469
2018-06-14,31.687732696533203,38.59999847412109,39.06999969482422,38.599998474121094,39.029998779296875,7636000,43.144329357594,-0.21271908645955762,39.11200008392334,39.79239990234375,-0.029907072481163977,0.4950136333344293
2018-06-15,31.761625289916992,38.68999862670898,38.939998626708984,38.54999923706055,38.81999969482422,11235700,44.116176664964506,-0.22757361401143328,39.09850006103515,39.699799880981445,-0.006930196717363057,0.5029945777802085
2018-06-18,31.400407791137695,38.25,38.36000061035156,37.84000015258789,38.310001373291016,8921400,40.47375280173325,-0.2717179506740308,39.09000015258788,39.616399917602536,-0.004424731313046215,0.516323538276272
2018-06-19,30.833980560302734,37.560001373291016,37.970001220703125,37.349998474121094,37.70000076293945,9848900,35.52087253403812,-0.3582500940568494,38.99450016021728,39.50619995117187,-0.048391177814564146,0.6104054049482186
2018-06-20,31.482505798339844,38.34999847412109,38.59000015258789,38.0099983215332,38.34000015258789,8668600,43.97431302047317,-0.3589435989879206,38.930000114440915,39.4015998840332,-0.032542909570887124,0.6067518550918902
2018-06-21,30.88323402404785,37.619998931884766,38.0099983215332,37.54999923706055,37.869998931884766,9246700,38.899292282499594,-0.41362999967940084,38.82849998474121,39.286399841308594,-0.05119804579753151,0.6483364947770579
2018-06-22,31.293682098388672,38.119998931884766,38.310001373291016,37.970001220703125,38.27000045776367,10338500,43.69261038920365,-0.41187569823051007,38.77099990844726,39.17179985046387,-0.02928447956387914,0.6580429476257486
2018-06-25,31.068178176879883,36.5099983215332,36.560001373291016,36.04999923706055,36.29999923706055,10528100,34.348490755932545,-0.5342406024996791,38.63149986267089,39.04899978637695,-0.07099239108626565,0.816619235126789
2018-06-26,31.025630950927734,36.459999084472656,36.70000076293945,36.11000061035156,36.33000183105469,8817000,34.10456094397209,-0.6280108728749383,38.54649982452392,38.92079978942871,-0.04454928641868805,0.9464358560862626
2018-06-27,30.217226028442383,35.5099983215332,36.31999969482422,35.5099983215332,36.25,8798100,29.777519982367366,-0.7701043265045726,38.404999732971184,38.78479972839355,-0.07381329733415942,1.1652045112790426
2018-06-28,30.58315086364746,35.939998626708984,35.939998626708984,35.349998474121094,35.5,7199000,33.8675158851987,-0.838352970086369,38.26699962615966,38.665199737548825,-0.07131788325114319,1.2856424518419904
2018-06-29,31.110734939575195,36.560001373291016,36.77000045776367,36.439998626708984,36.54999923706055,8088200,39.35242786396581,-0.8328113410275435,38.13499965667724,38.60579978942871,-0.0673469218945616,1.3198788987667438
2018-07-02,31.093717575073242,36.540000915527344,36.56999969482422,36.040000915527344,36.209999084472656,7365500,39.239368161662064,-0.8205743594380692,37.96349964141845,38.55759979248047,-0.08581436578488655,1.2914306831939626
2018-07-03,30.96607780456543,36.38999938964844,36.61000061035156,36.349998474121094,36.38999938964844,6512600,38.349478436385795,-0.8136016396367935,37.80599956512451,38.51039978027344,-0.07966619759591109,1.2810869618948628
2018-07-05,31.136259078979492,36.59000015258789,36.599998474121094,36.2400016784668,36.400001525878906,9230900,40.29374009863373,-0.782912392154735,37.65749950408935,38.46719978332519,-0.07507586242674713,1.2384960986380644
2018-07-06,31.714908599853516,37.27000045776367,37.349998474121094,36.7599983215332,36.81999969482422,7251600,46.474486677904025,-0.6957009928068487,37.54499950408935,38.44919982910156,-0.0569331977211045,1.1601202262777965
2018-07-09,32.19144058227539,37.83000183105469,38.029998779296875,37.56999969482422,37.869998931884766,7124100,50.975391905749255,-0.5747722827098585,37.4899995803833,38.44239990234375,-0.028255804405294294,1.1162483953939142
2018-07-10,32.27653503417969,37.93000030517578,37.95000076293945,37.470001220703125,37.470001220703125,7211500,51.75553715338574,-0.4655003690833581,37.44849967956542,38.43759994506836,-0.021413778439105746,1.0814332138443334
2018-07-11,31.459627151489258,36.970001220703125,37.349998474121094,36.900001525878906,37.33000183105469,7316200,44.44359644259781,-0.45116474697968556,37.33699970245361,38.407999954223634,-0.056887742317204726,1.003494367232049
2018-07-12,31.748950958251953,37.310001373291016,37.59000015258789,37.20000076293945,37.33000183105469,5275300,47.28419374649974,-0.4076691363275913,37.249999809265134,38.375599975585935,-0.04455820480831607,0.9190383942549744
2018-07-13,32.140380859375,37.77000045776367,37.79999923706055,37.47999954223633,37.540000915527344,4947500,50.939079277423275,-0.33225049290914654,37.208499908447266,38.37599998474121,-0.021502540133877868,0.8724273239570002
2018-07-16,32.157405853271484,37.790000915527344,37.88999938964844,37.650001525878906,37.880001068115234,5399200,51.09783473618264,-0.2677800036524758,37.163500022888186,38.369800033569334,-0.023261766428710473,0.8131894467940207
2018-07-17,32.37014389038086,38.040000915527344,38.119998931884766,37.349998474121094,37.5,6238500,53.13905004827206,-0.19427429265477514,37.153000068664554,38.35880004882812,-0.005490172143076011,0.7996654262524076
2018-07-18,32.68499755859375,38.40999984741211,38.470001220703125,37.880001068115234,38.040000915527344,10532200,56.06215637183976,-0.10495481177795796,37.19549999237061,38.35800003051758,0.022630416481441484,0.8438041864527572
2018-07-19,33.87633514404297,39.810001373291016,40.38999938964844,38.619998931884766,39.439998626708984,17762300,64.96695549626699,0.07790193811618451,37.2685001373291,38.37060005187988,0.03807048128450785,0.9980052446761283
2018-07-20,34.6591911315918,40.72999954223633,40.849998474121094,39.84000015258789,39.9900016784668,14481000,69.36134210780331,0.29366816945206864,37.42400016784668,38.39820007324219,0.0826688117663843,1.262810075260304
2018-07-23,34.66771697998047,40.7400016784668,40.97999954223633,40.630001068115234,40.81999969482422,6832800,69.40627281532467,0.4601670319991058,37.55500030517578,38.41760009765625,0.06873039926532054,1.4594037617553428
2018-07-24,34.369869232177734,40.38999938964844,41.209999084472656,40.380001068115234,41.099998474121094,7018300,65.77152539703394,0.5574503795362205,37.74900035858154,38.427200088500975,0.10627228831798807,1.5670924754462083
2018-07-25,34.79534912109375,40.88999938964844,40.900001525878906,40.310001373291016,40.529998779296875,7725700,68.32360962501245,0.6672028554751392,37.97050037384033,38.44600006103516,0.12150302842608673,1.6840256154871147
2018-07-26,34.73577880859375,40.81999969482422,40.939998626708984,40.439998626708984,40.70000076293945,8476600,67.56409827370429,0.7400037899658045,38.23600044250488,38.47640007019043,0.14953538789865384,1.6942421609734664
2018-07-27,35.27187728881836,41.45000076293945,41.91999816894531,40.939998626708984,40.939998626708984,9468500,70.71895644144163,0.8388649629922966,38.51150054931641,38.50960006713867,0.15331113930916196,1.748365267221943
2018-07-30,34.96554183959961,41.09000015258789,41.52000045776367,40.88999938964844,41.45000076293945,5174300,66.72512358829582,0.878042585899621,38.73800048828125,38.552200088500975,0.12390587005301024,1.7754629902908052
2018-07-31,35.06765365600586,41.209999084472656,41.58000183105469,41.09000015258789,41.2599983215332,4908300,67.38629341843418,0.9083036857534381,38.971500396728516,38.608000106811524,0.12780509173334043,1.7782640642344274
2018-08-01,35.49312973022461,41.709999084472656,41.72999954223633,41.31999969482422,41.439998626708984,6115000,70.05611382079155,0.9615475254023949,39.23750038146973,38.65280006408691,0.14619400340901234,1.7696616735287927
2018-08-02,35.35697937011719,41.54999923706055,41.650001525878906,41.0,41.099998474121094,4669300,68.13399603936745,0.9795414572380565,39.48550033569336,38.691000061035155,0.13555613729949245,1.7261252666267617
2018-08-03,35.476104736328125,41.68999862670898,41.95000076293945,41.560001373291016,41.63999938964844,4575200,68.93709178396104,0.9936444439503305,39.70650024414063,38.73180000305176,0.11859399288052819,1.7104202946239682
2018-08-06,34.94852828979492,41.06999969482422,41.41999816894531,41.0,41.20000076293945,7245800,61.540217643617076,0.9439116048543212,39.8685001373291,38.76779998779297,0.0856462518357537,1.6764344878783068
2018-08-07,35.093177795410156,41.2400016784668,41.25,40.84000015258789,41.06999969482422,7494900,62.7213621569991,0.9077517141739051,40.03400020599365,38.80660003662109,0.08726605184971081,1.6379327258586063
2018-08-08,35.71438217163086,41.970001220703125,42.11000061035156,41.45000076293945,41.560001373291016,5089600,67.35728098940476,0.9273101483300437,40.28400020599365,38.882800064086915,0.1352447886098529,1.5232178339124243
2018-08-09,35.6037483215332,41.84000015258789,41.95000076293945,41.68000030517578,41.939998626708984,4513300,65.78824429190061,0.9216956152599423,40.5105001449585,38.952800064086915,0.12141513300880624,1.38856383874797
2018-08-10,34.91447448730469,41.02999877929688,41.29999923706055,40.790000915527344,41.29999923706055,7053200,56.89524879504252,0.8421776166631645,40.673500061035156,38.999400024414065,0.08631184225636179,1.2325036990237241
2018-08-13,34.64217758178711,40.709999084472656,40.9900016784668,40.470001220703125,40.689998626708984,6708600,53.80111193281742,0.7447526835126155,40.81949996948242,39.02959999084473,0.0772690684891073,1.0291204058569305
2018-08-14,34.8123779296875,40.90999984741211,41.189998626708984,40.869998931884766,41.0,5339100,55.432468409708115,0.6758898744295792,40.96299991607666,39.048399963378905,0.07544686810754708,0.7945014301861433
2018-08-15,34.42092514038086,40.45000076293945,40.54999923706055,40.119998931884766,40.45000076293945,6052800,50.97409093048281,0.577539998757814,41.064999961853026,39.066599960327146,0.05311119301305567,0.5395269137494165
2018-08-16,34.386898040771484,40.40999984741211,40.72999954223633,40.369998931884766,40.45000076293945,5544000,50.59302431150924,0.4907126442292338,41.09499988555908,39.08359992980957,0.015071551203804878,0.4794020566627515
2018-08-17,34.148624420166016,40.130001068115234,40.220001220703125,39.790000915527344,40.189998626708984,7897200,47.89401988123418,0.3947572627688629,41.064999961853026,39.095799942016605,-0.014731119098071788,0.5204602146335663
2018-08-20,34.123104095458984,40.09999847412109,40.2400016784668,39.900001525878906,40.02000045776367,4156700,47.60098706083098,0.31268651751383203,41.03299980163574,39.119199905395504,-0.015709454540449475,0.5596907815154506
2018-08-21,34.79534912109375,40.88999938964844,41.040000915527344,40.36000061035156,40.369998931884766,6075100,55.34792525299472,0.3078427130112047,41.057999801635745,39.161799926757816,0.012379301994447367,0.540288482171031
2018-08-22,34.803855895996094,40.900001525878906,41.04999923706055,40.540000915527344,40.849998474121094,5512700,55.437755768852554,0.3013374216271245,41.05849990844727,39.1957999420166,0.0002446108187763585,0.5401293972619515
2018-08-23,34.61664962768555,40.68000030517578,41.349998474121094,40.68000030517578,41.29999923706055,4126100,52.91609286791556,0.2752566837444519,41.051499938964845,39.228399963378905,-0.0034296764011536585,0.5442742708495779
2018-08-24,35.093177795410156,41.2400016784668,41.40999984741211,40.83000183105469,40.93000030517578,4232000,58.136085690485615,0.29635870311606993,41.04099998474121,39.28120002746582,-0.005066322813205293,0.538173332212079
2018-08-27,35.3399543762207,41.52999877929688,41.709999084472656,41.369998931884766,41.43000030517578,5733000,60.57374065212821,0.3326479889792324,41.06299991607666,39.33800003051758,0.010708168047579791,0.5491629534613478
2018-08-28,36.03773498535156,42.34999847412109,42.7599983215332,42.25,42.38999938964844,10683500,66.51161870702202,0.42270198644798285,41.11999988555908,39.42,0.027663174350274655,0.6198385036745593
2018-08-29,37.55242156982422,44.130001068115234,44.380001068115234,43.09000015258789,43.189998626708984,12278200,75.23189295881399,0.6304345049378739,41.24099998474121,39.55139999389648,0.05801970838554804,0.909568527736957
2018-08-30,36.982295989990234,43.459999084472656,44.4900016784668,43.40999984741211,44.349998474121094,7826200,68.04902277696168,0.7325560121258405,41.336499977111814,39.65360000610352,0.045968709566388766,1.035299466520152
2018-08-31,37.1014289855957,43.59999847412109,43.61000061035156,42.959999084472656,43.119998931884766,8782900,68.7210440386123,0.8153855657963334,41.43199996948242,39.77319999694824,0.045814341816467596,1.1512262090118894
2018-09-04,37.53541564941406,44.11000061035156,44.119998931884766,43.189998626708984,43.2599983215332,8174900,71.10527320686168,0.9116723031486202,41.58400001525879,39.89300003051758,0.07401998875374849,1.2928889897663995
2018-09-05,37.62900924682617,44.220001220703125,44.56999969482422,44.02000045776367,44.09000015258789,7262400,71.60796301855297,0.9854961796418635,41.73299999237061,40.04720008850098,0.07225992776310464,1.4169244769296778
2018-09-06,37.48435592651367,44.04999923706055,44.06999969482422,43.58000183105469,43.939998626708984,10424900,69.59289382336127,1.0185432616221561,41.83699989318848,40.19900009155273,0.04955916025400042,1.5086037605991922
2018-09-07,38.19064712524414,44.880001068115234,45.2400016784668,43.97999954223633,44.0,14256000,73.51200414422928,1.0990384917293454,41.988999938964845,40.38640014648438,0.07265776540250113,1.654969990093878
2018-09-10,37.969398498535156,44.619998931884766,45.060001373291016,44.52000045776367,45.0,6824900,70.44884997621256,1.1288389888749464,42.16849994659424,40.56000015258789,0.08749695977079441,1.7380820511768191
2018-09-11,37.90983200073242,44.54999923706055,44.56999969482422,43.58000183105469,43.63999938964844,12509700,69.60789449901719,1.1337386735030535,42.360499954223634,40.71980010986328,0.09432572436614284,1.7800752373650677
2018-09-12,37.3907470703125,43.93999862670898,44.29999923706055,43.81999969482422,43.91999816894531,10303700,62.59557732923684,1.0759963415625151,42.511999893188474,40.867800064086914,0.07406499121482013,1.7790670238154167
2018-09-13,36.95675277709961,43.43000030517578,43.9900016784668,43.27000045776367,43.9900016784668,9624500,57.39007102711142,0.9778109294461927,42.660999870300294,41.008600082397464,0.07367118630481273,1.7211283708354046
2018-09-14,37.79069519042969,44.40999984741211,44.560001373291016,43.95000076293945,44.02000045776367,5295400,63.6462646096364,0.9679184939272361,42.86099987030029,41.16500007629394,0.09898540002731937,1.677645190608906
2018-09-17,37.23757553100586,43.7599983215332,44.13999938964844,43.470001220703125,43.630001068115234,6210300,57.60493859239688,0.8972856264969451,43.042499732971194,41.29480003356934,0.09045594709196592,1.558784514338394
2018-09-18,37.067378997802734,43.560001373291016,44.09000015258789,43.349998474121094,43.5,8814200,55.84837620426214,0.8157668356134664,43.21549987792969,41.40940002441406,0.08628436485858915,1.3988206944078303
2018-09-19,37.45880889892578,44.02000045776367,44.38999938964844,43.7400016784668,44.20000076293945,6393200,58.948978814453376,0.7792974325645332,43.37199993133545,41.53120002746582,0.07654686023075885,1.2962843802395003
2018-09-20,37.586463928222656,44.16999816894531,44.43000030517578,43.900001525878906,44.25,4728000,59.93697554654646,0.7538092853975016,43.53549976348877,41.67519996643066,0.07995101518510617,1.1679512395862617
2018-09-21,37.492862701416016,44.060001373291016,44.40999984741211,44.02000045776367,44.25,6668600,58.819007678923356,0.7164748469620434,43.70449981689453,41.810199966430666,0.08308753792426082,0.9588396574206086
2018-09-24,38.19915008544922,44.88999938964844,44.939998626708984,43.790000915527344,43.84000015258789,8229100,64.2392946158895,0.7452699310087922,43.886999702453615,41.95259994506836,0.08850624545651908,0.7991321042991857
2018-09-25,37.586463928222656,44.16999816894531,44.90999984741211,44.130001068115234,44.79999923706055,6678200,57.20529180988576,0.701901082601772,44.01899967193604,42.08019989013672,0.063568491867245,0.5762759401043076
2018-09-26,37.67156219482422,44.27000045776367,44.72999954223633,44.25,44.25,4564300,57.89489290233319,0.6679011579424454,44.114999771118164,42.20479988098145,0.045336530172860545,0.4232021564365087
2018-09-27,38.08852005004883,44.7599983215332,45.22999954223633,44.58000183105469,44.599998474121094,6711700,61.19455500897841,0.6727397798013115,44.14649963378906,42.33179985046387,0.014275940135273446,0.44714618492683794
2018-09-28,37.57795333862305,44.15999984741211,44.619998931884766,43.970001220703125,44.5,7727700,55.46292550913432,0.6210010465152536,44.18149967193604,42.41879981994629,0.01610678273551902,0.41695977979380217
2018-10-01,38.0034294128418,44.65999984741211,44.959999084472656,44.41999816894531,44.54999923706055,5029800,58.91626877156988,0.6132741068009295,44.23449974060058,42.49739982604981,0.024311958953856072,0.4063892566603235
2018-10-02,37.11844253540039,43.619998931884766,43.9900016784668,43.45000076293945,43.75,5440300,50.197613022332234,0.5172683219479026,44.20999965667725,42.55499977111816,-0.011108630054106228,0.428461044036758
2018-10-03,37.40776062011719,43.959999084472656,44.2400016784668,43.56999969482422,44.040000915527344,5631100,52.66386347504404,0.4632778380450233,44.19699954986572,42.62639976501465,-0.005879740593691785,0.4320708188883264
2018-10-04,36.105812072753906,42.43000030517578,43.08000183105469,41.970001220703125,43.06999969482422,7885000,42.47137940034772,0.2936468971738435,44.11599960327148,42.6571997833252,-0.03677636685454955,0.5856384761395667
2018-10-05,35.42505645751953,41.630001068115234,42.06999969482422,41.16999816894531,41.880001068115234,7921400,38.29766443348777,0.09358115653007104,43.95349960327148,42.67339981079102,-0.07241532804483253,0.7808511398158354
2018-10-08,34.854915618896484,40.959999084472656,41.16999816894531,40.400001525878906,40.7599983215332,7761800,35.17957737193878,-0.117679409980326,43.77049961090088,42.66359977722168,-0.08202599585444481,1.0113015481712104
2018-10-09,34.803855895996094,40.900001525878906,41.29999923706055,40.58000183105469,41.0,5678700,34.90551327250989,-0.2866420019776612,43.587999725341795,42.6597998046875,-0.08193036529045006,1.1787125230898183
2018-10-10,33.48488235473633,39.34999847412109,40.439998626708984,39.349998474121094,40.349998474121094,12853500,28.687661817756208,-0.5394004926915485,43.358499717712405,42.62259979248047,-0.10446063486669876,1.5075467582594586
2018-10-11,33.135986328125,38.93999862670898,39.599998474121094,38.33000183105469,38.5,10209000,27.30224486818696,-0.7639901756063381,43.13399963378906,42.567199783325194,-0.10338479500152586,1.8019182927616582
2018-10-12,33.74867630004883,39.65999984741211,40.58000183105469,39.189998626708984,40.13999938964844,7578600,33.386171391293445,-0.8738083178270131,42.89649963378906,42.52939979553223,-0.10695789273407974,1.933141077877549
2018-10-15,32.97431564331055,38.75,39.59000015258789,38.720001220703125,39.470001220703125,8209000,29.972097849261203,-1.022482823715663,42.6459997177124,42.47059982299805,-0.11448808303696634,2.1299429098200666
2018-10-16,34.046504974365234,40.0099983215332,40.060001373291016,39.400001525878906,39.84000015258789,10748100,39.23733235979961,-1.0268007861703339,42.46849956512451,42.44939979553223,-0.08149685353165559,2.1966416643983764
2018-10-17,33.67209243774414,39.56999969482422,40.09000015258789,39.18000030517578,40.0,8173600,37.377549817545066,-1.0535819772763162,42.24599952697754,42.415999755859374,-0.10109042972884885,2.2557934602684617
2018-10-18,32.79561233520508,38.540000915527344,39.95000076293945,38.459999084472656,39.79999923706055,9555600,33.388005922949915,-1.144722904528038,41.96449966430664,42.34739974975586,-0.1274620214355422,2.3522809764646424
2018-10-19,32.71903991699219,38.45000076293945,39.31999969482422,38.34000015258789,39.15999984741211,11266200,33.05599386464482,-1.2102638379997472,41.683999633789064,42.27959976196289,-0.1273263830116973,2.4226807664396888
2018-10-22,32.948787689208984,38.720001220703125,39.22999954223633,38.540000915527344,39.189998626708984,8165700,35.139754834803554,-1.2262828936559913,41.3754997253418,42.23339981079101,-0.13744705397274082,2.3855008093129872
2018-10-23,32.33610534667969,38.0,38.18000030517578,37.2599983215332,37.41999816894531,12350000,32.25635477185746,-1.2822946968198963,41.06699981689453,42.17919982910156,-0.1396875350853708,2.40397698000698
2018-10-24,31.04265785217285,36.47999954223633,37.560001373291016,36.43000030517578,37.560001373291016,13312400,27.18493416099153,-1.4328191409799373,40.677499771118164,42.090599822998044,-0.17596568409705549,2.4873379745039266
2018-10-25,31.8170166015625,37.38999938964844,37.54999923706055,36.4900016784668,36.779998779296875,9927300,33.88664695693407,-1.4618303941211153,40.30899982452392,42.02939979553223,-0.16465592511738758,2.394897799379693
2018-10-26,31.204343795776367,36.66999816894531,37.290000915527344,36.13999938964844,36.54999923706055,11973200,31.42241954110702,-1.525336967389002,39.934499740600586,41.95459976196289,-0.16961054584119817,2.346131188684532
2018-10-29,30.915019989013672,36.33000183105469,37.40999984741211,35.970001220703125,37.16999816894531,8269300,30.301829578153075,-1.5848322871612268,39.51799983978272,41.87859977722168,-0.18652033239628674,2.1977848909235727
2018-10-30,32.14889144897461,37.77999877929688,37.79999923706055,36.66999816894531,36.84000015258789,12106400,40.110988728017354,-1.497715390403208,39.22599983215332,41.832199783325194,-0.13388354643720635,2.003469111765882
2018-10-31,32.42119598388672,38.09999847412109,38.9900016784668,38.029998779296875,38.689998626708984,12610900,42.04935496497289,-1.3868663886221668,38.932999801635745,41.776399765014645,-0.13330301939022127,1.6765257141491638
2018-11-01,33.22959899902344,39.04999923706055,39.08000183105469,38.38999938964844,38.779998779296875,14348600,47.48363965279556,-1.208430598290029,38.76399974822998,41.73939971923828,-0.07966064208825674,1.4621089116134776
2018-11-02,32.99983596801758,38.77999877929688,39.4900016784668,38.43000030517578,39.18000030517578,9736200,46.1587984185181,-1.0763976868452545,38.621499633789064,41.701399688720706,-0.06846029823912714,1.2977237900519467
2018-11-05,32.74456024169922,38.47999954223633,38.81999969482422,38.310001373291016,38.720001220703125,8591900,44.66754233977924,-0.9846180208708972,38.49749965667725,41.64619964599609,-0.060546865177457,1.1752172560325385
2018-11-06,32.957298278808594,38.72999954223633,38.849998474121094,38.41999816894531,38.5,8578100,46.22662649141987,-0.8815471370349073,38.38899955749512,41.590199661254886,-0.053056281239244885,1.0333433706961828
2018-11-07,33.340213775634766,39.18000030517578,39.29999923706055,38.720001220703125,39.290000915527344,6568700,49.011586848176,-0.7548499775894939,38.38049964904785,41.52679969787598,-0.0043201569386872585,1.025693352391857
2018-11-08,32.9317626953125,38.70000076293945,39.060001373291016,38.689998626708984,38.790000915527344,7953700,46.25948331080222,-0.6852741041557877,38.368499755859375,41.41819969177246,-0.006163273555045978,1.0201922449565315
2018-11-09,32.39568328857422,38.06999969482422,38.38999938964844,37.810001373291016,38.09000015258789,5975400,42.85789328273544,-0.6732101961681494,38.28899974822998,41.31039970397949,-0.04009077555989049,0.975213253126971
2018-11-12,31.536224365234375,37.060001373291016,37.91999816894531,37.0099983215332,37.86000061035156,11666700,38.029862831033235,-0.7366561720133191,38.20449981689453,41.17959976196289,-0.043612867786038345,1.0059006934864003
2018-11-13,31.825538635253906,37.400001525878906,38.119998931884766,37.2400016784668,37.38999938964844,15057100,40.461400164095416,-0.7508470962210296,38.07399997711182,41.045399780273435,-0.06523361422511254,0.9254209962100124
2018-11-14,32.199951171875,37.84000015258789,38.34000015258789,37.369998931884766,38.20000076293945,10404900,43.54836647867381,-0.71830907406828,37.9875,40.91779975891113,-0.04371997866006083,0.85651596064568
2018-11-15,32.77859878540039,38.52000045776367,38.56999969482422,37.88999938964844,38.06999969482422,10840400,48.03277595649199,-0.6303854246859402,37.98649997711182,40.807199783325196,-0.0005189532249235684,0.8558483541560102
2018-11-16,31.37453269958496,36.869998931884766,37.20000076293945,36.65999984741211,37.06999969482422,16382400,39.776011390981544,-0.685939548462926,37.90749988555908,40.646999740600585,-0.04109237450464742,0.8832944617540726
2018-11-19,30.6767520904541,36.04999923706055,36.68000030517578,35.959999084472656,36.63999938964844,15191700,36.42493005133608,-0.7870609652717491,37.773999786376955,40.4755997467041,-0.06895666062672956,0.9530471277647388
2018-11-20,30.327861785888672,35.63999938964844,35.9900016784668,35.220001220703125,35.400001525878906,11673500,34.84423059123306,-0.8900243313369245,37.655999755859376,40.29739974975586,-0.06210527921977793,1.0633135691321018
2018-11-21,30.77886199951172,36.16999816894531,36.720001220703125,36.13999938964844,36.41999816894531,7013100,38.556200923195554,-0.9182718029103256,37.640499687194826,40.14199974060059,-0.008497844769216556,1.0834277560984535
2018-11-23,30.60016632080078,35.959999084472656,36.20000076293945,35.75,35.83000183105469,2320500,37.641157293847264,-0.9466904406205288,37.568999671936034,39.992599716186525,-0.03824552897884459,1.1461970342247043
2018-11-26,31.348997116088867,36.84000015258789,36.88999938964844,36.470001220703125,36.709999084472656,7077300,43.67381125386043,-0.8879677446108332,37.57749977111816,39.84119972229004,0.004635996512989848,1.1397916879655727
2018-11-27,31.31496238708496,36.79999923706055,36.81999969482422,36.38999938964844,36.38999938964844,6870200,43.467961167452216,-0.8350316000343554,37.600999641418454,39.701999740600584,0.012936894641279784,1.1173414838489912
2018-11-28,32.3446044921875,38.0099983215332,38.02000045776367,37.06999969482422,37.27000045776367,8380200,50.99268647511919,-0.6875172395673914,37.61249961853027,39.59099967956543,0.006087865263837866,1.120460010760862
2018-11-29,32.27653503417969,37.93000030517578,38.369998931884766,37.869998931884766,37.95000076293945,7056600,50.51396127560315,-0.5704899642720207,37.60399971008301,39.469199676513675,-0.004461894376735276,1.1172072479252182
2018-11-30,31.987207412719727,37.59000015258789,37.599998474121094,37.08000183105469,37.2400016784668,8734400,48.432814638399265,-0.4994231372325473,37.530999755859376,39.337599716186524,-0.037387941433992156,1.0641920619782748
2018-12-03,32.957298278808594,38.72999954223633,39.0,38.380001068115234,38.81999969482422,7457600,55.11077119159636,-0.3471124452241625,37.52849979400635,39.23099967956543,-0.001289304761073029,1.0611579346160316
2018-12-04,31.859567642211914,37.43999862670898,38.779998779296875,37.43000030517578,38.529998779296875,13321200,47.59906389639488,-0.32673106502919325,37.47649974822998,39.08199966430664,-0.02702705114083559,1.0372906934664239
2018-12-06,31.366029739379883,36.86000061035156,36.86000061035156,35.61000061035156,35.70000076293945,12075700,44.65216101427301,-0.3533069643006286,37.38299980163574,38.93579971313476,-0.04828295775850633,1.0020356208989707
2018-12-07,31.076709747314453,36.52000045776367,36.939998626708984,36.13999938964844,36.650001525878906,10802700,42.97259797383028,-0.3972247669071862,37.249999809265134,38.78079971313477,-0.06789177709783523,0.9244972865476689
2018-12-10,31.000104904174805,36.43000030517578,36.83000183105469,36.08000183105469,36.310001373291016,12439100,42.516705680173175,-0.43428602309418807,37.13649978637695,38.614199752807615,-0.058656341421509994,0.8751379061545835
2018-12-11,31.22986602783203,36.70000076293945,37.349998474121094,36.29999923706055,37.2400016784668,8635800,44.42164975396927,-0.43683499329836195,37.067999839782715,38.464999771118165,-0.03598631318274015,0.8515226363992557
2018-12-12,31.808517456054688,37.380001068115234,37.70000076293945,37.27000045776367,37.61000061035156,8405400,49.00513964761131,-0.3796088345748032,37.08399982452393,38.31939979553223,0.008634637964553438,0.8543660625062693
2018-12-13,31.76597023010254,37.33000183105469,37.65999984741211,37.189998626708984,37.4900016784668,5825900,48.68720022512681,-0.334436041556053,37.08049983978272,38.19359985351562,-0.0018716495178692227,0.853145909671068
2018-12-14,31.0851993560791,36.52999877929688,37.11000061035156,36.529998779296875,36.79999923706055,5969600,43.79159425545709,-0.3590509224758165,37.01499977111816,38.04499984741211,-0.03461948646956914,0.8419809484381887
2018-12-17,30.82141876220703,36.220001220703125,36.939998626708984,36.119998931884766,36.630001068115234,10733100,42.028066190513705,-0.3989734871586066,36.89999980926514,37.92079986572266,-0.0597092214363405,0.7804250608671026
2018-12-18,31.28092384338379,36.7599983215332,37.0,36.61000061035156,36.61000061035156,7100400,46.09997831685716,-0.3826284515913301,36.89449977874756,37.82339981079102,-0.0029834720243627766,0.7810349946391533
2018-12-19,30.82992172241211,36.22999954223633,37.279998779296875,36.099998474121094,36.619998931884766,11786400,42.91396643434542,-0.407741178750733,36.90349979400635,37.72879981994629,0.004993073758257749,0.7717736574414101
2018-12-20,30.53209686279297,35.880001068115234,36.75,35.540000915527344,36.40999984741211,12540400,40.90356054013051,-0.45068987541517913,36.91549987792969,37.62839981079102,0.006734053944358553,0.752724640989202
2018-12-21,30.38741683959961,35.709999084472656,36.93000030517578,35.650001525878906,36.63999938964844,16981000,39.925187278935574,-0.492764484027866,36.892499923706055,37.55559982299805,-0.01271769720098026,0.7831170082949296
2018-12-24,30.030025482177734,35.290000915527344,35.88999938964844,35.27000045776367,35.560001373291016,6288500,37.536417098749304,-0.5536174987368412,36.859000015258786,37.482599868774415,-0.018631762680845432,0.8375456972185995
2018-12-26,31.28092384338379,36.7599983215332,36.77000045776367,35.33000183105469,35.33000183105469,10063400,49.030873828009874,-0.4777205804515319,36.85499992370605,37.42459983825684,-0.002171602354053448,0.837832209982179
2018-12-27,31.297948837280273,36.77999877929688,36.79999923706055,35.959999084472656,36.20000076293945,8688600,49.16793277178325,-0.4112175956434072,36.85399990081787,37.385199813842775,-0.0005434907113672782,0.8379132452519517
2018-12-28,31.604280471801758,37.13999938964844,37.68000030517578,37.02000045776367,37.130001068115234,7369000,51.68629678362689,-0.3257098797042346,36.81049995422363,37.32779983520508,-0.022888686406279057,0.79629047783243
2018-12-31,31.40856170654297,36.90999984741211,37.59000015258789,36.77000045776367,37.43000030517578,4600600,49.982540474946305,-0.27335240329548327,36.75949993133545,37.27459983825683,-0.026891654351621108,0.7522629412546186
2019-01-02,31.076709747314453,36.52000045776367,36.75,36.0,36.20000076293945,5273100,47.1447086473908,-0.26032752376433876,36.70599994659424,37.23419982910156,-0.028465009057749513,0.7277389474078158
2019-01-03,29.238643646240234,34.36000061035156,35.52000045776367,34.27000045776367,35.34000015258789,15998000,35.218269064679035,-0.4194638307769196,36.4875,37.1523998260498,-0.11283240339621325,0.7439145934697566
2019-01-04,29.757732391357422,34.970001220703125,35.029998779296875,34.209999084472656,34.459999084472656,14178200,39.84635126751663,-0.49070204164731734,36.364000129699704,37.077399826049806,-0.0659721553580348,0.7815394416140371
2019-01-07,29.978973388671875,35.22999954223633,35.470001220703125,34.970001220703125,35.0099983215332,6850800,41.756303068792356,-0.5201828018177963,36.28250007629394,37.02199981689453,-0.04422140643311534,0.8115083343810006
2019-01-08,29.73219108581543,34.939998626708984,35.18000030517578,34.63999938964844,35.11000061035156,11462600,40.22225028054763,-0.5604862305197216,36.203499984741214,36.991199798583985,-0.04326401454682349,0.8624766413392008
2019-01-09,30.302335739135742,35.61000061035156,35.959999084472656,35.33000183105469,35.33000183105469,11770300,45.22873017071527,-0.5322282317418257,36.1625,36.955599822998046,-0.022508912653171675,0.8705948455699852
2019-01-10,30.991615295410156,36.41999816894531,36.47999954223633,35.400001525878906,35.459999084472656,7894600,50.613794298077934,-0.4394083051563129,36.14849987030029,36.95059982299804,-0.007629498315348648,0.8637205469651263
2019-01-11,31.153284072875977,36.61000061035156,36.77000045776367,36.2400016784668,36.45000076293945,7232700,51.81067016739415,-0.346521748486758,36.10999984741211,36.95619979858398,-0.020599262593934853,0.8220959471262065
2019-01-14,30.42997932434082,35.7599983215332,36.189998626708984,35.720001220703125,36.130001068115234,6146200,46.3937936703642,-0.3376048653210617,36.03149967193603,36.91579978942871,-0.0420574184975101,0.7729589032574915
2019-01-15,30.66824722290039,36.040000915527344,36.22999954223633,35.79999923706055,36.040000915527344,10165800,48.31093888845085,-0.3044349651396061,36.006999778747556,36.874599838256835,-0.013413574600151357,0.7640408459787142
2019-01-16,30.327861785888672,35.63999938964844,36.029998779296875,35.63999938964844,35.900001525878906,8727400,45.79147110351338,-0.30688676090642275,35.977999687194824,36.8063998413086,-0.01601330236077303,0.7665338745999795
2019-01-17,30.8809871673584,36.290000915527344,36.54999923706055,34.83000183105469,34.91999816894531,21916900,50.32502134044801,-0.2534584249167935,35.95449981689453,36.7565998840332,-0.012785566579597618,0.7482853192665546
2019-01-18,31.348997116088867,36.84000015258789,37.0099983215332,36.15999984741211,36.2400016784668,12905900,53.842605455261044,-0.16483561940537328,35.98499984741211,36.72379989624024,0.01683689257683918,0.7721566915630181
2019-01-22,30.949050903320312,36.369998931884766,36.7599983215332,36.099998474121094,36.5,13381700,50.548505990308584,-0.1310163036971801,36.00949974060059,36.6765998840332,0.013656573277110784,0.7764117134292058
2019-01-23,31.051176071166992,36.4900016784668,36.7400016784668,36.2400016784668,36.529998779296875,13918600,51.36663509698275,-0.09345375686288548,36.04849987030029,36.62279991149902,0.02184269431508601,0.780156836229328
2019-01-24,32.029754638671875,37.63999938964844,37.63999938964844,36.779998779296875,36.880001068115234,14094100,58.45926190224374,0.028778298179759076,36.165999794006346,36.601599884033206,0.06659105732941795,0.8349495574888929
2019-01-25,32.45523452758789,38.13999938964844,38.2599983215332,37.880001068115234,38.0,16763700,61.11458423704531,0.1641022353421775,36.23499984741211,36.60299987792969,0.037540835993642,0.9373617656110057
2019-01-28,31.859567642211914,37.43999862670898,37.65999984741211,36.900001525878906,36.91999816894531,14086500,55.7425015733021,0.21241463538773786,36.26799983978272,36.61059982299805,0.017944531520311058,0.9686537794762952
2019-01-29,30.915019989013672,36.33000183105469,37.290000915527344,36.29999923706055,37.290000915527344,10100800,48.46716138867897,0.159298798329786,36.22749996185303,36.58919982910156,-0.021809304574719746,0.9469665968401619
2019-01-30,31.808517456054688,37.380001068115234,37.45000076293945,36.290000915527344,36.810001373291016,9281600,54.51483772961304,0.19962907825411946,36.251000022888185,36.57999984741211,0.01273370963549536,0.970338427773475
2019-01-31,32.01274490356445,37.619998931884766,38.099998474121094,37.310001373291016,37.310001373291016,7633400,55.79189235948068,0.24809702939862177,36.30599994659424,36.561999816894534,0.030120439768155816,1.0164663654720019
2019-02-01,31.970197677612305,37.56999969482422,37.869998931884766,37.439998626708984,37.75,6438300,55.4426520147686,0.2792546356933485,36.46649990081787,36.57599983215332,0.09342255609581063,0.943856891787888
2019-02-04,32.2850456237793,37.93999862670898,38.0099983215332,37.380001068115234,37.5,7283800,57.55980602976939,0.32999906099548326,36.614999771118164,36.61379981994629,0.08492986280616832,0.9295470537442596
2019-02-05,32.54883575439453,38.25,38.27000045776367,37.880001068115234,37.91999816894531,7314000,59.3045311170501,0.39072487058594874,36.76599979400635,36.66599983215332,0.08572240979291168,0.9379730877511899
2019-02-06,32.96580505371094,38.7400016784668,38.81999969482422,38.310001373291016,38.41999816894531,8795200,61.966108183756916,0.4729378197372398,36.95599994659424,36.71739990234375,0.10875796225283763,0.9334846648524304
2019-02-07,32.43821716308594,38.119998931884766,38.459999084472656,37.83000183105469,38.369998931884766,7916200,56.895590224244685,0.48250116114282804,37.081499862670896,36.76059989929199,0.0704857702474615,0.9114665342086802
2019-02-08,32.157405853271484,37.790000915527344,37.91999816894531,37.5,37.709999084472656,7147200,54.34657357736217,0.4581705907267519,37.15,36.77959991455078,0.037616771429445306,0.9106156821646646
2019-02-11,32.5828857421875,38.290000915527344,38.290000915527344,37.83000183105469,37.91999816894531,8860700,57.456636965680474,0.47377290062040345,37.234000015258786,36.80939994812012,0.04588910890924036,0.9353322006756183
2019-02-12,32.88071060180664,38.63999938964844,38.77000045776367,38.439998626708984,38.63999938964844,8831200,59.53470336855075,0.5085179174114742,37.37800006866455,36.82199996948242,0.08053694640083409,0.9179930376657872
2019-02-13,32.44673156738281,38.130001068115234,38.47999954223633,38.04999923706055,38.369998931884766,7155600,55.29622141948064,0.4892610938928641,37.482500076293945,36.82599998474121,0.05799112373738713,0.8756462835601854
2019-02-14,32.387149810791016,38.060001373291016,38.209999084472656,37.7599983215332,37.91999816894531,7782800,54.72038205764709,0.46301419275819455,37.60350017547607,36.83540000915527,0.06790129138850265,0.7682601790664515
2019-02-15,32.412696838378906,38.09000015258789,38.279998779296875,37.869998931884766,37.90999984741211,6257600,54.93696212179912,0.43956693132584945,37.6935001373291,36.822600021362305,0.049600418618076736,0.709471723824299
2019-02-19,32.727535247802734,38.459999084472656,38.65999984741211,38.099998474121094,38.220001220703125,8105700,57.62891165964791,0.44570284435597785,37.77450008392334,36.84300003051758,0.043973912192586395,0.699303826608325
2019-02-20,33.187049865722656,39.0,39.5099983215332,38.88999938964844,38.93000030517578,7178600,61.265721768935066,0.48850794504152617,37.9060001373291,36.88580001831055,0.07231237683126723,0.6678666851520559
2019-02-21,33.17003631591797,38.97999954223633,39.18000030517578,38.79999923706055,39.06999969482422,4607300,61.05668899745319,0.5148821846169511,38.03050003051758,36.935,0.06823781170826604,0.6204111918187768
2019-02-22,33.5189208984375,39.38999938964844,39.40999984741211,39.08000183105469,39.119998931884766,5117800,63.78453198545754,0.5623846999226956,38.11800003051758,36.994199981689455,0.046493093208744174,0.6827156936476882
2019-02-25,33.68060302734375,39.58000183105469,39.91999816894531,39.47999954223633,39.869998931884766,5101500,65.00778991306743,0.6083497177824171,38.19000015258789,37.05180000305176,0.03775570174227849,0.757044064284967
2019-02-26,33.69761657714844,39.59999847412109,39.66999816894531,39.380001068115234,39.40999984741211,5587300,65.14123987966471,0.6390246096518055,38.29800014495849,37.096199951171876,0.057692305732917504,0.7974139650334763
2019-02-27,33.56998062133789,39.45000076293945,39.59000015258789,39.060001373291016,39.5099983215332,8194900,63.19436660924911,0.6438096834762703,38.454000091552736,37.13859992980957,0.08587940475185474,0.690113644132167
2019-02-28,33.22959899902344,39.04999923706055,39.290000915527344,39.0,39.119998931884766,5705100,58.199089858748835,0.6083128568187561,38.5375,37.18899993896484,0.04467624722380781,0.6533789252565084
2019-03-01,33.5189208984375,39.38999938964844,39.52000045776367,39.20000076293945,39.36000061035156,5299200,61.01961188202017,0.6006921317884775,38.626000022888185,37.25239990234375,0.04704945529021565,0.6423426818562774
2019-03-04,33.314701080322266,39.150001525878906,39.33000183105469,38.709999084472656,39.33000183105469,7081100,58.042450060000164,0.5687308551616113,38.70500011444092,37.30019996643066,0.04205488006092151,0.6014937060838246
2019-03-05,33.20407485961914,39.02000045776367,39.22999954223633,38.65999984741211,38.95000076293945,7192400,56.43619340095312,0.526838250032668,38.75900020599365,37.35599998474121,0.028466048237924646,0.5771881310109342
2019-03-06,33.00835418701172,38.790000915527344,39.220001220703125,38.779998779296875,39.060001373291016,4433400,53.60951860444123,0.469665011875378,38.78600025177002,37.41419998168945,0.014117670994178821,0.5646180086371179
2019-03-07,32.8722038269043,38.630001068115234,38.880001068115234,38.369998931884766,38.77000045776367,4231300,51.67068889690912,0.40675533589732993,38.78050022125244,37.472600021362304,-0.0028394580688081428,0.565624540137559
2019-03-08,32.50629425048828,38.20000076293945,38.380001068115234,37.939998626708984,37.95000076293945,5066200,46.77467731070558,0.3185297211324425,38.78450031280518,37.53080001831054,0.0020986839794419065,0.5609713821815735
2019-03-11,32.88071060180664,38.63999938964844,38.689998626708984,38.20000076293945,38.22999954223633,6005400,51.806799670702944,0.2808767256993292,38.82700023651123,37.56840003967285,0.022492682019805033,0.5116956093644485
2019-03-12,33.10195541381836,38.900001525878906,39.16999816894531,38.86000061035156,39.04999923706055,5580200,54.54178824060309,0.2689165523875019,38.85750026702881,37.61080009460449,0.015931068053440356,0.49593990597837806
2019-03-13,33.36574935913086,39.209999084472656,39.439998626708984,39.02000045776367,39.220001220703125,6086400,57.62925234205457,0.2812106201092277,38.88600025177002,37.652200088500976,0.014751545130120336,0.49915060582048304
2019-03-14,33.03388595581055,38.81999969482422,39.04999923706055,38.7400016784668,39.0,4935000,52.77309784731916,0.2565269825960712,38.92050018310547,37.69040008544922,0.018095950888550316,0.46695495224608047
2019-03-15,33.74018478393555,39.650001525878906,40.06999969482422,39.40999984741211,39.40999984741211,8871300,60.417632931589615,0.3004755382172348,39.000000190734866,37.75300010681153,0.0417761454339749,0.44769589092494133
2019-03-18,33.91035079956055,39.84999847412109,39.97999954223633,39.63999938964844,39.86000061035156,6290900,62.01322914826811,0.3474381171167522,39.08800010681152,37.86280006408691,0.04620630912267454,0.43211340568083134
2019-03-19,33.833770751953125,39.7599983215332,40.08000183105469,39.599998474121094,39.97999954223633,8033600,60.82497930385079,0.373093252320281,39.153000068664554,37.95860000610351,0.03380133302149213,0.43044740052313213
2019-03-20,33.91035079956055,39.84999847412109,40.150001525878906,39.63999938964844,39.77000045776367,5394000,61.61701874184433,0.396121153870574,39.19549999237061,38.0509999847412,0.021794832669771447,0.45576351287081524
2019-03-21,34.9229850769043,41.040000915527344,41.2400016784668,40.220001220703125,40.25,6509600,70.19700776167473,0.5045777255806101,39.298500061035156,38.17300003051757,0.05284765001238445,0.6108772872828356
2019-03-22,34.4039192199707,40.43000030517578,41.02000045776367,40.34000015258789,40.84000015258789,6759100,62.48620999903515,0.535139632213351,39.35050010681152,38.26940002441406,0.02640266391577173,0.6612623781502478
2019-03-25,33.96992874145508,39.91999816894531,40.459999084472656,39.77000045776367,40.0,4901800,56.86238034391019,0.5123017575144857,39.367499923706056,38.33940002441406,0.008590104147591537,0.671759976253899
2019-03-26,34.37838363647461,40.400001525878906,40.630001068115234,40.06999969482422,40.11000061035156,5573500,60.46856161169605,0.5268615051552104,39.40750007629394,38.41520004272461,0.020202098045044803,0.7091125508853543
2019-03-27,34.20819854736328,40.20000076293945,40.2599983215332,39.79999923706055,40.189998626708984,7660300,58.2823097518014,0.5163101183126813,39.445000076293944,38.50400009155273,0.019011406476437287,0.7309725899032664
2019-03-28,34.32733154296875,40.34000015258789,40.540000915527344,40.20000076293945,40.2400016784668,6632700,59.38916702883094,0.5133275287263857,39.509500122070314,38.59000007629394,0.03303459515315588,0.7509254631199398
2019-03-29,34.854915618896484,40.959999084472656,41.04999923706055,40.599998474121094,40.81999969482422,6116300,63.95076404977717,0.5545994598991442,39.58800010681152,38.69640007019043,0.039857824807095765,0.8169363124977076
2019-04-01,35.20380783081055,41.369998931884766,41.369998931884766,40.7400016784668,41.08000183105469,6834200,66.6208641617801,0.6133213372793449,39.69899997711182,38.79800003051757,0.05670491237499431,0.9008058224781363
2019-04-02,35.11870574951172,41.27000045776367,41.36000061035156,41.0,41.18000030517578,5580200,65.34950532385082,0.6443620029632413,39.811499977111815,38.88660003662109,0.05766273638144792,0.9506631654668432
2019-04-03,35.56119918823242,41.790000915527344,41.959999084472656,41.5099983215332,41.599998474121094,6821100,68.69504374679316,0.7028199740988512,39.961499977111814,38.99500007629394,0.07733951866959421,1.015471222215963
2019-04-04,35.77394104003906,42.040000915527344,42.18000030517578,41.650001525878906,41.72999954223633,7610300,70.18545373854317,0.7605540543435723,40.13199996948242,39.106000061035154,0.08827335628076605,1.0651989218276972
2019-04-05,35.93561935424805,42.22999954223633,42.34000015258789,42.060001373291016,42.34000015258789,4430600,71.30364111219257,0.8122766110323951,40.333499908447266,39.19780006408691,0.1054973481363557,1.0616586547109743
2019-04-08,36.07176971435547,42.38999938964844,42.4900016784668,42.08000183105469,42.2400016784668,6830300,72.24757401085124,0.8563067887327804,40.520999908447266,39.282800064086906,0.09704969097397598,1.077848343798174
2019-04-09,35.91860580444336,42.209999084472656,42.29999923706055,42.029998779296875,42.2400016784668,5049900,69.4786928094473,0.8666858860768087,40.686499786376956,39.37820007324218,0.08508990819426354,1.0699400440844107
2019-04-10,36.054752349853516,42.369998931884766,42.5,42.18000030517578,42.2599983215332,4040200,70.55880171499969,0.8777044158569751,40.84449977874756,39.49900001525879,0.08059168378464676,1.0737415488103537
2019-04-11,35.82500076293945,42.09999847412109,42.20000076293945,41.95000076293945,42.09000015258789,5172200,66.29520471211691,0.8547963395285905,41.008499717712404,39.5933999633789,0.08449249884291432,0.99591941504113
2019-04-12,36.23345947265625,42.58000183105469,42.650001525878906,42.279998779296875,42.470001220703125,6555700,69.79013266460626,0.8653980137329214,41.15499973297119,39.6926000213623,0.07389660006099663,1.0010549858568871
2019-04-15,36.25898742675781,42.61000061035156,42.77000045776367,42.459999084472656,42.58000183105469,5274400,69.99950483163762,0.8662351481248649,41.292999839782716,39.793400039672846,0.06925978022365165,1.0019252332502429
2019-04-16,36.599361419677734,43.0099983215332,43.08000183105469,42.75,42.83000183105469,6639100,72.71490708341291,0.8889280463538398,41.45549983978272,39.89480003356933,0.08174044610660536,1.0037585791421029
2019-04-17,37.77367401123047,44.38999938964844,44.459999084472656,43.86000061035156,43.900001525878906,15795700,79.58143946529898,1.006662703717879,41.68249988555908,40.0176000213623,0.1139272544383072,1.1273202266810012
2019-04-18,38.63312530517578,45.400001525878906,45.63999938964844,44.0,44.060001373291016,16569800,82.96115235616585,1.1680029879762657,41.90049991607666,40.15080001831054,0.1062378292662749,1.3879689862562334
2019-04-22,38.42039489746094,45.150001525878906,45.15999984741211,44.59000015258789,44.790000915527344,10872000,79.45540564628448,1.2611555982872318,42.13649997711182,40.29140007019043,0.11674502065484482,1.519793463455
2019-04-23,38.65015411376953,45.41999816894531,45.41999816894531,45.060001373291016,45.150001525878906,11437500,80.4178363596711,1.3413044628120971,42.411499977111816,40.44400001525879,0.13777555742170788,1.5934347437601828
2019-04-24,38.64164352416992,45.40999984741211,45.59000015258789,44.939998626708984,45.08000183105469,10776800,80.26787923322527,1.3880160493937481,42.66199989318848,40.58639999389648,0.12400985476012827,1.6532507477472553
2019-04-25,37.85025405883789,44.47999954223633,45.040000915527344,44.43000030517578,44.93000030517578,10149800,67.63439824216036,1.3346075410389275,42.87599983215332,40.703199996948236,0.10646762930518716,1.5937259586242498
2019-04-26,37.3907470703125,43.93999862670898,44.0,43.31999969482422,43.650001525878906,12745000,61.574336209108665,1.2344770692540337,43.055999755859375,40.819399948120115,0.08924140953157988,1.492297518699898
2019-04-29,37.297142028808594,43.83000183105469,43.91999816894531,43.58000183105469,43.849998474121094,9272100,60.38740371767962,1.1331844815156202,43.199499893188474,40.93479995727539,0.0700684279963768,1.4161865103848357
2019-04-30,37.28862762451172,43.81999969482422,43.939998626708984,43.2599983215332,43.400001525878906,11863900,60.27362762228244,1.0401125175025712,43.32199993133545,41.04939994812012,0.05922167817730317,1.3542121706816248
2019-05-01,37.28862762451172,43.81999969482422,44.560001373291016,43.81999969482422,44.290000915527344,7319000,60.27362762228245,0.9553397534752293,43.449499893188474,41.15659996032715,0.061788204719557926,1.26815445225415
2019-05-02,37.78217697143555,44.400001525878906,44.470001220703125,43.75,43.86000061035156,10717200,64.74125992728025,0.9243032353786802,43.579999923706055,41.26459999084473,0.06245514604384228,1.2218409302587523
2019-05-03,38.04597091674805,44.709999084472656,45.13999938964844,44.560001373291016,44.93000030517578,5479900,66.88483653428472,0.914182654816166,43.71349983215332,41.37919998168945,0.06351089702186852,1.1901761604527188
2019-05-06,37.23757553100586,43.7599983215332,43.81999969482422,43.209999084472656,43.31999969482422,10756400,55.70754447146978,0.8200518524336644,43.78999977111816,41.46659996032715,0.036230139613585566,1.137823655548472
2019-05-07,37.23757553100586,43.7599983215332,44.04999923706055,43.290000915527344,43.83000183105469,10225200,55.70754447146978,0.736957328032176,43.858499717712405,41.55019989013672,0.03231891841497214,1.0893084459171385
2019-05-08,37.186527252197266,43.70000076293945,44.0,43.459999084472656,43.52000045776367,8112600,55.033919214302905,0.6586702762852639,43.932999801635745,41.632199935913086,0.0352997325464266,1.0193348514275742
2019-05-09,36.803585052490234,43.25,43.29999923706055,42.279998779296875,42.91999816894531,11229400,50.136957819866296,0.5539305563483836,43.976999855041505,41.708199920654295,0.02076943805285314,0.9659090118301902
2019-05-10,36.44619369506836,42.83000183105469,43.09000015258789,42.189998626708984,42.86000061035156,8313900,46.020998222007286,0.43205279583983014,44.01350002288818,41.78379997253418,0.01733974782403691,0.902990621900262
2019-05-13,34.88044357299805,40.9900016784668,41.5099983215332,40.7400016784668,41.369998931884766,11046000,33.172625734128815,0.18486020439916473,43.93400001525879,41.81580001831055,-0.037341476848605115,1.08706919718799
2019-05-14,35.71438217163086,41.970001220703125,42.08000183105469,41.400001525878906,41.59000015258789,7107800,42.39687126240647,0.06726072781464865,43.90200004577637,41.87220001220703,-0.015019933829640841,1.1363956462130531
2019-05-15,35.71438217163086,41.970001220703125,42.33000183105469,41.459999084472656,41.54999923706055,5347700,42.396871262406464,-0.02564211825942664,43.85000019073486,41.93120002746582,-0.024180356694164296,1.2013014634455585
2019-05-16,35.3399543762207,41.52999877929688,41.63999938964844,41.220001220703125,41.630001068115234,9214700,39.55394959925292,-0.1332369403583087,43.707000160217284,41.98599998474121,-0.06442894006929167,1.2998219747565094
2019-05-17,34.2507438659668,40.25,40.95000076293945,40.09000015258789,40.38999938964844,11271000,32.68724251064333,-0.31812467293970315,43.44950008392334,42.018399963378904,-0.11343615314513378,1.448405236493246
2019-05-20,32.89773941040039,38.65999984741211,39.29999923706055,38.52000045776367,39.25,13979700,26.526754941107484,-0.5861920006906587,43.125,42.02759994506836,-0.1437431109442351,1.7441824826826346
2019-05-21,33.44234085083008,39.29999923706055,39.34000015258789,38.65999984741211,39.150001525878906,11806400,32.0759199935397,-0.7384819272393628,42.81900005340576,42.040799942016605,-0.13474238614278833,1.8537610846423442
2019-05-22,33.10195541381836,38.900001525878906,39.38999938964844,38.88999938964844,39.20000076293945,12217600,30.524227250686195,-0.881290297624048,42.4935001373291,42.040799942016605,-0.14336045680264864,1.9442010757858512
2019-05-23,32.39568328857422,38.06999969482422,38.18000030517578,37.40999984741211,37.97999954223633,14708800,27.546411233003056,-1.049344975501036,42.17300014495849,42.01799995422363,-0.14410971028283048,2.1198958516572954
2019-05-24,32.50629425048828,38.20000076293945,38.7400016784668,38.20000076293945,38.41999816894531,10540700,28.71935544120015,-1.158682943042173,41.88600025177002,42.00559997558594,-0.13063263639431388,2.252487183172985
2019-05-28,32.03828811645508,37.650001525878906,38.20000076293945,37.650001525878906,38.130001068115234,12484600,26.746546543486474,-1.2750168118152203,41.57700023651123,41.96559997558594,-0.14099931660958986,2.3913791943662
2019-05-29,32.07229995727539,37.68999862670898,37.75,37.18000030517578,37.459999084472656,13043000,27.1385224853245,-1.348440822761333,41.27050018310547,41.92239997863769,-0.1398904863260253,2.479962689273248
2019-05-30,32.37014389038086,38.040000915527344,38.369998931884766,37.84000015258789,37.95000076293945,7351600,30.6362879855201,-1.3626794997762133,40.981500244140626,41.88800003051758,-0.13190321359083845,2.5038900506243307
2019-05-31,32.633934020996094,38.34999847412109,38.970001220703125,38.25,38.27000045776367,9302700,33.67334459191494,-1.3335768973242423,40.67900009155274,41.85800003051758,-0.13626132531170132,2.433628069502617
2019-06-03,33.03388595581055,38.81999969482422,39.09000015258789,38.65999984741211,38.959999084472656,9618300,38.098676894135885,-1.2580852806767382,40.384500122070314,41.81360000610351,-0.13173785529541593,2.271107902444384
2019-06-04,33.23810958862305,39.060001373291016,39.099998474121094,38.41999816894531,38.63999938964844,6985600,40.289505651499354,-1.165456839942145,40.1495002746582,41.78620002746582,-0.10740395631892508,2.142999634816225
2019-06-05,32.531822204589844,38.22999954223633,39.2599983215332,38.099998474121094,39.2400016784668,8219800,35.59731931819836,-1.1458141126137988,39.87300033569336,41.75240005493164,-0.12637109212537834,2.004944465065711
2019-06-06,32.71052551269531,38.43999862670898,38.59000015258789,37.91999816894531,38.18000030517578,6234000,37.57813066911396,-1.1006147370269446,39.61000022888184,41.71319999694824,-0.12036617950568351,1.812245254055794
2019-06-07,33.03388595581055,38.81999969482422,39.0,38.560001373291016,38.7400016784668,4456900,41.10791523038121,-1.0223460272214737,39.38850021362305,41.68559997558594,-0.10242775272082727,1.602525666614141
2019-06-10,33.71464920043945,39.619998931884766,40.130001068115234,39.45000076293945,39.4900016784668,8351800,47.8001357254788,-0.8855561185517189,39.22800006866455,41.67119995117187,-0.07494753121496367,1.385795118033092
2019-06-11,34.00395965576172,39.959999084472656,40.599998474121094,39.939998626708984,40.470001220703125,6100600,50.38083266996753,-0.7411702107715215,39.176499938964845,41.651199951171876,-0.0251281422741495,1.3350785841869728
2019-06-12,33.57849884033203,39.459999084472656,40.189998626708984,39.45000076293945,40.0,6163200,46.72260868743347,-0.6594870042682714,39.05099983215332,41.61299995422363,-0.05980467150885682,1.1659190752673907
2019-06-13,33.56998062133789,39.45000076293945,39.619998931884766,39.029998779296875,39.619998931884766,6646800,46.64966373471524,-0.5887722555430983,38.92499980926514,41.57659996032715,-0.06004289693755349,0.9500440718982378
2019-06-14,32.199951171875,37.84000015258789,38.70000076293945,37.83000183105469,38.630001068115234,11281500,36.71063968676931,-0.6550924041705812,38.740499877929686,41.49759994506836,-0.08885140224344268,0.7560106919425548
2019-06-17,32.046775817871094,37.65999984741211,38.04999923706055,37.65999984741211,37.91999816894531,6500700,35.79247860156936,-0.713946192776838,38.61099987030029,41.40999992370605,-0.06434782987796006,0.7038606253407103
2019-06-18,33.36574935913086,39.209999084472656,39.41999816894531,38.220001220703125,38.27000045776367,12303200,47.88083612162547,-0.6282739091811678,38.63849983215332,41.34959991455078,0.014226571113071573,0.716506507150059
2019-06-19,33.52743148803711,39.400001525878906,39.959999084472656,39.29999923706055,39.939998626708984,10217600,49.144784310144246,-0.5388350431272926,38.64349994659424,41.28979995727539,0.0025445875511380667,0.721695856078805
2019-06-20,34.47197723388672,40.5099983215332,40.720001220703125,40.13999938964844,40.45000076293945,10400000,55.87681265850335,-0.37407453425080917,38.72399978637695,41.2557999420166,0.04138809080979655,0.8330183514854349
2019-06-21,34.48050308227539,40.52000045776367,40.70000076293945,40.41999816894531,40.52000045776367,12766200,55.93342035750609,-0.23992781660839313,38.846499824523924,41.21879997253418,0.06435515583344076,0.9085051055462787
2019-06-24,35.127159118652344,39.97999954223633,40.06999969482422,39.439998626708984,39.560001373291016,6571000,52.05082062880185,-0.1751698878809549,38.93549976348877,41.17639999389648,0.04659682575252133,0.9287991624724019
2019-06-25,34.195823669433594,38.91999816894531,39.52000045776367,38.90999984741211,39.52000045776367,6790500,45.39026344933986,-0.2069958950051074,38.99899959564209,41.1031999206543,0.03373164917917637,0.8783291496341752
2019-06-26,34.33641052246094,39.08000183105469,39.380001068115234,38.97999954223633,39.380001068115234,9133300,46.503070865564844,-0.21680804839559187,39.06849975585938,41.03259994506836,0.036879895330128365,0.8225202664888988
2019-06-27,34.78450393676758,39.59000015258789,39.7599983215332,39.290000915527344,39.58000183105469,11375200,50.00042605282176,-0.18134125918155064,39.1459997177124,40.964199981689454,0.04074656150778022,0.793004948029757
2019-06-28,34.41548156738281,39.16999816894531,39.72999954223633,39.119998931884766,39.72999954223633,7040000,47.260275559686505,-0.1849917534020733,39.18699970245361,40.85979995727539,0.02138200071579055,0.7705643207307312
2019-07-01,36.35721969604492,41.380001068115234,41.900001525878906,41.150001525878906,41.540000915527344,11046800,59.75746221362202,-0.00944713152251353,39.31499977111817,40.779399948120115,0.06594542486903565,0.906946981213478
2019-07-02,35.847625732421875,40.79999923706055,41.310001373291016,40.7400016784668,41.189998626708984,4445600,56.00657002972325,0.08192753592317104,39.40199966430664,40.69239990234375,0.04454679474126522,0.9629265510212367
2019-07-03,35.43467712402344,40.33000183105469,40.369998931884766,40.0099983215332,40.349998474121094,3125000,53.098051725071805,0.11509105739242642,39.506999778747556,40.59059997558594,0.054930743237343815,0.9426844804871672
2019-07-05,35.08323287963867,39.93000030517578,40.099998474121094,39.63999938964844,39.869998931884766,3149300,50.68554879958736,0.10785334072537722,39.581499862670896,40.48099998474121,0.038761751605046024,0.9123093687563403
2019-07-08,34.54728317260742,39.31999969482422,39.689998626708984,39.2400016784668,39.56999969482422,6772300,47.166115962804575,0.05229264973909409,39.6064998626709,40.37779998779297,0.012879958885385179,0.8970671257593484
2019-07-09,34.85478973388672,39.66999816894531,40.0099983215332,39.41999816894531,39.650001525878906,6577000,49.339701989851385,0.036086372403502764,39.60899982452393,40.2923999786377,0.0012619696720967966,0.8971763878703413
2019-07-10,35.76854705810547,40.709999084472656,41.13999938964844,40.54999923706055,40.83000183105469,7945000,55.23319351415719,0.10594094185610459,39.64649982452393,40.22999992370605,0.0187687691987819,0.9277720295647888
2019-07-11,35.93549346923828,40.900001525878906,41.189998626708984,40.83000183105469,41.13999938964844,6126600,56.23490564992652,0.17461989111940568,39.718499946594235,40.17159996032715,0.03649271350269445,0.9675596398239861
2019-07-12,36.225425720214844,41.22999954223633,41.27000045776367,40.81999969482422,41.11000061035156,4695800,57.99301220352001,0.2527628425180808,39.80749988555908,40.11979995727539,0.04512037376103328,1.0219017593373418
2019-07-15,36.74381637573242,41.81999969482422,41.93000030517578,41.65999984741211,41.75,5784300,61.008855584600894,0.35817100359221854,40.0064998626709,40.068199920654294,0.10517969149543283,1.005994176352278
2019-07-16,36.69989776611328,41.77000045776367,41.95000076293945,41.56999969482422,41.79999923706055,6529500,60.61171910458967,0.4326854812085301,40.21199989318848,40.00939994812012,0.10913437671280257,0.9173109485615907
2019-07-17,36.57688903808594,41.630001068115234,41.90999984741211,41.52000045776367,41.68000030517578,5514600,59.44488571475953,0.4749668387854413,40.3329999923706,39.96680000305176,0.061719001278959684,0.9375676644228053
2019-07-18,37.94752502441406,43.18999862670898,43.22999954223633,42.310001373291016,42.52000045776367,11257600,67.05547031661968,0.6271247807202869,40.52249984741211,39.95540000915528,0.09619281609267727,1.1068062289159157
2019-07-19,38.50983810424805,43.83000183105469,44.02000045776367,43.06999969482422,43.08000183105469,11438800,69.57782181714074,0.790244509013398,40.688500022888185,39.95800003051758,0.08195516285066651,1.3310793494767061
2019-07-22,39.18638229370117,44.59999847412109,44.880001068115234,44.130001068115234,44.20000076293945,10035800,72.3233573482045,0.9704634641427745,40.892499923706055,39.985,0.10069096668965316,1.5911396329169067
2019-07-23,39.02822494506836,44.41999816894531,44.58000183105469,44.2400016784668,44.540000915527344,6565800,70.71668344284407,1.0862422398096854,41.1144998550415,40.01679992675781,0.11105549468599696,1.7581043743500282
2019-07-24,39.1336555480957,44.540000915527344,44.630001068115234,44.2400016784668,44.5,7130400,71.17641028016149,1.174146146514694,41.3954999923706,40.087799911499026,0.14439884406434245,1.8362818146374686
2019-07-25,38.325340270996094,43.619998931884766,44.2400016784668,43.619998931884766,44.209999084472656,6593900,63.0093317839239,1.1562456741951124,41.62249984741211,40.12079986572266,0.11617187533554296,1.8154740176381192
2019-07-26,38.18476104736328,43.459999084472656,43.88999938964844,43.380001068115234,43.72999954223633,4399000,61.683718990166454,1.11628097814895,41.815999794006345,40.150599822998046,0.09775193020886608,1.793548029021942
2019-07-29,38.606483459472656,43.93999862670898,43.95000076293945,43.400001525878906,43.52000045776367,4138600,64.12232711758949,1.1105390176285113,42.05449981689453,40.19879981994629,0.12177688743282622,1.7395080571802515
2019-07-30,37.877227783203125,43.11000061035156,43.400001525878906,42.77000045776367,43.400001525878906,4938500,57.328001116379355,1.0271739473389303,42.14099979400634,40.25599983215332,0.04180762439780006,1.7471987471827457
2019-07-31,37.45549392700195,42.630001068115234,43.16999816894531,42.04999923706055,43.029998779296875,7592300,53.779060220687235,0.9118631857958874,42.23249988555908,40.335399856567385,0.0448529868939902,1.7209966543019317
2019-08-01,36.787750244140625,41.869998931884766,43.38999938964844,41.599998474121094,42.75,9662800,48.64427400518619,0.7505014422575087,42.30949974060058,40.386799850463866,0.038184900344940154,1.6649338336583288
2019-08-02,36.59445571899414,41.650001525878906,41.779998779296875,41.0099983215332,41.150001525878906,9317000,47.23825737837117,0.59797605020551,42.39549980163574,40.441799850463866,0.04307541216021926,1.5776913323090256
2019-08-05,35.03050994873047,39.869998931884766,40.52000045776367,39.779998779296875,40.40999984741211,6668400,37.734679210891755,0.3296670483623316,42.42299976348876,40.477799835205076,0.013987773177245089,1.5251819156190154
2019-08-06,36.251792907714844,41.2599983215332,41.5099983215332,40.88999938964844,41.18000030517578,8667700,46.74485940261272,0.22657969568378888,42.50249977111816,40.538999786376955,0.04008067118673542,1.4113182935611197
2019-08-07,36.251792907714844,41.2599983215332,41.45000076293945,40.79999923706055,41.04999923706055,5484700,46.74485940261271,0.14323114648340152,42.529999732971184,40.61119972229004,0.013510175618508535,1.3795535771367065
2019-08-08,36.814117431640625,41.900001525878906,42.18000030517578,41.75,41.849998474121094,7795900,50.56483133822199,0.12735169949092295,42.57999973297119,40.69539978027344,0.02444987683844624,1.3347618939531483
2019-08-09,36.38359451293945,41.40999984741211,41.709999084472656,41.0,41.59000015258789,3480500,47.74129774275476,0.07437078291552979,42.58899974822997,40.762799758911136,0.004365760542669683,1.3257565103340543
2019-08-12,35.98820114135742,40.959999084472656,41.27000045776367,40.849998474121094,41.04999923706055,3463500,45.24271671653848,-0.0038835092559779127,42.5459997177124,40.81499977111817,-0.02056433803508606,1.3653663128503155
2019-08-13,36.761390686035156,41.84000015258789,41.9900016784668,40.54999923706055,40.630001068115234,7697800,50.67881559185805,0.005049919795546032,42.54949970245361,40.87539978027344,0.0016758365826450294,1.3633606645984861
2019-08-14,35.52254104614258,40.43000030517578,41.09000015258789,40.25,40.849998474121094,9621800,43.26702648439435,-0.10048712412910987,42.489499664306635,40.90279975891113,-0.028825383909455216,1.4306990120525025
2019-08-15,35.90034103393555,40.86000061035156,40.9900016784668,40.34000015258789,40.380001068115234,7690100,45.86713795810026,-0.14772567124546754,42.372999763488764,40.95539978027344,-0.053947628859532526,1.4651067399838162
2019-08-16,36.497798919677734,41.540000915527344,41.72999954223633,41.150001525878906,41.18000030517578,4845700,49.78638749029953,-0.128807406935195,42.2584997177124,41.017399826049804,-0.052247337893214896,1.4344088141760283
2019-08-19,36.708675384521484,41.77999877929688,42.209999084472656,41.650001525878906,42.15999984741211,3797600,51.13118436644162,-0.09337238557162664,42.11749973297119,41.07659980773926,-0.06322869487227656,1.3266850474097587
2019-08-20,36.8492546081543,41.93999862670898,42.220001220703125,41.720001220703125,42.0,7540300,52.053103028349604,-0.05178231108499887,41.993499755859375,41.12299980163574,-0.05583069888485814,1.211007818523549
2019-08-21,37.411563873291016,42.58000183105469,42.63999938964844,42.290000915527344,42.40999984741211,3914600,55.65669886740583,0.032447003586923984,41.895499801635744,41.17539985656738,-0.04400536695519841,1.064535863810567
2019-08-22,37.016197204589844,42.130001068115234,42.4900016784668,41.72999954223633,42.38999938964844,3145600,52.659809964332446,0.0621713687097909,41.82099990844726,41.22879989624023,-0.0341585946871813,0.9867966359437478
2019-08-23,35.97941589355469,40.95000076293945,42.150001525878906,40.86000061035156,41.939998626708984,7526900,45.70937427875789,-0.009379895139140615,41.69549999237061,41.258799896240234,-0.05775421938354275,0.9250576382396865
2019-08-26,36.32209396362305,41.34000015258789,41.54999923706055,41.130001068115234,41.369998931884766,5519000,48.14542492079373,-0.03422062182786334,41.56550006866455,41.328799896240234,-0.059171564756050676,0.7612146616294424
2019-08-27,36.33086013793945,41.34999847412109,41.68000030517578,41.27000045776367,41.54999923706055,4192800,48.20958408813611,-0.052495164133162575,41.47749996185303,41.402599868774416,-0.04082584345424167,0.6694690000493787
2019-08-28,36.59445571899414,41.650001525878906,41.77000045776367,41.04999923706055,41.31999969482422,3586000,50.20061884795578,-0.04228272261807575,41.42849998474121,41.45139991760254,-0.02298849443307449,0.6142631072239345
2019-08-29,37.14797592163086,42.27999877929688,42.56999969482422,42.22999954223633,42.34000015258789,5171600,54.18393600563298,0.016456523543816104,41.44899997711182,41.5089998626709,0.009792210601178075,0.6362219083277842
2019-08-30,37.45549392700195,42.630001068115234,42.88999938964844,42.36000061035156,42.709999084472656,5382200,56.276380557895806,0.09021017222546845,41.49799995422363,41.55139991760254,0.023529399911964344,0.6881374562539754
2019-09-03,36.655967712402344,41.720001220703125,42.15999984741211,41.58000183105469,42.150001525878906,4748000,49.89586390283221,0.07437375333945795,41.590500068664554,41.57539993286133,0.046400861258586,0.5723865930169192
2019-09-04,37.912384033203125,43.150001525878906,43.150001525878906,42.38999938964844,42.61000061035156,4460900,57.96177690569186,0.17519283692326582,41.68500022888183,41.63879997253418,0.04580715659795187,0.663686261089491
2019-09-05,38.87007522583008,44.2400016784668,44.5099983215332,43.7599983215332,43.7599983215332,7698300,62.8685599878792,0.3391372269811441,41.83400039672851,41.74520004272461,0.0722249994706945,0.8667086682199647
2019-09-06,38.404415130615234,43.709999084472656,44.040000915527344,43.689998626708984,44.0,4325300,59.24731975529521,0.4214394655171887,41.9245002746582,41.83779998779297,0.043198030851522295,0.9631009338001564
2019-09-09,38.52742385864258,43.84999847412109,44.08000183105469,43.540000915527344,43.90999984741211,4677000,59.90430319063873,0.4922865898633475,42.04650020599365,41.922999954223634,0.05892293252112779,1.0455131635162538
2019-09-10,38.74706268310547,44.09999847412109,44.099998474121094,43.36000061035156,43.599998474121094,5001600,61.1099909095169,0.5621265124722896,42.20350017547607,42.02159996032715,0.07666014306232638,1.1076824637245817
2019-09-11,38.852508544921875,44.220001220703125,44.27000045776367,43.84000015258789,43.90999984741211,4016800,61.70525828011749,0.6200112690872928,42.322500228881836,42.07839996337891,0.056883390521881294,1.1912658528898679
2019-09-12,38.7207145690918,44.06999969482422,44.459999084472656,43.93000030517578,44.290000915527344,6577900,60.45951693139626,0.646330984951021,42.504500198364255,42.14379997253418,0.09003213856474912,1.1646750384227775
2019-09-13,39.309383392333984,44.7400016784668,44.83000183105469,44.189998626708984,44.43000030517578,6231100,63.959468151637104,0.7130337013747052,42.69850025177002,42.23199996948242,0.0949584192402646,1.19897452928293
2019-09-16,39.18638229370117,44.59999847412109,44.7400016784668,44.4900016784668,44.529998779296875,3716300,62.71034352338275,0.7459995774126966,42.85150012969971,42.32539993286133,0.07366387797670804,1.2379663723031529
2019-09-17,39.65204620361328,45.130001068115234,45.150001525878906,44.209999084472656,44.279998779296875,6110900,65.46040774855592,0.8056055324914198,43.01900024414063,42.441599960327146,0.08018196234314812,1.309901154483089
2019-09-18,39.572975158691406,45.040000915527344,45.20000076293945,44.61000061035156,45.16999816894531,4044800,64.58931367773428,0.8359451656658408,43.174000358581544,42.54900001525879,0.07391517382750146,1.358030271920527
2019-09-19,39.734031677246094,44.900001525878906,45.220001220703125,44.7599983215332,44.79999923706055,6422700,63.18086984578342,0.839021050424094,43.29000034332275,42.632800064086915,0.05448566451521808,1.40296310525085
2019-09-20,38.822540283203125,43.869998931884766,44.900001525878906,43.869998931884766,44.77000045776367,7249200,53.873062486452255,0.7497039890992809,43.37700023651123,42.69220001220703,0.04130068406493326,1.3810222078926866
2019-09-23,38.99953079223633,44.06999969482422,44.290000915527344,43.849998474121094,44.18000030517578,4347000,55.2515960751306,0.6871370761123359,43.53300018310547,42.74900001525879,0.07619044868757174,1.2636710633980084
2019-09-24,39.04377746582031,44.119998931884766,44.54999923706055,44.060001373291016,44.400001525878906,7592200,55.60876720308185,0.6342753361175681,43.672000122070315,42.795,0.06724718841402444,1.1582501618138328
2019-09-25,39.83137130737305,45.0099983215332,45.099998474121094,44.0,44.20000076293945,6719500,61.4995806591636,0.6566283363088061,43.85500011444092,42.85979995727539,0.08851269606945045,1.0567600159282333
2019-09-26,41.11455535888672,46.459999084472656,46.5099983215332,45.099998474121094,45.099998474121094,15832500,68.77073050643602,0.7823280031739372,44.095499992370605,42.95639991760254,0.11548613162967336,1.0756953669395901
2019-09-27,40.273841857910156,45.5099983215332,46.47999954223633,45.189998626708984,46.0,9610400,60.684340585982476,0.796111692669399,44.25699996948242,43.002799911499025,0.07639545022451477,1.0302888185522059
2019-09-30,41.132240295410156,46.47999954223633,46.7400016784668,46.119998931884766,46.56999969482422,8396900,65.18568190035332,0.875217396430827,44.449499893188474,43.055799865722655,0.09031194880735449,1.069231972416551
2019-10-01,41.76055908203125,47.18999862670898,47.849998474121094,46.959999084472656,46.959999084472656,11575200,68.06757868442864,0.9838589158436619,44.72299976348877,43.107599868774415,0.13111211040165127,1.0332883107663509
2019-10-02,41.087989807128906,46.43000030517578,46.939998626708984,46.33000183105469,46.709999084472656,5785200,62.13808112339966,0.9971382012346197,44.886999702453615,43.14779991149902,0.0760138740048415,1.0307794119103866
2019-10-03,41.70745849609375,47.130001068115234,47.13999938964844,46.2400016784668,46.45000076293945,6091600,65.14941065348066,1.052019318157349,45.03149967193603,43.19959991455078,0.06532548101269864,1.1328227803996866
2019-10-04,41.964088439941406,47.41999816894531,47.45000076293945,46.779998779296875,47.029998779296875,5704200,66.34367955241306,1.1061621919589584,45.21699962615967,43.27559989929199,0.0848775832116313,1.2064043616262856
2019-10-07,42.4331169128418,47.95000076293945,48.150001525878906,47.43000030517578,47.72999954223633,11059000,68.47025812481502,1.178255394692414,45.42199974060058,43.36539993286133,0.09350062557557592,1.3061175959955968
2019-10-08,42.35346984863281,47.86000061035156,48.400001525878906,47.599998474121094,48.2599983215332,13089700,67.68813116341522,1.2141317619302185,45.60999984741211,43.44379997253418,0.08526082236571808,1.3746234011716891
2019-10-09,43.07912063598633,48.68000030517578,49.060001373291016,48.16999816894531,48.20000076293945,11033100,70.94466980386883,1.2938168485335027,45.832999801635744,43.55519996643066,0.10085931617714539,1.493854559303223
2019-10-10,43.30035400390625,48.93000030517578,49.38999938964844,48.4900016784668,48.90999984741211,9566500,71.87533301877113,1.3614468525841303,46.07599983215332,43.68119995117188,0.11027911604279739,1.58450872161073
2019-10-11,43.733970642089844,49.41999816894531,49.790000915527344,49.33000183105469,49.45000076293945,7499100,73.65640178825856,1.4380064078238277,46.30999965667725,43.83219993591309,0.10460429850030573,1.7168668731245762
2019-10-14,44.167606353759766,49.90999984741211,50.130001068115234,49.29999923706055,49.41999816894531,7974000,75.33831691556207,1.5206898809198108,46.5754997253418,43.99739990234375,0.119058330828691,1.8443526455293209
2019-10-15,44.59238052368164,50.38999938964844,50.63999938964844,50.11000061035156,50.20000076293945,9323200,76.89453895119591,1.606431142345265,46.83849964141846,44.20779991149902,0.1165521426333278,1.9961628868271333
2019-10-16,44.3623046875,50.130001068115234,51.130001068115234,50.06999969482422,50.34000015258789,13615700,74.16455770573774,1.6345598298657507,47.092999649047854,44.38519996643066,0.11301065828427048,2.077607911459499
2019-10-17,44.02600860595703,49.75,51.209999084472656,49.2599983215332,51.13999938964844,12410200,70.2395129426102,1.6076570373912276,47.3354995727539,44.555,0.10801777971712778,2.091170962305593
2019-10-18,43.61009216308594,49.27999877929688,50.09000015258789,49.130001068115234,49.650001525878906,9169200,65.61416248194237,1.5307654981896732,47.60599956512451,44.70259994506836,0.1233188962646663,1.9654235037550711
2019-10-21,44.24725341796875,50.0,50.11000061035156,49.33000183105469,49.529998779296875,6538900,68.98371242701174,1.510514213023015,47.9024995803833,44.874399948120114,0.13455866453913834,1.8476813243629944
2019-10-22,44.813621520996094,50.63999938964844,50.83000183105469,50.18000030517578,50.29999923706055,10697300,71.64366223965132,1.5284880666903362,48.22849960327149,45.06799995422363,0.1477787990845072,1.715650452114444
2019-10-23,44.39768981933594,50.16999816894531,50.400001525878906,49.91999816894531,50.099998474121094,7118800,67.09309472794673,1.487658503476851,48.48649959564209,45.234599914550785,0.1146411917314718,1.589522590718221
2019-10-24,45.08793640136719,50.95000076293945,51.04999923706055,50.22999954223633,50.4900016784668,7006600,70.44783450955202,1.5009385853407267,48.71099967956543,45.44499992370606,0.09664231095448717,1.6052412048225326
2019-10-25,45.247230529785156,51.130001068115234,51.22999954223633,50.689998626708984,50.79999923706055,6303500,71.17805982974883,1.5085974933638724,48.991999816894534,45.650399932861326,0.12348940790716112,1.5041193203586025
2019-10-28,45.406524658203125,51.310001373291016,51.47999954223633,51.04999923706055,51.400001525878906,7725500,71.92514444249315,1.5117650668049905,49.233499908447264,45.845799942016605,0.1039157030684923,1.466855993700003
2019-10-29,45.548118591308594,51.470001220703125,51.84000015258789,51.439998626708984,51.5,5303900,72.60489650682848,1.5097822125503626,49.44750003814697,46.03959999084473,0.09069723921483042,1.465242626573739
2019-10-30,45.9375,51.90999984741211,52.060001373291016,51.56999969482422,51.790000915527344,5198100,74.43783178062117,1.5261228045094128,49.72150001525879,46.23900001525879,0.11802712699154227,1.3812439866570703
2019-10-31,45.68971633911133,51.630001068115234,51.93000030517578,51.349998474121094,51.88999938964844,5140800,71.17430688172132,1.4991974647669366,49.94650001525879,46.42,0.09548058345036559,1.3010698743030151
2019-11-01,46.10563278198242,52.09999847412109,52.099998474121094,51.70000076293945,51.88999938964844,5226600,73.29107655871925,1.498509912288064,50.18050003051758,46.61939994812012,0.09869254504190672,1.2422834965166147
2019-11-04,47.33570098876953,53.4900016784668,53.790000915527344,53.119998931884766,53.54999923706055,7233400,78.35376535849664,1.5917776420340317,50.45750007629395,46.87019996643066,0.11553703498184742,1.3330848888464375
2019-11-05,47.3888053894043,53.54999923706055,53.970001220703125,53.4900016784668,53.630001068115234,5287100,78.5428254413795,1.6514968635515004,50.74200000762939,47.114399948120116,0.11888839436158105,1.3565229247430977
2019-11-06,47.46846389770508,53.63999938964844,53.75,53.099998474121094,53.70000076293945,4545100,78.84136336848903,1.686644449692686,50.98999996185303,47.36019996643066,0.10188987373414826,1.4119678794819015
2019-11-07,47.4949951171875,53.66999816894531,54.369998931884766,53.52000045776367,53.900001525878906,7890900,78.94651017668315,1.6973537779273613,51.226999855041505,47.60059989929199,0.0968730397344415,1.4454069792597786
2019-11-08,46.75163650512695,52.83000183105469,53.529998779296875,52.529998779296875,53.529998779296875,6558400,68.6578853723441,1.6193929593857348,51.39750003814697,47.81159996032715,0.0690004813527525,1.421966380736137
2019-11-11,46.54810333251953,52.59999847412109,52.75,52.15999984741211,52.38999938964844,4046500,66.1170342258556,1.5215100792414873,51.53199996948242,48.01099990844727,0.053896987275756425,1.4009267686528113
2019-11-12,46.14988708496094,52.150001525878906,52.689998626708984,52.029998779296875,52.689998626708984,8625100,61.334544748746914,1.3915848743770525,51.62000007629395,48.219599914550784,0.03492760781005333,1.3805452895756893
2019-11-13,46.79589080810547,52.880001068115234,52.939998626708984,52.150001525878906,52.58000183105469,5336200,65.67245982394189,1.332166687332581,51.757500076293944,48.414199905395506,0.05485736966698607,1.3611446632162647
2019-11-14,46.44192123413086,52.47999954223633,52.72999954223633,52.130001068115234,52.5,5308600,61.59467038662685,1.2385236363036114,51.89400005340576,48.5789998626709,0.054874362658016596,1.283926648519194
2019-11-15,47.15873718261719,53.290000915527344,53.38999938964844,52.880001068115234,53.0099983215332,5986400,66.17491990073279,1.2156578382237413,52.09450016021729,48.770599899291994,0.08137179861122701,1.1615029969408752
2019-11-18,47.273765563964844,53.41999816894531,53.959999084472656,53.38999938964844,53.38999938964844,4774400,66.8580582947533,1.1942595398500728,52.26550006866455,48.96199989318848,0.0683999633789063,1.0862269245895646
2019-11-19,47.574642181396484,53.7599983215332,54.13999938964844,53.68000030517578,54.04999923706055,4731100,68.64187243366048,1.1910072152355582,52.421500015258786,49.15519989013672,0.06161135405784668,1.0643120487694504
2019-11-20,47.344547271728516,53.5,53.779998779296875,53.209999084472656,53.54999923706055,5264800,65.7284647777514,1.154145759016572,52.58800010681152,49.34079986572266,0.0663743662066929,0.9476258047116748
2019-11-21,46.88438034057617,52.97999954223633,53.5099983215332,52.939998626708984,53.5,6037000,60.22301860878755,1.070631524504691,52.68950004577637,49.518999862670896,0.03984295876151345,0.8683461474491095
2019-11-22,46.716251373291016,52.790000915527344,53.15999984741211,52.7400016784668,52.91999816894531,4172300,58.301476076806686,0.9778426295285172,52.77250003814697,49.67999984741211,0.03246625880567966,0.7869581341378533
2019-11-25,47.574642181396484,53.7599983215332,53.939998626708984,52.79999923706055,53.09000015258789,5021500,64.52473565356047,0.9713799820402045,52.89499988555908,49.86319984436035,0.0477489160527973,0.7363810961114141
2019-11-26,47.4595947265625,53.630001068115234,53.790000915527344,53.380001068115234,53.5,5672800,63.16417977714447,0.9448766456209654,53.00299987792969,50.033199844360354,0.041966189939457,0.6719653355709907
2019-11-27,47.68968963623047,53.88999938964844,54.060001373291016,53.540000915527344,54.029998779296875,2786100,64.76444622946786,0.9340847051798136,53.101999855041505,50.21019981384277,0.03814293099704247,0.6478835986131659
2019-11-29,46.98173141479492,53.09000015258789,53.15999984741211,52.79999923706055,53.060001373291016,3391700,56.614522954448624,0.8511670382859862,53.17499980926514,50.373999786376956,0.028278114551004707,0.5478231412408413
2019-12-02,46.88438034057617,52.97999954223633,53.59000015258789,52.779998779296875,53.54999923706055,4475800,55.57886406892488,0.7677281675202039,53.2189998626709,50.55619979858398,0.0168906160055331,0.4891330045728279
2019-12-03,46.70738983154297,52.77999877929688,52.93000030517578,52.18000030517578,52.41999816894531,5468100,53.65694085336927,0.6776523171128659,53.1834997177124,50.73039978027344,-0.013273562850825926,0.49416839172831906
2019-12-04,47.06137466430664,53.18000030517578,53.56999969482422,53.11000061035156,53.27000045776367,3905200,56.869323805530335,0.631266489745741,53.16499977111816,50.91159980773926,-0.006909410591152687,0.48659347433320654
2019-12-05,48.14100646972656,54.400001525878906,54.540000915527344,53.4900016784668,53.619998931884766,7624300,64.86816011339018,0.6850524318960112,53.202999877929685,51.09939987182617,0.014168570933599467,0.5510475913306118
2019-12-06,48.61888122558594,54.93999862670898,55.029998779296875,54.5,54.5,5429100,67.72159794776,0.7624622415455349,53.26649990081787,51.268999862670896,0.023663135850422234,0.6683777572611547
2019-12-09,48.19410705566406,54.459999084472656,55.189998626708984,54.31999969482422,55.04999923706055,6541900,62.836079270931144,0.776131362641884,53.34799976348877,51.44799987792969,0.030853628561864133,0.7104080697516824
2019-12-10,48.24720001220703,54.52000045776367,55.060001373291016,54.33000183105469,54.68000030517578,4364800,63.19352715660499,0.7827824204854181,53.4439998626709,51.608799896240235,0.036501939911409265,0.7333654292450486
2019-12-11,49.46842956542969,55.900001525878906,56.20000076293945,55.029998779296875,55.040000915527344,11028000,70.27489981682575,0.8891583211471215,53.6314998626709,51.782999954223634,0.07190795571001285,0.8544946083253334
2019-12-12,51.866634368896484,58.61000061035156,58.619998931884766,57.02000045776367,57.25,15788700,78.87163494202402,1.178550668049155,53.917999839782716,52.02659996032715,0.10835853680969976,1.3851113235940706
2019-12-13,51.54804611206055,58.25,59.52000045776367,58.25,59.04999923706055,9886900,75.73803861723185,1.3631337895192885,54.206499862670896,52.24899993896484,0.10994665602311837,1.646141732474232
2019-12-16,51.804683685302734,58.540000915527344,58.70000076293945,58.290000915527344,58.290000915527344,5779400,76.54641255357407,1.5153498831972811,54.4689998626709,52.47139999389648,0.09851754381318245,1.8924643571623114
2019-12-17,52.41529083251953,59.22999954223633,59.709999084472656,58.779998779296875,59.709999084472656,8407500,78.39121663872793,1.6723811874038645,54.75949993133545,52.69699996948242,0.10876079319427134,2.1512042296665164
2019-12-18,52.30024337768555,59.09999847412109,59.63999938964844,58.720001220703125,59.599998474121094,10021200,77.15977090861688,1.765982480851072,55.02649993896485,52.921799926757814,0.0993303630824145,2.343423689339718
2019-12-19,51.649723052978516,57.959999084472656,58.5,57.880001068115234,58.5,7228700,67.1918046418404,1.7282515488408663,55.24949989318848,53.10739990234375,0.08336446886864768,2.401991418854628
2019-12-20,51.62299346923828,57.93000030517578,58.29999923706055,57.31999969482422,57.779998779296875,8043800,66.94671298035948,1.676602037962006,55.49699993133545,53.28739990234375,0.09343149878650436,2.410841936214641
2019-12-23,51.88141632080078,58.220001220703125,58.34000015258789,57.95000076293945,58.029998779296875,4022000,68.15597565241592,1.6401632971962812,55.76849994659424,53.463399963378905,0.10286039422247173,2.395650281693826
2019-12-24,51.471500396728516,57.7599983215332,58.09000015258789,57.54999923706055,57.9900016784668,2692200,64.14704511559009,1.5562277186318454,55.968499946594235,53.620399932861325,0.07440476422778874,2.3860962632335694
2019-12-26,51.90816116333008,58.25,58.349998474121094,57.7599983215332,57.79999923706055,2490400,66.41332373993848,1.5118198896213642,56.199499893188474,53.77759994506836,0.08614579227803709,2.37137643966581
2019-12-27,52.09529113769531,58.459999084472656,58.709999084472656,58.33000183105469,58.529998779296875,2847800,67.36539877028727,1.4765507780226983,56.427999877929686,53.94419990539551,0.08480237050628081,2.357261092553352
2019-12-30,51.551700592041016,57.84999847412109,58.689998626708984,57.619998931884766,58.65999984741211,3519900,61.87833139711336,1.3834304763373169,56.665999794006346,54.10619987487793,0.08965903763142413,2.239876358793868
2019-12-31,51.77449417114258,58.09999847412109,58.130001068115234,57.459999084472656,57.68000030517578,2950200,63.20124345258738,1.3146504054859562,56.92199974060058,54.28259986877441,0.0966402222748799,2.0835560550526906
2020-01-02,53.503273010253906,60.040000915527344,60.119998931884766,59.599998474121094,59.599998474121094,8432600,71.47395064379984,1.400539144099362,57.28499984741211,54.483399887084964,0.13755214672491078,1.9522360818853945
2020-01-03,51.73884201049805,58.060001373291016,58.97999954223633,58.040000915527344,58.970001220703125,10546400,57.31240545677625,1.293921649397575,57.52899990081787,54.631799926757814,0.09176384054364672,1.700962177725553
2020-01-06,51.141780853271484,57.38999938964844,57.689998626708984,57.130001068115234,57.599998474121094,8897200,53.45291533864721,1.1421964266551967,57.67849979400635,54.776199951171876,0.05496319448349918,1.5347528554936472
2020-01-07,51.97052764892578,58.31999969482422,58.599998474121094,56.7400016784668,57.45000076293945,7444300,57.70998557828007,1.0844949639319736,57.84749984741211,54.92359992980957,0.06152168097201338,1.3972675089524602
2020-01-08,52.353721618652344,58.75,58.97999954223633,58.11000061035156,58.189998626708984,5381500,59.55197043832413,1.0612303668958205,58.06199989318848,55.075999908447265,0.07877342981356183,1.1588086680465228
2020-01-09,52.78145217895508,59.22999954223633,59.709999084472656,58.70000076293945,59.689998626708984,5112700,61.56447900666826,1.0691998869245651,58.29749984741211,55.23439987182617,0.08639029796269848,0.8342400154598907
2020-01-10,52.451744079589844,58.86000061035156,59.70000076293945,58.77000045776367,59.70000076293945,4807700,59.12252395996478,1.033743614467106,58.44549980163574,55.38219985961914,0.052951681639978654,0.6221144268602469
2020-01-13,53.521095275878906,60.060001373291016,60.15999984741211,59.45000076293945,60.150001525878906,6613700,64.09656327168229,1.0899104862011129,58.51799983978272,55.54519989013672,0.02473981825353122,0.7192075514879529
2020-01-14,53.752777099609375,60.31999969482422,60.63999938964844,59.91999816894531,60.15999984741211,6715200,65.08779706476342,1.1422358445628689,58.62149982452392,55.7189998626709,0.03553647544762617,0.8204320160695331
2020-01-15,52.03291320800781,58.38999938964844,59.70000076293945,58.2599983215332,59.66999816894531,10075100,53.31985427819217,1.0162544246948073,58.61399974822998,55.84479988098145,-0.0025623765550560895,0.8219005741872736
2020-01-16,52.353721618652344,58.75,59.689998626708984,58.29999923706055,59.20000076293945,11215700,54.955805474044716,0.9346877834621807,58.589999771118165,55.94999984741211,-0.008103993684721256,0.8098866349316146
2020-01-17,52.20222854614258,58.58000183105469,58.75,58.0099983215332,58.63999938964844,8125700,53.993516643962415,0.846569475190698,58.56399993896484,56.050599899291996,-0.008798589788358457,0.8009498415098023
2020-01-21,51.899253845214844,58.2400016784668,59.0,57.470001220703125,57.9900016784668,9873700,52.03117311918644,0.7407608798975929,58.57800006866455,56.14259994506836,0.004830962705607567,0.792236344707128
2020-01-22,51.99726486206055,58.34999847412109,58.939998626708984,58.31999969482422,58.900001525878906,8124500,52.63098270554942,0.6581953615304172,58.598999977111816,56.236199951171876,0.007250097820347801,0.7796217437139624
2020-01-23,51.221988677978516,57.47999954223633,58.06999969482422,56.619998931884766,57.86000061035156,9999200,47.56498447980581,0.5166048513028798,58.56199989318848,56.329199905395505,-0.012710437357456694,0.8152988794509579
2020-01-24,51.444766998291016,57.72999954223633,58.13999938964844,57.459999084472656,58.09000015258789,10402200,49.08169759752407,0.4197279005399608,58.56049995422363,56.43179992675781,-0.0005193694627531054,0.8168780769862644
2020-01-27,49.24368667602539,55.2599983215332,55.9900016784668,55.060001373291016,55.619998931884766,9675500,37.53088190431593,0.14200679728740084,58.410999870300294,56.4939998626709,-0.051330500917884936,1.100918309616109
2020-01-28,50.87443923950195,57.09000015258789,57.119998931884766,55.47999954223633,55.72999954223633,8124400,47.40649818363394,0.06878377929858459,58.34249992370606,56.57819984436035,-0.02343480932842923,1.1396489727808858
2020-01-29,50.96355438232422,57.18999862670898,57.52000045776367,56.849998474121094,57.52000045776367,7693400,47.89126833004243,0.01860854343326679,58.30949993133545,56.672399826049805,-0.01140881356647494,1.1639568949754602
2020-01-30,49.72489929199219,55.79999923706055,56.040000915527344,55.060001373291016,55.08000183105469,10295700,42.084530894198544,-0.13179774416460788,58.19449996948242,56.722599792480466,-0.039586907013173245,1.2922913241567293
2020-01-31,48.06739044189453,53.93999862670898,55.47999954223633,53.599998474121094,55.43000030517578,13467200,35.824958008911565,-0.39651157665064574,57.88949985504151,56.73299980163574,-0.10159897061628465,1.5315064307467117
2020-02-03,48.807029724121094,54.77000045776367,54.939998626708984,54.13999938964844,54.349998474121094,9594300,40.10606152702163,-0.5331788312304937,57.724999809265135,56.75319984436035,-0.056665532857545275,1.6815676805578013
2020-02-04,51.25763702392578,57.52000045776367,57.63999938964844,56.900001525878906,56.91999816894531,12746600,51.621496016578995,-0.41480498417788425,57.7314998626709,56.83359985351562,0.002265221632650638,1.6804554811861272
2020-02-05,51.614078521728516,57.91999816894531,58.150001525878906,57.16999816894531,58.099998474121094,6594400,53.03589837501625,-0.2854261699634577,57.711499786376955,56.9323998260498,-0.006858736762208939,1.6754556545783057
2020-02-06,51.70319747924805,58.02000045776367,58.279998779296875,57.279998779296875,58.27000045776367,4236300,53.40268923740161,-0.17283089168500965,57.67499980926514,57.03699981689453,-0.01242552412317155,1.6595168346092328
2020-02-07,50.081336975097656,56.20000076293945,57.13999938964844,56.060001373291016,57.13999938964844,6808400,46.313364374255556,-0.22783079584957733,57.52349987030029,57.085799865722656,-0.05115648831191044,1.6483561149101367
2020-02-10,50.81206512451172,57.02000045776367,57.04999923706055,56.34000015258789,56.439998626708984,4281200,49.56218036174792,-0.20291244544155518,57.4314998626709,57.15359985351562,-0.03126062068481006,1.6209561368113605
2020-02-11,52.27350997924805,58.65999984741211,58.900001525878906,57.810001373291016,57.95000076293945,6523200,55.37813868626398,-0.050250966654850515,57.36149978637695,57.2489998626709,-0.0233100481829408,1.529097927389928
2020-02-12,53.13790512084961,59.630001068115234,59.75,58.900001525878906,59.25,5962900,58.43126693503172,0.1473072803897324,57.32699985504151,57.379799880981444,-0.011438969333552373,1.4652867585550386
2020-02-13,52.870574951171875,59.33000183105469,59.70000076293945,58.7400016784668,59.130001068115234,6460100,57.12933263426947,0.2764791042586978,57.373999977111815,57.506799926757814,0.016098689008941847,1.515396579794139
2020-02-14,51.854679107666016,58.18999862670898,59.16999816894531,57.869998931884766,59.02000045776367,6932400,52.35540436260712,0.28359091458704455,57.34599990844727,57.61499992370605,-0.009531938268783402,1.4936515965074415
2020-02-18,50.06352233886719,56.18000030517578,56.560001373291016,55.630001068115234,56.099998474121094,10989000,45.18583092366582,0.1255892940144463,57.22599983215332,57.67499992370605,-0.040969638969977074,1.4856807886029604
2020-02-19,51.364566802978516,57.63999938964844,57.939998626708984,57.0,57.25,7866300,50.48943674494581,0.11683479695379617,57.195999717712404,57.739799880981444,-0.010302236805054932,1.4701037639497267
2020-02-20,50.33086013793945,56.47999954223633,57.040000915527344,55.810001373291016,56.939998626708984,7192900,46.62909771795939,0.016108809469365326,57.10249977111816,57.770599899291994,-0.03204796882238348,1.4522033129375673
2020-02-21,49.53776168823242,55.59000015258789,56.650001525878906,55.52000045776367,56.650001525878906,6816600,43.85836988330122,-0.1339882409757962,57.00799980163574,57.793199920654295,-0.032880991731039644,1.4874127823036625
2020-02-24,48.2277946472168,54.119998931884766,54.689998626708984,53.18000030517578,53.54999923706055,9968800,39.66592717975027,-0.36732376829260716,56.82749977111816,57.78519989013672,-0.06253248984889426,1.609236482771348
2020-02-25,47.99610900878906,53.86000061035156,55.470001220703125,53.83000183105469,55.33000183105469,12670700,38.95662145073081,-0.5666910843663473,56.757499885559085,57.744399871826175,-0.025334740385543952,1.7084032231928283
2020-02-26,49.03872299194336,55.02999877929688,55.40999984741211,54.380001068115234,54.4900016784668,10969300,43.82473096362052,-0.6230993432049345,56.65449981689453,57.672799835205076,-0.03608340108224062,1.7489201668301946
2020-02-27,47.48816680908203,53.290000915527344,54.599998474121094,53.27000045776367,54.20000076293945,11878900,38.86124595769412,-0.7989962491688658,56.45949993133545,57.573599853515624,-0.06819370178058104,1.897204425680173
2020-02-28,47.97828674316406,53.84000015258789,54.04999923706055,51.0,51.349998474121094,13604500,41.130866000673414,-0.8838272620056529,56.36149997711182,57.47959983825684,-0.03512543210163499,1.9817996357396803
2020-03-02,49.885311126708984,55.97999954223633,56.0099983215332,53.83000183105469,54.369998931884766,13797700,49.05535647400805,-0.769505998677829,56.463500022888184,57.414599838256834,0.03781981771347742,1.9014794756933877
2020-03-03,48.905067443847656,54.880001068115234,56.369998931884766,54.040000915527344,56.29999923706055,14661800,45.653464216435566,-0.758917924220647,56.469000053405765,57.33019989013672,0.0020084098855612798,1.8964757188165888
2020-03-04,50.865535736083984,57.08000183105469,57.09000015258789,55.54999923706055,55.970001220703125,9878200,52.71604383748336,-0.5664751506169097,56.447000122070314,57.31259994506836,-0.007649489276900678,1.8861660399075677
2020-03-05,49.66251754760742,55.72999954223633,56.38999938964844,55.25,56.11000061035156,10004200,48.54687814761338,-0.5169378307975876,56.337500190734865,57.26859992980957,-0.03781075096585873,1.859532852458072
2020-03-06,49.074371337890625,55.06999969482422,55.08000183105469,53.970001220703125,54.599998474121094,12971200,46.606240594536146,-0.5248850714073825,56.19000015258789,57.20559989929199,-0.05084454911521308,1.8358994825649133
2020-03-09,46.18712615966797,51.83000183105469,54.13999938964844,51.060001373291016,51.54999923706055,13781100,38.4751466375256,-0.7835913137652497,55.97150020599365,57.08699996948242,-0.07775798705623005,2.0786464739532917
2020-03-10,48.57532501220703,54.5099983215332,54.619998931884766,52.4900016784668,53.709999084472656,11698700,46.750633225465414,-0.7635626803178184,55.84600009918213,57.01219993591309,-0.04401967934198281,2.087762357342825
2020-03-11,46.5524787902832,52.2400016784668,53.560001373291016,52.09000015258789,53.11000061035156,14498000,41.64152344489288,-0.9202515153222208,55.525000190734865,56.88779998779297,-0.10944422409896315,2.125535137035953
2020-03-12,43.38896942138672,48.68999862670898,50.9900016784668,48.5099983215332,49.65999984741211,15942200,35.16859318714927,-1.3157173529693438,54.97800006866455,56.70459999084473,-0.18346473663331841,2.4030914767041702
2020-03-13,46.5435676574707,52.22999954223633,52.459999084472656,49.290000915527344,51.900001525878906,14948700,44.44274917913538,-1.3281680945827858,54.62299995422363,56.587200012207035,-0.11966967924653016,2.2456180744671403
2020-03-16,40.0116081237793,44.900001525878906,48.349998474121094,44.900001525878906,46.34000015258789,16628200,33.69458618266475,-1.9075163168715932,53.95850009918213,56.28440002441406,-0.22838971325787272,2.9805971492141983
2020-03-17,43.25530242919922,48.540000915527344,48.560001373291016,45.029998779296875,45.75,13415700,41.28808161283473,-2.049313219868118,53.57650012969971,56.094000015258786,-0.13599144443124145,3.1647883329613484
2020-03-18,39.539306640625,44.369998931884766,46.09000015258789,43.2599983215332,43.79999923706055,15018500,36.17666883318272,-2.4697033936190067,52.91300010681152,55.83360000610352,-0.2302220783879264,3.6255294431429075
2020-03-19,39.482635498046875,43.88999938964844,45.18000030517578,42.70000076293945,43.7400016784668,11182600,35.629879729648096,-2.8092147081193914,52.28350009918213,55.545,-0.22291076938081344,4.042605093490039
2020-03-20,40.05836486816406,44.52999877929688,48.279998779296875,44.47999954223633,48.02000045776367,14157700,36.99721323752914,-2.992145676053788,51.730500030517575,55.26059997558594,-0.19895667103674453,4.313858460282998
2020-03-23,40.71505355834961,45.2599983215332,45.61000061035156,43.52000045776367,45.119998931884766,10508600,38.59931847148591,-3.0431355515384837,51.2875,54.981199951171874,-0.1637102879751111,4.506199404080131
2020-03-24,43.962547302246094,48.869998931884766,48.91999816894531,47.5,48.0,12216200,45.92275925581718,-2.7604280200920286,51.03799991607666,54.78139991760254,-0.09264763501520923,4.4943963619263165
2020-03-25,44.079490661621094,49.0,50.04999923706055,48.04999923706055,49.29999923706055,9796600,46.17174621570304,-2.497105190646522,50.73649997711182,54.560199890136715,-0.10957657483295202,4.414042895445909
2020-03-26,44.862125396728516,49.869998931884766,50.459999084472656,48.91999816894531,49.099998474121094,10577500,47.90057309772516,-2.1929394671340745,50.56549987792969,54.35119987487793,-0.06417718005041495,4.37599525710785
2020-03-27,42.19935989379883,46.90999984741211,48.09000015258789,46.5099983215332,47.22999954223633,12158500,42.85718490814522,-2.1657675085322836,50.2189998626709,54.1215998840332,-0.1287147155560081,4.377432788430289
2020-03-30,43.01799011230469,47.81999969482422,48.15999984741211,46.77000045776367,47.18000030517578,8428300,44.78203328154026,-2.0472052453494882,49.81099987030029,53.90299987792969,-0.14576634358947205,4.188412858232583
2020-03-31,42.99100112915039,47.790000915527344,49.029998779296875,47.65999984741211,47.79999923706055,9595700,44.72854402015685,-1.9333776740208535,49.456499862670896,53.68719985961914,-0.12919096236510674,4.033996984007893
2020-04-01,41.839534759521484,46.5099983215332,47.560001373291016,46.29999923706055,46.83000183105469,8755200,42.40134068047631,-1.9242722034236337,48.92799968719483,53.45259979248047,-0.18517875211017976,3.657489374975533
2020-04-02,43.2968635559082,48.130001068115234,48.220001220703125,46.61000061035156,46.91999816894531,6174700,46.21547917209418,-1.7659782714229877,48.54799976348877,53.24819984436035,-0.13637176631162995,3.2899283543699043
2020-04-03,42.33431625366211,47.060001373291016,48.150001525878906,46.779998779296875,47.790000915527344,5486200,44.13657121548488,-1.707189801534689,48.14749984741211,53.03979988098145,-0.14545121419868157,2.921054202367396
2020-04-06,44.952091217041016,49.970001220703125,50.099998474121094,48.5099983215332,48.630001068115234,7370300,50.63966338859983,-1.4095385646316743,48.054499816894534,52.88459991455078,-0.03588656269807644,2.825693260933237
2020-04-07,44.72718811035156,49.720001220703125,51.31999969482422,49.65999984741211,51.290000915527344,6568700,50.10007521186144,-1.1802159309939029,47.814999961853026,52.77379997253418,-0.08787373414645427,2.424214860029663
2020-04-08,45.22196578979492,50.27000045776367,50.599998474121094,49.540000915527344,50.209999084472656,6325900,51.328788439688196,-0.9432228637230935,47.71649990081787,52.637399978637696,-0.0377105887711936,2.2700785758089834
2020-04-09,43.47677230834961,48.33000183105469,50.65999984741211,47.720001220703125,50.279998779296875,12274000,46.93840002785864,-0.9015532813683507,47.698500061035155,52.46020004272461,-0.007393649739328878,2.263370600524342
2020-04-13,43.8546028137207,48.75,49.09000015258789,47.959999084472656,48.7400016784668,9873200,47.97587439989311,-0.8251279337800455,47.52450008392334,52.3192000579834,-0.06662836631698976,2.0170291828363798
2020-04-14,45.54582214355469,50.630001068115234,51.27000045776367,49.95000076293945,50.0,11068800,52.456923475520064,-0.6058757621870683,47.81100006103516,52.25300010681153,0.12761691197123337,2.0315177979944643
2020-04-15,44.673213958740234,49.65999984741211,49.970001220703125,49.040000915527344,49.7599983215332,9398100,50.06099812164297,-0.5045714429359975,47.86700000762939,52.15080009460449,0.023073731165227374,2.0677837715471066
2020-04-16,47.1380729675293,52.400001525878906,53.13999938964844,51.68000030517578,51.810001373291016,18615900,56.15316693914377,-0.20087622765719004,48.2685001373291,52.0484001159668,0.18097820120125574,2.131640138846818
2020-04-17,48.29853820800781,53.68999862670898,54.189998626708984,53.0,54.130001068115234,11288500,58.707213725067206,0.14225655848395746,48.75850009918213,51.96380012512207,0.223285472165486,2.1975259027262646
2020-04-20,47.308998107910156,52.59000015258789,53.81999969482422,52.560001373291016,53.0,9901700,55.72636872620203,0.32172246355372636,49.16150016784668,51.855200119018555,0.1810016077754375,2.118903265346315
2020-04-21,46.21150207519531,51.369998931884766,51.810001373291016,50.52000045776367,51.599998474121094,13102500,52.54003577553186,0.3613412665744775,49.46700019836426,51.758600082397464,0.13499780903537117,1.9613960478117105
2020-04-22,47.63284683227539,52.95000076293945,53.11000061035156,52.40999984741211,52.47999954223633,8255500,56.04527741639207,0.5143038222267293,49.67100028991699,51.677200088500975,0.08348684101142334,2.103092664382869
2020-04-23,47.35397720336914,52.63999938964844,53.130001068115234,52.2599983215332,52.810001373291016,7619900,55.184094926808676,0.6035558138601118,49.853000259399415,51.556800079345706,0.07428570182955996,2.197357394114762
2020-04-24,47.43494415283203,52.72999954223633,52.88999938964844,52.0,52.599998474121094,5701800,55.39836978267704,0.6737839583507039,49.99600028991699,51.418800048828125,0.057349121147123094,2.289645646865163
2020-04-27,48.1365966796875,53.5099983215332,53.75,52.970001220703125,53.150001525878906,5812300,57.30367642632243,0.7833496840539027,50.32600021362305,51.302399978637695,0.14069491570218373,2.2970673639745915
2020-04-28,47.461917877197266,52.7599983215332,53.72999954223633,52.68000030517578,53.5099983215332,8561100,54.87622578923993,0.8004356550857068,50.5730001449585,51.19379997253418,0.10330402882130629,2.278942274107869
2020-04-29,49.00920867919922,54.47999954223633,54.689998626708984,53.43000030517578,53.75,8565500,59.150005195746814,0.9419084003651719,50.90750007629394,51.15979995727539,0.13998741365446077,2.3391376659342065
2020-04-30,47.79477310180664,53.130001068115234,54.40999984741211,52.959999084472656,54.20000076293945,6337900,54.765664898736496,0.9343226854791382,51.23850021362305,51.06959999084473,0.1423350459145707,2.1443929645391666
2020-05-01,45.9686164855957,51.09999847412109,52.560001373291016,51.09000015258789,52.47999954223633,10238700,48.89651292613302,0.7557943807286662,51.38700008392334,50.96199996948242,0.061707819241529016,2.016841904739803
2020-05-04,46.913177490234375,52.150001525878906,52.18000030517578,51.279998779296875,51.790000915527344,7514000,51.775335234717964,0.6910696631216169,51.641500091552736,50.89319999694824,0.10815979609122417,1.7449057037788744
2020-05-05,46.517356872558594,51.709999084472656,52.58000183105469,51.58000183105469,52.209999084472656,7780700,50.49172335924576,0.597384066672042,51.72849998474121,50.845,0.03482084893463311,1.6999787366317969
2020-05-06,46.89518737792969,52.130001068115234,52.619998931884766,52.0,52.11000061035156,8206700,51.72210563323995,0.5506803067052957,51.848999977111816,50.81040000915527,0.0484714358053675,1.6342607739246406
2020-05-07,47.075103759765625,52.33000183105469,52.97999954223633,52.099998474121094,52.95000076293945,5493400,52.32964667520978,0.5237679595389864,51.952000045776366,50.75640007019043,0.04097874188447248,1.5939243243788277
2020-05-08,47.59685516357422,52.90999984741211,53.34000015258789,52.470001220703125,52.619998931884766,6086000,54.13230635098467,0.5429815696504363,52.18099994659424,50.74880004882812,0.09476511158363987,1.3576561409878671
2020-05-11,47.1380729675293,52.400001525878906,52.83000183105469,52.380001068115234,52.61000061035156,6459300,52.26089550460495,0.5111635169413731,52.36350002288818,50.72000007629394,0.07487182617187504,1.0913885228251146
2020-05-12,45.9686164855957,51.09999847412109,52.63999938964844,51.08000183105469,52.63999938964844,8584500,47.73114033006827,0.37670567075339534,52.386999893188474,50.62240005493164,0.009282982344273272,1.056603842177696
2020-05-13,45.80668258666992,50.91999816894531,52.02000045776367,50.47999954223633,51.90999984741211,8611000,47.12211381693228,0.25270926354647827,52.44999980926514,50.54319999694824,0.025372499504726864,0.9132938342972954
2020-05-14,46.868202209472656,52.09999847412109,52.150001525878906,49.790000915527344,50.43000030517578,13695600,51.491734116038536,0.24681228209016126,52.43499965667725,50.44359992980957,-0.005725248912629488,0.9166158565830895
2020-05-15,44.79916763305664,49.79999923706055,51.04999923706055,49.380001068115234,50.560001373291016,17777200,43.880255703445236,0.05590374172964374,52.24049968719483,50.32499992370605,-0.07245296124320044,1.0406250140199704
2020-05-18,46.661293029785156,51.869998931884766,52.189998626708984,50.77000045776367,50.939998626708984,12726500,50.91300620622708,0.07082262460433242,52.20449962615967,50.26099990844727,-0.013690838916411319,1.0403518666591347
2020-05-19,45.70773696899414,50.810001373291016,51.459999084472656,50.79999923706055,51.349998474121094,12940300,47.621945257376154,-0.0028540971862724973,52.17649974822998,50.24059989929199,-0.010901256963939066,1.071075756030961
2020-05-20,46.63431930541992,51.84000015258789,52.09000015258789,50.5,51.58000183105469,8406200,50.94048457013617,0.021619645596182124,52.1209997177124,50.187199935913085,-0.020963184029422544,1.0575588901942785
2020-05-21,45.65376281738281,50.75,52.209999084472656,50.689998626708984,52.099998474121094,7842600,47.50998752112188,-0.046403726454165906,52.02649974822998,50.15739990234375,-0.03590424414062787,1.0926033613685713
2020-05-22,44.79916763305664,49.79999923706055,50.86000061035156,49.61000061035156,50.84000015258789,12462300,44.68548153676664,-0.1749531104152311,51.87999973297119,50.17959991455078,-0.05556609767896681,1.1857710677435973
2020-05-26,45.71672439575195,50.81999969482422,51.400001525878906,50.790000915527344,51.29999923706055,8872000,48.243311285467755,-0.19230711420510715,51.745499801635745,50.15139991760254,-0.050270953300076804,1.1429395970693133
2020-05-27,46.54435729980469,51.7400016784668,51.7400016784668,50.75,51.029998779296875,11405700,51.28676089004697,-0.13032155022619918,51.69449996948242,50.2881999206543,-0.019332764888472576,1.1177682382253133
2020-05-28,45.230960845947266,50.27999877929688,51.619998931884766,50.099998474121094,51.459999084472656,8178700,46.60330939009543,-0.1967396837921669,51.48449993133545,50.32299987792969,-0.07709252566500746,0.9486421398396117
2020-05-29,45.275943756103516,50.33000183105469,50.72999954223633,49.86000061035156,50.34000015258789,10918500,46.78255241850494,-0.24254578791255454,51.34449996948242,50.44219993591309,-0.052700906846789075,0.8982939492563565
2020-06-01,45.9056510925293,51.02999877929688,51.279998779296875,50.540000915527344,50.90999984741211,6187300,49.346008739746686,-0.21982949426774923,51.34099998474121,50.58499992370606,-0.0013698570824743905,0.8994323761383434
2020-06-02,46.7872314453125,52.0099983215332,52.040000915527344,51.290000915527344,51.45000076293945,6063600,52.77567638722598,-0.12135004722499332,51.33399982452393,50.734599914550785,-0.0026846251246268604,0.8933287431045215
2020-06-03,47.7318000793457,53.060001373291016,53.25,52.41999816894531,52.63999938964844,8380200,56.19771206518692,0.04095004842992722,51.40149993896485,50.890599975585936,0.026107180675308372,0.9708723482613385
2020-06-04,48.82928466796875,54.27999877929688,54.369998931884766,53.029998779296875,53.060001373291016,13269500,59.83916383807799,0.2649633062064183,51.508999824523926,50.99879997253418,0.04124300147955817,1.1569739656459253
2020-06-05,49.65690231323242,55.20000076293945,56.34000015258789,55.060001373291016,55.5,9776100,62.37909280289587,0.5108432156243694,51.652499771118165,51.122799987792966,0.054844235265850694,1.4136698290483998
2020-06-08,49.98974609375,55.56999969482422,55.779998779296875,54.709999084472656,55.7400016784668,6302100,63.38211033897786,0.7271781794996173,51.78549976348877,51.236800003051755,0.05027404753512221,1.6444884755260094
2020-06-09,50.92531204223633,56.61000061035156,56.630001068115234,54.95000076293945,55.290000915527344,9355100,66.11664599079236,0.9713474899909613,51.9959997177124,51.43080001831055,0.0803434916388972,1.9654180748160115
2020-06-10,51.77091979980469,57.54999923706055,58.040000915527344,56.81999969482422,56.81999969482422,9194300,68.41269440418765,1.2265643901989662,52.31849975585938,51.62540000915527,0.12622311067594216,2.309687412294974
2020-06-11,49.512962341308594,55.040000915527344,56.40999984741211,55.0099983215332,55.849998474121094,9877100,57.255763283770065,1.2123149229439036,52.52449989318848,51.770400009155274,0.08091129015583332,2.361539458306633
2020-06-12,50.376564025878906,56.0,56.869998931884766,55.349998474121094,56.5,9838800,59.94626427164357,1.2639163792923966,52.71949996948242,51.96020004272461,0.07485607754510992,2.4825591909221516
2020-06-15,50.394561767578125,56.02000045776367,56.119998931884766,54.52000045776367,54.709999084472656,7509700,60.00275010250518,1.2915367433836877,53.03050003051758,52.11800003051758,0.12489962481915606,2.4871702455799385
2020-06-16,50.196659088134766,55.79999923706055,57.0,55.540000915527344,56.59000015258789,8827200,59.016828910550075,1.2809083074061434,53.227000045776364,52.29279998779297,0.07576634636789992,2.5452268921158647
2020-06-17,50.91630554199219,56.59999847412109,56.81999969482422,55.88999938964844,56.150001525878906,8248700,61.49449638351993,1.3218015424894745,53.51649990081787,52.425399932861325,0.11395388593462363,2.5848185440546354
2020-06-18,50.88912582397461,56.150001525878906,56.540000915527344,55.790000915527344,56.040000915527344,6831500,59.322005492603225,1.3028799439914067,53.73199996948242,52.55399993896484,0.08314045834499972,2.617153184378841
2020-06-19,50.12782287597656,55.310001373291016,56.5,55.27000045776367,56.47999954223633,6965100,55.38836437094752,1.2061991359133586,53.96000003814697,52.654799957275394,0.08985224380868995,2.541222343736329
2020-06-22,50.753177642822266,56.0,56.0,55.31999969482422,55.5,4480400,57.86022869637657,1.1717488304510653,54.27000007629395,52.808199920654296,0.124498009195259,2.3800973190196903
2020-06-23,51.44196319580078,56.7599983215332,57.15999984741211,56.529998779296875,56.63999938964844,7836500,60.4590289697982,1.1920312340949266,54.567000007629396,52.96839988708496,0.1168830905623548,2.296058535346109
2020-06-24,51.278839111328125,56.58000183105469,57.060001373291016,56.15999984741211,56.709999084472656,7080200,59.52276159651768,1.1799789102552793,54.80900001525879,53.08739990234375,0.09354464622296699,2.2367126709002916
2020-06-25,51.695743560791016,57.040000915527344,57.09000015258789,55.95000076293945,56.560001373291016,4509600,61.17739215238085,1.1937842369456177,55.14700012207031,53.234999923706056,0.13444714201174435,2.0161899875066096
2020-06-26,51.05226135253906,56.33000183105469,57.2599983215332,56.209999084472656,57.0,6229300,57.285000005614876,1.1343578937172083,55.447000122070314,53.31359992980957,0.11921318858959129,1.6800914723927463
2020-06-29,51.10664749145508,56.38999938964844,56.40999984741211,55.65999984741211,56.34000015258789,5016600,57.53090036001259,1.0796577674435355,55.71500015258789,53.367599945068356,0.10503626765764551,1.329311380614092
2020-06-30,51.451019287109375,56.77000045776367,56.9900016784668,56.189998626708984,56.25,7158700,59.135479256711086,1.0548112264526353,55.95300025939942,53.45119995117187,0.09152090539983204,1.0215419780366586
2020-07-01,51.49635696411133,56.81999969482422,57.470001220703125,56.7599983215332,56.970001220703125,6866500,59.35308923706588,1.0273124656531678,56.14100017547607,53.560199966430666,0.0708631402981057,0.7780805783612437
2020-07-02,53.1276969909668,58.619998931884766,59.06999969482422,57.95000076293945,57.95000076293945,10021200,66.30881316876193,1.1376502706538218,56.35800018310547,53.67359992980957,0.07995578942870596,0.834868628603796
2020-07-06,56.08226776123047,61.880001068115234,62.130001068115234,60.560001373291016,60.66999816894531,12725600,74.73984968540935,1.4711897438931771,56.692000198364255,53.85839996337891,0.1210144966095843,1.4539151829782035
2020-07-07,55.021888732910156,60.709999084472656,61.5,60.68000030517578,61.2599983215332,6672300,68.1484999214455,1.6224106573497608,56.94900016784668,54.01799995422363,0.09249594057721722,1.6816027451768816
2020-07-08,56.72574234008789,62.59000015258789,62.7400016784668,61.5,61.63999938964844,8721900,72.3657217445375,1.8723711658351903,57.248000144958496,54.199599990844725,0.1056350375863242,2.098193564659023
2020-07-09,58.710548400878906,64.77999877929688,64.97000122070312,62.88999938964844,62.95000076293945,16903300,76.30194472504911,2.221572353065973,57.609500122070315,54.44,0.12562988076601767,2.6918205907972723
2020-07-10,57.8676872253418,63.84999847412109,64.55999755859375,63.189998626708984,64.47000122070312,10700000,71.63552351657675,2.3956579044371438,58.05,54.6273999786377,0.1600653599572952,2.9569966487011525
2020-07-13,58.97337341308594,65.06999969482422,67.08000183105469,64.9800033569336,65.19999694824219,16667700,73.89129699255022,2.6020708081095307,58.50349998474121,54.86619995117187,0.1619642802647181,3.3014941228439953
2020-07-14,60.68629837036133,66.95999908447266,67.02999877929688,65.33000183105469,66.0,10482700,76.94962953140772,2.8849062730315467,59.05049991607666,55.1833999633789,0.1952873712480101,3.744876036497554
2020-07-15,59.87063217163086,66.05999755859375,67.20999908447266,65.16000366210938,67.18000030517578,12432500,72.58912034232578,3.001829592224759,59.56349983215332,55.461599884033205,0.18387094017590666,3.972018963649384
2020-07-16,60.35097122192383,66.58999633789062,66.62999725341797,64.31999969482422,65.37999725341797,15709400,73.54002380490948,3.1015064019955503,60.0629997253418,55.75919982910156,0.1765017338001733,4.201259637452057
2020-07-17,60.17877197265625,66.4000015258789,68.0,66.37000274658203,67.30999755859375,11716600,72.56814737840415,3.129099685023064,60.5754997253418,56.044599838256836,0.18254674481666555,4.322243448874333
2020-07-20,60.62285614013672,66.88999938964844,66.9800033569336,65.80000305175781,66.69999694824219,6357300,73.53938251252718,3.154147247068714,61.15449962615967,56.33579978942871,0.2093653539836895,4.355254513123345
2020-07-21,61.4566535949707,67.80999755859375,69.25,67.70999908447266,68.83999633789062,10619700,75.30712258037968,3.2112168747175502,61.74499950408936,56.63379974365235,0.21089281354631706,4.419749813253907
2020-07-22,62.10919952392578,68.52999877929688,68.9000015258789,68.02999877929688,68.0999984741211,7366100,76.62335208020015,3.2767704766669823,62.33349952697754,56.9563996887207,0.20736435528220332,4.503851642054456
2020-07-23,61.05788803100586,67.37000274658203,68.5,66.75,68.26000213623047,8559500,70.13680120200685,3.1982527265627354,62.872999572753905,57.28179977416992,0.19070343878294316,4.423926189158584
2020-07-24,66.97608184814453,73.9000015258789,76.88999938964844,71.3499984741211,71.4000015258789,41226800,80.264982656549,3.6212002297974806,63.715999603271484,57.74139984130859,0.29558205364197243,4.840667925450973
2020-07-27,75.4500503540039,83.25,83.4000015258789,80.43000030517578,81.36000061035156,39899200,87.04177100296026,4.657170941323855,65.06199951171875,58.36439987182617,0.47789805243898176,6.223889233652393
2020-07-28,69.71310424804688,76.91999816894531,79.58000183105469,76.48999786376953,79.3499984741211,31500100,69.61341803935498,4.910798322050141,66.0884994506836,58.90679985046387,0.36407162620160594,6.4086029769464705
2020-07-29,74.92438507080078,82.66999816894531,83.37000274658203,77.05999755859375,77.11000061035156,28304000,74.59048703405533,5.512235177923429,67.38349933624268,59.52279983520508,0.456226836398407,7.014664460584381
2020-07-30,72.44110870361328,79.93000030517578,81.27999877929688,78.61000061035156,80.01000213623047,16820300,68.80697875272828,5.702053566720906,68.53899936676025,60.10519981384277,0.40672299779080556,7.086044059594588
2020-07-31,71.49852752685547,78.88999938964844,79.7699966430664,77.51000213623047,79.62999725341797,12021200,66.69320883473122,5.702827974178632,69.55249938964843,60.646199798583986,0.34578643512629537,7.042133998466088
2020-08-03,71.55291748046875,78.94999694824219,79.1500015258789,77.41000366210938,77.7699966430664,10129800,66.756656327343,5.643231341115339,70.40599918365479,61.21019973754883,0.27585642510472685,7.097508331124153
2020-08-04,72.6767349243164,80.19000244140625,80.19000244140625,78.73999786376953,79.33000183105469,12569400,68.10881315587325,5.631146310778362,71.37999935150147,61.81799980163574,0.320869768583407,7.0332243147948414
2020-08-05,73.98181915283203,81.62999725341797,84.0,80.56999969482422,80.9800033569336,14436300,69.65252734775865,5.67237675565174,72.33199920654297,62.434199752807615,0.3042019021315314,7.069321926742857
2020-08-06,72.97578430175781,80.5199966430664,82.0999984741211,80.22000122070312,82.04000091552734,9838700,66.96179633724196,5.55149028336605,73.11899909973144,63.00979965209961,0.24297619883253074,7.0604687204791965
2020-08-07,72.53170776367188,80.02999877929688,80.79000091552734,79.41000366210938,80.48999786376953,8705800,65.75422520684972,5.354425664569533,73.92799911499023,63.60479965209961,0.25340643213536906,6.866823658508749
2020-08-10,72.38672637939453,79.87000274658203,80.8499984741211,79.22000122070312,80.55000305175781,7421400,65.3398787201269,5.126247995785107,74.66799926757812,64.19559967041016,0.22744741234315735,6.6562330302136745
2020-08-11,70.63755798339844,77.94000244140625,79.19999694824219,77.94000244140625,79.08999633789062,7056300,60.39586098564886,4.73509739907918,75.21699943542481,64.73379974365234,0.1639785469991104,6.436197141163563
2020-08-12,71.9516830444336,79.38999938964844,79.55000305175781,77.7300033569336,78.16000366210938,8354400,62.68057097397299,4.490348427171298,75.88349952697754,65.28139976501465,0.20178629009532245,6.120486895678993
2020-08-13,70.96382141113281,78.30000305175781,79.0999984741211,77.83000183105469,79.0,6551800,59.88388868247462,4.1604701979852905,76.4689998626709,65.78619979858398,0.1758523405595087,5.732460259284083
2020-08-14,71.06351470947266,78.41000366210938,79.2300033569336,78.05000305175781,78.41999816894531,5611200,60.07747866901134,3.8633808055971173,77.06949996948242,66.26879989624024,0.18087352199155693,5.229127292280882
2020-08-17,72.6767349243164,80.19000244140625,80.88999938964844,79.66000366210938,79.80000305175781,8663900,63.17435404116384,3.728585534061992,77.73450012207032,66.76859992980957,0.1988339538513444,4.683692156398487
2020-08-18,71.96983337402344,79.41000366210938,80.81999969482422,79.25,80.22000122070312,6804800,60.94339640920964,3.5182635750058324,78.31450042724609,67.24540000915528,0.17106631059073862,4.067755271337707
2020-08-19,71.18133544921875,78.54000091552734,79.2300033569336,78.25,79.01000213623047,7976800,58.46342786454201,3.243985313054921,78.81500053405762,67.68400001525879,0.14606744950438433,3.353634296005545
2020-08-20,69.6134262084961,76.80999755859375,77.0999984741211,75.9800033569336,76.31999969482422,11457100,53.777147314683404,2.8541204774912075,79.2870002746582,68.06919998168945,0.14012163317732163,2.0808245368414453
2020-08-21,71.00006866455078,78.33999633789062,78.7300033569336,77.86000061035156,78.0199966430664,7942300,57.05567329108033,2.638196415184467,79.50900001525879,68.53519989013672,0.06008111935500948,1.672662037617957
2020-08-24,71.50759887695312,78.9000015258789,79.91000366210938,78.48999786376953,79.7300033569336,6405600,58.223660057297515,2.4836330034140275,79.29150009155273,68.99319992065429,-0.05225223392337652,1.4251101801849044
2020-08-25,72.54080200195312,80.04000091552734,80.4800033569336,79.47000122070312,79.8499984741211,6113100,60.57441583723924,2.425172925521238,79.44750022888184,69.47359992980957,0.040561659137450023,1.3186387068586876
2020-08-26,74.09059143066406,81.75,82.16999816894531,81.01000213623047,81.25,7821600,63.85950501158352,2.4881437552723185,79.40150032043456,69.99259994506836,-0.01112856162238196,1.2120457941677645
2020-08-27,73.04832458496094,80.5999984741211,82.30999755859375,80.16999816894531,82.18000030517578,8018200,60.22509640622755,2.4173869473972474,79.43500022888183,70.47259994506835,0.008382311602492587,1.2364355783595877
2020-08-28,72.9033432006836,80.44000244140625,80.87999725341797,79.91000366210938,80.05999755859375,5699500,59.715890307487165,2.32163891642503,79.51250038146972,70.95839996337891,0.019647649432751768,1.2489904114213293
2020-08-31,71.8248062133789,79.25,79.76000213623047,78.69000244140625,79.0,9812900,55.928234355474174,2.1252362596089824,79.52750053405762,71.43719993591309,0.003799912138748862,1.2436694465837324
2020-09-01,73.90931701660156,81.55000305175781,81.5999984741211,79.98999786376953,80.12000274658203,10193300,61.06809673278966,2.1306163444704254,79.59550056457519,71.94819999694825,0.0169597277583986,1.3168280815098898
2020-09-02,74.47122955322266,82.16999816894531,82.70999908447266,79.87999725341797,81.3499984741211,12567800,62.34301154313912,2.160009282476878,79.62250061035157,72.45639999389648,0.0066152264326424515,1.3653796236590672
2020-09-03,73.57398986816406,81.18000030517578,81.80999755859375,78.37999725341797,81.12000274658203,20090100,59.019467132837576,2.079448258648739,79.65550079345704,72.9483999633789,0.00819676713394668,1.3958490105780559
2020-09-04,71.51666259765625,78.91000366210938,81.47000122070312,77.41000366210938,80.5,13638700,52.15390389022832,1.8115508780413592,79.59950103759766,73.38580001831055,-0.013994691169197382,1.4024844970458699
2020-09-08,70.07563781738281,77.31999969482422,79.1500015258789,77.22000122070312,78.0199966430664,11553500,47.94666681138981,1.454177390112065,79.47200088500976,73.80559997558593,-0.031926918293075146,1.4897919661124257
2020-09-09,71.96075439453125,79.4000015258789,79.69999694824219,78.55000305175781,78.62000274658203,7867500,53.258703987083514,1.3235381665466122,79.5450008392334,74.26580001831054,0.018732345890933866,1.4458963119581294
2020-09-10,71.50759887695312,78.9000015258789,81.2300033569336,78.76000213623047,80.73999786376953,11241800,51.887917629205944,1.1662164025959498,79.52050094604492,74.70840003967285,-0.006172035111936536,1.4527958621274395
2020-09-11,71.43508911132812,78.81999969482422,80.30000305175781,78.5999984741211,80.01000213623047,7853500,51.658810718399586,1.023286482463888,79.54650077819824,75.14840003967285,0.006641080750950712,1.4343395250783946
2020-09-14,72.95769500732422,80.5,81.12000274658203,79.94999694824219,80.5,7091100,56.04763610365035,1.0336600852523503,79.65100059509277,75.58600006103515,0.026654715473512836,1.4232727006393422
2020-09-15,77.80642700195312,85.8499984741211,86.79000091552734,81.37999725341797,81.55999755859375,21048400,66.4833205486189,1.4567884547714698,79.93400039672852,76.06540000915527,0.07058231525620084,1.9871120592811473
2020-09-16,75.34126281738281,83.12999725341797,86.48999786376953,83.04000091552734,86.48999786376953,14492600,58.834867508027386,1.5547175534010478,80.12000007629395,76.51379997253417,0.046845402591054075,2.1060261669386993
2020-09-17,74.61885833740234,81.91000366210938,82.29000091552734,80.61000061035156,81.0,10090200,55.73757578626416,1.5164036256315114,80.28850021362305,76.9002000427246,0.042908106790151335,2.1077731784539884
2020-09-18,73.08840942382812,80.2300033569336,82.83999633789062,80.11000061035156,82.37000274658203,10528300,51.701261573206715,1.335087519693971,80.45950050354004,77.20920013427734,0.04452552931968157,1.9430045486112177
2020-09-21,73.4163589477539,80.58999633789062,80.6500015258789,79.08000183105469,79.80000305175781,8417100,52.49512254111013,1.206533457742978,80.57200050354004,77.54400009155273,0.028720961260904954,1.8778721594446883
2020-09-22,73.31616973876953,80.4800033569336,80.88999938964844,79.4000015258789,80.83000183105469,6375200,52.21273810691468,1.0832904254515512,80.65100059509277,77.85220016479492,0.02002537136246385,1.8366120941260142
2020-09-23,70.9840316772461,77.91999816894531,79.93000030517578,77.88999938964844,79.69999694824219,9094700,46.0093562804451,0.7701703660623167,80.54500045776368,78.07140014648438,-0.026486790633841184,1.932411484490533
2020-09-24,71.40306854248047,78.37999725341797,79.0,76.16999816894531,76.81999969482422,9940900,47.22274416718051,0.5527665956034724,80.37650032043457,78.31780014038085,-0.04122327518754776,1.9684008713308605
2020-09-25,71.85857391357422,78.87999725341797,78.91999816894531,77.38999938964844,78.16999816894531,6057500,48.57558963393915,0.41602271167582217,80.29050025939941,78.5636001586914,-0.02133996592140608,1.9955092689889222
2020-09-28,72.66934967041016,79.7699966430664,80.37000274658203,79.47000122070312,80.30999755859375,5999300,50.98406952505075,0.3751432928249727,80.25699996948242,78.83100006103516,-0.008329261287975287,1.9984891047395854
2020-09-29,73.34347534179688,80.51000213623047,81.23999786376953,79.30999755859375,79.69999694824219,6114600,52.95694266850091,0.3978718981050662,80.32000007629395,79.10340011596679,0.015899080583349656,1.9848875909066674
2020-09-30,73.85364532470703,81.06999969482422,81.94000244140625,80.56999969482422,80.58999633789062,5878900,54.45103120021806,0.45581722716556783,80.29599990844727,79.36860015869141,-0.005886000477877906,1.972093039456495
2020-10-01,75.26567077636719,82.62000274658203,82.72000122070312,81.73999786376953,82.05999755859375,6253800,58.39022430489471,0.6196684580265099,80.3185001373291,79.65040023803711,0.005476507090963922,1.9970091146313949
2020-10-02,73.607666015625,80.80000305175781,82.19999694824219,80.61000061035156,80.70999908447266,6145900,52.63422897949017,0.5957950198486657,80.2995002746582,79.91900024414062,-0.004680922049636216,1.990177263941313
2020-10-05,77.0147705078125,84.54000091552734,84.62999725341797,81.55000305175781,81.55000305175781,10129100,61.11679207977306,0.8686484802681633,80.5810001373291,80.1318002319336,0.0713470661783957,2.1730600143276306
2020-10-06,75.7211685180664,83.12000274658203,84.44999694824219,82.7699966430664,83.7699966430664,7795600,56.946820611202824,0.9592472237548293,80.87100028991699,80.12920028686523,0.07501297302961651,2.1007769901593814
2020-10-07,79.18291473388672,86.91999816894531,87.0,84.77999877929688,84.77999877929688,11446400,64.02134746427302,1.3224310909627661,81.24700012207032,80.32920028686523,0.09471028335705278,2.4650294733626117
2020-10-08,79.98458862304688,87.80000305175781,88.86000061035156,86.5199966430664,88.86000061035156,10920800,65.43773174780091,1.662106235797765,81.69200019836425,80.43180038452148,0.11280103109959683,2.7996614401925317
2020-10-09,80.87735748291016,88.77999877929688,88.80000305175781,87.63999938964844,88.33999633789062,7608800,66.99594636109114,1.9874684017736115,82.19000015258788,80.6088003540039,0.12636385591265986,3.128436950544842
2020-10-12,82.81775665283203,90.91000366210938,91.2699966430664,88.68000030517578,89.12000274658203,10022000,70.14633276179127,2.3896474865457265,82.71050033569335,80.84920043945313,0.12931681567837727,3.65426347388777
2020-10-13,81.66079711914062,89.63999938964844,90.6500015258789,89.43000030517578,90.5,8247000,66.09520658051292,2.5762017279623706,82.90000038146972,81.06300048828125,0.0441467790668606,3.9146317459783226
2020-10-14,80.71336364746094,88.5999984741211,89.87999725341797,88.2699966430664,89.6500015258789,8159000,62.89203873957714,2.6100409981702484,83.17350044250489,81.23120040893555,0.06580057020846608,4.117379892813822
2020-10-15,80.30343627929688,88.1500015258789,89.48999786376953,87.19000244140625,87.29000091552734,10327900,61.503149486333456,2.570911997497049,83.48550033569336,81.36160049438476,0.07618114497357897,4.250856178186898
2020-10-16,78.98249053955078,86.69999694824219,88.58999633789062,86.44000244140625,88.55000305175781,7457200,57.12544886597895,2.3952873497792524,83.80900001525879,81.48520050048828,0.08064306768783713,4.236231404548403
2020-10-19,79.76593017578125,87.55999755859375,89.62000274658203,87.29000091552734,88.33999633789062,7994500,58.98991065431434,2.2989970066690972,84.15750007629394,81.63580047607422,0.08648717629269909,4.244168914920217
2020-10-20,80.40364074707031,88.26000213623047,88.9800033569336,87.7699966430664,87.79000091552734,7357600,60.495769656611465,2.2531972795803767,84.54650001525879,81.80360046386718,0.09666996091926228,4.245905444132159
2020-10-21,79.83879852294922,87.63999938964844,88.87000274658203,87.56999969482422,88.0,7387600,58.44863967554516,2.1421779320817365,85.03250007629394,81.99760040283203,0.12474334508617835,3.9964578938127167
2020-10-22,80.35809326171875,88.20999908447266,88.94000244140625,87.87999725341797,88.44000244140625,5656200,59.79561466624665,2.0762547388185624,85.52400016784668,82.17400039672852,0.1254146743495328,3.730888828641941
2020-10-23,80.44917297363281,88.30999755859375,88.44999694824219,87.43000030517578,88.25,4165400,60.04035152318388,2.008921576917558,85.99550018310546,82.37420028686523,0.11954868957309928,3.4308496648141515
2020-10-26,79.00981140136719,86.7300033569336,87.77999877929688,85.7699966430664,87.20999908447266,5568000,54.40511102049753,1.8072345584647422,86.34350051879883,82.54060028076172,0.08725093401984174,3.1035156206183836
2020-10-27,78.99160766601562,86.70999908447266,87.22000122070312,85.9800033569336,86.95999908447266,5315800,54.335575701133195,1.6270266156234783,86.65350036621093,82.67100021362305,0.07700902724795866,2.7832865337707977
2020-10-28,76.38617706298828,83.8499984741211,85.41000366210938,83.83999633789062,85.1500015258789,8727300,45.401252915668096,1.2391482457269376,86.79250030517578,82.75980010986328,0.03429133822328567,2.5493520136782184
2020-10-29,77.3336181640625,84.88999938964844,85.33000183105469,84.0199966430664,84.2699966430664,5845600,48.704270285133646,1.0040966244457792,86.9060001373291,82.8868000793457,0.027475146061530564,2.3999654353036637
2020-10-30,76.40440368652344,83.87000274658203,84.75,83.16000366210938,84.43000030517578,4963600,45.779138097726154,0.7271294211524264,87.05950012207032,83.02800018310546,0.037995044292977065,2.0634626310327198
2020-11-02,78.08062744140625,85.70999908447266,85.95999908447266,84.52999877929688,84.5999984741211,6597100,51.44440804385699,0.6486262840317778,87.11800003051758,83.17540023803711,0.013839580746094038,2.0040027652129373
2020-11-03,79.88435363769531,87.69000244140625,88.23999786376953,86.05999755859375,86.19000244140625,6274700,56.68872370650433,0.7376782103845869,87.34650001525878,83.35120025634765,0.0549807452335791,1.7711648589173878
2020-11-04,81.48770904541016,89.44999694824219,89.7699966430664,88.45999908447266,88.72000122070312,7620800,60.74709217511543,0.9394400710594937,87.47299995422364,83.53940017700195,0.029107211603701888,1.8285200374938395
2020-11-05,82.3804702758789,90.43000030517578,90.95999908447266,89.7699966430664,90.41999816894531,6670100,62.83533796999809,1.164986639137851,87.60449981689453,83.71300018310546,0.029954409590027042,1.9441856744080765
2020-11-06,83.27324676513672,91.41000366210938,91.5,89.05000305175781,89.80999755859375,6403000,64.84919984384466,1.4065976182237279,87.73600006103516,83.92920028686524,0.029623844548033462,2.1097707061251634
2020-11-09,81.1051025390625,89.02999877929688,92.4800033569336,88.94000244140625,92.19999694824219,8978000,56.799511587363,1.3900064275028257,87.64199981689453,84.10100021362305,-0.0206798460794263,1.999933276799033
2020-11-10,79.8570327758789,87.66000366210938,88.80000305175781,86.69999694824219,88.4000015258789,8350100,52.74115736801863,1.251879742489976,87.54300003051758,84.26920028686523,-0.022088305901614147,1.9440493795572027
2020-11-11,82.79042053222656,90.87999725341795,91.18000030517578,89.36000061035156,89.5,7707300,59.979068029362814,1.386259979550232,87.65699996948243,84.45580017089844,0.025733620977011817,2.071938030560343
2020-11-12,81.82476043701172,89.81999969482422,91.88999938964844,89.77999877929688,90.87999725341797,7474600,56.89018121461893,1.391187596737538,87.7404998779297,84.60880020141602,0.018944959047505483,2.125802503949591
2020-11-13,84.92212677001953,93.22000122070312,93.80999755859375,91.20999908447266,91.54000091552734,9170900,63.40093411352768,1.6504194687152278,88.06650009155274,84.84960021972657,0.07520189736976834,2.435250503307093
2020-11-16,90.43357849121094,99.2699966430664,102.44000244140625,96.36000061035156,96.41999816894531,18436200,71.6156799109952,2.3173338810946262,88.65200004577636,85.25680007934571,0.13373685942186686,3.4874515012606646
2020-11-17,87.19049835205078,95.70999908447266,98.08999633789062,95.69000244140625,97.9800033569336,10843700,62.69790520891585,2.529448400295024,89.02449989318848,85.62460006713867,0.08440966199777589,3.8249224749073027
2020-11-18,88.30189514160156,96.93000030517578,98.80000305175781,96.37000274658203,98.5199966430664,8526600,64.33684639600007,2.7641314013167175,89.48899993896484,85.97520004272461,0.10600183683507214,4.194203369006185
2020-11-19,88.0103759765625,96.61000061035156,96.86000061035156,95.62000274658203,96.7699966430664,5542800,63.548155047780526,2.890972735278581,89.90900001525878,86.32940002441406,0.09522731677884733,4.470842980711886
2020-11-20,86.8443374633789,95.33000183105467,97.19999694824219,95.30000305175781,96.66000366210938,5329800,60.36068479481916,2.855296125814448,90.26000022888184,86.65960006713867,0.07949274676180518,4.6120364895427794
2020-11-23,89.39506530761719,98.12999725341795,98.93000030517578,96.8499984741211,97.16000366210938,8802400,64.54955871444648,3.0181668372682253,90.82999992370605,87.01220001220703,0.1314423320101601,4.851069948420262
2020-11-24,88.0377197265625,96.63999938964844,98.58999633789062,96.0199966430664,98.48999786376953,7022800,60.86366943253753,2.992516803408307,91.32649993896484,87.22800003051758,0.1145196679739553,4.914940460210046
2020-11-25,88.81201934814453,97.48999786376952,97.98999786376953,96.13999938964844,96.19999694824219,5194900,62.190062228020096,3.0061240135230776,92.00849990844726,87.51520004272462,0.16267143277120244,4.767015551897202
2020-11-27,89.95077514648438,98.73999786376952,99.2699966430664,98.05000305175781,98.54000091552734,4367100,64.11611447338213,3.0822422093278306,92.70099983215331,87.8517999267578,0.16315229795855046,4.68375243383852
2020-11-30,88.3838882446289,97.0199966430664,97.94999694824219,96.19999694824219,97.55999755859375,13840500,59.615953771667115,2.969545630493954,93.35849952697752,88.18759979248047,0.1567901927488644,4.28482209494782
2020-12-01,91.88206481933594,100.86000061035156,104.30000305175781,98.5199966430664,98.69000244140625,16157300,65.44685874850668,3.153734717054334,94.11599960327148,88.59299987792969,0.17675885763279053,4.1998191658743576
2020-12-02,90.67955780029297,99.54000091552734,102.04000091552734,99.5199966430664,102.0,8676300,62.12617446498262,3.1568032882247223,94.70849952697753,88.97419982910156,0.13513511397196232,4.079708239142951
2020-12-03,90.64311981201172,99.5,101.19000244140625,99.43000030517578,101.05999755859375,7359000,62.023473234582106,3.1200415169546147,95.21099967956542,89.40579986572266,0.11235330793329124,4.0163669519360585
2020-12-04,94.49661254882812,103.7300033569336,103.75,100.69999694824219,101.51000213623047,10824500,68.04020305503681,3.3931196959490393,95.87599983215331,89.91279998779297,0.14707511895249414,4.275781436352892
2020-12-07,96.9197998046875,106.38999938964844,107.61000061035156,104.97000122070312,106.0199966430664,11793000,71.13699334792183,3.7805952211789133,96.62499961853027,90.46300003051758,0.16387698421839647,4.7392142488971585
2020-12-08,96.23658752441406,105.63999938964844,107.83999633789062,105.11000061035156,107.77999877929688,9876200,69.10381822244896,3.9812601458327634,97.45549964904784,90.98040008544922,0.1865663353711522,4.793276318001463
2020-12-09,95.12518310546875,104.41999816894533,106.5999984741211,103.51000213623047,106.01000213623047,8204100,65.80887862172028,3.9957837341996765,98.29349937438965,91.45860000610351,0.1911931759829526,4.442865875486163
2020-12-10,94.95209503173828,104.2300033569336,105.11000061035156,102.19999694824219,103.0,7135000,65.28679875180492,3.94647033570331,98.96099967956543,91.9218000793457,0.14689707864195123,4.269925546328238
2020-12-11,94.76988220214844,104.02999877929688,105.12000274658203,103.22000122070312,104.01000213623047,7492600,64.70486669553627,3.8469056801388035,99.67149963378907,92.35,0.15820528983247684,3.8282446623784225
2020-12-14,94.34172821044922,103.55999755859376,104.9000015258789,103.5,103.7699966430664,5878000,63.277485876877115,3.6875668277727556,100.1884994506836,92.80519989013672,0.11092036260984561,3.602678059658356
2020-12-15,95.73551177978516,105.08999633789062,106.37999725341797,104.41999816894531,105.68000030517578,7399900,65.91358095397388,3.6427563266575476,100.4794994354248,93.21619979858399,0.05862798319365825,3.756355311753546
2020-12-16,95.83572387695312,105.1999969482422,105.66999816894531,103.95999908447266,105.6500015258789,5986900,66.10198560393938,3.57491046904083,100.95399932861328,93.65779968261718,0.09915367207760362,3.7213881078288384
2020-12-17,95.05081939697266,103.9000015258789,105.31999969482422,103.8499984741211,104.9000015258789,7779300,61.757565472182684,3.377311823607968,101.30249938964843,93.99739974975586,0.07190757452552021,3.650401380148031
2020-12-18,95.39844512939453,104.27999877929688,104.80000305175781,103.16000366210938,104.0,7417000,62.5327278829929,3.214323357246812,101.68599929809571,94.32699966430664,0.07939134789865099,3.532463645386882
2020-12-21,95.901611328125,104.83000183105467,104.95999908447266,103.31999969482422,103.55999755859375,6116400,63.68024560382438,3.093870262577042,102.1609992980957,94.64799972534179,0.09965383213603674,3.261104404789729
2020-12-22,95.08743286132812,103.94000244140624,105.22000122070312,102.91000366210938,105.06999969482422,5597100,60.453688023271056,2.8932432967803265,102.45149955749511,94.90859970092774,0.05920722868241923,3.139638795226466
2020-12-23,94.9227523803711,103.76000213623048,104.87000274658203,103.5999984741211,104.66999816894531,3320800,59.79381681018505,2.688726495281344,102.80749969482422,95.19099975585938,0.07367552557481383,2.8348695910546384
2020-12-24,96.94451141357422,105.97000122070312,106.33999633789062,104.66999816894531,104.76000213623047,3172100,64.86469977051016,2.674147999474769,103.2314998626709,95.53839981079102,0.08698331667606962,2.6240115301683864
2020-12-28,97.10918426513672,106.1500015258789,108.16999816894531,105.94999694824219,107.5999984741211,5157000,65.2491341338224,2.6466104786776583,103.60200004577636,95.89839981079102,0.07504561294737822,2.4753728877746406
2020-12-29,96.56941986083984,105.55999755859376,107.1500015258789,105.22000122070312,107.0,4602400,62.822737672734924,2.5478088512762156,104.02900009155273,96.27559982299805,0.08802310050520568,1.9639695627146108
2020-12-30,99.6249771118164,108.9000015258789,109.69999694824219,107.4000015258789,107.69999694824219,9571800,69.69343040156117,2.7078043730525394,104.43100013732911,96.70239990234376,0.07971446427596174,2.0993528946269118
2020-12-31,99.75303649902344,109.04000091552734,109.66999816894531,108.44000244140625,109.66000366210938,4909500,69.94416585644402,2.813466862814451,104.9060001373291,97.11799987792969,0.09543901861184412,2.007182939937625
2021-01-04,102.18648529052734,111.6999969482422,114.0999984741211,110.44999694824219,111.47000122070312,11262100,74.29554476049032,3.076381980048893,105.51599998474121,97.59919982910156,0.12261303465570061,2.1279894469242167
2021-01-05,103.16535186767578,112.7699966430664,114.94999694824219,112.01000213623047,112.41000366210938,10583600,75.81251209776718,3.3326672244202626,105.96799964904785,98.09039978027344,0.08714926244652976,2.6296192667378833
2021-01-06,105.76347351074219,115.61000061035156,116.38999938964844,112.55000305175781,113.8499984741211,10609300,79.30375013692725,3.7220344164100823,106.428999710083,98.63639984130859,0.08666229226052824,3.4021876081752955
2021-01-07,111.08777618408203,121.43000030517578,122.94000244140625,117.58999633789062,119.33999633789062,13556100,84.30377889294996,4.448951315517334,107.21849975585937,99.33039978027344,0.14946990729606724,4.767565972860231
2021-01-08,108.58113861083984,118.69000244140624,126.29000091552734,116.9800033569336,125.91000366210938,18976800,75.10440635267496,4.749197474511291,107.93199996948242,99.96999984741211,0.1366596870589185,5.357955877117718
2021-01-11,112.15811920166016,122.5999984741211,123.5999984741211,118.80000305175781,119.73999786376953,12006800,78.67972491797565,5.242219676053466,108.85049972534179,100.7449998474121,0.17624479061254372,6.198551178869184
2021-01-12,112.52407836914062,123.0,125.19999694824219,121.68000030517578,125.16000366210938,14163200,79.01180088627085,5.600659190140348,109.79899978637695,101.50719985961913,0.18235125870710256,6.840270766263606
2021-01-13,109.07515716552734,119.2300033569336,124.80000305175781,118.0,124.4000015258789,20650500,68.22586802730804,5.516922220361053,110.58250007629394,102.21439987182617,0.15131330791576936,6.983959080876459
2021-01-14,115.68022155761719,126.4499969482422,134.64999389648438,121.66999816894531,123.44999694824219,37125400,75.2063668088486,5.964399328582985,111.65050010681152,103.02919982910156,0.20325436630213423,7.696668393344245
2021-01-15,114.56414794921875,125.2300033569336,128.5399932861328,123.20999908447266,128.47000122070312,17343100,72.3153624373244,6.149695017728433,112.6520004272461,103.77999984741211,0.19039930598615928,8.105453792516345
2021-01-19,120.1171646118164,131.3000030517578,134.0500030517578,128.44000244140625,130.58999633789062,20443800,77.04373034131021,6.709004208324345,114.02200050354004,104.61699996948242,0.26371512149645393,8.831408528664197
2021-01-20,119.51335906982422,130.63999938964844,136.1300048828125,130.10000610351562,135.19000244140625,17360700,75.5331208573185,7.018103661434068,115.34000053405762,105.42119995117187,0.25278098311202624,9.257686886206482
2021-01-21,122.73355102539062,134.16000366210938,135.39999389648438,132.33999633789062,133.25,15460100,78.00957379881147,7.461095269947876,116.80650062561035,106.27619995117188,0.2797863332896178,9.81167553106213
2021-01-22,118.14111328125,129.13999938964844,131.25,128.80999755859375,130.0399932861328,19163200,67.51431926510378,7.3226855594994475,118.06650047302246,107.0783999633789,0.24244753084788617,9.689731357252855
2021-01-25,119.403564453125,130.52000427246094,132.1699981689453,127.3499984741211,131.8300018310547,20469300,68.75865070038691,7.240881354677299,119.40450057983398,107.93559997558594,0.2579028680155213,9.454979078838782
2021-01-26,115.86319732666016,126.6500015258789,129.32000732421875,126.25,129.0500030517578,17084600,61.629348690761624,6.785554406959079,120.43850059509278,108.65100006103516,0.19514957126503818,9.029671406686347
2021-01-27,111.37136840820312,121.73999786376952,125.0999984741211,121.5,124.94999694824219,16732700,53.98179993546657,5.959807310692966,121.2180004119873,109.28940002441406,0.146867603521323,8.380882502019663
2021-01-28,115.113037109375,125.83000183105467,127.58000183105469,123.58000183105469,124.5,14148100,58.59129086850258,5.571204548208726,122.23150062561035,109.9416000366211,0.1920235386630198,7.574536597994658
2021-01-29,111.17012023925781,121.5199966430664,124.36000061035156,120.55000305175781,124.0,15169200,52.610798042165236,4.8594361062153695,122.86250038146973,110.38660003662109,0.11588608760660568,6.901230419074383
2021-02-01,115.87234497070312,126.66000366210938,126.8499984741211,123.37999725341797,124.54000091552734,10179900,58.10312229543138,4.656433629178807,123.74350051879883,111.00560012817382,0.16159210013426306,6.124794129674501
2021-02-02,117.50074768066406,128.44000244140625,130.25,127.44999694824219,129.47000122070312,9302400,59.83901089104502,4.586315538348444,124.58050079345703,111.63580017089843,0.1498657650001618,5.504776501732492
2021-02-03,116.64080810546875,127.5,129.13999938964844,126.05999755859375,129.0,9676600,58.4614719108952,4.404128058316758,125.3170009613037,112.25360015869141,0.13061987935989938,4.778986568038451
2021-02-04,117.23542022705078,128.14999389648438,128.1999969482422,125.97000122070312,127.5,7445100,59.16156146782218,4.26305045107911,125.94400062561036,112.91,0.1084680669486131,4.22942674545937
2021-02-05,116.8969497680664,127.77999877929688,128.8800048828125,126.69999694824219,128.7899932861328,6226800,58.556569623019705,4.074422510691861,126.26150054931641,113.50300003051758,0.052293489732046394,4.1093700862228735
2021-02-08,121.26065063476562,132.5500030517578,133.25,128.6999969482422,128.6999969482422,11160000,63.70904316155881,4.26071808328345,126.95450057983399,114.22120010375977,0.11677479421397652,3.9300745063548295
2021-02-09,121.37959289550781,132.67999267578125,134.41000366210938,131.75,133.97999572753906,7929100,63.84097553708059,4.368490503802562,127.458500289917,114.925,0.08221855079213469,3.9881633015800353
2021-02-10,122.30358123779297,133.69000244140625,136.0,132.50999450683594,134.1199951171875,12196300,64.90844902039612,4.483714797435184,127.99300041198731,115.62400009155273,0.0869105889545223,4.074587938483624
2021-02-11,127.30770111083984,139.16000366210938,139.22999572753906,134.05999755859375,135.39999389648438,12347900,70.06304417112511,4.959247149967695,128.9895004272461,116.46680023193359,0.16715591498821158,4.251901550411436
2021-02-12,126.30137634277344,138.05999755859375,139.80999755859375,137.16000366210938,138.9199981689453,11114100,67.9029485076872,5.187549820760097,129.57000045776368,117.21080017089844,0.09181495366191017,4.659906841596097
2021-02-16,128.12191772460938,140.0500030517578,142.1999969482422,139.4199981689453,141.61000061035156,11833600,69.72164457755508,5.466048934701604,130.31100044250488,118.02100021362304,0.11834224465030085,5.091753723640394
2021-02-17,124.66385650634766,136.27000427246094,139.63999938964844,136.10000610351562,139.2100067138672,12311200,62.47968810810376,5.320416726082783,130.55950050354005,118.75640029907227,0.03785225518040525,5.2610271087424865
2021-02-18,123.16354370117188,134.6300048828125,135.8800048828125,133.39999389648438,134.85000610351562,11614600,59.5877945152417,5.014859725556676,130.75900077819824,119.37440032958985,0.030541989526985613,5.339309225865228
2021-02-19,125.02064514160156,136.66000366210938,137.9499969482422,135.72000122070312,136.14999389648438,10771900,61.93629823195466,4.880251041150416,130.88400077819824,119.97980041503907,0.018634465800227762,5.451213054755202
2021-02-22,122.1938247680664,133.57000732421875,135.27999877929688,133.17999267578125,133.58999633789062,10363800,56.54923237805078,4.472677565830594,131.10550117492676,120.53840057373047,0.03430391788375231,5.466599989242431
2021-02-23,118.10453796386719,129.10000610351562,131.74000549316406,125.37999725341797,129.10000610351562,18444700,49.801144585537095,3.7458016394603533,131.03450126647948,121.03200073242188,-0.01087954430327065,5.483798997832703
2021-02-24,121.03197479248047,132.3000030517578,132.3800048828125,127.68000030517578,129.50999450683594,12782900,54.03028787549758,3.388895167212837,131.31700134277344,121.59340072631836,0.04461114455434423,5.390784087364595
2021-02-25,115.2685546875,126.0,131.5399932861328,125.72000122070312,131.52000427246094,13581200,45.84192132375718,2.568083355286518,131.53000144958497,122.03280075073242,0.03499262535717751,5.06689272157607
2021-02-26,115.21367645263672,125.94000244140624,127.38999938964844,122.83000183105469,125.43000030517578,17281000,45.77077936742421,1.8909451406383369,131.53550148010254,122.48040084838867,0.000874200180806195,5.060435405859909
2021-03-01,118.13196563720703,129.1300048828125,130.3000030517578,127.23999786376953,129.6300048828125,9714900,50.19632200253602,1.5933476442525034,131.91600189208984,122.9612010192871,0.06262350600698685,4.525556603796527
2021-03-02,115.2685546875,126.0,128.52000427246094,126.0,128.42999267578125,8274500,46.21139028816455,1.0923424055007445,131.88300170898438,123.37720108032227,-0.005210829330702271,4.568106654098228
2021-03-03,112.42343139648438,122.88999938964844,127.76000213623047,122.70999908447266,126.72000122070312,10660300,42.593215390447924,0.43927737026265845,131.6055015563965,123.75700103759766,-0.04321086068407465,4.941574912634662
2021-03-04,105.74517822265625,115.58999633789062,123.1500015258789,113.48999786376953,121.94999694824219,24454200,35.55600235238927,-0.6597257055799304,131.010001373291,123.98320098876952,-0.09341179342830885,6.05463260973849
2021-03-05,110.51143646240234,120.8000030517578,121.30000305175781,115.37999725341797,120.9000015258789,17448700,42.81745748626967,-1.0976366886172855,130.6425018310547,124.30260101318359,-0.05735459379470331,6.447668895062235
2021-03-08,104.22655487060547,113.93000030517578,121.0,113.69999694824219,120.54000091552734,17246900,36.911313900472024,-1.976255066067722,129.95000190734862,124.50240097045898,-0.10838940840845501,7.438869856409047
2021-03-09,106.46788787841797,116.37999725341795,118.4000015258789,115.33000183105469,117.06999969482422,17717100,40.08533338882104,-2.446668510466054,129.14150161743163,124.75480087280273,-0.12199174218069109,7.9990475618962416
2021-03-10,104.13507843017578,113.83000183105467,118.02999877929688,113.41000366210938,117.80000305175781,15240300,37.945514146006175,-2.9907622283972586,128.19900207519532,124.91200088500976,-0.1420710874682416,8.644637750919943
2021-03-11,110.31018829345703,120.58000183105467,120.80000305175781,117.06999969482422,118.23999786376953,15091600,46.14139677402824,-2.8445021814385427,127.54350204467774,125.20060089111328,-0.09806268509941451,8.703205546615962
2021-03-12,108.22435760498047,118.3000030517578,119.0,117.27999877929688,119.0,8171000,44.026206969012584,-2.879375241783009,126.50050201416016,125.45540100097656,-0.14989939681951414,8.485008859212623
2021-03-15,108.93793487548828,119.08000183105467,119.11000061035156,116.70999908447266,118.6500015258789,8935000,44.95584484475793,-2.811661922145646,125.5515022277832,125.65900100708008,-0.1374764309950376,8.18002060643472
2021-03-16,109.18490600585938,119.3499984741211,121.25,118.0999984741211,119.72000122070312,10793400,45.29453991214125,-2.7050302509356356,124.51650199890136,125.86520095825195,-0.14780438505229232,7.532978786294236
2021-03-17,109.0545425415039,118.76000213623048,119.5199966430664,115.38999938964844,117.75,9890400,44.64802939857499,-2.6377255981562655,123.64100189208985,126.00640106201172,-0.12849491147898262,7.100155983217036
2021-03-18,105.14268493652344,114.5,118.33000183105469,114.0999984741211,118.0,10283800,40.187689441088004,-2.894763711852846,122.63450164794922,126.04100112915039,-0.14952094000393512,6.883890266282717
2021-03-19,104.3437728881836,113.62999725341795,114.88999938964844,113.20999908447266,114.37999725341797,11536000,39.323686188635605,-3.132560017617635,121.48300132751464,126.00140106201172,-0.16852045800930093,6.317137474858292
2021-03-22,107.6036605834961,117.18000030517578,118.33000183105469,114.79000091552734,114.79000091552734,9376400,44.56124149600783,-2.9999778482889496,120.6635009765625,125.91640106201172,-0.12270724055033533,5.699523428731821
2021-03-23,105.50081634521484,114.88999938964844,116.75,114.62000274658203,116.0999984741211,8977400,42.04027762561357,-3.04459328326395,119.95300064086913,125.84040100097656,-0.11006976020181791,5.473713577565056
2021-03-24,100.055419921875,108.95999908447266,114.69000244140625,108.8499984741211,112.47000122070312,24196100,36.311553460010494,-3.5179006337767333,118.78600044250489,125.56760101318359,-0.17641725947772036,5.183115765231226
2021-03-25,101.42365264892578,110.4499969482422,112.75,107.88999938964844,108.0,16772400,38.5764223096636,-3.7297752168831835,118.008500289917,125.31660095214843,-0.1234127226329984,5.210243587473252
2021-03-26,107.0343246459961,116.55999755859376,116.69999694824219,111.19999694824219,112.0,12910900,46.91338284395996,-3.365861804908519,117.53950004577636,125.26320083618164,-0.07447994839587635,4.86975810368014
2021-03-29,105.04167938232422,114.38999938964844,116.76000213623047,112.38999938964844,116.55000305175781,10863600,44.59816214748044,-3.2154923268965803,116.80249977111816,125.02200088500976,-0.11414857071012152,4.073615358476365
2021-03-30,105.66610717773438,115.06999969482422,116.08999633789062,114.29000091552734,115.27999877929688,8206200,45.505733709127675,-3.0067926565097025,116.25599975585938,124.81880081176757,-0.0867460341680617,3.4620255738664083
2021-03-31,108.61376953125,118.27999877929688,118.36000061035156,115.55999755859375,115.79000091552734,9806500,49.695092409004324,-2.5529477723283094,116.0254997253418,124.55840072631835,-0.03751322836071136,3.135122057830285
2021-04-01,114.60093688964844,124.8000030517578,124.87999725341797,121.63999938964844,122.80999755859375,17904000,56.936653071510975,-1.648163573273905,116.48600006103516,124.44160079956055,0.07967823346014002,3.6943188979390067
2021-04-05,114.32544708251953,124.5,127.4000015258789,122.68000030517578,127.06999969482422,14113900,56.53338919968777,-0.9444364405563874,116.67099990844727,124.24840072631837,0.030629113036171995,4.001584716483095
2021-04-06,112.43379211425781,122.44000244140624,124.01000213623047,121.54000091552734,124.0,13042300,53.71981972006243,-0.5466507550324309,117.09650001525878,124.11440078735352,0.074695006700916,4.144674637746807
2021-04-07,110.09220123291016,119.88999938964844,122.61000061035156,119.83999633789062,122.44000244140625,11193200,50.377500576202976,-0.4321847120409643,117.27200012207031,123.90180068969727,0.030159840342558475,4.1868370551428225
2021-04-08,113.34288787841797,123.43000030517578,123.81999969482422,121.37999725341797,121.37999725341797,10226700,54.60041793376005,-0.055184921996570324,117.75200004577637,123.8374006652832,0.084336276198689,4.319649726812282
2021-04-09,112.76437377929688,122.8000030517578,123.44000244140625,121.69999694824219,122.75,8315200,53.724176710335406,0.1905579807227724,117.86300010681153,123.85860076904297,0.01841102327908062,4.4234210472539965
2021-04-12,111.01966094970703,120.9000015258789,122.45999908447266,119.23999786376953,122.20999908447266,9868400,51.06264876668492,0.2293529197550157,117.99300003051758,123.76000076293946,0.02197800851267573,4.474846824233834
2021-04-13,111.35941314697266,121.2699966430664,122.9000015258789,120.3499984741211,122.4000015258789,8384800,51.56584767584878,0.2866493865245303,118.10249977111816,123.75500076293946,0.018390953798596676,4.5293089860270985
2021-04-14,110.96456146240234,120.83999633789062,122.43000030517578,120.5,121.98999786376953,9521900,50.91066045614172,0.2939711023951901,118.17699966430663,123.63860061645508,0.012484272164382304,4.563036775545345
2021-04-15,108.67805480957031,118.3499984741211,122.0,116.55999755859375,121.69999694824219,18709100,47.172905895592045,0.09772508321940165,118.15649948120117,123.43680053710938,-0.003452371629625528,4.561200322401218
2021-04-16,109.12799835205078,118.83999633789062,120.5999984741211,117.8499984741211,119.19000244140625,9512100,47.98225055063508,-0.01805444789360422,118.37349929809571,123.26360046386719,0.03790389814751638,4.480612154645726
2021-04-19,105.96913146972656,115.4000015258789,118.87999725341797,115.19999694824219,118.0,12630300,43.00135734885935,-0.38297469860823696,118.46199951171874,123.00860061645508,0.015576910281124734,4.398720220126896
2021-04-20,105.55589294433594,114.9499969482422,116.77999877929688,114.55000305175781,116.05000305175781,9299200,42.381563281183254,-0.7004142949783869,118.35049934387207,122.75200057983399,-0.019030579886720522,4.460753100305417
2021-04-21,107.80569458007812,117.4000015258789,117.48999786376953,113.7699966430664,114.5,8472200,46.871378292029966,-0.7456966415540194,118.47599945068359,122.44900054931641,0.021847002781484992,4.393065269912026
2021-04-22,105.89567565917969,115.31999969482422,117.5,114.41000366210938,117.5,7411800,43.754155872667894,-0.9386023680828401,118.79399948120117,122.10180068969727,0.058370050144924246,3.866625197558633
2021-04-23,108.94432830810547,118.63999938964844,118.72000122070312,115.93000030517578,116.58000183105469,8380300,49.52447605821286,-0.8141997295301735,119.20349960327148,121.8008006286621,0.07415122379083572,3.3333446827644932
2021-04-26,111.5889892578125,121.5199966430664,121.54000091552734,119.4000015258789,120.0,8444000,53.9389784077764,-0.47771127478428355,119.45149955749511,121.44800048828125,0.04255318452610024,3.310752217257527
2021-04-27,111.35941314697266,121.2699966430664,121.6500015258789,119.88999938964844,121.5,5491800,53.501557077767075,-0.2285797358832724,119.79549942016601,121.1122004699707,0.06014509389044176,3.1084092583303633
2021-04-28,109.88098907470703,119.66000366210938,120.41999816894531,118.7300033569336,120.0,6476500,50.652713443167535,-0.1592187994886416,120.02499961853027,120.70440048217773,0.039888797944366505,2.903868190185616
2021-04-29,109.36676025390625,119.0999984741211,120.83000183105469,117.61000061035156,120.72000122070312,8831800,49.66215410761482,-0.14773450477980532,120.06599960327148,120.36100036621093,0.006932699554337063,2.8836520892668034
2021-04-30,107.19961547851562,116.73999786376952,118.18000030517578,116.6500015258789,118.01000213623047,7950700,45.613797523018825,-0.32531541083618265,119.66299934387207,120.00320022583008,-0.06458337332448294,2.7472172792242064
2021-05-03,106.46500396728516,115.94000244140624,117.55000305175781,115.7300033569336,117.47000122070312,10229500,44.2956195332126,-0.5245557508599319,119.23499946594238,119.58880020141602,-0.06875500047063265,2.617726067091983
2021-05-04,105.93241119384766,115.36000061035156,115.81999969482422,113.73999786376953,115.0,9638300,43.318213734638874,-0.7209458413802281,118.88099937438965,119.22460006713867,-0.05782425424601578,2.640121171920507
2021-05-05,105.95076751708984,115.37999725341795,116.48999786376953,114.8499984741211,116.0,7059000,43.36461335360244,-0.8650016405873515,118.65549926757812,118.95019989013672,-0.0376178343414012,2.7401160665279845
2021-05-06,107.43836975097656,117.0,117.63999938964844,114.45999908447266,115.30000305175781,8581700,47.13983731628002,-0.8387773138503576,118.33399925231933,118.64419982910157,-0.052094306807727975,2.518709543998499
2021-05-07,107.28227233886719,116.83000183105467,119.41999816894531,116.05000305175781,118.4000015258789,9614300,46.7873878748109,-0.8222335805808143,118.03549919128417,118.46079986572266,-0.048615643911563144,2.3063850747933987
2021-05-10,103.13163757324219,112.30999755859376,115.37999725341797,112.2300033569336,114.9800033569336,12281200,38.537131923451284,-1.1604719243342458,117.60599899291992,118.18819976806641,-0.07105048683929449,2.533516560295177
2021-05-11,103.62753295898438,112.8499984741211,112.98999786376953,109.12999725341797,109.7300033569336,10007700,39.90061264508464,-1.3691717283231242,117.18499908447265,117.86259963989258,-0.06943183311637968,2.591537450208108
2021-05-12,99.36672973632812,108.20999908447266,110.08999633789062,108.05999755859375,109.3499984741211,15058900,33.10487969347784,-1.8872222755989156,116.55349922180176,117.50679962158203,-0.10451835183859326,3.1357114470767176
2021-05-13,99.86260223388672,108.75,111.43000030517578,107.9000015258789,109.36000061035156,10552000,34.502983801975475,-2.228518531335908,116.0734992980957,117.22399963378906,-0.0811153240210668,3.553206345298726
2021-05-14,103.26939392089844,112.45999908447266,112.83000183105469,110.23999786376953,110.61000061035156,8425200,43.27472259899387,-2.1745653171965813,115.7544994354248,117.1613996887207,-0.0536856062775205,3.5780683629441157
2021-05-17,100.82678985595703,109.8000030517578,110.02999877929688,107.87000274658203,109.06999969482422,10688600,39.21913271904053,-2.3197063250567282,115.47449951171875,116.94139968872071,-0.04852684922075401,3.8183163157673867
2021-05-18,101.78177642822266,110.83999633789062,113.4800033569336,110.73999786376953,113.0,7476600,41.52648123191702,-2.324022962804861,115.26899948120118,116.879599609375,-0.035754682205012656,3.956142204725045
2021-05-19,103.21430206298828,112.4000015258789,112.48999786376953,108.0,108.5,7280500,44.90509049992573,-2.1764754934767723,115.01899948120118,116.79999969482422,-0.04258943726587461,3.9723395021689853
2021-05-20,104.02238464355469,113.27999877929688,113.72000122070312,112.0999984741211,112.38999938964844,6442500,46.77339418301967,-1.9658732737194242,114.9169994354248,116.78899963378906,-0.017689914333384293,3.990354049818832
2021-05-21,102.7092514038086,111.8499984741211,114.0,111.69000244140625,114.0,5979400,44.153176084687296,-1.892542518781454,114.57749938964844,116.61439956665039,-0.05723197024999127,3.945524740173159
2021-05-24,104.3437728881836,113.62999725341795,114.54000091552734,112.12000274658203,112.26000213623047,6653600,48.05402153921301,-1.6715280073758123,114.18299942016601,116.52099945068359,-0.06492758070775206,3.593583695077891
2021-05-25,104.94066619873047,114.27999877929688,114.94000244140625,113.5999984741211,114.8499984741211,5331700,49.44276782449459,-1.4274677640975568,113.83349952697753,116.42499938964843,-0.05763996089109469,3.1846995018828324
2021-05-26,106.52008819580078,116.0,116.0,114.0,114.0,6605100,53.02180621253317,-1.0827769602867505,113.65049934387207,116.35799942016601,-0.030586691877800165,2.927004036383744
2021-05-27,106.30890655517578,115.7699966430664,116.52999877929688,115.0,116.0,6513700,52.48672141169491,-0.8187285702725546,113.48399925231934,116.29819931030273,-0.027959713465305014,2.6854430426604385
2021-05-28,107.7689437866211,117.36000061035156,117.83999633789062,115.94999694824219,116.30000305175781,5386500,55.80696994206113,-0.47568488759741,113.51499938964844,116.35539932250977,0.005310971029017564,2.728245259961133
2021-06-01,108.824951171875,118.51000213623048,120.04000091552734,117.43000030517578,119.70999908447266,7596100,58.08823842593099,-0.10975954568668556,113.64349937438965,116.45299942016601,0.022166634817202713,2.903376342043909
2021-06-02,109.22901153564453,118.9499969482422,119.44999694824219,117.91999816894531,118.9000015258789,5383400,58.96111334314276,0.21328422053703378,113.82299919128418,116.48839935302735,0.031119940351044928,3.118117058420168
2021-06-03,107.27308654785156,116.81999969482422,118.26000213623047,116.45999908447266,118.05000305175781,4912200,53.186370795766464,0.2940362881543308,113.89499931335449,116.52699935913085,0.012480520676763973,3.1721196177035456
2021-06-04,109.74325561523438,119.51000213623048,119.8499984741211,118.05000305175781,118.2300033569336,5352100,58.689231726637125,0.5685398260503831,114.02049942016602,116.73799942016602,0.02145300971137165,3.3462998922770626
2021-06-07,108.55867767333984,118.22000122070312,118.75,117.56999969482422,118.13999938964844,6266000,55.33029925128736,0.6742215581940911,114.08999938964844,116.89339950561524,0.011897623622898701,3.4213158677603026
2021-06-08,106.44664001464844,115.91999816894533,117.68000030517578,115.05999755859375,117.55000305175781,11564800,49.85196862576329,0.5658611726029932,114.27049942016602,116.88059951782226,0.032143181273494026,3.4176902547135337
2021-06-09,107.55774688720703,117.12999725341795,117.6500015258789,115.97000122070312,116.0,6401600,52.51561954702966,0.5710390177234359,114.48449935913087,116.93539947509765,0.03792644073697837,3.45782493475787
2021-06-10,108.5770492553711,118.23999786376952,118.8499984741211,116.62999725341797,117.04000091552734,8566600,54.88309548656054,0.6571352240683694,114.9859992980957,116.99879943847657,0.09269012904682761,3.219013283398748
2021-06-11,108.58622741699219,118.25,118.41999816894531,117.16000366210938,118.29000091552734,6036600,54.90491365308107,0.7178986874958326,115.4609992980957,116.99819946289062,0.08735632183908049,2.9391405581567316
2021-06-14,111.102294921875,120.98999786376952,121.0,118.45999908447266,118.55000305175781,7610300,60.53520592995793,0.9758995361514309,115.88749923706055,116.92199935913087,0.07584918058633172,3.0954820735842894
2021-06-15,109.6881332397461,119.4499969482422,122.0,119.2699966430664,120.3499984741211,8196900,56.28190651717452,1.044066515071421,116.36999893188477,116.8209992980957,0.08788700936497751,2.838048227732177
2021-06-16,108.37500762939453,118.0199966430664,119.9000015258789,117.5,119.55000305175781,8059400,52.58705797211264,0.9715013999654047,116.72899894714355,116.73259918212891,0.0647780633561903,2.5402007862407805
2021-06-17,109.80471801757812,119.12000274658205,120.23999786376953,117.58999633789062,117.68000030517578,7608100,55.03256867946002,0.9913269231688844,117.06499900817872,116.71719924926758,0.05978648691704813,2.3766245449913055
2021-06-18,106.73513793945312,115.79000091552734,117.88999938964844,115.20999908447266,117.51000213623047,12532800,47.11072118530783,0.7299213958718838,117.19049911499023,116.5643992614746,0.022157504972441844,2.227849189319532
2021-06-21,105.21416473388672,114.13999938964844,115.4000015258789,113.0199966430664,115.37999725341797,11116200,43.750166548272325,0.3851742496759414,117.3049991607666,116.39119918823242,0.020473857369405213,1.9844835529441758
2021-06-22,105.3893051147461,114.33000183105467,114.48999786376953,112.01000213623047,113.5,11792400,44.24339379330706,0.12584064898302927,117.33999938964844,116.25979919433594,0.006160385413682246,1.9214275701395351
2021-06-23,106.97479248046875,116.0500030517578,117.41999816894531,115.80999755859375,116.19999694824219,8913700,48.634291851252485,0.05843304611467204,117.42849960327149,116.15539932250977,0.015488311965064394,1.8106357606732433
2021-06-24,108.07176208496094,117.23999786376952,117.66999816894531,116.2699966430664,116.72000122070312,6772200,51.48116665602168,0.09988327905789163,117.49049949645996,116.08339935302735,0.010689636756633814,1.7801194128024613
2021-06-25,107.4172592163086,116.52999877929688,117.93000030517578,116.52999877929688,117.44999694824219,6712800,49.71087862805301,0.07458215819725922,117.52849960327148,116.04699935913087,0.006564759076340465,1.749304053340989
2021-06-28,110.25641632080078,119.61000061035156,119.94999694824219,117.18000030517578,117.29000091552734,11026600,56.67148709077113,0.29960755534845873,117.64099960327148,116.06239944458008,0.019171779041398107,1.809221383583923
2021-06-29,110.82791900634766,120.2300033569336,120.29000091552734,118.41999816894531,119.4000015258789,7874900,57.933706141462835,0.521954082127607,117.72699966430665,116.15899948120118,0.01451355319972003,1.8917022841562199
2021-06-30,110.7634048461914,120.16000366210938,120.76000213623047,119.01000213623047,120.16000366210938,7936400,57.72922939611305,0.6846249854913822,117.7875,116.26319961547851,0.010172398023630569,1.951285586885913
2021-07-01,109.15946960449219,118.41999816894533,120.20999908447266,118.02999877929688,120.0999984741211,8295600,52.74568108815553,0.6654678478118257,117.86749992370605,116.28359954833985,0.013696271856710185,1.9423099477240688
2021-07-02,109.61116790771484,118.91000366210938,119.18000030517578,118.41000366210938,118.75,5144300,53.95126009087094,0.6819637724712777,117.8375,116.35539962768554,-0.005020487519004191,1.9201122684490088
2021-07-06,110.66201782226562,120.0500030517578,120.95999908447266,118.22000122070312,119.8499984741211,7181500,56.717889267855895,0.7780563852964235,117.92900009155274,116.38359970092773,0.015479629607161538,1.981907754248209
2021-07-07,109.00276184082031,118.25,121.05000305175781,118.20999908447266,120.63999938964844,7391800,51.460605709846895,0.7008858939474294,118.04550018310547,116.3181997680664,0.02010008512645811,1.925271209468821
2021-07-08,108.65247344970703,117.87000274658205,118.27999877929688,115.37999725341797,115.87000274658203,7565400,50.39854045694883,0.602124207929009,118.08250045776367,116.25019989013671,0.006317813630295266,1.913827643062393
2021-07-09,111.1321029663086,120.55999755859376,120.79000091552734,117.62000274658203,118.0,8374200,57.14174669071113,0.7324714849932406,118.19850044250488,116.26819976806641,0.0196211073810848,1.9925658573566951
2021-07-12,113.04022979736328,122.62999725341795,122.7300033569336,119.5199966430664,121.19000244140625,10668700,61.48131887900292,0.9913763474085471,118.41750030517578,116.33879974365234,0.03704014590628302,2.2255968827530457
2021-07-13,114.21094512939453,123.9000015258789,125.4800033569336,122.12999725341797,123.19000244140625,13460200,63.89666489904893,1.2842351833159,118.56300048828125,116.48199981689453,0.02405160520281968,2.4828784026677706
2021-07-14,114.66259765625,124.38999938964844,125.77999877929688,124.06999969482422,125.1500015258789,10587700,64.81343102254635,1.5381359791187492,118.81000061035157,116.65099975585937,0.04135623748526962,2.801089922801131
2021-07-15,108.33906555175781,117.52999877929688,120.69999694824219,116.87000274658203,120.12000274658203,23734500,46.869541385122844,1.1722959729633828,118.78550071716309,116.69439971923828,-0.004151820688924945,2.8104905348261013
2021-07-16,106.68904113769531,115.73999786376952,118.98999786376953,115.16999816894531,118.75,12110000,43.486409628335885,0.7295175934211073,118.61650047302246,116.70159973144531,-0.028374788489580638,2.8898211404545844
2021-07-19,106.32954406738281,115.3499984741211,115.62000274658203,113.2300033569336,114.0,9230200,42.76216833285668,0.343186802372756,118.59450035095215,116.66859970092773,-0.0038000037820816734,2.9140450607489425
2021-07-20,107.29742431640625,116.4000015258789,116.87000274658203,114.43000030517578,115.87999725341797,7108000,45.39876393578456,0.12035594967028374,118.70750045776367,116.65999969482422,0.019800264134532952,2.772604508984994
2021-07-21,108.65247344970703,117.87000274658205,117.87000274658203,115.93000030517578,116.2300033569336,5564700,48.94456334031605,0.06166684963558566,118.88450050354004,116.77119979858398,0.03096300934866103,2.5850960214980168
2021-07-22,107.44493103027344,116.55999755859376,118.08999633789062,116.20999908447266,118.08999633789062,5746500,46.07312582691905,-0.0895192334748316,118.91000022888184,116.84539978027344,0.004394610025201917,2.5580383189589706
2021-07-23,107.65692901611328,116.79000091552734,117.6500015258789,115.33000183105469,117.6500015258789,5773900,46.66476236670323,-0.18860186004837942,118.88750038146972,117.01699981689453,-0.0038382544902897386,2.5754203040777
2021-07-26,106.60609436035156,115.6500015258789,116.0999984741211,114.87000274658203,115.79000091552734,6440600,44.0832260584848,-0.3550215118366822,118.84350051879883,117.15499984741211,-0.007551679933376243,2.6248595991310815
2021-07-27,104.66106414794922,113.54000091552734,115.4000015258789,112.05000305175781,115.31999969482422,11127500,39.705010502399176,-0.6496805867206774,118.54000053405761,117.17659988403321,-0.05074826238483354,2.870954464657995
2021-07-28,106.07144927978516,115.06999969482422,115.51000213623047,113.87999725341797,113.94000244140625,6819700,44.04469563001888,-0.7510838842303684,118.28200035095215,117.28199981689453,-0.042917770257317356,2.94206091047502
2021-07-29,107.06697082519531,116.1500015258789,117.11000061035156,115.61000061035156,116.0,7162000,46.94739336305645,-0.7358175594688561,118.08150024414063,117.3881999206543,-0.03337218720054813,2.9439790680992575
2021-07-30,107.51866149902344,116.63999938964844,117.41999816894531,115.19000244140625,115.5,6482600,48.258841374914965,-0.6763832297456815,117.99250030517578,117.47299987792968,-0.015031234646342706,2.960069046140067
2021-08-02,107.72145080566406,116.86000061035156,118.37999725341797,116.66000366210938,117.5,6028800,48.869974672959714,-0.6045598457783257,117.89000015258789,117.54459991455079,-0.01723995449182758,2.962118586804816
2021-08-03,109.15026092529297,118.41000366210938,118.63999938964844,116.83999633789062,117.30999755859375,5874700,53.07524534471118,-0.41775142576875623,117.80800018310546,117.67580001831055,-0.0136609691625027,2.9215991939273933
2021-08-04,109.45443725585938,118.73999786376952,119.55000305175781,118.27999877929688,118.43000030517578,4254000,53.94373588522468,-0.24030652875397607,117.83250007629394,117.77800003051757,0.004143745148156519,2.9275492363380824
2021-08-05,109.89690399169922,119.22000122070312,119.23999786376953,118.23999786376953,119.06999969482422,4452300,55.24139979636815,-0.06025334702114549,117.9,117.8768000793457,0.011453282791751063,2.943976672121728
2021-08-06,108.96588134765625,118.20999908447266,118.5999984741211,117.44999694824219,118.37000274658203,4338100,51.92610631939102,0.0009306374522424221,117.78250007629394,117.92100006103516,-0.019492356683061263,2.878389188172443
2021-08-09,108.97511291503906,118.22000122070312,118.79000091552734,117.31999969482422,118.41999816894531,4280200,51.95685623151229,0.049654093277951006,117.5620002746582,117.97000015258789,-0.035961804872273295,2.6471249266831554
2021-08-10,107.26058197021484,116.36000061035156,119.05000305175781,114.08000183105469,118.5,5132800,46.057074635025124,-0.06111423467328336,117.18500022888183,117.95000015258789,-0.060855535291922225,2.1953311680891505
2021-08-11,106.91950225830078,115.98999786376952,117.29000091552734,115.19999694824219,116.5,4490400,44.96330013665234,-0.17671796730061828,116.76500015258789,117.89960006713868,-0.06752955677382178,1.4059669135571113
2021-08-12,106.65217590332031,115.6999969482422,115.94999694824219,114.44000244140625,115.55000305175781,6338400,44.07971315652579,-0.2884107884917455,116.67350006103516,117.83460006713867,-0.015570508381363424,1.4130906751858323
2021-08-13,106.46781921386719,115.5,115.5199966430664,114.48999786376953,115.06999969482422,4593200,43.44563044031097,-0.38858684896003126,116.66150016784668,117.80820007324219,-0.0020735948522481173,1.4224233576960157
2021-08-16,105.66585540771484,114.62999725341795,115.4800033569336,114.0999984741211,115.0999984741211,5435900,40.702714682305086,-0.532045954764115,116.62550010681153,117.71059997558594,-0.006241883226939748,1.4658125692034516
2021-08-17,102.4211196899414,111.11000061035156,113.8499984741211,110.75,113.7300033569336,13398800,31.921478263628103,-0.919176941325162,116.36100006103516,117.56839996337891,-0.04544674266478621,1.9166061407135344
2021-08-18,101.8127212524414,110.4499969482422,113.0,110.37999725341797,111.73999786376953,9167300,30.58892290949008,-1.2646596082142025,115.98999977111816,117.45899993896484,-0.06295075613337087,2.2907623100973344
2021-08-19,101.87725067138672,110.5199966430664,110.97000122070312,107.68000030517578,109.0,12146900,30.918304812526614,-1.5153408147855743,115.6879997253418,117.32679992675781,-0.05181881470520022,2.5902266051659217
2021-08-20,99.66493225097656,108.12000274658205,109.70999908447266,107.7300033569336,109.13999938964844,13042000,26.30865196026849,-1.8859271328754517,115.25449981689454,117.12440002441406,-0.07423579160014049,3.0760358263171823
2021-08-23,102.28285217285156,110.95999908447266,111.33000183105469,109.2699966430664,110.08000183105469,9533500,38.0742987244336,-1.9282280772693952,115.01999969482422,116.97860000610352,-0.04055341443602811,3.2197126423339233
2021-08-24,103.3429183959961,112.11000061035156,113.06999969482422,111.80000305175781,111.81999969482422,6719800,42.105217534675454,-1.8476577202171143,114.94849967956543,116.80100006103515,-0.012594682875154195,3.2697971426387693
2021-08-25,107.87818145751953,117.02999877929688,119.18000030517578,115.61000061035156,115.70999908447266,22106800,55.46231191489173,-1.3709983817535516,115.04649963378907,116.75260009765626,0.017033102369607533,3.3028352266538206
2021-08-26,108.86450958251953,118.0999984741211,118.45999908447266,116.3499984741211,117.9800033569336,9892100,57.74553612102019,-0.8965673189057384,115.14399948120118,116.75420013427734,0.016788608890441648,3.3653161616644396
2021-08-27,109.22399139404297,118.48999786376952,119.30000305175781,117.69000244140625,118.33000183105469,6827700,58.57903695679455,-0.4835337164301876,115.23649940490722,116.7416000366211,0.01586075517662655,3.4333371001617947
2021-08-30,109.68489837646484,118.98999786376952,119.5,118.47000122070312,118.87999725341797,6434200,59.67721984479442,-0.11453549549999309,115.34299926757812,116.80559997558593,0.01822691461828785,3.5183310885554837
2021-08-31,109.7033462524414,119.01000213623048,120.80000305175781,118.69999694824219,120.01000213623047,8424900,59.72322924411752,0.1774667049749752,115.37299919128418,116.90300003051757,0.005067126556580925,3.548289532328495
2021-09-01,111.03992462158203,120.45999908447266,121.36000061035156,119.55999755859375,120.22000122070312,8603900,63.01723590552513,0.5198902174008992,115.45899925231933,117.02559997558593,0.014485440893105883,3.653475498482504
2021-09-02,111.34413146972656,120.79000091552734,121.38999938964844,120.45999908447266,120.94000244140625,6866400,63.7439839226925,0.8085710046289734,115.53749923706054,117.12039993286133,0.013168928692743442,3.7540222577157483
2021-09-03,114.27544403076172,123.97000122070312,124.4800033569336,121.26000213623047,121.58000183105469,10361400,69.88526564282635,1.2792061642133774,115.82549934387207,117.255,0.04872686050961206,4.16796638634496
2021-09-07,114.94835662841797,124.6999969482422,125.27999877929688,123.88999938964844,124.62000274658203,9739900,71.09564113162418,1.691592843985319,116.14949913024903,117.4183999633789,0.05481302368997332,4.593991977038018
2021-09-08,112.35812377929688,121.88999938964844,123.13999938964844,121.2300033569336,122.97000122070312,7983300,60.94187405627095,1.7712510602836602,116.42599906921387,117.46399993896485,0.047524911913801704,4.7703606365203335
2021-09-09,113.0863265991211,122.68000030517578,123.48999786376953,121.87999725341797,122.19000244140625,5101300,62.56076474838426,1.8764961624935665,116.76049919128418,117.51299987792969,0.057677408092236426,4.968612531215872
2021-09-10,113.35366821289062,122.97000122070312,124.33999633789062,122.88999938964844,123.0199966430664,5163900,63.16433947210646,1.960702555919525,117.12399940490722,117.56919982910156,0.06283495647552284,5.149582004301708
2021-09-13,113.95283508300781,123.62000274658205,124.0999984741211,122.19999694824219,122.94000244140625,6622800,64.54406502605643,2.0561840108855307,117.52999954223633,117.6731999206543,0.07030305408296145,5.331681203598061
2021-09-14,113.46427154541016,123.08999633789062,123.62999725341797,122.4000015258789,123.62999725341797,5110500,62.488754058349336,2.065279408688241,117.95299949645997,117.75679977416992,0.07380266323979545,5.424285723272623
2021-09-15,111.99861145019531,121.5,122.5,120.87999725341797,122.41000366210938,5566500,56.659735294433965,1.9220321702268564,118.47249946594238,117.78579971313476,0.09351092910245606,5.2284223795332085
2021-09-16,111.80145263671875,120.79000091552734,121.12999725341797,119.3499984741211,120.0,7301400,54.227210903804014,1.7312598237225245,118.98949966430663,117.83659973144532,0.09361705978254165,4.893906486198271
2021-09-17,108.9876708984375,117.75,120.47000122070312,117.69000244140625,120.19000244140625,10722700,45.2661947712351,1.319557657858283,119.35099983215332,117.83419967651368,0.06541805624807884,4.485334721895406
2021-09-20,106.16464233398438,114.6999969482422,116.01000213623047,113.55000305175781,115.19999694824219,8991000,38.408494242312614,0.7386562000425698,119.67999954223633,117.71699966430664,0.06085825041165349,3.808425837857238
2021-09-21,106.4052963256836,114.95999908447266,115.87000274658203,114.55000305175781,115.6500015258789,8182200,39.253360780141136,0.2958571519370423,119.87999954223633,117.56359970092774,0.036049026973719034,3.4106492376595297
2021-09-22,107.24757385253906,115.87000274658205,116.23999786376953,114.91000366210938,115.2300033569336,5345600,42.239755558976505,0.018156114051834038,120.06799964904785,117.4029997253418,0.03353850785621448,3.043702267072355
2021-09-23,107.54375457763672,116.19000244140624,116.97000122070312,115.58999633789062,116.97000122070312,5484700,43.29543984092633,-0.17409579027739142,120.02599983215332,117.23899978637695,-0.007177615540052806,3.093222469635762
2021-09-24,107.03468322753906,115.63999938964844,116.55999755859375,115.52999877929688,116.0,4455900,41.87867369591177,-0.36661139135617304,119.90299987792969,117.20119979858399,-0.020829797766777403,3.2201456207858787
2021-09-27,107.5067367553711,116.1500015258789,116.56999969482422,115.01000213623047,115.69999694824219,5198800,43.71782912756468,-0.4725808640535547,119.78600006103515,117.20939987182618,-0.01974847143284575,3.3152920118879394
2021-09-28,103.572998046875,111.9000015258789,115.04000091552734,111.8499984741211,114.33000183105469,9792300,34.04873969106464,-0.8892511818187216,119.43150024414062,117.14039993286133,-0.059584809355218926,3.754814539904894
2021-09-29,103.31383514404297,111.62000274658205,112.8499984741211,111.0199966430664,112.30000305175781,6522400,33.52270076701642,-1.2279044538370982,119.0620002746582,117.04479995727539,-0.06209561597342983,4.142115149375195
2021-09-30,103.34160614013672,111.6500015258789,113.3499984741211,111.6500015258789,112.43000030517578,6433400,33.64099099249019,-1.476844813294079,118.62150039672852,116.92039993286133,-0.07313629109706143,4.443136411386196
2021-10-01,103.25830841064453,111.55999755859376,112.30000305175781,110.30000305175781,112.0,5315200,33.44868302883654,-1.662233219794004,118.16000022888184,116.82039993286133,-0.07641363761052078,4.6791280225004845
2021-10-04,100.90731048583984,109.0199966430664,111.43000030517578,108.5199966430664,111.0,8514500,28.49766343691971,-1.9911588737628563,117.4125,116.6649998474121,-0.12059372776016442,4.891447768397337
2021-10-05,101.12945556640625,109.26000213623048,110.3499984741211,109.22000122070312,109.80000305175781,8039600,29.558662998265888,-2.2070271516482904,116.64050025939942,116.53719985961914,-0.12381712261324451,4.899166963595952
2021-10-06,101.2034912109375,109.33999633789062,109.5199966430664,107.58000183105469,108.44000244140625,7553600,29.931859507259006,-2.344622109384531,116.01300010681152,116.45319976806641,-0.10296171231930962,4.994206587669649
2021-10-07,102.58261108398438,110.83000183105467,111.70999908447266,110.48999786376953,111.0,7821900,36.662899969846805,-2.306844249359827,115.42050018310547,116.36839981079102,-0.09659274897818182,4.862819983549795
2021-10-08,101.8514175415039,110.04000091552734,111.06999969482422,109.51000213623047,110.9800033569336,5143400,34.75646657787617,-2.31397740357788,114.77400016784668,116.24619979858399,-0.10514759841279808,4.6616515410479735
2021-10-11,102.05506134033203,110.26000213623048,111.70999908447266,109.9000015258789,110.08000183105469,5318500,35.75829661697291,-2.275645989378347,114.1060001373291,116.11859985351562,-0.10807312986183337,4.267927159295302
2021-10-12,101.07392883300781,109.1999969482422,111.02999877929688,108.55999755859375,110.47000122070312,9294600,33.119488671719324,-2.3042397853934062,113.41150016784668,115.96539978027344,-0.11284425869604708,3.8374807931037704
2021-10-13,101.79586791992188,109.9800033569336,110.05000305175781,108.94999694824219,109.31999969482422,7845100,36.81456009488868,-2.2381604558185018,112.83550033569335,115.79679977416993,-0.09481478718573177,3.3990303772749346
2021-10-14,104.18388366699219,112.55999755859376,114.73999786376953,111.16000366210938,114.13999938964844,16930500,47.20474720741306,-1.9550712959812984,112.42400016784669,115.67319976806641,-0.06813480664421145,2.8370659153240183
2021-10-15,106.31273651123047,114.86000061035156,114.94999694824219,112.95999908447266,114.77999877929688,11558800,54.403141663438966,-1.5275217529945024,112.27950019836426,115.58599975585938,-0.024543519232683164,2.6165479092856176
2021-10-18,106.75701141357422,115.33999633789062,115.3499984741211,113.41999816894531,113.41999816894531,6773800,55.758833496942756,-1.1368491270559247,112.31150016784667,115.52859970092773,0.005579768148879838,2.651389788623281
2021-10-19,108.25645446777344,116.95999908447266,116.9800033569336,115.62999725341797,115.80000305175781,5406100,60.07352806421565,-0.6885800514273512,112.41150016784668,115.50339965820312,0.017397355740498943,2.7905996722040713
2021-10-20,106.98838806152344,115.58999633789062,117.02999877929688,115.55000305175781,116.87999725341797,8205800,55.173025107874274,-0.4388129884664522,112.3974998474121,115.4879995727539,-0.0024165565034448555,2.772982070623832
2021-10-21,107.63631439208984,116.29000091552734,116.3499984741211,114.61000061035156,115.01000213623047,4640300,57.09873873229595,-0.18228500430137728,112.40249977111816,115.49399963378906,0.0008606461142948163,2.780260782648277
2021-10-22,105.72962951660156,114.2300033569336,117.1500015258789,114.2300033569336,116.23999786376953,6283000,50.25654441663554,-0.14355450851229534,112.33199996948242,115.46459976196289,-0.012192978555489842,2.7108564533884603
2021-10-25,105.18353271484375,113.63999938964844,114.55000305175781,113.11000061035156,114.4000015258789,6667700,48.465228984611606,-0.15863999770867565,112.2064998626709,115.42739974975586,-0.021610005193768544,2.5797269599401025
2021-10-26,105.68331146240234,114.18000030517578,115.30000305175781,113.72000122070312,114.94000244140625,4852300,50.214303369600515,-0.12557425384375165,112.32049980163575,115.41839981079102,0.02037532393392838,2.615597703790665
2021-10-27,105.28533172607422,113.75,115.05999755859375,113.70999908447266,114.02999877929688,5394500,48.79415194356934,-0.13253901728160145,112.42699966430663,115.47119979858398,0.01908257660818924,2.628904173259378
2021-10-28,107.37715911865234,116.01000213623048,116.0199966430664,113.54000091552734,113.66000366210938,5714300,55.86000022559795,0.04379974607500969,112.64499969482422,115.58239990234375,0.03905060950080674,2.7395284480133038
2021-10-29,105.23905944824219,113.6999969482422,114.19000244140625,113.22000122070312,114.06999969482422,7118900,48.49414997868807,-0.0028161636825529968,112.75199966430664,115.64599990844727,0.01918249763786939,2.7367106257399336
2021-11-01,105.6278076171875,114.12000274658205,114.33999633789062,113.3499984741211,113.58000183105469,4955700,49.790536616401226,-0.005801771018980162,113.00699996948242,115.76599990844727,0.046780464690465484,2.605108328907212
2021-11-02,105.61854553222656,114.11000061035156,114.80000305175781,113.54000091552734,113.58999633789062,4479700,49.75841726938418,-0.008872696226660537,113.24949989318847,115.82899993896484,0.0443895147290394,2.4596286849944886
2021-11-03,105.52599334716797,114.01000213623048,114.0999984741211,112.7300033569336,113.44000244140625,6073000,49.41520265476177,-0.019154664667098587,113.48300018310547,115.86699996948242,0.04271086477731578,2.2843793352366117
2021-11-04,109.02470397949219,117.79000091552734,117.8499984741211,112.41000366210938,113.37000274658203,14682800,60.50501381303382,0.2745463129906227,113.8310001373291,115.88220001220704,0.0627988718711947,2.386796638617167
2021-11-05,109.0339584350586,117.8000030517578,119.52999877929688,116.25,118.16999816894531,8668100,60.52967197275305,0.5023230748662968,114.21900024414063,115.87620010375977,0.07051982980432236,2.368761535902989
2021-11-08,111.91253662109375,120.91000366210938,122.25,117.05000305175781,118.38999938964844,15776300,67.35453508682411,0.9231473891289426,114.75150032043457,115.92460021972656,0.09658989043661004,2.6160871460744963
2021-11-09,112.71778106689453,121.77999877929688,123.2699966430664,120.16999816894531,121.25,10874100,68.97087876868144,1.311734170174418,115.3805004119873,115.9804002380371,0.11520148518884343,2.7212816809322016
2021-11-10,109.40419006347656,118.1999969482422,120.80000305175781,117.68000030517578,119.5999984741211,9046100,56.560730296182044,1.3156497736994197,115.79150009155273,115.96420013427735,0.07474080142215578,2.4720318012008473
2021-11-11,109.39495086669922,118.19000244140624,120.47000122070312,117.80000305175781,119.26000213623047,6994000,56.53014912224059,1.3029271118281258,116.07300033569337,115.91880020141602,0.050017812765869474,2.4043079806390204
2021-11-12,109.85772705078125,118.69000244140624,118.81999969482422,117.2699966430664,118.38999938964844,6947200,57.760561246601085,1.3179970820220746,116.26450042724609,115.8768002319336,0.033344957432548616,2.454610339275195
2021-11-15,109.33014678955078,118.12000274658205,119.63999938964844,117.51000213623047,119.31999969482422,5157000,55.820802021964525,1.269314067834543,116.40350074768067,115.75980026245117,0.024102709354588026,2.478102900247269
2021-11-16,109.29312896728516,118.08000183105467,118.37999725341797,117.16000366210938,117.69000244140625,5555100,55.6794859263648,1.2135160313454207,116.45950088500976,115.62740036010742,0.009575946950658887,2.503861553219755
2021-11-17,110.20018005371094,119.05999755859376,119.55000305175781,117.51000213623047,118.0,6391400,58.454459822655735,1.2341466758218047,116.63300094604492,115.57080032348632,0.03001990942676125,2.56003320542224
2021-11-18,114.20797729492188,123.38999938964844,123.55999755859375,119.80000305175781,119.97000122070312,13229700,67.99072859667699,1.5816591880646627,116.98800086975098,115.58500030517578,0.061054247297482656,2.96949854240642
2021-11-19,115.01322937011719,124.26000213623048,124.80000305175781,122.0199966430664,122.02999877929688,9071800,69.50531964380303,1.9053041482322612,117.48950080871582,115.61080032348633,0.08780529181949004,3.3069776202596053
2021-11-22,115.46678924560547,124.75,128.08999633789062,123.20999908447266,123.5,16076100,70.35609186578588,2.1762474178582067,118.0450008392334,115.63340026855468,0.09776487742012052,3.550466984038446
2021-11-23,112.32904815673828,121.36000061035156,123.19999694824219,119.5199966430664,122.72000122070312,10984000,58.24835445115478,2.0932970661931023,118.40400085449218,115.59880035400391,0.06288316943409855,3.501758012810173
2021-11-24,111.72740173339844,120.70999908447266,120.87000274658203,118.4000015258789,120.0,6992600,56.2495079085965,1.9526002636367394,118.75200080871582,115.58300033569336,0.06118680513822117,3.3577851326635404
2021-11-26,108.37679290771484,117.08999633789062,119.04000091552734,116.5199966430664,117.5,6766900,46.64857597964969,1.5313407232896026,118.80600051879883,115.50900024414062,0.009309492128031449,3.3198373589913643
2021-11-29,110.40382385253906,119.27999877929688,119.87999725341797,117.9000015258789,118.36000061035156,7634000,51.987672866585626,1.358543947992601,119.08500061035156,115.53960021972657,0.049076534571894204,3.095001594928839
2021-11-30,108.43234252929688,117.1500015258789,120.16999816894531,115.76000213623047,118.0999984741211,10561800,47.05536619527838,1.0377655659574287,119.2365005493164,115.5886003112793,0.02655098761279695,2.907663518678074
2021-12-01,111.65338134765625,120.62999725341795,123.51000213623047,119.22000122070312,119.22000122070312,12924400,54.629120953840584,1.0522235803380227,119.56250038146973,115.7020002746582,0.057137819719500715,2.6573725572059117
2021-12-02,112.64375305175781,121.6999969482422,123.4000015258789,120.0199966430664,120.3499984741211,8425500,56.681025180686596,1.1369160335813007,119.9470001220703,115.81860015869141,0.06745017689608446,2.350283331712323
2021-12-03,110.45010375976562,119.33000183105467,121.8499984741211,117.9800033569336,121.0,7809000,51.161845017426245,1.0012547721178464,120.02400016784668,115.88140014648438,0.013074122621254958,2.300597911073378
2021-12-06,110.27423095703125,119.13999938964844,119.5,116.58000183105469,118.88999938964844,5681200,50.7353207962761,0.8684002582993315,120.09099998474122,115.95140014648437,0.011375180841904475,2.2514063314255015
2021-12-07,113.21759796142578,122.31999969482422,122.58000183105469,120.26000213623047,120.54000091552734,7459200,57.17091897882747,1.0080909027769422,120.16149978637695,116.07480010986328,0.011661533289298198,2.299954772528635
2021-12-08,112.73631286621094,121.8000030517578,122.22000122070312,120.11000061035156,121.62999725341797,5795700,55.885309738649326,1.0645657107950939,120.1625,116.27280014038087,0.0001642656648173091,2.3006999062059204
2021-12-09,110.60746002197266,119.5,122.08999633789062,119.48999786376953,121.18000030517578,6103900,50.47836818982882,0.9132045253608823,120.2275001525879,116.43040008544922,0.010998334055178027,2.2603466051752106
2021-12-10,110.26498413085938,119.12999725341795,120.79000091552734,118.23999786376953,120.0,5973900,49.64621859400885,0.7546939242208452,120.27449989318848,116.58,0.007953251481467083,2.2252510788353543
2021-12-13,107.75665283203125,116.41999816894533,119.02999877929688,116.38999938964844,118.86000061035156,5854300,43.93352385359081,0.40572194309369536,120.16099967956544,116.67720001220704,-0.019125488463794915,2.363895205520128
2021-12-14,107.63631439208984,116.29000091552734,116.9800033569336,115.25,115.44000244140625,6267300,43.67391073103859,0.11731708361210735,120.06949958801269,116.82260009765625,-0.015492734409944475,2.479638427871817
2021-12-15,111.44049072265625,120.4000015258789,120.51000213623047,116.4800033569336,116.79000091552734,6700700,53.10839370333195,0.21788521010201123,120.18549957275391,117.04540008544922,0.019647693587806936,2.4355431492291792
2021-12-16,108.34180450439453,116.56999969482422,120.75,116.13999938964844,120.33999633789062,9116100,45.465885126792436,-0.011332332135083334,120.06099967956543,117.19000015258788,-0.020913807448585953,2.556731242887036
2021-12-17,108.10945892333984,116.31999969482422,117.48999786376953,115.93000030517578,116.29000091552734,11725600,45.01056905252385,-0.21073260218253154,119.70749969482422,117.29980010986328,-0.05729799602719943,2.5609847545796667
2021-12-20,106.82685089111328,114.94000244140624,116.62000274658203,113.91000366210938,115.91999816894531,6980800,42.481558341958824,-0.47464162483215944,119.241499710083,117.39780014038087,-0.07500402007563478,2.536832330801158
2021-12-21,109.1504135131836,117.44000244140624,117.5,115.08000183105469,116.06999969482422,6122900,48.163753921314104,-0.47656873232313046,118.87599983215333,117.54140014648438,-0.05859717481838689,2.2065078502020863
2021-12-22,112.73794555664062,121.3000030517578,121.44000244140625,116.83000183105469,116.91999816894531,9300100,55.477221984115374,-0.16472731506067362,118.87299995422363,117.78340026855469,-0.0004943767163152479,2.2029909420493334
2021-12-23,112.16172790527344,120.68000030517578,121.79000091552734,119.83999633789062,120.95999908447266,6512500,54.15554989191106,0.0320112094496352,118.87150001525879,117.99740020751953,-0.00024851942278525385,2.201684190171175
2021-12-27,114.03911590576172,122.6999969482422,123.26000213623047,121.19999694824219,121.22000122070312,6309900,57.69204277410282,0.3469256123225648,119.15200004577636,118.2002001953125,0.04791186938090419,2.317108909403719
2021-12-28,113.44428253173828,122.05999755859376,123.66000366210938,121.87000274658203,123.37999725341797,6321000,56.21248343199175,0.5386457702445426,119.2909999847412,118.34420013427734,0.023306495705459396,2.406838136171366
2021-12-29,112.84017181396484,121.41000366210938,123.1500015258789,120.97000122070312,121.80000305175781,5847700,54.67875148681587,0.6308640928827174,119.50400009155274,118.46560028076172,0.03636365412500164,2.395867579754583
2021-12-30,111.9200439453125,120.41999816894533,121.55000305175781,120.19000244140625,121.0,4187800,52.33649559956288,0.6169507838951915,119.49350013732911,118.53480026245117,-0.0017408529325543265,2.3911286216824035
2021-12-31,111.81781768798828,120.30999755859376,121.75,120.22000122070312,121.3499984741211,3888200,52.069599540423674,0.5902442876074474,119.42400016784669,118.62920028686523,-0.011421523619590479,2.343342872797749
2022-01-03,119.70853424072266,128.8000030517578,129.58999633789062,124.0,124.12999725341797,18592000,66.3379932495809,1.2398593593425886,119.89750022888184,118.87940032958984,0.07935976766438513,3.1435013064226025
2022-01-04,123.98382568359375,133.39999389648438,135.5,130.3000030517578,130.8699951171875,25554900,71.3197316357586,2.10163842185581,120.61049995422363,119.26280014038086,0.11969107419749525,4.348784248509414
2022-01-05,118.09135437011719,127.05999755859376,130.8800048828125,126.87999725341797,130.7100067138672,17891200,58.4749313055745,2.2471164590147055,120.84749984741211,119.53120010375977,0.038750800160197496,4.57036688242757
2022-01-06,119.4018325805664,128.47000122070312,129.0,124.80999755859375,127.0,16249000,60.192061640148395,2.447965737993897,121.18099975585938,119.81700012207031,0.05476188835652951,4.87662327313022
2022-01-07,114.78266143798828,123.5,127.13999938964844,123.30999755859375,126.55000305175781,21248100,52.025648592932725,2.180961904910191,121.38099975585938,120.01200012207032,0.03347280334728042,4.886068478556878
2022-01-10,116.1860580444336,125.01000213623048,125.87000274658203,123.26000213623047,125.11000061035156,11857700,54.06477307759017,2.067372611738662,121.675,120.19200012207031,0.04935788649691952,4.920277920613416
2022-01-11,120.05242156982422,129.1699981689453,129.5500030517578,125.5,126.54000091552734,12113100,59.20877806253187,2.286669884806699,122.3125,120.50140014648437,0.10951726679721774,5.0283689403933955
2022-01-12,122.89643859863281,132.22999572753906,132.9199981689453,130.22000122070312,130.5,16389200,62.53248871018002,2.676527440918136,123.10949974060058,120.86360000610351,0.13707106962352222,5.280487638798044
2022-01-13,129.36520385742188,139.19000244140625,145.0,138.9199981689453,140.75,52020000,68.76629447828549,3.5066838687109083,124.04899978637695,121.36520004272461,0.15606312854978333,6.338584534758202
2022-01-14,130.7313995361328,140.66000366210938,143.8800048828125,136.08999633789062,136.08999633789062,28255300,69.90518712047954,4.234394171696252,125.25349998474121,121.8982000732422,0.2066569788998187,7.087234695727689
2022-01-18,124.38349914550781,133.8300018310547,137.17999267578125,133.2899932861328,136.75,15191400,59.11886950055145,4.211438916324894,126.12900009155274,122.21900009155273,0.15053303113969663,7.006643331655178
2022-01-19,121.7625503540039,131.00999450683594,135.89999389648438,130.94000244140625,134.6199951171875,11155100,55.32322613897488,3.9205025745284416,126.93249969482422,122.4831999206543,0.13981200386368364,6.563399995755667
2022-01-20,119.27172088623047,128.3300018310547,132.75,128.1999969482422,131.9199981689453,11421900,51.912113624858115,3.434094314659461,127.47699966430665,122.6315998840332,0.09272819451005843,6.174659906938481
2022-01-21,115.73995208740234,124.52999877929688,127.9800033569336,124.2699966430664,127.08000183105469,15573700,47.44512201870156,2.7107360976457073,127.6384994506836,122.6865998840332,0.026628158666746726,6.045485300294799
2022-01-24,117.06901550292969,125.95999908447266,126.06999969482422,120.12999725341797,123.7699966430664,17083400,49.21608495191421,2.2271849707954487,127.90249938964844,122.84179992675782,0.04375206136845211,5.83732406055791
2022-01-25,113.83465576171875,122.4800033569336,125.81999969482422,121.69999694824219,125.48999786376953,11370500,45.2223703549957,1.5453468507438828,127.89149971008301,122.92759994506837,-0.001792938849064618,5.847841271895292
2022-01-26,114.39230346679688,123.08000183105467,126.66999816894531,121.88999938964844,125.37999725341797,13592100,46.035452862085585,1.0413955312516805,127.94249992370605,123.01539993286133,0.008356581131105267,5.798546902120054
2022-01-27,108.16522979736328,116.37999725341795,124.13999938964844,116.02999877929688,124.0,18599800,39.06271355868658,0.10022082139643373,127.69099960327148,122.98059982299804,-0.04142991728004719,6.192494139617341
2022-01-28,109.30840301513672,117.61000061035156,119.5999984741211,114.19000244140625,118.70999908447266,14005900,40.83443683846277,-0.5401889635084984,127.5504997253418,122.97119979858398,-0.023334974267741004,6.394722183332215
2022-01-31,113.97405242919922,122.62999725341795,122.7699966430664,118.80999755859375,119.5199966430664,10189100,47.53846168425675,-0.635322949232048,127.666499710083,123.04259979248047,0.019283515434320275,6.276414989375735
2022-02-01,114.3644027709961,123.0500030517578,123.23999786376953,120.0999984741211,122.9000015258789,6956300,48.06865316043763,-0.6691132396124857,127.37899971008301,123.03579986572265,-0.04464285608509966,6.352986880735243
2022-02-02,115.38679504394531,124.1500015258789,126.47000122070312,122.55000305175781,126.2300033569336,8562900,49.50790434819847,-0.6002127257115859,126.91650009155273,123.03359985351562,-0.06934027581577906,6.227039273528205
2022-02-03,111.3810043334961,119.83999633789062,123.87999725341797,119.25,121.44999694824219,9926800,44.32443417078953,-0.8832088882132183,126.55550003051758,122.93539978027344,-0.05682355862925015,6.424436232232409
2022-02-04,112.47769927978516,121.0199966430664,121.83000183105469,119.38999938964844,120.44000244140625,5743200,45.99166547498129,-1.0007333913191303,126.18299980163575,122.92859970092773,-0.05799022734372128,6.522816600507679
2022-02-07,113.67664337158203,122.30999755859376,124.0999984741211,121.87999725341797,122.55999755859375,6562900,47.83090013399043,-0.9785005683962851,126.12349967956543,122.96059967041016,-0.009635647298835925,6.553931904717543
2022-02-08,114.97782897949219,123.70999908447266,123.86000061035156,121.61000061035156,122.0,7036200,49.827828248804565,-0.838249653006045,126.05849952697754,123.0929997253418,-0.010399192300957982,6.571978204021692
2022-02-09,116.66006469726562,125.5199966430664,125.55000305175781,122.76000213623047,124.87999725341797,10979700,52.36644003395723,-0.5744264849577121,125.8759994506836,123.21779968261718,-0.028257347508087394,6.531581128674399
2022-02-10,115.9072494506836,124.70999908447266,128.66000366210938,124.36000061035156,124.80000305175781,10474900,51.119878815890054,-0.42579644076256784,125.49999961853027,123.36899963378906,-0.056870580700625784,6.3607689847127125
2022-02-11,112.46842193603516,121.01000213623048,126.58000183105469,120.44999694824219,125.5,9845700,45.76117153603702,-0.5996524710590592,124.59099960327148,123.37659973144531,-0.13061283128311507,5.548572784754651
2022-02-14,111.31591796875,119.7699966430664,121.55000305175781,118.0,119.94999694824219,8081800,44.09297747116642,-0.8279486313322479,123.54649925231934,123.3379997253418,-0.1485141936241131,4.155884207920749
2022-02-15,115.73065185546875,124.5199966430664,124.61000061035156,121.45999908447266,122.0199966430664,9248700,51.401461909921586,-0.6184604534114442,123.08099899291992,123.44179962158204,-0.06956590495859905,3.3951944328183505
2022-02-16,114.87557220458984,123.5999984741211,124.29000091552734,121.56999969482422,123.13999938964844,5749500,50.03709527533153,-0.5206737240342392,122.71049919128419,123.53099960327148,-0.05656053998481925,2.8439645052722367
2022-02-17,111.30663299560547,119.76000213623048,122.75,119.6500015258789,122.48999786376953,7976700,44.70343834325668,-0.7444510801199016,122.28199920654296,123.47979965209962,-0.06678095201858203,2.586695984951789
2022-02-18,110.88841247558594,119.30999755859376,120.69000244140625,118.44999694824219,120.5199966430664,8389000,44.110046856334975,-0.94718924757548,122.02099914550782,123.42999954223633,-0.04191762042778513,2.6111682939962364
2022-02-22,108.6578140258789,116.91000366210938,119.36000061035156,115.72000122070312,117.5,9793500,40.98535648377519,-1.286688017266485,121.56849937438965,123.37819961547852,-0.07184816995984633,2.6759870858272365
2022-02-23,107.71910095214844,115.9000015258789,119.43000030517578,115.76000213623047,118.55000305175781,8114700,39.71047051440446,-1.618583941512668,121.23949928283692,123.31359970092774,-0.05372307030298751,2.948625352603561
2022-02-24,103.98285675048828,111.87999725341795,111.9800033569336,104.37999725341797,108.0,27539100,35.038718852836624,-2.1808550612578728,120.67949905395508,123.2227996826172,-0.09099776089547318,3.5772251920055376
2022-02-25,103.37875366210938,111.2300033569336,113.0,109.36000061035156,112.29000091552734,14258900,34.33534919171653,-2.6483791831566066,120.42199935913087,123.12159973144531,-0.04425153821983885,4.056284226199464
2022-02-28,99.45661163330078,107.01000213623048,109.7699966430664,105.0,109.37000274658203,26390800,30.109389549422374,-3.321130325519036,119.89199943542481,122.85379974365235,-0.09012837700119958,5.02086031059661
2022-03-01,100.42320251464844,108.0500030517578,111.11000061035156,107.05000305175781,110.0,20377900,32.32018650742826,-3.727403878831936,119.16299972534179,122.68339981079102,-0.11889419006941859,5.624566236680828
2022-03-02,101.87308502197266,109.61000061035156,109.97000122070312,107.86000061035156,108.4000015258789,13342400,35.61037515646767,-3.87878758255016,118.49099960327149,122.54919982910157,-0.10922390985844221,5.930290112791483
2022-03-03,101.11097717285156,108.79000091552734,110.0,107.5999984741211,109.91000366210938,10841700,34.65665118797402,-4.018603422001405,117.7229995727539,122.42619979858398,-0.12372130826877026,6.149399061173282
2022-03-04,97.6442642211914,105.05999755859376,108.12000274658203,103.80999755859375,107.0,22372100,30.637129013203648,-4.379899821304036,116.98399963378907,122.17859970092773,-0.12333110172687622,6.74121101867908
2022-03-07,92.28153228759766,99.29000091552734,104.08999633789062,99.05999755859375,103.29000091552734,29422900,25.676136892406603,-5.073338045033012,115.8974998474121,121.73839965820312,-0.17955706767724522,7.734452238067015
2022-03-08,92.94141387939453,100.0,103.11000061035156,98.62000274658203,100.20999908447266,25650000,27.237468613061495,-5.502176178879452,114.78199996948243,121.32479965209961,-0.18240534710096734,8.345616094646392
2022-03-09,97.5420150756836,104.9499969482422,105.72000122070312,102.76000213623047,104.51000213623047,14348400,37.150383281352376,-5.380586057914968,113.8439998626709,120.96979965209961,-0.1516449945442211,8.343604809704768
2022-03-10,96.62190246582031,103.95999908447266,105.52999877929688,102.5199966430664,104.19000244140625,11811000,36.09134740259636,-5.302980111159016,112.76599998474121,120.60779968261718,-0.1717654408476651,8.146106525662349
2022-03-11,94.25189971923828,101.41000366210938,105.36000061035156,101.30000305175781,105.36000061035156,18116400,33.44657190259741,-5.38516334769362,111.60100021362305,120.20779968261719,-0.18683341827771938,8.01307164862013
2022-03-14,92.29083251953125,99.3000030517578,101.86000061035156,99.06999969482422,101.5199966430664,17959400,31.39638601055313,-5.556501677454548,110.51550025939942,119.78539978027344,-0.1794066498737189,8.140852272260712
2022-03-15,94.88389587402344,102.08999633789062,102.13999938964844,97.62000274658203,98.02999877929688,13415600,36.903827651932964,-5.404855586180233,109.63150024414062,119.42099975585937,-0.1476162711924004,8.04235606724005
2022-03-16,98.70352935791016,105.69000244140624,105.79000091552734,102.80999755859375,102.98999786376953,20347100,43.236104098531214,-4.937270776084532,108.69000053405762,118.95879974365235,-0.15122064495099452,7.273057624438276
2022-03-17,99.45065307617188,106.48999786376952,106.52999877929688,104.75,105.75,8042000,44.567449258674024,-4.4508469079739115,107.83450050354004,118.42059982299804,-0.13843042735905864,6.378187929811486
2022-03-18,99.66545104980469,106.72000122070312,107.04000091552734,104.88999938964844,105.70999908447266,10218200,44.96709232676898,-4.000675838582296,107.18250045776367,118.01379989624023,-0.10888444124018948,5.728354142050351
2022-03-21,99.85222625732422,106.91999816894533,107.22000122070312,105.12999725341797,106.72000122070312,10366100,45.336139259455166,-3.5864317873349876,106.56300048828125,117.58279983520508,-0.10384711795475177,4.967175940402653
2022-03-22,99.96430969238281,107.04000091552734,107.95999908447266,106.2300033569336,106.38999938964844,10401200,45.571988298361084,-3.2114377185411342,106.06950035095215,117.25359985351562,-0.08442393668131332,4.335168949860724
2022-03-23,98.38599395751953,105.3499984741211,108.19000244140625,105.3499984741211,106.5,12905300,42.77310121350639,-3.0158563754268783,105.54200019836426,116.86039978027344,-0.09102677232840362,3.6663039472142644
2022-03-24,100.78610229492188,107.91999816894533,107.9800033569336,105.83000183105469,106.77999877929688,10834000,48.003030937048074,-2.623240175104357,105.34400024414063,116.43539978027344,-0.03539505882810212,3.40351595354435
2022-03-25,99.67479705810547,106.7300033569336,107.9800033569336,105.83999633789062,107.69000244140625,7432100,45.91081123232717,-2.380668776093586,105.11900024414062,115.92539993286132,-0.04045671009790086,3.1318228092266325
2022-03-28,99.30121612548828,106.33000183105467,106.72000122070312,104.61000061035156,105.62000274658203,8151200,45.19770169794417,-2.195398784333676,105.08500022888184,115.2681999206543,-0.006354549029072287,3.113852620708079
2022-03-29,102.02820587158203,109.25,109.76000213623047,106.79000091552734,107.91999816894531,14076200,51.161331862305104,-1.7922911159525512,105.14500007629394,114.63999984741211,0.011105940900967726,3.184745436792835
2022-03-30,99.67479705810547,106.7300033569336,109.33999633789062,106.51000213623047,107.79000091552734,15456300,46.46223797919364,-1.65706642289625,105.00100021362304,114.09799987792968,-0.026274949706970308,3.0337639715619784
2022-03-31,97.3680648803711,104.26000213623048,107.1500015258789,104.19000244140625,106.95999908447266,13021600,42.35578456952431,-1.7292743371344699,104.77450027465821,113.56300003051757,-0.04163984503331597,2.902242873623329
2022-04-01,95.99522399902344,102.79000091552734,105.94999694824219,102.20999908447266,105.7699966430664,12085100,40.085109161814536,-1.8834057139055744,104.66100044250489,113.05220001220704,-0.021606669482363228,2.9346957613473394
2022-04-04,97.86302185058594,104.79000091552734,105.56999969482422,103.27999877929688,104.0199966430664,9077200,44.44860232278152,-1.8231564425563818,104.93600044250488,112.65740005493164,0.055393291865101446,2.648662524697248
2022-04-05,95.72440338134766,102.5,104.5999984741211,102.11000061035156,104.4800033569336,12291000,40.78591317810382,-1.9378540215977438,105.06100044250488,112.18820007324219,0.02499999999999991,2.455395219687833
2022-04-06,94.49166107177734,101.18000030517578,102.13999938964844,99.72000122070312,100.41999816894531,14902600,38.80114689728127,-2.1109321116406505,104.87250061035157,111.76220001220703,-0.03592183661449422,2.604546071858382
2022-04-07,93.87527465820312,100.5199966430664,101.2300033569336,99.6500015258789,100.41999816894531,12431000,37.81038903718478,-2.275128262222708,104.70050048828125,111.31099990844727,-0.0330896736408306,2.775925596975046
2022-04-08,92.7265853881836,99.29000091552734,100.69999694824219,99.12000274658203,100.62000274658203,11796200,35.96719331506269,-2.475963899636568,104.59450035095215,110.96919998168946,-0.0209052624990107,2.9436006519078295
2022-04-11,91.12029266357422,97.56999969482422,98.37999725341797,96.91000366210938,98.22000122070312,12480500,33.50733532617886,-2.742305719778898,104.50800018310547,110.56839996337891,-0.01742198694628294,3.1270734039181067
2022-04-12,90.9989013671875,97.44000244140624,100.1500015258789,97.44000244140625,100.0,13291500,33.321844419766435,-2.9300968900231226,104.27550048828125,110.06460006713867,-0.045547987690137126,3.470339743080473
2022-04-13,94.7905044555664,101.5,102.22000122070312,99.5,99.80000305175781,15776800,43.788017512950205,-2.719960857591346,104.06600036621094,109.63360000610352,-0.039644264780191896,3.5067354880345656
2022-04-14,91.85807800292969,98.36000061035156,104.5,98.33000183105469,104.0,17828500,38.72525974253288,-2.774811941810867,103.65950050354004,109.11779998779296,-0.0763451724716766,3.677989356732039
2022-04-18,92.24095916748047,98.7699966430664,99.83999633789062,97.47000122070312,97.94999694824219,10277400,39.70552621529973,-2.753458413255629,103.2620002746582,108.69639999389648,-0.07449404504030743,3.7585338909505883
2022-04-19,92.87602233886719,99.4499969482422,99.44999694824219,97.70999908447266,98.44000244140625,10103000,41.38054088016928,-2.651104958695413,102.88850021362305,108.265,-0.06986533247877258,3.7470362887374637
2022-04-20,92.46510314941406,99.01000213623048,101.0,98.9000015258789,100.4000015258789,8596900,40.59470185546998,-2.5758007846141737,102.4870002746582,107.79900009155273,-0.07501867255806438,3.7088023550796665
2022-04-21,91.204345703125,97.66000366210938,100.6500015258789,97.41000366210938,99.75,13038500,38.19782111971371,-2.5951401187013374,102.10250053405763,107.27800018310546,-0.07299473111905874,3.7940078785593534
2022-04-22,89.35523986816406,95.68000030517578,97.79000091552734,95.36000061035156,97.02999877929688,11650100,34.93938193808141,-2.7386667579985016,101.49050064086914,106.68120025634765,-0.11341732831210971,3.793413772522124
2022-04-25,89.87820434570312,96.23999786376952,96.27999877929688,94.44999694824219,95.05000305175781,10654400,36.58699140146493,-2.775234356671163,100.96600036621093,106.1118002319336,-0.09828544142440154,3.7558596526663015
2022-04-26,86.63758850097656,92.7699966430664,95.0199966430664,92.7699966430664,94.94000244140625,14176000,31.297916702017744,-3.0490667965229648,100.28800010681152,105.54700012207032,-0.1275275552946331,3.9552192777062833
2022-04-27,84.29350280761719,90.26000213623048,92.69000244140625,90.22000122070312,91.83999633789062,15846300,28.130152046520166,-3.429088163943362,99.33850021362306,104.9568002319336,-0.17382149074388575,3.969911383269365
2022-04-28,88.9256362915039,95.22000122070312,96.19999694824219,91.77999877929688,92.16000366210938,15176200,40.86697431039966,-3.2920783320903695,98.76300010681153,104.37080032348632,-0.10784223530601744,3.6645344301657623
2022-04-29,86.78701782226562,92.93000030517578,95.58999633789062,92.7699966430664,93.18000030517578,10629300,37.5575646596858,-3.3298960202579906,98.19650001525879,103.75740036010743,-0.10867064645030844,3.645731805156039
2022-05-02,87.56212615966797,93.76000213623048,94.2699966430664,91.23999786376953,92.5,8251900,39.470811366705554,-3.2553667578520873,97.74500007629395,103.23740036010742,-0.08784899989170836,3.6058509946704493
2022-05-03,87.44073486328125,93.62999725341795,94.05000305175781,92.51000213623047,92.77999877929688,9511900,39.267859213161486,-3.170247448808553,97.18699989318847,102.72380035400391,-0.10649874572580276,3.309595251451035
2022-05-04,89.64474487304688,95.98999786376952,96.06999969482422,91.91999816894531,93.91000366210938,9082500,44.8150766366617,-2.8791681984608175,96.86149978637695,102.30540023803711,-0.0635122159632242,3.0710947060144256
2022-05-05,86.05857849121094,92.1500015258789,94.37999725341797,91.22000122070312,94.04000091552734,11517200,38.631968832903894,-2.9246281153311173,96.40999984741211,101.83040023803711,-0.08924687440265755,3.0665646508841675
2022-05-06,85.57294464111328,91.62999725341795,92.87999725341797,90.2699966430664,91.4000015258789,7944900,37.86999732082242,-2.968397586290976,95.96549987792967,101.42540023803711,-0.08844010830218885,3.0837204382463024
2022-05-09,81.52915954589844,87.30000305175781,90.19000244140625,87.01000213623047,89.94000244140625,11428600,32.178541883878594,-3.314274656989781,95.36599998474121,100.9468002319336,-0.1207573547508598,3.5357410355625034
2022-05-10,82.94869232177734,88.81999969482422,90.29000091552734,88.08999633789062,90.0199966430664,11690400,35.82470375223896,-3.42623816071729,94.92849998474121,100.58300018310547,-0.0896792049540629,3.7814798607938567
2022-05-11,82.02413940429688,87.83000183105469,90.56999969482422,87.80000305175781,88.87000274658203,11531300,34.52288011008078,-3.553887593958734,94.44799995422363,100.17860015869141,-0.098624798538263,4.04680273195436
2022-05-12,81.89337921142578,87.69000244140625,88.20999908447266,85.38999938964844,86.22000122070312,11592900,34.332878913213264,-3.624565732635986,93.75750007629395,99.7402001953125,-0.1360590892472291,3.957402515904868
2022-05-13,84.94722747802734,90.95999908447266,91.36000061035156,88.16000366210938,88.87000274658203,11180600,42.31822560356328,-3.3777803172509238,93.3875,99.38360015869141,-0.07523384993859095,3.8488867719941893
2022-05-16,84.43360137939453,90.41000366210938,91.37000274658203,89.5,89.87000274658203,6729100,41.40619877599479,-3.189810976300123,92.96950035095215,99.09060028076172,-0.08464101716200567,3.683993817401919
2022-05-17,87.1512222290039,93.31999969482422,93.48999786376953,92.37000274658203,93.30000305175781,7668800,47.81456703077678,-2.7740539917340783,92.66300048828126,98.97120025634766,-0.06163898885394925,3.3569375832013013
2022-05-18,84.54566955566406,90.52999877929688,93.2300033569336,90.37000274658203,92.06999969482422,9610900,42.962949986381474,-2.6392694872103277,92.23900032043456,98.78180023193359,-0.08564794640914908,3.0329880380268057
2022-05-19,84.24681854248047,90.20999908447266,92.0999984741211,89.55999755859375,89.83999633789062,7739000,42.43115886699666,-2.529118987957361,91.86650009155272,98.4870002746582,-0.07628511466590504,2.779016796148244
2022-05-20,84.77911376953125,90.77999877929688,93.04000091552734,88.83000183105469,93.04000091552734,10469900,43.76637871893672,-2.3685268093206986,91.62150001525877,98.22340026855468,-0.05121239036632652,2.6375123166263483
2022-05-23,85.45153045654297,91.5,91.91000366210938,90.6500015258789,91.0199966430664,6920500,45.48632179202592,-2.1582789730185397,91.3845001220703,98.0252001953125,-0.04925184922051973,2.4032194861799105
2022-05-24,82.85530853271484,88.72000122070312,89.80000305175781,88.5199966430664,89.5199966430664,8788600,40.354138513815506,-2.1907253973636927,91.18200035095215,97.8136001586914,-0.04365630666071574,2.4504955966624524
2022-05-25,84.43360137939453,90.41000366210938,90.91999816894531,89.04000091552734,89.33000183105469,9113500,44.45692281251231,-2.056365843933733,91.18950042724609,97.58000030517579,0.0016618825872891652,2.4477531896643208
2022-05-26,84.98460388183594,91.0,91.37000274658203,89.04000091552734,89.41000366210938,9762700,45.857111165166096,-1.8805987840194547,90.97850036621092,97.28620025634766,-0.044318432751559333,2.2564407361974927
2022-05-27,87.57146453857422,93.7699966430664,93.81999969482422,92.52999877929688,92.62000274658203,6279000,51.97796106547489,-1.500489830690782,91.02050018310545,97.03180023193359,0.009039022222448345,2.3020333218470905
2022-05-31,89.0003433227539,95.3000030517578,96.29000091552734,94.51000213623047,95.54000091552734,9621700,55.003793652152055,-1.0635322781793803,91.09750022888183,96.80340026855468,0.01642492406612517,2.421162015423138
2022-06-01,88.48668670654297,94.75,96.36000061035156,93.83000183105469,95.5999984741211,6152400,53.69404795843492,-0.7529414787373838,91.15350036621092,96.56000030517578,0.011962007683826492,2.494657213924706
2022-06-02,89.9715805053711,96.33999633789062,96.37000274658203,93.62000274658203,93.98999786376953,6335000,56.889916503445725,-0.37418326442845284,91.17100028991699,96.34600021362304,0.003646197332120238,2.531328808088433
2022-06-03,87.57146453857422,93.7699966430664,94.58000183105469,92.9000015258789,94.36000061035156,9137100,50.78839420826463,-0.27818539964900424,91.25200004577637,96.11440017700195,0.01757997927685917,2.589553960507209
2022-06-06,86.95509338378906,93.11000061035156,95.54000091552734,92.87000274658203,95.0,9440200,49.32532196386893,-0.2524524495152889,91.32600021362305,95.81820022583008,0.016151952431477268,2.6218692436518474
2022-06-07,87.6368637084961,93.83999633789062,93.86000061035156,91.7699966430664,92.66999816894531,7360200,51.006461543399965,-0.17118107784598635,91.65299987792969,95.56040008544922,0.07491400982260488,2.498238495648837
2022-06-08,87.29131317138672,93.47000122070312,94.93000030517578,93.13999938964844,94.0,6446300,50.099258638872996,-0.13507142474287548,91.88549995422363,95.30320007324218,0.05235309099139607,2.4363172614929707
2022-06-09,84.8445053100586,90.8499984741211,93.5,90.80000305175781,93.0,8086700,44.11566001118976,-0.3142441785946488,92.03649978637695,94.9352000427246,0.0343845676887895,2.258858275608137
2022-06-10,82.81795501708984,88.68000030517578,90.72000122070312,88.62999725341797,90.54000091552734,10460400,39.86845818131276,-0.6241458290941466,92.08599967956543,94.57419998168945,0.011289746107956189,2.167601370000546
2022-06-13,79.8948745727539,85.55000305175781,86.83000183105469,85.0199966430664,86.05999755859375,14603700,34.68186864161969,-1.1095198851246124,91.81549987792968,94.2,-0.05947665003482128,2.6082802360963084
2022-06-14,81.42645263671875,87.19000244140625,87.87999725341797,86.29000091552734,86.73999786376953,10449600,39.14876857700142,-1.3463284405597022,91.65449981689453,93.88800003051757,-0.03561554131484479,2.79247839872657
2022-06-15,83.23818969726562,89.12999725341797,89.80999755859375,87.37000274658203,87.51000213623047,11742500,44.02524613633436,-1.3617620139103792,91.44499969482422,93.57479995727539,-0.044899297632966406,2.818007824373762
2022-06-16,79.34867858886719,84.5199966430664,85.93000030517578,83.98999786376953,85.22000122070312,10505200,36.533067900840756,-1.7260845258922615,91.14449958801269,93.21519989013672,-0.0663868575860943,3.2134145486986028
2022-06-17,79.79930877685547,85.0,85.5999984741211,83.94999694824219,85.0,9735500,37.72149477287361,-1.9535610463973967,90.88399963378906,92.8915998840332,-0.05775411969125521,3.4922395743384143
2022-06-21,81.6300048828125,86.94999694824219,87.75,86.0,86.0,9604000,42.43714539293996,-1.9539652754644692,90.69249954223633,92.62019989013672,-0.04218993040929797,3.601542965377868
2022-06-22,79.71484375,84.91000366210938,86.18000030517578,84.55000305175781,84.63999938964844,7868700,39.101524959059276,-2.0947490757587985,90.3629997253418,92.33259994506835,-0.07202181790044404,3.8186862023305252
2022-06-23,78.9731674194336,84.12000274658203,84.2300033569336,82.76000213623047,84.12999725341797,10370300,37.86044512624739,-2.2441980057094213,90.13299980163575,92.06360000610351,-0.0518484942609273,4.0541238901563
2022-06-24,80.66302490234375,85.91999816894531,86.55000305175781,84.1500015258789,84.1500015258789,10670100,42.35029291099846,-2.1921233387219843,89.90849952697754,91.8331999206543,-0.04966270668392658,4.160890175316671
2022-06-27,80.60670471191406,85.86000061035156,87.0,85.58000183105469,86.91999816894531,7358000,42.2407354869212,-2.131128765685503,89.65149955749511,91.52039993286132,-0.05648350977635641,4.247755596094709
2022-06-28,79.17970275878906,84.33999633789062,86.80999755859375,84.33999633789062,86.1500015258789,8289200,39.45593763022784,-2.180308529164506,89.17999954223633,91.23999984741211,-0.10056521960932652,4.289699580937155
2022-06-29,78.53191375732422,83.6500015258789,84.61000061035156,83.33000183105469,84.43000030517578,7981300,38.224012872344794,-2.2490351832283153,88.59749946594238,90.93759994506836,-0.12224555249543623,4.205067342385047
2022-06-30,76.74816131591797,81.75,82.22000122070312,80.12000274658203,81.45999908447266,14201600,34.98476908587499,-2.428817895078012,87.94749946594239,90.58360000610351,-0.13720316622691298,4.2087266597941415
2022-07-01,72.28878784179688,77.0,79.22000122070312,76.18000030517578,79.04000091552734,19531700,28.48560932651874,-2.9209118386060737,86.98049964904786,90.14339996337891,-0.20074732274288232,4.396566780987954
2022-07-05,71.45323944091797,76.11000061035156,76.1500015258789,73.73999786376953,74.55000305175781,22253100,27.456402595441915,-3.344165884264058,86.09749984741211,89.71239990234375,-0.1883331200270515,4.722526624475886
2022-07-06,70.9369125366211,75.55999755859375,76.30000305175781,73.77999877929688,74.29000091552734,11530500,26.811696940296798,-3.681539914087736,85.21999969482422,89.30999984741212,-0.18848676765884032,4.974707364255519
2022-07-07,75.7154769897461,80.6500015258789,80.95999908447266,78.33999633789062,78.5999984741211,15847800,40.69121995241631,-3.497869223093943,84.56049995422363,88.9981999206543,-0.1405583474717792,4.634472074744981
2022-07-08,76.52284240722656,81.51000213623047,82.16000366210938,79.76000213623047,79.91999816894531,10004200,42.66948302183334,-3.2455018897448724,83.9625,88.77300003051758,-0.12795548227535036,4.172986700417625
2022-07-11,74.26972198486328,79.11000061035156,80.2699966430664,78.81999969482422,79.7699966430664,9519600,38.78180318278302,-3.202245532179745,83.37550010681153,88.55,-0.12922397425371124,3.974128700527961
2022-07-12,74.26031494140625,79.0999984741211,81.4800033569336,78.93000030517578,81.16000366210938,10363700,38.765950984913594,-3.1326602881778314,82.8965000152588,88.22759994506836,-0.108028888115549,3.8772864204735646
2022-07-13,76.31632232666016,81.29000091552734,81.72000122070312,78.9000015258789,79.27999877929688,14706500,44.14900704072526,-2.867741052814239,82.68349990844726,87.99479995727539,-0.04979546445665428,3.840682709486898
2022-07-14,78.55070495605469,83.66999816894531,84.04000091552734,80.51000213623047,82.94999694824219,23377000,49.35919146358804,-2.4376451068542906,82.50749969482422,87.79299987792969,-0.04037165011924926,3.7014301792015374
2022-07-15,80.39080047607422,85.62999725341797,86.04000091552734,83.97000122070312,85.58000183105469,14061000,53.22878167861212,-1.9165427138866562,82.33249969482422,87.63299987792969,-0.0392684854465849,3.445753596808223
2022-07-18,78.46621704101562,83.58000183105469,86.08000183105469,83.37000274658203,86.05999755859375,11352500,49.01050350780469,-1.649963064041998,82.28549995422364,87.38479995727539,-0.011121567076976868,3.420665357849335
2022-07-19,80.87896728515625,86.1500015258789,86.47000122070312,84.55999755859375,85.0,10673100,53.93871772522927,-1.2172871454706922,82.34300003051757,87.26479995727539,0.013529429716222507,3.4778836202249384
2022-07-20,81.26387023925781,86.55999755859375,86.75,85.11000061035156,85.18000030517578,11664800,54.6910745797044,-0.8317175867669846,82.32350006103516,87.16339996337891,-0.0044853295380860025,3.4516880509201187
2022-07-21,82.41860961914062,87.79000091552734,87.80000305175781,86.4000015258789,86.68000030517578,7135000,56.96224037800033,-0.4220349856708765,82.46749992370606,87.1731999206543,0.033918232589867925,3.621185972645733
2022-07-22,81.0385513305664,86.31999969482422,87.7300033569336,85.80000305175781,87.41000366210938,8612100,53.5100367209985,-0.21351412793748636,82.57749977111817,87.1231999206543,0.026153077465651542,3.7064364975672737
2022-07-25,81.019775390625,86.30000305175781,86.69999694824219,85.62999725341797,86.30000305175781,5960900,53.462570652028674,-0.049305049924441846,82.59650001525878,87.09259994506836,0.004422775732202622,3.7253984149266652
2022-07-26,79.25479888916016,84.41999816894531,85.19999694824219,83.8499984741211,84.76000213623047,6977700,49.05668910688046,-0.0700612324471308,82.52449989318848,87.02719985961915,-0.01677151678511213,3.672546102892801
2022-07-27,82.26838684082031,87.62999725341797,87.9000015258789,85.30999755859375,85.30999755859375,9399500,55.76052746940435,0.1705435228271739,82.68899993896484,86.96059982299805,0.03900878655894924,3.8285160883267864
2022-07-28,83.1884536743164,88.61000061035156,88.62000274658203,86.44999694824219,87.12999725341797,10668200,57.59520067263927,0.4352849120102604,82.93699989318847,86.9245997619629,0.05929466818883644,4.0483773142202795
2022-07-29,83.06640625,88.4800033569336,89.20999908447266,87.79000091552734,87.81999969482422,10366200,57.255996604097106,0.6273727162313634,83.27350006103515,86.82779983520508,0.08232420008481456,4.220558020483081
2022-08-01,81.02915954589844,86.30999755859375,86.88999938964844,84.30000305175781,85.30000305175781,20102600,51.7744666495485,0.5976134368648758,83.73899993896484,86.74339981079102,0.12090905920251616,3.9998605330346417
2022-08-02,80.78507232666016,86.05000305175781,87.51000213623047,84.16999816894531,84.5199966430664,15541600,51.14270613470789,0.546747050071005,84.23600006103516,86.66019989013672,0.13060047775185968,3.5995447343374405
2022-08-03,81.21693420410156,86.51000213623047,86.7699966430664,84.55999755859375,85.95999908447266,20779400,52.252806319099676,0.5373588158733753,84.78350028991699,86.57479995727539,0.1449180112684021,2.991924742215448
2022-08-04,83.01007843017578,88.41999816894531,88.41999816894531,86.62000274658203,87.0,13472500,56.656498374924084,0.676243970426583,85.17200012207032,86.5131999206543,0.0963421760205816,2.9307832795198245
2022-08-05,84.27748107910156,89.7699966430664,90.9800033569336,88.01000213623047,88.02999877929688,13293500,59.499731613357504,0.8850428276796265,85.5849998474121,86.53419982910157,0.10133718918361367,2.9693193380487393
2022-08-08,82.55944061279297,87.94000244140625,89.0999984741211,86.91000366210938,88.9800033569336,12120300,54.299906964606265,0.8925632743673191,86.02649993896485,86.4847998046875,0.1116167584746457,2.5878487791971856
2022-08-09,79.9964828491211,85.20999908447266,87.13999938964844,84.44000244140625,86.94000244140625,13075000,47.61472648580887,0.6705056554143454,86.33199996948242,86.36899978637695,0.07724400414938759,2.027000772542014
2022-08-10,83.24478149414062,88.66999816894531,88.66999816894531,86.30999755859375,86.80999755859375,10704600,55.151113639478844,0.764899121316077,86.70099983215331,86.26699981689453,0.09078603973798582,1.7073706108549938
2022-08-11,84.04276275634766,89.5199966430664,91.0,89.30999755859375,89.95999908447266,11158800,56.795521695662515,0.8979434629488452,86.99349975585938,86.1513996887207,0.06991751645923139,1.6612585825467872
2022-08-12,85.30077362060547,90.86000061035156,91.3499984741211,89.63999938964844,89.68000030517578,12098800,59.32734326299534,1.0988424121830462,87.25499992370605,86.07359970092773,0.06107676660850103,1.8376023353038438
2022-08-15,85.96733093261719,91.56999969482422,91.94000244140625,90.0,90.01000213623047,15949500,60.64335213951307,1.3003575567867642,87.65449981689453,85.9781997680664,0.09559700512953073,1.8649181336931513
2022-08-16,84.44644927978516,89.94999694824219,91.3499984741211,88.56999969482422,91.13999938964844,10566100,56.176957085184306,1.314189914720032,87.8444995880127,85.90179977416992,0.04410905809701915,1.8968709271910467
2022-08-17,83.74234008789062,89.19999694824219,89.7699966430664,88.4800033569336,89.0,9093100,54.18719654865386,1.2502216491153888,87.97649955749512,85.82359970092773,0.030499069594605466,1.8946352900696624
2022-08-18,83.80805206298828,89.2699966430664,89.66999816894531,88.41999816894531,88.70999908447266,10947700,54.3497161136217,1.1914405431818977,88.05049934387208,85.73219970703126,0.016858363277193034,1.91575254368971
2022-08-19,81.8647232055664,87.19999694824219,88.58999633789062,87.0199966430664,88.5,9602800,48.83288164133217,0.9666811193655889,88.09449920654296,85.60679962158203,0.010194592869892327,1.8837540052796364
2022-08-22,80.02464294433594,85.23999786376953,86.02999877929688,84.94000244140625,85.41000366210938,8054000,44.25250870248824,0.6232180413251882,88.04149894714355,85.494599609375,-0.012282794327974078,1.9506252008841618
2022-08-23,80.76628875732422,86.02999877929688,86.5999984741211,84.98999786376953,85.16000366210938,8462500,46.43342392742438,0.4100408533148112,88.12199897766114,85.44159957885742,0.019071317759679962,1.8223047112560358
2022-08-24,80.32505798339844,85.55999755859375,86.12999725341797,85.19999694824219,85.80000305175781,7085800,45.29802418873635,0.20085588381111563,88.01849899291992,85.44179946899413,-0.02362204450192973,1.9084663916138178
2022-08-25,82.21207427978516,87.56999969482422,87.58999633789062,86.01000213623047,86.33000183105469,6602100,50.83481339060913,0.19501762075039153,87.96649894714355,85.4493994140625,-0.011736834537453444,1.9056678999379348
2022-08-26,79.55522155761719,84.73999786376953,87.79000091552734,84.6500015258789,87.5,9381500,44.071119561142034,-0.03753407182576041,87.77949867248535,85.36159942626954,-0.04226949990131279,2.0319432384312015
2022-08-29,77.78085327148438,82.8499984741211,84.31999969482422,82.77999877929688,83.91000366210938,9639700,40.222124584803716,-0.3700741347354324,87.60649871826172,85.32819946289062,-0.04008804521311393,2.2940315254870134
2022-08-30,77.72453308105469,82.79000091552734,83.9800033569336,81.7300033569336,83.77999877929688,8392300,40.10238986182936,-0.6311799820341264,87.4434986114502,85.28399948120118,-0.037884974091977996,2.515568616123937
2022-08-31,78.2502670288086,83.3499984741211,84.87000274658203,83.05999755859375,84.11000061035156,8887100,41.84258301181542,-0.7838849861320654,87.28549842834472,85.21199951171874,-0.03652761049679787,2.671680629491142
2022-09-01,76.6448974609375,81.63999938964844,81.83000183105469,80.12000274658203,81.44999694824219,11566000,38.19359124463364,-1.0310026800000003,86.94649848937988,85.14659942626953,-0.07667947206176406,2.937111191702896
2022-09-02,75.95018005371094,80.9000015258789,82.9800033569336,80.61000061035156,81.55000305175781,8850100,36.701955199804665,-1.2718952591430934,86.50299873352051,85.08219940185546,-0.09880801435757425,3.1502711991268364
2022-09-06,75.13341522216797,80.02999877929688,81.02999877929688,79.5199966430664,81.02999877929688,12704400,34.97263441023472,-1.515536156955278,86.10749855041504,84.9643994140625,-0.08994773075404161,3.4432718894364895
2022-09-07,75.05830383300781,79.94999694824219,80.18000030517578,78.2300033569336,78.38999938964844,9843500,34.81020788060725,-1.6955337453885164,85.84449844360351,84.8461993408203,-0.06172986964846672,3.7062695413726447
2022-09-08,75.33055877685547,80.23999786376953,80.73999786376953,78.7699966430664,79.01000213623047,8181700,35.971091914719665,-1.7941011989578044,85.42299842834473,84.7641993713379,-0.0950716192540556,3.844791262193958
2022-09-09,76.5416259765625,81.52999877929688,81.66000366210938,80.73999786376953,80.83000183105469,7084700,41.003873394682174,-1.747974758219783,85.02349853515625,84.72179931640625,-0.08925377751774499,3.81164438716499
2022-09-12,77.12370300292969,82.1500015258789,82.5,81.76000213623047,81.97000122070312,7903000,43.31022231244512,-1.6424569600997359,84.58799858093262,84.72979934692383,-0.09586175463309798,3.6014839787591235
2022-09-13,73.98805236816406,78.80999755859375,81.13999938964844,78.5199966430664,80.41999816894531,12835100,35.303461511216014,-1.8075079252295723,83.94999847412109,84.7659992980957,-0.13934697148362774,3.425439838602772
2022-09-14,74.78604125976562,79.66000366210938,80.16000366210938,78.9800033569336,79.73999786376953,8849600,38.42337169163106,-1.8484162238374182,83.43549880981445,84.83699935913086,-0.11439681640071364,3.244825835696403
2022-09-15,73.62287902832031,77.9800033569336,79.25,77.66999816894531,78.58000183105469,10533100,34.84658329401529,-1.9934194311500306,82.87449913024902,84.88539947509766,-0.12578468582032498,3.1646699205535644
2022-09-16,73.53791046142578,77.88999938964844,78.0,76.91999816894531,77.11000061035156,10604500,34.660430864305766,-2.0914887057094376,82.30549926757813,84.83019943237305,-0.1274784102313714,2.9714006157674473
2022-09-19,73.85891723632812,78.2300033569336,78.2300033569336,76.55000305175781,76.55000305175781,10378600,36.050237741068855,-2.117366154703788,81.8569995880127,84.76459945678711,-0.10286690258295261,2.8689419550596726
2022-09-20,73.78337860107422,78.1500015258789,78.44000244140625,77.51000213623047,77.54000091552734,8202800,35.85697308375043,-2.1198928929492666,81.50249977111817,84.74539947509766,-0.08317687136996232,2.866957729057582
2022-09-21,72.8298110961914,77.13999938964844,79.30999755859375,77.13999938964844,77.58000183105469,10869000,33.421008826445714,-2.178284178590758,81.05799980163575,84.7061994934082,-0.10333603993712737,2.8167828199049882
2022-09-22,71.40419006347656,75.62999725341797,76.75,75.36000061035156,76.44999694824219,10817900,30.125848658652956,-2.31966459640131,80.56149978637696,84.59299942016601,-0.11605891290933534,2.856350507318299
2022-09-23,69.74253845214844,73.87000274658203,74.38999938964844,73.08999633789062,74.30000305175781,12685500,26.808113863549437,-2.5443962280357795,79.87649993896484,84.39699951171875,-0.1564462372500376,2.7269473200505074
2022-09-26,68.93057250976562,73.01000213623047,74.19000244140625,72.91999816894531,73.47000122070312,13441500,25.33961210643608,-2.7600760880847304,79.2900001525879,84.144599609375,-0.1384233658631493,2.8828360676164673
2022-09-27,68.94945526123047,73.02999877929688,74.04000091552734,72.3499984741211,73.51000213623047,12430600,25.44188161496308,-2.8960070030569796,78.79900016784669,83.93359954833984,-0.11852745776321982,3.074483623791056
2022-09-28,68.09973907470703,72.12999725341797,72.29000091552734,70.69999694824219,71.11000061035156,12943600,23.85786976939528,-3.0412976478710902,78.26599998474121,83.65319946289063,-0.12875955482819768,3.2643389796492497
2022-09-29,65.40898895263672,69.27999877929688,70.68000030517578,68.4800033569336,70.5199966430664,16120300,19.679480540640327,-3.3478209926226157,77.5625,83.30759948730469,-0.1688062381811889,3.6089450489517105
2022-09-30,64.72923278808594,68.55999755859375,69.6500015258789,67.73999786376953,67.80999755859375,10472400,18.784428071525312,-3.607258798935632,76.90849990844727,82.92299942016602,-0.16021560422394088,3.995589209567506
2022-10-03,65.38067626953125,69.25,69.56999969482422,67.6500015258789,68.08000183105469,11945100,22.425713571719953,-3.7143707453201387,76.32599983215331,82.58159942626953,-0.14400496052094902,4.225638154289238
2022-10-04,68.74175262451172,72.80999755859375,72.93000030517578,70.72000122070312,70.80000305175781,14900700,37.896581754079044,-3.471972940858123,75.96499977111816,82.31179931640625,-0.09021618556579158,4.200880742958325
2022-10-05,70.31845092773438,74.4800033569336,74.91000366210938,72.58000183105469,72.91999816894531,14037100,43.58087179590149,-3.1092736521287776,75.69150009155274,82.11299942016602,-0.06841768355350586,4.104744056824029
2022-10-06,70.19568634033203,74.3499984741211,74.91999816894531,73.86000061035156,73.97000122070312,11796800,43.2490054463655,-2.800044984634951,75.39700012207031,81.84739944458008,-0.07340477999075234,3.9703224158738735
2022-10-07,65.85272979736328,69.75,72.02999877929688,69.75,71.80999755859375,14758600,33.52198656187319,-2.892813912771828,74.80800018310546,81.47019943237305,-0.14448667920608627,3.885480806940321
2022-10-10,63.67180633544922,67.44000244140625,69.87999725341797,67.01000213623047,69.8499984741211,16042200,29.88683832888931,-3.116802890627042,74.07250022888184,81.0493994140625,-0.17906267573030676,3.814138961065732
2022-10-11,59.90473937988281,63.45000076293945,64.91000366210938,62.619998931884766,64.19999694824219,28699300,24.870150937804794,-3.575064441466779,73.30450038909912,80.59219947814941,-0.19489908985512183,4.322539477454308
2022-10-12,60.52786636352539,64.11000061035156,64.2300033569336,63.369998931884766,63.599998474121094,16468700,27.051420526499854,-3.840710233454004,72.52700023651123,80.15339942932128,-0.19520464896933265,4.5134820128817355
2022-10-13,62.89761734008789,66.62000274658203,70.19999694824219,62.31999969482422,63.060001373291016,36639300,34.80378449084877,-3.804840410229559,71.95900020599365,79.75559944152832,-0.1456783806273264,4.505924599042493
2022-10-14,60.34847640991211,63.91999816894531,67.44999694824219,63.779998779296875,67.26000213623047,19440900,30.988765664410877,-3.9487622482528764,71.2605001449585,79.26559944152832,-0.17935551842563935,4.6194926189987955
2022-10-17,61.264278411865234,64.88999938964844,65.3499984741211,64.04000091552734,64.9800033569336,11280100,33.7964231916241,-3.9391423687192884,70.59349994659424,78.76799949645996,-0.1705228607292757,4.522261012521228
2022-10-18,60.15021896362305,63.709999084472656,66.11000061035156,62.779998779296875,65.9000015258789,16656100,32.08625849421135,-3.9808459932159224,69.87149982452392,78.28339942932129,-0.18477290031305416,4.403480878612005
2022-10-19,60.103004455566406,63.65999984741211,64.11000061035156,62.16999816894531,62.7400016784668,12385200,32.012340433311536,-3.972142549915091,69.1974998474121,77.85239944458007,-0.17474720830818724,4.261753776459952
2022-10-20,60.0274772644043,63.58000183105469,65.27999877929688,63.380001068115234,63.75,11300900,31.885770971325314,-3.9264386392330834,68.59500007629394,77.35059951782226,-0.15932825413158003,4.154943164940334
2022-10-21,60.18798065185547,63.75,63.779998779296875,62.02000045776367,62.02000045776367,13699000,32.49655427683585,-3.832323885030931,68.08899993896485,76.83519958496093,-0.1369974600014522,4.094509489046893
2022-10-24,57.86543655395508,61.290000915527344,61.619998931884766,59.68000030517578,60.58000183105469,25010800,28.512220292090447,-3.91115329078454,67.50299987792968,76.24379959106446,-0.1605259673713555,4.190699946727624
2022-10-25,57.723812103271484,61.13999938964844,61.36000061035156,59.5099983215332,59.959999084472656,21700600,28.284494480736015,-3.940308607433309,66.90849990844727,75.63519958496094,-0.16280979855389388,4.208692814379726
2022-10-26,57.440574645996094,60.84000015258789,61.97999954223633,60.43000030517578,60.86000061035156,14006000,27.806160318047006,-3.942178853263428,66.34400005340576,75.05299964904785,-0.15652291044964772,4.2285885535365955
2022-10-27,57.54443359375,60.95000076293945,62.45000076293945,60.90999984741211,61.849998474121094,12937600,28.28506843131521,-3.8899440529796223,65.9275001525879,74.4879997253418,-0.12023669404057058,4.333127947789694
2022-10-28,58.545204162597656,62.0099983215332,62.029998779296875,60.06999969482422,60.77000045776367,11972300,32.90401601327423,-3.720131295342611,65.60000019073486,73.94279975891114,-0.09553674840000814,4.371050770514078
2022-10-31,58.11090087890625,61.54999923706055,62.27000045776367,61.06999969482422,61.59000015258789,10802800,31.942537368650008,-3.5813875370340327,65.21500015258789,73.4297998046875,-0.1111913467572484,4.371746131091091
2022-11-01,58.13922882080078,61.58000183105469,63.43000030517578,61.58000183105469,63.2599983215332,11561900,32.08193729534362,-3.4294782597837923,64.65350036621093,72.95659988403321,-0.15423700184170086,4.054592636153006
2022-11-02,57.13846206665039,60.52000045776367,62.88999938964844,60.52000045776367,62.5,16547200,29.762470913509603,-3.355937160550731,63.95550022125244,72.44639991760253,-0.18743289836157528,3.4269541784059956
2022-11-03,56.911865234375,60.27999877929688,60.88999938964844,59.43000030517578,60.0,11040900,29.246886627228548,-3.2792206251256033,63.25200023651123,71.9407999420166,-0.18924008047856977,2.499492119225171
2022-11-04,58.98894500732422,62.47999954223633,62.5,61.02000045776367,61.5099983215332,14662800,39.57946058853349,-3.0062464054540357,62.88850021362305,71.43899993896484,-0.10422939724392366,1.9792488612466168
2022-11-07,59.253292083740234,62.7599983215332,62.93000030517578,61.970001220703125,62.619998931884766,8507100,40.76511603227742,-2.735782411574249,62.654500007629395,70.99939994812011,-0.06939507637087006,1.6644315185487193
2022-11-08,61.387020111083984,65.0199966430664,65.75,64.22000122070312,64.37000274658203,14102800,49.39668137853945,-2.3124186481378644,62.73299980163574,70.64279991149903,0.02474382760045568,1.7392651480047132
2022-11-09,61.36813735961914,65.0,66.5999984741211,64.94999694824219,66.52999877929688,15086800,49.32818921966116,-1.9559662164236258,62.777499771118165,70.28699989318848,0.013882379990255878,1.7870789982349158
2022-11-10,66.88182067871094,70.83999633789062,70.87000274658203,67.31999969482422,67.73999786376953,21367900,64.71561073796413,-1.188535501187019,62.98849945068359,70.03679985046386,0.0633442422294872,2.4064385133259263
2022-11-11,69.70476531982422,73.83000183105469,74.5999984741211,72.37999725341797,72.73999786376953,15524700,69.77611514518053,-0.3352085994679186,63.48399963378906,69.880599899292,0.15503760866695426,3.4165853638596766
2022-11-14,68.73231506347656,72.80000305175781,73.68000030517578,72.23999786376953,73.23999786376953,11575300,66.25115613313164,0.255007259649787,63.87949981689453,69.71859992980957,0.12189865520897536,3.996516456113017
2022-11-15,75.96430206298828,80.45999908447266,82.93000030517578,80.01000213623047,81.91999816894531,48742400,75.97259695734918,1.3255748412303632,64.71699981689453,69.72719993591309,0.2629100649929579,5.449900203622872
2022-11-16,75.01074981689453,79.44999694824219,80.56999969482422,78.9000015258789,80.55999755859375,24006600,72.98723443683588,2.0686623789947163,65.50649967193604,69.71719993591309,0.2480363986597145,6.3569464180371895
2022-11-17,76.92731475830078,81.4800033569336,82.94000244140625,78.69000244140625,79.30000305175781,24278400,75.10470409892893,2.7892168029621587,66.40149974822998,69.74200004577636,0.28153508981397857,7.266453238889926
2022-11-18,77.6731948852539,82.2699966430664,82.83999633789062,81.0,82.77999877929688,18578400,75.89654533606186,3.3849872057852934,67.3274995803833,69.75680000305175,0.29050975126378686,8.048715947901615
2022-11-21,75.46392822265625,79.93000030517578,81.02999877929688,79.47000122070312,80.80999755859375,18659700,68.90536769101564,3.6265171616037577,68.25949954986572,69.71239997863769,0.3041279019613481,8.384992531516176
2022-11-22,77.92808532714844,82.54000091552734,83.19000244140625,81.2300033569336,81.3499984741211,16504700,72.00312893043431,3.982627378964196,69.32949962615967,69.78700004577637,0.35001638435577287,8.784559806171885
2022-11-23,77.38993835449219,81.97000122070312,82.94999694824219,81.7300033569336,82.44000244140625,14683800,70.35468479074301,4.170774982392061,70.38599967956543,69.83319999694824,0.3473044216818013,8.978301799247214
2022-11-25,76.85179138183594,81.4000015258789,82.37000274658203,81.4000015258789,82.13999938964844,5908300,68.66181776469011,4.225183813041696,71.4084997177124,69.90159996032715,0.33552092710348314,9.011537036151765
2022-11-28,74.7936019897461,79.22000122070312,81.08000183105469,78.88999938964844,80.2699966430664,13214200,62.470651411983255,4.045758413131594,72.2689998626709,69.92819999694824,0.27753593557498424,8.887681340432984
2022-11-29,74.89744567871094,79.33000183105469,80.20999908447266,78.95999908447266,79.91000366210938,11502300,62.65364195964181,3.8678524258439637,73.1579999923706,69.95019996643066,0.2888708824433004,8.644989611713614
2022-11-30,78.34351348876953,82.9800033569336,83.43000030517578,80.47000122070312,80.62999725341797,21667300,68.19521138619237,3.975557515636382,74.22800006866456,70.04680000305176,0.3475154415323016,8.458893693220034
2022-12-01,78.0602798461914,82.68000030517578,83.62999725341797,81.13999938964844,83.04000091552734,15975100,67.31113709956031,3.9907044791154362,75.33600006103515,70.1576000213623,0.3661599418340613,8.008148950828355
2022-12-02,76.94620513916016,81.5,82.16000366210938,81.1500015258789,81.80999755859375,10519800,63.80728110256725,3.8629625659967814,76.39700012207031,70.27500007629395,0.352023915899466,7.281106917061477
2022-12-05,77.05950164794922,81.62000274658203,82.18000030517578,80.94999694824219,81.94000244140625,11523300,64.0124471009651,3.728430373782217,77.3540002822876,70.43000007629395,0.30633808169936216,6.579696465400862
2022-12-06,75.11460876464844,79.55999755859375,81.44000244140625,79.16000366210938,81.4000015258789,13992100,57.94049685026466,3.4162075258682165,78.19400024414062,70.56099998474122,0.2676864194767896,5.62103772959774
2022-12-07,74.8124771118164,79.23999786376953,79.70999908447266,78.58999633789062,79.0,14925300,57.03544278075837,3.1071303044012666,78.90500030517578,70.68519996643066,0.21870196793096142,4.689038485193978
2022-12-08,76.28532409667969,80.80000305175781,80.97000122070312,79.0999984741211,79.44999694824219,11197500,60.29181131257128,2.9540117521011524,79.69500045776367,70.85860008239746,0.2430769700270432,3.3679179379442616
2022-12-09,76.18145751953125,80.69000244140625,82.19000244140625,80.69000244140625,80.8499984741211,13787900,59.94679240594994,2.7916081453182926,80.18750076293945,71.08680015563965,0.13904583021903827,2.648160766608885
2022-12-12,75.93598937988281,80.43000030517578,80.43000030517578,78.80000305175781,79.79000091552734,11516600,59.086122615821736,2.6118147428652776,80.5175006866455,71.32420021057129,0.08939453217438453,2.1849408981103724
2022-12-13,76.01151275634766,80.51000213623047,82.08999633789062,79.62999725341797,82.08999633789062,16938000,59.27984851635584,2.447568607889451,80.90300064086914,71.5494002532959,0.10590657639109113,1.2177081584963456
2022-12-14,75.54888916015625,80.0199966430664,81.51000213623047,79.5199966430664,80.81999969482422,17910000,57.48448097785526,2.2519044615689268,80.88100051879883,71.69360023498535,-0.005468586209456783,1.2300452623218148
2022-12-15,73.6888656616211,77.61000061035156,79.20999908447266,77.38999938964844,79.20999908447266,17080200,49.537842847428195,1.8806932165534391,80.7890007019043,71.75620018005371,-0.023159174431300444,1.399804600194549
2022-12-16,72.4450454711914,76.30000305175781,78.05999755859375,76.2300033569336,77.61000061035156,11929100,45.829208461636185,1.463924564456292,80.53000068664551,71.79520027160645,-0.06357388428770827,1.710056947827886
2022-12-19,72.25516510009766,76.0999984741211,77.12000274658203,75.76000213623047,76.91999816894531,12561300,45.27194544693156,1.1047587360848752,80.22150077819825,71.92220024108887,-0.07499694202874763,1.9229293762635131
2022-12-20,71.79943084716797,75.62000274658203,76.19999694824219,74.9000015258789,75.11000061035156,12080600,43.892543818408456,0.7724809066900917,80.00600090026856,72.08580024719238,-0.05392215115898935,2.181446864104177
2022-12-21,73.24260711669922,77.13999938964844,77.41999816894531,75.7699966430664,75.86000061035156,10806100,49.17382119105685,0.624599366221517,79.7360008239746,72.35960021972656,-0.0654228430576993,2.1854820708106453
2022-12-22,71.4765853881836,75.27999877929688,76.43000030517578,74.0199966430664,76.27999877929688,13019700,43.74726342089013,0.3532437018807997,79.4015007019043,72.58300018310547,-0.08161525365107059,2.3325804050128744
2022-12-23,71.1063003540039,74.88999938964844,75.3499984741211,74.16999816894531,74.88999938964844,7452600,42.68364106678591,0.1055064784865749,79.07600059509278,72.7484001159668,-0.07997545471987233,2.488059143478845
2022-12-27,70.56510162353516,74.31999969482422,74.73999786376953,74.16000366210938,74.33000183105469,8974800,41.11044056861027,-0.13526205086508014,78.83100051879883,72.95640014648437,-0.061853085715408374,2.7049334592752095
2022-12-28,69.3687515258789,73.05999755859375,74.55000305175781,72.83999633789062,74.19000244140625,10275700,37.794318728090055,-0.42286990608646136,78.51750030517579,73.11980010986328,-0.07903698635749268,2.9921516685212435
2022-12-29,72.16020965576172,76.0,76.04000091552734,74.1500015258789,74.3499984741211,11142500,48.27801890661008,-0.40885455623505607,78.1685001373291,73.36560012817382,-0.084116691667383,2.8478460234999816
2022-12-30,70.72651672363281,74.48999786376953,74.56999969482422,73.6500015258789,74.29000091552734,7784100,44.16138904097331,-0.5136705687147582,77.75900001525879,73.58220008850098,-0.0990566329363397,2.752207254955086
2023-01-03,70.28974151611328,74.02999877929688,75.97000122070312,73.7699966430664,75.8499984741211,9276200,42.95963106820534,-0.6266326642198834,77.38549995422363,73.79120002746582,-0.09165645669574385,2.7245335103407977
2023-01-04,72.46405029296875,76.31999969482422,76.61000061035156,74.47000122070312,74.98999786376953,12316400,50.22195322612761,-0.5253164818046656,77.12049980163575,74.0426000213623,-0.06493510013977255,2.5426710925954206
2023-01-05,71.90386199951172,75.7300033569336,76.44000244140625,75.33999633789062,76.0,10039200,48.50835853955592,-0.48701642872640605,76.92900009155274,74.33140007019043,-0.048139697325147224,2.493013793262844
2023-01-06,74.12562561035156,78.06999969482422,78.73999786376953,76.1500015258789,76.5,13744100,55.05799896788314,-0.2647928453293673,76.87050018310546,74.67000007629395,-0.014765247355972844,2.449274460779262
2023-01-09,76.25245666503906,80.30999755859375,81.22000122070312,80.05999755859375,80.55999755859375,22247600,60.268004759907505,0.09102082134029388,76.84599990844727,75.05940002441406,-0.006064424191298379,2.410035012110413
2023-01-10,77.16395568847656,81.2699966430664,81.58000183105469,80.45999908447266,80.51000213623047,10269000,62.2858948450997,0.44533606183610175,76.87499961853027,75.4657999420166,0.007187931393128011,2.4616605264610167
2023-01-11,77.64817810058594,81.77999877929688,81.88999938964844,80.62999725341797,81.56999969482422,11771400,63.35079180587282,0.7585423487405336,76.94249954223633,75.86119995117187,0.01678476276263563,2.5799381927955123
2023-01-12,82.60443878173828,87.0,88.83000183105469,84.41999816894531,84.95999908447266,36086800,72.04983440991248,1.4116978863002174,77.26699943542481,76.37019996643066,0.08061107553801627,3.346528268459936
2023-01-13,82.41456604003906,86.80000305175781,87.0999984741211,84.9000015258789,85.41000366210938,18719900,71.35104765661083,1.8913875351119742,77.60599975585937,76.87459999084473,0.0847289014386492,3.932231973394049
2023-01-17,84.49391174316406,88.98999786376953,89.7300033569336,86.16000366210938,86.22000122070312,21850000,74.2913704068502,2.4203589254798175,78.17499961853028,77.44399993896485,0.1466305522989535,4.684277721095824
2023-01-18,84.94966888427734,89.47000122070312,91.22000122070312,89.36000061035156,90.4800033569336,19209800,74.89944308291982,2.8455036281675063,78.83349952697753,78.02779998779297,0.17260809491726348,5.292973018306605
2023-01-19,83.93373107910156,88.4000015258789,90.01000213623047,88.26000213623047,89.02999877929688,13651100,70.87510604336352,3.0608107144107066,79.44849967956543,78.54620002746582,0.1616294782967782,5.660468331067127
2023-01-20,86.43083190917969,91.02999877929688,91.02999877929688,89.19999694824219,90.0,14287200,74.50158577022775,3.404417919410548,80.21899948120117,79.1116000366211,0.20378200837094473,6.140364580972892
2023-01-23,90.82693481445312,95.66000366210938,95.7300033569336,91.72000122070312,91.76000213623047,22875100,79.37130111112637,4.004174177006178,81.14499969482422,79.72440017700195,0.24008302332118214,6.989361491794061
2023-01-24,89.78248596191406,94.55999755859376,98.0,91.55000305175781,95.79000091552734,11370500,75.67358925483536,4.340687291628214,82.10899963378907,80.31560012817383,0.2561105086600928,7.452129054649293
2023-01-25,87.74113464355469,92.41000366210938,93.0,91.12000274658203,92.68000030517578,14147300,68.91565064267414,4.383361161294843,82.98499984741211,80.7470002746582,0.2339431755274204,7.587383965910734
2023-01-26,88.72857666015625,93.4499969482422,94.27999877929688,92.63999938964844,93.88999938964844,15759400,70.29743981603586,4.449804698402701,83.94149971008301,81.13940017700196,0.25740039467129106,7.643144883203875
2023-01-27,88.58616638183594,93.3000030517578,94.12000274658203,92.23999786376953,92.81999969482422,13646600,69.8154043456627,4.439186250566493,84.95349998474121,81.54940017700196,0.27703266040943486,7.464396951044082
2023-01-30,88.42475128173828,93.12999725341795,94.25,92.58000183105469,92.8499984741211,14079800,69.23591460452943,4.366716220621356,85.80999984741212,81.80280014038085,0.22539470070286782,7.365085915549815
2023-01-31,88.04495239257812,92.7300033569336,92.76000213623047,90.0,91.0,13342100,67.80977798817719,4.228266214299538,86.72200012207031,82.06840026855468,0.24486516332732555,7.010347367201516
2023-02-01,89.95338439941406,94.73999786376952,95.7699966430664,92.56999969482422,93.0,16788500,71.03814072226521,4.231950059301553,87.75750007629395,82.33360015869141,0.2797514443599365,6.551458738988624
2023-02-02,91.76690673828125,96.6500015258789,97.5,95.83999633789062,96.5999984741211,14925300,73.73388227352297,4.33897387604631,88.77400016784668,82.62120025634766,0.266378431765552,6.253863390766203
2023-02-03,89.87745666503906,94.66000366210938,96.94999694824219,94.30999755859375,95.04000091552734,12242200,66.76150286129732,4.214631180647672,89.72050018310547,82.91580032348632,0.2499669809329621,5.571011802888843
2023-02-06,87.19043731689453,91.83000183105467,92.05000305175781,90.73999786376953,91.80000305175781,12425200,58.316086388780576,3.8434265731640807,90.40850028991699,83.10160034179688,0.17625210951733483,4.860887022617706
2023-02-07,89.77301788330078,94.5500030517578,94.69999694824219,91.68000030517578,91.77999877929688,15258900,63.14214006237563,3.72577717381661,91.1205005645752,83.35320037841797,0.1773129862539793,4.31624611619581
2023-02-08,89.51663970947266,94.27999877929688,95.94000244140625,94.2300033569336,95.0199966430664,12899700,62.370193964996034,3.5696039169940263,91.77100067138672,83.61080032348633,0.16008370460958332,3.6882218212907727
2023-02-09,91.80487060546875,96.69000244140624,98.56999969482422,95.62000274658203,96.0,16997400,66.32729740317743,3.598817709714467,92.5165008544922,83.9602003479004,0.18231846276187436,3.00628878575147
2023-02-10,90.55156707763672,95.37000274658205,96.5,94.25,95.94999694824219,11511400,62.45344865736212,3.4753947202677153,92.93500099182128,84.28100036621093,0.09620692812163267,2.771333681166807
2023-02-13,91.25418853759766,96.11000061035156,96.38999938964844,94.91000366210938,95.47000122070312,7803500,63.73227618561481,3.3981213276939712,93.40050086975097,84.54360031127929,0.10725803261829747,2.4498564641203466
2023-02-14,93.0107192993164,97.95999908447266,98.98999786376953,95.22000122070312,95.81999969482422,15345100,66.77866024089286,3.446432692385798,93.84900093078613,84.84920028686524,0.10079785859119661,2.4208260694316577
2023-02-15,88.07343292236328,92.76000213623048,93.68000030517578,90.7699966430664,92.33000183105469,30208300,53.24141380033143,3.0301933190807517,94.0135009765625,85.07440032958985,0.0367721121117639,2.210223290967703
2023-02-16,86.23146057128906,90.81999969482422,91.79000091552734,89.87999725341797,90.9800033569336,15568400,49.23163202698122,2.5147897028568593,94.13450088500977,85.25840026855468,0.027375544425040088,1.9359603589832903
2023-02-17,85.5478286743164,90.0999984741211,90.30000305175781,88.94000244140625,89.97000122070312,11235300,47.79299560862174,2.024888883903344,94.08800086975097,85.46920028686523,-0.010216415661287392,2.0236358507223824
2023-02-21,83.21214294433594,87.63999938964844,89.41999816894531,87.4800033569336,88.37999725341797,14007600,43.15312890712116,1.4217485559458964,93.68700065612794,85.6372003173828,-0.08383863647746892,2.4462263736530376
2023-02-22,82.44305419921875,86.83000183105469,88.08999633789062,86.66000366210938,87.75,10106400,41.7170180786466,0.8683852623484398,93.30050086975098,85.75780029296875,-0.08174699584514278,2.8742515140093157
2023-02-23,85.5288314819336,90.08000183105467,91.98999786376953,89.45999908447266,90.30000305175781,15468300,49.044445606995936,0.6842016532638411,93.18400077819824,85.94560028076172,-0.025213740273987928,2.9582382462033294
2023-02-24,83.65837097167969,88.11000061035156,88.1500015258789,87.23999786376953,88.08999633789062,8817600,45.32470566185904,0.37494999146609587,92.91700096130371,86.09920028686524,-0.0571428198210453,3.1666123572534914
2023-02-27,82.8893051147461,87.30000305175781,88.8499984741211,87.23999786376953,88.69999694824219,10609400,43.85200624752775,0.06377067921290802,92.61700096130372,86.23500030517579,-0.06430867956854736,3.4037534816701513
2023-02-28,82.6709213256836,87.06999969482422,88.1500015258789,86.9000015258789,87.13999938964844,7520400,43.42057672793951,-0.19910535378031113,92.31400108337402,86.37600036621093,-0.06507030749827847,3.6186294064971114
2023-03-01,83.95271301269531,88.41999816894531,90.04000091552734,88.2699966430664,89.04000091552734,8176700,46.733119108284605,-0.29510116683621845,92.0985008239746,86.59220031738282,-0.04647907939136309,3.7194827768592282
2023-03-02,84.5318832397461,89.02999877929688,89.33999633789062,87.12000274658203,87.63999938964844,9761600,48.20862861894072,-0.3182875680703745,91.81300086975098,86.8468002319336,-0.06027020491053081,3.725195043494259
2023-03-03,85.25350189208984,89.79000091552734,89.8499984741211,87.87999725341797,88.66999816894531,10844000,50.06456386883614,-0.27219939215201805,91.47000083923339,87.12060028076172,-0.07097775997980438,3.5689262514546214
2023-03-06,85.05411529541016,89.58000183105469,91.33000183105469,89.51000213623047,90.08000183105469,9960000,49.53634171482488,-0.24974049875908122,91.21600074768067,87.39980026245117,-0.05366576837655579,3.510234018956134
2023-03-07,84.36099243164062,88.8499984741211,90.23999786376953,88.30000305175781,89.94999694824219,8761100,47.65408669316324,-0.2875323401153338,91.06700057983399,87.63400024414062,-0.0324513045574808,3.545865367740145
2023-03-08,86.24095153808594,90.83000183105467,90.83999633789062,88.13999938964844,88.3499984741211,8813000,52.88350369390495,-0.15591562506794787,90.88100051879883,87.94500030517578,-0.03934427393584272,3.44981315016545
2023-03-09,84.38948059082031,88.87999725341797,90.69000244140625,88.56999969482422,89.70999908447266,10354700,47.817012212307915,-0.2065762206107422,90.61100044250489,88.22480026245117,-0.05727621548362494,3.3804066145895693
2023-03-10,82.84181213378906,87.25,89.16999816894531,87.19999694824219,88.02999877929688,11928800,44.020554796320326,-0.373941696358699,90.13900032043458,88.48340026855469,-0.09763162894867894,3.1372314738219584
2023-03-13,83.30707550048828,87.73999786376953,89.0,86.30999755859375,86.37999725341797,11847600,45.42335219233339,-0.4617189010871954,89.75750007629395,88.7770002746582,-0.0800042430856065,2.9243369267829573
2023-03-14,84.77874755859375,89.29000091552734,89.62999725341797,87.70999908447266,88.02999877929688,11100100,49.71594509285011,-0.40158149438283886,89.41650009155273,89.04280029296875,-0.07096035429729952,2.513352294863616
2023-03-15,82.3196029663086,86.69999694824219,87.23999786376953,85.44000244140625,87.19999694824219,12171500,43.551816638120435,-0.5564988683508005,88.8534999847412,89.2870002746582,-0.11494489834080912,1.5906054339551743
2023-03-16,85.22965240478516,89.30000305175781,89.47000122070312,85.81999969482422,85.94999694824219,13184600,50.22381878155248,-0.4641231175512388,88.68050003051758,89.59240036010742,-0.03730054985759057,1.306069102912386
2023-03-17,85.39189147949219,89.47000122070312,90.02999877929688,89.0,89.05999755859375,13287700,50.634668341314686,-0.3728986939884038,88.61300010681153,89.855400390625,-0.014864550524745557,1.2218459298987987
2023-03-20,85.9359130859375,90.04000091552734,90.37000274658203,88.66000366210938,89.20999908447266,8217500,52.06337723368947,-0.25170694837355256,88.61000022888183,90.14160034179687,-0.0006658996627062486,1.2180707185013475
2023-03-21,88.28378295898438,92.5,93.0,90.80000305175781,91.0,12299700,57.746988451180755,0.04235154793074969,88.85300025939941,90.4302003479004,0.055454137884505705,1.4725639209554007
2023-03-22,88.39830780029297,92.62000274658205,95.02999877929688,92.54000091552734,93.5,12812400,58.00854091674948,0.2818294886608328,89.14250030517579,90.67640045166016,0.06668203148023633,1.6160710167426142
2023-03-23,90.27851104736328,94.58999633789062,95.81999969482422,93.43000030517578,94.48999786376953,11169700,62.1506186580153,0.623393409751344,89.36800003051758,90.94280044555664,0.050066545461382894,2.01835428642128
2023-03-24,88.56057739257812,92.79000091552734,94.18000030517578,92.08999633789062,93.94999694824219,7653700,56.651882326614015,0.7403068936109207,89.60200004577636,91.16300048828126,0.053115426997579096,2.1328722154068296
2023-03-27,86.52764892578125,90.66000366210938,92.18000030517578,90.55000305175781,92.04000091552734,9349800,50.91168007791223,0.653554920366588,89.77000007629394,91.23620056152343,0.038487978154588376,2.073510056636214
2023-03-28,86.6707992553711,90.80999755859376,90.87000274658203,89.91999816894531,90.66000366210938,7521300,51.28600250376777,0.5901042559161738,89.95699996948242,91.31640045166016,0.0429539207175611,1.9839042931959001
2023-03-29,88.53192901611328,92.76000213623048,93.22000122070312,91.44999694824219,91.76000213623047,9264000,55.9850967647893,0.6892232827717351,90.17400016784669,91.39180053710938,0.049083963550787146,2.0434016213528032
2023-03-30,88.25514221191406,92.47000122070312,93.5199966430664,92.02999877929688,93.3499984741211,10232800,55.133325475114255,0.7358922674424662,90.34600028991699,91.45180053710938,0.03863868907753143,2.086365693770003
2023-03-31,88.78006744384766,93.0199966430664,93.26000213623047,91.12999725341797,91.23999786376953,8701800,56.48548853019592,0.8079443288123969,90.50750007629395,91.54420043945312,0.03597277753207484,2.164607560481812
2023-04-03,88.60828399658203,92.83999633789062,93.5999984741211,91.70999908447266,93.01000213623047,6863600,55.891808830024736,0.8408290325632777,90.67049980163574,91.580400390625,0.03639198973208546,2.2132840511831873
2023-04-04,87.96880340576172,92.16999816894533,93.27999877929688,91.72000122070312,93.04000091552734,6338400,53.63223636205953,0.8035641569814516,90.83649978637695,91.51060028076172,0.037366344984139044,2.1939756020403105
2023-04-05,86.0886001586914,90.1999969482422,92.18000030517578,89.05000305175781,91.5999984741211,9171800,47.54574103579658,0.6080595085694256,90.80499954223633,91.42340026855469,-0.0069360879677652365,2.198591633374308
2023-04-06,86.12680053710938,90.23999786376952,90.91000366210938,89.4000015258789,89.66000366210938,5874500,47.67558861499493,0.4511478541169538,90.87299957275391,91.3800001525879,0.015301537493007222,2.1565495252008104
2023-04-10,84.96238708496094,89.0199966430664,89.02999877929688,86.47000122070312,88.41999816894531,12232900,44.090704229254705,0.22574805192155623,90.96149940490723,91.29140014648438,0.020286494476405847,2.0328132021991077
2023-04-11,85.17237091064453,89.23999786376953,89.83999633789062,88.47000122070312,88.63999938964844,11079200,44.89537212243528,0.06413009285678584,91.03649940490723,91.21020004272461,0.0170959657684171,1.932917840199268
2023-04-12,82.91039276123047,86.87000274658203,89.5,86.86000061035156,88.91000366210938,11299100,38.471729062442535,-0.25228393106199576,90.91549949645996,91.0850001525879,-0.027102678285721438,2.115156757109775
2023-04-13,83.08218383789062,87.05000305175781,87.62999725341797,85.97000122070312,86.55999755859375,7910500,39.18345378437352,-0.4829526270975748,90.93299980163575,90.97140014648437,0.004036979421401465,2.079591936846532
2023-04-14,83.22535705566406,87.19999694824219,88.37000274658203,86.54000091552734,87.94999694824219,7656400,39.80827983005131,-0.646206905729585,90.82799949645997,90.82060012817382,-0.023516304946803568,2.214990560615955
2023-04-17,83.9793472290039,87.98999786376953,88.05000305175781,87.16000366210938,87.75,8163600,43.122753880264014,-0.7037284822712309,90.75399932861328,90.64740005493164,-0.016541894900423015,2.2863214990357252
2023-04-18,84.12251281738281,88.13999938964844,88.4000015258789,87.5,88.19999694824219,8468200,43.756049452658594,-0.7288096130269537,90.65899925231933,90.51699996948243,-0.021101749295420635,2.3559639394882237
2023-04-19,83.25399780273438,87.2300033569336,87.37999725341797,86.04000091552734,86.2300033569336,11191300,40.788906572409296,-0.8127468250546883,90.39549942016602,90.425,-0.056972936681799036,2.432681447399624
2023-04-20,85.22008514404297,89.29000091552734,91.87999725341797,88.0999984741211,88.31999969482422,19206300,49.18876549601669,-0.704917236356053,90.22899932861328,90.3197999572754,-0.03595337650945585,2.3859248207010095
2023-04-21,81.47877502441406,85.37000274658203,87.91000366210938,85.27999877929688,87.77999877929688,13175400,38.10959815070304,-0.9251085266492822,89.76799964904785,90.1416000366211,-0.09747324186770556,2.3896844818024787
2023-04-24,80.78202819824219,84.63999938964844,85.95999908447266,83.98999786376953,85.4000015258789,10567600,36.462529616459456,-1.1453144090372547,89.36049957275391,89.90059997558593,-0.08783275617486386,2.5375497432613683
2023-04-25,78.5391616821289,82.29000091552734,83.4000015258789,82.26000213623047,83.2699966430664,13423700,31.711178836971115,-1.4922526349515977,88.9419994354248,89.63899993896484,-0.09232299149001921,2.9659861977151083
2023-04-26,78.50098419189453,82.25,82.37999725341797,81.20999908447266,82.23999786376953,11583500,31.635611595497153,-1.7502555615082969,88.51399955749511,89.36179992675781,-0.09426272204302788,3.2829236802862667
2023-04-27,79.85624694824219,83.66999816894531,83.86000061035156,82.16000366210938,82.9000015258789,10013700,37.34367317247363,-1.8191724669971876,88.05949935913085,89.07599990844727,-0.09799486586832207,3.2933631256344533
2023-04-28,80.4575424194336,84.30000305175781,84.51000213623047,83.72000122070312,84.4800033569336,8262600,39.747347907908534,-1.8021790835860685,87.6509994506836,88.90679992675781,-0.08835295837669055,3.223453649497189
2023-05-01,80.1521224975586,83.9800033569336,84.69000244140625,83.9000015258789,84.30000305175781,4931100,38.930408105379115,-1.7938545670125023,87.19899978637696,88.77,-0.09718333274963242,3.06067091644374
2023-05-02,79.17862701416016,82.95999908447266,84.05000305175781,82.55000305175781,83.5,6875000,36.36474540027423,-1.8482575849701135,86.70499992370605,88.62720001220703,-0.1064196213177322,2.89513194215018
2023-05-03,78.93045806884766,82.69999694824219,83.76000213623047,82.44000244140625,82.62000274658203,7151600,35.718549749254834,-1.8905591787391245,86.2314998626709,88.5283999633789,-0.10274494313588745,2.723617825649411
2023-05-04,79.68446350097656,83.48999786376953,83.76000213623047,82.63999938964844,83.0,7290600,39.250861028507565,-1.8391366030603677,85.89599990844727,88.4615998840332,-0.07439023626933094,2.6203600279935593
2023-05-05,81.09700012207031,84.97000122070312,85.56999969482422,83.75,84.30000305175781,6865000,45.31364468139705,-1.6598264927525435,85.63250007629395,88.35939987182617,-0.05839978687745784,2.417675688415873
2023-05-08,81.64102172851562,85.54000091552734,85.54000091552734,84.41000366210938,84.5,6746600,47.487310672532374,-1.4549559008416253,85.458500289917,88.30799987792969,-0.03909229228004152,2.282494751760261
2023-05-09,81.18289184570312,85.05999755859375,85.4800033569336,84.30000305175781,85.25,7287800,45.835096601591005,-1.3161549253865417,85.2495002746582,88.2631997680664,-0.046839986611797224,2.102271001894284
2023-05-10,81.03018951416016,84.9000015258789,85.1500015258789,84.16999816894531,84.51000213623047,7442300,45.26970927479752,-1.2051720221510038,85.15100021362305,88.2197998046875,-0.022677577511422742,2.0682232371634606
2023-05-11,79.62720489501953,83.43000030517578,84.13999938964844,82.52999877929688,84.13999938964844,8730900,40.34550319788223,-1.22175050563051,84.97000007629394,88.1199998474121,-0.04158532590090391,2.0516207678639735
2023-05-12,79.62720489501953,83.43000030517578,83.93000030517578,82.94999694824219,83.37999725341797,5069800,40.34550319788223,-1.2208162632782091,84.78150024414063,88.00799987792969,-0.043233907970250285,2.0086900318785093
2023-05-15,81.75554656982422,85.66000366210938,85.66999816894531,83.2300033569336,83.33000183105469,8707300,49.92803626354433,-1.028279865289221,84.66500053405761,87.92539993286132,-0.026480216595385908,1.8759944011590797
2023-05-16,81.96552276611328,85.87999725341797,86.75,85.58999633789062,85.69000244140625,11283200,50.76821544143818,-0.8481646246488594,84.5520004272461,87.85139984130859,-0.025641050055372427,1.7169888631790238
2023-05-17,86.73760986328125,90.87999725341795,91.80000305175781,88.05999755859375,88.30000305175781,23215600,65.1011019630183,-0.2985226027836205,84.73450012207032,87.89199981689453,0.04184333091848069,2.1547827554162042
2023-05-18,88.42695617675781,92.6500015258789,93.4000015258789,91.06999969482422,91.25,14879000,68.58751886614206,0.27670749993141897,84.90250015258789,87.92839981079102,0.037630200200471364,2.611278982124027
2023-05-19,88.3601303100586,92.58000183105467,92.79000091552734,91.55999755859375,92.12999725341797,9295200,68.29693244403467,0.7186489722728311,85.26300010681152,88.00239990234375,0.08445588441498919,3.126146522601821
2023-05-22,87.5393295288086,91.72000122070312,92.44000244140625,91.19999694824219,92.06999969482422,9259800,64.6717320884714,0.9881056443952048,85.61700019836425,88.09179992675782,0.08364841543135193,3.43726835950291
2023-05-23,86.31767272949219,90.44000244140624,91.33999633789062,90.33000183105469,91.0,7656700,59.60090125432057,1.085849793784817,86.02450027465821,88.14580001831055,0.09903999799738816,3.5045291139080517
2023-05-24,86.02179718017578,90.12999725341795,90.1500015258789,89.18000030517578,89.27999877929688,9443900,58.40644703821486,1.12532585259774,86.4185001373291,88.16259994506837,0.09580543773152539,3.5007991356701527
2023-05-25,96.34861755371094,100.9499969482422,102.37000274658203,96.9800033569336,97.05999755859375,60793200,76.27679508402551,2.0065640412536965,87.28250007629394,88.44759994506836,0.20652562635898897,4.710215749794369
2023-05-26,98.50560760498047,103.20999908447266,104.44000244140625,100.7300033569336,100.8499984741211,26135800,78.36744402078095,2.8544110655551833,88.22799987792969,88.72579986572265,0.224317857036193,5.841985308000161
2023-05-30,97.33168029785156,101.9800033569336,105.23999786376953,101.52999877929688,103.79000091552734,25248000,74.51841827292112,3.3880304588588928,89.12799987792968,88.97599990844726,0.21433673827680155,6.502303962859873
2023-05-31,94.09618377685547,98.58999633789062,99.9800033569336,98.05999755859375,99.7300033569336,22206700,65.03730474482327,3.49707038703518,89.90949974060058,89.14699981689454,0.18840401911652593,6.659340421725718
2023-06-01,94.33479309082031,98.83999633789062,100.58999633789062,98.5999984741211,98.68000030517578,14998500,65.38705525975058,3.5625908961529547,90.71649971008301,89.27379974365235,0.19516324045029476,6.717382565688342
2023-06-02,94.43024444580078,98.94000244140624,101.30000305175781,98.62000274658203,101.25,13085100,65.53557891426354,3.5813029967831937,91.48899993896484,89.40019973754883,0.18505216161157945,6.730957069303448
2023-06-05,93.58080291748047,98.0500030517578,98.80999755859375,94.25,98.01000213623047,10568500,62.946893563943135,3.484153802412905,92.14300003051758,89.46939987182617,0.15393670287329253,6.6995874714699815
2023-06-06,95.27012634277344,99.81999969482422,100.5999984741211,97.41999816894531,97.61000061035156,13827600,65.83707183036952,3.5095306182088564,92.85699996948242,89.60999984741211,0.16693942747789658,6.719750080511047
2023-06-07,95.71870422363281,100.29000091552734,103.0199966430664,99.54000091552734,101.37999725341797,14367500,66.58246539672793,3.5269110627978506,93.61850013732911,89.80259979248046,0.17905012689945554,6.652282505402199
2023-06-08,95.38465118408203,99.94000244140624,100.69999694824219,98.62999725341797,98.98999786376953,9074200,65.43745663024035,3.472415395377311,94.37050018310546,89.98519989013671,0.17714959535004127,6.462211940307322
2023-06-09,98.11429595947266,102.8000030517578,104.68000030517578,102.25,102.69999694824219,14902400,69.98041068391538,3.6182958710687245,95.33900032043456,90.18599990844727,0.23217071408041634,6.18166052798226
2023-06-12,102.18012237548828,107.05999755859376,107.38999938964844,104.30999755859375,104.33999633789062,20568100,75.20770525070188,4.03118417170198,96.52050018310547,90.47779983520508,0.2832314175594224,6.042325568175558
2023-06-13,101.93197631835938,106.8000030517578,110.69000244140625,106.73999786376953,110.0,17858600,74.35670017131483,4.287992433228851,97.57750015258789,90.75339996337891,0.2467896157585554,5.889585290552143
2023-06-14,102.51416015625,107.41000366210938,107.69999694824219,105.22000122070312,106.02999877929688,12862600,75.06947446561007,4.488990493846572,98.65400047302246,91.04480010986327,0.25069873191960923,5.59946696424532
2023-06-15,100.80626678466797,105.18000030517578,106.66000366210938,105.06999969482422,106.2699966430664,11987900,67.66487866309441,4.417419014360377,99.36900062561035,91.3050001525879,0.15735039044821275,5.465950193201572
2023-06-16,100.22164154052734,104.56999969482422,105.75,104.3499984741211,105.43000030517578,11430800,65.75427155997006,4.262342518616805,99.96500053405762,91.59240020751953,0.1286562112534433,5.343253214519723
2023-06-20,99.65618896484375,103.9800033569336,104.87999725341797,103.06999969482422,104.18000030517578,9295500,63.875617051983994,4.045204900768141,100.53500061035156,91.86720031738281,0.12313676064386248,5.117260695352923
2023-06-21,97.4134750366211,101.63999938964844,103.7300033569336,101.62000274658203,103.1500015258789,9340400,56.92849952102497,3.642316651208475,101.03100051879883,92.11960037231445,0.10815523372132452,4.679953178685168
2023-06-22,98.84150695800781,103.12999725341795,103.43000030517578,101.33000183105469,101.41999816894531,8575900,59.91783364257075,3.40401581061532,101.66550025939941,92.39740036010743,0.14031395919336953,3.9757291415947162
2023-06-23,97.67225646972656,101.91000366210938,102.19000244140625,101.01000213623047,101.5199966430664,8919000,56.46241633046721,3.081199243771394,102.25450057983399,92.69820037841797,0.13070017494363895,2.9053086320576917
2023-06-26,95.94711303710938,100.11000061035156,103.04000091552734,100.08999633789062,102.0199966430664,8560000,51.72296377774164,2.649576912414176,102.21250076293946,92.95940032958984,-0.008320914940902036,2.931116343868434
2023-06-27,97.83519744873047,102.08000183105467,102.79000091552734,100.0199966430664,101.1500015258789,9732000,56.06922223975302,2.438367754028974,102.15600090026855,93.2570004272461,-0.010948524982479002,2.92175259030759
2023-06-28,96.72342681884766,100.91999816894533,101.87999725341797,100.22000122070312,100.5,8160900,53.041155296664506,2.152566921803597,102.10300064086914,93.5156004333496,-0.010394245470636165,2.9346987009972483
2023-06-29,96.45507049560547,100.63999938964844,101.5199966430664,100.0199966430664,101.33999633789062,7383900,52.30684281788063,1.8817821287280765,102.20550079345703,93.7656004333496,0.02079321561928027,2.839808376131448
2023-06-30,96.72342681884766,100.91999816894533,101.88999938964844,100.41000366210938,101.4000015258789,11704600,53.0074611968307,1.6705200751942613,102.30950088500977,94.03940032958984,0.02104413100081559,2.7466275687421073
2023-07-03,98.86067962646484,103.1500015258789,103.68000030517578,102.06999969482422,102.25,5638400,58.26583272388303,1.6638561121502988,102.5200008392334,94.31660034179687,0.04255103073163857,2.6338086688432205
2023-07-05,96.79049682617188,100.98999786376952,103.08999633789062,100.95999908447266,101.4000015258789,9010800,52.17573089201714,1.467365750826204,102.66700057983398,94.62900024414063,0.029984647837897338,2.4465858530178908
2023-07-06,95.27620697021484,99.41000366210938,99.55999755859375,98.5999984741211,99.0999984741211,9140800,48.20653779542225,1.1706587707295881,102.64650077819825,94.92440032958984,-0.004107353576120132,2.473268394070332
2023-07-07,96.06212615966797,100.2300033569336,101.94000244140625,99.0,99.08000183105469,8036600,50.318897114902505,0.9902682774121843,102.64350090026855,95.28320037841797,-0.0005982406824812658,2.476311589014857
2023-07-10,95.6212387084961,99.7699966430664,100.75,99.4000015258789,100.25,8041600,49.10888943166417,0.8009558934799372,102.63500061035157,95.6336003112793,-0.0017010785890214652,2.4863515897840416
2023-07-11,97.04927825927734,101.26000213623048,102.33000183105469,100.13999938964844,102.33000183105469,7677800,53.04734166622782,0.7623673597286711,102.5580005645752,95.985400390625,-0.014980553208271408,2.5047508037578408
2023-07-12,99.57949829101562,103.9000015258789,104.43000030517578,102.76000213623047,102.83000183105469,10202000,59.088614895015574,0.9340444728045725,102.40000076293946,96.37740036010742,-0.029516122779522758,2.296856731884222
2023-07-13,101.18006134033203,105.56999969482422,105.6500015258789,102.5199966430664,105.0,9265900,62.38561603635365,1.1911241791724478,102.33850059509277,96.80920028686523,-0.011516885035457225,2.186666457886553
2023-07-14,100.76793670654297,105.13999938964844,107.30000305175781,104.86000061035156,106.0,9518300,61.02197941051161,1.3446638201683356,102.22500038146973,97.25280029296874,-0.02113401168481399,1.9563567096191499
2023-07-17,100.43250274658203,104.79000091552734,105.02999877929688,102.58999633789062,104.68000030517578,10722600,59.87477669402763,1.421714500276039,102.2055004119873,97.69460037231445,-0.0037079234504361347,1.9270771178486639
2023-07-18,98.86067962646484,103.1500015258789,103.7300033569336,102.01000213623047,103.69000244140625,10343600,54.68679356911359,1.3350538054565533,102.13450050354004,98.08780044555664,-0.013579403013191382,1.860380604808406
2023-07-19,98.77442169189453,103.05999755859376,104.79000091552734,102.56999969482422,103.9000015258789,11204800,54.408167723985706,1.2447631576469433,102.08850021362305,98.44960037231445,-0.008847910835141137,1.8233521382878584
2023-07-20,93.79066467285156,97.86000061035156,100.44999694824219,97.05000305175781,98.55000305175781,22810200,41.312067554317395,0.7450227151141604,101.89950027465821,98.69600036621094,-0.0371900708578895,2.053652506747906
2023-07-21,93.20602416992188,97.25,97.98999786376953,96.33000183105469,97.87999725341797,15381200,40.092916819506144,0.2963368756645224,101.60550041198731,98.93980041503906,-0.057015392320521774,2.276970463660554
2023-07-24,94.16443634033203,98.25,98.2699966430664,96.77999877929688,97.2699966430664,9054900,43.05949762458751,0.021197407427180792,101.42250022888183,99.20680038452149,-0.03591407644576683,2.3952164477563573
2023-07-25,96.14838409423828,100.31999969482422,100.88999938964844,99.11000061035156,99.5199966430664,9202200,48.720305338034024,-0.02948108812807959,101.43300018310546,99.54460037231445,0.0020976833802051065,2.389613732259168
2023-07-26,95.27620697021484,99.41000366210938,100.12999725341797,98.56999969482422,99.48999786376953,8993500,46.53029186785692,-0.14144277143634554,101.2995002746582,99.86420043945313,-0.02615593770623381,2.4258724017192117
2023-07-27,95.21869659423828,99.3499984741211,101.76000213623047,98.91000366210938,101.5,8049800,46.382237078356205,-0.23233689419332393,101.22100028991699,100.13800033569336,-0.015556873992367382,2.463903319072635
2023-07-28,96.66590118408203,100.86000061035156,100.98999786376953,99.77999877929688,100.11000061035156,6758700,50.63868072021311,-0.1804465134723614,101.23200035095215,100.43760040283203,0.0021860216816114164,2.4616630070435126
2023-07-31,95.02703094482422,99.1500015258789,99.77999877929688,98.41999816894531,99.18000030517578,8647900,46.16885771421781,-0.27414546963497344,101.14350051879883,100.60300048828125,-0.017538611525768744,2.504907181649338
2023-08-01,94.30821990966797,98.4000015258789,99.19000244140625,98.08999633789062,99.13999938964844,6428500,44.32100393688174,-0.40426122765828154,100.90600051879883,100.71800048828125,-0.04604944187817861,2.5297103559772345
2023-08-02,91.720458984375,95.6999969482422,97.5,95.20999908447266,97.5,9820900,38.36753263965945,-0.716981788113003,100.64150047302246,100.780400390625,-0.05238143407689999,2.7842174309754646
2023-08-03,91.03042602539062,94.9800033569336,95.80999755859375,94.58000183105469,94.83999633789062,8571700,36.94246537643704,-1.0112554277974226,100.42000045776368,100.8456004333496,-0.04456292266352968,3.050799614087452
2023-08-04,92.16136169433594,96.16000366210938,97.58000183105469,95.12999725341797,95.27999877929688,7562600,40.82191881511285,-1.1361563413504285,100.21650047302246,100.96000045776367,-0.04060660040417596,3.196407657502532
2023-08-07,92.34343719482422,96.3499984741211,96.94000244140625,95.2300033569336,96.7300033569336,6601400,41.44655951930024,-1.2059092505394489,100.04550056457519,101.08440048217773,-0.034278824135682506,3.3109790967996484
2023-08-08,90.56080627441406,94.48999786376952,94.9000015258789,93.66999816894531,94.87999725341797,7659000,37.29616305331494,-1.3951925272194075,99.70700035095214,100.95520050048827,-0.06685763509418974,3.5197638774578945
2023-08-09,90.07201385498047,93.9800033569336,95.8499984741211,93.70999908447266,95.83000183105469,6426900,36.22502155159032,-1.5682750832579444,99.21100044250488,100.7706005859375,-0.09547640060885354,3.5959255805854005
2023-08-10,90.85792541503906,94.8000030517578,95.97000122070312,94.27999877929688,95.44999694824219,7459600,39.24628374374958,-1.6205959126667153,98.67250061035156,100.62700057983399,-0.10201758713838893,3.39429335291069
2023-08-11,88.16475677490234,91.98999786376952,93.5,91.97000122070312,93.5,10658400,33.40592285825166,-1.8672796440069561,98.01500053405762,100.49500061035157,-0.1250713486990338,3.3488764450342767
2023-08-14,89.19984436035156,93.06999969482422,93.29000091552734,91.30000305175781,91.69000244140625,7489700,37.26977117951166,-1.9531168413659543,97.42900047302246,100.37960067749023,-0.11184274375711456,3.1184424008287572
2023-08-15,87.86763763427734,91.68000030517578,92.70999908447266,91.48999786376953,92.5199966430664,6069500,34.49566081675752,-2.1089936072303743,96.85550041198731,100.23440063476562,-0.11119729569587511,3.065187215209732
2023-08-16,87.96349334716797,91.77999877929688,92.72000122070312,91.31999969482422,91.44000244140625,7439500,34.8712415062043,-2.1991080770548876,96.29150047302247,100.1090005493164,-0.1094507961043154,2.896595951144704
2023-08-17,87.82930755615234,91.63999938964844,92.91999816894531,91.3499984741211,92.91999816894531,7712500,34.57237322199528,-2.255817563675052,95.98050041198731,99.94540054321288,-0.06356020010125751,3.0492185613964002
2023-08-18,87.31175994873047,91.0999984741211,91.33000183105469,89.55999755859375,90.06999969482422,9066200,33.38386530955846,-2.317617746582769,95.67300033569336,99.76160049438477,-0.06323909024040009,3.2197865807931687
2023-08-21,88.71104431152344,92.55999755859376,92.91000366210938,90.5,90.5,8618300,39.44514879839884,-2.2231579316199515,95.38850021362305,99.61400039672851,-0.05791351085400753,3.2314616175028905
2023-08-22,88.40435791015625,92.23999786376952,93.48999786376953,91.80999755859375,93.3499984741211,7059000,38.61581000607088,-2.1493428621436834,94.98450012207032,99.40280029296875,-0.08054228324994273,3.084200808850341
2023-08-23,90.30201721191406,94.22000122070312,95.0999984741211,93.23999786376953,93.79000091552734,10362600,46.15896188340955,-1.909067621264228,94.725,99.14600036621094,-0.05220804999712969,2.9054048424957135
2023-08-24,88.68231201171875,92.52999877929688,96.77999877929688,92.47000122070312,96.52999877929688,12254400,41.47426874091104,-1.833877041869556,94.38400001525879,98.86060028076172,-0.06864619828454965,2.72887067791162
2023-08-25,89.22859191894531,93.0999984741211,93.41000366210938,91.41000366210938,92.25,10356000,43.55503038697147,-1.7085980989747043,93.99599990844726,98.57440017700195,-0.07693835107347835,2.273267564204713
2023-08-28,90.09117126464844,94.0,94.1500015258789,93.25,93.81999969482422,5174800,46.77285216399839,-1.5191788841126055,93.73849983215332,98.35080017089844,-0.0519415173638168,1.9235017476803402
2023-08-29,91.12627410888672,95.08000183105467,95.62000274658203,93.51000213623047,93.7699966430664,8910300,50.42513351384661,-1.2673069442463571,93.5724998474121,98.16100021362304,-0.03373983377379408,1.6192303266972565
2023-08-30,90.8387451171875,94.77999877929688,95.91999816894531,94.62999725341797,95.44999694824219,6073400,49.41089610538643,-1.0794610018218975,93.52649993896485,97.97700012207031,-0.009613356303897147,1.5678634488733123
2023-08-31,89.67904663085938,93.56999969482422,94.4000015258789,93.2699966430664,93.33999633789062,8661200,45.440954945193084,-1.0165108485205394,93.45599975585938,97.81560012817383,-0.014845268606809792,1.5303170400503467
2023-09-01,89.31486511230469,93.19000244140624,94.58000183105469,93.08999633789062,94.30000305175781,7094600,44.23884222809896,-0.9859199298417565,93.30749969482422,97.6168002319336,-0.030886034812761087,1.3919620136610933
2023-09-05,90.66621398925781,94.5999984741211,95.05000305175781,92.87000274658203,93.4000015258789,6396500,49.56985891186361,-0.8382388151065641,93.21999969482422,97.47060012817383,-0.018162947874566293,1.2370218049921518
2023-09-06,88.42353057861328,92.26000213623048,93.95999908447266,91.58999633789062,93.8499984741211,7933700,42.33599974319401,-0.899648033477888,93.10849990844727,97.3136001586914,-0.023600336310242276,1.2168616210441712
2023-09-07,86.30542755126953,90.05000305175781,90.29000091552734,88.43000030517578,90.06999969482422,14684400,36.86432523104649,-1.1138044929748645,92.91199989318848,97.07300018310546,-0.04181740971267833,1.3756707748041979
2023-09-08,85.91246795654297,89.63999938964844,91.06999969482422,89.31999969482422,90.75,5820800,35.936374285835996,-1.3016048090114225,92.65399971008301,96.84740020751953,-0.054430416624482225,1.4826555303364497
2023-09-11,85.87413787841797,89.5999984741211,90.38999938964844,89.16000366210938,90.0999984741211,7268600,35.84158204722047,-1.4370996617429626,92.53449974060058,96.62660018920899,-0.025981078868898777,1.6281649543731849
2023-09-12,86.71754455566406,90.4800033569336,91.56999969482422,90.41999816894531,90.45999908447266,8242600,39.61526590294489,-1.4566795738097795,92.40499992370606,96.41780029296875,-0.027828476913970168,1.6853282109264311
2023-09-13,87.42676544189453,91.22000122070312,91.88999938964844,90.4800033569336,90.5999984741211,5757800,42.669001560388885,-1.3963884551134385,92.38199996948242,96.17920028686524,-0.005017442004160766,1.6988279227890768
2023-09-14,88.12139129638672,91.47000122070312,92.93000030517578,91.2699966430664,92.77999877929688,6506300,43.70478740516139,-1.313295544965456,92.36650009155274,95.9888003540039,-0.0033776156321291273,1.7060085961741642
2023-09-15,85.98265838623047,89.25,91.13999938964844,88.86000061035156,90.51000213623047,19940500,37.266163732013915,-1.4103220455612728,92.24700012207032,95.78560028076171,-0.026080307786628065,1.8381627837375545
2023-09-18,85.57801818847656,88.83000183105469,89.66999816894531,88.43000030517578,88.54000091552734,6647400,36.18020354661035,-1.503772040467453,92.133500289917,95.55760025024414,-0.024917636455408343,1.9775134076765186
2023-09-19,84.94217681884766,88.16999816894531,88.83999633789062,87.79000091552734,88.44999694824219,7172100,34.47981648188946,-1.612500709915878,91.91400032043457,95.32560028076172,-0.04742868955748869,2.162655174645172
2023-09-20,84.09440612792969,87.29000091552734,89.31999969482422,87.29000091552734,88.5199966430664,6935300,32.30009858848871,-1.7495101240308486,91.66650047302247,95.04620025634766,-0.05366432201736271,2.3942303817050887
2023-09-21,82.23506927490234,85.36000061035156,86.13999938964844,85.3499984741211,86.04000091552734,10652500,28.103844125688838,-1.9908763830918588,91.22350044250489,94.67540023803711,-0.09403524193974155,2.6973772563811855
2023-09-22,82.50479125976562,85.63999938964844,86.7699966430664,85.44999694824219,86.25,7967200,29.534121545149347,-2.134956867106382,90.87900047302246,94.27680023193359,-0.07446233092558996,2.9498972214508927
2023-09-25,83.08283996582031,86.23999786376953,86.23999786376953,85.0199966430664,85.38999938964844,8758000,32.62711123571012,-2.1756473182749687,90.53600044250489,93.89880020141601,-0.07368421828984706,3.0742608131183102
2023-09-26,81.2042465209961,84.29000091552734,85.2300033569336,84.0199966430664,84.94999694824219,8877600,28.282196948855088,-2.3382889118620085,90.05050048828124,93.48880020141601,-0.1032978626007729,3.2595569963778424
2023-09-27,82.31212615966797,85.44000244140625,85.55999755859375,84.0999984741211,85.16999816894531,7860700,33.874856533926035,-2.3473294812761765,89.56850051879883,93.13460021972656,-0.10138829621372436,3.1886629231481898
2023-09-28,83.24662780761719,86.41000366210938,87.12999725341797,84.9800033569336,85.25,6647700,38.249008723956486,-2.250283340205243,89.15000076293946,92.80160034179687,-0.08830971961371015,3.0131064654727266
2023-09-29,83.71868133544922,86.9000015258789,88.02999877929688,86.69999694824219,87.75,7338300,40.39399189330341,-2.109517635530409,88.81650085449219,92.58240036010743,-0.0712835117099424,2.8635556026824154
2023-10-02,84.44123077392578,87.6500015258789,88.41999816894531,87.0199966430664,87.18000030517578,6305000,43.62204755201762,-1.9153619679301244,88.53950080871581,92.390400390625,-0.05944844694054641,2.6803150556087734
2023-10-03,82.2832260131836,85.41000366210938,87.31999969482422,85.05999755859375,87.0,8201700,37.15077262178284,-1.9201075056045909,88.08000106811524,92.13360046386718,-0.09714582410406425,2.3546036358269
2023-10-04,83.49710083007812,86.66999816894531,86.76000213623047,85.37999725341797,85.47000122070312,7658500,42.33300470320548,-1.80143157012499,87.80050086975098,91.8606004333496,-0.06058967957784145,2.155681591853286
2023-10-05,83.84392547607422,87.02999877929688,87.94000244140625,86.52999877929688,86.83000183105469,6651700,43.75986847646326,-1.6592047164861583,87.64950065612793,91.61300033569336,-0.03353697024002478,2.094726354417139
2023-10-06,86.02117919921875,89.29000091552734,90.0199966430664,87.37999725341797,88.08999633789062,9777100,51.81952544001199,-1.3485800343463268,87.63200073242187,91.41180038452148,-0.0039044899208412476,2.0786220441266163
2023-10-09,85.7321548461914,88.98999786376953,89.33999633789062,88.04000091552734,88.80000305175781,4781300,50.77922729458463,-1.113776552076743,87.6015007019043,91.17440032958984,-0.006808042642185375,2.0525370501744407
2023-10-10,87.29286193847656,90.61000061035156,90.66000366210938,89.13999938964844,89.2699966430664,7182900,55.924797104976044,-0.7878901112313486,87.60800056457519,91.0036003112793,0.0014367512002086968,2.0623148427799434
2023-10-11,88.6319808959961,92.0,92.01000213623047,90.62999725341797,91.26000213623047,8051700,59.80733246844379,-0.41270402978528864,87.64700050354004,90.87560028076172,0.00855074291667357,2.1401229440873926
2023-10-12,89.0365982055664,92.41999816894533,93.44000244140625,91.83999633789062,92.51000213623047,8897800,60.92731644877151,-0.08054751341127542,87.69450035095215,90.81000030517578,0.010385885378420445,2.237755520497546
2023-10-13,87.14834594726562,90.45999908447266,92.94000244140625,90.19999694824219,92.75,7985100,53.44304803690309,0.024253790552450027,87.75500030517578,90.71960021972656,0.013557412711178163,2.29758047586588
2023-10-16,87.88053131103516,91.22000122070312,91.9000015258789,90.43000030517578,90.4800033569336,8791800,55.71469367582693,0.16671362884949303,87.8745002746582,90.62080017089843,0.026905317352058145,2.415559682649118
2023-10-17,87.66858673095703,91.0,91.69999694824219,88.5199966430664,89.80999755859375,7997100,54.87992808296069,0.25887763693097554,88.01600036621093,90.51380020141602,0.03209710661025578,2.514637433714768
2023-10-18,86.31983184814453,89.5999984741211,90.01000213623047,88.58000183105469,88.87999725341797,9982700,49.76961854144965,0.21645469946680862,88.13150024414062,90.41600021362305,0.026463484183362418,2.532523158362304
2023-10-19,89.50867462158203,92.91000366210938,94.76000213623047,92.36000061035156,93.08999633789062,22751600,59.39643494334733,0.4447966329800721,88.50900039672851,90.39460021972656,0.08844895733098479,2.6572894261926727
2023-10-20,87.96723175048828,91.30999755859376,94.31999969482422,91.08999633789062,92.0,12197300,54.008120573900015,0.49099228621597035,88.79250030517578,90.32480010986328,0.06620735882012019,2.637478153133854
2023-10-23,87.77455139160156,91.11000061035156,92.26000213623047,89.16000366210938,89.9800033569336,8227900,53.356542236461244,0.5056359356297122,89.03600044250489,90.30720016479492,0.05647034864582223,2.614123801788101
2023-10-24,88.2851333618164,91.63999938964844,92.0,90.86000061035156,91.19999694824219,7374800,54.90904779272177,0.5536257523435921,89.40350036621093,90.2786001586914,0.08719893693543823,2.4213349612689017
2023-10-25,84.43157958984375,87.63999938964844,90.8499984741211,86.68000030517578,90.80000305175781,13027100,43.21750292609573,0.2658271671211878,89.51350021362305,90.19780014038086,0.025749027216506848,2.277498829676627
2023-10-26,84.24854278564453,87.44999694824219,88.13999938964844,86.54000091552734,87.12000274658203,9377300,42.75184529285205,0.022157685742229205,89.56549987792968,90.11120010375977,0.012035565814804361,2.2138950320242263
2023-10-27,82.84199523925781,85.98999786376953,87.77999877929688,85.88999938964844,87.54000091552734,12480700,39.25201417058282,-0.285471124763248,89.51999969482422,89.99820007324219,-0.010471848632112812,2.2799263711430293
2023-10-30,82.90941619873047,86.05999755859375,88.30000305175781,86.0,87.30999755859375,9785500,39.50770815412573,-0.5176535946631731,89.44049949645996,89.89740005493164,-0.018140375808387232,2.3743313396550754
2023-10-31,83.15027618408203,86.30999755859375,86.43000030517578,84.94999694824219,86.1500015258789,9004900,40.47141016765018,-0.6737207309703592,89.48549919128418,89.77240005493164,0.010537335884504229,2.3013289428465127
2023-11-01,84.58573150634766,87.80000305175781,87.87000274658203,86.33999633789062,86.47000122070312,9508800,45.99370576747462,-0.6694569866740636,89.5419994354248,89.6836001586914,0.013038016691886645,2.241665133430077
2023-11-02,87.1676254272461,90.4800033569336,91.05000305175781,89.47000122070312,90.4000015258789,11032600,54.21995603722958,-0.44469810868802995,89.71449966430664,89.60880020141602,0.03964155608442255,2.1697776543786507
2023-11-03,88.42967224121094,91.79000091552734,92.44999694824219,90.83999633789062,91.6500015258789,9226700,57.61821962912917,-0.15903595620501676,89.83949966430664,89.59400024414063,0.027998655777426995,2.215564233416331
2023-11-06,89.21001434326172,92.5999984741211,92.61000061035156,91.29000091552734,92.0,8402700,59.61442419008858,0.13120098794959745,90.01999969482422,89.58400024414063,0.04056636360277177,2.2885627266797974
2023-11-07,89.0269775390625,92.41000366210938,93.05000305175781,91.75,92.25,6241300,58.91348031976973,0.34194315591084035,90.10999984741211,89.55220031738281,0.019865390570940722,2.3476178862728014
2023-11-08,88.6319808959961,92.0,93.44000244140625,91.93000030517578,93.33000183105469,6537700,57.34647913587663,0.4704509081234818,90.10999984741211,89.49060028076173,0.0,2.3476178862728014
2023-11-09,88.26588439941406,91.62000274658205,93.37000274658203,91.5999984741211,92.62999725341797,8166000,55.86341633505864,0.5354591848479231,90.07000007629395,89.42740036010743,-0.008656085676401748,2.312743892518343
2023-11-10,93.87283325195312,97.44000244140624,97.75,93.61000061035156,94.04000091552734,19281700,69.06082573181351,1.0445629763433715,90.41900024414062,89.50480041503906,0.07716121410100363,2.841012747775873
2023-11-13,92.89015197753906,96.41999816894533,97.18000030517578,95.72000122070312,97.01000213623047,9526300,65.37153910577605,1.3501617544828832,90.67900009155274,89.56940032958984,0.05700500853602297,3.140349380021641
2023-11-14,95.28900146484375,98.91000366210938,99.69000244140625,97.94999694824219,98.0,13873200,69.63590077015415,1.7728374547080534,91.0745002746582,89.6556004333496,0.08692311716603718,3.641081832324632
2023-11-15,95.18303680419922,98.8000030517578,100.69999694824219,98.41999816894531,99.94999694824219,10422900,69.23030208262688,2.0750153767970687,91.53450050354004,89.78640045166016,0.10267862426687335,4.0076853450376575
2023-11-16,94.93256378173828,98.54000091552734,99.0999984741211,97.91000366210938,98.23999786376953,8459000,68.21887540684091,2.2673766510216637,91.81600036621094,89.95620040893554,0.06059624401579922,4.296690760287175
2023-11-17,95.93448638916016,99.58000183105467,99.72000122070312,98.31999969482422,98.94000244140625,7243000,70.10054325140587,2.4752110368975764,92.22950057983398,90.15500045776368,0.09057063293812972,4.630411540608784
2023-11-20,96.30056762695312,99.95999908447266,100.58999633789062,99.54000091552734,99.9000015258789,6448900,70.78126025962486,2.6401498832337182,92.67200050354003,90.3622004699707,0.09713531352029858,4.930915965788054
2023-11-21,94.80730438232422,98.41000366210938,100.1500015258789,98.23999786376953,100.0,10112600,64.34608911193178,2.615641938456889,93.01050071716308,90.52080047607421,0.07387608377947763,5.086270058375559
2023-11-22,95.03854370117188,98.6500015258789,99.6500015258789,97.94999694824219,98.72000122070312,7413500,64.87853572492577,2.5857778006166825,93.56100082397461,90.66940048217774,0.12562759257082923,5.0702091545070935
2023-11-24,94.24855041503906,97.83000183105467,98.7300033569336,97.47000122070312,98.4800033569336,4297600,61.499214611823554,2.467499337472532,94.08000106811524,90.79660049438476,0.11869645791932903,4.941372985737623
2023-11-27,93.6512451171875,97.20999908447266,97.55000305175781,96.41999816894531,97.41999816894531,6856100,58.99700883978827,2.2972524667636094,94.6410011291504,90.95580047607422,0.13048030584299486,4.599659524389415
2023-11-28,94.39305877685547,97.9800033569336,98.25,97.23999786376953,97.87000274658203,6358100,61.113130532243396,2.199113493307479,95.23700141906738,91.13880050659179,0.13850808896693412,4.182617373402172
2023-11-29,95.2601089477539,98.87999725341795,99.7300033569336,98.5999984741211,99.0,7091100,63.48518838347774,2.168957246663311,95.8655014038086,91.35300048828125,0.14563781775443507,3.6854711179327606
2023-11-30,93.74758911132812,97.30999755859376,98.9800033569336,96.9000015258789,98.93000030517578,9681400,56.95805979382121,1.9953709552989949,96.34100112915038,91.55340042114258,0.10831428446796121,3.1671301600183916
2023-12-01,94.94219970703125,98.5500030517578,98.77999877929688,97.0199966430664,97.69999694824219,7500400,60.41937483807759,1.9355488466443234,96.7445011138916,91.8172004699707,0.08919097475039806,2.882393974074984
2023-12-04,93.45855712890625,97.01000213623048,97.19999694824219,95.25,97.05000305175781,10619400,54.55202211703409,1.7437730606005317,97.00550117492676,92.04460052490235,0.05686895270332348,2.635952872292102
2023-12-05,93.15028381347656,96.69000244140624,97.0199966430664,95.87999725341797,96.45999908447266,8009600,53.39176689591363,1.5481222775249535,97.21000137329102,92.25360061645507,0.04416851009374656,2.4265134412999823
2023-12-06,94.26780700683594,97.8499984741211,98.56999969482422,97.44999694824219,97.80000305175781,11262300,56.96496018859951,1.4697275039070803,97.4820011138916,92.52480056762695,0.0588680293954178,2.1491898500471085
2023-12-07,95.65509033203125,99.29000091552734,99.63999938964844,97.88999938964844,97.95999908447266,11373700,60.96562786047928,1.5064300554707017,97.84650115966797,92.80180053710937,0.07923914038616675,1.7520010307307283
2023-12-08,96.6762924194336,100.3499984741211,100.37000274658203,98.94999694824219,99.12000274658203,10572500,63.64481440724387,1.6025765315354903,98.28300094604492,93.08060043334962,0.09528482280977357,1.0762561734554044
2023-12-11,97.25432586669922,100.9499969482422,101.20999908447266,99.37000274658203,99.56999969482422,9482800,65.10480916882548,1.7075051129231582,98.45850067138672,93.36160034179687,0.03602211021029733,1.2094896225078133
2023-12-12,97.88053131103516,101.5999984741211,101.6500015258789,99.94999694824219,100.1500015258789,7378600,66.66656767536077,1.8221073412836262,98.71750068664551,93.64060028076172,0.05372329810771692,1.3011398570842305
2023-12-13,98.3814926147461,102.12000274658205,102.68000030517578,100.91000366210938,101.4000015258789,8988800,67.90415083729934,1.9326124782149634,98.87800064086915,93.97480026245117,0.03245373537178797,1.5077185936018762
2023-12-14,100.13248443603516,103.4499969482422,103.80999755859375,102.80000305175781,103.3499984741211,10074500,70.88188008191928,2.1032629066757664,99.11050033569336,94.3104002380371,0.04706471409771562,1.8210326197434044
2023-12-15,99.25167083740234,102.54000091552734,104.76000213623047,102.38999938964844,103.5,16379200,66.34635240195814,2.1404023006472954,99.31050033569336,94.62060028076172,0.0405926523527127,1.9687431320500672
2023-12-18,99.62915802001953,102.93000030517578,103.30999755859375,102.08000183105469,102.83999633789062,5660600,67.31172228143477,2.1762191298488176,99.47800025939941,94.89340026855469,0.0336412774906818,2.1288749853798064
2023-12-19,100.53900146484375,103.87000274658205,103.9800033569336,103.08999633789062,103.23999786376953,8498500,69.5769607917143,2.254466479906924,99.67350044250489,95.19100036621094,0.03911568325250969,2.344119427444158
2023-12-20,96.83184051513672,100.04000091552734,103.08999633789062,99.94000244140625,102.69999694824219,10814100,53.353614823434924,1.9845522465075618,99.75500030517578,95.37960037231446,0.01656332885642975,2.3261451717679695
2023-12-21,99.26133728027344,102.5500030517578,102.72000122070312,101.16000366210938,101.30000305175781,9068200,59.945193059965675,1.9506930916460021,99.95000038146972,95.5906004333496,0.03953371987384924,2.391196499648665
2023-12-22,99.84210968017578,103.1500015258789,103.58999633789062,102.70999908447266,102.93000030517578,5566400,61.351139727390304,1.9497982692012243,100.21600036621093,95.80520050048828,0.05438004288307674,2.438389102962925
2023-12-26,101.10040283203125,104.4499969482422,104.95999908447266,103.56999969482422,103.61000061035156,6407500,64.27690600944723,2.030580612725572,100.57800025939942,96.08500045776367,0.07447791309490914,2.5051409439179353
2023-12-27,101.29401397705078,104.6500015258789,105.37000274658203,104.08000183105469,105.05000305175781,5889700,64.71941441051388,2.0866858839282116,100.91150016784668,96.35360046386718,0.06807509635049747,2.583816582003476
2023-12-28,101.34239196777344,104.6999969482422,105.5199966430664,104.69999694824219,105.0,5335100,64.83667104552177,2.110851347948696,101.20250015258789,96.62760040283203,0.05885922184957448,2.6693005036864252
2023-12-29,100.66484069824219,104.0,104.97000122070312,103.66999816894531,104.72000122070312,4409600,61.7425534432595,2.0498889053932885,101.5370002746582,96.91560043334961,0.06874938453654722,2.5732915714206617
2024-01-02,98.2740478515625,101.52999877929688,102.62000274658203,100.58999633789062,102.25,9020900,52.2646947230893,1.7817286162081132,101.68600006103516,97.08800033569337,0.03023841334610622,2.475656623199736
2024-01-03,96.95767211914062,100.16999816894533,101.25,99.66000366210938,100.33999633789062,6650600,47.904291200939205,1.4428368467477242,101.8439998626709,97.26520034790039,0.032573919834341325,2.2522814749021913
2024-01-04,95.95101165771484,99.12999725341795,100.44000244140625,99.12000274658203,99.52999877929688,7996700,44.824554773016295,1.077917731011624,101.96599960327148,97.42560028076171,0.025235233740844576,2.0116385964531527
2024-01-05,96.4156265258789,99.61000061035156,100.63999938964844,98.80000305175781,99.0,7347300,46.53307290563799,0.818019344238607,102.053999710083,97.58500030517578,0.017986736470884557,1.8544610877777545
2024-01-08,98.96128845214844,102.23999786376952,102.79000091552734,100.5,100.62999725341797,12455600,54.79298268484727,0.8148734449684412,102.20149955749511,97.8770002746582,0.029710916719115854,1.7366221670801947
2024-01-09,98.62250518798828,101.88999938964844,101.97000122070312,100.20999908447266,101.05000305175781,7764000,53.606121291616645,0.7752022958101321,102.27849960327148,98.16580032348632,0.01534629734871884,1.6835374790590494
2024-01-10,97.56747436523438,100.8000030517578,102.77999877929688,99.9800033569336,102.5199966430664,6975700,49.97554029360435,0.6483354221272037,102.27099990844727,98.4620004272461,-0.0014858236851785778,1.6900884166298649
2024-01-11,97.97399139404297,101.22000122070312,102.16000366210938,99.98999786376953,101.69999694824219,7862700,51.34299870582856,0.575053988449568,102.25200004577637,98.76520050048828,-0.0037401305031983245,1.7001348814237995
2024-01-12,97.99335479736328,101.23999786376952,102.37999725341797,100.87000274658203,100.88999938964844,6519700,51.411101221975095,0.5126816117849273,102.20799980163574,99.0638005065918,-0.008617360547828468,1.715052836156307
2024-01-16,98.4095458984375,101.66999816894533,102.3499984741211,100.19999694824219,100.52999877929688,11185500,52.93655102416264,0.49227385826642944,102.1189998626709,99.34120040893555,-0.017206368601319855,1.6932557777257764
2024-01-17,99.64851379394531,102.9499969482422,103.33000183105469,100.0,100.87000274658203,17649500,57.24006642557878,0.5727830838210082,102.13949966430664,99.59060028076172,0.003998400907491817,1.7010847449357946
2024-01-18,109.40526580810547,113.02999877929688,113.38999938964844,109.4800033569336,111.19999694824219,58783700,75.91652432920162,1.4334353800083477,102.64449958801269,100.0154002380371,0.0981249241637594,2.972307964945892
2024-01-19,110.53775024414062,114.1999969482422,115.1500015258789,111.0199966430664,113.22000122070312,37812600,77.16333205025788,2.1847333534042406,103.1609992980957,100.44740020751954,0.09945117867054343,3.937337467799531
2024-01-22,109.40526580810547,113.02999877929688,115.0999984741211,112.5199966430664,114.77999877929688,17755500,73.08846144314684,2.6551266882754305,103.81049919128418,100.85980010986329,0.12984803823360758,4.435321254622025
2024-01-23,110.46997833251953,114.12999725341795,114.62000274658203,113.16000366210938,113.5199966430664,11667900,74.4543384308953,3.081159786884726,104.38949890136719,101.30240005493164,0.11292046667044597,4.984015472928535
2024-01-24,112.78334045410156,116.5199966430664,118.8499984741211,114.61000061035156,115.33000183105469,21859200,77.16605559838118,3.5704886925262542,105.05799865722656,101.80039993286132,0.12961701327588604,5.659842743302066
2024-01-25,112.82205200195312,116.55999755859376,118.83999633789062,116.4800033569336,118.0199966430664,15485300,77.20966045438509,3.9163676666461242,105.66349868774414,102.18279983520507,0.11594065068620729,6.212196342717823
2024-01-26,113.49961853027344,117.26000213623048,118.04000091552734,116.30000305175781,116.9000015258789,10196400,78.00136877431295,4.198565317330505,106.29399871826172,102.59959991455078,0.12049689848531209,6.722849468605465
2024-01-29,113.22860717773438,116.9800033569336,117.87000274658203,115.76000213623047,117.16999816894531,10042200,76.8513475865826,4.349477359634108,106.90799903869629,102.96099990844726,0.11728755268982427,7.11872002169395
2024-01-30,112.33809661865234,116.05999755859376,118.01000213623047,115.55999755859375,116.36000061035156,11030800,73.04079283133092,4.3447558207208345,107.51099891662598,103.30619979858399,0.11596151498647855,7.365916392202881
2024-01-31,109.33751678466797,112.95999908447266,114.73999786376953,112.87999725341797,113.5,12853900,61.902893945100004,4.0442503969048005,108.08249893188477,103.5945997619629,0.11257756764108717,7.320715943127213
2024-02-01,109.75371551513672,113.38999938964844,114.02999877929688,112.61000061035156,113.80000305175781,8807600,62.75137090342059,3.797025369576872,108.74349899291992,103.87079971313477,0.13197565600836336,7.16382809915662
2024-02-02,112.03802490234375,115.75,115.95999908447266,113.91999816894531,114.86000061035156,10044000,67.0842789633389,3.748321760164771,109.57449913024902,104.18659973144531,0.16765866243387784,6.950761577936454
2024-02-05,114.98053741455078,118.79000091552734,119.54000091552734,116.58000183105469,117.12999725341797,13267600,71.6577849484572,3.909954939668424,110.53349914550782,104.59419967651367,0.1925509505837968,6.825606838528341
2024-02-06,115.55162811279297,119.37999725341795,120.98999786376953,118.27999877929688,120.12000274658203,11503800,72.45763288093602,4.039097965496808,111.39049911499023,105.00879959106446,0.16764475496651277,6.805487924339687
2024-02-07,120.9720458984375,124.9800033569336,125.0,120.0,120.01000213623047,18172500,78.62394015084658,4.540972926007527,112.5449993133545,105.55179962158203,0.2266169801315261,7.062638422410382
2024-02-08,129.44140625,133.72999572753906,134.75,126.11000061035156,127.0,33367000,84.47328609528415,5.5804359140798,114.19149894714356,106.28219955444337,0.32668642538505366,7.961672276175379
2024-02-09,128.84130859375,133.11000061035156,135.1699981689453,130.58999633789062,134.5,16984200,82.74550257670279,6.281776981835662,115.78599891662597,106.98479949951172,0.3150563031521263,8.407946216749616
2024-02-12,126.27631378173828,130.4600067138672,133.50999450683594,130.25999450683594,133.27000427246094,14203800,75.6255099794528,6.54827799780135,117.24699935913085,107.6163996887207,0.2886211918871895,8.285140612582852
2024-02-13,123.45963287353516,127.5500030517578,129.9199981689453,126.4800033569336,127.93000030517578,14494000,68.64076426846657,6.450313795124117,118.54099960327149,108.22119979858398,0.25454908378976837,7.726399484234623
2024-02-14,125.1244888305664,129.27000427246094,130.7899932861328,127.95999908447266,129.6300048828125,13069700,70.38200130436802,6.437261439747928,119.85699996948242,108.83559982299805,0.2556581651716905,7.15116026263035
2024-02-15,124.89216613769531,129.02999877929688,131.1300048828125,128.35000610351562,130.8000030517578,12554000,69.79959982564353,6.334530393320449,120.65699996948243,109.47599975585938,0.14155534081922538,7.241614863698719
2024-02-16,122.62720489501953,126.69000244140624,128.63999938964844,125.80999755859375,127.12999725341797,13104400,64.21991978911608,5.995188351150162,121.28150024414063,110.07599975585937,0.10936957816929516,7.193867819183036
2024-02-20,121.31082916259766,125.33000183105467,127.05999755859375,124.1500015258789,126.88999938964844,12038800,61.15984965254817,5.552510766844549,121.89650039672851,110.62559982299804,0.10882069525431803,6.973715821112005
2024-02-21,121.32050323486328,125.33999633789062,125.37999725341797,122.91000366210938,124.43000030517578,11469700,61.17449115779657,5.143204406274705,122.45700035095214,111.1465997314453,0.0982213208993743,6.763981325128208
2024-02-22,124.9308853149414,129.07000732421875,131.47999572753906,129.0,129.69000244140625,17014100,66.28292876690432,5.061461502671804,123.08450088500976,111.72099990844727,0.10770692621624911,6.766349142955618
2024-02-23,125.3761215209961,129.52999877929688,131.00999450683594,127.7300033569336,130.5,10123300,66.86198634094575,4.9764319193119775,123.73300094604492,112.29259994506836,0.11127317683910554,6.729551430381089
2024-02-26,126.45052337646484,130.63999938964844,131.22999572753906,128.55999755859375,130.02000427246094,9526700,68.27776018258383,4.941648882242575,124.40200080871583,112.8733999633789,0.11410538128656467,6.717244438998011
2024-02-27,124.46627044677734,128.58999633789062,131.97000122070312,128.58999633789062,130.77000427246094,8851800,62.93034962456267,4.6945491210680075,124.98250045776368,113.40279983520507,0.09924767180534433,6.541445791175937
2024-02-28,123.29508209228516,127.37999725341795,128.5800018310547,126.6500015258789,128.5,6519100,59.94606552543745,4.350929163311548,125.54850044250489,113.88139984130859,0.09753575678914861,6.2101341666323195
2024-02-29,124.54370880126953,128.6699981689453,129.19000244140625,127.1500015258789,128.02999877929688,9369900,62.01425502442418,4.135034065301568,126.33400039672851,114.40399978637696,0.1390757720591389,5.485304477646044
2024-03-01,129.60598754882812,133.89999389648438,136.64999389648438,130.10000610351562,130.1300048828125,24393000,69.00249596067411,4.335970225293423,127.35950012207032,115.02339965820312,0.18088010068997606,4.814161351628307
2024-03-04,133.826171875,138.25999450683594,141.99000549316406,137.67999267578125,139.94000244140625,26544600,73.39646045711635,4.791792391066721,128.4849998474121,115.7111994934082,0.19447079487547247,4.582875062801931
2024-03-05,130.6416778564453,134.97000122070312,137.42999267578125,133.72999572753906,137.1199951171875,13694700,65.81507866477052,4.831861091954707,129.2939998626709,116.40979949951172,0.13620675292932716,4.192880877544861
2024-03-06,137.030029296875,141.57000732421875,144.0,138.61000061035156,138.8000030517578,22292700,72.05185592063101,5.334686218093751,130.40350036621095,117.19019958496094,0.1858771199642113,4.363833630415331
2024-03-07,144.4153289794922,149.1999969482422,151.60000610351562,144.14999389648438,144.89999389648438,34675700,77.22493936898908,6.276503523759061,131.61450004577637,118.11119949340821,0.19379095007813452,5.877617645716172
2024-03-08,141.67608642578125,146.3699951171875,158.39999389648438,144.92999267578125,153.89999389648438,43856900,71.90846207138408,6.7171123377003426,132.2465000152588,118.94959945678711,0.09451880500617915,6.734210492504559
2024-03-11,134.5618133544922,139.02000427246094,144.39999389648438,138.92999267578125,143.6199951171875,29227100,60.29789786438145,6.399446328671019,132.54200019836426,119.63699951171876,0.04439939625129696,6.9016799925438175
2024-03-12,139.76927185058594,144.39999389648438,146.6999969482422,140.57000732421875,144.52000427246094,21218500,64.78055163923835,6.506807501534013,133.2389995574951,120.4309994506836,0.10685257140290672,7.3684666090774655
2024-03-13,137.5817413330078,142.13999938964844,143.22999572753906,141.3699951171875,143.0500030517578,12923100,61.632498207313354,6.336486266034825,133.96849937438964,121.19379943847656,0.11438648364414572,7.4967060146279465
2024-03-14,135.14254760742188,139.6199951171875,143.10000610351562,139.02000427246094,142.61000061035156,14961900,58.23425428730888,5.929807051062369,134.485998916626,121.95559936523438,0.08006490680476808,7.51251185377516
2024-03-15,132.5872039794922,136.97999572753906,137.6999969482422,134.6300048828125,135.44000244140625,22751200,54.82388197763386,5.333009343849199,134.88349876403808,122.69179931640625,0.06161355516898426,7.418365590775329
2024-03-18,132.79519653320312,136.63999938964844,141.5399932861328,136.61000061035156,140.17999267578125,14732900,54.382174309620545,4.777535542367843,135.3809986114502,123.44199935913086,0.07853813842054391,7.1694255925858466
2024-03-19,131.0750274658203,134.8699951171875,136.27000427246094,133.02999877929688,135.3000030517578,17341100,52.031894589055085,4.14669349904662,135.85799827575684,124.14719924926757,0.07611899103769892,6.771848142053075
2024-03-20,132.90211486816406,136.75,137.30999755859375,135.00999450683594,136.52999877929688,12750200,54.29148361451329,3.7551601680187616,136.4284984588623,124.83739929199218,0.09103242377118281,6.303543327092654
2024-03-21,135.52615356445312,139.4499969482422,142.60000610351562,139.0399932861328,142.5500030517578,17809400,57.395482268413325,3.6209938086057605,136.94749794006347,125.58859924316407,0.08042139176415564,6.089479120266645
2024-03-22,136.58546447753906,140.5399932861328,141.33999633789062,139.11000061035156,139.39999389648438,9944100,58.61725422106472,3.5615641031583323,137.49799766540528,126.38339904785157,0.08499957238165035,5.877607341815168
2024-03-25,136.28416442871094,140.22999572753906,141.67999267578125,139.25999450683594,140.16000366210938,9922200,58.10689020196156,3.449685593040641,137.9774974822998,127.16359893798828,0.07340781064524804,5.676416423282949
2024-03-26,134.93328857421875,138.83999633789062,140.9600067138672,138.63999938964844,140.61000061035156,10786400,55.762458889875816,3.211835691146945,138.4899974822998,127.91559890747071,0.07971071072330149,5.229360262470582
2024-03-27,132.8437957763672,136.69000244140625,139.27999877929688,135.14999389648438,138.86000061035156,13842800,52.25081665713297,2.8173744521529045,138.95549774169922,128.6159989929199,0.07308843922697195,4.559847836628394
2024-03-28,132.22178649902344,136.0500030517578,136.8000030517578,135.44000244140625,135.67999267578125,10019400,51.216846046951034,2.425162710152563,139.32449798583986,129.27799911499022,0.05735606581048103,3.94020576472805
2024-04-01,137.50872802734375,141.49000549316406,142.9600067138672,137.0500030517578,137.2899932861328,14222700,58.698318238067216,2.5241974351344822,139.70399856567383,129.8471992492676,0.056684181797255206,3.7512311820779325
2024-04-02,136.27447509765625,140.22000122070312,141.0399932861328,139.35000610351562,140.3800048828125,9869200,56.51908804511088,2.471712079010814,139.8019989013672,130.3675993347168,0.014176238910311056,3.7370971139911506
2024-04-03,138.00436401367188,142.0,142.92999267578125,138.38999938964844,138.5800018310547,9707500,58.82634556423919,2.5444176190970325,140.15349884033202,130.94699935913087,0.05208563914733477,3.5862600740106907
2024-04-04,135.73023986816406,139.66000366210938,146.75,139.42999267578125,144.0,15759500,54.71588038256806,2.3857180623630825,140.05799865722656,131.4575994873047,-0.01349158411594309,3.5719565665786535
2024-04-05,137.3823699951172,141.36000061035156,142.0,138.9199981689453,140.0,8263600,57.06317026230308,2.3698054247547873,139.66599884033204,131.95439956665038,-0.05254689341991303,2.878819200197283
2024-04-08,138.77210998535156,142.7899932861328,146.0,142.75999450683594,145.24000549316406,16307400,58.98888828203443,2.444405418716542,139.48699874877929,132.47899948120119,-0.024458577239060864,2.5302314677021265
2024-04-09,141.3087158203125,145.39999389648438,148.1699981689453,142.9499969482422,146.25999450683594,18443400,62.311383706503236,2.6832014123189936,139.80599822998047,133.04179931640624,0.045892601265638655,2.8502037666638356
2024-04-10,142.10565185546875,146.22000122070312,148.42999267578125,145.25999450683594,146.6300048828125,18861300,63.31690354405386,2.9051281863062286,139.8969985961914,133.62659927368165,0.012603929370824218,3.0281015901640025
2024-04-11,143.05804443359375,147.1999969482422,147.55999755859375,144.1300048828125,147.1999969482422,11818800,64.5347013998292,3.124071862865634,140.1499984741211,134.24939926147462,0.035598688478411855,3.4123702147880444
2024-04-12,138.509765625,142.52000427246094,146.50999450683594,142.14999389648438,145.0,12024000,55.12337766578564,2.886674223778755,140.29499893188478,134.84059936523437,0.020770729527954668,3.4500698730029495
2024-04-15,136.19671630859375,140.13999938964844,145.47999572753906,139.8800048828125,145.02000427246094,13458800,51.04638650160666,2.477924410779451,140.45299911499023,135.37559936523436,0.023069088630976564,3.3614858705441613
2024-04-16,135.8662872314453,139.8000030517578,140.5399932861328,137.05999755859375,137.88999938964844,14218200,50.472089814410275,2.1023181609821506,140.6109992980957,135.85659942626953,0.023126490604688632,3.2450797873201784
2024-04-17,135.11793518066406,139.02999877929688,142.57000732421875,137.36000061035156,141.1300048828125,18823200,49.12415171252072,1.7226568761755914,140.81899948120116,136.26139938354493,0.030844545211815122,2.9802460672621933
2024-04-18,128.54815673828125,132.27000427246094,135.1300048828125,130.3000030517578,132.88999938964844,39306100,39.22096752012597,0.8663112151558892,140.59499969482422,136.51919952392578,-0.03276048064013937,3.435729525092956
2024-04-19,124.10674285888672,127.6999969482422,131.5500030517578,126.63999938964844,129.3699951171875,28284000,34.20127287959504,-0.17904635384456924,140.00749969482422,136.57359939575196,-0.08425959309530195,4.485927995098689
2024-04-22,126.09906768798828,129.75,130.66000366210938,125.77999877929688,126.75,18556800,38.03256121398485,-0.8324852729628844,139.46800003051757,136.49399948120117,-0.07677525118536821,5.033879964149181
2024-04-23,129.675537109375,133.42999267578125,133.7100067138672,130.66000366210938,131.36000061035156,12573800,44.302199948647605,-1.0413911611219078,139.12799987792968,136.50039932250976,-0.04849178677128341,5.2063923041734
2024-04-24,129.22845458984375,132.97000122070312,136.2899932861328,131.5399932861328,136.08999633789062,15558000,43.7069262031384,-1.2298906350291077,138.83450012207032,136.5505992126465,-0.04227884811306015,5.385844286859786
2024-04-25,132.73687744140625,136.5800018310547,137.83999633789062,128.86000061035156,130.0,18034300,49.44774884807944,-1.0755823036744516,138.82900009155273,136.7311991882324,-0.0008047451048859289,5.388205160586304
2024-04-26,134.40847778320312,138.3000030517578,138.74000549316406,135.9499969482422,136.80999755859375,9453400,51.96145866827966,-0.8052200400935021,138.94150009155274,136.91179916381836,0.016538037115251036,5.350485617506485
2024-04-29,134.6028594970703,138.5,138.64999389648438,135.91000366210938,138.0,9997100,52.25872651569936,-0.5682672845495631,138.79199981689453,137.1011991882324,-0.021132273496932807,5.317197849412163
2024-04-30,133.47549438476562,137.33999633789062,139.6999969482422,137.25999450683594,137.94000244140625,10980600,50.31396071918011,-0.4686804629720598,138.64799957275392,137.3141990661621,-0.020539187403653236,5.315487159501013
2024-05-01,131.1430206298828,134.94000244140625,139.42999267578125,133.2100067138672,137.4199981689453,12561800,46.46150857309376,-0.5767680165784839,138.2949996948242,137.50639907836913,-0.04971829266615313,5.315591904948077
2024-05-02,132.396728515625,136.22999572753906,136.74000549316406,133.22000122070312,135.60000610351562,9261900,48.733688979364054,-0.5519736951076197,138.1234992980957,137.7241990661621,-0.024559701021265923,5.324558724150813
2024-05-03,137.57675170898438,141.55999755859375,142.11000061035156,138.75999450683594,138.89999389648438,13264300,56.87714536519077,-0.10107231489550372,138.1334991455078,137.9739988708496,0.0014148057963967453,5.331140719953041
2024-05-06,138.81101989746094,142.8300018310547,142.8300018310547,139.80999755859375,140.47000122070312,8601600,58.566014219390276,0.3546607006224747,138.1354995727539,138.23999893188477,0.0002801915176346981,5.332987145080966
2024-05-07,137.13943481445312,141.11000061035156,142.2899932861328,140.50999450683594,141.8699951171875,8682900,55.401423125587876,0.5704666900391828,137.92099990844727,138.44939895629884,-0.029504769368745798,5.106903802056804
2024-05-08,139.55935668945312,143.60000610351562,144.25999450683594,140.8000030517578,141.11000061035156,10202300,58.86658062991504,0.9316773286090836,137.79000015258788,138.74959915161133,-0.017918171900661584,4.9127296104790705
2024-05-09,138.77210998535156,142.7899932861328,143.35000610351562,141.1300048828125,142.94000244140625,8012700,57.306726981460876,1.1394433041235175,137.56949996948242,139.05779907226562,-0.029959264630012195,4.554019724168278
2024-05-10,145.06005859375,149.25999450683594,150.5,146.92999267578125,147.22000122070312,23671400,65.23166823148512,1.805363259193797,137.90649948120117,139.46959899902345,0.047291538256551746,5.15002101973365
2024-05-13,142.290283203125,146.41000366210938,148.44000244140625,146.3000030517578,148.02000427246094,8278700,59.95247562040642,2.0791717804336827,138.21999969482422,139.71979919433593,0.044741003994353434,5.473798966584864
2024-05-14,147.6743927001953,151.9499969482422,152.00999450683594,146.25,146.49000549316406,12316500,65.75431083338131,2.711936647188537,138.82749938964844,139.99359924316406,0.086909825688531,6.274100161070856
2024-05-15,151.20225524902344,155.5800018310547,156.0,152.72999572753906,153.36000061035156,14027100,68.93050181412649,3.4663603750733785,139.65499954223634,140.4057992553711,0.11903907931431479,7.308367683645382
2024-05-16,147.94650268554688,152.22999572753906,155.05999755859375,152.2100067138672,154.10000610351562,13394100,63.11292558788236,3.75069345988706,140.65299911499022,140.6189990234375,0.1509033855776012,7.60368621396755
2024-05-17,147.4119873046875,151.67999267578125,154.0,150.83999633789062,154.0,7711200,62.18498460120962,3.886843713548018,141.85199890136718,140.6685989379883,0.1877838394722775,7.3397517126815695
2024-05-20,149.22938537597656,153.5500030517578,154.24000549316406,150.82000732421875,151.6699981689453,9261200,64.1167628054105,4.098394241838349,143.04199905395507,140.81219909667968,0.18342969596730496,7.202448652708346
2024-05-21,149.34600830078125,153.6699981689453,153.99000549316406,151.9499969482422,152.3000030517578,7919400,64.24299158927428,4.227005870310535,144.0539993286133,141.10519897460938,0.15169007422750025,7.202743895134742
2024-05-22,151.75621032714844,156.14999389648438,157.22999572753906,154.5399932861328,155.8800048828125,13455200,66.83933455912634,4.47743337663448,145.21299896240234,141.34019897460936,0.17432497904025124,7.190283429983677
2024-05-23,152.66978454589844,157.08999633789062,160.77999877929688,155.8699951171875,159.17999267578125,20873000,67.79389156087716,4.697598331312321,146.23849868774414,141.6391989135742,0.15016835724022148,7.354929509556774
2024-05-24,155.49789428710938,160.0,160.66000366210938,156.7100067138672,157.1999969482422,11908200,70.61401501356232,5.048695401825796,147.32349853515626,142.04679901123046,0.15690525285181023,7.714031936902178
2024-05-28,154.92449951171875,159.41000366210938,160.3800048828125,157.60000610351562,159.67999267578125,13964400,69.28925795101213,5.2191712289566965,148.3689987182617,142.49539916992188,0.15097475568310026,7.8706234384038
2024-05-29,149.99713134765625,154.33999633789062,156.8800048828125,153.2100067138672,156.75,15780000,59.039130915375495,4.888812147666272,149.21899871826173,142.84939910888673,0.12378040231030552,7.527323813041512
2024-05-30,148.65597534179688,152.9600067138672,154.0500030517578,151.88999938964844,153.58999633789062,9687800,56.58543947199845,4.464186206303879,150.11999893188477,143.21119934082031,0.1335408622086367,6.768428451626707
2024-05-31,146.7899932861328,151.0399932861328,152.5,147.80999755859375,151.47999572753906,13782600,53.26831275755769,3.9274646830092195,150.86049880981446,143.49699920654297,0.10871319109642963,5.9266048219774605
2024-06-03,150.5899658203125,154.9499969482422,157.14999389648438,152.4600067138672,155.1199951171875,12924400,58.59185522968643,3.7741080587955196,151.52999877929688,143.80699920654297,0.09458886423126778,5.566007342125706
2024-06-04,148.17977905273438,152.47000122070312,153.7899932861328,150.99000549316406,153.39999389648438,10066700,54.361840626516894,3.4131126620290217,152.0119987487793,144.04559936523438,0.0674928184979724,5.176747074523437
2024-06-05,158.33570861816406,162.9199981689453,163.72999572753906,157.9499969482422,158.58999633789062,23192600,65.62376957896342,3.925003630097052,153.10249862670898,144.4993994140625,0.15456025415815788,5.055078652430524
2024-06-06,157.5096435546875,162.07000732421875,164.6999969482422,160.36000061035156,164.52000427246094,14819100,64.23528492193995,4.213522883789267,154.02599868774413,144.96399963378906,0.12862117295029107,4.9128423774882535
2024-06-07,159.7643585205078,164.38999938964844,166.1199951171875,161.9600067138672,163.57000732421875,14023300,66.3293417043582,4.5766239694366675,155.10599899291992,145.5179995727539,0.15127114727312851,4.681548688174841
2024-06-10,163.42828369140625,168.16000366210938,169.83999633789062,162.4199981689453,164.0,12418900,69.45873881666317,5.109690699648041,156.0509994506836,146.16019958496094,0.12662474776124855,5.305368762537739
2024-06-11,161.0472412109375,165.7100067138672,168.41000366210938,163.7899932861328,168.17999267578125,11508600,65.21668499796118,5.273664128305484,157.0159996032715,146.644599609375,0.13182161443216067,5.213923323526941
2024-06-12,168.11264038085938,172.97999572753906,176.05999755859375,171.5399932861328,173.36000061035156,20309500,70.89664450277297,5.921976745827919,158.06749954223633,147.29979949951172,0.13840078447951654,6.171183794014982
2024-06-13,168.5747833251953,172.91000366210938,174.07000732421875,170.50999450683594,172.9499969482422,15591800,70.7768146512968,6.356843654669319,158.93399963378906,147.9179995727539,0.11138964922929784,6.968661105575464
2024-06-14,168.18478393554688,172.50999450683594,173.63999938964844,170.36000061035156,172.0,9192500,70.04812656323182,6.593199121806208,159.9479995727539,148.57499938964844,0.13321946625810832,7.403706629919652
2024-06-17,172.79620361328125,177.24000549316406,178.6699981689453,173.47999572753906,177.83999633789062,18593700,73.51987034048864,7.0805645479959765,161.22600021362305,149.2925994873047,0.1685127508676625,8.076836220485163
2024-06-18,175.18478393554688,179.69000244140625,184.86000061035156,178.99000549316406,180.02000427246094,27155100,75.12800486307935,7.577154714836382,162.53300018310546,150.03059967041017,0.17023770022874762,8.84755051071186
2024-06-20,170.9828338623047,175.3800048828125,183.1699981689453,173.5,182.5800018310547,28403200,67.37616616528865,7.536054274326801,163.61850051879884,150.6301998901367,0.1412768072659123,9.032777611588383
2024-06-21,169.5984649658203,173.9600067138672,177.47999572753906,172.2100067138672,172.7100067138672,20175600,64.99664667629963,7.304695906896882,164.50900115966797,151.185,0.11405708301973738,9.135064565252044
2024-06-24,163.60263061523438,167.80999755859375,171.4199981689453,167.1199951171875,170.42999267578125,19741700,55.80435629343268,6.549588809978161,165.0450012207031,151.59720001220703,0.0682411450162943,8.990192641770422
2024-06-25,168.27255249023438,172.60000610351562,172.63999938964844,169.00999450683594,169.9499969482422,13346800,60.491116659295486,6.265450440648408,165.6750015258789,152.19880004882813,0.07875003814697257,9.059266162794486
2024-06-26,167.75582885742188,172.07000732421875,173.69000244140625,170.1999969482422,172.1199951171875,11901500,59.73627701436816,5.929154659598254,166.30800170898436,152.83740020751952,0.07941787448260729,9.040749506220333
2024-06-27,167.3268585205078,171.6300048828125,175.47999572753906,171.14999389648438,173.7899932861328,10864600,59.07718238273684,5.563006435135151,167.17250213623046,153.47400024414063,0.11202545649327034,8.654512745856845
2024-06-28,169.45220947265625,173.80999755859375,176.82000732421875,172.80999755859375,172.80999755859375,11216100,61.352369529762406,5.386644633009723,168.2150016784668,154.16960021972656,0.13631008060642502,8.089748027875217
2024-07-01,168.00930786132812,172.3300018310547,175.3000030517578,170.4499969482422,174.24000549316406,10717000,58.95591553550605,5.069020831050693,169.27950210571288,154.97080017089843,0.1409561009751219,7.043943011076662
2024-07-02,171.29483032226562,175.6999969482422,176.7100067138672,171.02999877929688,171.1300048828125,10655500,62.54362294127938,5.031235174122827,170.3170021057129,155.93080017089844,0.13391416849740945,6.312416505701422
2024-07-03,177.91456604003906,182.4900054931641,182.49000549316406,177.8800048828125,177.99000549316406,11808700,68.515247098148,5.485948116875392,171.81800231933593,156.98560028076173,0.19689121815514676,5.33948538197915
2024-07-05,179.37696838378906,183.9900054931641,185.0800018310547,182.3000030517578,184.13999938964844,11372900,69.66579559271615,5.8993448883553015,172.8715026855469,157.99680053710938,0.12932732360068866,5.565296141523133
2024-07-08,181.95079040527344,186.6300048828125,192.8000030517578,185.1300048828125,190.0,22582400,71.63073843397768,6.366600488109469,174.09950256347656,159.07000061035157,0.15153943634655254,5.762594026549505
2024-07-09,179.89369201660156,184.5200042724609,188.44000244140625,182.5,188.08999633789062,19935200,67.84790521643876,6.491810946485856,175.1060028076172,160.0288006591797,0.12245273409302082,5.735365163141298
2024-07-10,186.25997924804688,191.0500030517578,191.4199981689453,186.6999969482422,188.27999877929688,19293500,72.65997461213107,7.036841140468425,176.2505027770996,161.0838006591797,0.13612035496646535,6.5081345600789104
2024-07-11,179.8741912841797,184.5,193.47000122070312,183.00999450683594,193.08999633789062,21584200,62.5477364109355,6.861159810936016,177.19000244140625,162.0038006591797,0.11339081844693699,6.257876924227296
2024-07-12,182.65274047851562,187.3500061035156,190.3800048828125,182.75,183.07000732421875,19220300,64.84062110389976,6.87267880248379,177.90850296020508,163.00400085449218,0.08307324968726881,6.566406156177131
2024-07-15,180.5761260986328,185.22000122070312,190.05999755859375,184.0800018310547,188.67999267578125,15683100,61.795660924219305,6.633467608030685,178.52400283813478,164.0096008300781,0.07119309061290191,6.649623321090059
2024-07-16,181.3755645751953,186.0399932861328,189.58999633789062,185.02000427246094,188.27000427246094,16663300,62.52526418371193,6.435868830040107,179.20050277709962,165.00580078125,0.07843023134964344,6.693677648554437
2024-07-17,166.9076385498047,171.1999969482422,176.5800018310547,170.50999450683594,175.22000122070312,45052600,45.565521837286354,5.023894366426077,178.89850234985352,165.59860076904297,-0.0340781333656347,6.919239186760785
2024-07-18,167.5608367919922,171.8699951171875,178.69000244140625,164.50999450683594,175.5,52903600,46.27407448588415,3.913841357226403,178.50750198364258,166.1794006347656,-0.043519434681785985,7.09097782339489
2024-07-19,161.61378479003906,165.77000427246094,170.52000427246094,165.22000122070312,169.1699981689453,22585300,41.036730866613865,2.512930569160403,178.027001953125,166.67260070800782,-0.054795303585336796,7.619926673171827
2024-07-22,165.10403442382812,169.35000610351562,170.8800048828125,166.17999267578125,166.61000061035156,21037200,44.973026457680554,1.6722976981482987,177.79650192260743,167.1876007080078,-0.026500347392686585,7.816613780923751
2024-07-23,165.56224060058594,169.82000732421875,171.5399932861328,167.97000122070312,169.4199981689453,11690700,45.487546502884136,1.032117652161844,177.89700241088866,167.72820098876954,0.011977890440783678,7.693407152625034
2024-07-24,155.79347229003906,159.8000030517578,165.4499969482422,159.58999633789062,165.08999633789062,19536600,37.44834514356794,-0.2805265155983534,177.2570022583008,167.93900115966798,-0.07415992235875768,8.632353374074425
2024-07-25,156.26141357421875,160.27999877929688,163.39999389648438,152.11000061035156,158.16000366210938,25731800,38.013505407974044,-1.267464292523016,176.6675018310547,168.21640106201173,-0.06851867288357139,9.375770807129015
2024-07-26,157.87982177734375,161.94000244140625,164.58999633789062,159.19000244140625,164.3000030517578,13089200,40.031465662580395,-1.8938401584635756,176.18300170898436,168.416201171875,-0.056458673691831995,9.886259847653696
2024-07-29,155.99819946289062,160.00999450683594,163.22999572753906,158.6300048828125,162.67999267578125,12663100,38.463630027115286,-2.5169690036708516,175.49300155639648,168.50480102539063,-0.07939706142108216,10.52175078182737
2024-07-30,150.6653289794922,154.5399932861328,161.14999389648438,152.5500030517578,160.44000244140625,22018000,34.356647700670294,-3.412845330158092,174.6035011291504,168.5510009765625,-0.10323221932279947,11.508892028826688
2024-07-31,161.64303588867188,165.8000030517578,166.64999389648438,162.07000732421875,163.77000427246094,19860400,46.92079459856276,-3.1776155154169317,174.10850143432617,168.83340118408202,-0.056346010634255816,11.671007939722998
2024-08-01,154.2140655517578,158.17999267578125,167.6699981689453,156.83999633789062,163.47999572753906,21095600,41.17700540635848,-3.5649705849663746,172.89300079345702,168.9260009765625,-0.13321284500861874,12.013052211035271
2024-08-02,146.10267639160156,149.86000061035156,153.86000061035156,146.88999938964844,151.25,31095300,35.995735477891316,-4.491530526898771,171.1865005493164,168.84980102539063,-0.18549923291393444,12.754953150465253
2024-08-05,144.24057006835938,147.9499969482422,150.0,133.57000732421875,133.86000061035156,31193100,34.909749633785594,-5.3186472347701965,169.25250015258788,168.68580108642578,-0.2072550336097243,13.21425444529268
2024-08-06,151.49404907226562,155.38999938964844,157.7100067138672,147.72000122070312,150.44000244140625,24528100,42.22212144460818,-5.312557312736544,167.79599990844727,168.65180114746093,-0.15786908849080294,13.047198280579414
2024-08-07,151.1527862548828,155.0399932861328,162.64999389648438,154.52000427246094,161.5500030517578,22379000,41.98317267312603,-5.275164757432378,165.99549942016603,168.5526010131836,-0.18848473797652565,12.121076205205867
2024-08-08,160.42437744140625,164.5500030517578,164.75,155.5399932861328,159.27000427246094,18889600,50.225692596416046,-4.42711950052103,164.9979995727539,168.65540100097655,-0.10813006476012021,11.31199195592194
2024-08-09,162.929931640625,167.1199951171875,167.8000030517578,163.24000549316406,166.32000732421875,20519400,52.20198584279624,-3.507231462102993,163.9864990234375,168.9110009765625,-0.10797977222990063,10.041204792779038
2024-08-12,163.42715454101562,167.6300048828125,169.52999877929688,165.5399932861328,166.0,14727300,52.60416332231684,-2.7058684710748935,163.10699920654298,169.2044009399414,-0.09496812559098766,8.773864301818305
2024-08-13,168.01904296875,172.33999633789062,172.4499969482422,166.33999633789062,168.0,15243500,56.26408990164698,-1.671458051817865,162.42199935913087,169.63040100097658,-0.07364006365648135,7.300233318915911
2024-08-14,165.70849609375,169.97000122070312,172.50999450683594,167.19000244140625,171.8800048828125,11510300,54.00427766533678,-1.0310340226961898,162.3604995727539,169.9308010864258,-0.0071845546113585845,7.2272079840694845
2024-08-15,169.5984649658203,173.9600067138672,175.44000244140625,170.82000732421875,172.42999267578125,15393500,57.12634517947018,-0.19923659275934824,162.4650001525879,170.36060119628905,0.012160421574775926,7.3853262146473115
2024-08-16,170.1638641357422,174.5399932861328,175.0,172.25,173.38999938964844,10710000,57.57711432559065,0.500993787944708,162.90349960327148,170.5930010986328,0.052904559254625116,7.838349028019942
2024-08-19,171.05108642578125,175.4499969482422,175.4499969482422,171.10000610351562,174.75999450683594,11511000,58.31761610865334,1.1164908878902509,163.2084991455078,170.86060089111328,0.03602002140465199,8.212158025790469
2024-08-20,167.7265625,172.0399932861328,175.39999389648438,169.85000610351562,175.39999389648438,13555500,54.48001765587362,1.3139713334583405,163.31949844360352,171.01360076904297,0.013072581946576456,8.320513903807798
2024-08-21,167.1416473388672,171.44000244140625,173.0800018310547,169.91000366210938,170.36000061035156,9434800,53.809068359206606,1.4058559304527876,163.90149841308593,171.0792007446289,0.07284104610359954,8.467179170250251
2024-08-22,162.26699829101562,166.44000244140625,173.27999877929688,166.05999755859375,172.0,13546100,48.45369862073488,1.0629637380073973,164.2094985961914,171.0938006591797,0.03843276584118027,8.440506344781626
2024-08-23,166.98561096191406,171.27999877929688,173.2899932861328,167.9199981689453,169.0,12189100,53.29899074226192,1.168299035974428,164.67649841308594,171.05980072021484,0.05767565886798143,8.56578377903007
2024-08-26,164.83103942871094,169.07000732421875,171.0500030517578,167.82000732421875,170.3800048828125,9611300,50.94422524495986,1.061217127298761,165.12949905395507,170.98300079345702,0.05662154320613855,8.545552408818468
2024-08-27,166.27395629882812,170.5500030517578,170.5800018310547,165.0399932861328,166.4199981689453,9186000,52.45901177306537,1.0832897397662578,165.92999954223632,170.94380096435546,0.10359784173137787,8.245991255768768
2024-08-28,164.95777893066406,169.1999969482422,172.47000122070312,166.1999969482422,171.32000732421875,10581400,50.9145983390797,0.9805451203105804,166.09999923706056,170.78300079345703,0.020506597309428276,8.278154669900223
2024-08-29,164.90902709960938,169.14999389648438,175.4199981689453,167.50999450683594,168.64999389648438,13213200,50.85487809894329,0.8848840482856133,166.64849929809571,170.5722006225586,0.06935138278320796,8.086987491903024
2024-08-30,167.39512634277344,171.6999969482422,172.22999572753906,168.75,170.05999755859375,9481400,53.829119746599055,1.0032708130981405,167.74049911499023,170.49860046386718,0.14573599525517444,7.117075964884589
2024-09-03,156.46617126464844,160.49000549316406,168.67999267578125,159.8000030517578,168.0,18464400,41.84108406458631,0.19034635819465962,168.36749954223632,170.22920043945314,0.08475842381604637,5.691386504560475
2024-09-04,156.83660888671875,160.8699951171875,163.8800048828125,158.9499969482422,159.3000030517578,11317400,42.31009365425608,-0.41841689268451887,168.6414993286133,170.090400390625,0.03526607728337572,5.138816530128341
2024-09-05,159.59571838378906,163.6999969482422,164.58999633789062,161.0500030517578,161.5399932861328,10260600,45.81475548946244,-0.6648447421189871,169.07449951171876,169.91240020751954,0.055856579186809974,4.214067713943256
2024-09-06,152.88819885253906,156.82000732421875,165.41000366210938,156.00999450683594,164.88999938964844,14964400,39.52787127504434,-1.3991694973858273,168.6879997253418,169.60740020751953,-0.04697657602052829,4.942420225995131
2024-09-09,158.69874572753906,162.77999877929688,163.10000610351562,160.25,160.75999450683594,10339000,46.390834517723256,-1.4831092950116158,168.47099990844725,169.4304000854492,-0.025969342177441734,5.107408934359955
2024-09-10,158.35752868652344,162.42999267578125,162.88999938964844,157.69000244140625,162.88999938964844,11910800,46.06023876855917,-1.5598932781041412,168.21099929809571,169.20279998779296,-0.03102077226965716,5.281852664584225
2024-09-11,165.9619598388672,170.22999572753906,170.3800048828125,161.4199981689453,163.8000030517578,15059500,53.93813779491514,-0.9800526421748259,168.10549926757812,169.16079986572265,-0.012243243908481305,5.215697504627733
2024-09-12,167.7487335205078,171.42999267578125,172.14999389648438,169.0,170.60000610351562,13399900,55.02638911023612,-0.4188666022886878,168.17849884033203,169.07539978027344,0.008589700797744682,5.253248713497269
2024-09-13,168.7957763671875,172.5,174.77000427246094,171.4499969482422,172.24000549316406,8787800,56.02407534687201,0.11093918818417592,168.10549850463866,168.87559967041017,-0.008392772232232892,5.1782885654401145
2024-09-16,165.44923400878906,169.0800018310547,170.55999755859375,166.77000427246094,169.91000366210938,12194300,52.04962025005243,0.25194456395863085,167.83249893188477,168.57739959716798,-0.031282179816102484,4.9605556521211565
2024-09-17,163.75637817382812,167.35000610351562,170.24000549316406,166.36000061035156,169.35000610351562,8629100,50.11294559673888,0.22154234091314606,167.42749938964843,168.19179962158202,-0.046166947766411504,4.625223555871684
2024-09-18,163.68783569335938,167.27999877929688,171.60000610351562,167.0,168.4600067138672,9116000,50.03181801717912,0.189613606499222,167.18949966430665,167.84699951171876,-0.02766795333989136,4.4960505767998775
2024-09-19,172.43589782714844,176.22000122070312,177.77999877929688,172.6300048828125,174.3800048828125,15855000,59.130813053766325,0.8755999653868116,167.4284996032715,167.55039947509766,0.027881467051020126,4.847222265212982
2024-09-20,170.3418426513672,174.0800018310547,176.02000427246094,173.64999389648438,174.8699951171875,18429800,56.47955593012237,1.232363116162844,167.8104995727539,167.34199951171874,0.045902422960718336,5.061529755199628
2024-09-23,171.00723266601562,174.75999450683594,175.39999389648438,173.6999969482422,174.83999633789062,5794200,57.13720431922348,1.5520788110934802,167.98449935913087,167.09019927978517,0.020317583794609906,5.243618288599154
2024-09-24,178.0624237060547,181.97000122070312,182.77999877929688,177.0500030517578,179.5,14576100,63.44482325358997,2.3600380385858273,168.62949905395507,167.02519927978517,0.07629971809101876,6.106556291247905
2024-09-25,178.43426513671875,182.3500061035156,183.82000732421875,181.2100067138672,181.52000427246094,8280900,63.747625852949994,2.9964732868046724,169.21949920654296,166.9513995361328,0.06918793808626766,6.829165547838109
2024-09-26,182.8180389404297,186.8300018310547,189.3300018310547,183.8000030517578,188.5,15103400,67.19741022024921,3.8183356243660853,170.1009994506836,167.26399963378907,0.1041962482316443,7.883030102218781
2024-09-27,174.1483154296875,177.97000122070312,185.94000244140625,177.39999389648438,185.83999633789062,17908400,55.87337444297929,3.7119503914375116,170.54199981689453,167.3859997558594,0.05214311346423317,8.071484110221983
2024-09-30,169.94065856933594,173.6699981689453,176.82000732421875,171.92999267578125,174.27000427246094,13540200,51.35051399860415,3.2432785222913196,170.6404998779297,167.54399963378907,0.011473507604644606,8.098335209631207
2024-10-01,168.37501525878906,172.07000732421875,175.99000549316406,170.77999877929688,175.30999755859375,11850200,49.73718512538354,2.7114904261183312,171.21949996948243,167.59839965820314,0.07215403722786906,7.740473817086316
2024-10-02,172.02490234375,175.8000030517578,176.97000122070312,170.7899932861328,172.9600067138672,11164400,53.41193908087433,2.5614966717566574,171.96600036621095,167.7179995727539,0.09280790941588823,7.40237253680667
2024-10-03,175.6259002685547,179.47999572753906,180.7899932861328,175.1199951171875,175.8000030517578,12555000,56.77001024315827,2.708350021572585,172.75500030517577,168.11159942626952,0.09639584039996119,7.3154132883579095
2024-10-04,177.26979064941406,181.16000366210935,181.22999572753906,177.5500030517578,179.6999969482422,9993800,58.24954619545449,2.9265594041396525,173.9720001220703,168.52919952392577,0.15520976406772302,6.504607553397828
2024-10-07,180.5478515625,184.50999450683597,185.0,180.92999267578125,181.60000610351562,12054200,61.10791698439074,3.3314058036887673,175.05849990844726,168.98059936523438,0.133493032869483,6.349750367788836
2024-10-08,182.0548095703125,186.0500030517578,186.5399932861328,182.02999877929688,184.9600067138672,10394200,62.38290701512486,3.7334780997544783,176.2395004272461,169.50139953613282,0.1454165575388735,6.0676275032568805
2024-10-09,183.1214141845703,187.13999938964844,188.0,182.25999450683594,187.8000030517578,11925000,63.29996882835499,4.092896522774396,177.08500061035156,170.1533996582031,0.09933621621640998,6.357404661404964
2024-10-10,181.7906036376953,185.77999877929688,187.0800018310547,184.39999389648438,185.86000061035156,6443800,61.29218375236962,4.219359380750291,177.80250091552733,170.55299957275392,0.08370767494959419,6.493896045751791
2024-10-11,186.71258544921875,190.80999755859372,191.49000549316406,188.00999450683594,188.1699981689453,12163900,65.63386447977136,4.6716095637721935,178.71800079345704,171.20559967041015,0.10614491338315202,6.979513946423255
2024-10-14,188.08251953125,192.2100067138672,194.25,190.5,190.61000061035156,11714400,66.75169609391527,5.084380556431967,179.87450103759767,172.05259979248046,0.1367991757293927,7.21092747922131
2024-10-15,183.11160278320312,187.1300048828125,193.6199951171875,184.25,192.9600067138672,21812700,59.22401499491228,4.944592663230225,180.8635009765625,172.83619995117186,0.11819538725957268,6.744077215210972
2024-10-16,183.4541015625,187.47999572753903,190.00999450683594,186.66000366210938,189.77999877929688,18689200,59.56236188355046,4.806643097329754,181.8735008239746,173.47799987792968,0.12075560195868551,6.082907239578282
2024-10-17,201.41983032226562,205.83999633789065,212.60000610351562,201.97000122070312,203.35000610351562,62274700,72.46833777963832,6.108401826896397,183.354500579834,174.49399993896483,0.168085318987659,7.952480887775403
2024-10-18,196.46852111816406,200.77999877929688,205.9499969482422,200.75999450683594,205.9499969482422,21030800,66.19771908007702,6.655040321718701,184.6895004272461,175.21859985351563,0.15337773820886458,8.53347668317891
2024-10-21,197.6133575439453,201.9499969482422,203.44000244140625,199.66000366210938,200.80999755859375,14820000,66.91068605621624,7.100810616646669,186.04900054931642,175.9151998901367,0.15558482087468062,9.020296127810552
2024-10-22,194.21788024902344,198.47999572753903,200.1699981689453,197.11000061035156,199.07000732421875,11165100,62.687561297549,7.0923307148202355,186.8745002746582,176.53219970703125,0.09072921028786318,9.375812981176256
2024-10-23,196.54676818847656,200.8600006103516,203.1300048828125,196.22999572753906,196.67999267578125,16535700,64.34958028005278,7.194720574812266,187.8,177.10259979248048,0.10150805531823415,9.809242927503302
2024-10-24,193.67970275878906,197.92999267578125,200.5,197.41000366210938,198.9600067138672,9935800,60.761310335637816,6.959216606238414,188.35499954223633,177.66179962158202,0.059412250366319475,10.062224967750145
2024-10-25,199.07138061523438,203.44000244140625,205.1999969482422,200.0,200.25,13434900,64.74288131238512,7.134942576764757,189.62849960327148,178.25139953613282,0.14311401385628697,10.28793910350538
2024-10-28,190.49948120117188,194.67999267578125,199.74000549316406,194.52000427246094,199.25999450683594,20135300,55.15990564143518,6.492505534457592,190.6789993286133,178.65419952392577,0.12097653439483258,9.623887358040085
2024-10-29,192.71095275878906,196.94000244140625,198.7899932861328,193.60000610351562,194.38999938964844,13779100,56.93108562630603,6.09546868165188,191.92249908447266,179.08399963378906,0.14453416666814456,8.650356528785613
2024-10-30,190.30377197265625,194.47999572753903,195.4499969482422,192.61000061035156,194.3800048828125,10007800,54.41167512980211,5.518696039952573,192.85649871826172,179.5327996826172,0.10625706684590663,7.782921579238691
2024-10-31,186.4483642578125,190.5399932861328,192.86000061035156,187.66000366210938,192.86000061035156,13062700,50.55297467229442,4.6896153305893336,193.4094985961914,179.91479949951173,0.06162245276283307,7.14961421748892
2024-11-01,188.80665588378906,192.9499969482422,198.1699981689453,192.5500030517578,194.1999969482422,12691200,52.75979336372712,4.178858766890812,193.99899826049804,180.44499938964844,0.0650805533660892,6.547130766741665
2024-11-04,187.44647216796875,191.55999755859372,194.36000061035156,190.60000610351562,193.6999969482422,10917300,51.336691618461714,3.6201879036577225,194.35149841308595,180.8505993652344,0.03820932882579742,6.189362305792262
2024-11-05,191.55628967285156,195.75999450683597,198.33999633789062,193.49000549316406,193.5800018310547,10339200,55.26328562006873,3.476269600372973,194.83699798583984,181.38439910888673,0.05219022464824641,5.876853564728391
2024-11-06,189.0708465576172,193.22000122070312,194.25999450683594,188.5,192.0399932861328,19834900,52.504130510378516,3.1212769399270144,195.14099807739257,181.83779907226562,0.03248905552465775,5.608890117433242
2024-11-07,196.8697052001953,201.19000244140625,202.00999450683594,196.25,196.30999755859375,14865200,59.36055482738593,3.4433622527399734,195.91149826049804,182.4775991821289,0.08294759265455798,5.305518745077305
2024-11-08,196.87948608398438,201.1999969482422,206.61000061035156,200.02000427246094,203.88999938964844,13112100,59.368476057324756,3.657264982665936,196.43099822998047,183.11859924316406,0.054452070240490924,5.2883554230316925
2024-11-11,189.8830108642578,194.0500030517578,198.1999969482422,191.49000549316406,197.9600067138672,16610000,51.61727645234115,3.2128044746813487,196.522998046875,183.56559936523436,0.009572843627385863,5.226704949026141
2024-11-12,187.65199279785156,191.7700042724609,194.0,189.72000122070312,193.8300018310547,11819000,49.40227705003738,2.6460870290551384,196.75499801635743,184.1911993408203,0.024795592735404215,4.879261146515456
2024-11-13,182.65170288085938,186.66000366210935,192.47999572753906,186.5,192.44000244140625,13882200,44.76572469421725,1.7642874200714687,196.71399841308593,184.70699951171875,-0.004373757649436705,4.964008469326486
2024-11-14,184.45217895507812,188.5,192.66000366210938,187.5399932861328,188.39999389648438,11453900,46.705327006158704,1.2000932756559166,195.8469985961914,185.2029995727539,-0.08424017026033503,4.797687928598013
2024-11-15,182.0156707763672,186.00999450683597,188.8000030517578,184.80999755859375,188.17999267578125,9834800,44.431472019450425,0.5457516328482654,195.10849838256837,185.78679931640625,-0.0735631256213749,5.124055173914782
2024-11-18,183.4541015625,187.47999572753903,188.0,183.49000549316406,184.35000610351562,10681500,46.09982743905503,0.14413646440434036,194.3849983215332,186.2807992553711,-0.07165140598844211,5.1287722468876
2024-11-19,185.5970458984375,189.6699981689453,190.02000427246094,188.02000427246094,189.1300048828125,9390100,48.576849920049604,0.0025391743179739024,193.94449844360352,186.82559936523438,-0.04438733246794069,5.136880121563808
2024-11-20,184.31520080566406,188.3600006103516,188.85000610351562,184.05999755859375,188.85000610351562,10624500,47.180129471010304,-0.2129290396753447,193.31949844360352,187.18819946289062,-0.0622324004879834,5.0100591241091905
2024-11-21,187.13336181640625,191.2400054931641,192.3000030517578,186.74000549316406,189.41000366210938,18137300,50.546664612501154,-0.1495726464294762,192.98499908447266,187.5843997192383,-0.03379976471567736,4.908333373244064
2024-11-22,185.99826049804688,190.0800018310547,193.0,189.42999267578125,192.9499969482422,8838900,49.18683188249551,-0.1907658196794273,192.31699905395507,187.93599975585937,-0.0656704701633074,4.27939018398261
2024-11-25,181.10565185546875,185.0800018310547,188.25,183.7100067138672,188.08999633789062,14380000,43.7263436255068,-0.6197261027706702,191.83699951171874,188.25599975585936,-0.049311645807971205,4.531369174549556
2024-11-26,179.89224243164062,183.83999633789065,185.89999389648438,182.3300018310547,185.39999389648438,10186600,42.467202051912196,-1.0476615080345084,191.18199920654297,188.5857995605469,-0.0665177513004912,4.698620952170338
2024-11-27,177.29917907714844,181.19000244140625,182.4499969482422,178.0500030517578,182.0,9895200,39.827696743926246,-1.5823948969717492,190.51749954223632,188.86399963378906,-0.06833604266811943,5.127817635808333
2024-11-29,180.6946563720703,184.66000366210935,186.9499969482422,181.17999267578125,181.50999450683594,8045300,44.67663769251336,-1.7065033533540088,190.22350006103517,189.0327996826172,-0.030859608644960512,5.292381806522964
2024-12-02,190.2255096435547,194.3999938964844,195.2899932861328,188.94000244140625,189.33999633789062,16646900,55.51326966214563,-1.0073127138360576,190.29599990844727,189.4391995239258,0.007514884535764876,5.341402287091553
2024-12-03,194.6190948486328,198.88999938964844,199.0,192.60000610351562,193.5,11217700,59.45590328250669,-0.08985735619680213,190.6625,189.92179962158204,0.038264783485459475,5.6738257776136
2024-12-04,196.3804168701172,200.69000244140625,202.60000610351562,198.27000427246094,199.85000610351562,12761100,60.950030857900394,0.7735607014237189,190.90900039672852,190.2961996459961,0.025183939890221607,6.004405339735234
2024-12-05,199.91290283203125,204.3000030517578,205.6300048828125,200.75,201.25,12483700,63.829013968330514,1.7291895906824095,191.46300048828124,190.73519958496092,0.05734396936680852,6.699743480803307
2024-12-06,198.660400390625,203.0200042724609,203.19000244140625,199.92999267578125,202.0,9672900,62.081316318107,2.356087654394912,191.55450057983398,191.05899963378906,0.00909588850761911,6.850382300507891
2024-12-09,194.89306640625,199.1699981689453,203.1300048828125,198.97999572753906,200.92999267578125,9699700,57.0237617607903,2.5132741102493696,191.45300064086913,191.4829995727539,-0.010089457306597716,6.713619990593008
2024-12-10,187.81832885742188,191.94000244140625,199.91000366210938,190.3699951171875,199.10000610351562,15307900,48.9576931540471,2.0310327955709795,191.34750061035157,191.84839965820314,-0.01087348918922082,6.687188530027483
2024-12-11,190.4211883544922,194.6000061035156,196.0,193.25999450683594,194.6699981689453,9027600,51.66653031109571,1.8422567551727127,191.4890007019043,192.29899963378907,0.014757270522004706,6.726425325014256
2024-12-12,187.94357299804688,191.4600067138672,195.4199981689453,191.2899932861328,194.6300048828125,7944900,48.40110402461233,1.4228766382486242,191.7290008544922,192.61219970703124,0.02571521995920878,6.629998738521037
2024-12-13,197.29852294921875,200.9900054931641,202.5399932861328,197.27000427246094,198.50999450683594,19477000,57.235248620378044,1.838315177032655,192.3535011291504,193.04239990234376,0.06625997609105627,6.892866376193998
2024-12-16,198.5059356689453,202.22000122070312,205.5,200.8699951171875,203.1999969482422,15139300,58.229260778289714,2.2409710682821355,193.16400146484375,193.46359985351563,0.0871458910412013,7.058738752061853
2024-12-17,196.97459411621094,200.66000366210935,202.39999389648438,197.47000122070312,201.0,11169400,56.43750605405287,2.4064598266292876,193.82300186157227,193.78660003662108,0.07030087601305768,7.1151674903142395
2024-12-18,191.96824645996094,195.55999755859372,205.24000549316406,193.9600067138672,203.0,14721100,50.9209820442959,2.101854123895748,194.11750183105468,193.97679992675782,0.03105393286502789,7.0558735131179295
2024-12-19,191.06515502929688,194.63999938964844,198.57000732421875,193.9499969482422,198.39999389648438,10553400,49.97206993659627,1.7658600114234275,194.43150177001954,194.12679992675783,0.0333404053883386,6.924684806766546
2024-12-20,193.58798217773438,197.2100067138672,198.0800018310547,191.97999572753906,192.60000610351562,16170100,52.62780534469403,1.687507829379399,194.7300018310547,194.35540008544922,0.031217324039015004,6.908523832336438
2024-12-23,203.55154418945312,207.3600006103516,208.0500030517578,200.91000366210938,201.0,17847000,61.35347591163214,2.416576056507438,195.59400177001953,194.68640014648437,0.09090908361130778,7.362031972691368
2024-12-24,202.54043579101562,206.3300018310547,207.1999969482422,204.5500030517578,205.9199981689453,7634500,60.14283645003543,2.878078883897331,196.65650177001953,194.96880004882811,0.11481521390624083,7.297909427275685
2024-12-26,199.33050537109375,203.05999755859372,208.16000366210938,202.88999938964844,205.5,8044900,56.341794830261236,2.946001511725626,197.61750183105468,195.28739990234374,0.10454744127266768,6.767576269249136
2024-12-27,197.92678833007812,201.6300048828125,204.5,199.0500030517578,204.5,10664400,54.71331667558554,2.8515710891729498,198.639501953125,195.57040008544922,0.11280976966715484,5.59863443028374
2024-12-30,196.70956420898438,200.38999938964844,201.97000122070312,198.47999572753906,199.83999633789062,11235200,53.27533959070253,2.646172786132297,199.42600173950194,195.46140014648438,0.08518355580844572,4.53533305643217
2024-12-31,193.86282348632812,197.4900054931641,201.77999877929688,197.36000061035156,200.7899932861328,6427900,49.96778386654012,2.223753830057433,199.58050231933595,195.39560028076173,0.015895121881151386,4.40589073834793
2025-01-02,197.87770080566406,201.5800018310547,203.77000427246094,196.69000244140625,197.0,10951400,54.27906700738298,2.1937243976361174,199.71500244140626,195.38820037841796,0.013525076422451043,4.424721157504312
2025-01-03,204.77857971191406,208.6100006103516,208.8000030517578,203.6999969482422,204.10000610351562,10261900,60.568570234746645,2.7059949797270235,200.11100234985352,195.5908004760742,0.03946384011459503,4.850496653829418
2025-01-06,215.96920776367188,220.00999450683597,222.1999969482422,215.69000244140625,218.77000427246094,24339900,68.20647153002282,3.985910248267345,200.89650192260743,195.9738003540039,0.07689667753503726,6.541772689073146
2025-01-07,207.5369873046875,211.4199981689453,221.47999572753906,211.32000732421875,221.24000549316406,17010000,58.94183819238538,4.2580275143487825,201.31650161743164,196.24360046386718,0.04137520303275766,6.942651262641025
2025-01-08,203.31593322753906,207.1199951171875,210.3000030517578,205.9199981689453,209.97000122070312,13262700,54.92026699855595,4.079680086046125,201.71400146484376,196.3172003173828,0.03991563499186568,7.040187877695872
2025-01-10,204.54298400878906,208.3699951171875,209.97999572753906,203.22999572753906,207.60000610351562,17265200,55.86302575624304,3.993172213888272,202.5355010986328,196.59100036621095,0.08559962731477433,6.7939393399188255
2025-01-13,197.66171264648438,201.3600006103516,203.58999633789062,200.0500030517578,200.52000427246094,16612400,49.59860333210954,3.3206873139156983,202.8735008239746,196.67940032958984,0.03473789462904775,6.541846945180709
2025-01-14,197.75009155273438,201.4499969482422,206.25999450683594,198.5,205.19000244140625,14182900,49.67662552979201,2.763148284607496,203.37300033569335,196.8188003540039,0.05217794779097029,5.9819376717611
2025-01-15,203.00181579589844,206.8000030517578,209.0399932861328,199.35000610351562,202.49000549316406,18286500,54.21416931670049,2.721622201132419,203.66350021362305,197.14400054931642,0.028906897854636515,6.001165972159548
2025-01-16,210.84506225585938,214.7899932861328,221.9499969482422,213.1699981689453,218.88999938964844,38539600,60.013071395925714,3.2954500210820754,204.29199981689453,197.58080047607422,0.06215998412397794,6.481068752047273
2025-01-17,207.61549377441406,211.5,215.67999267578125,211.05999755859375,215.1699981689453,21606100,56.82180437247025,3.4450256290311074,204.83399963378906,197.97960052490234,0.05402170906038695,6.613261739022305
2025-01-21,214.68324279785156,218.6999969482422,220.14999389648438,212.0500030517578,214.4600067138672,19061300,61.630481558116394,4.097313675243754,205.9909996032715,198.43840057373046,0.1183268545639824,6.922332943351431
2025-01-22,219.10060119628906,223.1999969482422,225.42999267578125,219.30999755859375,221.9499969482422,17294500,64.30607615927019,4.920646888940325,207.41899948120118,199.03800048828126,0.14673241701681117,7.387670685304921
2025-01-23,220.49453735351562,224.6199951171875,224.6999969482422,219.41000366210938,220.10000610351562,8986800,65.13233622979362,5.622908982790108,208.78949890136718,199.50660034179688,0.13898883155097486,7.9175395874835
2025-01-24,217.8048553466797,221.8800048828125,226.39999389648438,220.9600067138672,226.22000122070312,13183800,62.143093013246116,5.8904608725765115,209.51549911499023,199.92020050048828,0.0700231685461139,8.428765235632168
2025-01-27,188.7779541015625,192.30999755859372,207.0,187.6699981689453,197.0399932861328,68667500,40.52638479650369,3.6740925566871567,208.8144989013672,199.885400390625,-0.06794942154820849,9.250580207754354
2025-01-28,198.68263244628906,202.3999938964844,202.83999633789062,192.4600067138672,195.64999389648438,31738800,47.26705365191518,2.7006516460450314,208.78149871826173,200.09800018310546,-0.003250288929600109,9.273338290451202
2025-01-29,198.61390686035156,202.3300018310547,206.4499969482422,199.75,204.49000549316406,15199500,47.22706726947549,1.9016241963504399,208.81649856567384,200.41140014648437,0.003471690379857062,9.246207490398758
2025-01-30,204.32699584960938,208.1499938964844,209.6199951171875,205.4199981689453,206.57000732421875,13539000,50.94335787812869,1.7182074794860966,209.20449829101562,200.80440002441406,0.03872445995544438,9.034385105711708
2025-01-31,205.47555541992188,209.32000732421875,215.0,208.1999969482422,209.92999267578125,15746900,51.68003667626069,1.6482586160129244,209.79599838256837,201.27060028076173,0.05990177478355552,8.604064902822037
2025-02-03,196.13038635253906,199.8000030517578,204.99000549316406,197.97999572753906,199.6300048828125,17719800,45.67042528449715,0.815241261175089,209.7069984436035,201.5170004272461,-0.008830234959461447,8.702170412041173
2025-02-04,200.3023223876953,204.0500030517578,205.75,202.0800018310547,204.07000732421875,12692900,48.546969196062896,0.4923331767731156,209.47899856567383,201.80460052490236,-0.02185895951896899,8.791701055254732
2025-02-05,204.7393035888672,208.57000732421875,210.47999572753906,203.8300018310547,206.0,10997800,51.488759304282674,0.5943020192553377,208.90699920654296,202.2088006591797,-0.05199757951115158,8.435410530931716
2025-02-06,206.6338653564453,210.5,211.17999267578125,207.0,210.05999755859375,8491400,52.73148193554413,0.8213789951171009,208.8609992980957,202.5940005493164,-0.004351519141581606,8.42348544435233
2025-02-07,202.3343048095703,206.1199951171875,213.17999267578125,205.72000122070312,213.00999450683594,11616200,49.62454808202306,0.6405257633870463,208.8109992980957,202.91480041503905,-0.004828119078673199,8.437320109442684
2025-02-10,204.1306915283203,207.9499969482422,209.97999572753906,206.52999877929688,208.0,9296500,50.92555334938705,0.6375152491141591,208.78999938964844,203.3722003173828,-0.002015636506153884,8.438998014826577
2025-02-11,204.9062042236328,208.7400054931641,209.83999633789062,201.0,205.1300048828125,9224500,51.50778666807006,0.690912077707651,209.15899963378905,203.8702005004883,0.03665079886989786,8.256389730692188
2025-02-12,202.5895538330078,206.3800048828125,207.07000732421875,203.00999450683594,204.89999389648438,7373700,49.61408467312411,0.5366114009627552,209.40550003051757,204.3740005493164,0.024472613597690707,8.085953697697827
2025-02-13,198.1230926513672,201.8300018310547,202.3000030517578,199.22999572753906,201.8800048828125,15580900,46.09539816987894,0.04664212131058321,209.15699996948243,204.71740051269532,-0.02403288755977062,8.245045752265252
2025-02-14,200.1550750732422,203.8999938964844,206.25,197.4600067138672,199.97999572753906,23220300,47.905524709358886,-0.17264090591893932,208.6125,204.90740051269532,-0.05070068313257625,8.21298940540557
2025-02-18,199.01637268066406,202.7400054931641,205.85000610351562,200.52000427246094,204.75999450683594,14988100,46.95398868587307,-0.43501111719362484,208.17450027465821,204.98440063476562,-0.04141841374390498,8.284171224905856
2025-02-19,197.25924682617188,200.9499969482422,202.60000610351562,200.02000427246094,202.00999450683594,13163100,45.45363251224482,-0.7784071368220395,207.2870002746582,204.98960052490236,-0.08116140945443517,8.044535928767429
2025-02-20,196.42486572265625,200.1000061035156,200.33999633789062,197.61000061035156,200.27999877929688,10639300,44.72283835866324,-1.1063844032119903,206.1320007324219,204.9056005859375,-0.1034945840527195,7.259569187981029
2025-02-21,194.59902954101562,198.2400054931641,202.69000244140625,196.00999450683594,201.3300018310547,13757300,43.090205418910415,-1.499114396756795,204.8130012512207,204.81000061035155,-0.11744274863090698,6.013178557677542
2025-02-24,188.13006591796875,191.6499938964844,198.7899932861328,191.4600067138672,196.8800048828125,15114300,37.82201319122383,-2.3154238421836624,203.3015007019043,204.65960052490234,-0.13624486353465826,5.248044660493446
2025-02-25,185.89193725585938,189.3699951171875,193.52999877929688,187.47000122070312,190.64999389648438,20581000,36.17417413273805,-3.1104761725083563,203.15450057983398,204.60820037841796,-0.015287829435442934,5.601404937494448
2025-02-26,191.0455322265625,194.6199951171875,196.0800018310547,191.08999633789062,191.08999633789062,14112300,42.397478190443465,-3.2791299792014,202.76550064086913,204.60860015869142,-0.03843873030587097,5.917774707600404
2025-02-27,177.76402282714844,181.08999633789065,194.77000427246094,181.0800018310547,194.69000244140625,24219200,33.367750653656984,-4.453213291862596,201.70350036621093,204.40119995117186,-0.10497704394279306,7.651838541422545
2025-02-28,177.21429443359375,180.52999877929688,182.16000366210938,175.52000427246094,179.30999755859375,27929400,33.053966317317986,-5.367002435609066,200.32250061035157,203.99199981689452,-0.13269275007004466,8.829015300394815
2025-03-03,169.7931671142578,172.97000122070312,181.57000732421875,171.07000732421875,181.14999389648438,37403000,29.07843190714314,-6.624848408339773,198.50500030517577,203.40699981689454,-0.17365758088863714,10.46854099552775
2025-03-04,176.6940460205078,180.0,183.60000610351562,174.17999267578125,175.05999755859375,29395200,36.702343406279184,-6.974045795938849,197.5150001525879,202.99379974365235,-0.09909911285951611,11.246923928145339
2025-03-05,180.89544677734375,184.27999877929688,184.74000549316406,180.72000122070312,183.0,17334000,40.869897338829325,-6.826732783362388,196.52649993896483,202.7681997680664,-0.09688803713198779,11.508095558016798
2025-03-06,172.62026977539062,175.85000610351562,181.5500030517578,175.7899932861328,178.5800018310547,17864300,35.86158593628083,-7.3059971290316525,194.8904998779297,202.39239990234375,-0.15687778717790624,12.020225077302083
2025-03-07,173.84732055664062,177.10000610351562,178.47000122070312,171.02000427246094,175.7899932861328,21012700,37.09258331349972,-7.498514811490111,193.22050018310546,201.99019989013672,-0.15866980473389247,12.057532265490025
2025-03-10,167.5157470703125,170.64999389648438,174.88999938964844,167.91000366210938,172.47000122070312,18265100,33.517800738741954,-8.078425481652488,191.4470001220703,201.25599975585936,-0.17208423278167173,12.654149179083486
2025-03-11,167.8299102783203,170.97000122070312,173.3300018310547,168.10000610351562,170.64999389648438,16561100,33.85838253206295,-8.415181969657937,189.59800033569337,200.54879974365235,-0.17783119148947724,12.816529033870777
2025-03-12,173.916015625,177.1699981689453,178.1300048828125,174.75999450683594,175.60000610351562,14737600,40.24547348219593,-8.088536362170998,188.0194999694824,200.03099975585937,-0.15124080910907445,12.267223169101976
2025-03-13,168.4385223388672,171.58999633789062,173.88999938964844,170.5,173.88999938964844,14381600,36.801053575420646,-8.185568737561141,186.27999954223634,199.43019958496095,-0.16857257351397237,11.990157664366077
2025-03-14,170.89259338378906,174.08999633789062,174.3699951171875,171.92999267578125,172.64999389648438,11449400,39.30731156996764,-7.968878219846175,184.89299926757812,198.90419952392577,-0.13744242799137618,11.69757497858432
2025-03-17,173.00311279296875,176.24000549316406,177.16000366210938,173.82000732421875,173.9499969482422,9678100,41.45747929749045,-7.536782317855682,183.5099998474121,198.4791995239258,-0.1356546798984345,10.942881982860921
2025-03-18,170.6123809814453,173.1300048828125,174.5800018310547,170.42999267578125,174.3800048828125,9986000,39.28920579699643,-7.360447602103648,182.02949981689454,197.91019958496094,-0.146049126014007,10.180735748533337
2025-03-19,171.23321533203125,173.75999450683594,175.72999572753906,171.74000549316406,173.0,10678500,39.974074998730224,-7.088158295229334,180.6699996948242,197.21319946289063,-0.135307304574926,9.298372585354572
2025-03-20,174.8892822265625,177.47000122070312,178.6699981689453,174.5500030517578,174.85000610351562,12209700,43.981790876458746,-6.498094532951171,179.5384994506836,196.36239959716798,-0.11309347422561067,8.110564608577143
2025-03-21,174.16001892089844,176.72999572753906,177.1999969482422,173.7899932861328,174.91000366210938,9993200,43.35993235309673,-6.020773282382237,178.46299896240234,195.66859954833984,-0.10850488887000542,6.824303496476069
2025-03-24,178.52560424804688,181.16000366210935,182.92999267578125,179.67999267578125,179.99000549316406,11440000,48.09156341935394,-5.2247998943367975,177.9384994506836,195.1493997192383,-0.05473514515237088,6.124696556312275
2025-03-25,178.2693634033203,180.8999938964844,182.50999450683594,179.8000030517578,182.47000122070312,8718800,47.83896031538425,-4.562373661139219,177.51499938964844,194.59999969482422,-0.04472726112424319,5.559394895018704
2025-03-26,170.97698974609375,173.5,179.5500030517578,171.47000122070312,179.22999572753906,14612400,41.205352319464694,-4.581698790277841,176.45899963378906,194.0427996826172,-0.10851914318706268,3.896470683422747
2025-03-27,165.79348754882812,168.24000549316406,171.61000061035156,167.5500030517578,171.38999938964844,17559100,37.2512530371739,-4.96422717074347,175.81650009155274,193.37859985351562,-0.070959142440702,4.144221169439855
2025-03-28,162.84695434570312,165.25,168.6300048828125,164.05999755859375,168.0399932861328,16332000,35.184373619219755,-5.4458754606399395,175.0525001525879,192.54759979248047,-0.08463966588720317,4.611637162737484
2025-03-31,163.58607482910156,166.0,166.1300048828125,159.72999572753906,160.36000061035156,19408300,36.14149487916984,-5.70134491328659,174.70400009155273,191.57179992675782,-0.040296011860517233,5.022363987598287
2025-04-01,166.1876678466797,168.63999938964844,168.8699951171875,165.05999755859375,166.38999938964844,9180000,39.52664955808843,-5.6259282093393495,174.13600006103516,190.71459991455077,-0.06311111450195317,5.03425460558709
2025-04-02,167.91221618652344,170.38999938964844,171.75,166.35000610351562,166.85000610351562,10072700,41.7316632819957,-5.36312676653921,173.44150009155274,189.74839996337892,-0.07537442740209588,4.489847472062496
2025-04-03,155.0914306640625,157.3800048828125,161.8000030517578,157.2100067138672,160.05999755859375,28370500,32.301928711962844,-6.13394426612669,172.51800003051758,188.43200012207032,-0.10503270161862033,5.703782475374603
2025-04-04,144.66525268554688,146.8000030517578,151.30999755859375,144.83999633789062,150.88999938964844,36085100,26.965655379498273,-7.511947361829243,171.00299987792968,186.87560028076172,-0.1710897911208843,7.988958286947305
2025-04-07,144.04444885253906,146.1699981689453,153.75,134.25,134.50999450683594,46388300,26.682980763120582,-8.556229978893725,169.77900009155275,185.36140014648439,-0.1434514890307499,9.73121804139853
2025-04-08,139.31422424316406,141.3699951171875,152.61000061035156,138.97999572753906,151.97999572753906,30479700,24.56969656379404,-9.659799452473152,168.29899978637695,184.34260009765626,-0.17312982331505822,11.61006946960726
2025-04-09,156.44149780273438,158.75,160.6199951171875,137.89999389648438,140.1999969482422,45612500,42.368053585176035,-9.027897089811319,167.37799987792968,183.46960021972657,-0.10396793113572433,11.599919502176512
2025-04-10,148.9322967529297,151.1300048828125,156.0,146.91000366210938,155.5,24503500,38.120999245303835,-9.037797731378248,166.3550003051758,182.4456002807617,-0.1192376705620346,12.10030530573519
2025-04-11,154.79576110839844,157.0800018310547,158.00999450683594,153.25,156.0,19632200,42.93152256403028,-8.46791616714637,165.50450057983397,181.42420043945313,-0.09770805252831016,12.125785528023297
2025-04-14,153.5738067626953,155.83999633789062,158.58999633789062,154.02999877929688,158.3000030517578,17509400,42.19530743600763,-8.02384511009862,164.4845001220703,180.35460021972656,-0.11575129663772454,12.032854971597358
2025-04-15,155.04214477539062,157.3300018310547,158.25,156.0500030517578,156.49000549316406,14306600,43.45020542042284,-7.46562552338321,163.69449996948242,179.5052001953125,-0.09126091726533736,11.953776027481775
2025-04-16,149.46446228027344,151.6699981689453,153.5399932861328,148.49000549316406,150.60000610351562,23806100,39.906163654571536,-7.394705905431039,162.5900001525879,178.45760009765624,-0.12712935679231718,11.995259000621838
2025-04-17,149.53343200683594,151.74000549316406,157.5,151.4499969482422,156.0500030517578,27239900,39.97138305237565,-7.2492873195714935,161.30350036621093,177.32100006103516,-0.14498222544970307,11.691303222263883
2025-04-21,145.70985412597656,147.86000061035156,150.27999877929688,145.83999633789062,149.99000549316406,15170500,37.53967811871495,-7.36225847720425,159.86000061035156,176.0682000732422,-0.16335650888429698,11.466477331111145
2025-04-22,149.1983642578125,151.39999389648438,152.60000610351562,147.44000244140625,148.0,12668600,41.06263452170723,-7.0844756351201,158.37200012207032,174.97380004882814,-0.16427472490634232,10.442122742058546
2025-04-23,155.51515197753906,157.80999755859375,160.3800048828125,156.0,159.3699951171875,17667900,46.9026793416877,-6.274765416736415,157.21750030517578,173.97100006103517,-0.12763956394107645,8.996691107177105
2025-04-24,161.79251098632812,164.17999267578125,164.5500030517578,157.38999938964844,157.77999877929688,18761100,51.99353405011324,-5.0607220121674175,156.75149993896486,173.0797998046875,-0.05371762146523773,8.325237292505133
2025-04-25,162.69915771484375,165.10000610351562,165.91000366210938,161.16000366210938,163.92999267578125,14654800,52.6989233569597,-3.978484974327813,156.59449996948243,172.25419982910157,-0.018663809362369665,8.124364781828767
2025-04-28,161.0238800048828,163.39999389648438,165.32000732421875,160.5,165.0,11415600,51.20180222418213,-3.220853112486452,156.50199966430665,171.48559967041015,-0.011195195785268508,8.030621329239825
2025-04-29,162.08816528320312,164.47999572753906,166.0,163.5,164.3800048828125,9830100,52.13217297059696,-2.5044080249483898,156.4259994506836,170.69719970703125,-0.009156652243740626,7.942714602564039
2025-04-30,164.26602172851562,166.69000244140625,166.9199981689453,161.75,163.5399932861328,10073000,54.062254802732554,-1.7382535544041104,156.3284996032715,169.9761996459961,-0.011563074924689998,7.7954960963552855
2025-05-01,170.20834350585938,172.72000122070312,174.77999877929688,170.9499969482422,172.8000030517578,22670600,58.928368770407154,-0.6371553793681812,156.44499969482422,169.4115997314453,0.013674522210229245,8.030565071495243
2025-05-02,176.67294311523438,179.27999877929688,180.64999389648438,177.13999938964844,179.8000030517578,21691200,63.462764531895914,0.7560940545149322,157.53999938964844,168.99519958496094,0.13915359776987835,9.519763359055421
2025-05-05,173.83482360839844,176.39999389648438,180.0800018310547,176.25,179.0,14618900,60.31448473537381,1.6093108105862939,159.01999893188477,168.55839935302734,0.20163481082687973,10.048398386114899
2025-05-06,169.77474975585938,172.27999877929688,174.74000549316406,170.58999633789062,172.60000610351562,14565600,56.032157586968246,1.93078517353797,160.32549896240235,168.17099945068358,0.17862763178099827,9.986976683207438
2025-05-07,172.00186157226562,174.5399932861328,175.97999572753906,171.3699951171875,174.10000610351562,9682500,57.80204245657273,2.3409337641618038,161.9839988708496,167.8743994140625,0.23463251973270083,9.411031170288444
2025-05-08,172.6719970703125,175.22000122070312,177.4499969482422,173.66000366210938,175.33999633789062,10343000,58.34537333639167,2.689843591890792,162.80749893188477,167.4863995361328,0.10374803918553144,9.824653759997553
2025-05-09,173.95309448242188,176.52000427246094,180.4600067138672,176.47000122070312,179.8000030517578,11582800,59.421067109944694,3.036256451455273,164.07699890136718,167.3949996948242,0.1680010492247126,9.876577663638413
2025-05-12,184.26095581054688,186.97999572753903,189.1699981689453,184.61000061035156,187.27999877929688,22064900,66.84097901892775,4.107476597656415,165.5719985961914,167.52399963378906,0.19034882574449474,10.964722749366263
2025-05-13,191.16905212402344,193.9900054931641,194.27999877929688,187.72000122070312,187.72000122070312,19996000,70.70676211077307,5.459145849087093,167.47949905395507,167.94439971923828,0.2448024258968604,12.406233243504266
2025-05-14,191.92782592773438,194.75999450683597,196.22000122070312,193.22999572753906,195.27999877929688,12359000,71.10524111776658,6.517357111565474,169.35099868774415,168.239599609375,0.23790753346570637,13.563769005863259
2025-05-15,191.39569091796875,194.22000122070312,194.49000549316406,191.6300048828125,193.10000610351562,10241800,70.38215645146505,7.229091746105553,171.47849884033204,168.43839965820314,0.2805433082709037,13.975288591121053
2025-05-16,191.39569091796875,194.22000122070312,195.0800018310547,192.57000732421875,194.52999877929688,9146700,70.38215645146505,7.704335784607252,173.60249862670898,168.8057995605469,0.2799525121241202,14.04542525624567
2025-05-19,190.6861572265625,193.5,193.5,188.80999755859375,189.0,10144400,69.29250391802486,7.931443286800572,175.8844985961914,169.13379943847656,0.3086703584556405,13.332369240055707
2025-05-20,190.6368865966797,193.4499969482422,193.72999572753906,190.80999755859375,191.8000030517578,7054100,69.21236248593048,8.015000849497824,177.98699874877929,169.5897994995117,0.2777411145769817,12.561291723812671
2025-05-21,188.97145080566406,191.75999450683597,195.27000427246094,190.52999877929688,193.10000610351562,7375700,66.41645967802273,7.854312125806615,179.68449859619142,170.0055993652344,0.2151321048949184,11.971212984592805
2025-05-22,193.33705139160156,196.19000244140625,196.8300018310547,191.33999633789062,191.33999633789062,11825000,69.85415734986542,7.992299517970878,181.28499908447264,170.38599945068358,0.19496900471202738,11.928953682478834
2025-05-23,189.18826293945312,191.97999572753903,192.8000030517578,190.02999877929688,192.02000427246094,9403100,63.230045386588976,7.673487970349811,182.62899856567384,170.79379943847655,0.16281034906303993,11.516580830556238
2025-05-27,194.80538940429688,197.67999267578125,198.30999755859375,193.6999969482422,194.10000610351562,12228200,67.69648715911333,7.790960298194818,184.34299850463867,171.26559936523438,0.20979192203038655,11.045415657345954
2025-05-28,193.28778076171875,196.13999938964844,198.07000732421875,195.47999572753906,196.08999633789062,17787600,65.38559565998541,7.671362682675948,185.92599868774414,171.66359924316407,0.19248543582499922,10.291886157221475
2025-05-29,194.2830810546875,197.1499938964844,199.8000030517578,196.0800018310547,199.4600067138672,14609900,66.20050354413576,7.570807272969432,187.44899826049806,172.1439990234375,0.18273436324284198,9.52033683524922
2025-05-30,190.5087890625,193.32000732421875,195.91000366210938,190.55999755859375,195.77000427246094,11998300,60.394077095261224,7.100221544238337,188.47899856567383,172.53519927978516,0.11926821420752987,8.939583284560323
2025-06-02,192.00668334960938,194.83999633789065,195.16000366210938,192.1999969482422,193.0399932861328,7447400,61.82512172467758,6.771867500947195,189.25699844360352,172.8825991821289,0.08679159786111423,8.772390468537987
2025-06-03,194.7364044189453,197.6100006103516,198.1699981689453,193.63999938964844,194.35000610351562,9548300,64.35291598535966,6.658406782200927,190.31749877929687,173.30019927978515,0.12023813745885814,8.410891172979435
2025-06-04,199.4567413330078,202.3999938964844,204.02999877929688,200.3800048828125,201.3800048828125,13531100,68.26607104111143,6.875741503647333,191.82349853515626,173.72499908447264,0.17483164227191228,7.675639156874135
2025-06-05,200.38307189941406,203.33999633789065,205.75999450683594,202.27999877929688,204.8800048828125,12214300,68.98559500229771,7.042647916019263,193.26349868774417,174.17379913330078,0.16500518024281363,6.927562995297723
2025-06-06,202.19630432128906,205.17999267578125,206.2899932861328,203.22999572753906,203.5800018310547,8532000,70.40034818258664,7.239937286956973,194.76149826049806,174.8073989868164,0.17098499741100448,5.997308281075752
2025-06-09,203.9898681640625,207.0,209.27000427246094,205.8699951171875,206.39999389648438,11472300,71.77198286506541,7.4571880930486145,196.28549804687503,175.5825988769531,0.1726716235543071,4.888029097389441
2025-06-10,209.37045288085938,212.4600067138672,213.22999572753906,209.9600067138672,211.61000061035156,14514000,75.4477491685314,7.9779727292061295,197.55949859619142,176.52679901123048,0.13627132082865567,5.603215946371924
2025-06-11,210.98663330078125,214.1000061035156,217.42999267578125,212.9499969482422,215.0,13326400,76.44012393859549,8.425903974039898,198.56499862670898,177.48879913330077,0.10366513758906071,6.637814523231845
2025-06-12,213.07350158691406,215.42999267578125,215.8800048828125,211.91000366210938,212.9199981689453,9796100,77.24342716752207,8.786921354258055,199.59849853515624,178.42459899902343,0.10613061589617057,7.559374027132088
2025-06-13,208.7908935546875,211.1000061035156,213.25999450683594,209.39999389648438,210.11000061035156,10152500,68.9953908082156,8.624221838929031,200.44249877929687,179.23879913330077,0.08691177415672424,7.863467471062699
2025-06-16,213.32080078125,215.67999267578125,217.60000610351562,212.72999572753906,213.0,10932900,72.35761647453845,8.76382403252515,201.51549835205077,180.40479888916016,0.11049321038100457,8.414534653977743
2025-06-17,211.5602569580078,213.8999938964844,215.94000244140625,213.5,213.88999938964844,8389700,69.21604073779604,8.63133212736426,202.535498046875,181.74679870605468,0.10542632504643112,8.625552625854704
2025-06-18,211.1646270751953,213.5,215.1699981689453,212.88999938964844,214.6999969482422,6932000,68.49634484858926,8.397256823859209,203.5379981994629,183.0933987426758,0.10364436995634696,8.67900323428675
2025-06-20,207.21827697753906,209.50999450683597,215.5,208.14999389648438,215.1999969482422,16992000,61.61414175317702,7.799878221101636,204.4254981994629,184.45619873046874,0.09256362384473915,8.310953740906223
2025-06-23,208.01942443847656,210.32000732421875,210.58999633789062,206.1999969482422,206.6300048828125,7535500,62.43922489614255,7.307575458263955,205.13199844360352,185.48759887695311,0.07202204346285446,8.173468261868381
2025-06-24,217.6825408935547,220.08999633789065,220.3699951171875,213.8800048828125,214.38999938964844,14814700,70.63726195770795,7.617963295213798,206.5374984741211,186.86679870605468,0.14642150867763215,8.209634917115299
2025-06-25,220.30357360839844,222.7400054931641,223.5,220.8000030517578,220.8000030517578,9168400,72.39708218923839,7.985726994153993,207.79049911499024,188.17999877929688,0.12677060777963622,8.685225254140983
2025-06-26,221.55966186523438,224.00999450683597,225.22000122070312,222.6999969482422,224.97999572753906,7982200,73.22527979339213,8.284165175392616,209.18399887084962,189.54339874267578,0.14209235853937918,8.94936243572253
2025-06-27,226.06979370117188,228.57000732421875,228.8800048828125,224.02999877929688,224.3000030517578,13133000,76.00872737013891,8.787339528742365,210.75499954223633,190.96819885253908,0.15937111032441487,9.468423583440547
2025-06-30,224.01254272460938,226.4900054931641,228.14999389648438,224.8000030517578,227.44000244140625,9279800,72.31577677342082,8.915497756054862,212.4134994506836,192.46459899902345,0.17158078270354937,9.153569558721237
2025-07-01,222.2223358154297,224.67999267578125,228.60000610351562,221.17999267578125,227.42999267578125,9990200,69.16651648789339,8.7699170227215,213.90549926757814,193.92339874267577,0.15315128771683106,8.550427668511121
2025-07-02,231.04478454589844,233.6000061035156,233.82000732421875,224.0,224.47999572753906,12012500,74.95500300552568,9.267483992006419,215.70499954223632,195.63819885253906,0.18212643784222893,8.725801882100148
2025-07-03,232.23162841796875,234.8000030517578,237.5800018310547,233.27000427246094,233.8699951171875,7779600,75.61814791743855,9.647429562194759,217.325,197.30619903564454,0.1600791014442624,9.124174671715867
2025-07-07,226.66322326660156,229.1699981689453,232.5500030517578,227.44000244140625,231.6300048828125,13817500,66.69543571479349,9.386048299614316,218.61650009155272,198.73339904785155,0.12702863330504277,8.864847520946924
2025-07-08,225.3675537109375,227.8600006103516,230.3300018310547,227.5399932861328,229.77999877929688,8854400,64.78004022438944,8.969797666996897,219.75050048828126,200.00699920654296,0.11053713200199078,8.498632528188475
2025-07-09,229.30401611328125,231.83999633789065,233.27000427246094,230.24000549316406,230.4499969482422,9475300,67.80517812080325,8.858947996721469,220.99250030517578,201.34179901123048,0.11999998230865061,8.350977624544521
2025-07-10,227.2467803955078,229.75999450683597,233.0500030517578,227.77000427246094,232.77999877929688,13124700,64.67850769168345,8.505217220134142,221.8574996948242,202.6689990234375,0.08142703212971147,8.316561622626075
2025-07-11,227.87977600097656,230.3999938964844,232.27000427246094,229.39999389648438,231.0,8817800,65.21009308338162,8.182206252806793,222.67249908447266,203.9873989868164,0.07613258910925902,8.315014218108097
2025-07-14,226.168701171875,228.6699981689453,229.85000610351562,226.30999755859375,229.3300018310547,10673500,62.47307883911022,7.6978851092246146,223.33449935913086,205.22699890136718,0.06145850598013092,8.234717827955194
2025-07-15,234.35812377929688,236.9499969482422,237.7100067138672,233.85000610351562,234.4600067138672,14270100,69.14761266150984,7.891218758507563,224.6269989013672,206.51159881591798,0.12245376644873573,8.24202588936596
2025-07-16,234.96144104003906,237.55999755859372,238.30999755859375,234.14999389648438,236.39999389648438,15092800,69.5769176124539,8.001423589301368,225.72099914550782,207.6771987915039,0.10144661362124285,8.44164372757291
2025-07-17,242.91351318359375,245.6000061035156,248.27999877929688,241.38999938964844,245.7899932861328,27395700,74.59470531518534,8.637950294056054,227.30599975585938,209.06119903564453,0.14820015479931348,9.058755118043576
2025-07-18,237.77040100097656,240.3999938964844,245.97000122070312,238.69000244140625,245.30999755859375,16252000,66.90832668099206,8.623399584182692,228.6509994506836,210.4235989379883,0.12599528757135547,8.896558800130231
2025-07-21,236.23736572265625,238.8500061035156,242.33999633789062,238.7100067138672,240.1199951171875,11971800,64.76607759844312,8.39008134556434,230.11800003051758,211.70979919433594,0.14004110718318175,7.941981270832276
2025-07-22,232.0338592529297,234.6000061035156,238.0,231.75999450683594,237.8300018310547,11919500,59.171730564817544,7.772637354104802,231.3319999694824,212.8973992919922,0.11544312444734772,6.476996582328297
2025-07-23,237.70114135742188,240.3300018310547,240.5,236.3800048828125,238.52000427246094,9885400,63.72160977293935,7.657401551550095,232.34400024414063,214.17359924316406,0.09196240551565449,6.203465544831521
2025-07-24,238.95726013183594,241.6000061035156,241.9499969482422,238.02999877929688,240.2100067138672,9081900,64.66159579607594,7.58116413764742,233.2870002746582,215.26599945068358,0.08467271323170689,6.099303923586172
2025-07-25,242.91351318359375,245.6000061035156,246.24000549316406,240.94000244140625,241.32000732421875,11593400,67.51640427289013,7.754127256240537,234.3665008544922,216.29819946289064,0.09637968004155639,6.278910000868947
2025-07-28,240.0946807861328,242.75,243.9499969482422,241.0500030517578,243.0,11892200,63.57554763951501,7.573922634273885,235.07550048828125,217.2579995727539,0.0620378537052213,6.389545804808601
2025-07-29,238.6902313232422,241.3300018310547,243.97000122070312,239.82000732421875,241.5,9411500,61.64489076510469,7.233147961030625,235.81750030517577,218.20019958496093,0.06552163882718665,6.198881072263805
2025-07-30,240.2529296875,242.91000366210935,244.57000732421875,241.22000122070312,242.1199951171875,6823800,62.99158787133653,7.009770252436624,236.7290008544922,219.17399963378907,0.08113766948815271,5.802627658218611
2025-07-31,238.97705078125,241.6199951171875,247.41000366210938,239.8000030517578,245.97999572753906,13490700,61.10514287433186,6.651969140952531,237.13000030517577,220.1363995361328,0.03433214385327532,5.851920389229222
2025-08-01,232.6371612548828,235.2100067138672,237.19000244140625,231.83999633789062,235.6199951171875,13549800,52.66528103719275,5.784496612420014,237.15050048828124,220.9715997314453,0.0017461825246185558,5.844041300131634
2025-08-04,236.3856964111328,239.0,239.0,236.38999938964844,237.91000366210938,6450700,56.49172468217261,5.341268350926015,237.642000579834,221.9163998413086,0.04289392987561991,5.543152912473643
2025-08-05,229.92713928222656,232.47000122070312,238.6300048828125,230.1699981689453,238.3300018310547,11868900,49.123480774122015,4.412229002963443,237.87250061035155,222.64199981689453,0.020231723856767525,5.200221597994699
2025-08-06,228.8391571044922,231.3699951171875,232.1999969482422,228.82000732421875,231.02999877929688,9457200,47.988003312616655,3.5463175852996187,237.8490005493164,223.4297998046875,-0.0020272654767392595,5.2298949045028715
2025-08-07,239.96609497070312,242.6199951171875,247.83999633789062,240.8000030517578,244.47000122070312,17691000,58.54244340326146,3.7249189807448033,238.49200057983398,224.3285998535156,0.05597145246262136,4.966973043897139
2025-08-08,239.18475341796875,241.8300018310547,243.16000366210938,238.97000122070312,243.16000366210938,10552500,57.657645393631974,3.7593802223764783,239.0635009765625,225.24239990234375,0.04960941075243963,4.63326092553543
2025-08-11,239.44189453125,242.08999633789065,245.35000610351562,241.5399932861328,242.0399932861328,8272900,57.883252911964,3.7642781333468918,239.73450088500977,226.14119995117187,0.05868718361133851,3.973630086982277
2025-08-12,241.61782836914062,244.2899932861328,244.77000427246094,241.6999969482422,243.72000122070312,7295800,59.83348074899839,3.9007161035299305,240.10150070190429,227.16059967041016,0.030976984310719047,4.041301619567429
2025-08-13,238.79901123046875,241.44000244140625,246.42999267578125,239.94000244140625,246.42999267578125,7971900,56.20274903397128,3.7358096469312727,240.2955009460449,228.09259979248046,0.016332736667315162,4.0058502193056285
2025-08-14,238.36383056640625,241.0,241.3800048828125,236.82000732421875,237.97000122070312,11040500,55.6413855851854,3.5289361924819502,240.06550064086915,228.96039978027343,-0.018729666079799645,3.8126549994685592
2025-08-15,236.26699829101562,238.8800048828125,240.8000030517578,237.25999450683594,240.3300018310547,8155500,52.89978047694949,3.157523634006907,239.98950119018554,229.69,-0.006322749801426442,3.8207771383561373
2025-08-18,238.76934814453125,241.41000366210935,242.86000061035156,239.99000549316406,239.99000549316406,6919800,55.704787106460074,3.032370977891901,240.11750106811525,230.4514001464844,0.010718013368960388,3.8234740315162945
2025-08-19,230.1546173095703,232.6999969482422,240.1699981689453,232.5800018310547,240.02000427246094,14594700,45.629840124974315,2.204944617973183,240.02250061035156,231.0018002319336,-0.008098930544933713,3.98785151671763
2025-08-20,226.09945678710938,228.6000061035156,229.02999877929688,223.6999969482422,228.13999938964844,17165200,41.797616466176244,1.2044837316429948,239.4360008239746,231.4338003540039,-0.04880787100307582,4.733171955453366
2025-08-21,224.84335327148438,227.3300018310547,230.3300018310547,226.25999450683594,228.14999389648438,7449100,40.65852015199889,0.30560966242285303,238.72250061035157,231.73120025634765,-0.059064585728308305,5.416087440539425
2025-08-22,230.4414520263672,232.9900054931641,234.4499969482422,226.1699981689453,228.0,10299500,47.522531882410085,0.04939112924290612,238.09200057983398,232.10900024414062,-0.05134364941764957,5.306187415095468
2025-08-25,233.01300048828125,235.58999633789065,237.27999877929688,232.25,234.3000030517578,7655000,50.36284559672238,0.05549392841919598,237.7340003967285,232.51220031738282,-0.029495380688400963,5.216152326665588
2025-08-26,236.1087646484375,238.72000122070312,238.8300018310547,235.72999572753906,236.3699951171875,9793100,53.617504136245486,0.3093299135432801,237.60350036621094,233.06460021972657,-0.010815068953501705,5.153726413477303
2025-08-27,236.6725311279297,239.2899932861328,239.39999389648438,235.44000244140625,236.8699951171875,9516400,54.20636427747781,0.5501485861557853,237.4224998474121,233.5368002319336,-0.014902681328069156,5.019368173375253
2025-08-28,235.66371154785156,238.2700042724609,240.66000366210938,236.0,236.3000030517578,8466200,52.911804862949076,0.6511880398338405,237.25500030517577,234.02420043945312,-0.013864708684816485,4.92696797771771
2025-08-29,228.34463500976562,230.8699951171875,235.9499969482422,230.5800018310547,235.83999633789062,15526000,44.59140317875919,0.13261493799475943,237.0379997253418,234.37160034179686,-0.01845164522255771,5.113808772358878
2025-09-02,225.89175415039062,228.38999938964844,229.33999633789062,225.6300048828125,226.14999389648438,13974900,42.19658586224442,-0.47302022761442686,236.50749969482422,234.74920043945312,-0.044393307993102815,5.439522144867858
2025-09-03,228.85894775390625,231.38999938964844,232.4499969482422,228.60000610351562,231.52000427246094,7198500,45.976313229679214,-0.7028139302698833,236.4534996032715,235.17060028076173,-0.004645768595447075,5.486868138290869
2025-09-04,232.6371612548828,235.2100067138672,235.30999755859375,230.3000030517578,231.35000610351562,6241900,50.42185675587514,-0.5701125269395675,236.64550018310547,235.47300048828126,0.016596843487569624,5.36546309192643
2025-09-05,240.7474822998047,243.41000366210935,244.5500030517578,237.89999389648438,240.24000549316406,14056600,58.345681478968444,0.1944836285430256,236.68500061035155,235.88640045166017,0.0032561559674431084,5.414446570108824
2025-09-08,244.48611450195312,247.19000244140625,247.8800048828125,241.6199951171875,241.99000549316406,12986600,61.4077006757309,1.092848227015537,236.95300064086913,236.35000061035157,0.02216433267074991,5.801342617437241
2025-09-09,248.17532348632812,250.9199981689453,254.72999572753906,246.92999267578125,246.92999267578125,13443400,64.20400044936963,2.0817905405282886,237.39450073242188,236.7970004272461,0.036474046695966766,6.506053034530004
2025-09-10,257.5911865234375,260.44000244140625,264.5799865722656,257.75,258.8699951171875,18822400,70.14904136523185,3.592309325949344,238.20200119018554,237.47600036621094,0.06610999058138733,8.190983448919436
2025-09-11,256.077880859375,258.9100036621094,261.6400146484375,258.2300109863281,260.3500061035156,10005000,68.18896462698831,4.612775032122244,239.07550125122071,238.1606005859375,0.07235752586170063,9.397168259054643
2025-09-12,256.4932861328125,259.3299865722656,260.95001220703125,258.3800048828125,260.8500061035156,8496600,68.4495690887258,5.393220874154821,239.99200057983398,238.6752001953125,0.0760580355695668,10.431656562926479
2025-09-15,258.52093505859375,261.3800048828125,262.79998779296875,258.75,260.0,8147700,69.75216336654672,6.106754309361776,241.11700057983398,239.20680023193358,0.09418954931384005,11.467270147144243
2025-09-16,260.0111389160156,262.0599975585937,266.44000244140625,260.6099853515625,265.9200134277344,10381900,70.19177698321026,6.650442264821464,242.1495002746582,239.86460021972655,0.08553909773095891,12.387747697186832
2025-09-17,260.7354431152344,262.7900085449219,264.80999755859375,259.7300109863281,264.3399963378906,10422000,70.68436737029069,7.058854590489005,243.65400085449218,240.56320037841797,0.129308173576695,12.992176989935647
2025-09-18,266.5397033691406,268.6400146484375,270.5400085449219,257.9800109863281,258.0,16917300,74.34335777100432,7.765060123523369,245.65600128173827,241.2992007446289,0.17515313856461945,13.620137198770626
2025-09-19,262.7991943359375,264.8699951171875,266.57000732421875,262.80999755859375,266.3699951171875,17640200,68.4168728511259,7.929122044364817,247.53300094604492,242.00140075683595,0.16513435527102782,13.548212850486085
2025-09-22,270.49853515625,272.6300048828125,276.3599853515625,265.45001220703125,266.5400085449219,15630300,73.15977824506376,8.586332339212248,249.51500091552734,242.8460009765625,0.170136050710602,14.1928851146557
2025-09-23,280.49969482421875,282.7099914550781,286.0,280.0,282.3999938964844,17830300,77.81934970966252,9.807492241632843,251.87100067138672,243.92680084228516,0.200008471707799,15.60079066336393
2025-09-24,278.5153503417969,280.7099914550781,281.2099914550781,276.7200012207031,280.30999755859375,10231000,75.03589802455421,10.492931000034957,253.97050018310546,244.80200073242187,0.17589640591344557,16.535272276649547
2025-09-25,274.49700927734375,276.6600036621094,277.1400146484375,270.19000244140625,273.1199951171875,11863400,69.60646975370906,10.58730215774807,255.8390007019043,245.5840008544922,0.15617038499094726,16.89652682715157
2025-09-26,271.2228088378906,273.3599853515625,275.5,270.6199951171875,273.8900146484375,10451900,65.45074362023392,10.277337334513902,257.5934997558594,246.13920043945313,0.14726982184033677,16.797728052112124
2025-09-29,271.0938415527344,273.2300109863281,279.8699951171875,273.2300109863281,276.489990234375,8046200,65.28541823596959,9.906998422963966,259.7115005493164,246.79580078125,0.18347995306899478,15.897278685703183
2025-09-30,277.1064758300781,279.2900085449219,279.489990234375,273.8299865722656,275.32000732421875,8348800,69.19272627135159,9.987365195820189,262.2565010070801,247.6046008300781,0.2228644392981265,14.643998081567144
2025-10-01,286.2146911621094,288.4700012207031,290.4800109863281,277.1700134277344,278.44000244140625,14620100,73.97199233001257,10.668821596600992,265.1105010986328,248.68200073242187,0.24668309772080943,13.85258337553143
2025-10-02,285.8575134277344,288.1099853515625,296.7200012207031,287.0299987792969,296.5199890136719,10198000,73.49048484078747,11.052424956978143,267.75550003051757,249.63760040283202,0.22490530643982387,12.857526122447288
2025-10-03,289.90557861328125,292.19000244140625,296.05999755859375,290.489990234375,292.8599853515625,10572500,75.44150809415268,11.55248678829281,270.1944999694824,250.64940032958984,0.20040260484532535,12.62072414803902
2025-10-06,300.0357971191406,302.3999938964844,307.29998779296875,299.94000244140625,300.010009765625,15785000,79.50622812806569,12.627093105103427,272.95499954223635,251.78540008544923,0.2233504223867835,13.3415667373506
2025-10-07,291.7311706542969,294.0299987792969,307.1000061035156,293.2799987792969,306.6199951171875,13081000,69.36982137435125,12.657430715990188,275.1104995727539,252.81100006103514,0.17180775117543812,13.073962385770631
2025-10-08,302.13916015625,304.5199890136719,306.3999938964844,293.9800109863281,295.0,12821200,73.86670468193007,13.373763612549737,277.3144989013672,254.0747998046875,0.1692519818731868,14.142477411033736
2025-10-09,297.5354919433594,299.8800048828125,302.8299865722656,297.4200134277344,302.30999755859375,10259900,69.0385638273635,13.412444343146944,279.36299896240234,255.21419982910157,0.1582403176440066,14.302618906847924
2025-10-10,278.4657287597656,280.6600036621094,300.20001220703125,280.3299865722656,299.9599914550781,23398000,53.4529340832497,11.756681919676737,280.4294998168945,255.995,0.08225048468854901,13.50310958068351
2025-10-13,300.52197265625,302.8900146484375,304.6300048828125,292.32000732421875,298.239990234375,20318300,63.66894898758269,12.098787086298273,282.50500030517577,257.3486001586914,0.15881096101530656,13.610721049634328
2025-10-14,293.6262512207031,295.94000244140625,301.75,291.3399963378906,295.6300048828125,16567900,59.28782730106594,11.674523356038662,284.1990005493164,258.48740020751956,0.12928339005741374,13.028089553523671
2025-10-15,302.32769775390625,304.7099914550781,306.6099853515625,300.07000732421875,306.2900085449219,20788000,62.76925607610959,11.908680259563653,286.29499969482424,259.93220001220703,0.15951893735332168,12.772055828851396
2025-10-16,297.49578857421875,299.8399963378906,311.3699951171875,296.69000244140625,310.92999267578125,26341500,59.71549917592296,11.56793542808174,287.85499877929686,261.3016000366211,0.11614048536396848,12.40220541935156
2025-10-17,292.7729797363281,295.0799865722656,303.29998779296875,294.9200134277344,298.3999938964844,17633300,56.806462310408676,10.789425901565096,289.3654983520508,262.35079986572265,0.11405592181821955,11.24075564534239
2025-10-20,295.3725280761719,297.70001220703125,303.6499938964844,297.05999755859375,300.0,13391600,58.01873428814802,10.265531013744862,290.6189987182617,263.4682000732422,0.09195615623817655,10.659068978464848
2025-10-21,292.20745849609375,294.510009765625,299.3699951171875,293.6600036621094,299.0,11190500,55.95941075821043,9.48361281840323,291.20899963378906,264.5166003417969,0.04173895039865205,10.523969702643257
2025-10-22,286.6214904785156,288.8800048828125,295.20001220703125,284.3999938964844,293.0,15409100,52.422863156916485,8.313806289311174,291.6175003051758,265.4084005737305,0.02910481876824056,10.249986946291763
2025-10-23,288.45703125,290.7300109863281,294.0899963378906,289.6300048828125,289.79998779296875,10379900,53.463617117501265,7.450125805666914,292.32100067138674,266.3942007446289,0.050856672948659254,9.633672010583298
2025-10-24,292.6539306640625,294.9599914550781,297.95001220703125,294.3900146484375,295.57000732421875,8747000,55.84214175595648,7.02598568287533,293.4010009765625,267.4734005737305,0.07901670786138038,8.545424287937678
2025-10-27,295.918212890625,298.25,300.4800109863281,293.69000244140625,298.6499938964844,13615000,57.65498666648969,6.876064779053763,294.6520004272461,268.6608004760742,0.09157115985668152,7.155436691913203
2025-10-28,299.17254638671875,301.5299987792969,302.1300048828125,296.0799865722656,298.32000732421875,11804200,59.442641438424374,6.941897993165355,295.76399993896484,269.86320037841796,0.07963045420150738,6.322018412053563
2025-10-29,302.7047424316406,305.0899963378906,307.9599914550781,302.3800048828125,305.79998779296875,16177300,61.34982939364276,7.1983551827626115,296.5949996948242,271.3110003662109,0.05761429280985042,6.404566622794885
2025-10-30,300.849365234375,303.2200012207031,307.30999755859375,300.82000732421875,303.0799865722656,14507100,59.76014492638172,7.168077242953416,297.3505004882812,272.8034002685547,0.052445304353831546,6.240068094790415
2025-10-31,298.0811767578125,300.42999267578125,307.67999267578125,296.67999267578125,305.989990234375,12667900,57.37154264218653,6.84010293618087,297.7625,274.26540008544924,0.02820079457040081,6.152826508424904
2025-11-03,302.47650146484375,304.8599853515625,310.1199951171875,302.1199951171875,302.5899963378906,12466600,60.0986483185624,6.858582847333821,297.88549957275393,275.7027996826172,0.008134892542095207,6.27381180862375
2025-11-04,291.7510681152344,294.04998779296875,301.989990234375,293.510009765625,296.8800048828125,16224300,51.44920273050806,5.932564934334096,297.8864990234375,276.87199951171874,6.798290567244791e-05,6.273166840041794
2025-11-05,291.3442687988281,293.6400146484375,298.2200012207031,291.5,292.6199951171875,10502500,51.14854570735533,5.1067403364448865,297.3425003051758,277.97039978027345,-0.035728276493356526,6.1379345482103504
2025-11-06,286.9786376953125,289.239990234375,294.6400146484375,287.3800048828125,294.1000061035156,11516900,47.91242147844633,4.050531192971789,296.8104995727539,278.96939971923825,-0.035480907280215024,6.363389589238383
2025-11-07,284.26007080078125,286.5,287.8900146484375,277.1300048828125,285.2099914550781,15715700,45.9622543627839,2.958282287588588,297.1024993896484,279.9339996337891,0.020808081884447827,5.680643123537139
2025-11-10,292.9615173339844,295.2699890136719,297.1300048828125,291.75,294.3599853515625,10869200,52.61094968293037,2.7684193652298745,296.7214981079102,281.22199951171876,-0.02515773140824773,5.525462312243424
2025-11-11,288.8935546875,291.1700134277344,294.9200134277344,288.9100036621094,292.05999755859375,9666300,49.542067336811314,2.2610538452417472,296.4829986572266,282.4775997924805,-0.016118094797327398,5.662222682575423
2025-11-12,288.347900390625,290.6199951171875,294.8699951171875,289.5799865722656,293.70001220703125,9715900,49.12805410560463,1.7939021470280636,295.778498840332,283.6621997070313,-0.046240677145527265,5.4575854918147995
2025-11-13,279.99371337890625,282.20001220703125,289.5,280.0,289.1700134277344,13827600,43.17919861882489,0.7357772265685867,294.89649963378906,284.60199981689453,-0.058831324527435,6.14834438104269
2025-11-14,282.5932312011719,284.82000732421875,286.8599853515625,273.2300109863281,275.9100036621094,11486800,45.39489896981819,0.10737950932826834,294.38350067138674,285.4301998901367,-0.03477016305724345,6.547314857533125
2025-11-17,279.8052062988281,282.010009765625,286.5299987792969,279.79998779296875,281.44000244140625,10227100,43.43845167536793,-0.6103379320364866,293.59900054931643,286.1266000366211,-0.0527040705342493,7.049727596932733
2025-11-18,275.73724365234375,277.9100036621094,280.19000244140625,272.7200012207031,277.54998779296875,11850400,40.68332968596847,-1.4927627626507274,292.7690002441406,286.66640014648436,-0.05636482819964639,7.866689265607632
2025-11-19,280.1623840332031,282.3699951171875,284.54998779296875,276.32000732421875,276.9200134277344,11179200,44.78585310875916,-1.8113269125827287,292.44349975585936,287.105,-0.02253534220295328,8.165096484373496
2025-11-20,275.3304443359375,277.5,292.8500061035156,276.4100036621094,292.2099914550781,15747300,41.417358298963975,-2.428761946378188,291.781999206543,287.4767999267578,-0.04550617578640781,8.820811792927065
2025-11-21,272.9095153808594,275.0599975585937,278.69000244140625,266.82000732421875,272.80999755859375,20872800,39.80208050213922,-3.0794732138073186,290.78699951171876,287.79140014648436,-0.06746675641776034,9.536778970653414
2025-11-24,282.4146423339844,284.6400146484375,285.05999755859375,273.19000244140625,273.19000244140625,13570300,48.323612529298295,-2.789978134525768,290.10650024414065,288.25660034179685,-0.04563280922569157,9.461501970241194
2025-11-25,282.45428466796875,284.67999267578125,285.3999938964844,273.0799865722656,282.7300109863281,13726800,48.35646680564991,-2.5281819974711084,289.26399993896484,288.7090002441406,-0.05588169061695547,9.135341728540352
2025-11-26,287.6930236816406,289.9599914550781,292.80999755859375,287.7300109863281,289.1000061035156,12220300,52.63915401259497,-1.8730633892084256,288.5074996948242,289.25239990234377,-0.049591940294416714,8.34837296228558
2025-11-28,289.23089599609375,291.510009765625,292.6700134277344,289.0,292.4800109863281,5515400,53.84910621746277,-1.2148001882842436,287.9220001220703,289.7097998046875,-0.03861879627971787,7.643065180841938
2025-12-01,285.43084716796875,287.67999267578125,291.1600036621094,283.19000244140625,286.9200134277344,7713000,50.42133616005365,-0.9907514632367338,287.2845001220703,290.1659997558594,-0.04243917155688104,7.053901595622335
2025-12-02,289.8063659667969,292.0899963378906,294.5,289.17999267578125,292.0,10746400,54.04841193015333,-0.45212893394875664,286.64600067138673,290.5551995849609,-0.04188804574974181,5.855427120703117
2025-12-03,293.14013671875,295.45001220703125,296.6199951171875,286.07000732421875,292.17999267578125,9599200,56.65056202174596,0.2430566946150634,286.7160018920898,290.81,0.004761178276423639,5.9561030131271195
2025-12-04,290.6398010253906,292.92999267578125,294.0299987792969,290.20001220703125,293.9800109863281,6753000,54.172795794160436,0.583920723679455,286.68050079345704,291.05440002441406,-0.0024180014209109757,5.9146322624768635
2025-12-05,292.41583251953125,294.7200012207031,300.79998779296875,293.25,296.04998779296875,10275300,55.656416128920895,0.9871177731261582,286.9545013427734,291.41559997558596,0.018946242467674068,6.161235676248704
2025-12-08,299.5098876953125,301.8699951171875,302.6199951171875,296.7200012207031,301.20001220703125,16643100,61.076944151699685,1.862133575425048,287.72300109863284,291.9858001708984,0.05364745241601221,7.00266573931971
2025-12-09,301.0378723144531,303.4100036621094,304.67999267578125,298.5,299.989990234375,11349100,62.15013577141645,2.649316055733607,288.1300018310547,292.5894000244141,0.027568039256643084,7.669218215112092
2025-12-10,307.7153015136719,310.1400146484375,313.9800109863281,302.5,305.3699951171875,12429200,66.49748987807787,3.772729803537345,289.07850189208983,293.2064001464844,0.06515094393609755,9.103866150929822
2025-12-11,303.2831726074219,304.8500061035156,305.8399963378906,299.6400146484375,305.32000732421875,15028400,60.60505460007389,4.187908214289621,289.7900024414063,293.5340002441406,0.04896432188222333,9.762890755253629
2025-12-12,290.53900146484375,292.0400085449219,304.2799987792969,290.9800109863281,304.2799987792969,19306100,49.229079325063175,3.4435848480762274,290.2820022583008,293.6126007080078,0.03486887282865059,9.606960145186363
2025-12-15,286.2610778808594,287.739990234375,295.79998779296875,287.54998779296875,295.1499938964844,12082400,46.10087641487871,2.478160979710708,290.4280014038086,293.5236004638672,0.010252028772797406,9.541549313819258
2025-12-16,285.39556884765625,286.8699951171875,288.4599914550781,283.32000732421875,287.260009765625,11418400,45.47130955699865,1.6241322874012667,290.6710006713867,293.21300048828124,0.017233378898861007,9.376336271046458
2025-12-17,275.5364990234375,276.9599914550781,289.1000061035156,275.0799865722656,288.5299987792969,16823000,38.94682229060552,0.14597125585208914,290.62350006103514,292.87160034179686,-0.003418416733880103,9.446529739835475
2025-12-18,283.2168273925781,284.67999267578125,287.1600036621094,281.75,285.0,11260300,45.50649142390935,-0.39795505332097036,290.73899993896487,292.47480041503906,0.008180747241345765,9.353973797074415
2025-12-19,287.4648742675781,288.95001220703125,292.1700134277344,286.3800048828125,286.3800048828125,12735800,48.784231639407196,-0.4789447055554774,291.3115005493164,292.2562005615234,0.04126130525056304,8.837164074981656
2025-12-22,291.77264404296875,293.2799987792969,295.010009765625,291.2099914550781,294.6700134277344,6091100,51.94102145025778,-0.19152804321601025,292.2225006103516,292.5086004638672,0.06624009809649589,7.970270821769414
2025-12-23,295.42376708984375,296.95001220703125,297.9100036621094,292.20001220703125,293.3999938964844,6802300,54.500850923896806,0.32860321117942703,292.83800048828124,292.3898004150391,0.04324760021460072,7.827944520868531
2025-12-24,297.2642517089844,298.79998779296875,299.1600036621094,296.2300109863281,297.739990234375,2753900,55.779476553479114,0.8799450873056003,293.54400024414065,292.44700012207034,0.049599534496506115,7.688956814675981
2025-12-26,301.2834777832031,302.8399963378906,303.3800048828125,298.5199890136719,299.8999938964844,5125900,58.52086626612036,1.6241601153491274,294.18800048828126,292.40960021972654,0.04441993813759626,7.909211082978095
2025-12-29,299.3733825683594,300.9200134277344,304.5,298.6499938964844,301.7799987792969,6205100,56.72119961235739,2.0355645904665494,294.6585006713867,292.43120056152344,0.03228020770084372,8.020623858814993
2025-12-30,298.0402526855469,299.5799865722656,304.54998779296875,299.45001220703125,302.3599853515625,6190600,55.43974459241128,2.227795987453135,295.2535003662109,292.5212005615234,0.04136538584348415,7.916401001446159
2025-12-31,302.328125,303.8900146484375,307.3900146484375,303.42999267578125,304.0,8175100,58.673711993917244,2.6968365468671323,295.84350128173827,292.6450006103516,0.040398570503922926,8.105677968013664
2026-01-02,317.96728515625,319.6099853515625,321.5899963378906,311.70001220703125,311.9800109863281,18526900,67.84109761920132,4.287600043559053,297.05149993896487,293.1470001220703,0.08177347147172087,9.689506009280489
2026-01-05,320.5937194824219,322.25,331.25,321.5,330.3999938964844,17446300,69.08153903432904,5.695662640631156,298.51750030517576,293.81440002441406,0.1000921996972517,11.142234607929442
2026-01-06,325.7471008300781,327.42999267578125,333.0799865722656,324.5899963378906,330.2200012207031,15599600,71.41162529247684,7.147156539645891,300.1529998779297,294.54839965820315,0.11098666978690397,12.82853006273384
2026-01-07,317.04205322265625,318.67999267578125,326.29998779296875,318.5400085449219,324.6700134277344,11744800,62.801878909101546,7.5049120840061505,300.9934997558594,295.0227996826172,0.05568621535925766,13.481029705367197
2026-01-08,316.37554931640625,318.010009765625,324.5,316.1400146484375,324.3900146484375,10850800,62.18366593096863,7.646232895626326,301.72350006103517,295.4179998779297,0.04811972554397004,14.003926496926834
2026-01-09,321.9666442871094,323.6300048828125,324.7699890136719,318.25,319.8299865722656,12325100,65.2718555369282,8.118136470823742,302.3979995727539,295.86,0.04349645191597329,14.73636288979654
2026-01-12,330.0647888183594,331.7699890136719,333.54998779296875,321.05999755859375,322.1000061035156,12714800,69.19567110591034,9.0446905818211,303.7439987182617,296.39359985351564,0.08830566629877401,16.13514403385555
2026-01-13,329.5076599121094,331.2099914550781,336.4200134277344,330.7799987792969,332.8699951171875,11473600,68.62124671883424,9.622877723007264,305.7024978637695,296.9533996582031,0.13412539982216543,16.994112881345174
2026-01-14,325.4287414550781,327.1099853515625,329.8599853515625,324.82000732421875,329.8599853515625,11210800,64.40563263059919,9.63914490829427,307.6709976196289,297.48699951171875,0.13682489905250628,17.083889909381885
2026-01-15,339.88409423828125,341.6400146484375,351.3299865722656,337.9200134277344,342.80999755859375,42188500,71.16604426670496,10.701132704970234,310.4094985961914,298.22260009765625,0.1909227889409495,17.94223370343655
2026-01-16,340.64013671875,342.3999938964844,349.8500061035156,341.4599914550781,346.510009765625,18246100,71.4712512827465,11.471849320956835,313.6814987182617,299.1896002197266,0.23627962326833174,17.482252385150723
2026-01-20,325.4784851074219,327.1600036621094,342.1499938964844,326.8999938964844,340.7900085449219,22809900,58.173377580480945,10.729228083207602,315.8054992675781,299.86,0.14922021947186193,16.314844704365044
2026-01-21,324.44384765625,326.1199951171875,333.6400146484375,325.67999267578125,333.42999267578125,16789800,57.38865924717004,9.942168277020414,317.66399841308595,300.59760009765625,0.1286381081151302,15.171649902850746
2026-01-22,325.6874084472656,327.3699951171875,335.04998779296875,326.8999938964844,333.4200134277344,12801000,58.119891115018426,9.311940015454638,319.36849822998045,301.415,0.11623703109581807,14.16987314893687
2026-01-23,333.14886474609375,334.8699951171875,337.1499938964844,331.3699951171875,332.07000732421875,12904400,62.300169826094596,9.310343058211402,321.2644973754883,302.2070001220703,0.12769820290062395,13.535008080548725
2026-01-26,330.9999694824219,332.7099914550781,335.1000061035156,330.2300109863281,332.7900085449219,8646400,60.429386339645355,9.030683120850142,322.9599975585937,303.03779968261716,0.1134872993555971,12.669032193324714
2026-01-27,336.60101318359375,338.3399963378906,341.25,334.55999755859375,336.5,11298100,63.50548892220655,9.157779763189183,324.73499755859376,303.99219970703126,0.11722361784865187,12.179146480604787
2026-01-28,340.5406799316406,342.29998779296875,345.5,338.6600036621094,343.0299987792969,12140100,65.53493400657308,9.468891496330684,326.80399627685546,305.19419921875,0.1375115396742188,11.411123081822991
2026-01-29,337.8048095703125,339.54998779296875,343.739990234375,328.20001220703125,339.79998779296875,13844800,62.9182601954025,9.385359190429199,328.8024963378906,306.288798828125,0.13342013155829235,9.775087602880646
2026-01-30,328.86102294921875,330.5599975585937,339.8999938964844,329.1000061035156,335.4200134277344,12028100,55.163948168982664,8.495807773200909,330.13599548339846,307.2597985839844,0.08776195868432857,7.8216537571157545
2026-02-02,339.6054992675781,341.3599853515625,344.20001220703125,329.1000061035156,330.760009765625,12459100,61.3297832197824,8.563584945202535,331.22349548339844,308.52879821777344,0.06805169111370413,7.7930975420323785
2026-02-03,334.0243225097656,335.75,347.04998779296875,330.0199890136719,345.07000732421875,12540000,56.94879369377966,8.07157580752687,331.89849548339845,309.59639831542967,0.04189294026377044,7.555994966150116
2026-02-04,324.0657958984375,325.739990234375,338.79998779296875,319.07000732421875,335.6000061035156,18176000,50.075240661925,6.795595495480256,331.8139953613281,310.5611981201172,-0.00516141611706189,7.6177942752797065
2026-02-05,329.0301513671875,330.7300109863281,334.57000732421875,319.6499938964844,322.82000732421875,14812000,53.11331778794048,6.116517470579765,332.41649627685547,311.6745983886719,0.03781228375640877,6.97362644957589
2026-02-06,347.0570373535156,348.8500061035156,349.7200012207031,336.6499938964844,337.5,17025500,62.12617332702968,6.960242076139025,333.95849609375,312.95879821777345,0.09697806795647668,7.029846049915998
2026-02-09,353.5832824707031,355.4100036621094,359.6000061035156,347.79998779296875,348.760009765625,14594900,64.76673368513954,8.065265523047458,335.54749603271483,314.3733984375,0.09819855483055262,8.084901471798903
2026-02-10,360.0498962402344,361.9100036621094,364.760009765625,356.3900146484375,364.3299865722656,14622100,67.20645196855777,9.357631294579164,337.0544967651367,315.8123986816406,0.09084611521988939,9.939920124231072
2026-02-11,372.1672668457031,374.0899963378906,379.5799865722656,368.3900146484375,370.0799865722656,18651300,71.22704076889194,11.235152254450327,339.19849700927733,317.46399841308596,0.12946470815820277,12.820159853655701
2026-02-12,366.2080993652344,368.1000061035156,380.0,322.1000061035156,379.0,16835400,66.88406240539106,12.100274557539478,341.247998046875,319.0723986816406,0.12530959795647623,14.007384328041445
2026-02-13,364.4770202636719,366.3599853515625,371.1099853515625,360.7699890136719,369.1499938964844,10468200,65.63215438565823,12.501376990772144,342.48399658203124,320.55779846191405,0.07235677802134188,15.09240638681807
2026-02-17,362.328125,364.2000122070313,366.20001220703125,356.239990234375,361.8699951171875,10063800,64.02997292043418,12.500859649259326,343.5739974975586,321.93279846191405,0.06366827891106097,15.854021768706083
2026-02-18,360.3981018066406,362.260009765625,369.3900146484375,360.7099914550781,363.8599853515625,7310500,62.55296922896034,12.203236356175523,345.32899780273436,323.31939880371095,0.10728697185052871,15.884115630731175
2026-02-19,358.5377197265625,360.3900146484375,362.79998779296875,357.44000244140625,359.7200012207031,6346500,61.0901444967932,11.681814093201126,347.04249877929686,324.63279907226564,0.1050840796159569,15.547760357173656
2026-02-20,368.63555908203125,370.5400085449219,372.20001220703125,359.1000061035156,359.7799987792969,9009200,65.76932520218313,11.94985241345978,349.2009994506836,326.00619934082033,0.13186918187869034,15.669056419110847
2026-02-23,368.1380920410156,370.0400085449219,373.42999267578125,366.4599914550781,367.010009765625,9550200,65.35239761580968,11.983787252255524,350.9595001220703,327.33879943847654,0.10502587254921614,15.947128721658883
2026-02-24,383.7673645019531,385.75,389.17999267578125,376.04998779296875,379.3999938964844,13269500,71.47172148566337,13.127025692147242,353.6115005493164,328.8509991455078,0.15941814164629098,17.119670995186716
2026-02-25,385.7371826171875,387.7300109863281,390.2099914550781,384.8299865722656,390.2099914550781,10948400,72.13959468639693,14.031079184508542,356.0810012817383,330.50859924316404,0.14597746403919998,18.32091815801003
2026-02-26,374.8733215332031,376.80999755859375,386.4700012207031,369.70001220703125,386.17999267578125,14535700,63.33334253539651,13.708372682185939,357.8065017700195,332.2039990234375,0.10081802803480522,18.577990254549494
2026-02-27,372.6547546386719,374.5799865722656,376.67999267578125,368.6199951171875,370.1400146484375,9186600,61.67752354197114,13.12142656684506,359.55800170898436,333.9407989501953,0.10316595505418036,18.41679320214031
2026-03-02,367.2128601074219,369.1099853515625,373.1000061035156,364.6499938964844,365.3599853515625,12571600,57.69306625201522,12.075683198851323,361.4855010986328,335.5855987548828,0.11662024466870213,17.199201685907152
2026-03-03,351.3150329589844,353.1300048828125,355.9800109863281,344.1400146484375,349.54998779296875,18580200,47.947972901459046,9.84399769423959,362.0740020751953,337.1089990234375,0.034479786841823845,16.667474627891018
2026-03-04,355.6028747558594,357.44000244140625,361.0899963378906,354.54998779296875,357.42999267578125,12131100,50.38232960657581,8.327161304198171,363.15850219726565,338.56419921875,0.06460164539510416,15.531441042052116
2026-03-05,352.041259765625,353.8599853515625,359.4700012207031,343.79998779296875,354.8999938964844,16249800,48.359223566161305,6.758274891110432,364.564501953125,339.8623986816406,0.08632650568005085,13.038542515729784
2026-03-06,337.1482238769531,338.8900146484375,348.7200012207031,336.69000244140625,343.5,13803000,40.95372437228198,4.257887304640121,364.97250213623045,340.77459899902345,0.02467270399131305,12.0112786122995
2026-03-09,346.9078063964844,348.70001220703125,349.3999938964844,331.9200134277344,335.6000061035156,19182800,46.712533980362316,3.0329351568985885,364.9650024414062,341.8095989990234,-0.00042996673028539156,12.021917242239649
2026-03-10,345.3060607910156,347.0899963378906,353.5,344.30999755859375,348.4700012207031,12985600,45.9209499654628,1.9102171352677146,364.5490020751953,342.77539916992185,-0.023409603664753975,12.504231083581535
2026-03-11,352.7376403808594,354.5599975585937,357.3500061035156,350.3599853515625,353.92999267578125,10683300,50.14247620870084,1.6047234306811902,364.1815017700195,343.80979919433594,-0.020308933240701155,12.692465386086058
2026-03-12,334.9794006347656,336.7099914550781,346.8900146484375,336.3800048828125,345.92999267578125,17549400,41.75467825778206,-0.07684304619192517,362.31250152587893,344.5255987548828,-0.09992249257862973,13.85548960196553
2026-03-13,336.5711669921875,338.3099975585937,344.5199890136719,336.2200012207031,343.9200134277344,17299900,42.68025909737831,-1.265798140371146,360.8230010986328,345.3001989746094,-0.08092911722621521,14.771540929313662
2026-03-16,338.4813232421875,340.2300109863281,344.6300048828125,339.82000732421875,341.25,11123500,43.83370282209223,-2.029727149947348,359.5165023803711,346.02699890136716,-0.07132322144887027,15.398298395795651
2026-03-17,345.1716613769531,345.9800109863281,346.760009765625,338.3999938964844,340.6000061035156,11434600,47.25670896956991,-2.146426776823887,358.6055023193359,346.5543994140625,-0.05002745911591544,15.643642039556413
2026-03-18,338.7766418457031,339.57000732421875,347.95001220703125,339.3399963378906,345.7799987792969,12632600,44.03487075847689,-2.724736727886011,357.47100219726565,346.9007995605469,-0.06263457690537311,16.178283077645794
2026-03-19,337.99847412109375,338.7900085449219,339.8999938964844,325.19000244140625,329.2200012207031,15411600,43.64493377993745,-3.20899956392833,356.39100189208983,347.1279998779297,-0.05993508484020171,16.686160197243808
2026-03-20,328.47076416015625,329.239990234375,337.6000061035156,325.8999938964844,336.67999267578125,17424200,39.081762203287404,-4.313662795698235,354.3260009765625,347.3391998291016,-0.11145899864559405,17.38394505765912
2026-03-23,337.6592712402344,338.45001220703125,343.4100036621094,331.1000061035156,331.1000061035156,15857200,45.04870701257119,-4.395278528802351,352.74650115966796,347.7479998779297,-0.08536913741330132,17.31602537612721
2026-03-24,342.4480285644531,343.25,344.8800048828125,334.0199890136719,335.57000732421875,9725000,47.91225456121821,-4.02622882591146,350.62150115966796,348.1403997802734,-0.11017498379779656,15.57273268159976
2026-03-25,346.9375305175781,347.75,350.45001220703125,343.5,346.0,12166900,50.515714226916415,-3.3322300122401316,348.62250061035155,348.46,-0.1031130164121804,12.894254154283827
2026-03-26,325.3480529785156,326.1099853515625,340.9100036621094,325.3699951171875,339.82000732421875,14560200,40.12852182356737,-4.476793591578257,346.0875,348.3579998779297,-0.13455060251990114,12.014744912399268
2026-03-27,325.9765930175781,326.739990234375,329.55999755859375,322.30999755859375,324.8299865722656,14484500,40.512027585693765,-5.272257048082281,343.6955001831055,348.35059997558596,-0.12771637047581863,10.73802611350066
2026-03-30,315.7605285644531,316.5,329.6000061035156,313.79998779296875,327.20001220703125,15740000,36.427671189358456,-6.652266019332387,341.0650009155273,347.84779968261716,-0.14253200249094755,10.627936219345932
2026-03-31,337.1604309082031,337.95001220703125,338.4100036621094,321.1400146484375,322.30999755859375,18488000,48.20706316240123,-5.9465482450291915,340.3060012817383,347.7588000488281,-0.04298698061870665,10.256512083880207
2026-04-01,340.692138671875,341.489990234375,348.67999267578125,339.75,343.8999938964844,15011600,49.85830789234234,-5.0434771177382345,339.50850067138674,348.04539978027344,-0.04462290761551202,9.441878860857587
2026-04-02,338.2478942871094,339.0400085449219,342.07000732421875,326.79998779296875,326.8399963378906,8994600,48.70106031793217,-4.473907370811446,338.7675018310547,348.3038000488281,-0.041880906064914014,8.817163999116046
2026-04-06,340.9615173339844,341.760009765625,344.20001220703125,338.6199951171875,339.75,5884800,50.086220950219854,-3.7596984133533056,338.91100158691404,348.5916003417969,0.008468809918063869,8.842580861372346
2026-04-07,344.5132141113281,345.32000732421875,345.5299987792969,335.6499938964844,339.44000244140625,6823500,51.91623937537904,-2.873299015646751,338.74200134277345,348.8006005859375,-0.009693159634321158,8.67638323107742
2026-04-08,365.04510498046875,365.8999938964844,374.29998779296875,359.239990234375,370.2900085449219,16356900,60.85188498188013,-0.5043740741785427,339.6825012207031,349.46440063476564,0.054193430398617126,10.464198694845965
2026-04-09,364.6360778808594,365.489990234375,368.1700134277344,360.7200012207031,363.29998779296875,9246000,60.61022721727444,1.3246622581901306,340.2290008544922,350.0074005126953,0.030826919988273804,11.514757092511458
2026-04-10,369.734130859375,370.6000061035156,378.0,369.75,375.5899963378906,13168200,62.60354416550411,3.150208659057796,341.9235015869141,350.5734008789062,0.10065045739208167,13.321511817813562
2026-04-13,368.70654296875,369.5700073242188,371.4599914550781,366.04998779296875,370.260009765625,9596300,61.92332897844928,4.462415097183339,343.4865020751953,351.1738012695312,0.09240049064825828,14.643488444614404
2026-04-14,379.00244140625,379.8900146484375,382.1600036621094,373.2200012207031,379.0400085449219,12859500,65.91898342973508,6.262891778590529,345.4695022583008,352.1604016113281,0.11656821086163105,16.717731717295585
2026-04-15,374.2236328125,375.1000061035156,381.9800109863281,372.2099914550781,381.4100036621094,14955500,62.63366304257023,7.220040727350636,346.92550201416014,352.8352020263672,0.08416669805336885,17.984607387600537
2026-04-16,362.5010681152344,363.3500061035156,370.20001220703125,360.54998779296875,368.8599853515625,26405800,55.34671995806044,6.950342146152991,348.114501953125,353.3872021484375,0.07002973839380311,18.25674002459438
2026-04-17,369.6343688964844,370.5,375.5799865722656,365.1400146484375,373.20001220703125,18419400,58.509971895603194,7.230203544123299,349.7000015258789,354.28240234375,0.09359777636675348,18.773933129362682
2026-04-20,365.3843078613281,366.239990234375,370.07000732421875,364.25,369.2200012207031,11638300,55.96610094863302,7.027242851325184,351.5500015258789,354.99260192871094,0.1123800300615394,18.47225501607399
2026-04-21,367.2200012207031,368.0799865722656,370.75,365.1099853515625,368.0799865722656,9808200,56.83896790794825,6.9349258585506846,353.0315002441406,355.37720153808596,0.08754608744735282,18.554321129044098
2026-04-22,386.5347900390625,387.4400024414063,387.9100036621094,370.6400146484375,371.7799987792969,16317200,64.75536190924532,8.327955966495836,355.2410003662109,356.0178015136719,0.12873999254597623,19.90982735297303
2026-04-23,381.7659606933594,382.6600036621094,388.760009765625,375.80999755859375,384.25,12224900,61.74417091207111,8.943145396691307,356.9865005493164,356.43280151367185,0.1003882204517883,20.731839886802316
2026-04-24,401.5196838378906,402.4599914550781,409.489990234375,393.8500061035156,396.1400146484375,21603600,68.31647792103291,10.902701436349787,360.8040008544922,357.0002014160156,0.2341234845084752,21.751451892916094
2026-04-27,404.0338134765625,404.9800109863281,414.5,400.3999938964844,413.75,16561200,69.04538029413281,12.514746029044034,364.7160018920898,357.73780151367185,0.239456519221386,22.330620396812563
2026-04-28,391.42333984375,392.3399963378906,397.8699951171875,384.70001220703125,392.1199951171875,14715800,61.413553716946176,12.626805484082524,368.50800170898435,358.2574017333984,0.23962084150992302,20.033120624659887
2026-04-29,392.90985107421875,393.8299865722656,395.8500061035156,388.17999267578125,392.9100036621094,10313000,61.947500026899085,12.689565754059004,371.30200042724607,358.8500012207031,0.16534982200563375,19.434743895707506
2026-04-30,395.1346435546875,396.05999755859375,398.7900085449219,385.7099914550781,397.80999755859375,12788100,62.77768421943355,12.772019084100236,374.030500793457,359.5260009765625,0.15979972732660674,18.850916940968723
2026-05-01,396.74090576171875,397.6700134277344,403.989990234375,392.1300048828125,393.44000244140625,9926400,63.398549535376155,12.81950351076938,376.96200103759764,360.27160095214845,0.1729294578962477,17.64325196327737
2026-05-04,400.6716613769531,401.6099853515625,407.70001220703125,395.20001220703125,404.5199890136719,9978500,64.93974164075482,13.024914955664372,379.95449981689455,360.89300048828125,0.1751228168180996,16.3894131735633
2026-05-05,393.488525390625,394.4100036621094,406.1300048828125,392.6000061035156,404.6000061035156,14579000,59.97019375505894,12.463060255432936,382.40899963378905,361.380400390625,0.1421579847581793,14.4960367604984
2026-05-06,418.5198974609375,419.5,419.70001220703125,400.6499938964844,402.3999938964844,17736400,68.90125513303568,13.882312716616866,385.08899993896483,362.055400390625,0.14648813063024924,16.14427315520847
2026-05-07,413.182373046875,414.1499938964844,420.0,408.1099853515625,418.0899963378906,13403200,65.54321641859806,14.409278543000596,387.5220001220703,362.58380004882815,0.13313635109652533,16.69248798753851
2026-05-08,410.7181396484375,411.6799926757813,417.0,400.8800048828125,416.95001220703125,18531200,63.99255985205316,14.460898069792108,389.5759994506836,363.28119995117186,0.11084723663169949,17.024781329286593
2026-05-11,403.5948486328125,404.5400085449219,407.7300109863281,398.19000244140625,406.739990234375,14680000,59.60281379270381,13.766972776129535,391.3244995117187,363.880400390625,0.09462348277095001,16.653681756406925
2026-05-12,396.351806640625,397.2799987792969,402.239990234375,386.1199951171875,397.75,18121800,55.43847699194847,12.487264456188711,392.1939987182617,364.4438006591797,0.04577636542237795,16.478306560387146
2026-05-13,398.86590576171875,399.7999877929688,404.67999267578125,391.4700012207031,398.2699890136719,13127800,56.57267349473918,11.543363734178229,393.4289978027344,365.3772003173828,0.06584905701824173,16.049756821214736
2026-05-14,416.7440490722656,417.7200012207031,421.9700012207031,402.1000061035156,403.2099914550781,18577100,63.656656680142454,12.101808812488684,396.1474975585937,366.5828002929687,0.1496353218766644,15.27261304175474
2026-05-15,403.4053039550781,404.3500061035156,409.8699951171875,398.8299865722656,406.5,11868600,56.28020202955819,11.334872339566118,397.83999786376955,367.5926007080078,0.09136303941569679,14.11232634612545
2026-05-18,395.0249328613281,395.9500122070313,406.8800048828125,391.04998779296875,406.8800048828125,12117200,52.188438216715646,9.934738868017575,399.3254989624023,368.7338006591797,0.08112173100934017,12.019446165573921
2026-05-19,391.69268798828125,392.6099853515625,398.8800048828125,385.05999755859375,389.510009765625,14083000,50.61274919521708,8.45811091331376,400.5519989013672,369.6120001220703,0.06664312017540475,9.688855977616813
2026-05-20,400.6816711425781,401.6199951171875,403.8800048828125,395.95001220703125,397.0,10254300,54.59526358619743,7.9235671590137144,401.26099853515626,370.7026000976563,0.036599196227616426,9.184561497373648
2026-05-21,406.19873046875,407.1499938964844,411.4599914550781,399.510009765625,399.510009765625,8937900,56.89287217931825,7.855607514431824,402.485498046875,371.75440002441405,0.06399934667851981,8.148175459626582
2026-05-22,403.57489013671875,404.5199890136719,410.6700134277344,402.8599853515625,409.42999267578125,7111900,55.455608129003615,7.503039226578551,402.5884979248047,373.11059997558596,0.00511851513773065,8.160846274831002
2026-05-26,411.3566589355469,412.3200073242188,416.489990234375,410.07000732421875,413.1199951171875,10132000,58.78140441989525,7.763529473385802,402.9554977416992,374.59080017089843,0.01812434228547266,8.434509281774519
2026-05-27,421.7423400878906,422.7300109863281,430.54998779296875,415.3800048828125,427.0199890136719,14695600,62.775939996224146,8.709571645800338,404.4749984741211,376.2408001708984,0.07745836502038661,9.130177966080067
2026-05-28,423.8673400878906,424.8599853515625,427.6000061035156,414.7099914550781,422.2200012207031,8905800,63.55420711775483,9.52143088528004,406.02649841308596,377.81839965820313,0.07879034059688861,9.83530486655687
2026-05-29,417.47235107421875,418.4500122070313,430.44000244140625,417.25,427.07000732421875,11232300,59.52107692815035,9.537659715106088,407.1459991455078,379.39599975585935,0.05653187594418729,9.915108440769398
2026-06-01,434.6122131347656,435.6300048828125,449.3900146484375,422.5,424.8800048828125,18040400,65.78767661295466,10.812167077680442,409.0439987182617,381.3327996826172,0.09545600667216592,11.510577200781766
2026-06-02,445.6463623046875,446.6900024414063,448.3800048828125,436.010009765625,440.5799865722656,10147900,69.10375951766845,12.569776160409333,411.2979995727539,383.68179992675783,0.11224824763851804,14.100617767268758
2026-06-03,435.66973876953125,436.6900024414063,450.1600036621094,434.5299987792969,449.989990234375,10245200,63.144303226531164,13.005854203454362,413.41199951171876,385.6465997314453,0.10719808926428276,14.596125109296569
2026-06-04,443.8805236816406,444.9200134277344,448.010009765625,427.29998779296875,430.6300048828125,10974100,65.7613231832197,13.855821020094709,414.6830001831055,387.68,0.06059597956551688,16.175473364539684
2026-06-05,414.20001220703125,415.1700134277344,433.8999938964844,412.7900085449219,429.7699890136719,19644200,51.52002160544382,11.990628970224918,414.73400115966797,389.02840026855466,0.0024629229657913143,16.175312405635783
2026-06-08,425.8028259277344,426.7999877929688,433.80999755859375,422.5299987792969,423.7699890136719,11245400,55.57067707732539,11.32039806604115,415.49000091552733,391.0422003173828,0.03672754417554436,16.377141081359863
2026-06-09,426.92022705078125,427.9200134277344,438.1600036621094,405.510009765625,430.8800048828125,21199500,55.9523745445142,10.755627772191303,416.659001159668,393.06580078125,0.057794048521695895,16.388821441679493
2026-06-10,407.7950134277344,408.75,426.32000732421875,407.70001220703125,413.9599914550781,13139700,48.303351246825365,8.661340826681283,417.2325012207031,394.91080078125,0.028871328171431898,15.867385312386219
2026-06-11,421.07000732421875,421.0700073242188,422.25,408.8599853515625,413.260009765625,13826500,52.77184987509845,7.904605589519292,418.29600219726564,396.57320068359377,0.053201651277349216,15.34158033876744
2026-06-12,423.92999267578125,423.9299926757813,426.94000244140625,417.2099914550781,420.04998779296875,10362500,53.770821022073235,7.449787860932815,418.6065017700195,398.22200073242186,0.01486639719652083,15.392068241757803
2026-06-15,441.3999938964844,441.3999938964844,442.5799865722656,431.92999267578125,438.67999267578125,11184900,59.41763147555958,8.402169648324957,420.459001159668,400.26920043945313,0.09162850805913858,15.809823836824163
2026-06-16,425.8299865722656,425.8299865722656,440.3299865722656,425.20001220703125,436.0199890136719,10943500,53.182619152251185,7.810534627987124,421.9529998779297,401.95059997558593,0.07546400667771902,14.748017470146834
2026-06-17,432.1499938964844,432.1499938964844,442.5,431.6400146484375,434.75,10934100,55.23597653109104,7.762154103694456,423.9300003051758,403.68719970703125,0.1007106543902998,13.173681774516982
2026-06-18,462.1199951171875,462.1199951171875,465.2200012207031,438.3900146484375,438.8800048828125,25817100,63.42751942437038,10.026560866043269,426.95500030517576,405.6115997314453,0.15063991020254575,14.645097636162621
2026-06-22,467.6700134277344,467.6700134277344,476.7900085449219,465.1700134277344,476.0899963378906,13686200,64.71522417006489,12.129142429795536,429.98100128173826,407.6552001953125,0.14864305646198006,16.475562744483174
2026-06-23,436.3900146484375,436.3900146484375,447.3299865722656,434.19000244140625,439.17999267578125,20364500,53.320299610444714,11.142969764531756,431.5745025634766,408.97100036621094,0.07878479803302985,15.38876310326963
2026-06-24,440.8299865722656,440.8299865722656,443.8599853515625,432.5799865722656,433.9800109863281,9991200,54.543778572852,10.59752774704316,433.00000152587893,410.39619995117187,0.06914527246219371,14.82131114770507
2026-06-25,434.989990234375,434.989990234375,452.8999938964844,432.44000244140625,452.8999938964844,14769500,52.59124316868172,9.583548934340968,433.6130004882813,411.4981994628906,0.029001913584137284,14.626446871162768
2026-06-26,432.3500061035156,432.3500061035156,436.1300048828125,419.19000244140625,425.0,17974100,51.69042482151915,8.469309832077329,433.9875015258789,412.6431994628906,0.017629386174730755,14.485747757370422
2026-06-29,455.1000061035156,455.1000061035156,456.1000061035156,431.0899963378906,437.0,14881400,58.31645225152628,9.314628941904061,435.82000122070315,414.47819946289064,0.08758511847850414,14.732820586578459
2026-06-30,477.57000732421875,477.5700073242188,479.0,453.0,455.6099853515625,15074300,63.62343926786898,11.663245106047782,437.91700134277346,416.619599609375,0.09627436579509352,17.44033855158753
2026-07-01,444.2300109863281,444.2300109863281,468.510009765625,443.4700012207031,467.6700134277344,18534800,52.868098490183115,10.71081367372409,437.7940017700195,418.17940002441406,-0.005507155838798683,17.38379271146859
2026-07-02,434.1600036621094,434.1600036621094,461.4700012207031,429.5,450.5400085449219,18375000,50.11258367797248,9.039240728818015,437.66750183105466,419.5010003662109,-0.005793580721226599,17.401445515743525
2026-07-06,451.7900085449219,451.7900085449219,460.0299987792969,445.6000061035156,447.7799987792969,12788500,54.57632161249284,9.032974671707791,438.01100158691406,420.7880004882812,0.01544096671278039,17.618594012379674
2026-07-07,432.57000732421875,432.5700073242188,439.79998779296875,428.1099853515625,438.0199890136719,14898400,49.38813092918945,7.391906014808001,438.8810012817383,421.78620056152346,0.04191052661252259,16.843924304575584
2026-07-08,436.9800109863281,436.9800109863281,440.489990234375,428.75,429.0,11411200,50.54971510945647,6.373725381851841,439.39000244140624,422.47660095214843,0.02385197629925284,16.6118524065511
2026-07-09,436.9599914550781,436.9599914550781,447.69000244140625,436.3900146484375,446.7300109863281,11455600,50.54404400120703,5.501773465996109,439.8420013427734,423.11620056152344,0.021125391997750986,16.405033586399302
2026-07-10,434.1099853515625,434.1099853515625,439.6600036621094,428.1000061035156,438.6700134277344,9595100,49.68939168520746,4.5285710682105105,441.11000061035156,423.95160034179685,0.06204277761850152,14.77438115084742
2026-07-13,421.5799865722656,421.5799865722656,437.989990234375,420.2900085449219,433.82000732421875,14329800,46.00618860853808,2.714938847457802,441.13549957275393,424.50660034179685,0.0012111507330754279,14.738370157156226
2026-07-14,420.3900146484375,420.3900146484375,431.05999755859375,418.8599853515625,430.8699951171875,14279000,45.66003521286725,1.1681359130873261,440.95850067138673,424.9932006835937,-0.008350383526770533,14.975226292709458
2026-07-15,419.4800109863281,419.4800109863281,428.8900146484375,410.75,425.75,17012300,45.378847132015515,-0.12965170270547333,439.8625015258789,425.4294006347656,-0.0496601341487487,15.724598510787187
2026-07-16,409.739990234375,409.739990234375,415.95001220703125,403.5,405.2900085449219,24891300,42.371161376034216,-1.921941071898857,439.05800170898436,425.59200073242187,-0.03778502417692009,16.851529338155032
2026-07-17,398.3699951171875,398.3699951171875,404.70001220703125,386.0199890136719,392.1199951171875,20986500,39.112220006213875,-4.211262084781595,437.3690017700195,425.67120056152345,-0.07816730129906801,19.120457041800428
2026-07-20,402.29998779296875,402.2999877929688,409.8900146484375,400.0799865722656,407.7099914550781,11653600,40.80692165366136,-5.643394379031577,434.3780014038086,425.3272003173828,-0.12944691412681486,19.71447247995736
2026-07-21,424.6099853515625,424.6099853515625,425.3999938964844,413.55999755859375,418.739990234375,18210100,49.4145108359681,-4.921408258695408,432.225,425.53640014648437,-0.09207352800015611,18.178784410458444
2026-07-22,421.2099914550781,421.2099914550781,424.80999755859375,414.2099914550781,414.9100036621094,10236700,48.26268871292008,-4.570889777140792,431.465998840332,425.7270001220703,-0.0347854503627647,18.31214331244085
2026-07-23,418.9100036621094,418.9100036621094,420.8399963378906,411.79998779296875,415.8399963378906,4804662,47.45682487038653,-4.427651932887329,430.36999969482423,426.01440002441404,-0.04972434629639899,18.378050018754127
