Price,Adj Close,Close,High,Low,Open,Volume
Ticker,AVGO,AVGO,AVGO,AVGO,AVGO,AVGO
Date,,,,,,
2018-01-02,21.053340911865234,26.701000213623047,26.75,25.756999969482422,25.976999282836914,33135000
2018-01-03,21.283580780029297,26.993000030517578,27.072999954223633,26.60300064086914,26.729000091552734,31161000
2018-01-04,21.290674209594727,27.00200080871582,27.176000595092773,26.843000411987305,27.159000396728516,19067000
2018-01-05,21.416833877563477,27.16200065612793,27.426000595092773,26.94499969482422,27.19700050354004,28633000
2018-01-08,21.46808433532715,27.226999282836914,27.2549991607666,26.9060001373291,27.091999053955078,20971000
2018-01-09,21.17082405090332,26.850000381469727,27.385000228881836,26.819000244140625,27.305999755859375,26027000
2018-01-10,20.723756790161133,26.283000946044922,26.61400032043457,26.072999954223633,26.597999572753906,31607000
2018-01-11,20.77658462524414,26.350000381469727,26.385000228881836,26.155000686645508,26.35700035095215,17726000
2018-01-12,20.8388671875,26.429000854492188,26.531999588012695,26.201000213623047,26.339000701904297,19881000
2018-01-16,20.756872177124023,26.325000762939453,26.700000762939453,26.166000366210938,26.51799964904785,33528000
2018-01-17,20.958724975585938,26.58099937438965,26.652999877929688,26.04599952697754,26.54800033569336,37365000
2018-01-18,21.27332878112793,26.979999542236328,27.006000518798828,26.447999954223633,26.54599952697754,30319000
2018-01-19,21.00445556640625,26.638999938964844,26.944000244140625,26.60700035095215,26.915000915527344,29963000
2018-01-22,20.66697883605957,26.211000442504883,26.677000045776367,26.062000274658203,26.565000534057617,27230000
2018-01-23,20.729272842407227,26.290000915527344,26.44099998474121,25.81100082397461,26.173999786376953,35398000
2018-01-24,20.253032684326172,25.68600082397461,26.32699966430664,25.600000381469727,26.097000122070312,45405000
2018-01-25,19.498451232910156,24.729000091552734,25.784000396728516,24.700000762939453,25.77400016784668,59520000
2018-01-26,19.774415969848633,25.07900047302246,25.094999313354492,24.52400016784668,24.941999435424805,49014000
2018-01-29,19.354942321777344,24.547000885009766,24.948999404907227,24.349000930786133,24.827999114990234,50401000
2018-01-30,19.000919342041016,24.097999572753906,24.503000259399414,23.701000213623047,24.125,46002000
2018-01-31,19.556795120239258,24.80299949645996,25.31399917602539,24.486000061035156,25.0,80482000
2018-02-01,18.828235626220703,23.878999710083008,24.59000015258789,23.809999465942383,24.172000885009766,66851000
2018-02-02,18.567249298095703,23.54800033569336,23.79599952697754,23.409000396728516,23.677000045776367,58352000
2018-02-05,17.9853458404541,22.809999465942383,24.399999618530273,22.760000228881836,23.468000411987305,70776000
2018-02-06,18.953609466552734,24.038000106811523,24.040000915527344,22.489999771118164,22.562000274658203,77744000
2018-02-07,18.717060089111328,23.738000869750977,24.309999465942383,23.700000762939453,23.875999450683594,40475000
2018-02-08,18.10125732421875,22.957000732421875,23.851999282836914,22.951000213623047,23.73900032043457,43200000
2018-02-09,18.568822860717773,23.549999237060547,23.711999893188477,22.625,23.27899932861328,43282000
2018-02-12,19.27057647705078,24.440000534057617,24.54800033569336,23.75,23.785999298095703,35063000
2018-02-13,19.385690689086914,24.586000442504883,24.60300064086914,24.006000518798828,24.10099983215332,23719000
2018-02-14,19.52762222290039,24.766000747680664,24.864999771118164,24.347999572753906,24.5,25491000
2018-02-15,19.85641860961914,25.183000564575195,25.18400001525879,24.44300079345703,24.92799949645996,25540000
2018-02-16,19.62460708618164,24.888999938964844,25.23699951171875,24.804000854492188,25.12700080871582,32639000
2018-02-20,19.682167053222656,24.961999893188477,25.573999404907227,24.75200080871582,24.875,41693000
2018-02-21,19.603315353393555,24.86199951171875,25.347000122070312,24.844999313354492,25.249000549316406,28156000
2018-02-22,19.660877227783203,24.934999465942383,25.309999465942383,24.82699966430664,24.91200065612793,19342000
2018-02-23,20.00465202331543,25.371000289916992,25.503000259399414,25.02899932861328,25.214000701904297,18280000
2018-02-26,19.94473648071289,25.295000076293945,25.444000244140625,25.100000381469727,25.195999145507812,28878000
2018-02-27,19.854846954345703,25.180999755859375,25.566999435424805,25.167999267578125,25.208999633789062,21176000
2018-02-28,19.433006286621094,24.645999908447266,25.448999404907227,24.597999572753906,25.408000946044922,28834000
2018-03-01,19.184633255004883,24.33099937438965,24.91200065612793,24.131000518798828,24.586000442504883,26044000
2018-03-02,19.780719757080078,25.086999893188477,25.118000030517578,24.023000717163086,24.042999267578125,27402000
2018-03-05,19.47400665283203,24.697999954223633,25.134000778198242,24.341999053955078,24.989999771118164,25900000
2018-03-06,19.787826538085938,25.09600067138672,25.1299991607666,24.73200035095215,24.930999755859375,30030000
2018-03-07,19.479528427124023,24.704999923706055,24.940000534057617,24.433000564575195,24.868999481201172,31549000
2018-03-08,19.47163963317871,24.69499969482422,24.829999923706055,24.591999053955078,24.826000213623047,33554000
2018-03-09,20.01017951965332,25.378000259399414,25.42799949645996,24.76300048828125,24.857999801635742,30782000
2018-03-12,20.724546432495117,26.284000396728516,26.43000030517578,25.961999893188477,26.065000534057617,53881000
2018-03-13,20.59680938720703,26.121999740600586,27.385000228881836,26.023000717163086,26.64299964904785,66855000
2018-03-14,20.547136306762695,26.05900001525879,26.233999252319336,25.514999389648438,26.200000762939453,39619000
2018-03-15,21.112476348876953,26.775999069213867,26.889999389648438,26.350000381469727,26.37299919128418,57990000
2018-03-16,20.09611701965332,25.48699951171875,26.360000610351562,25.44099998474121,26.299999237060547,113955000
2018-03-19,19.313941955566406,24.4950008392334,25.64900016784668,24.277000427246094,25.309999465942383,71267000
2018-03-20,19.10972785949707,24.236000061035156,24.80500030517578,24.128000259399414,24.510000228881836,61918000
2018-03-21,19.680953979492188,24.600000381469727,25.05900001525879,24.006000518798828,24.058000564575195,54912000
2018-03-22,19.486543655395508,24.35700035095215,24.672000885009766,24.149999618530273,24.202999114990234,43078000
2018-03-23,19.39933967590332,24.24799919128418,24.52199935913086,24.041000366210938,24.33799934387207,59070000
2018-03-26,19.81936264038086,24.773000717163086,24.882999420166016,24.051000595092773,24.767000198364258,48713000
2018-03-27,19.550546646118164,24.437000274658203,25.424999237060547,24.15999984741211,24.808000564575195,63917000
2018-03-28,18.935319900512695,23.667999267578125,24.69300079345703,23.559999465942383,24.408000946044922,41744000
2018-03-29,18.852916717529297,23.565000534057617,24.083999633789062,23.47599983215332,23.80900001525879,46874000
2018-04-02,18.21528434753418,22.76799964904785,23.61199951171875,22.54400062561035,23.395000457763672,53088000
2018-04-03,18.943317413330078,23.67799949645996,23.697999954223633,22.72100067138672,23.086000442504883,45569000
2018-04-04,18.960113525390625,23.698999404907227,23.79199981689453,22.950000762939453,23.0049991607666,37720000
2018-04-05,18.905719757080078,23.631000518798828,24.167999267578125,23.5,24.076000213623047,35798000
2018-04-06,18.310482025146484,22.886999130249023,23.65399932861328,22.775999069213867,23.37299919128418,30248000
2018-04-09,18.780107498168945,23.474000930786133,23.965999603271484,22.926000595092773,22.99799919128418,37494000
2018-04-10,19.18092918395996,23.975000381469727,24.1560001373291,23.766000747680664,23.95599937438965,33244000
2018-04-11,19.226531982421875,24.031999588012695,24.07200050354004,23.70800018310547,23.812000274658203,19922000
2018-04-12,19.155332565307617,23.94300079345703,24.263999938964844,23.709999084472656,24.14299964904785,41036000
2018-04-13,19.756155014038086,24.694000244140625,25.200000762939453,24.489999771118164,25.0,48312000
2018-04-16,19.950572967529297,24.937000274658203,24.98900032043457,24.56800079345703,24.909000396728516,25172000
2018-04-17,20.14017677307129,25.173999786376953,25.28499984741211,24.964000701904297,25.089000701904297,25084000
2018-04-18,19.968170166015625,24.958999633789062,25.16699981689453,24.746000289916992,25.100000381469727,20511000
2018-04-19,19.429738998413086,24.285999298095703,24.628000259399414,24.06599998474121,24.354000091552734,50141000
2018-04-20,18.97052001953125,23.711999893188477,24.15999984741211,23.500999450683594,24.121999740600586,41530000
2018-04-23,18.676908493041992,23.344999313354492,23.832000732421875,23.211999893188477,23.798999786376953,31337000
2018-04-24,18.272085189819336,22.839000701904297,23.61199951171875,22.66900062561035,23.573999404907227,44889000
2018-04-25,18.320886611938477,22.899999618530273,23.110000610351562,22.586000442504883,22.899999618530273,34023000
2018-04-26,18.43449592590332,23.04199981689453,23.187999725341797,22.829999923706055,23.100000381469727,32751000
2018-04-27,18.623300552368164,23.277999877929688,23.420000076293945,23.06999969482422,23.35700035095215,27211000
2018-04-30,18.354482650756836,22.941999435424805,23.41200065612793,22.832000732421875,23.257999420166016,39682000
2018-05-01,18.43129539489746,23.038000106811523,23.084999084472656,22.63599967956543,23.084999084472656,44947000
2018-05-02,18.30008316040039,22.874000549316406,23.3439998626709,22.68000030517578,23.329999923706055,52950000
2018-05-03,18.020877838134766,22.524999618530273,22.788000106811523,22.26799964904785,22.64900016784668,58011000
2018-05-04,18.44249153137207,23.052000045776367,23.208999633789062,22.197999954223633,22.364999771118164,51303000
2018-05-07,18.878515243530273,23.597000122070312,23.690000534057617,23.100000381469727,23.1299991607666,36953000
2018-05-08,19.108922958374023,23.885000228881836,23.895999908447266,23.48200035095215,23.573999404907227,40149000
2018-05-09,19.0449275970459,23.80500030517578,23.913000106811523,23.405000686645508,23.579999923706055,35031000
2018-05-10,19.481740951538086,24.35099983215332,24.37299919128418,23.861000061035156,23.972999572753906,25747000
2018-05-11,19.471342086791992,24.33799934387207,24.450000762939453,24.15999984741211,24.308000564575195,24052000
2018-05-14,19.581750869750977,24.47599983215332,24.841999053955078,24.3799991607666,24.628000259399414,27580000
2018-05-15,19.327341079711914,24.158000946044922,24.444000244140625,23.850000381469727,24.231000900268555,24984000
2018-05-16,19.241729736328125,24.051000595092773,24.22100067138672,23.89900016784668,24.214000701904297,29330000
2018-05-17,19.156923294067383,23.94499969482422,24.166000366210938,23.799999237060547,23.812000274658203,22825000
2018-05-18,18.880117416381836,23.599000930786133,24.062000274658203,23.58799934387207,23.986000061035156,25262000
2018-05-21,19.12492561340332,23.905000686645508,24.049999237060547,23.66699981689453,23.945999145507812,25720000
2018-05-22,19.080123901367188,23.849000930786133,24.136999130249023,23.757999420166016,24.02400016784668,19218000
2018-05-23,19.24573516845703,24.055999755859375,24.062999725341797,23.60300064086914,23.62299919128418,23454000
2018-05-24,19.48334312438965,24.35300064086914,24.43600082397461,24.0,24.086000442504883,22799000
2018-05-25,20.00337028503418,25.003000259399414,25.06800079345703,24.40399932861328,24.40399932861328,32214000
2018-05-29,19.976171493530273,24.9689998626709,25.111000061035156,24.847000122070312,24.86400032043457,28281000
2018-05-30,19.952964782714844,24.940000534057617,25.202999114990234,24.933000564575195,25.118000030517578,26844000
2018-05-31,20.166574478149414,25.207000732421875,25.52899932861328,24.899999618530273,24.926000595092773,34698000
2018-06-01,20.508190155029297,25.634000778198242,25.770000457763672,25.253999710083008,25.437000274658203,26360000
2018-06-04,20.67060661315918,25.836999893188477,25.93600082397461,25.62299919128418,25.799999237060547,25886000
2018-06-05,20.741806030273438,25.926000595092773,26.135000228881836,25.804000854492188,25.945999145507812,42374000
2018-06-06,21.082618713378906,26.351999282836914,26.378000259399414,25.97100067138672,26.073999404907227,37465000
2018-06-07,21.175424575805664,26.468000411987305,26.648000717163086,26.29199981689453,26.299999237060547,46077000
2018-06-08,20.638595581054688,25.797000885009766,25.993000030517578,25.374000549316406,25.673999786376953,73694000
2018-06-11,20.86741065979004,26.08300018310547,26.18000030517578,25.631999969482422,25.785999298095703,31859000
2018-06-12,20.915416717529297,26.14299964904785,26.17300033569336,25.84000015258789,26.033000946044922,27594000
2018-06-13,21.08741569519043,26.357999801635742,26.60700035095215,26.070999145507812,26.176000595092773,34868000
2018-06-14,21.47784423828125,26.84600067138672,26.906999588012695,26.40999984741211,26.5,37042000
2018-06-15,21.61944580078125,27.023000717163086,27.180999755859375,26.632999420166016,27.003999710083008,60969000
2018-06-18,21.161026000976562,26.450000762939453,26.899999618530273,26.42300033569336,26.899999618530273,30191000
2018-06-19,21.156970977783203,26.094999313354492,26.113000869750977,25.415000915527344,25.600000381469727,36221000
2018-06-20,21.178855895996094,26.121999740600586,26.402000427246094,26.073999404907227,26.149999618530273,24951000
2018-06-21,21.051570892333984,25.96500015258789,26.256999969482422,25.8439998626709,26.158000946044922,18186000
2018-06-22,21.056432723999023,25.97100067138672,26.149999618530273,25.895999908447266,26.118000030517578,52412000
2018-06-25,20.465389251708984,25.242000579833984,25.642000198364258,25.042999267578125,25.642000198364258,29705000
2018-06-26,20.394044876098633,25.15399932861328,25.461000442504883,25.05500030517578,25.299999237060547,24233000
2018-06-27,20.034870147705078,24.711000442504883,25.516000747680664,24.684999465942383,25.208999633789062,24720000
2018-06-28,19.855690002441406,24.489999771118164,24.73200035095215,24.226999282836914,24.628000259399414,33238000
2018-06-29,19.67245101928711,24.263999938964844,24.69499969482422,24.256999969482422,24.69499969482422,42794000
2018-07-02,19.624618530273438,24.204999923706055,24.222000122070312,23.742000579833984,24.009000778198242,33369000
2018-07-03,19.400848388671875,23.929000854492188,24.339000701904297,23.899999618530273,24.336000442504883,11591000
2018-07-05,19.896228790283203,24.540000915527344,24.56100082397461,24.06800079345703,24.179000854492188,25299000
2018-07-06,20.081083297729492,24.76799964904785,24.860000610351562,24.441999435424805,24.489999771118164,23112000
2018-07-09,20.06081199645996,24.743000030517578,24.92300033569336,24.55299949645996,24.899999618530273,17955000
2018-07-10,20.314584732055664,25.055999755859375,25.18000030517578,24.704999923706055,24.833999633789062,16413000
2018-07-11,19.737316131591797,24.3439998626709,24.753999710083008,24.26099967956543,24.4950008392334,35761000
2018-07-12,17.024492263793945,20.99799919128418,21.027999877929688,19.746000289916992,20.70800018310547,435083000
2018-07-13,16.414794921875,20.246000289916992,21.399999618530273,20.190000534057617,21.25,161678000
2018-07-16,16.478845596313477,20.325000762939453,20.63800048828125,20.05299949645996,20.15999984741211,102277000
2018-07-17,16.88909149169922,20.83099937438965,20.909000396728516,20.201000213623047,20.22100067138672,110827000
2018-07-18,16.927200317382812,20.878000259399414,20.988000869750977,20.663000106811523,20.722000122070312,80834000
2018-07-19,17.05611228942871,21.03700065612793,21.148000717163086,20.804000854492188,20.82900047302246,63247000
2018-07-20,17.052867889404297,21.033000946044922,21.121000289916992,20.875999450683594,21.010000228881836,62893000
2018-07-23,17.570953369140625,21.672000885009766,21.86400032043457,21.040000915527344,21.041000366210938,82211000
2018-07-24,17.621212005615234,21.733999252319336,22.038999557495117,21.600000381469727,21.780000686645508,81158000
2018-07-25,18.320911407470703,22.597000122070312,22.864999771118164,21.770999908447266,21.770999908447266,92271000
2018-07-26,18.094701766967773,22.31800079345703,22.976999282836914,22.156999588012695,22.649999618530273,85069000
2018-07-27,17.922008514404297,22.104999542236328,22.929000854492188,22.006999969482422,22.400999069213867,79443000
2018-07-30,18.257667541503906,22.518999099731445,22.802000045776367,22.104999542236328,22.111000061035156,75275000
2018-07-31,17.980384826660156,22.177000045776367,22.884000778198242,22.15399932861328,22.667999267578125,63860000
2018-08-01,17.577430725097656,21.68000030517578,22.393999099731445,21.6200008392334,22.326000213623047,42669000
2018-08-02,17.54094886779785,21.635000228881836,21.826000213623047,21.325000762939453,21.427000045776367,40312000
2018-08-03,17.659320831298828,21.7810001373291,21.799999237060547,21.440000534057617,21.575000762939453,24832000
2018-08-06,17.58959197998047,21.69499969482422,21.83099937438965,21.586000442504883,21.663000106811523,22638000
2018-08-07,17.86201286315918,22.0310001373291,22.18400001525879,21.714000701904297,21.922000885009766,29798000
2018-08-08,17.79309844970703,21.945999145507812,22.12299919128418,21.895000457763672,22.054000854492188,15801000
2018-08-09,17.55959129333496,21.658000946044922,22.024999618530273,21.5939998626709,22.014999389648438,27563000
2018-08-10,17.206912994384766,21.222999572753906,21.447999954223633,21.04599952697754,21.2810001373291,37017000
2018-08-13,17.113679885864258,21.107999801635742,21.398000717163086,21.045000076293945,21.165000915527344,29842000
2018-08-14,16.807207107543945,20.729999542236328,21.158000946044922,20.68400001525879,21.158000946044922,36327000
2018-08-15,16.748830795288086,20.658000946044922,20.757999420166016,20.277000427246094,20.51300048828125,41132000
2018-08-16,16.919902801513672,20.868999481201172,20.88599967956543,20.66900062561035,20.777000427246094,29239000
2018-08-17,16.96692657470703,20.927000045776367,21.118999481201172,20.551000595092773,20.797000885009766,39093000
2018-08-20,16.76017951965332,20.672000885009766,21.0,20.586000442504883,20.947999954223633,54489000
2018-08-21,17.067461013793945,21.051000595092773,21.143999099731445,20.711000442504883,20.75200080871582,29952000
2018-08-22,16.82666015625,20.753999710083008,21.17099952697754,20.743000030517578,21.045000076293945,26890000
2018-08-23,16.668560028076172,20.55900001525879,20.908000946044922,20.527999877929688,20.773000717163086,35578000
2018-08-24,16.945035934448242,20.899999618530273,20.927000045776367,20.468000411987305,20.635000228881836,20541000
2018-08-27,17.26691246032715,21.297000885009766,21.437000274658203,20.863000869750977,21.024999618530273,28213000
2018-08-28,17.38528060913086,21.44300079345703,21.59600067138672,21.256999969482422,21.46299934387207,24340000
2018-08-29,17.430686950683594,21.499000549316406,21.579999923706055,21.344999313354492,21.481000900268555,18125000
2018-08-30,17.56527328491211,21.665000915527344,21.694000244140625,21.461000442504883,21.496999740600586,26529000
2018-08-31,17.758235931396484,21.902999877929688,21.93199920654297,21.584999084472656,21.60300064086914,27623000
2018-09-04,17.790668487548828,21.94300079345703,22.02899932861328,21.71299934387207,21.858999252319336,36663000
2018-09-05,17.952014923095703,22.142000198364258,22.18000030517578,21.95800018310547,21.9950008392334,37194000
2018-09-06,17.510143280029297,21.597000122070312,22.281999588012695,21.392000198364258,22.149999618530273,62509000
2018-09-07,18.856826782226562,23.257999420166016,23.541000366210938,22.399999618530273,22.420000076293945,104703000
2018-09-10,19.50787353515625,24.06100082397461,24.094999313354492,23.204999923706055,23.465999603271484,60880000
2018-09-11,18.854389190673828,23.2549991607666,23.969999313354492,23.040000915527344,23.770000457763672,60755000
2018-09-12,18.63872528076172,22.98900032043457,23.084999084472656,22.283000946044922,22.809999465942383,53077000
2018-09-13,19.087080001831055,23.54199981689453,23.922000885009766,23.11199951171875,23.368999481201172,43757000
2018-09-14,19.16167640686035,23.634000778198242,23.708999633789062,23.368999481201172,23.516000747680664,28095000
2018-09-17,19.03925323486328,23.482999801635742,24.030000686645508,23.430999755859375,24.0,36739000
2018-09-18,19.582456588745117,23.972999572753906,24.139999389648438,23.48699951171875,23.5,50511000
2018-09-19,19.750722885131836,24.179000854492188,24.249000549316406,23.976999282836914,24.047000885009766,31160000
2018-09-20,20.007219314575195,24.493000030517578,24.604000091552734,24.172000885009766,24.298999786376953,39986000
2018-09-21,20.26616096496582,24.809999465942383,24.87700080871582,24.51799964904785,24.632999420166016,135321000
2018-09-24,20.376436233520508,24.94499969482422,25.010000228881836,24.731000900268555,24.80500030517578,45326000
2018-09-25,20.229402542114258,24.764999389648438,24.934999465942383,24.579999923706055,24.898000717163086,47037000
2018-09-26,20.04806137084961,24.542999267578125,24.80500030517578,24.479999542236328,24.56399917602539,33428000
2018-09-27,20.131385803222656,24.645000457763672,24.788000106811523,24.490999221801758,24.569000244140625,29572000
2018-09-28,20.154253005981445,24.67300033569336,24.69700050354004,24.385000228881836,24.554000854492188,26739000
2018-10-01,20.381345748901367,24.951000213623047,25.214000701904297,24.767000198364258,24.788000106811523,27709000
2018-10-02,20.26616096496582,24.809999465942383,25.17099952697754,24.79199981689453,24.913999557495117,24888000
2018-10-03,20.37398910522461,24.941999435424805,25.132999420166016,24.70400047302246,24.881000518798828,19607000
2018-10-04,20.271881103515625,24.816999435424805,24.972999572753906,24.6200008392334,24.666000366210938,25660000
2018-10-05,19.950040817260742,24.42300033569336,25.0049991607666,24.239999771118164,24.839000701904297,33860000
2018-10-08,19.716411590576172,24.136999130249023,24.54199981689453,24.038000106811523,24.33099937438965,33397000
2018-10-09,19.988431930541992,24.469999313354492,24.572999954223633,24.03700065612793,24.05900001525879,24675000
2018-10-10,18.937145233154297,23.183000564575195,24.506999969482422,23.163999557495117,24.292999267578125,56327000
2018-10-11,18.69780158996582,22.889999389648438,23.559999465942383,22.7189998626709,23.19700050354004,37424000
2018-10-12,19.028627395629883,23.295000076293945,23.566999435424805,22.910999298095703,23.47599983215332,32589000
2018-10-15,18.989416122436523,23.246999740600586,23.533000946044922,23.003999710083008,23.10300064086914,30099000
2018-10-16,19.467281341552734,23.832000732421875,23.875999450683594,23.417999267578125,23.600000381469727,30355000
2018-10-17,19.373342514038086,23.716999053955078,23.974000930786133,23.392000198364258,23.974000930786133,20262000
2018-10-18,18.625919342041016,22.802000045776367,23.68199920654297,22.652999877929688,23.542999267578125,37442000
2018-10-19,18.64716148376465,22.827999114990234,23.108999252319336,22.69300079345703,23.0,32231000
2018-10-22,18.674928665161133,22.86199951171875,23.243000030517578,22.804000854492188,23.055999755859375,25619000
2018-10-23,18.710052490234375,22.905000686645508,22.95400047302246,21.881999969482422,22.2810001373291,35990000
2018-10-24,17.865428924560547,21.871000289916992,22.641000747680664,21.784000396728516,22.639999389648438,37810000
2018-10-25,18.153776168823242,22.224000930786133,22.339000701904297,21.915000915527344,21.988000869750977,35193000
2018-10-26,17.411251068115234,21.315000534057617,21.733999252319336,20.920000076293945,21.55699920654297,53324000
2018-10-29,17.276470184326172,21.149999618530273,21.868999481201172,20.822999954223633,21.618999481201172,28636000
2018-10-30,18.053300857543945,22.10099983215332,22.1560001373291,21.100000381469727,21.378000259399414,29697000
2018-10-31,18.25588607788086,22.349000930786133,22.566999435424805,22.17099952697754,22.5,28146000
2018-11-01,18.777856826782227,22.988000869750977,23.42300033569336,22.371999740600586,22.516000747680664,36830000
2018-11-02,18.033700942993164,22.07699966430664,22.597000122070312,21.774999618530273,22.533000946044922,40241000
2018-11-05,17.978153228759766,22.009000778198242,22.110000610351562,21.371000289916992,21.902000427246094,27609000
2018-11-06,18.64470863342285,22.825000762939453,22.916000366210938,21.972000122070312,22.030000686645508,29464000
2018-11-07,19.147077560424805,23.440000534057617,23.52899932861328,22.92099952697754,23.198999404907227,29004000
2018-11-08,19.62493324279785,24.024999618530273,24.261999130249023,23.270999908447266,23.270999908447266,29796000
2018-11-09,19.522008895874023,23.89900016784668,23.902000427246094,23.253999710083008,23.5,33611000
2018-11-12,18.267316818237305,22.363000869750977,23.187000274658203,22.027999877929688,23.100000381469727,50306000
2018-11-13,18.365339279174805,22.482999801635742,22.98200035095215,22.23200035095215,22.548999786376953,26697000
2018-11-14,18.477251052856445,22.6200008392334,23.05299949645996,22.562000274658203,22.676000595092773,25411000
2018-11-15,19.3055419921875,23.634000778198242,23.930999755859375,22.586000442504883,22.621999740600586,36694000
2018-11-16,19.409282684326172,23.76099967956543,23.920000076293945,23.165000915527344,23.381999969482422,36005000
2018-11-19,18.716594696044922,22.913000106811523,24.107999801635742,22.854000091552734,23.652999877929688,35326000
2018-11-20,18.600597381591797,22.770999908447266,22.908000946044922,22.257999420166016,22.393999099731445,32123000
2018-11-21,18.787656784057617,23.0,23.33099937438965,22.750999450683594,23.02199935913086,19926000
2018-11-23,18.77948760986328,22.989999771118164,23.268999099731445,22.757999420166016,22.757999420166016,8066000
2018-11-26,19.22140121459961,23.5310001373291,23.815000534057617,23.155000686645508,23.422000885009766,28714000
2018-11-27,19.26388168334961,23.58300018310547,23.836999893188477,23.242000579833984,23.357999801635742,30406000
2018-11-28,19.21405029296875,23.52199935913086,23.799999237060547,23.16200065612793,23.649999618530273,31080000
2018-11-29,19.259794235229492,23.577999114990234,23.863000869750977,23.275999069213867,23.427000045776367,17920000
2018-11-30,19.3929500579834,23.740999221801758,23.827999114990234,23.339000701904297,23.540000915527344,40083000
2018-12-03,19.773597717285156,24.207000732421875,24.70400047302246,24.14699935913086,24.520000457763672,35241000
2018-12-04,18.954294204711914,23.20400047302246,24.113000869750977,23.158000946044922,24.048999786376953,36455000
2018-12-06,18.562206268310547,22.724000930786133,22.725000381469727,21.76099967956543,22.624000549316406,57859000
2018-12-07,18.670026779174805,22.856000900268555,23.827999114990234,22.450000762939453,23.405000686645508,78396000
2018-12-10,19.543245315551758,23.924999237060547,24.031999588012695,22.650999069213867,22.795000076293945,43344000
2018-12-11,20.16324234008789,24.68400001525879,25.034000396728516,24.341999053955078,24.34600067138672,57730000
2018-12-12,20.828161239624023,25.49799919128418,26.018999099731445,25.200000762939453,25.243999481201172,68703000
2018-12-13,21.09935188293457,25.829999923706055,26.149999618530273,25.45800018310547,25.84600067138672,54355000
2018-12-14,20.81590461730957,25.482999801635742,26.159000396728516,25.46299934387207,25.535999298095703,42727000
2018-12-17,20.75872802734375,25.413000106811523,26.131999969482422,25.308000564575195,25.39900016784668,56238000
2018-12-18,20.609312057495117,24.966999053955078,25.55900001525879,24.881000518798828,25.507999420166016,51849000
2018-12-19,20.132200241088867,24.388999938964844,25.593000411987305,24.25200080871582,24.899999618530273,59728000
2018-12-20,19.967103958129883,24.18899917602539,24.850000381469727,23.844999313354492,24.440000534057617,75365000
2018-12-21,20.216394424438477,24.490999221801758,25.173999786376953,24.18899917602539,24.18899917602539,102138000
2018-12-24,19.299306869506836,23.3799991607666,24.3700008392334,23.35099983215332,24.200000762939453,28494000
2018-12-26,20.483022689819336,24.81399917602539,24.850000381469727,23.350000381469727,23.777999877929688,36741000
2018-12-27,20.706716537475586,25.084999084472656,25.12299919128418,24.214000701904297,24.5,37507000
2018-12-28,20.932897567749023,25.358999252319336,25.805999755859375,25.115999221801758,25.299999237060547,28702000
2018-12-31,20.989852905273438,25.42799949645996,25.850000381469727,25.094999313354492,25.783000946044922,26590000
2019-01-02,20.926294326782227,25.35099983215332,25.469999313354492,24.64900016784668,24.885000228881836,30346000
2019-01-03,19.06487464904785,23.09600067138672,24.65399932861328,23.033000946044922,24.45599937438965,68580000
2019-01-04,19.25225830078125,23.322999954223633,23.645000457763672,23.16699981689453,23.429000854492188,54248000
2019-01-07,19.64434814453125,23.79800033569336,24.02400016784668,23.076000213623047,23.364999771118164,53433000
2019-01-08,19.486690521240234,23.60700035095215,24.190000534057617,23.336999893188477,24.01099967956543,36795000
2019-01-09,20.329484939575195,24.628000259399414,24.667999267578125,23.78499984741211,23.841999053955078,52971000
2019-01-10,20.596935272216797,24.95199966430664,25.05699920654297,24.43600082397461,24.55699920654297,29594000
2019-01-11,20.683603286743164,25.05699920654297,25.29199981689453,24.93199920654297,24.94300079345703,20158000
2019-01-14,20.7083683013916,25.086999893188477,25.158000946044922,24.59000015258789,24.81100082397461,25498000
2019-01-15,21.172279357910156,25.64900016784668,26.222000122070312,25.201000213623047,25.275999069213867,39247000
2019-01-16,20.776885986328125,25.170000076293945,25.735000610351562,25.13599967956543,25.719999313354492,24484000
2019-01-17,21.07652473449707,25.533000946044922,25.735000610351562,24.871999740600586,25.006000518798828,35154000
2019-01-18,21.52971076965332,26.082000732421875,26.194000244140625,25.700000762939453,25.913000106811523,34634000
2019-01-22,21.320865631103516,25.82900047302246,25.945999145507812,25.489999771118164,25.799999237060547,37156000
2019-01-23,21.257305145263672,25.75200080871582,26.090999603271484,25.364999771118164,25.95400047302246,31771000
2019-01-24,21.755056381225586,26.354999542236328,26.674999237060547,26.0,26.108999252319336,35999000
2019-01-25,22.1174373626709,26.79400062561035,26.83099937438965,26.090999603271484,26.517000198364258,30333000
2019-01-28,22.09102439880371,26.761999130249023,26.885000228881836,25.864999771118164,26.1560001373291,31320000
2019-01-29,21.98370933532715,26.631999969482422,26.760000228881836,26.382999420166016,26.735000610351562,27870000
2019-01-30,22.355173110961914,27.082000732421875,27.375,26.73699951171875,27.0,28727000
2019-01-31,22.14303207397461,26.825000762939453,27.100000381469727,26.635000228881836,27.055999755859375,21063000
2019-02-01,22.024158477783203,26.680999755859375,26.959999084472656,26.48900032043457,26.915000915527344,22878000
2019-02-04,22.462478637695312,27.211999893188477,27.214000701904297,26.4950008392334,26.75,20761000
2019-02-05,22.2874813079834,27.0,27.46299934387207,26.990999221801758,27.195999145507812,22619000
2019-02-06,22.800098419189453,27.621000289916992,28.0,27.274999618530273,27.32699966430664,27064000
2019-02-07,22.212366104125977,26.909000396728516,27.457000732421875,26.6299991607666,27.285999298095703,28646000
2019-02-08,22.62261962890625,27.4060001373291,27.429000854492188,26.70599937438965,26.732999801635742,23903000
2019-02-11,22.759647369384766,27.57200050354004,27.600000381469727,27.327999114990234,27.440000534057617,18012000
2019-02-12,23.06258773803711,27.93899917602539,28.038999557495117,27.70599937438965,27.864999771118164,19809000
2019-02-13,23.221904754638672,28.131999969482422,28.215999603271484,27.797000885009766,28.0,19190000
2019-02-14,23.23676109313965,28.149999618530273,28.284000396728516,27.895000457763672,28.059999465942383,16015000
2019-02-15,23.272260665893555,28.19300079345703,28.409000396728516,27.878999710083008,28.409000396728516,17352000
2019-02-19,23.249975204467773,28.166000366210938,28.283000946044922,28.014999389648438,28.114999771118164,15152000
2019-02-20,23.39525032043457,28.341999053955078,28.663000106811523,28.22800064086914,28.325000762939453,16150000
2019-02-21,23.190536499023438,28.0939998626709,28.334999084472656,27.89299964904785,28.323999404907227,13254000
2019-02-22,22.824031829833984,27.649999618530273,28.0,27.465999603271484,27.9950008392334,27225000
2019-02-25,22.99738311767578,27.860000610351562,28.08300018310547,27.847999572753906,28.077999114990234,19245000
2019-02-26,22.70021629333496,27.5,27.801000595092773,27.44499969482422,27.792999267578125,27211000
2019-02-27,22.410476684570312,27.14900016784668,27.510000228881836,26.95800018310547,27.32200050354004,29146000
2019-02-28,22.729930877685547,27.535999298095703,27.570999145507812,26.863000869750977,26.996999740600586,31460000
2019-03-01,22.514480590820312,27.274999618530273,27.81599998474121,27.113000869750977,27.773000717163086,19035000
2019-03-04,22.691133499145508,27.48900032043457,27.658000946044922,27.086000442504883,27.5,17382000
2019-03-05,22.866132736206055,27.701000213623047,28.04400062561035,27.452999114990234,27.549999237060547,21699000
2019-03-06,22.3989200592041,27.135000228881836,27.69300079345703,27.04800033569336,27.666000366210938,19973000
2019-03-07,21.91684913635254,26.551000595092773,27.033000946044922,26.408000946044922,27.01799964904785,25411000
2019-03-08,21.807889938354492,26.41900062561035,26.47599983215332,25.920000076293945,26.1560001373291,22167000
2019-03-11,22.20988655090332,26.9060001373291,27.05500030517578,26.405000686645508,26.48900032043457,27161000
2019-03-12,22.256942749023438,26.96299934387207,27.003000259399414,26.427000045776367,26.97599983215332,23324000
2019-03-13,22.38736343383789,27.121000289916992,27.308000564575195,26.902000427246094,27.051000595092773,32089000
2019-03-14,22.138896942138672,26.81999969482422,27.22599983215332,26.788999557495117,27.208999633789062,43094000
2019-03-15,23.962343215942383,29.02899932861328,29.954999923706055,28.350000381469727,28.645999908447266,144066000
2019-03-18,24.25538444519043,29.384000778198242,29.697999954223633,29.020999908447266,29.023000717163086,56746000
2019-03-19,24.706907272338867,29.930999755859375,30.097999572753906,29.410999298095703,29.416000366210938,51556000
2019-03-20,24.23802947998047,29.10300064086914,29.899999618530273,29.02899932861328,29.799999237060547,41263000
2019-03-21,24.718564987182617,29.68000030517578,29.937000274658203,29.100000381469727,29.187999725341797,27379000
2019-03-22,24.372936248779297,29.264999389648438,29.643999099731445,29.139999389648438,29.591999053955078,23307000
2019-03-25,24.332134246826172,29.215999603271484,29.417999267578125,28.899999618530273,29.219999313354492,23878000
2019-03-26,24.73772621154785,29.702999114990234,29.94700050354004,29.42300033569336,29.437000274658203,28009000
2019-03-27,24.649444580078125,29.597000122070312,29.868000030517578,29.246000289916992,29.756999969482422,21862000
2019-03-28,24.907625198364258,29.906999588012695,30.329999923706055,29.566999435424805,29.711000442504883,33030000
2019-03-29,25.044212341308594,30.070999145507812,30.267000198364258,29.827999114990234,30.121999740600586,24493000
2019-04-01,25.46729278564453,30.57900047302246,30.674999237060547,29.975000381469727,30.31100082397461,27040000
2019-04-02,25.239093780517578,30.30500030517578,30.735000610351562,30.26099967956543,30.615999221801758,22857000
2019-04-03,25.33487319946289,30.420000076293945,30.739999771118164,30.18199920654297,30.621999740600586,22266000
2019-04-04,25.151647567749023,30.200000762939453,30.600000381469727,30.16699981689453,30.475000381469727,15228000
2019-04-05,25.341529846191406,30.42799949645996,30.444000244140625,30.18000030517578,30.399999618530273,18875000
2019-04-08,25.358190536499023,30.447999954223633,30.530000686645508,30.200000762939453,30.413999557495117,13899000
2019-04-09,25.27240753173828,30.344999313354492,30.410999298095703,30.02899932861328,30.257999420166016,11621000
2019-04-10,25.61054229736328,30.750999450683594,30.777000427246094,30.299999237060547,30.360000610351562,14992000
2019-04-11,25.768783569335938,30.94099998474121,31.018999099731445,30.62299919128418,30.815000534057617,16669000
2019-04-12,26.403396606445312,31.702999114990234,31.743999481201172,31.05699920654297,31.135000228881836,30087000
2019-04-15,26.350927352905273,31.639999389648438,31.75200080871582,31.316999435424805,31.702999114990234,16216000
2019-04-16,26.525819778442383,31.850000381469727,32.000999450683594,31.610000610351562,32.0,21116000
2019-04-17,26.694894790649414,32.053001403808594,32.09400177001953,31.784000396728516,32.02399826049805,18138000
2019-04-18,26.535818099975586,31.86199951171875,32.244998931884766,31.81599998474121,32.104000091552734,26548000
2019-04-22,26.234333038330078,31.5,31.788999557495117,31.420000076293945,31.73200035095215,13504000
2019-04-23,26.287633895874023,31.56399917602539,31.80900001525879,31.41900062561035,31.676000595092773,19777000
2019-04-24,26.17853355407715,31.433000564575195,31.701000213623047,31.319000244140625,31.45800018310547,23335000
2019-04-25,25.969491958618164,31.18199920654297,31.295000076293945,30.656999588012695,31.295000076293945,26732000
2019-04-26,25.852052688598633,31.041000366210938,31.094999313354492,30.51099967956543,30.915000915527344,16404000
2019-04-29,26.044443130493164,31.27199935913086,31.466999053955078,31.04400062561035,31.124000549316406,13404000
2019-04-30,26.51749610900879,31.84000015258789,31.841999053955078,31.253000259399414,31.332000732421875,18953000
2019-05-01,26.55913734436035,31.889999389648438,32.31999969482422,31.868999481201172,32.04999923706055,18158000
2019-05-02,26.30262565612793,31.582000732421875,32.21900177001953,31.42300033569336,31.99799919128418,20428000
2019-05-03,26.29346466064453,31.570999145507812,31.665000915527344,31.069000244140625,31.4950008392334,19214000
2019-05-06,25.948667526245117,31.156999588012695,31.19300079345703,30.53499984741211,30.679000854492188,14371000
2019-05-07,25.59221649169922,30.729000091552734,30.961999893188477,30.37299919128418,30.864999771118164,21734000
2019-05-08,25.267406463623047,30.339000701904297,30.766000747680664,30.31100082397461,30.530000686645508,15099000
2019-05-09,25.323209762573242,30.4060001373291,30.584999084472656,29.684999465942383,30.0,22282000
2019-05-10,25.314878463745117,30.395999908447266,30.540000915527344,29.666000366210938,30.322999954223633,21025000
2019-05-13,24.433740615844727,29.33799934387207,29.56800079345703,28.81999969482422,29.381999969482422,37864000
2019-05-14,25.151647567749023,30.200000762939453,30.459999084472656,29.54800033569336,29.569000244140625,34277000
2019-05-15,25.349027633666992,30.437000274658203,30.777000427246094,29.861000061035156,30.027000427246094,18166000
2019-05-16,24.759382247924805,29.729000091552734,30.309999465942383,29.469999313354492,29.975000381469727,34233000
2019-05-17,24.143083572387695,28.98900032043457,29.35700035095215,28.840999603271484,29.277999877929688,39094000
2019-05-20,22.702274322509766,27.259000778198242,27.9950008392334,26.86400032043457,27.799999237060547,65162000
2019-05-21,22.93047523498535,27.533000946044922,27.97800064086914,27.46500015258789,27.708999633789062,25060000
2019-05-22,22.42160987854004,26.922000885009766,27.506000518798828,26.89699935913086,27.04800033569336,31809000
2019-05-23,21.661230087280273,26.009000778198242,26.548999786376953,25.816999435424805,26.45800018310547,46607000
2019-05-24,21.315603256225586,25.5939998626709,26.573999404907227,25.573999404907227,26.270000457763672,27963000
2019-05-28,21.194011688232422,25.447999954223633,25.773000717163086,25.009000778198242,25.656999588012695,61965000
2019-05-29,21.164026260375977,25.41200065612793,25.636999130249023,25.158000946044922,25.27400016784668,28132000
2019-05-30,21.372238159179688,25.66200065612793,25.733999252319336,25.41200065612793,25.465999603271484,17310000
2019-05-31,20.957487106323242,25.163999557495117,25.573999404907227,25.100000381469727,25.304000854492188,22192000
2019-06-03,21.085739135742188,25.31800079345703,25.83300018310547,25.1200008392334,25.2549991607666,28911000
2019-06-04,22.128450393676758,26.56999969482422,26.600000381469727,25.576000213623047,25.695999145507812,36805000
2019-06-05,22.130117416381836,26.57200050354004,27.150999069213867,26.239999771118164,26.900999069213867,23651000
2019-06-06,22.71893310546875,27.27899932861328,27.5,26.527999877929688,26.70199966430664,32687000
2019-06-07,22.89215850830078,27.48699951171875,27.78700065612793,27.327999114990234,27.47800064086914,25963000
2019-06-10,23.33689308166504,28.020999908447266,28.476999282836914,27.672000885009766,27.67300033569336,23280000
2019-06-11,23.609230041503906,28.347999572753906,29.174999237060547,27.94099998474121,29.048999786376953,37105000
2019-06-12,23.296920776367188,27.972999572753906,28.31599998474121,27.740999221801758,28.16699981689453,27057000
2019-06-13,23.4534912109375,28.160999298095703,28.288999557495117,27.740999221801758,28.152000427246094,37735000
2019-06-14,22.147605895996094,26.593000411987305,26.80900001525879,25.746999740600586,25.81100082397461,100797000
2019-06-17,22.150938034057617,26.597000122070312,26.8700008392334,26.134000778198242,26.483999252319336,35785000
2019-06-18,23.156999588012695,27.80500030517578,28.302000045776367,26.645999908447266,26.815000534057617,54920000
2019-06-19,23.110368728637695,27.749000549316406,27.906999588012695,27.371000289916992,27.878000259399414,28920000
2019-06-20,23.240285873413086,27.905000686645508,28.545000076293945,27.715999603271484,28.250999450683594,57291000
2019-06-21,23.037647247314453,27.39900016784668,28.100000381469727,27.395999908447266,27.660999298095703,45399000
2019-06-24,23.47571563720703,27.920000076293945,27.94499969482422,27.5,27.552000045776367,20506000
2019-06-25,23.249534606933594,27.650999069213867,28.288000106811523,27.601999282836914,27.916000366210938,24436000
2019-06-26,23.664064407348633,28.143999099731445,28.402999877929688,27.809999465942383,27.857999801635742,24774000
2019-06-27,24.023096084594727,28.570999145507812,28.844999313354492,28.222999572753906,28.292999267578125,21813000
2019-06-28,24.203868865966797,28.785999298095703,28.93000030517578,28.48200035095215,28.785999298095703,49265000
2019-07-01,25.254053115844727,30.03499984741211,30.575000762939453,29.632999420166016,30.167999267578125,44832000
2019-07-02,24.83196449279785,29.533000946044922,30.066999435424805,29.389999389648438,29.88800048828125,19011000
2019-07-03,23.954143524169922,28.48900032043457,28.878000259399414,28.302000045776367,28.3700008392334,49411000
2019-07-05,23.766645431518555,28.266000747680664,28.54400062561035,28.19700050354004,28.364999771118164,24565000
2019-07-08,23.119211196899414,27.496000289916992,28.118999481201172,27.43899917602539,28.0,34291000
2019-07-09,23.167133331298828,27.55299949645996,27.597999572753906,27.240999221801758,27.344999313354492,26131000
2019-07-10,23.080533981323242,27.450000762939453,27.8799991607666,27.399999618530273,27.785999298095703,30134000
2019-07-11,23.211698532104492,27.606000900268555,27.7450008392334,27.295000076293945,27.52400016784668,20712000
2019-07-12,23.99618911743164,28.538999557495117,28.593000411987305,27.63800048828125,27.63800048828125,21971000
2019-07-15,24.24422836303711,28.833999633789062,29.448999404907227,28.726999282836914,29.110000610351562,30334000
2019-07-16,23.890241622924805,28.413000106811523,28.77899932861328,28.23900032043457,28.698999404907227,14617000
2019-07-17,23.97011947631836,28.507999420166016,28.729000091552734,28.319000244140625,28.555999755859375,15453000
2019-07-18,24.36530876159668,28.97800064086914,29.030000686645508,28.3799991607666,28.618000030517578,19357000
2019-07-19,24.38380241394043,29.0,29.31599998474121,28.952999114990234,29.183000564575195,22047000
2019-07-22,24.900909423828125,29.614999771118164,29.999000549316406,29.224000930786133,29.299999237060547,33905000
2019-07-23,25.29020881652832,30.077999114990234,30.236000061035156,29.92099952697754,29.950000762939453,19692000
2019-07-24,25.5416202545166,30.37700080871582,30.488000869750977,30.049999237060547,30.1200008392334,19006000
2019-07-25,25.257415771484375,30.038999557495117,30.21299934387207,29.940000534057617,30.21299934387207,15741000
2019-07-26,25.30198097229004,30.091999053955078,30.302000045776367,30.05299949645996,30.159000396728516,14996000
2019-07-29,25.37092399597168,30.173999786376953,30.2549991607666,29.695999145507812,30.12299919128418,12068000
2019-07-30,25.18762969970703,29.95599937438965,30.093000411987305,29.709999084472656,29.909000396728516,11164000
2019-07-31,24.382965087890625,28.999000549316406,30.08300018310547,28.66699981689453,30.003000259399414,20819000
2019-08-01,23.991979598999023,28.534000396728516,29.781999588012695,28.23200035095215,28.913000106811523,21911000
2019-08-02,23.419384002685547,27.85300064086914,28.384000778198242,27.590999603271484,28.207000732421875,20080000
2019-08-05,22.505409240722656,26.766000747680664,27.224000930786133,26.408000946044922,27.19499969482422,27765000
2019-08-06,22.402828216552734,26.643999099731445,27.218000411987305,26.45599937438965,27.01300048828125,22199000
2019-08-07,22.70636558532715,27.0049991607666,27.27199935913086,26.299999237060547,26.402999877929688,22244000
2019-08-08,22.784563064575195,27.097999572753906,27.256000518798828,26.25,27.038000106811523,29163000
2019-08-09,23.1839542388916,27.572999954223633,28.05500030517578,26.95800018310547,26.95800018310547,30735000
2019-08-12,23.176382064819336,27.56399917602539,27.820999145507812,27.253999710083008,27.33799934387207,20040000
2019-08-13,23.85409164428711,28.3700008392334,28.549999237060547,27.202999114990234,27.530000686645508,22340000
2019-08-14,22.833330154418945,27.1560001373291,28.014999389648438,27.038000106811523,27.878999710083008,27108000
2019-08-15,22.587810516357422,26.86400032043457,27.277999877929688,26.485000610351562,27.200000762939453,20010000
2019-08-16,23.019990921020508,27.378000259399414,27.575000762939453,27.197999954223633,27.21500015258789,17458000
2019-08-19,23.440401077270508,27.878000259399414,28.006999969482422,27.56100082397461,27.950000762939453,17489000
2019-08-20,23.5740909576416,28.03700065612793,28.496000289916992,27.701000213623047,27.81599998474121,17920000
2019-08-21,24.173599243164062,28.75,28.826000213623047,28.405000686645508,28.464000701904297,19381000
2019-08-22,24.18368148803711,28.761999130249023,28.94099998474121,28.454999923706055,28.839000701904297,12294000
2019-08-23,22.881254196166992,27.21299934387207,28.54800033569336,27.104999542236328,28.39900016784668,25742000
2019-08-26,23.309226989746094,27.722000122070312,27.795000076293945,27.5,27.69499969482422,14249000
2019-08-27,23.17049789428711,27.55699920654297,28.02199935913086,27.490999221801758,27.915000915527344,14298000
2019-08-28,23.211698532104492,27.606000900268555,27.641000747680664,27.047000885009766,27.433000564575195,17202000
2019-08-29,23.82634162902832,28.336999893188477,28.548999786376953,28.104999542236328,28.14900016784668,16429000
2019-08-30,23.764957427978516,28.263999938964844,28.59000015258789,27.989999771118164,28.535999298095703,16720000
2019-09-03,23.042694091796875,27.405000686645508,28.084999084472656,27.093000411987305,28.0,22210000
2019-09-04,23.796907424926758,28.302000045776367,28.434999465942383,27.81999969482422,27.878999710083008,19865000
2019-09-05,24.469566345214844,29.101999282836914,29.368000030517578,28.836000442504883,28.836000442504883,20938000
2019-09-06,24.544401168823242,29.19099998474121,29.329999923706055,28.93000030517578,29.184999465942383,13748000
2019-09-09,24.603260040283203,29.26099967956543,29.719999313354492,29.040000915527344,29.5,21686000
2019-09-10,24.75712776184082,29.444000244140625,29.44499969482422,28.881999969482422,29.135000228881836,20850000
2019-09-11,25.057300567626953,29.801000595092773,29.878000259399414,29.454999923706055,29.631999969482422,19260000
2019-09-12,25.273391723632812,30.058000564575195,30.232999801635742,29.64699935913086,30.14299964904785,33109000
2019-09-13,24.410709381103516,29.031999588012695,29.798999786376953,28.388999938964844,29.764999389648438,62557000
2019-09-16,24.271135330200195,28.865999221801758,29.027000427246094,28.56999969482422,28.68000030517578,22176000
2019-09-17,24.285425186157227,28.882999420166016,28.93000030517578,28.375,28.802000045776367,21912000
2019-09-18,24.19378089904785,28.77400016784668,29.076000213623047,28.38800048828125,28.849000930786133,16510000
2019-09-19,24.43761444091797,29.06399917602539,29.19499969482422,28.722999572753906,28.850000381469727,19421000
2019-09-20,24.12110710144043,28.426000595092773,28.84000015258789,28.18199920654297,28.767000198364258,35524000
2019-09-23,24.222932815551758,28.54599952697754,28.715999603271484,28.20800018310547,28.36199951171875,14850000
2019-09-24,23.95563507080078,28.231000900268555,28.889999389648438,27.975000381469727,28.73200035095215,20292000
2019-09-25,23.400676727294922,27.57699966430664,27.72100067138672,27.0,27.174999237060547,55588000
2019-09-26,23.497413635253906,27.69099998474121,27.865999221801758,27.26799964904785,27.525999069213867,27477000
2019-09-27,23.262359619140625,27.413999557495117,28.128000259399414,27.29599952697754,27.663000106811523,28660000
2019-09-30,23.42613410949707,27.60700035095215,27.672000885009766,27.25,27.57900047302246,19826000
2019-10-01,23.322612762451172,27.485000610351562,27.96500015258789,27.33799934387207,27.82699966430664,19429000
2019-10-02,22.917003631591797,27.006999969482422,27.3799991607666,26.832000732421875,27.34600067138672,19543000
2019-10-03,23.286975860595703,27.44300079345703,27.450000762939453,26.722000122070312,27.0,17096000
2019-10-04,23.88096046447754,28.14299964904785,28.170000076293945,27.520000457763672,27.849000930786133,25884000
2019-10-07,23.426984786987305,27.607999801635742,28.101999282836914,27.56999969482422,28.000999450683594,18658000
2019-10-08,22.93906593322754,27.033000946044922,27.489999771118164,26.891000747680664,27.4060001373291,22757000
2019-10-09,23.17835807800293,27.315000534057617,27.490999221801758,27.20199966430664,27.368000030517578,16329000
2019-10-10,23.288665771484375,27.44499969482422,27.878000259399414,27.364999771118164,27.45599937438965,17340000
2019-10-11,23.83683967590332,28.090999603271484,28.408000946044922,27.909000396728516,27.948999404907227,23697000
2019-10-14,23.900476455688477,28.166000366210938,28.264999389648438,27.988000869750977,28.04199981689453,13312000
2019-10-15,24.635326385498047,29.031999588012695,29.062000274658203,28.219999313354492,28.263999938964844,21230000
2019-10-16,24.479190826416016,28.847999572753906,29.010000228881836,28.65399932861328,28.899999618530273,20046000
2019-10-17,24.55980682373047,28.94300079345703,29.17099952697754,28.832000732421875,29.013999938964844,13125000
2019-10-18,24.33069610595703,28.67300033569336,28.993999481201172,28.399999618530273,28.950000762939453,16981000
2019-10-21,24.571687698364258,28.957000732421875,29.190000534057617,28.70599937438965,28.8439998626709,13031000
2019-10-22,24.392641067504883,28.746000289916992,29.086000442504883,28.724000930786133,28.958999633789062,13046000
2019-10-23,23.78676986694336,28.031999588012695,28.354000091552734,27.875999450683594,28.29599952697754,20957000
2019-10-24,23.95563507080078,28.231000900268555,28.350000381469727,27.8700008392334,28.288999557495117,16896000
2019-10-25,24.592899322509766,28.98200035095215,29.136999130249023,28.32200050354004,28.326000213623047,20869000
2019-10-28,24.739702224731445,29.155000686645508,29.24799919128418,28.832000732421875,29.115999221801758,12999000
2019-10-29,24.452043533325195,28.81599998474121,29.3700008392334,28.80699920654297,29.22800064086914,13272000
2019-10-30,24.628538131713867,29.02400016784668,29.097000122070312,28.652000427246094,29.000999450683594,17281000
2019-10-31,24.85001564025879,29.28499984741211,29.408000946044922,28.780000686645508,28.979999542236328,27881000
2019-11-01,25.167377471923828,29.659000396728516,29.659000396728516,29.208999633789062,29.298999786376953,21234000
2019-11-04,25.881011962890625,30.5,30.54599952697754,29.90999984741211,29.95199966430664,34075000
2019-11-05,26.648107528686523,31.40399932861328,31.67799949645996,30.44700050354004,30.5,38711000
2019-11-06,26.573436737060547,31.31599998474121,31.42799949645996,30.871000289916992,31.20599937438965,18076000
2019-11-07,26.45294189453125,31.173999786376953,31.950000762939453,31.065000534057617,31.558000564575195,23981000
2019-11-08,26.594650268554688,31.340999603271484,31.360000610351562,30.51300048828125,30.98699951171875,17830000
2019-11-11,26.53864860534668,31.274999618530273,31.323999404907227,31.083999633789062,31.1200008392334,9154000
2019-11-12,26.774545669555664,31.55299949645996,31.639999389648438,31.326000213623047,31.399999618530273,16875000
2019-11-13,26.616714477539062,31.367000579833984,31.570999145507812,31.200000762939453,31.24799919128418,12625000
2019-11-14,26.2178897857666,30.89699935913086,31.18400001525879,30.611000061035156,31.075000762939453,17268000
2019-11-15,26.552223205566406,31.291000366210938,31.305999755859375,31.007999420166016,31.226999282836914,18120000
2019-11-18,26.396089553833008,31.10700035095215,31.340999603271484,30.80299949645996,31.18199920654297,15850000
2019-11-19,26.958681106567383,31.770000457763672,32.56700134277344,31.665000915527344,31.665000915527344,31743000
2019-11-20,26.446996688842773,31.16699981689453,31.683000564575195,30.899999618530273,31.59000015258789,19927000
2019-11-21,26.750782012939453,31.524999618530273,31.56999969482422,30.979999542236328,31.11400032043457,19317000
2019-11-22,26.722774505615234,31.492000579833984,31.947999954223633,31.371000289916992,31.663999557495117,13216000
2019-11-25,27.121604919433594,31.961999893188477,32.018001556396484,31.62700080871582,31.660999298095703,19636000
2019-11-26,26.83733558654785,31.62700080871582,32.018001556396484,31.604999542236328,31.899999618530273,30793000
2019-11-27,27.021472930908203,31.8439998626709,31.993999481201172,31.64699935913086,31.79400062561035,20182000
2019-11-29,26.832244873046875,31.621000289916992,31.77899932861328,31.5,31.684999465942383,9229000
2019-12-02,26.366384506225586,31.07200050354004,31.792999267578125,31.055999755859375,31.77199935913086,23158000
2019-12-03,26.009994506835938,30.652000427246094,30.899999618530273,30.312999725341797,30.582000732421875,18736000
2019-12-04,26.281532287597656,30.972000122070312,31.136999130249023,30.71299934387207,30.975000381469727,14439000
2019-12-05,26.406267166137695,31.118999481201172,31.246000289916992,30.9060001373291,31.05900001525879,15494000
2019-12-06,26.818666458129883,31.604999542236328,31.634000778198242,31.20599937438965,31.464000701904297,16937000
2019-12-09,26.676959991455078,31.437999725341797,31.71500015258789,31.393999099731445,31.600000381469727,24694000
2019-12-10,26.734661102294922,31.506000518798828,31.590999603271484,31.325000762939453,31.510000228881836,14563000
2019-12-11,27.130088806152344,31.972000122070312,32.1349983215332,31.51799964904785,31.51799964904785,20829000
2019-12-12,27.81572151184082,32.779998779296875,33.01599884033203,31.94300079345703,31.972999572753906,38935000
2019-12-13,26.765209197998047,31.54199981689453,31.976999282836914,31.062000274658203,31.805999755859375,70952000
2019-12-16,27.419443130493164,32.3129997253418,32.7599983215332,31.753000259399414,31.797000885009766,37921000
2019-12-17,27.476303100585938,32.380001068115234,32.494998931884766,32.17499923706055,32.374000549316406,20248000
2019-12-18,27.78517723083496,32.74399948120117,33.119998931884766,32.35499954223633,32.439998626708984,35155000
2019-12-19,27.501760482788086,32.40999984741211,32.92599868774414,32.37099838256836,32.92100143432617,31787000
2019-12-20,27.343185424804688,31.899999618530273,32.24700164794922,31.69099998474121,32.24700164794922,50540000
2019-12-23,27.38861083984375,31.952999114990234,32.233001708984375,31.76099967956543,32.05400085449219,20254000
2019-12-24,27.471755981445312,32.04999923706055,32.06800079345703,31.900999069213867,32.0,7024000
2019-12-26,27.255754470825195,31.79800033569336,32.17399978637695,31.68199920654297,32.12699890136719,15848000
2019-12-27,27.131471633911133,31.652999877929688,31.934999465942383,31.52199935913086,31.93000030517578,14487000
2019-12-30,26.86832046508789,31.34600067138672,31.732999801635742,31.274999618530273,31.652000427246094,13104000
2019-12-31,27.087753295898438,31.601999282836914,31.63599967956543,31.280000686645508,31.312000274658203,12487000
2020-01-02,27.633756637573242,32.23899841308594,32.25,31.73200035095215,31.93199920654297,20329000
2020-01-03,26.930896759033203,31.41900062561035,32.0,31.408000946044922,31.750999450683594,22870000
2020-01-06,26.890607833862305,31.371999740600586,31.392000198364258,30.96299934387207,31.084999084472656,20789000
2020-01-07,26.798030853271484,31.263999938964844,31.658000946044922,31.225000381469727,31.524999618530273,18565000
2020-01-08,26.4637451171875,30.874000549316406,31.349000930786133,30.840999603271484,31.29800033569336,31979000
2020-01-09,26.25116729736328,30.625999450683594,31.298999786376953,30.30500030517578,31.23200035095215,42397000
2020-01-10,25.647737503051758,29.922000885009766,30.55500030517578,29.8799991607666,30.545000076293945,40705000
2020-01-13,25.81573486328125,30.118000030517578,30.3799991607666,29.966999053955078,30.00200080871582,22054000
2020-01-14,26.41574478149414,30.81800079345703,30.915000915527344,30.159000396728516,30.200000762939453,28911000
2020-01-15,25.983736038208008,30.31399917602539,30.788000106811523,30.06999969482422,30.731000900268555,22733000
2020-01-16,26.31888771057129,30.704999923706055,30.785999298095703,30.42099952697754,30.5,21508000
2020-01-17,26.468027114868164,30.878999710083008,30.893999099731445,30.406999588012695,30.865999221801758,26896000
2020-01-21,26.406312942504883,30.80699920654297,30.951000213623047,30.632999420166016,30.780000686645508,21967000
2020-01-22,26.82632064819336,31.297000885009766,31.79199981689453,31.049999237060547,31.079999923706055,29264000
2020-01-23,27.39889907836914,31.96500015258789,31.979999542236328,31.082000732421875,31.51799964904785,30266000
2020-01-24,27.77176284790039,32.400001525878906,33.15800094604492,32.07699966430664,33.04999923706055,55782000
2020-01-27,26.488605499267578,30.902999877929688,31.988000869750977,30.86400032043457,31.641000747680664,38843000
2020-01-28,27.284042358398438,31.83099937438965,31.92300033569336,31.277000427246094,31.35300064086914,23166000
2020-01-29,27.21546173095703,31.750999450683594,32.542999267578125,31.714000701904297,32.082000732421875,23668000
2020-01-30,27.01746368408203,31.520000457763672,31.552000045776367,30.858999252319336,31.43199920654297,21128000
2020-01-31,26.156885147094727,30.516000747680664,31.45800018310547,30.36199951171875,31.416000366210938,22123000
2020-02-03,26.162885665893555,30.523000717163086,30.65999984741211,30.36400032043457,30.562999725341797,21288000
2020-02-04,26.708892822265625,31.15999984741211,31.457000732421875,30.96500015258789,31.179000854492188,22559000
2020-02-05,27.204326629638672,31.738000869750977,31.981000900268555,31.586000442504883,31.75,24825000
2020-02-06,27.402324676513672,31.9689998626709,31.988000869750977,31.42300033569336,31.884000778198242,22683000
2020-02-07,27.02004051208496,31.523000717163086,31.851999282836914,31.48699951171875,31.832000732421875,15883000
2020-02-10,26.93174934387207,31.420000076293945,31.459999084472656,31.030000686645508,31.23699951171875,19218000
2020-02-11,27.442611694335938,32.01599884033203,32.07899856567383,31.60099983215332,31.665000915527344,15527000
2020-02-12,27.831762313842773,32.470001220703125,32.50899887084961,32.16299819946289,32.20399856567383,15310000
2020-02-13,27.769187927246094,32.39699935913086,32.54600143432617,32.095001220703125,32.14799880981445,13857000
2020-02-14,27.237756729125977,31.777000427246094,32.56999969482422,31.709999084472656,32.48400115966797,19137000
2020-02-18,26.636035919189453,31.075000762939453,31.500999450683594,30.80500030517578,31.5,26693000
2020-02-19,27.059465408325195,31.569000244140625,31.683000564575195,31.170000076293945,31.299999237060547,20525000
2020-02-20,26.506601333618164,30.923999786376953,31.569000244140625,30.61199951171875,31.395999908447266,25521000
2020-02-21,26.100313186645508,30.450000762939453,30.94499969482422,30.229000091552734,30.850000381469727,24522000
2020-02-24,24.994583129882812,29.15999984741211,29.8799991607666,29.006000518798828,29.420000076293945,36849000
2020-02-25,24.23000144958496,28.26799964904785,29.572999954223633,28.10700035095215,29.410999298095703,31892000
2020-02-26,24.50429344177246,28.58799934387207,28.81999969482422,28.399999618530273,28.434999465942383,23074000
2020-02-27,23.481714248657227,27.395000457763672,28.5310001373291,27.354000091552734,28.030000686645508,34837000
2020-02-28,23.367708206176758,27.261999130249023,27.413000106811523,26.27400016784668,26.33300018310547,44586000
2020-03-02,24.42629051208496,28.496999740600586,28.540000915527344,27.114999771118164,27.676000595092773,31976000
2020-03-03,23.507423400878906,27.424999237060547,28.847999572753906,27.156999588012695,28.46500015258789,29930000
2020-03-04,24.467432022094727,28.545000076293945,28.57200050354004,27.476999282836914,27.753999710083008,23477000
2020-03-05,23.489421844482422,27.40399932861328,28.30900001525879,27.2450008392334,27.72599983215332,24374000
2020-03-06,23.095993041992188,26.94499969482422,27.093000411987305,26.25,26.697999954223633,30169000
2020-03-09,21.233396530151367,24.77199935913086,26.027000427246094,24.424999237060547,25.107999801635742,43934000
2020-03-10,22.534561157226562,26.290000915527344,26.368000030517578,24.34000015258789,25.659000396728516,55071000
2020-03-11,21.083391189575195,24.597000122070312,25.64900016784668,24.249000549316406,25.38800048828125,36030000
2020-03-12,18.752792358398438,21.878000259399414,24.275999069213867,21.631999969482422,22.698999404907227,64281000
2020-03-13,20.076242446899414,23.422000885009766,23.44700050354004,20.115999221801758,22.551000595092773,84714000
2020-03-16,16.078475952148438,18.757999420166016,21.8799991607666,18.023000717163086,20.81800079345703,76935000
2020-03-17,17.101062774658203,19.951000213623047,20.000999450683594,18.148000717163086,19.18199920654297,70662000
2020-03-18,14.389029502868652,16.78700065612793,18.74799919128418,15.567000389099121,18.56599998474121,98993000
2020-03-19,16.66734504699707,19.44499969482422,20.746999740600586,16.5,16.763999938964844,74438000
2020-03-20,16.756256103515625,19.222000122070312,20.868000030517578,18.791000366210938,20.200000762939453,74044000
2020-03-23,16.865224838256836,19.347000122070312,19.597000122070312,17.774999618530273,19.288000106811523,46921000
2020-03-24,18.546775817871094,21.275999069213867,21.871000289916992,20.128999710083008,20.56399917602539,62970000
2020-03-25,18.964330673217773,21.7549991607666,24.399999618530273,20.922000885009766,21.2189998626709,64442000
2020-03-26,21.197683334350586,24.316999435424805,24.479999542236328,22.60300064086914,22.60300064086914,60213000
2020-03-27,20.109769821166992,23.069000244140625,24.208999633789062,23.0,23.299999237060547,39448000
2020-03-30,20.930940628051758,24.01099967956543,24.13599967956543,22.8439998626709,23.219999313354492,52343000
2020-03-31,20.668550491333008,23.709999084472656,25.270999908447266,23.606000900268555,23.799999237060547,50191000
2020-04-01,19.494335174560547,22.363000869750977,23.44099998474121,21.968000411987305,22.798999786376953,41858000
2020-04-02,20.665061950683594,23.70599937438965,23.795000076293945,22.145000457763672,22.239999771118164,45049000
2020-04-03,20.42098045349121,23.426000595092773,24.2549991607666,23.05500030517578,23.663999557495117,28960000
2020-04-06,22.005769729614258,25.243999481201172,25.340999603271484,24.356000900268555,24.45800018310547,38868000
2020-04-07,22.078125,25.32699966430664,26.549999237060547,25.253000259399414,26.18400001525879,45892000
2020-04-08,22.760684967041016,26.110000610351562,26.219999313354492,25.36400032043457,25.677000045776367,27565000
2020-04-09,22.16791343688965,25.43000030517578,26.75,25.131000518798828,26.57900047302246,34828000
2020-04-13,22.657825469970703,25.992000579833984,26.152000427246094,25.280000686645508,25.350000381469727,25729000
2020-04-14,23.329919815063477,26.76300048828125,26.83799934387207,26.23200035095215,26.61199951171875,23094000
2020-04-15,22.44163703918457,25.743999481201172,26.23200035095215,25.615999221801758,26.100000381469727,25926000
2020-04-16,22.51573371887207,25.82900047302246,26.176000595092773,25.410999298095703,26.176000595092773,26896000
2020-04-17,23.177371978759766,26.58799934387207,26.743000030517578,25.893999099731445,26.32200050354004,34089000
2020-04-20,22.514856338500977,25.827999114990234,26.525999069213867,25.791000366210938,26.0,23801000
2020-04-21,21.588220596313477,24.764999389648438,25.479000091552734,24.68000030517578,25.45599937438965,29138000
2020-04-22,22.662179946899414,25.996999740600586,26.222000122070312,25.073999404907227,25.476999282836914,35438000
2020-04-23,22.571521759033203,25.89299964904785,26.520000457763672,25.851999282836914,26.024999618530273,21659000
2020-04-24,23.084095001220703,26.481000900268555,26.506999969482422,25.88800048828125,25.981000900268555,23373000
2020-04-27,23.401399612426758,26.844999313354492,27.121999740600586,26.434999465942383,26.434999465942383,16588000
2020-04-28,23.07712173461914,26.472999572753906,27.641000747680664,26.41200065612793,27.423999786376953,18988000
2020-04-29,24.061296463012695,27.601999282836914,27.698999404907227,26.92300033569336,27.107999801635742,28871000
2020-04-30,23.67774200439453,27.16200065612793,27.405000686645508,26.8799991607666,27.35300064086914,23379000
2020-05-01,22.638647079467773,25.969999313354492,26.78499984741211,25.81999969482422,26.600000381469727,26836000
2020-05-04,22.861801147460938,26.22599983215332,26.243000030517578,25.531999588012695,25.92099952697754,17046000
2020-05-05,23.08932113647461,26.48699951171875,26.893999099731445,26.371000289916992,26.655000686645508,26462000
2020-05-06,23.029176712036133,26.417999267578125,27.04800033569336,26.36199951171875,26.83300018310547,22727000
2020-05-07,23.340383529663086,26.774999618530273,27.047000885009766,26.600000381469727,27.0,18238000
2020-05-08,23.974992752075195,27.503000259399414,27.55500030517578,27.003000259399414,27.219999313354492,16757000
2020-05-11,24.00724983215332,27.540000915527344,27.673999786376953,27.174999237060547,27.336999893188477,20851000
2020-05-12,23.401399612426758,26.844999313354492,27.77199935913086,26.82200050354004,27.658000946044922,18764000
2020-05-13,22.939395904541016,26.315000534057617,27.033000946044922,25.93600082397461,27.006999969482422,21927000
2020-05-14,23.240135192871094,26.65999984741211,26.69499969482422,25.475000381469727,26.09600067138672,19912000
2020-05-15,22.700536727905273,26.041000366210938,26.4060001373291,25.677000045776367,25.941999435424805,21650000
2020-05-18,23.844236373901367,27.35300064086914,27.67300033569336,26.799999237060547,26.86199951171875,26531000
2020-05-19,23.706504821777344,27.19499969482422,27.60300064086914,27.160999298095703,27.35300064086914,18702000
2020-05-20,24.293180465698242,27.868000030517578,28.131000518798828,27.607999801635742,27.69700050354004,18605000
2020-05-21,23.95494842529297,27.479999542236328,27.950000762939453,27.46500015258789,27.892000198364258,14847000
2020-05-22,24.116212844848633,27.665000915527344,27.725000381469727,27.051000595092773,27.374000549316406,17452000
2020-05-26,24.584331512451172,28.20199966430664,28.708999633789062,28.138999938964844,28.5,23573000
2020-05-27,25.069875717163086,28.759000778198242,28.780000686645508,28.0,28.302000045776367,22812000
2020-05-28,24.681964874267578,28.31399917602539,28.93000030517578,28.243000030517578,28.5,18543000
2020-05-29,25.390670776367188,29.12700080871582,29.200000762939453,28.19099998474121,28.290000915527344,27300000
2020-06-01,25.279090881347656,28.999000549316406,29.110000610351562,28.73699951171875,29.04199981689453,18444000
2020-06-02,25.98257064819336,29.805999755859375,29.832000732421875,29.009000778198242,29.10300064086914,31847000
2020-06-03,26.982440948486328,30.952999114990234,31.084999084472656,30.051000595092773,30.104999542236328,31926000
2020-06-04,26.926651000976562,30.888999938964844,31.299999237060547,30.209999084472656,30.575000762939453,34997000
2020-06-05,27.640588760375977,31.70800018310547,32.81100082397461,31.509000778198242,31.969999313354492,50958000
2020-06-08,27.678945541381836,31.75200080871582,31.884000778198242,31.336000442504883,31.75,23916000
2020-06-09,27.487167358398438,31.531999588012695,31.88800048828125,31.156999588012695,31.200000762939453,22335000
2020-06-10,27.46275520324707,31.503999710083008,31.92099952697754,31.469999313354492,31.665000915527344,25914000
2020-06-11,25.606857299804688,29.375,30.854999542236328,29.34000015258789,30.761999130249023,45115000
2020-06-12,26.173477172851562,30.024999618530273,30.395000457763672,29.273000717163086,30.281999588012695,39439000
2020-06-15,26.508220672607422,30.409000396728516,30.674999237060547,29.240999221801758,29.5,29824000
2020-06-16,27.086172103881836,31.07200050354004,31.454999923706055,30.399999618530273,31.0,30387000
2020-06-17,27.323278427124023,31.3439998626709,31.67099952697754,31.179000854492188,31.341999053955078,20279000
2020-06-18,27.782684326171875,31.871000289916992,31.91200065612793,31.152000427246094,31.211999893188477,33625000
2020-06-19,26.665071487426758,30.277000427246094,31.809999465942383,30.277000427246094,31.76799964904785,58465000
2020-06-22,27.613584518432617,31.354000091552734,31.417999267578125,30.35300064086914,30.549999237060547,27195000
2020-06-23,27.41630744934082,31.1299991607666,31.743999481201172,31.128999710083008,31.506000518798828,22419000
2020-06-24,27.034963607788086,30.69700050354004,31.097000122070312,30.451000213623047,30.920000076293945,19096000
2020-06-25,27.200532913208008,30.885000228881836,30.947999954223633,30.299999237060547,30.606000900268555,15029000
2020-06-26,27.073711395263672,30.740999221801758,31.577999114990234,30.315000534057617,31.35700035095215,31425000
2020-06-29,27.282440185546875,30.97800064086914,31.041000366210938,30.44499969482422,30.80699920654297,14516000
2020-06-30,27.795888900756836,31.56100082397461,31.707000732421875,30.674999237060547,30.9950008392334,25125000
2020-07-01,27.54224967956543,31.273000717163086,31.684999465942383,31.194000244140625,31.51099967956543,15661000
2020-07-02,27.78356170654297,31.547000885009766,31.937999725341797,31.465999603271484,31.774999618530273,16638000
2020-07-06,28.075950622558594,31.878999710083008,32.0989990234375,31.733999252319336,32.0,17561000
2020-07-07,27.576595306396484,31.312000274658203,31.81599998474121,31.2549991607666,31.733999252319336,16150000
2020-07-08,28.144649505615234,31.957000732421875,31.983999252319336,31.41200065612793,31.61400032043457,18023000
2020-07-09,28.314634323120117,32.150001525878906,32.43299865722656,31.524999618530273,32.000999450683594,25225000
2020-07-10,28.133195877075195,31.944000244140625,32.29899978637695,31.54400062561035,32.191001892089844,13280000
2020-07-13,27.417186737060547,31.131000518798828,32.35300064086914,31.058000564575195,32.167999267578125,21549000
2020-07-14,27.749217987060547,31.507999420166016,31.621999740600586,30.518999099731445,30.89900016784668,18363000
2020-07-15,27.634721755981445,31.378000259399414,31.777000427246094,31.017000198364258,31.594999313354492,15253000
2020-07-16,27.419830322265625,31.134000778198242,31.38800048828125,30.93000030517578,31.06100082397461,12929000
2020-07-17,27.54048728942871,31.270999908447266,31.520999908447266,31.0,31.415000915527344,13354000
2020-07-20,27.92975616455078,31.71299934387207,31.764999389648438,31.025999069213867,31.184999465942383,14323000
2020-07-21,27.684040069580078,31.43400001525879,31.92300033569336,31.267000198364258,31.92300033569336,14312000
2020-07-22,27.636484146118164,31.3799991607666,31.56800079345703,31.03700065612793,31.500999450683594,14404000
2020-07-23,27.272756576538086,30.966999053955078,31.608999252319336,30.83799934387207,31.336999893188477,19417000
2020-07-24,26.931039810180664,30.57900047302246,31.090999603271484,30.417999267578125,30.659000396728516,15631000
2020-07-27,27.537843704223633,31.26799964904785,31.29599952697754,30.749000549316406,30.829999923706055,20646000
2020-07-28,27.06843376159668,30.735000610351562,31.211000442504883,30.615999221801758,31.118000030517578,13974000
2020-07-29,27.200532913208008,30.885000228881836,31.12299919128418,30.743999481201172,30.85300064086914,16562000
2020-07-30,27.48676109313965,31.209999084472656,31.292999267578125,30.600000381469727,30.600000381469727,21259000
2020-07-31,27.89629554748535,31.674999237060547,31.84000015258789,31.139999389648438,31.469999313354492,24719000
2020-08-03,28.290849685668945,32.12300109863281,32.3489990234375,31.72800064086914,31.799999237060547,20796000
2020-08-04,28.921430587768555,32.8390007019043,32.85900115966797,32.03900146484375,32.04999923706055,25258000
2020-08-05,29.022708892822266,32.95399856567383,33.15800094604492,32.58000183105469,32.82500076293945,22299000
2020-08-06,28.989246368408203,32.91600036621094,33.0880012512207,32.54100036621094,32.777000427246094,14193000
2020-08-07,28.704776763916016,32.59299850463867,32.972999572753906,32.14799880981445,32.8390007019043,14192000
2020-08-10,28.830717086791992,32.736000061035156,32.926998138427734,32.40599822998047,32.422000885009766,11989000
2020-08-11,28.537443161010742,32.40299987792969,33.332000732421875,32.2760009765625,32.75699996948242,19316000
2020-08-12,29.383800506591797,33.36399841308594,33.5880012512207,32.5359992980957,32.584999084472656,18471000
2020-08-13,29.012149810791016,32.94200134277344,33.340999603271484,32.78499984741211,33.22100067138672,15095000
2020-08-14,28.87122917175293,32.78200149536133,32.98500061035156,32.599998474121094,32.801998138427734,10140000
2020-08-17,29.09140396118164,33.03200149536133,33.17900085449219,32.900001525878906,32.95100021362305,10594000
2020-08-18,28.94344711303711,32.86399841308594,33.31800079345703,32.81399917602539,33.18600082397461,8857000
2020-08-19,28.9936466217041,32.92100143432617,33.308998107910156,32.82400131225586,32.946998596191406,11273000
2020-08-20,28.960180282592773,32.882999420166016,32.999000549316406,32.60599899291992,32.76900100708008,8910000
2020-08-21,29.064983367919922,33.00199890136719,33.04600143432617,32.5,32.83000183105469,11508000
2020-08-24,29.415508270263672,33.400001525878906,33.61899948120117,33.11399841308594,33.20100021362305,11996000
2020-08-25,29.603975296020508,33.61399841308594,33.70899963378906,33.29999923706055,33.5,11140000
2020-08-26,29.91486358642578,33.96699905395508,34.1510009765625,33.35100173950195,33.4739990234375,14844000
2020-08-27,29.868186950683594,33.91400146484375,34.130001068115234,33.61399841308594,34.04899978637695,12552000
2020-08-28,30.36842155456543,34.481998443603516,34.481998443603516,33.77000045776367,33.900001525878906,14589000
2020-08-31,30.573631286621094,34.71500015258789,35.05799865722656,34.35200119018555,34.35200119018555,22229000
2020-09-01,31.664825439453125,35.95399856567383,36.207000732421875,34.742000579833984,35.0,29205000
2020-09-02,33.02727127075195,37.500999450683594,37.895999908447266,36.356998443603516,36.58599853515625,37053000
2020-09-03,31.00870132446289,35.20899963378906,36.88999938964844,35.01599884033203,36.60100173950195,41795000
2020-09-04,31.96514129638672,36.29499816894531,37.25299835205078,35.349998474121094,36.09700012207031,58514000
2020-09-08,30.8721866607666,35.05400085449219,36.275001525878906,35.0,35.26599884033203,26685000
2020-09-09,31.707969665527344,36.00299835205078,36.185001373291016,35.11000061035156,35.61600112915039,26273000
2020-09-10,31.448171615600586,35.70800018310547,36.78300094604492,35.43899917602539,36.2130012512207,22851000
2020-09-11,31.678918838500977,35.970001220703125,36.426998138427734,35.46799850463867,36.04999923706055,17362000
2020-09-14,31.899084091186523,36.220001220703125,36.5890007019043,35.935001373291016,36.441001892089844,16447000
2020-09-15,32.31389617919922,36.691001892089844,37.11199951171875,36.53499984741211,36.630001068115234,16618000
2020-09-16,32.325355529785156,36.70399856567383,37.20000076293945,36.6349983215332,36.81800079345703,18498000
2020-09-17,32.226707458496094,36.59199905395508,37.012001037597656,35.5,35.5,22862000
2020-09-18,31.681556701660156,35.972999572753906,36.784000396728516,35.505001068115234,36.71200180053711,35295000
2020-09-21,31.264741897583008,35.17900085449219,35.19599914550781,34.347999572753906,35.000999450683594,24198000
2020-09-22,32.13570022583008,36.159000396728516,36.18000030517578,35.29499816894531,35.637001037597656,19500000
2020-09-23,31.246963500976562,35.159000396728516,36.12099838256836,35.005001068115234,36.018001556396484,15542000
2020-09-24,31.32962417602539,35.25199890136719,35.75699996948242,34.909000396728516,35.02000045776367,13611000
2020-09-25,31.709991455078125,35.68000030517578,35.77199935913086,34.827999114990234,35.20500183105469,18183000
2020-09-28,32.64316177368164,36.72999954223633,36.84299850463867,35.90299987792969,36.167999267578125,22192000
2020-09-29,32.372989654541016,36.42599868774414,37.08000183105469,36.39899826049805,36.749000549316406,13722000
2020-09-30,32.37831115722656,36.43199920654297,37.099998474121094,36.17100143432617,36.29499816894531,22403000
2020-10-01,32.75871276855469,36.86000061035156,37.07099914550781,36.481998443603516,36.89799880981445,16016000
2020-10-02,31.71266746520996,35.68299865722656,36.492000579833984,35.6150016784668,36.0,17100000
2020-10-05,32.53651428222656,36.61000061035156,36.685001373291016,35.9900016784668,36.08399963378906,18923000
2020-10-06,32.348106384277344,36.39799880981445,37.20000076293945,36.20199966430664,36.611000061035156,16672000
2020-10-07,32.5933952331543,36.67399978637695,36.986000061035156,36.60599899291992,36.834999084472656,12747000
2020-10-08,33.17906951904297,37.33300018310547,37.42900085449219,36.83100128173828,36.98899841308594,17045000
2020-10-09,33.47856903076172,37.66999816894531,38.0,37.400001525878906,37.59299850463867,17253000
2020-10-12,33.98781967163086,38.24300003051758,38.5099983215332,37.979000091552734,38.17900085449219,18839000
2020-10-13,33.90427017211914,38.14899826049805,38.779998779296875,37.861000061035156,38.441001892089844,16731000
2020-10-14,33.798526763916016,38.029998779296875,38.374000549316406,37.78499984741211,38.354000091552734,17298000
2020-10-15,33.76563262939453,37.99300003051758,38.04899978637695,37.50199890136719,37.505001068115234,14361000
2020-10-16,33.65188217163086,37.8650016784668,38.327999114990234,37.814998626708984,38.327999114990234,10295000
2020-10-19,33.39591979980469,37.57699966430664,38.361000061035156,37.51499938964844,38.124000549316406,14803000
2020-10-20,33.50436019897461,37.69900131225586,38.11399841308594,37.555999755859375,37.70100021362305,13297000
2020-10-21,33.0653076171875,37.20500183105469,37.68600082397461,37.03099822998047,37.57699966430664,11896000
2020-10-22,33.18262481689453,37.33700180053711,37.430999755859375,36.71099853515625,37.108001708984375,13547000
2020-10-23,33.124855041503906,37.27199935913086,37.39400100708008,37.07600021362305,37.32600021362305,8868000
2020-10-26,32.26456832885742,36.30400085449219,36.99599838256836,35.76100158691406,36.959999084472656,15509000
2020-10-27,31.958839416503906,35.959999084472656,36.518001556396484,35.922000885009766,36.518001556396484,9620000
2020-10-28,30.857702255249023,34.72100067138672,35.486000061035156,34.553001403808594,35.400001525878906,22331000
2020-10-29,31.55091094970703,35.500999450683594,35.944000244140625,34.5369987487793,34.72600173950195,15697000
2020-10-30,31.072772979736328,34.9630012512207,35.29899978637695,34.44200134277344,34.93899917602539,18530000
2020-11-02,31.21674156188965,35.125,35.53900146484375,34.834999084472656,35.50400161743164,11757000
2020-11-03,31.439821243286133,35.375999450683594,35.92399978637695,34.66600036621094,35.595001220703125,15457000
2020-11-04,32.40587615966797,36.4630012512207,36.89799880981445,35.7140007019043,36.04800033569336,21277000
2020-11-05,33.84917449951172,38.08700180053711,38.26499938964844,37.20100021362305,37.236000061035156,21783000
2020-11-06,33.826961517333984,38.0620002746582,38.367000579833984,37.71699905395508,38.005001068115234,13545000
2020-11-09,33.37548065185547,37.55400085449219,39.388999938964844,37.500999450683594,38.90999984741211,24088000
2020-11-10,32.27256393432617,36.3129997253418,37.31999969482422,36.0359992980957,37.03200149536133,26784000
2020-11-11,33.40924835205078,37.59199905395508,37.7140007019043,36.85499954223633,37.08599853515625,15133000
2020-11-12,32.90089797973633,37.02000045776367,37.86000061035156,36.827999114990234,37.722999572753906,12160000
2020-11-13,33.194175720214844,37.349998474121094,37.733001708984375,37.15800094604492,37.5,10997000
2020-11-16,33.843849182128906,38.08100128173828,38.137001037597656,37.400001525878906,37.48099899291992,12100000
2020-11-17,33.82518768310547,38.060001373291016,38.24399948120117,37.702999114990234,37.86600112915039,11950000
2020-11-18,33.826961517333984,38.0620002746582,38.49399948120117,37.96200180053711,37.98899841308594,13517000
2020-11-19,34.156681060791016,38.43299865722656,38.48400115966797,37.435001373291016,37.77199935913086,14555000
2020-11-20,34.06780242919922,38.33300018310547,38.8849983215332,38.27000045776367,38.430999755859375,16140000
2020-11-23,34.39397048950195,38.70000076293945,38.915000915527344,38.29999923706055,38.5369987487793,12212000
2020-11-24,34.85877990722656,39.222999572753906,39.28099822998047,38.61800003051758,38.86199951171875,13455000
2020-11-25,34.73435592651367,39.08300018310547,39.54999923706055,38.900001525878906,39.284000396728516,11787000
2020-11-27,35.10051727294922,39.494998931884766,39.91699981689453,39.29999923706055,39.314998626708984,6846000
2020-11-30,35.68973922729492,40.15800094604492,40.215999603271484,39.27399826049805,39.402000427246094,15454000
2020-12-01,35.95547866821289,40.457000732421875,40.667999267578125,40.012001037597656,40.34600067138672,18181000
2020-12-02,35.88081741333008,40.37300109863281,40.54100036621094,40.111000061035156,40.4739990234375,10031000
2020-12-03,35.53154373168945,39.97999954223633,40.66400146484375,39.810001373291016,40.45000076293945,16120000
2020-12-04,36.58736801147461,41.167999267578125,41.2400016784668,40.23899841308594,40.2400016784668,20083000
2020-12-07,37.4058837890625,42.0890007019043,42.284000396728516,41.33399963378906,41.64099884033203,19707000
2020-12-08,37.629852294921875,42.340999603271484,42.66999816894531,41.816001892089844,41.928001403808594,18121000
2020-12-09,36.990848541259766,41.62200164794922,42.61000061035156,41.367000579833984,41.946998596191406,20908000
2020-12-10,36.44160842895508,41.00400161743164,41.525001525878906,40.80099868774414,41.14400100708008,26244000
2020-12-11,36.066566467285156,40.582000732421875,40.70000076293945,39.827999114990234,40.400001525878906,26664000
2020-12-14,36.598026275634766,41.18000030517578,41.43000030517578,40.599998474121094,40.65299987792969,26116000
2020-12-15,37.15436935424805,41.805999755859375,41.93899917602539,41.29899978637695,41.52799987792969,21207000
2020-12-16,37.76226806640625,42.4900016784668,42.71500015258789,41.69599914550781,41.79999923706055,23160000
2020-12-17,37.86892318725586,42.61000061035156,43.000999450683594,42.45500183105469,42.650001525878906,17152000
2020-12-18,38.94986343383789,43.45600128173828,43.564998626708984,42.20000076293945,42.47999954223633,45243000
2020-12-21,38.44075393676758,42.88800048828125,43.20000076293945,42.369998931884766,42.814998626708984,19096000
2020-12-22,38.81899642944336,43.310001373291016,43.35499954223633,42.79999923706055,42.88800048828125,17929000
2020-12-23,38.13422393798828,42.54600143432617,43.599998474121094,42.507999420166016,43.5,10533000
2020-12-24,38.6720085144043,43.145999908447266,43.20000076293945,42.75699996948242,42.8489990234375,4123000
2020-12-28,38.709651947021484,43.1879997253418,43.72700119018555,43.1150016784668,43.433998107910156,10625000
2020-12-29,38.45509338378906,42.90399932861328,43.58300018310547,42.67900085449219,43.58300018310547,9593000
2020-12-30,38.97406005859375,43.483001708984375,43.79999923706055,43.0099983215332,43.16699981689453,10553000
2020-12-31,39.24473571777344,43.78499984741211,43.849998474121094,43.30500030517578,43.63100051879883,10211000
2021-01-04,38.11271286010742,42.52199935913086,44.2239990234375,42.124000549316406,43.93299865722656,24171000
2021-01-05,38.37085723876953,42.810001373291016,42.93899917602539,42.2400016784668,42.505001068115234,15069000
2021-01-06,38.13422393798828,42.54600143432617,43.45800018310547,42.05400085449219,42.33000183105469,17226000
2021-01-07,39.741294860839844,44.3390007019043,44.45899963378906,43.060001373291016,43.20600128173828,21267000
2021-01-08,39.94296646118164,44.56399917602539,44.999000549316406,43.8650016784668,44.70000076293945,15271000
2021-01-11,39.95372009277344,44.57600021362305,44.87799835205078,44.04199981689453,44.06100082397461,11660000
2021-01-12,40.279083251953125,44.93899917602539,45.47600173950195,44.560001373291016,44.777000427246094,13846000
2021-01-13,40.442203521728516,45.12099838256836,45.3489990234375,44.81100082397461,45.029998779296875,13118000
2021-01-14,40.519283294677734,45.207000732421875,45.849998474121094,45.132999420166016,45.35100173950195,19692000
2021-01-15,39.96178436279297,44.584999084472656,45.0,44.066001892089844,44.81800079345703,18165000
2021-01-19,41.16462707519531,45.926998138427734,45.94900131225586,44.827999114990234,44.827999114990234,18819000
2021-01-20,41.39856719970703,46.1879997253418,46.57899856567383,45.5,45.95199966430664,14710000
2021-01-21,41.841346740722656,46.68199920654297,46.946998596191406,46.040000915527344,46.21099853515625,15749000
2021-01-22,41.68000411987305,46.50199890136719,46.755001068115234,46.237998962402344,46.37200164794922,16248000
2021-01-25,41.659393310546875,46.479000091552734,47.0,45.608001708984375,46.95600128173828,14692000
2021-01-26,41.576934814453125,46.387001037597656,46.702999114990234,46.1879997253418,46.26499938964844,10742000
2021-01-27,39.858707427978516,44.470001220703125,45.69599914550781,44.1510009765625,45.55400085449219,21857000
2021-01-28,40.48971939086914,45.17399978637695,45.847999572753906,44.702999114990234,45.553001403808594,16946000
2021-01-29,40.378570556640625,45.04999923706055,45.810001373291016,44.76300048828125,44.9900016784668,22069000
2021-02-01,41.834171295166016,46.67399978637695,46.93199920654297,45.35900115966797,45.584999084472656,17027000
2021-02-02,42.7430305480957,47.6879997253418,47.696998596191406,46.79999923706055,46.97600173950195,16141000
2021-02-03,41.695247650146484,46.51900100708008,47.85200119018555,46.45899963378906,47.69300079345703,17857000
2021-02-04,42.182838439941406,47.0629997253418,47.11600112915039,45.74800109863281,46.0,15243000
2021-02-05,41.768741607666016,46.60100173950195,47.69200134277344,46.5359992980957,47.43299865722656,12488000
2021-02-08,42.368370056152344,47.27000045776367,47.34199905395508,46.55799865722656,46.875,17610000
2021-02-09,42.54136657714844,47.4630012512207,47.51900100708008,46.86199951171875,47.20000076293945,12758000
2021-02-10,42.1308479309082,47.005001068115234,47.749000549316406,46.54899978637695,47.72100067138672,14587000
2021-02-11,42.87836837768555,47.8390007019043,47.935001373291016,46.91899871826172,47.36899948120117,17123000
2021-02-12,43.589134216308594,48.63199996948242,48.70199966430664,47.48899841308594,47.8380012512207,13551000
2021-02-16,43.841007232666016,48.91299819946289,49.47800064086914,48.70199966430664,49.0880012512207,15163000
2021-02-17,43.24495315551758,48.24800109863281,48.61199951171875,47.50600051879883,48.42300033569336,14084000
2021-02-18,43.31486892700195,48.32600021362305,48.54100036621094,47.51300048828125,48.02299880981445,16715000
2021-02-19,43.91539001464844,48.99599838256836,49.513999938964844,48.676998138427734,48.724998474121094,17992000
2021-02-22,42.69641876220703,47.63600158691406,48.6609992980957,47.53200149536133,48.400001525878906,16967000
2021-02-23,42.29666519165039,47.189998626708984,47.46200180053711,45.60599899291992,47.11399841308594,21303000
2021-02-24,43.10154724121094,48.0880012512207,48.14099884033203,46.26599884033203,46.768001556396484,15125000
2021-02-25,40.97551727294922,45.715999603271484,47.9379997253418,45.520999908447266,47.474998474121094,23148000
2021-02-26,42.11471939086914,46.98699951171875,47.57600021362305,46.07400131225586,46.75299835205078,22640000
2021-03-01,43.88133239746094,48.95800018310547,49.0,47.38600158691406,47.970001220703125,24677000
2021-03-02,43.068389892578125,48.05099868774414,49.08599853515625,47.959999084472656,49.0369987487793,18546000
2021-03-03,41.504337310791016,46.305999755859375,48.138999938964844,46.196998596191406,47.79999923706055,23991000
2021-03-04,39.75922393798828,44.35900115966797,46.70000076293945,44.143001556396484,46.16699981689453,34575000
2021-03-05,40.3463020324707,45.013999938964844,45.599998474121094,43.29999923706055,45.42499923706055,42414000
2021-03-08,37.756874084472656,42.125,44.79600143432617,41.92599868774414,44.68299865722656,45243000
2021-03-09,39.7601203918457,44.36000061035156,44.689998626708984,43.060001373291016,43.569000244140625,37884000
2021-03-10,39.221439361572266,43.75899887084961,45.40299987792969,43.5099983215332,44.73500061035156,19914000
2021-03-11,40.66448974609375,45.36899948120117,45.744998931884766,44.20899963378906,44.902000427246094,26170000
2021-03-12,40.438629150390625,45.117000579833984,45.3489990234375,44.45199966430664,44.5359992980957,18906000
2021-03-15,42.195377349853516,47.07699966430664,47.12300109863281,45.319000244140625,45.518001556396484,31241000
2021-03-16,42.85953903198242,47.81800079345703,48.400001525878906,46.74100112915039,47.12699890136719,31190000
2021-03-17,43.344444274902344,48.35900115966797,48.72700119018555,47.000999450683594,47.029998779296875,23754000
2021-03-18,41.60203170776367,46.415000915527344,48.334999084472656,46.375,47.45600128173828,28728000
2021-03-19,42.85853576660156,47.44599914550781,47.667999267578125,45.40999984741211,45.70500183105469,108602000
2021-03-22,42.93260192871094,47.52799987792969,48.12799835205078,47.16699981689453,47.29100036621094,31805000
2021-03-23,41.919090270996094,46.40599822998047,47.5369987487793,46.26499938964844,47.37799835205078,24712000
2021-03-24,41.30574417114258,45.72700119018555,46.999000549316406,45.6870002746582,46.94499969482422,20882000
2021-03-25,41.70590591430664,46.16999816894531,46.402000427246094,44.930999755859375,45.49599838256836,17537000
2021-03-26,43.543243408203125,48.20399856567383,48.29999923706055,45.66400146484375,45.66400146484375,28925000
2021-03-29,42.69233322143555,47.262001037597656,48.11600112915039,46.82699966430664,48.040000915527344,28410000
2021-03-30,41.205482482910156,45.61600112915039,46.400001525878906,45.1619987487793,46.38800048828125,27935000
2021-03-31,41.882957458496094,46.36600112915039,46.707000732421875,45.2400016784668,45.900001525878906,28684000
2021-04-01,42.993133544921875,47.595001220703125,47.65800094604492,46.91999816894531,47.207000732421875,23528000
2021-04-05,44.124977111816406,48.847999572753906,48.9640007019043,47.68199920654297,48.029998779296875,22966000
2021-04-06,43.708553314208984,48.387001037597656,48.821998596191406,47.77399826049805,48.3120002746582,18063000
2021-04-07,43.5811882019043,48.24599838256836,48.39099884033203,47.79999923706055,48.000999450683594,12074000
2021-04-08,43.853981018066406,48.54800033569336,48.79800033569336,48.012001037597656,48.79800033569336,18121000
2021-04-09,43.818756103515625,48.50899887084961,48.53099822998047,47.65399932861328,48.0,16614000
2021-04-12,43.690486907958984,48.367000579833984,48.54199981689453,47.86000061035156,48.19300079345703,23247000
2021-04-13,43.80701446533203,48.49599838256836,48.821998596191406,48.02899932861328,48.5,15281000
2021-04-14,43.11508560180664,47.72999954223633,48.91899871826172,47.51900100708008,48.24700164794922,18220000
2021-04-15,43.35896301269531,48.0,48.23099899291992,47.678001403808594,48.16400146484375,18370000
2021-04-16,43.249671936035156,47.87900161743164,48.178001403808594,47.678001403808594,48.04800033569336,16263000
2021-04-19,41.733009338378906,46.20000076293945,47.68000030517578,46.005001068115234,47.65299987792969,26319000
2021-04-20,41.30483627319336,45.72600173950195,46.202999114990234,45.45399856567383,46.000999450683594,19128000
2021-04-21,41.533382415771484,45.979000091552734,46.034000396728516,45.2599983215332,45.52199935913086,25947000
2021-04-22,41.11063003540039,45.51100158691406,46.11399841308594,44.900001525878906,45.5099983215332,27057000
2021-04-23,42.10607147216797,46.612998962402344,46.78499984741211,45.75,45.8489990234375,22890000
2021-04-26,42.622772216796875,47.185001373291016,47.382999420166016,46.356998443603516,46.70199966430664,18271000
2021-04-27,42.125953674316406,46.6349983215332,47.42599868774414,46.50600051879883,47.369998931884766,13267000
2021-04-28,41.480079650878906,45.91999816894531,46.59700012207031,45.60499954223633,46.5369987487793,15940000
2021-04-29,42.12053298950195,46.62900161743164,46.96900177001953,45.90299987792969,46.96900177001953,14650000
2021-04-30,41.2090950012207,45.619998931884766,46.073001861572266,45.38399887084961,45.97100067138672,19367000
2021-05-03,40.661678314208984,45.013999938964844,45.98400115966797,44.827999114990234,45.974998474121094,15098000
2021-05-04,40.15583038330078,44.45399856567383,44.77000045776367,43.73099899291992,44.72200012207031,23497000
2021-05-05,40.09169006347656,44.382999420166016,45.14400100708008,44.23699951171875,45.04100036621094,16388000
2021-05-06,40.52075958251953,44.858001708984375,44.909000396728516,43.98400115966797,44.380001068115234,13495000
2021-05-07,40.882083892822266,45.257999420166016,45.8380012512207,44.91999816894531,45.45899963378906,11712000
2021-05-10,39.393428802490234,43.61000061035156,44.85300064086914,43.57699966430664,44.8380012512207,25239000
2021-05-11,39.752052307128906,44.00699996948242,44.17599868774414,42.30500030517578,42.5,17887000
2021-05-12,38.154090881347656,42.237998962402344,43.08599853515625,41.91400146484375,42.92900085449219,29940000
2021-05-13,38.89661407470703,43.060001373291016,43.481998443603516,42.56399917602539,42.98899841308594,21841000
2021-05-14,39.89206314086914,44.1619987487793,44.512001037597656,43.20500183105469,43.638999938964844,16964000
2021-05-17,39.74030303955078,43.99399948120117,44.2140007019043,43.284000396728516,44.2140007019043,15725000
2021-05-18,39.18024826049805,43.374000549316406,44.444000244140625,43.327999114990234,44.391998291015625,17824000
2021-05-19,39.901100158691406,44.172000885009766,44.25,42.56999969482422,42.599998474121094,21369000
2021-05-20,41.100685119628906,45.5,45.93000030517578,44.53300094604492,44.57500076293945,21886000
2021-05-21,40.761043548583984,45.124000549316406,45.79899978637695,44.933998107910156,45.79899978637695,13216000
2021-05-24,41.47916793823242,45.91899871826172,46.24399948120117,45.63600158691406,45.69200134277344,14420000
2021-05-25,41.51079177856445,45.95399856567383,46.29600143432617,45.650001525878906,46.189998626708984,9600000
2021-05-26,41.59660720825195,46.04899978637695,46.209999084472656,45.553001403808594,46.07699966430664,9873000
2021-05-27,42.24609375,46.768001556396484,46.84400177001953,45.96500015258789,46.0,19098000
2021-05-28,42.6661262512207,47.233001708984375,47.46200180053711,46.768001556396484,47.0,19946000
2021-06-01,42.303001403808594,46.83100128173828,47.79999923706055,46.720001220703125,47.54399871826172,16277000
2021-06-02,42.7925910949707,47.37300109863281,47.77000045776367,46.946998596191406,47.18299865722656,13286000
2021-06-03,41.98593521118164,46.47999954223633,46.97600173950195,46.32600021362305,46.880001068115234,20389000
2021-06-04,42.907318115234375,47.5,47.84000015258789,46.95199966430664,47.04999923706055,23865000
2021-06-07,41.893802642822266,46.37799835205078,47.448001861572266,46.24700164794922,47.29999923706055,24142000
2021-06-08,41.871219635009766,46.35300064086914,47.23899841308594,46.35100173950195,46.80500030517578,16615000
2021-06-09,41.9073486328125,46.393001556396484,46.71900177001953,46.172000885009766,46.71900177001953,12126000
2021-06-10,42.33551788330078,46.867000579833984,46.95399856567383,46.020999908447266,46.54999923706055,15413000
2021-06-11,42.51888656616211,47.06999969482422,47.2130012512207,46.71500015258789,46.84400177001953,14508000
2021-06-14,42.98229217529297,47.58300018310547,47.59000015258789,46.60599899291992,47.04899978637695,14675000
2021-06-15,42.52251434326172,47.07400131225586,47.65700149536133,46.85499954223633,47.65599822998047,11131000
2021-06-16,42.07174301147461,46.57500076293945,47.11199951171875,46.14799880981445,47.027000427246094,20437000
2021-06-17,42.561336517333984,47.117000579833984,47.52399826049805,46.39400100708008,46.487998962402344,20881000
2021-06-18,41.868507385253906,46.349998474121094,46.97600173950195,46.05099868774414,46.72700119018555,28537000
2021-06-21,42.29729080200195,46.46099853515625,46.53799819946289,45.84400177001953,46.117000579833984,18591000
2021-06-22,42.28273010253906,46.44499969482422,46.858001708984375,46.13199996948242,46.65800094604492,13722000
2021-06-23,42.483924865722656,46.66600036621094,46.78799819946289,46.30400085449219,46.38600158691406,17674000
2021-06-24,42.79345703125,47.00600051879883,47.3650016784668,46.86000061035156,46.98899841308594,12502000
2021-06-25,42.07789993286133,46.220001220703125,47.244998931884766,46.0,47.1349983215332,19100000
2021-06-28,43.042903900146484,47.279998779296875,47.62900161743164,46.55099868774414,46.599998474121094,13987000
2021-06-29,43.438907623291016,47.71500015258789,47.73099899291992,47.07400131225586,47.23699951171875,14184000
2021-06-30,43.41067886352539,47.683998107910156,47.85900115966797,47.25299835205078,47.8129997253418,15381000
2021-07-01,42.75522232055664,46.9640007019043,47.784000396728516,46.893001556396484,47.784000396728516,11153000
2021-07-02,42.62139129638672,46.81700134277344,47.858001708984375,45.57099914550781,47.676998138427734,37054000
2021-07-06,43.08658981323242,47.327999114990234,47.67499923706055,46.83000183105469,47.040000915527344,13870000
2021-07-07,42.74610900878906,46.95399856567383,47.5359992980957,46.637001037597656,47.5,12581000
2021-07-08,42.8335075378418,47.04999923706055,47.108001708984375,46.15599822998047,46.44200134277344,16011000
2021-07-09,43.714759826660156,48.018001556396484,48.0880012512207,46.803001403808594,46.957000732421875,16782000
2021-07-12,44.22184753417969,48.57500076293945,49.402000427246094,47.32600021362305,48.13199996948242,33142000
2021-07-13,44.063438415527344,48.4010009765625,48.75299835205078,48.20000076293945,48.53300094604492,11806000
2021-07-14,43.84311294555664,48.159000396728516,49.20000076293945,48.07500076293945,48.91999816894531,14020000
2021-07-15,43.456214904785156,47.73400115966797,48.44499969482422,47.3120002746582,48.327999114990234,12624000
2021-07-16,42.612281799316406,46.80699920654297,48.02799987792969,46.72600173950195,47.90599822998047,13980000
2021-07-19,42.39379119873047,46.56700134277344,46.59700012207031,45.75899887084961,46.347999572753906,14938000
2021-07-20,42.659629821777344,46.85900115966797,47.224998474121094,46.32699966430664,46.78900146484375,20727000
2021-07-21,43.609161376953125,47.902000427246094,47.928001403808594,46.849998474121094,46.9630012512207,13660000
2021-07-22,43.36426544189453,47.632999420166016,47.89899826049805,47.45100021362305,47.65999984741211,12583000
2021-07-23,43.98514175415039,48.314998626708984,48.358001708984375,47.68299865722656,48.00299835205078,13489000
2021-07-26,43.90229797363281,48.2239990234375,48.36199951171875,47.96799850463867,48.215999603271484,11160000
2021-07-27,43.27595901489258,47.5359992980957,48.180999755859375,46.779998779296875,48.07600021362305,14715000
2021-07-28,43.48442840576172,47.76499938964844,47.90800094604492,47.43199920654297,47.66999816894531,8359000
2021-07-29,44.072540283203125,48.4109992980957,48.58300018310547,47.74399948120117,47.84700012207031,9162000
2021-07-30,44.18998336791992,48.540000915527344,48.63399887084961,47.957000732421875,48.19599914550781,11548000
2021-08-02,44.124427795410156,48.46799850463867,49.459999084472656,48.35100173950195,48.904998779296875,15619000
2021-08-03,44.316524505615234,48.67900085449219,48.7760009765625,47.99599838256836,48.54899978637695,11135000
2021-08-04,44.40847396850586,48.779998779296875,48.99800109863281,48.4010009765625,48.85300064086914,12123000
2021-08-05,44.396636962890625,48.766998291015625,49.042999267578125,48.48899841308594,49.042999267578125,8372000
2021-08-06,44.192710876464844,48.542999267578125,48.8120002746582,48.40299987792969,48.50699996948242,9964000
2021-08-09,44.124427795410156,48.46799850463867,48.68299865722656,48.099998474121094,48.64899826049805,5952000
2021-08-10,43.90412521362305,48.22600173950195,48.64500045776367,47.78300094604492,48.59000015258789,9319000
2021-08-11,44.02155303955078,48.35499954223633,48.59700012207031,47.979000091552734,48.48099899291992,9816000
2021-08-12,44.086185455322266,48.42599868774414,48.5,47.67300033569336,48.22800064086914,8702000
2021-08-13,44.25917053222656,48.61600112915039,48.89699935913086,48.21099853515625,48.26100158691406,8582000
2021-08-16,44.439422607421875,48.81399917602539,48.89099884033203,48.439998626708984,48.483001708984375,9188000
2021-08-17,43.57910919189453,47.86899948120117,48.62200164794922,47.45199966430664,48.558998107910156,16499000
2021-08-18,42.6942138671875,46.89699935913086,47.70800018310547,46.834999084472656,47.665000915527344,15616000
2021-08-19,43.10935592651367,47.35300064086914,47.58300018310547,46.26599884033203,46.6349983215332,14044000
2021-08-20,43.25865936279297,47.516998291015625,47.62300109863281,47.04399871826172,47.28200149536133,10007000
2021-08-23,43.921424865722656,48.244998931884766,48.61899948120117,47.56999969482422,47.632999420166016,15707000
2021-08-24,43.82856369018555,48.143001556396484,48.30400085449219,48.01599884033203,48.2400016784668,9429000
2021-08-25,44.00882339477539,48.340999603271484,48.62699890136719,48.15700149536133,48.15700149536133,10017000
2021-08-26,44.22093200683594,48.57400131225586,48.81100082397461,48.060001373291016,48.29999923706055,10836000
2021-08-27,45.149513244628906,49.59400177001953,49.64400100708008,48.66400146484375,48.80099868774414,16459000
2021-08-30,45.418087005615234,49.888999938964844,50.78499984741211,49.82500076293945,50.0,19614000
2021-08-31,45.265140533447266,49.72100067138672,50.12900161743164,49.27000045776367,50.12900161743164,17378000
2021-09-01,44.89643859863281,49.316001892089844,49.92399978637695,49.28900146484375,49.62699890136719,12586000
2021-09-02,44.78173065185547,49.189998626708984,49.597999572753906,49.01599884033203,49.57899856567383,16991000
2021-09-03,45.30793380737305,49.768001556396484,50.599998474121094,49.50400161743164,49.590999603271484,25191000
2021-09-07,45.20869827270508,49.659000396728516,49.7599983215332,49.099998474121094,49.7599983215332,12398000
2021-09-08,45.007503509521484,49.4379997253418,49.98899841308594,48.81100082397461,49.96200180053711,13987000
2021-09-09,44.92647171020508,49.3489990234375,49.869998931884766,49.28499984741211,49.28499984741211,13174000
2021-09-10,45.350704193115234,49.814998626708984,50.5989990234375,49.6510009765625,49.70500183105469,16110000
2021-09-13,45.42445373535156,49.895999908447266,50.24700164794922,49.32600021362305,50.20000076293945,14927000
2021-09-14,45.68938446044922,50.1870002746582,50.54199981689453,49.83599853515625,50.20000076293945,14134000
2021-09-15,46.40585708618164,50.9739990234375,51.06999969482422,49.94200134277344,50.21200180053711,23346000
2021-09-16,46.18826675415039,50.73500061035156,50.915000915527344,50.020999908447266,50.52000045776367,17569000
2021-09-17,46.065364837646484,50.599998474121094,50.762001037597656,50.099998474121094,50.39699935913086,34470000
2021-09-20,45.04756546020508,49.481998443603516,50.29999923706055,48.84400177001953,49.900001525878906,30105000
2021-09-21,45.02646255493164,49.0989990234375,49.375,48.70000076293945,49.3489990234375,16935000
2021-09-22,45.906837463378906,50.058998107910156,50.29999923706055,49.22200012207031,49.42499923706055,20610000
2021-09-23,46.247066497802734,50.43000030517578,50.729000091552734,50.058998107910156,50.250999450683594,18370000
2021-09-24,46.30392837524414,50.492000579833984,50.54999923706055,50.08300018310547,50.22700119018555,10605000
2021-09-27,46.29750442504883,50.48500061035156,50.582000732421875,49.737998962402344,49.97800064086914,9831000
2021-09-28,45.029232025146484,49.10200119018555,50.14500045776367,49.05400085449219,49.70000076293945,20124000
2021-09-29,44.88799285888672,48.948001861572266,49.426998138427734,48.76499938964844,49.362998962402344,15783000
2021-09-30,44.470733642578125,48.49300003051758,49.45199966430664,48.448001861572266,49.45199966430664,15735000
2021-10-01,44.69266128540039,48.73500061035156,48.86600112915039,47.75,48.78499984741211,16052000
2021-10-04,43.647216796875,47.595001220703125,48.65599822998047,47.27799987792969,48.49300003051758,20093000
2021-10-05,44.51567459106445,48.54199981689453,48.979000091552734,47.53300094604492,47.59400177001953,16557000
2021-10-06,44.82380294799805,48.87799835205078,48.935001373291016,47.970001220703125,48.3129997253418,12042000
2021-10-07,45.295162200927734,49.391998291015625,49.9900016784668,49.26300048828125,49.26300048828125,13261000
2021-10-08,45.19704818725586,49.28499984741211,49.79999923706055,49.12799835205078,49.68199920654297,10279000
2021-10-11,45.1502799987793,49.23400115966797,49.95899963378906,49.084999084472656,49.124000549316406,11186000
2021-10-12,44.50282669067383,48.52799987792969,49.66999816894531,48.20199966430664,49.58399963378906,20991000
2021-10-13,44.478065490722656,48.500999450683594,48.53799819946289,47.95500183105469,48.117000579833984,16424000
2021-10-14,45.63264083862305,49.7599983215332,49.915000915527344,49.082000732421875,49.18600082397461,19233000
2021-10-15,46.15078353881836,50.32500076293945,50.58599853515625,50.108001708984375,50.439998626708984,25103000
2021-10-18,46.16086959838867,50.33599853515625,50.39799880981445,49.86600112915039,50.03900146484375,16042000
2021-10-19,46.80555725097656,51.03900146484375,51.08700180053711,50.176998138427734,50.43199920654297,16383000
2021-10-20,46.71385192871094,50.93899917602539,51.34299850463867,50.84400177001953,51.099998474121094,13458000
2021-10-21,47.15037155151367,51.415000915527344,51.479000091552734,50.86000061035156,50.94200134277344,11787000
2021-10-22,47.26591873168945,51.54100036621094,52.13800048828125,51.301998138427734,51.4739990234375,15367000
2021-10-25,47.876670837402344,52.207000732421875,52.45000076293945,51.518001556396484,51.749000549316406,12416000
2021-10-26,48.95880126953125,53.387001037597656,53.499000549316406,52.400001525878906,52.52299880981445,24043000
2021-10-27,47.97205352783203,52.31100082397461,53.606998443603516,52.18600082397461,53.18199920654297,23500000
2021-10-28,48.56447219848633,52.957000732421875,52.994998931884766,52.34299850463867,52.41400146484375,11872000
2021-10-29,48.757049560546875,53.16699981689453,53.21500015258789,52.349998474121094,52.349998474121094,15564000
2021-11-01,48.425071716308594,52.80500030517578,53.257999420166016,52.49300003051758,53.034000396728516,16896000
2021-11-02,49.25225830078125,53.707000732421875,54.082000732421875,52.667999267578125,52.744998931884766,16262000
2021-11-03,49.73830795288086,54.23699951171875,54.37900161743164,53.37699890136719,53.904998779296875,14038000
2021-11-04,50.31145477294922,54.86199951171875,54.90700149536133,54.09199905395508,54.380001068115234,15956000
2021-11-05,51.25603103637695,55.891998291015625,55.96699905395508,54.98099899291992,55.0,18674000
2021-11-08,51.2587776184082,55.89500045776367,56.388999938964844,55.810001373291016,56.196998596191406,17231000
2021-11-09,51.153316497802734,55.779998779296875,56.189998626708984,55.513999938964844,55.91899871826172,15838000
2021-11-10,50.32520294189453,54.87699890136719,56.09000015258789,54.80500030517578,55.43000030517578,18450000
2021-11-11,50.933223724365234,55.540000915527344,55.71200180053711,54.88100051879883,55.26900100708008,14157000
2021-11-12,51.65035629272461,56.321998596191406,56.58399963378906,55.45899963378906,55.840999603271484,13592000
2021-11-15,51.884212493896484,56.57699966430664,56.76900100708008,55.983001708984375,56.76900100708008,13972000
2021-11-16,52.159324645996094,56.87699890136719,56.952999114990234,56.27399826049805,56.409000396728516,13194000
2021-11-17,52.239112854003906,56.9640007019043,57.13600158691406,56.40999984741211,56.81399917602539,12532000
2021-11-18,52.71321487426758,57.48099899291992,57.67300033569336,56.9640007019043,57.11000061035156,12712000
2021-11-19,52.154747009277344,56.87200164794922,57.72100067138672,56.59299850463867,57.62799835205078,19612000
2021-11-22,50.738800048828125,55.327999114990234,57.20399856567383,55.24800109863281,57.167999267578125,25898000
2021-11-23,50.90754318237305,55.512001037597656,55.58599853515625,54.85300064086914,55.242000579833984,17109000
2021-11-24,51.23860549926758,55.87300109863281,55.90800094604492,54.73899841308594,55.323001861572266,12084000
2021-11-26,50.125301361083984,54.659000396728516,55.72999954223633,54.332000732421875,55.176998138427734,14219000
2021-11-29,51.7530632019043,56.433998107910156,56.755001068115234,55.36800003051758,55.619998931884766,18703000
2021-11-30,50.775489807128906,55.36800003051758,56.499000549316406,55.20000076293945,56.32699966430664,22574000
2021-12-01,50.87452697753906,55.47600173950195,56.847999572753906,55.33300018310547,56.347999572753906,21980000
2021-12-02,50.66268539428711,55.244998931884766,55.9109992980957,54.400001525878906,54.606998443603516,22619000
2021-12-03,51.18266677856445,55.8120002746582,56.900001525878906,55.040000915527344,56.49399948120117,20305000
2021-12-06,51.8117561340332,56.49800109863281,56.83700180053711,55.595001220703125,56.46500015258789,22482000
2021-12-07,54.142906188964844,59.040000915527344,59.30699920654297,57.20000076293945,57.20000076293945,29562000
2021-12-08,53.97417068481445,58.85599899291992,59.09400177001953,58.24300003051758,59.09400177001953,17998000
2021-12-09,53.5028076171875,58.34199905395508,59.02399826049805,58.244998931884766,58.244998931884766,29080000
2021-12-10,57.928504943847656,63.167999267578125,64.4749984741211,61.85900115966797,62.39799880981445,57087000
2021-12-13,57.009620666503906,62.16600036621094,63.44200134277344,62.12300109863281,63.400001525878906,26898000
2021-12-14,56.3906135559082,61.49100112915039,61.86199951171875,60.56399917602539,61.784000396728516,35956000
2021-12-15,58.67866897583008,63.986000061035156,64.08599853515625,61.034000396728516,61.55699920654297,29092000
2021-12-16,56.91975784301758,62.06800079345703,64.06600189208984,61.150001525878906,63.736000061035156,42748000
2021-12-17,58.22930908203125,63.49599838256836,63.999000549316406,61.5099983215332,61.75299835205078,50661000
2021-12-20,59.15277862548828,64.50299835205078,64.60900115966797,62.50899887084961,62.630001068115234,32770000
2021-12-21,59.642852783203125,64.6240005493164,64.9469985961914,63.33000183105469,64.80999755859375,36534000
2021-12-22,60.46977996826172,65.5199966430664,65.71600341796875,63.92599868774414,64.33200073242188,28383000
2021-12-23,61.35580825805664,66.4800033569336,67.072998046875,65.61299896240234,65.61299896240234,23596000
2021-12-27,62.23072052001953,67.4280014038086,67.62999725341797,66.44599914550781,66.4800033569336,19442000
2021-12-28,61.7434196472168,66.9000015258789,67.7760009765625,66.7030029296875,67.75499725341797,17247000
2021-12-29,62.07659912109375,67.26100158691406,67.69999694824219,66.91200256347656,66.9800033569336,14797000
2021-12-30,61.38163375854492,66.50800323486328,67.56999969482422,66.38400268554688,67.30999755859375,11473000
2021-12-31,61.41209411621094,66.54100036621094,67.13099670410156,66.3270034790039,66.6969985961914,12046000
2022-01-03,61.219200134277344,66.33200073242188,67.16999816894531,66.12200164794922,66.63200378417969,22591000
2022-01-04,61.92063522338867,67.09200286865234,67.21900177001953,65.7229995727539,66.28800201416016,21103000
2022-01-05,59.343833923339844,64.30000305175781,67.12100219726562,64.20099639892578,67.12100219726562,34961000
2022-01-06,58.7928352355957,63.702999114990234,64.86499786376953,63.44300079345703,64.01599884033203,28581000
2022-01-07,57.142662048339844,61.915000915527344,63.99100112915039,61.84600067138672,63.584999084472656,27832000
2022-01-10,57.32816696166992,62.11600112915039,62.20399856567383,60.356998443603516,60.88600158691406,29793000
2022-01-11,57.41031265258789,62.20500183105469,62.79999923706055,61.457000732421875,61.55400085449219,19037000
2022-01-12,57.40569305419922,62.20000076293945,63.0989990234375,61.9739990234375,62.750999450683594,18806000
2022-01-13,55.11593246459961,59.71900177001953,62.78799819946289,59.415000915527344,62.74700164794922,30048000
2022-01-14,55.04024124145508,59.637001037597656,60.03799819946289,59.20000076293945,59.577999114990234,25661000
2022-01-18,53.3254508972168,57.77899932861328,59.104000091552734,57.5989990234375,58.832000732421875,35825000
2022-01-19,52.04998779296875,56.39699935913086,58.472999572753906,56.33300018310547,58.15800094604492,22692000
2022-01-20,50.55023193359375,54.77199935913086,57.013999938964844,54.676998138427734,56.79999923706055,25225000
2022-01-21,49.212921142578125,53.323001861572266,55.540000915527344,53.13399887084961,54.66400146484375,38010000
2022-01-24,49.98356246948242,54.15800094604492,54.35100173950195,51.34000015258789,53.0890007019043,54256000
2022-01-25,49.29691696166992,53.41400146484375,54.540000915527344,52.422000885009766,52.79999923706055,38158000
2022-01-26,51.41779327392578,55.71200180053711,57.41699981689453,55.00699996948242,55.20000076293945,49715000
2022-01-27,50.05093765258789,54.23099899291992,57.0260009765625,54.10300064086914,56.97200012207031,34183000
2022-01-28,51.692806243896484,56.0099983215332,56.04999923706055,53.23899841308594,54.33599853515625,30254000
2022-01-31,54.07210922241211,58.5880012512207,58.637001037597656,55.599998474121094,55.939998626708984,40288000
2022-02-01,54.70337677001953,59.27199935913086,59.38999938964844,57.582000732421875,58.58700180053711,25719000
2022-02-02,55.69182586669922,60.34299850463867,60.47999954223633,59.362998962402344,59.900001525878906,24443000
2022-02-03,53.607872009277344,58.084999084472656,59.902000427246094,58.012001037597656,59.56700134277344,30602000
2022-02-04,54.46710968017578,59.01599884033203,59.65299987792969,57.61399841308594,57.63800048828125,20548000
2022-02-07,54.233612060546875,58.76300048828125,60.15800094604492,58.41600036621094,59.01599884033203,18671000
2022-02-08,55.39557647705078,60.02199935913086,60.185001373291016,58.69900131225586,58.8380012512207,14570000
2022-02-09,56.42185974121094,61.13399887084961,61.172000885009766,60.15599822998047,60.73500061035156,22004000
2022-02-10,54.57786178588867,59.13600158691406,61.4640007019043,58.856998443603516,59.529998779296875,24920000
2022-02-11,52.922142028808594,57.34199905395508,59.97600173950195,56.90800094604492,59.13600158691406,27281000
2022-02-14,53.39836120605469,57.858001708984375,58.28099822998047,57.00699996948242,57.5,19291000
2022-02-15,55.63091278076172,60.277000427246094,60.604000091552734,58.82500076293945,58.90299987792969,34284000
2022-02-16,55.117774963378906,59.72100067138672,60.08100128173828,58.72200012207031,59.40599822998047,22931000
2022-02-17,53.4371337890625,57.900001525878906,59.15800094604492,57.888999938964844,58.970001220703125,21424000
2022-02-18,53.528499603271484,57.999000549316406,58.77399826049805,57.327999114990234,58.09400177001953,19708000
2022-02-22,53.295005798339844,57.74599838256836,59.020999908447266,56.98099899291992,57.999000549316406,20204000
2022-02-23,52.16257858276367,56.51900100708008,58.50699996948242,56.4739990234375,58.02299880981445,22416000
2022-02-24,53.529415130615234,58.0,58.569000244140625,54.902000427246094,55.15800094604492,35316000
2022-02-25,54.2686882019043,58.80099868774414,58.9379997253418,57.400001525878906,57.983001708984375,22380000
2022-02-28,54.21608352661133,58.74399948120117,59.22999954223633,57.63800048828125,58.099998474121094,25005000
2022-03-01,52.617576599121094,57.012001037597656,58.762001037597656,56.529998779296875,58.479000091552734,24898000
2022-03-02,54.0628776550293,58.577999114990234,59.053001403808594,57.358001708984375,57.45199966430664,21771000
2022-03-03,53.400211334228516,57.86000061035156,59.369998931884766,57.43299865722656,59.36800003051758,26454000
2022-03-04,55.00518035888672,59.5989990234375,60.590999603271484,58.4010009765625,59.27899932861328,44757000
2022-03-07,52.671112060546875,57.06999969482422,59.87799835205078,57.0,59.70800018310547,26494000
2022-03-08,53.155643463134766,57.595001220703125,59.60499954223633,56.361000061035156,57.21699905395508,26993000
2022-03-09,55.10022735595703,59.70199966430664,60.16400146484375,58.70000076293945,58.87900161743164,22560000
2022-03-10,54.242835998535156,58.77299880981445,59.00199890136719,57.637001037597656,58.555999755859375,19323000
2022-03-11,53.33099365234375,57.78499984741211,59.44300079345703,57.71200180053711,59.20000076293945,19813000
2022-03-14,52.40346145629883,56.779998779296875,57.99800109863281,56.474998474121094,57.69599914550781,25234000
2022-03-15,54.70707321166992,59.2760009765625,59.67599868774414,57.50400161743164,57.72700119018555,28260000
2022-03-16,56.03239059448242,60.71200180053711,60.770999908447266,58.40599822998047,59.665000915527344,29454000
2022-03-17,55.62167739868164,60.266998291015625,60.70000076293945,59.76300048828125,60.47200012207031,18174000
2022-03-18,56.336021423339844,61.04100036621094,61.32099914550781,59.5989990234375,60.39699935913086,41538000
2022-03-21,55.869590759277344,60.12900161743164,60.560001373291016,58.88600158691406,60.560001373291016,25789000
2022-03-22,56.80339050292969,61.13399887084961,61.349998474121094,59.93299865722656,60.172000885009766,19262000
2022-03-23,55.692115783691406,59.9379997253418,61.137001037597656,59.91600036621094,60.79999923706055,13839000
2022-03-24,58.20549774169922,62.643001556396484,62.72200012207031,60.20000076293945,60.66299819946289,26016000
2022-03-25,58.43220901489258,62.887001037597656,63.04100036621094,62.00699996948242,62.70800018310547,14538000
2022-03-28,58.8048095703125,63.28799819946289,63.33000183105469,61.577999114990234,62.5880012512207,14427000
2022-03-29,59.60296630859375,64.14700317382812,64.53099822998047,63.0,64.0,23001000
2022-03-30,58.63848876953125,63.10900115966797,64.42900085449219,62.733001708984375,63.887001037597656,18626000
2022-03-31,58.50747299194336,62.96799850463867,63.900001525878906,62.80500030517578,63.04800033569336,21731000
2022-04-01,58.2566032409668,62.698001861572266,63.457000732421875,61.86899948120117,63.16899871826172,16267000
2022-04-04,58.987850189208984,63.48500061035156,63.672000885009766,62.45199966430664,62.641998291015625,16484000
2022-04-05,57.061702728271484,61.4119987487793,63.22600173950195,61.29999923706055,62.95500183105469,19778000
2022-04-06,55.93555450439453,60.20000076293945,61.159000396728516,59.37699890136719,60.20800018310547,23742000
2022-04-07,56.03312301635742,60.30500030517578,60.763999938964844,59.32400131225586,59.983001708984375,16583000
2022-04-08,54.54180908203125,58.70000076293945,59.85900115966797,58.59700012207031,59.737998962402344,20464000
2022-04-11,53.94807434082031,58.06100082397461,58.928001403808594,57.94300079345703,58.257999420166016,23512000
2022-04-12,54.36248779296875,58.50699996948242,59.85900115966797,58.21699905395508,58.9109992980957,17350000
2022-04-13,55.05656814575195,59.25400161743164,59.67100143432617,58.60499954223633,58.849998474121094,20266000
2022-04-14,53.31996154785156,57.3849983215332,59.70600128173828,57.2859992980957,59.499000549316406,27385000
2022-04-18,54.49535369873047,58.650001525878906,59.12200164794922,57.28499984741211,57.28499984741211,21375000
2022-04-19,55.528587341308594,59.762001037597656,59.869998931884766,57.93600082397461,57.93600082397461,16581000
2022-04-20,55.53787612915039,59.77199935913086,61.34299850463867,59.51300048828125,60.41999816894531,13920000
2022-04-21,55.07422637939453,59.27299880981445,61.58700180053711,59.066001892089844,60.55400085449219,20352000
2022-04-22,54.537166595458984,58.69499969482422,59.874000549316406,58.625999450683594,59.01100158691406,21064000
2022-04-25,54.62357711791992,58.78799819946289,58.875999450683594,57.11199951171875,58.14899826049805,26959000
2022-04-26,52.039581298828125,56.00699996948242,58.54600143432617,55.97100067138672,58.380001068115234,35809000
2022-04-27,51.99032974243164,55.95399856567383,57.007999420166016,55.5,55.57899856567383,19313000
2022-04-28,53.79291534423828,57.89400100708008,58.50199890136719,55.797000885009766,56.59400177001953,22334000
2022-04-29,51.511817932128906,55.43899917602539,57.827999114990234,55.34000015258789,57.262001037597656,26108000
2022-05-02,53.552249908447266,57.6349983215332,57.763999938964844,55.63800048828125,55.7140007019043,26725000
2022-05-03,54.000118255615234,58.117000579833984,58.67499923706055,57.176998138427734,57.60100173950195,17064000
2022-05-04,56.08980178833008,60.36600112915039,60.40700149536133,57.39799880981445,58.17900085449219,23896000
2022-05-05,53.890472412109375,57.999000549316406,59.7869987487793,57.42900085449219,59.42300033569336,32806000
2022-05-06,53.900691986083984,58.0099983215332,58.99800109863281,56.94300079345703,57.49399948120117,20745000
2022-05-09,52.30438995361328,56.29199981689453,57.79999923706055,56.027000427246094,57.28799819946289,30074000
2022-05-10,54.020545959472656,58.138999938964844,59.1150016784668,57.18000030517578,58.04899978637695,29271000
2022-05-11,52.69371032714844,56.71099853515625,58.46900177001953,56.58599853515625,57.45800018310547,26660000
2022-05-12,53.108123779296875,57.15700149536133,57.361000061035156,55.82600021362305,56.34000015258789,25518000
2022-05-13,54.65702438354492,58.82400131225586,59.159000396728516,57.349998474121094,57.70500183105469,19449000
2022-05-16,54.139495849609375,58.266998291015625,58.91400146484375,57.76499938964844,58.4379997253418,14189000
2022-05-17,56.50699234008789,60.814998626708984,60.900001525878906,59.361000061035156,59.54499816894531,24676000
2022-05-18,53.01519775390625,57.05699920654297,60.071998596191406,56.61800003051758,60.0,35024000
2022-05-19,50.75175476074219,54.62099838256836,56.07500076293945,53.895999908447266,55.79999923706055,34884000
2022-05-20,50.471153259277344,54.319000244140625,55.499000549316406,51.24399948120117,55.38999938964844,40281000
2022-05-23,48.907379150390625,52.63600158691406,53.55699920654297,51.42599868774414,52.400001525878906,58586000
2022-05-24,48.7066764831543,52.41999816894531,52.887001037597656,51.61899948120117,52.66600036621094,25060000
2022-05-25,49.39704513549805,53.16299819946289,53.744998931884766,52.38999938964844,52.38999938964844,17842000
2022-05-26,51.16524124145508,55.066001892089844,55.457000732421875,52.77199935913086,53.15399932861328,39743000
2022-05-27,54.19617462158203,58.327999114990234,58.54600143432617,56.000999450683594,56.20899963378906,37301000
2022-05-31,53.90348434448242,58.01300048828125,58.702999114990234,57.599998474121094,58.45000076293945,30009000
2022-06-01,53.29859924316406,57.36199951171875,59.09400177001953,56.84299850463867,58.757999420166016,18345000
2022-06-02,53.58849334716797,57.67399978637695,57.777000427246094,56.8129997253418,57.775001525878906,29488000
2022-06-03,52.341556549072266,56.332000732421875,56.959999084472656,56.097999572753906,56.887001037597656,20562000
2022-06-06,52.14735794067383,56.12300109863281,57.27199935913086,55.75400161743164,57.152000427246094,14557000
2022-06-07,53.24005126953125,57.29899978637695,57.45399856567383,55.75299835205078,56.05400085449219,15895000
2022-06-08,52.53110885620117,56.5359992980957,57.62699890136719,56.2140007019043,57.18199920654297,24004000
2022-06-09,51.681854248046875,55.62200164794922,57.36399841308594,55.59299850463867,56.11600112915039,18787000
2022-06-10,50.292762756347656,54.12699890136719,55.104000091552734,53.97200012207031,55.00899887084961,24018000
2022-06-13,48.09528350830078,51.762001037597656,53.29999923706055,51.60200119018555,52.678001403808594,31619000
2022-06-14,48.33222198486328,52.016998291015625,52.49700164794922,51.45899963378906,52.49700164794922,24380000
2022-06-15,48.93989562988281,52.67100143432617,53.382999420166016,51.551998138427734,52.915000915527344,19141000
2022-06-16,46.19609069824219,49.71799850463867,51.44300079345703,49.22800064086914,51.19499969482422,37244000
2022-06-17,46.33266067504883,49.8650016784668,50.0359992980957,48.7869987487793,49.5,43504000
2022-06-21,47.19645690917969,50.37699890136719,51.090999603271484,50.28900146484375,50.40800094604492,21901000
2022-06-22,46.477882385253906,49.61000061035156,50.37699890136719,49.41999816894531,49.63100051879883,24721000
2022-06-23,46.522857666015625,49.65800094604492,50.17499923706055,49.10100173950195,50.17499923706055,16707000
2022-06-24,47.694881439208984,50.909000396728516,51.18000030517578,50.14500045776367,50.5,21201000
2022-06-27,47.37820816040039,50.57099914550781,51.40399932861328,50.28200149536133,51.380001068115234,13207000
2022-06-28,46.69804763793945,49.845001220703125,51.415000915527344,49.81100082397461,51.26100158691406,15667000
2022-06-29,45.94480895996094,49.04100036621094,49.59299850463867,48.66699981689453,49.54800033569336,14444000
2022-06-30,45.51384353637695,48.58100128173828,49.374000549316406,48.07099914550781,48.803001403808594,18890000
2022-07-01,44.76716613769531,47.784000396728516,48.426998138427734,46.94300079345703,47.941001892089844,21315000
2022-07-05,44.622886657714844,47.630001068115234,47.69300079345703,46.39099884033203,47.20000076293945,20711000
2022-07-06,45.214054107666016,48.26100158691406,48.70500183105469,47.54999923706055,48.053001403808594,22975000
2022-07-07,46.70647048950195,49.854000091552734,50.138999938964844,48.81100082397461,48.81100082397461,21319000
2022-07-08,46.72053527832031,49.86899948120117,49.9630012512207,49.0,49.29899978637695,12713000
2022-07-11,45.23747253417969,48.2859992980957,49.1619987487793,48.097999572753906,48.94900131225586,21449000
2022-07-12,45.097877502441406,48.137001037597656,49.2599983215332,48.00699996948242,48.78200149536133,21159000
2022-07-13,45.131614685058594,48.17300033569336,48.56399917602539,47.229000091552734,47.49800109863281,17665000
2022-07-14,45.40423583984375,48.4640007019043,48.667999267578125,47.34299850463867,48.244998931884766,19957000
2022-07-15,46.32423782348633,49.44599914550781,49.4739990234375,48.612998962402344,49.08300018310547,18714000
2022-07-18,46.005706787109375,49.10599899291992,50.24100112915039,48.819000244140625,50.01599884033203,18042000
2022-07-19,47.68643569946289,50.900001525878906,51.1349983215332,49.5890007019043,49.68000030517578,27257000
2022-07-20,47.945953369140625,51.176998138427734,51.76100158691406,50.446998596191406,50.95399856567383,27412000
2022-07-21,48.49964141845703,51.768001556396484,51.78099822998047,50.60200119018555,51.255001068115234,13912000
2022-07-22,48.01621627807617,51.25199890136719,51.979000091552734,50.667999267578125,51.88100051879883,17867000
2022-07-25,48.071495056152344,51.31100082397461,51.332000732421875,50.65299987792969,51.04600143432617,15061000
2022-07-26,47.88224411010742,51.10900115966797,51.680999755859375,50.891998291015625,51.4630012512207,17958000
2022-07-27,49.446815490722656,52.77899932861328,53.01900100708008,51.69300079345703,51.81999969482422,25699000
2022-07-28,49.9920654296875,53.361000061035156,53.652000427246094,52.05799865722656,52.85900115966797,14867000
2022-07-29,50.16725540161133,53.54800033569336,53.78300094604492,53.027000427246094,53.198001861572266,18482000
2022-08-01,50.25063705444336,53.637001037597656,53.979000091552734,53.04399871826172,53.143001556396484,11485000
2022-08-02,49.76721954345703,53.12099838256836,53.91999816894531,52.722999572753906,53.321998596191406,13072000
2022-08-03,51.22216796875,54.67399978637695,54.79999923706055,53.4119987487793,53.52899932861328,19228000
2022-08-04,51.78990173339844,55.279998779296875,55.314998626708984,54.500999450683594,54.840999603271484,16293000
2022-08-05,51.66249084472656,55.14400100708008,55.20000076293945,54.327999114990234,54.4900016784668,14357000
2022-08-08,51.10881042480469,54.553001403808594,55.29899978637695,53.874000549316406,54.935001373291016,13722000
2022-08-09,49.91618347167969,53.279998779296875,53.935001373291016,52.775001525878906,53.909000396728516,20072000
2022-08-10,51.56600570678711,55.04100036621094,55.10200119018555,53.92399978637695,54.60599899291992,19519000
2022-08-11,51.09943389892578,54.542999267578125,55.777000427246094,54.42499923706055,55.39500045776367,14268000
2022-08-12,52.29862976074219,55.823001861572266,55.840999603271484,54.564998626708984,54.78099822998047,18399000
2022-08-15,52.36701202392578,55.895999908447266,55.979000091552734,55.04999923706055,55.42300033569336,14329000
2022-08-16,51.68217849731445,55.165000915527344,55.79399871826172,54.60100173950195,55.75199890136719,14782000
2022-08-17,50.45862579345703,53.85900115966797,54.47100067138672,53.104000091552734,54.4370002746582,19022000
2022-08-18,52.31923294067383,55.845001220703125,56.055999755859375,54.16299819946289,54.340999603271484,23459000
2022-08-19,51.380496978759766,54.84299850463867,55.55799865722656,54.7869987487793,55.08599853515625,16923000
2022-08-22,49.5367546081543,52.875,54.308998107910156,52.70500183105469,54.25699996948242,18555000
2022-08-23,49.63324737548828,52.97800064086914,53.762001037597656,52.89099884033203,53.3849983215332,9003000
2022-08-24,49.73255157470703,53.08399963378906,53.130001068115234,52.34400177001953,52.95600128173828,11883000
2022-08-25,51.539764404296875,55.01300048828125,55.04800033569336,53.22600173950195,53.345001220703125,17345000
2022-08-26,48.79755783081055,52.08599853515625,55.0989990234375,52.0,54.88399887084961,25682000
2022-08-29,48.17173767089844,51.417999267578125,52.27399826049805,51.20000076293945,52.0,16580000
2022-08-30,47.441917419433594,50.638999938964844,51.79100036621094,50.138999938964844,51.683998107910156,18282000
2022-08-31,46.759883880615234,49.9109992980957,51.01599884033203,49.65399932861328,51.01599884033203,32445000
2022-09-01,46.09470748901367,49.20100021362305,49.32899856567383,48.08399963378906,49.14699935913086,31930000
2022-09-02,46.86387252807617,50.02199935913086,51.98099899291992,49.83000183105469,51.79999923706055,40426000
2022-09-06,46.67462158203125,49.81999969482422,50.400001525878906,49.0369987487793,49.85300064086914,24738000
2022-09-07,47.32387924194336,50.51300048828125,50.94300079345703,49.90800094604492,50.29100036621094,20440000
2022-09-08,47.960941314697266,51.19300079345703,51.27399826049805,49.869998931884766,50.2599983215332,22535000
2022-09-09,48.94184112548828,52.2400016784668,52.59700012207031,51.54399871826172,51.54399871826172,23019000
2022-09-12,49.56578826904297,52.90599822998047,53.125999450683594,52.45600128173828,52.67499923706055,18157000
2022-09-13,47.18522262573242,50.3650016784668,51.82699966430664,50.167999267578125,51.38399887084961,35136000
2022-09-14,47.85039520263672,51.07500076293945,51.29999923706055,50.277000427246094,50.7130012512207,20605000
2022-09-15,46.85637664794922,50.013999938964844,51.15599822998047,49.72800064086914,50.893001556396484,36574000
2022-09-16,47.07746887207031,50.25,50.36899948120117,48.986000061035156,49.77199935913086,59012000
2022-09-19,47.01563262939453,50.183998107910156,50.3390007019043,49.44200134277344,49.44200134277344,17948000
2022-09-20,46.19307327270508,49.305999755859375,49.882999420166016,48.97200012207031,49.599998474121094,17132000
2022-09-21,45.54877853393555,48.2140007019043,49.987998962402344,48.176998138427734,49.0989990234375,20669000
2022-09-22,45.120826721191406,47.76100158691406,48.32099914550781,47.29999923706055,48.24300003051758,23540000
2022-09-23,44.277191162109375,46.86800003051758,47.79899978637695,46.20000076293945,47.494998931884766,29649000
2022-09-26,43.67066955566406,46.22600173950195,47.33000183105469,46.13100051879883,46.89799880981445,19361000
2022-09-27,43.90591049194336,46.474998474121094,46.98899841308594,45.6510009765625,46.95500183105469,17850000
2022-09-28,44.02022933959961,46.59600067138672,46.875,45.6349983215332,46.13399887084961,27605000
2022-09-29,42.52473068237305,45.01300048828125,46.137001037597656,44.487998962402344,46.09000015258789,39997000
2022-09-30,41.94655227661133,44.4010009765625,45.78200149536133,44.36399841308594,44.90599822998047,27202000
2022-10-03,43.1529655456543,45.678001403808594,46.095001220703125,44.696998596191406,44.92399978637695,21479000
2022-10-04,45.3333854675293,47.986000061035156,48.01599884033203,46.58599853515625,46.849998474121094,27277000
2022-10-05,45.800071716308594,48.47999954223633,48.808998107910156,47.145999908447266,47.255001068115234,18493000
2022-10-06,45.29936981201172,47.95000076293945,48.970001220703125,47.87200164794922,48.37900161743164,17250000
2022-10-07,43.502498626708984,46.04800033569336,47.33399963378906,45.902000427246094,47.237998962402344,28425000
2022-10-10,41.35043716430664,43.77000045776367,46.0099983215332,43.183998107910156,46.0,33454000
2022-10-11,40.69478988647461,43.07600021362305,43.869998931884766,42.55799865722656,43.52000045776367,28046000
2022-10-12,40.67685317993164,43.05699920654297,43.571998596191406,42.80099868774414,43.224998474121094,15046000
2022-10-13,41.375946044921875,43.797000885009766,44.37699890136719,41.50699996948242,41.742000579833984,27980000
2022-10-14,40.34902572631836,42.709999084472656,44.395999908447266,42.64099884033203,44.327999114990234,22816000
2022-10-17,41.13032150268555,43.5369987487793,44.124000549316406,43.3390007019043,43.95500183105469,24120000
2022-10-18,41.07929992675781,43.483001708984375,44.85499954223633,43.01599884033203,44.82099914550781,20341000
2022-10-19,41.12369918823242,43.529998779296875,43.83000183105469,43.0880012512207,43.323001861572266,12702000
2022-10-20,40.65134048461914,43.029998779296875,44.21900177001953,42.81399917602539,43.51300048828125,23402000
2022-10-21,42.4869384765625,44.972999572753906,45.066001892089844,42.91699981689453,43.20899963378906,26980000
2022-10-24,43.12839889526367,45.652000427246094,45.87900161743164,45.111000061035156,45.27299880981445,25287000
2022-10-25,43.46377944946289,46.00699996948242,46.42599868774414,45.68299865722656,45.79899978637695,18246000
2022-10-26,43.56864929199219,46.11800003051758,47.17599868774414,45.534000396728516,45.79899978637695,29291000
2022-10-27,43.02259826660156,45.540000915527344,47.07699966430664,45.49100112915039,46.60499954223633,18512000
2022-10-28,44.67585372924805,47.290000915527344,47.433998107910156,45.564998626708984,45.69599914550781,23094000
2022-10-31,44.41322708129883,47.012001037597656,47.28099822998047,46.500999450683594,46.685001373291016,19259000
2022-11-01,44.20349884033203,46.790000915527344,47.68299865722656,46.31700134277344,47.58000183105469,16324000
2022-11-02,43.08211898803711,45.60300064086914,48.04499816894531,45.571998596191406,47.02799987792969,21070000
2022-11-03,41.956939697265625,44.4119987487793,45.2859992980957,44.13600158691406,45.09400177001953,23887000
2022-11-04,43.957862854003906,46.529998779296875,46.888999938964844,45.327999114990234,45.68600082397461,28891000
2022-11-07,44.8950309753418,47.52199935913086,47.77399826049805,46.15700149536133,46.676998138427734,17687000
2022-11-08,45.54594039916992,48.21099853515625,48.880001068115234,47.349998474121094,48.125,20743000
2022-11-09,44.35182189941406,46.946998596191406,47.900001525878906,46.90299987792969,47.849998474121094,23695000
2022-11-10,47.856727600097656,50.65700149536133,50.71699905395508,48.71900177001953,49.099998474121094,33970000
2022-11-11,48.94504928588867,51.808998107910156,51.900001525878906,50.20000076293945,50.47999954223633,26728000
2022-11-14,48.48496627807617,51.321998596191406,52.50199890136719,51.29999923706055,51.53900146484375,21608000
2022-11-15,49.54306411743164,52.44200134277344,53.25699996948242,51.590999603271484,52.99599838256836,23315000
2022-11-16,48.344207763671875,51.17300033569336,51.854000091552734,51.02799987792969,51.672000885009766,25405000
2022-11-17,48.380104064941406,51.21099853515625,51.27399826049805,50.31399917602539,50.5,20375000
2022-11-18,48.668243408203125,51.51599884033203,51.77299880981445,51.099998474121094,51.6870002746582,14536000
2022-11-21,48.88364028930664,51.74399948120117,52.084999084472656,51.111000061035156,51.29399871826172,18622000
2022-11-22,50.0749397277832,53.005001068115234,53.02799987792969,51.9010009765625,52.297000885009766,18920000
2022-11-23,50.414093017578125,53.36399841308594,54.14799880981445,52.880001068115234,53.03499984741211,13964000
2022-11-25,50.061710357666016,52.99100112915039,53.45800018310547,52.948001861572266,53.069000244140625,7455000
2022-11-28,49.33427047729492,52.22100067138672,52.875999450683594,51.624000549316406,52.52399826049805,23505000
2022-11-29,49.256805419921875,52.138999938964844,52.584999084472656,51.483001708984375,52.29999923706055,12694000
2022-11-30,52.05696487426758,55.10300064086914,55.16600036621094,51.78300094604492,52.4109992980957,47349000
2022-12-01,52.030513763427734,55.07500076293945,55.242000579833984,54.19599914550781,55.10300064086914,23006000
2022-12-02,51.090518951416016,54.08000183105469,54.27000045776367,53.608001708984375,53.70500183105469,19320000
2022-12-05,50.130680084228516,53.06399917602539,53.948001861572266,52.54899978637695,53.777000427246094,18548000
2022-12-06,49.675315856933594,52.582000732421875,53.356998443603516,52.17499923706055,53.064998626708984,19655000
2022-12-07,48.98377990722656,51.849998474121094,52.5,51.60499954223633,51.959999084472656,16524000
2022-12-08,50.1722526550293,53.108001708984375,53.242000579833984,52.03799819946289,52.08100128173828,27514000
2022-12-09,51.460838317871094,54.47200012207031,55.263999938964844,54.099998474121094,55.09400177001953,37028000
2022-12-12,52.58599853515625,55.66299819946289,55.6870002746582,54.2239990234375,54.474998474121094,23416000
2022-12-13,53.94734573364258,57.104000091552734,58.183998107910156,56.50299835205078,57.582000732421875,40414000
2022-12-14,54.268550872802734,57.444000244140625,58.564998626708984,56.77299880981445,56.85499954223633,35218000
2022-12-15,52.715423583984375,55.79999923706055,56.64899826049805,55.77000045776367,56.37799835205078,36876000
2022-12-16,52.51797866821289,55.590999603271484,55.97999954223633,55.08700180053711,55.744998931884766,49549000
2022-12-19,52.35795593261719,54.9630012512207,55.64799880981445,54.571998596191406,55.402000427246094,25092000
2022-12-20,51.82353210449219,54.402000427246094,54.900001525878906,54.09199905395508,54.516998291015625,29831000
2022-12-21,53.46296691894531,56.12300109863281,56.191001892089844,54.69499969482422,54.766998291015625,25619000
2022-12-22,52.68755340576172,55.308998107910156,55.49399948120117,54.720001220703125,55.334999084472656,27553000
2022-12-23,52.62467575073242,55.24300003051758,55.36199951171875,54.744998931884766,55.0,13761000
2022-12-27,52.730411529541016,55.354000091552734,55.81100082397461,54.694000244140625,55.154998779296875,16677000
2022-12-28,51.906410217285156,54.48899841308594,55.777000427246094,54.244998931884766,55.16400146484375,15410000
2022-12-29,53.137176513671875,55.78099822998047,56.2599983215332,55.04999923706055,55.185001373291016,18176000
2022-12-30,53.262916564941406,55.91299819946289,55.96500015258789,54.80099868774414,55.18199920654297,14376000
2023-01-03,52.724700927734375,55.347999572753906,56.75699996948242,55.07899856567383,56.5,20173000
2023-01-04,53.368656158447266,56.02399826049805,56.816001892089844,55.60300064086914,56.29899978637695,17074000
2023-01-05,52.87139129638672,55.50199890136719,55.98400115966797,55.11199951171875,55.57099914550781,16277000
2023-01-06,56.05405044555664,58.84299850463867,59.099998474121094,56.22999954223633,56.3120002746582,35261000
2023-01-09,54.954742431640625,57.68899917602539,60.16699981689453,56.055999755859375,59.22999954223633,37739000
2023-01-10,54.768035888671875,57.49300003051758,57.51300048828125,54.999000549316406,57.20000076293945,44635000
2023-01-11,55.07380676269531,57.81399917602539,57.83399963378906,56.6870002746582,57.29999923706055,22502000
2023-01-12,55.435813903808594,58.194000244140625,58.51100158691406,57.375999450683594,57.558998107910156,19514000
2023-01-13,55.15574645996094,57.900001525878906,58.19300079345703,57.66699981689453,57.71500015258789,19647000
2023-01-17,55.17860412597656,57.92399978637695,58.5359992980957,57.45399856567383,57.4900016784668,15835000
2023-01-18,54.707069396972656,57.42900085449219,58.75600051879883,57.37200164794922,58.32099914550781,15703000
2023-01-19,53.65253448486328,56.321998596191406,57.00600051879883,56.03099822998047,56.9119987487793,22692000
2023-01-20,54.372703552246094,57.077999114990234,57.13600158691406,55.9109992980957,56.303001403808594,22950000
2023-01-23,55.40627670288086,58.16299819946289,58.479000091552734,56.97800064086914,57.20000076293945,23429000
2023-01-24,55.730159759521484,58.50299835205078,58.66899871826172,57.5629997253418,57.84400177001953,13825000
2023-01-25,55.792083740234375,58.56800079345703,58.696998596191406,57.604000091552734,57.766998291015625,13766000
2023-01-26,57.02094268798828,59.858001708984375,60.055999755859375,58.625999450683594,59.04100036621094,24525000
2023-01-27,56.29791259765625,59.0989990234375,59.92499923706055,59.01900100708008,59.332000732421875,19344000
2023-01-30,55.38912582397461,58.14500045776367,58.96099853515625,57.97600173950195,58.29999923706055,16984000
2023-01-31,55.72825241088867,58.500999450683594,58.722999572753906,58.07400131225586,58.207000732421875,23719000
2023-02-01,57.41818618774414,60.275001525878906,60.83000183105469,58.27000045776367,58.356998443603516,26553000
2023-02-02,57.70586013793945,60.57699966430664,61.31399917602539,59.974998474121094,60.76300048828125,24188000
2023-02-03,56.92948913574219,59.762001037597656,60.80400085449219,59.625,59.79999923706055,19093000
2023-02-06,57.28004837036133,60.130001068115234,60.321998596191406,59.22600173950195,59.33399963378906,18709000
2023-02-07,58.53273010253906,61.44499969482422,61.70100021362305,59.97200012207031,60.066001892089844,24025000
2023-02-08,57.31911087036133,60.17100143432617,61.018001556396484,60.0620002746582,60.667999267578125,15290000
2023-02-09,57.10000228881836,59.941001892089844,61.49300003051758,59.54800033569336,61.2599983215332,18837000
2023-02-10,56.513206481933594,59.32500076293945,59.84600067138672,58.9630012512207,59.63100051879883,21035000
2023-02-13,57.26290512084961,60.11199951171875,60.14799880981445,59.34700012207031,59.5,19847000
2023-02-14,57.37625503540039,60.23099899291992,60.55799865722656,59.332000732421875,59.41699981689453,17571000
2023-02-15,57.88876724243164,60.76900100708008,60.827999114990234,59.66999816894531,59.88600158691406,12683000
2023-02-16,57.20766067504883,60.05400085449219,60.89400100708008,59.95500183105469,60.07500076293945,17449000
2023-02-17,56.73611068725586,59.558998107910156,60.084999084472656,59.244998931884766,60.0,14215000
2023-02-21,55.397705078125,58.15399932861328,59.308998107910156,57.98400115966797,59.0,22737000
2023-02-22,54.88615798950195,57.617000579833984,58.308998107910156,57.209999084472656,58.224998474121094,23475000
2023-02-23,55.61299514770508,58.380001068115234,58.59400177001953,57.36800003051758,58.57500076293945,18939000
2023-02-24,55.03666305541992,57.775001525878906,58.02399826049805,57.361000061035156,57.75299835205078,15353000
2023-02-27,55.77016830444336,58.54499816894531,58.97999954223633,58.42599868774414,58.58700180053711,18321000
2023-02-28,56.61227798461914,59.42900085449219,59.858001708984375,58.21799850463867,58.555999755859375,27822000
2023-03-01,56.54368591308594,59.356998443603516,59.82099914550781,59.029998779296875,59.400001525878906,15484000
2023-03-02,57.02761459350586,59.8650016784668,60.09400177001953,58.612998962402344,58.93899917602539,27525000
2023-03-03,60.27694320678711,63.2760009765625,63.573001861572266,61.57500076293945,61.77000045776367,46088000
2023-03-06,60.29218292236328,63.29199981689453,64.40499877929688,63.17300033569336,63.5,24983000
2023-03-07,59.552001953125,62.51499938964844,63.577999114990234,62.35100173950195,63.48699951171875,19334000
2023-03-08,60.229312896728516,63.22600173950195,63.27299880981445,62.367000579833984,62.77799987792969,20912000
2023-03-09,59.30147171020508,62.25199890136719,64.24400329589844,62.1879997253418,63.007999420166016,21775000
2023-03-10,58.56892395019531,61.483001708984375,63.01599884033203,61.28200149536133,62.819000244140625,26098000
2023-03-13,58.72514724731445,61.64699935913086,62.43899917602539,60.6879997253418,60.70899963378906,22364000
2023-03-14,60.24835968017578,63.24599838256836,63.33700180053711,61.849998474121094,62.3390007019043,25893000
2023-03-15,59.63678741455078,62.604000091552734,63.00699996948242,61.619998931884766,62.766998291015625,22963000
2023-03-16,60.633216857910156,63.650001525878906,63.707000732421875,61.78099822998047,62.185001373291016,31716000
2023-03-17,60.106422424316406,63.09700012207031,63.957000732421875,62.70800018310547,63.650001525878906,79303000
2023-03-20,61.320045471191406,64.37100219726562,64.4739990234375,63.15999984741211,63.27399826049805,25857000
2023-03-21,61.093605041503906,63.67499923706055,64.65899658203125,63.43299865722656,64.30899810791016,25000000
2023-03-22,60.534244537353516,63.09199905395508,64.8499984741211,63.06700134277344,63.689998626708984,25799000
2023-03-23,61.3315544128418,63.92300033569336,64.81800079345703,63.15299987792969,63.88999938964844,27162000
2023-03-24,61.037960052490234,63.617000579833984,63.93000030517578,62.85499954223633,63.803001403808594,17228000
2023-03-27,60.142784118652344,62.683998107910156,63.90999984741211,62.5989990234375,63.900001525878906,14707000
2023-03-28,59.93746566772461,62.470001220703125,62.65399932861328,61.88600158691406,62.52299880981445,12439000
2023-03-29,60.01422119140625,62.54999923706055,63.4010009765625,62.4640007019043,63.27799987792969,26395000
2023-03-30,60.8057746887207,63.375,63.60499954223633,62.93000030517578,63.27299880981445,21523000
2023-03-31,61.55318832397461,64.15399932861328,64.22200012207031,62.590999603271484,63.05400085449219,22097000
2023-04-03,61.642425537109375,64.24700164794922,64.38999938964844,63.64400100708008,63.900001525878906,15682000
2023-04-04,60.86909484863281,63.441001892089844,64.42400360107422,63.20000076293945,64.31500244140625,13429000
2023-04-05,60.35098648071289,62.9010009765625,63.16999816894531,62.56999969482422,63.11399841308594,16908000
2023-04-06,59.73980712890625,62.263999938964844,62.84000015258789,61.89699935913086,62.41600036621094,14493000
2023-04-10,60.195552825927734,62.73899841308594,62.7869987487793,61.64500045776367,61.80500030517578,15400000
2023-04-11,59.637149810791016,62.15700149536133,63.0880012512207,62.082000732421875,63.077999114990234,16518000
2023-04-12,59.169891357421875,61.66999816894531,62.75199890136719,61.625999450683594,62.73400115966797,14112000
2023-04-13,59.8933219909668,62.42399978637695,62.650001525878906,61.71099853515625,61.90700149536133,17265000
2023-04-14,59.4423713684082,61.95399856567383,62.803001403808594,61.520999908447266,62.04800033569336,17465000
2023-04-17,60.19267654418945,62.736000061035156,62.83399963378906,61.78099822998047,61.861000061035156,13201000
2023-04-18,60.66856384277344,63.231998443603516,63.54999923706055,62.7130012512207,63.1619987487793,16806000
2023-04-19,60.87773513793945,63.45000076293945,63.67900085449219,62.55500030517578,62.67900085449219,19060000
2023-04-20,60.7357292175293,63.301998138427734,64.27300262451172,62.7140007019043,62.7859992980957,20239000
2023-04-21,60.724220275878906,63.290000915527344,63.380001068115234,62.19900131225586,63.060001373291016,14807000
2023-04-24,60.881568908691406,63.45399856567383,63.8849983215332,63.17900085449219,63.36399841308594,12338000
2023-04-25,59.68031692504883,62.20199966430664,63.5989990234375,62.17399978637695,63.39899826049805,23670000
2023-04-26,59.12095260620117,61.61899948120117,62.3129997253418,61.35100173950195,61.99700164794922,17179000
2023-04-27,59.333961486816406,61.840999603271484,62.00899887084961,60.323001861572266,61.61899948120117,18250000
2023-04-28,60.110164642333984,62.650001525878906,62.678001403808594,61.45600128173828,61.90700149536133,16183000
2023-05-01,61.208740234375,63.79499816894531,63.89899826049805,62.619998931884766,62.650001525878906,17030000
2023-05-02,58.75156784057617,61.23400115966797,62.650001525878906,60.50199890136719,62.57600021362305,28357000
2023-05-03,58.834083557128906,61.31999969482422,62.19499969482422,61.2400016784668,61.689998626708984,19816000
2023-05-04,58.54240417480469,61.01599884033203,61.395999908447266,60.12900161743164,61.0,17684000
2023-05-05,60.45748519897461,63.012001037597656,63.14699935913086,61.33700180053711,61.595001220703125,24876000
2023-05-08,60.35578918457031,62.90599822998047,63.073001861572266,62.05799865722656,62.97800064086914,13934000
2023-05-09,59.34355926513672,61.85100173950195,62.40700149536133,61.58599853515625,62.27299880981445,16990000
2023-05-10,60.08809280395508,62.62699890136719,62.79999923706055,61.82699966430664,62.20600128173828,19174000
2023-05-11,60.222412109375,62.766998291015625,62.847999572753906,61.79899978637695,62.65800094604492,14430000
2023-05-12,60.55631637573242,63.1150016784668,63.27000045776367,62.42100143432617,62.8380012512207,11942000
2023-05-15,61.3862419128418,63.97999954223633,64.00199890136719,62.84700012207031,63.1870002746582,14614000
2023-05-16,61.5435905456543,64.14399719238281,64.69100189208984,63.87300109863281,64.0459976196289,14967000
2023-05-17,63.08161544799805,65.74700164794922,66.08999633789062,64.45800018310547,64.73500061035156,24133000
2023-05-18,65.04179382324219,67.79000091552734,67.93599700927734,65.5999984741211,65.5999984741211,26389000
2023-05-19,65.45915985107422,68.2249984741211,68.49500274658203,67.84100341796875,68.0,22968000
2023-05-22,65.08687591552734,67.83699798583984,68.46800231933594,67.41200256347656,68.13999938964844,17796000
2023-05-23,65.86691284179688,68.6500015258789,69.89900207519531,68.2020034790039,69.06400299072266,36088000
2023-05-24,65.19817352294922,67.9530029296875,68.43099975585938,67.60600280761719,68.14399719238281,23021000
2023-05-25,69.9254379272461,72.87999725341797,73.23899841308594,69.0770034790039,69.94100189208984,49263000
2023-05-26,77.97817993164062,81.27300262451172,81.49800109863281,74.7020034790039,74.74299621582031,82500000
2023-05-30,77.07723236083984,80.33399963378906,92.1780014038086,79.88099670410156,83.51200103759766,116912000
2023-05-31,77.5205078125,80.7959976196289,82.16699981689453,79.01300048828125,79.48999786376953,89998000
2023-06-01,75.79253387451172,78.99500274658203,80.5790023803711,78.51599884033203,80.06199645996094,80792000
2023-06-02,77.90813446044922,81.19999694824219,82.37699890136719,78.72000122070312,79.06400299072266,62815000
2023-06-05,76.97746276855469,80.2300033569336,80.91999816894531,79.447998046875,80.91999816894531,26222000
2023-06-06,75.79732513427734,79.0,80.19999694824219,77.63800048828125,80.19999694824219,37823000
2023-06-07,76.0496597290039,79.26300048828125,80.54499816894531,78.7509994506836,78.98200225830078,28957000
2023-06-08,77.15975952148438,80.41999816894531,80.5009994506836,78.87799835205078,79.49099731445312,21909000
2023-06-09,77.20005798339844,80.46199798583984,81.7750015258789,80.38800048828125,80.58000183105469,19241000
2023-06-12,82.068359375,85.53600311279297,85.80000305175781,81.11199951171875,81.11199951171875,51065000
2023-06-13,81.66156005859375,85.11199951171875,86.32599639892578,84.0999984741211,86.11299896240234,38990000
2023-06-14,85.0254135131836,88.61799621582031,88.85399627685547,84.72200012207031,85.58999633789062,43524000
2023-06-15,84.7615737915039,88.34300231933594,88.7969970703125,87.10199737548828,88.44100189208984,33814000
2023-06-16,83.29167175292969,86.81099700927734,88.99500274658203,86.54499816894531,88.9280014038086,68299000
2023-06-20,83.28399658203125,86.8030014038086,87.70700073242188,86.10099792480469,86.26599884033203,27535000
2023-06-21,81.76287078857422,84.76599884033203,86.5999984741211,84.45999908447266,86.0,23229000
2023-06-22,81.25838470458984,84.24299621582031,84.89099884033203,83.53099822998047,84.50900268554688,23464000
2023-06-23,79.30223083496094,82.21499633789062,83.60199737548828,81.88500213623047,83.4010009765625,37413000
2023-06-26,79.25209045410156,82.16300201416016,83.69999694824219,82.02200317382812,82.5,21372000
2023-06-27,81.83424377441406,84.83999633789062,85.0,82.0999984741211,82.86799621582031,24923000
2023-06-28,81.78987121582031,84.79399871826172,85.85299682617188,83.70600128173828,83.87300109863281,19445000
2023-06-29,83.20103454589844,86.25700378417969,86.28399658203125,84.64099884033203,85.44499969482422,23386000
2023-06-30,83.6698226928711,86.74299621582031,87.45700073242188,86.43299865722656,86.85199737548828,23145000
2023-07-03,84.53890228271484,87.64399719238281,87.6729965209961,86.49199676513672,86.86199951171875,9038000
2023-07-05,83.1325454711914,86.18599700927734,87.69000244140625,86.17500305175781,86.73999786376953,14440000
2023-07-06,81.795654296875,84.80000305175781,85.38999938964844,84.43299865722656,84.5,23939000
2023-07-07,81.67508697509766,84.67500305175781,85.79900360107422,84.46600341796875,85.04299926757812,19409000
2023-07-10,84.663330078125,87.77300262451172,87.91699981689453,84.8280029296875,84.8280029296875,30622000
2023-07-11,85.08003234863281,88.20500183105469,88.30000305175781,86.46299743652344,88.11100006103516,25498000
2023-07-12,85.842041015625,88.99500274658203,89.75900268554688,88.19999694824219,88.9000015258789,28197000
2023-07-13,85.88159942626953,89.03600311279297,89.89399719238281,87.8270034790039,89.89399719238281,25912000
2023-07-14,85.70988464355469,88.85800170898438,90.33499908447266,88.61599731445312,88.61599731445312,18510000
2023-07-17,87.80976867675781,91.03500366210938,91.32099914550781,88.97799682617188,89.10099792480469,26819000
2023-07-18,87.14227294921875,90.34300231933594,90.98999786376953,89.82599639892578,90.5979995727539,24513000
2023-07-19,86.9435806274414,90.13700103759766,90.59700012207031,88.56300354003906,89.72699737548828,24118000
2023-07-20,85.6867446899414,88.83399963378906,90.69999694824219,88.5999984741211,89.25399780273438,28268000
2023-07-21,86.49794006347656,89.67500305175781,91.11499786376953,89.38300323486328,90.4489974975586,74287000
2023-07-24,86.96479034423828,90.15899658203125,90.54399871826172,89.4229965209961,90.08000183105469,19992000
2023-07-25,88.54669952392578,91.79900360107422,92.31800079345703,90.06199645996094,90.06199645996094,20042000
2023-07-26,86.14490509033203,89.30899810791016,91.06199645996094,88.76499938964844,90.9000015258789,19877000
2023-07-27,86.18734741210938,89.35299682617188,90.98500061035156,88.5999984741211,90.8499984741211,21922000
2023-07-28,86.79116821289062,89.97899627685547,90.35600280761719,89.3949966430664,89.93199920654297,18791000
2023-07-31,86.68122100830078,89.86499786376953,90.0999984741211,89.0999984741211,89.75,14952000
2023-08-01,88.74057006835938,92.0,92.06199645996094,89.7699966430664,89.89800262451172,19683000
2023-08-02,86.06871795654297,89.2300033569336,91.30000305175781,89.02899932861328,91.2300033569336,26877000
2023-08-03,85.3626480102539,88.49800109863281,89.53299713134766,88.10800170898438,88.66200256347656,18281000
2023-08-04,85.04145050048828,88.16500091552734,89.36199951171875,87.33699798583984,88.49800109863281,21156000
2023-08-07,86.52784729003906,89.70600128173828,89.73699951171875,88.5270004272461,88.76799774169922,11146000
2023-08-08,85.18709564208984,88.31600189208984,89.05999755859375,87.33999633789062,89.00900268554688,14081000
2023-08-09,82.05899810791016,85.072998046875,88.35299682617188,84.87200164794922,88.27200317382812,24672000
2023-08-10,81.30374145507812,84.29000091552734,86.1500015258789,83.70700073242188,85.31199645996094,20186000
2023-08-11,80.03629302978516,82.97599792480469,83.63999938964844,82.3479995727539,83.4010009765625,20331000
2023-08-14,82.38404083251953,85.41000366210938,85.41799926757812,82.73799896240234,83.11299896240234,17688000
2023-08-15,81.26707458496094,84.25199890136719,85.46199798583984,83.64600372314453,84.9209976196289,14035000
2023-08-16,80.34783935546875,83.29900360107422,85.44999694824219,83.19599914550781,84.77899932861328,16003000
2023-08-17,79.77970886230469,82.70999908447266,83.94200134277344,82.70099639892578,83.6510009765625,19228000
2023-08-18,79.65815734863281,82.58399963378906,82.81700134277344,81.19999694824219,82.0,17759000
2023-08-21,83.44893646240234,86.51399993896484,86.73400115966797,83.177001953125,83.40599822998047,30012000
2023-08-22,82.54706573486328,85.5790023803711,87.4749984741211,85.08799743652344,87.34100341796875,17079000
2023-08-23,84.55239868164062,87.65799713134766,87.81900024414062,85.0,85.0770034790039,19692000
2023-08-24,82.41876983642578,85.44599914550781,90.98600006103516,85.24600219726562,90.23500061035156,30934000
2023-08-25,82.16413116455078,85.18199920654297,86.94400024414062,83.76699829101562,85.7020034790039,24181000
2023-08-28,83.05732727050781,86.10800170898438,86.41300201416016,84.71099853515625,85.63899993896484,14306000
2023-08-29,85.84010314941406,88.99299621582031,89.28399658203125,85.64199829101562,85.83999633789062,27822000
2023-08-30,86.06678009033203,89.22799682617188,89.87100219726562,87.91100311279297,89.23899841308594,23234000
2023-08-31,89.01933288574219,92.28900146484375,92.36699676513672,89.37699890136719,89.8010025024414,55203000
2023-09-01,84.1607666015625,87.25199890136719,90.18699645996094,86.46600341796875,90.18699645996094,65017000
2023-09-05,84.12703704833984,87.21700286865234,88.30000305175781,86.69999694824219,86.95099639892578,24808000
2023-09-06,84.13666534423828,87.22699737548828,87.73699951171875,86.67400360107422,87.25,20142000
2023-09-07,82.66667938232422,85.7030029296875,86.16899871826172,84.052001953125,85.94999694824219,27789000
2023-09-08,82.71682739257812,85.75499725341797,86.08300018310547,85.01200103759766,85.5,16810000
2023-09-11,82.87019348144531,85.91400146484375,86.9000015258789,84.56500244140625,86.87699890136719,15710000
2023-09-12,81.45999145507812,84.4520034790039,85.8270034790039,84.16600036621094,85.02400207519531,16680000
2023-09-13,82.27120208740234,85.29299926757812,85.91100311279297,84.42400360107422,84.71900177001953,17413000
2023-09-14,84.07589721679688,87.16400146484375,87.66699981689453,85.5,85.90299987792969,19648000
2023-09-15,82.15064239501953,85.16799926757812,86.81600189208984,84.29000091552734,86.81600189208984,50190000
2023-09-18,81.98857879638672,85.0,85.63300323486328,84.0,84.25800323486328,16541000
2023-09-19,81.91140747070312,84.91999816894531,85.10299682617188,83.8499984741211,84.5989990234375,13126000
2023-09-20,80.55074310302734,83.05699920654297,84.9990005493164,83.03500366210938,84.9990005493164,13681000
2023-09-21,78.39676666259766,80.83599853515625,82.25,79.50900268554688,79.51100158691406,53654000
2023-09-22,80.40623474121094,82.90799713134766,83.05799865722656,81.03800201416016,81.1240005493164,27764000
2023-09-25,80.87271881103516,83.38899993896484,83.85600280761719,82.3010025024414,82.80000305175781,15648000
2023-09-26,79.1561508178711,81.61900329589844,83.0270004272461,81.12100219726562,82.91699981689453,17641000
2023-09-27,79.21626281738281,81.68099975585938,82.36799621582031,80.43800354003906,81.9260025024414,15352000
2023-09-28,80.6894302368164,83.19999694824219,83.88600158691406,81.46800231933594,82.01699829101562,16180000
2023-09-29,80.55171203613281,83.05799865722656,84.40399932861328,82.29100036621094,83.6449966430664,16481000
2023-10-02,80.97553253173828,83.49500274658203,83.85600280761719,82.3499984741211,82.90599822998047,14676000
2023-10-03,79.02425384521484,81.48300170898438,83.57499694824219,80.89099884033203,82.69999694824219,18761000
2023-10-04,79.8951416015625,82.38099670410156,83.05799865722656,81.62999725341797,82.03299713134766,16417000
2023-10-05,79.9000015258789,82.38600158691406,82.86299896240234,81.5479965209961,82.01100158691406,11474000
2023-10-06,81.97542572021484,84.5260009765625,84.83899688720703,81.1719970703125,81.94000244140625,21103000
2023-10-09,83.00537872314453,85.58799743652344,85.66100311279297,83.78299713134766,84.0459976196289,15760000
2023-10-10,83.25072479248047,85.84100341796875,87.25499725341797,85.5719985961914,85.71499633789062,14718000
2023-10-11,84.81700134277344,87.45600128173828,87.53399658203125,85.65499877929688,85.97100067138672,14334000
2023-10-12,87.82733917236328,90.55999755859375,91.79299926757812,87.64299774169922,87.64299774169922,43871000
2023-10-13,85.65299987792969,88.31800079345703,92.59100341796875,88.20899963378906,90.9000015258789,28312000
2023-10-16,87.53349304199219,90.25700378417969,91.5790023803711,89.09700012207031,89.09700012207031,21150000
2023-10-17,85.77131652832031,88.44000244140625,89.2979965209961,86.5999984741211,88.51499938964844,33008000
2023-10-18,86.02637481689453,88.7030029296875,89.56300354003906,87.5199966430664,87.99500274658203,20404000
2023-10-19,84.16432189941406,86.78299713134766,88.9489974975586,86.56700134277344,88.7020034790039,26620000
2023-10-20,82.78717041015625,85.36299896240234,87.48999786376953,85.18399810791016,87.48999786376953,26953000
2023-10-23,83.62023162841797,86.22200012207031,87.36000061035156,84.28199768066406,85.7959976196289,16456000
2023-10-24,85.45223999023438,88.11100006103516,88.30000305175781,86.31199645996094,86.4000015258789,14972000
2023-10-25,82.39924621582031,84.96299743652344,87.87300109863281,84.60800170898438,87.70700073242188,21432000
2023-10-26,80.1802749633789,82.67500305175781,85.44200134277344,81.83399963378906,84.79100036621094,27917000
2023-10-27,81.30624389648438,83.83599853515625,84.02100372314453,82.85399627685547,83.0,18236000
2023-10-30,81.5865249633789,84.125,84.94300079345703,82.71499633789062,84.11000061035156,20889000
2023-10-31,81.59815979003906,84.13700103759766,84.55000305175781,83.26000213623047,84.38899993896484,14747000
2023-11-01,82.72024536132812,85.29399871826172,85.38300323486328,83.55699920654297,84.19999694824219,18684000
2023-11-02,84.50082397460938,87.12999725341797,88.05000305175781,86.0,86.19999694824219,18759000
2023-11-03,85.60449981689453,88.26799774169922,88.75,87.10600280761719,87.75,18041000
2023-11-06,85.42508697509766,88.08300018310547,88.58899688720703,87.12100219726562,88.15599822998047,12870000
2023-11-07,87.07281494140625,89.78199768066406,90.177001953125,87.61599731445312,88.23200225830078,19365000
2023-11-08,88.36366271972656,91.11299896240234,91.29100036621094,89.9000015258789,90.0,15280000
2023-11-09,88.38790130615234,91.13800048828125,92.9800033569336,90.85600280761719,91.25,24486000
2023-11-10,92.86267852783203,95.75199890136719,95.8949966430664,91.82099914550781,92.17400360107422,36272000
2023-11-13,91.83562469482422,94.69300079345703,95.23999786376953,94.0479965209961,95.00499725341797,16893000
2023-11-14,94.36007690429688,97.2959976196289,97.677001953125,95.5250015258789,96.23400115966797,23886000
2023-11-15,94.59671783447266,97.54000091552734,98.17500305175781,96.69100189208984,97.95099639892578,16099000
2023-11-16,93.0595474243164,95.95500183105469,96.87000274658203,95.052001953125,96.4000015258789,26198000
2023-11-17,94.82268524169922,97.77300262451172,98.38899993896484,95.0999984741211,95.82099914550781,19789000
2023-11-20,96.5664291381836,99.57099914550781,99.98699951171875,97.30000305175781,97.30000305175781,18674000
2023-11-21,95.15921020507812,98.12000274658203,99.0999984741211,97.16300201416016,97.5,43344000
2023-11-22,94.2669677734375,97.19999694824219,98.79900360107422,97.0999984741211,98.36900329589844,33743000
2023-11-24,94.93326568603516,97.88700103759766,97.98600006103516,96.67500305175781,97.49600219726562,23158000
2023-11-27,92.15664672851562,95.02400207519531,98.10099792480469,94.93299865722656,97.61499786376953,96962000
2023-11-28,91.77938842773438,94.63500213623047,95.08599853515625,93.41600036621094,93.99400329589844,39025000
2023-11-29,91.2440414428711,94.08300018310547,95.94300079345703,93.93699645996094,94.83399963378906,34843000
2023-11-30,89.77959442138672,92.572998046875,94.24199676513672,91.83699798583984,94.0999984741211,49571000
2023-12-01,90.19371795654297,93.0,93.38999938964844,90.80000305175781,92.24600219726562,29612000
2023-12-04,89.6089096069336,92.39700317382812,93.09700012207031,91.64399719238281,92.06400299072266,25009000
2023-12-05,88.55664825439453,91.31199645996094,91.72699737548828,90.58499908447266,91.16000366210938,37066000
2023-12-06,87.63723754882812,90.36399841308594,92.09700012207031,90.30999755859375,92.03600311279297,24813000
2023-12-07,89.44306182861328,92.22599792480469,92.41200256347656,90.36399841308594,90.55400085449219,43517000
2023-12-08,91.58055877685547,94.43000030517578,95.072998046875,91.0530014038086,92.78399658203125,69668000
2023-12-11,99.81825256347656,102.92400360107422,103.95099639892578,95.60900115966797,95.70099639892578,101184000
2023-12-12,103.99238586425781,107.22799682617188,107.93900299072266,102.45800018310547,102.79900360107422,90242000
2023-12-13,105.68085479736328,108.96900177001953,109.97799682617188,106.25399780273438,106.80000305175781,71654000
2023-12-14,107.31016540527344,110.64900207519531,112.14600372314453,109.02799987792969,109.21800231933594,66964000
2023-12-15,109.56500244140625,112.9739990234375,114.98799896240234,109.46199798583984,109.52200317382812,118544000
2023-12-18,111.23890686035156,114.69999694824219,115.18199920654297,111.86399841308594,112.08000183105469,54741000
2023-12-19,111.02748107910156,113.95800018310547,115.0459976196289,113.2509994506836,114.19999694824219,36020000
2023-12-20,108.18258666992188,111.03800201416016,114.13600158691406,110.9260025024414,113.2699966430664,34523000
2023-12-21,109.83008575439453,112.72899627685547,113.54199981689453,111.5,113.26499938964844,24106000
2023-12-22,109.312744140625,112.197998046875,113.19999694824219,111.35299682617188,112.7979965209961,19089000
2023-12-26,110.27828216552734,113.18900299072266,113.55000305175781,112.302001953125,112.42400360107422,16793000
2023-12-27,109.72097778320312,112.61699676513672,113.95700073242188,112.2959976196289,113.5999984741211,20055000
2023-12-28,109.35465240478516,112.24099731445312,113.2239990234375,111.90499877929688,113.16899871826172,21247000
2023-12-29,108.7544937133789,111.625,112.43800354003906,111.46700286865234,112.14600372314453,20558000
2024-01-02,105.74687957763672,108.53800201416016,110.19999694824219,107.70899963378906,109.21199798583984,28831000
2024-01-03,103.13578796386719,105.85800170898438,107.5,105.53099822998047,107.0199966430664,34735000
2024-01-04,102.20339965820312,104.9010009765625,106.94999694824219,104.73699951171875,105.7959976196289,25658000
2024-01-05,102.22970581054688,104.9280014038086,105.5459976196289,104.1510009765625,105.16000366210938,22475000
2024-01-08,104.72095489501953,107.48500061035156,107.80000305175781,105.19999694824219,105.6500015258789,33110000
2024-01-09,105.46531677246094,108.2490005493164,108.8550033569336,106.47100067138672,106.56199645996094,23225000
2024-01-10,105.27825164794922,108.05699920654297,108.2959976196289,106.26000213623047,108.03500366210938,17643000
2024-01-11,107.1693344116211,109.99800109863281,110.12999725341797,107.45099639892578,108.43199920654297,25757000
2024-01-12,107.91951751708984,110.76799774169922,111.56900024414062,110.0009994506836,111.20999908447266,26882000
2024-01-16,108.62879943847656,111.49600219726562,112.6240005493164,109.86299896240234,111.23400115966797,26145000
2024-01-17,107.5288314819336,110.36699676513672,111.31099700927734,109.02100372314453,110.62899780273438,18314000
2024-01-18,111.4493637084961,114.39099884033203,114.65499877929688,112.18800354003906,112.48999786376953,32228000
2024-01-19,118.00531768798828,121.12000274658203,121.69999694824219,115.5999984741211,115.73100280761719,53077000
2024-01-22,118.9113998413086,122.05000305175781,123.13300323486328,120.8219985961914,121.625,31222000
2024-01-23,119.47746276855469,122.63099670410156,122.697998046875,120.35199737548828,122.0999984741211,16952000
2024-01-24,122.16258239746094,125.38700103759766,128.4550018310547,123.10099792480469,124.2300033569336,34805000
2024-01-25,119.83696746826172,123.0,128.10000610351562,122.87999725341797,128.10000610351562,36356000
2024-01-26,117.38956451416016,120.48799896240234,122.12100219726562,120.02300262451172,121.97000122070312,25818000
2024-01-29,118.64542388916016,121.7770004272461,122.36699676513672,120.4990005493164,121.49099731445312,21526000
2024-01-30,117.7091293334961,120.81600189208984,122.80000305175781,120.42900085449219,121.677001953125,20683000
2024-01-31,114.96556091308594,118.0,119.72200012207031,117.43099975585938,118.94499969482422,27400000
2024-02-01,116.91510009765625,120.0009994506836,120.30899810791016,117.91100311279297,118.73500061035156,19411000
2024-02-02,119.2855224609375,122.43399810791016,123.46900177001953,120.51499938964844,120.875,26689000
2024-02-05,121.11328887939453,124.30999755859375,124.7750015258789,122.21499633789062,122.69599914550781,22045000
2024-02-06,119.12088775634766,122.26499938964844,127.21099853515625,121.19400024414062,126.35700225830078,25354000
2024-02-07,122.47338104248047,125.70600128173828,125.95099639892578,122.66999816894531,123.4000015258789,25768000
2024-02-08,124.19786834716797,127.47599792480469,129.5970001220703,126.5009994506836,126.69999694824219,29326000
2024-02-09,125.04354095458984,128.343994140625,128.5749969482422,124.89900207519531,125.2030029296875,26293000
2024-02-12,123.24697875976562,126.5,129.0070037841797,125.9000015258789,129.00100708007812,24778000
2024-02-13,121.94629669189453,125.16500091552734,125.58699798583984,122.70899963378906,123.51200103759766,31907000
2024-02-14,122.97611236572266,126.22200012207031,127.30000305175781,124.13200378417969,126.92400360107422,27306000
2024-02-15,123.25379180908203,126.50700378417969,128.0,124.48500061035156,127.99500274658203,21873000
2024-02-16,121.34515380859375,124.5479965209961,127.56800079345703,124.23899841308594,125.90399932861328,21268000
2024-02-20,119.50084686279297,122.65499877929688,123.77200317382812,121.25599670410156,123.58599853515625,26329000
2024-02-21,119.58853912353516,122.74500274658203,122.80500030517578,120.26399993896484,121.80000305175781,20579000
2024-02-22,127.13438415527344,130.49000549316406,131.09800720214844,127.64700317382812,128.17100524902344,40819000
2024-02-23,126.30327606201172,129.63699340820312,131.96200561523438,128.8820037841797,130.83700561523438,23115000
2024-02-26,127.54647064208984,130.91299438476562,131.87899780273438,130.14599609375,131.0,16282000
2024-02-27,126.28963470458984,129.6230010986328,131.19400024414062,129.2220001220703,130.91299438476562,12126000
2024-02-28,125.62615966796875,128.94200134277344,129.8520050048828,128.2969970703125,129.3000030517578,10967000
2024-02-29,126.7046890258789,130.0489959716797,130.83999633789062,128.72799682617188,130.33099365234375,27536000
2024-03-01,136.31893920898438,139.91700744628906,140.7760009765625,132.0,132.59300231933594,44488000
2024-03-04,136.6199951171875,140.2259979248047,143.81700134277344,138.5189971923828,140.31500244140625,34854000
2024-03-05,130.82205200195312,134.27499389648438,139.5,133.23699951171875,139.5,36040000
2024-03-06,131.5283966064453,135.0,139.48300170898438,134.70599365234375,139.1580047607422,43196000
2024-03-07,137.082763671875,140.7010040283203,141.43099975585938,137.28900146484375,138.19900512695312,62832000
2024-03-08,127.50655364990234,130.8719940185547,141.3000030517578,130.1580047607422,139.4250030517578,74025000
2024-03-11,125.98666381835938,129.31199645996094,129.90199279785156,125.25599670410156,127.79299926757812,31105000
2024-03-12,125.86582946777344,129.18800354003906,130.7790069580078,125.9280014038086,130.6999969482422,42789000
2024-03-13,122.55230712890625,125.78700256347656,128.28799438476562,125.23600006103516,128.28799438476562,37838000
2024-03-14,122.9809799194336,126.22699737548828,127.31300354003906,124.77100372314453,126.25399780273438,38029000
2024-03-15,120.37283325195312,123.55000305175781,126.73699951171875,123.00700378417969,125.34600067138672,88823000
2024-03-18,120.54235076904297,123.7239990234375,126.28800201416016,123.16999816894531,125.39800262451172,25737000
2024-03-19,120.61737823486328,123.8010025024414,124.0270004272461,120.4020004272461,121.69499969482422,24491000
2024-03-20,124.84812927246094,127.5999984741211,128.7989959716797,122.65899658203125,123.9020004272461,40946000
2024-03-21,131.892822265625,134.8000030517578,140.36099243164062,131.60000610351562,132.83200073242188,72468000
2024-03-22,132.42803955078125,135.3470001220703,137.6219940185547,134.61500549316406,135.0,38624000
2024-03-25,132.24313354492188,135.1580047607422,135.843994140625,133.7469940185547,134.5030059814453,21237000
2024-03-26,130.27745056152344,133.1490020751953,137.99400329589844,133.05099487304688,136.468994140625,23522000
2024-03-27,129.02896118164062,131.8730010986328,135.0,129.6020050048828,135.0,25583000
2024-03-28,129.68255615234375,132.54100036621094,133.00900268554688,131.1529998779297,131.7899932861328,19856000
2024-04-01,132.11395263671875,135.0260009765625,136.29800415039062,132.54100036621094,132.5679931640625,17252000
2024-04-02,130.98880004882812,133.87600708007812,134.23699951171875,130.34100341796875,131.57899475097656,24694000
2024-04-03,133.38104248046875,136.3209991455078,137.6820068359375,132.52699279785156,132.8000030517578,28650000
2024-04-04,128.90863037109375,131.75,140.3979949951172,131.5,138.53199768066406,27014000
2024-04-05,131.05430603027344,133.9429931640625,136.1230010986328,131.4199981689453,132.60000610351562,19438000
2024-04-08,130.72850036621094,133.61000061035156,134.25,131.5749969482422,133.36500549316406,17139000
2024-04-09,130.53086853027344,133.4080047607422,135.947998046875,130.86399841308594,135.73699951171875,17986000
2024-04-10,129.38511657714844,132.23699951171875,133.5749969482422,131.54800415039062,132.3000030517578,17467000
2024-04-11,135.2645263671875,138.24600219726562,139.18699645996094,132.36500549316406,133.26800537109375,31713000
2024-04-12,131.50833129882812,134.40699768066406,136.6510009765625,133.66200256347656,135.2010040283203,27823000
2024-04-15,128.24229431152344,131.06900024414062,137.0,130.60000610351562,137.0,24370000
2024-04-16,130.03968811035156,132.906005859375,133.6320037841797,131.10000610351562,131.53799438476562,18923000
2024-04-17,125.49681854248047,128.26300048828125,134.6999969482422,128.14199829101562,134.31100463867188,24718000
2024-04-18,123.18379974365234,125.89900207519531,129.26499938964844,125.5459976196289,128.8000030517578,24888000
2024-04-19,117.87286376953125,120.47100067138672,126.0,119.75599670410156,125.89900207519531,44797000
2024-04-22,119.8052749633789,122.44599914550781,123.31999969482422,120.05400085449219,122.44999694824219,25162000
2024-04-23,122.22493743896484,124.91899871826172,125.79000091552734,122.802001953125,122.81700134277344,22025000
2024-04-24,122.97148132324219,125.68199920654297,128.56199645996094,124.49600219726562,126.38999938964844,20108000
2024-04-25,126.65038299560547,129.44200134277344,130.80299377441406,125.69999694824219,127.24500274658203,30410000
2024-04-26,131.50833129882812,134.40699768066406,135.58299255371094,130.31300354003906,131.0,24100000
2024-04-29,130.9750518798828,133.86199951171875,135.29800415039062,132.57000732421875,134.4080047607422,13372000
2024-04-30,127.22278594970703,130.02699279785156,134.8350067138672,129.90499877929688,132.88800048828125,22113000
2024-05-01,121.6055908203125,124.28600311279297,129.23699951171875,124.13500213623047,127.83300018310547,30958000
2024-05-02,121.18583679199219,123.85700225830078,126.44499969482422,122.33100128173828,125.62799835205078,29480000
2024-05-03,125.05457305908203,127.81099700927734,128.38800048828125,124.71399688720703,125.9000015258789,24898000
2024-05-06,128.20513916015625,131.031005859375,131.07699584960938,127.50700378417969,128.6219940185547,16287000
2024-05-07,127.50066375732422,130.31100463867188,131.8990020751953,129.67599487304688,131.6439971923828,12413000
2024-05-08,129.6786651611328,132.53700256347656,133.79100036621094,128.8489990234375,129.35000610351562,13918000
2024-05-09,127.75115966796875,130.56700134277344,132.16099548339844,130.1999969482422,131.7830047607422,12170000
2024-05-10,130.40562438964844,133.27999877929688,134.39999389648438,131.531005859375,131.531005859375,16300000
2024-05-13,130.86648559570312,133.75100708007812,135.83900451660156,133.01100158691406,134.8000030517578,18507000
2024-05-14,135.0267791748047,138.0030059814453,138.19900512695312,132.5800018310547,133.23399353027344,19420000
2024-05-15,140.5196990966797,143.61700439453125,143.89500427246094,136.9980010986328,138.0,32757000
2024-05-16,138.1675262451172,141.21299743652344,144.5399932861328,140.50599670410156,142.60000610351562,28395000
2024-05-17,136.51986694335938,139.5290069580078,141.9530029296875,138.17799377441406,141.24200439453125,18174000
2024-05-20,138.35342407226562,141.4029998779297,141.69400024414062,139.3159942626953,139.60000610351562,27170000
2024-05-21,136.90243530273438,139.9199981689453,140.93899536132812,139.3459930419922,139.8679962158203,15333000
2024-05-22,136.22145080566406,139.2239990234375,140.5,138.4219970703125,139.6009979248047,21002000
2024-05-23,136.3241729736328,139.32899475097656,142.89999389648438,137.8000030517578,142.84300231933594,31039000
2024-05-24,137.74778747558594,140.78399658203125,141.35800170898438,139.20199584960938,139.97900390625,16730000
2024-05-28,138.19886779785156,141.2449951171875,141.71800231933594,139.25399780273438,141.0,22919000
2024-05-29,136.06781005859375,139.06700134277344,139.91000366210938,138.3000030517578,139.91000366210938,26861000
2024-05-30,133.46615600585938,136.4080047607422,138.2779998779297,135.56399536132812,137.89999389648438,21717000
2024-05-31,129.9897918701172,132.85499572753906,136.2550048828125,130.7259979248047,136.13600158691406,73091000
2024-06-03,129.33914184570312,132.19000244140625,135.3000030517578,130.2530059814453,135.27000427246094,26278000
2024-06-04,130.21189880371094,133.08200073242188,133.19900512695312,130.7010040283203,132.0399932861328,23048000
2024-06-05,138.261474609375,141.3090057373047,141.43499755859375,134.0540008544922,134.60000610351562,32947000
2024-06-06,137.10496520996094,140.1269989013672,142.2689971923828,138.82400512695312,142.18699645996094,20172000
2024-06-07,137.63038635253906,140.66400146484375,142.5,139.70199584960938,140.7779998779297,17859000
2024-06-10,140.94041442871094,144.0469970703125,144.90499877929688,140.91299438476562,140.97999572753906,31042000
2024-06-11,142.9520721435547,146.10299682617188,146.50100708007812,141.6230010986328,143.82000732421875,34844000
2024-06-12,146.32571411132812,149.55099487304688,150.5800018310547,147.63999938964844,150.0,56697000
2024-06-13,164.2780303955078,167.8990020751953,173.5850067138672,165.2519989013672,171.0,89061000
2024-06-14,169.7621612548828,173.50399780273438,174.7239990234375,168.2100067138672,168.68600463867188,69705000
2024-06-17,178.94277954101562,182.88699340820312,184.3000030517578,177.85800170898438,180.0,87528000
2024-06-18,176.36459350585938,180.2519989013672,185.16200256347656,178.50100708007812,183.95899963378906,86797000
2024-06-20,169.7151641845703,173.45599365234375,180.47500610351562,172.2220001220703,180.3459930419922,68157000
2024-06-21,162.28591918945312,165.86300659179688,171.39999389648438,165.14199829101562,169.5659942626953,99289000
2024-06-24,156.2818145751953,159.2209930419922,166.10000610351562,159.0659942626953,164.2050018310547,58575000
2024-06-25,155.160888671875,158.07899475097656,160.60400390625,156.39999389648438,160.01300048828125,53329000
2024-06-26,156.26121520996094,159.1999969482422,161.8179931640625,157.35899353027344,159.76199340820312,46479000
2024-06-27,155.73709106445312,158.66600036621094,160.56199645996094,157.10000610351562,159.1999969482422,31649000
2024-06-28,157.58926391601562,160.55299377441406,163.92300415039062,158.60000610351562,159.58799743652344,69377000
2024-07-01,161.0511474609375,164.0800018310547,164.875,159.35000610351562,160.82000732421875,47623000
2024-07-02,162.68832397460938,165.7480010986328,165.9199981689453,162.1999969482422,164.0800018310547,32539000
2024-07-03,169.72991943359375,172.9219970703125,172.9219970703125,166.4459991455078,167.0,39954000
2024-07-05,167.18673706054688,170.33099365234375,176.5469970703125,169.60000610351562,175.55599975585938,45240000
2024-07-08,171.36322021484375,174.58599853515625,175.69000244140625,170.5,170.5,36398000
2024-07-09,170.13137817382812,173.33099365234375,177.09800720214844,170.55599975585938,175.656005859375,37802000
2024-07-10,171.2483673095703,174.468994140625,176.6490020751953,172.63600158691406,174.60000610351562,41074000
2024-07-11,167.4458770751953,170.59500122070312,176.48699951171875,166.85000610351562,176.46600341796875,51026000
2024-07-12,166.92762756347656,170.06700134277344,172.59100341796875,169.13099670410156,171.10299682617188,30453000
2024-07-15,168.25564575195312,171.4199981689453,173.50999450683594,169.25999450683594,170.0,22999200
2024-07-16,166.25331115722656,169.3800048828125,172.80999755859375,166.39999389648438,172.39999389648438,22244900
2024-07-17,153.1006622314453,155.97999572753906,162.83999633789062,155.61000061035156,162.30999755859375,43343400
2024-07-18,157.55685424804688,160.52000427246094,161.50999450683594,153.89999389648438,158.88999938964844,37973500
2024-07-19,154.44537353515625,157.35000610351562,163.9499969482422,157.1199951171875,161.83999633789062,26309500
2024-07-22,158.08689880371094,161.05999755859375,162.99000549316406,157.89999389648438,160.22999572753906,28813300
2024-07-23,160.7468719482422,163.77000427246094,165.3300018310547,159.89999389648438,160.39999389648438,21570200
2024-07-24,148.5463104248047,151.33999633789062,161.41000366210938,151.10000610351562,160.35000610351562,37162600
2024-07-25,146.5047149658203,149.25999450683594,153.5500030517578,145.52000427246094,151.25999450683594,30872100
2024-07-26,148.8309783935547,151.6300048828125,153.5800018310547,149.9199981689453,153.5,20839900
2024-07-29,147.44699096679688,150.22000122070312,155.0,149.14999389648438,152.02000427246094,16625800
2024-07-30,140.87066650390625,143.52000427246094,153.47000122070312,143.35000610351562,153.27999877929688,31102300
2024-07-31,157.71388244628906,160.67999267578125,161.3300018310547,151.0,151.47000122070312,45827500
2024-08-01,144.30609130859375,147.02000427246094,158.91000366210938,146.1699981689453,157.5,40320000
2024-08-02,141.16513061523438,143.82000732421875,145.35000610351562,139.60000610351562,141.92999267578125,33745800
2024-08-05,139.45724487304688,142.0800018310547,145.4199981689453,128.5,129.61000061035156,41309300
2024-08-06,141.2633056640625,143.9199981689453,148.91000366210938,140.25,141.72999572753906,24751300
2024-08-07,133.7545166015625,136.27000427246094,150.10000610351562,135.8300018310547,148.25,29749800
2024-08-08,143.0496826171875,145.74000549316406,146.27000427246094,138.39999389648438,141.1999969482422,27583200
2024-08-09,145.52316284179688,148.25999450683594,149.5500030517578,144.11000061035156,144.1999969482422,18438700
2024-08-12,145.8765106201172,148.6199951171875,151.1300048828125,146.3699951171875,148.0800018310547,17778500
2024-08-13,153.27734375,156.16000366210938,156.3800048828125,149.80999755859375,151.5500030517578,22053600
2024-08-14,154.77911376953125,157.69000244140625,160.25,154.72000122070312,158.02000427246094,20184200
2024-08-15,163.0633087158203,166.1300048828125,166.6699981689453,160.33999633789062,161.1999969482422,27945000
2024-08-16,162.66085815429688,165.72000122070312,166.08999633789062,162.67999267578125,164.47000122070312,19296900
2024-08-19,164.6141357421875,167.7100067138672,167.8300018310547,160.4199981689453,164.86000061035156,20441700
2024-08-20,162.88661193847656,165.9499969482422,168.3699951171875,164.14999389648438,167.0500030517578,19417500
2024-08-21,162.71974182128906,165.77999877929688,166.47000122070312,162.8800048828125,165.1199951171875,16097700
2024-08-22,159.34326171875,162.33999633789062,172.4199981689453,161.49000549316406,170.83999633789062,30044500
2024-08-23,163.28907775878906,166.36000061035156,168.27999877929688,163.4600067138672,165.02999877929688,18848000
2024-08-26,156.67347717285156,159.6199951171875,165.6999969482422,158.66000366210938,164.9600067138672,18521200
2024-08-27,158.4108123779297,161.38999938964844,162.02999877929688,155.8300018310547,157.60000610351562,16683100
2024-08-28,155.26007080078125,158.17999267578125,162.27999877929688,156.25,160.0800018310547,18063600
2024-08-29,154.03314208984375,156.92999267578125,163.1999969482422,155.41000366210938,158.49000549316406,23519300
2024-08-30,159.81442260742188,162.82000732421875,163.24000549316406,158.7100067138672,161.1199951171875,25158500
2024-09-03,149.9695587158203,152.7899932861328,160.74000549316406,151.3800048828125,160.3800048828125,37179100
2024-09-04,151.27503967285156,154.1199951171875,157.7899932861328,149.14999389648438,150.3000030517578,20324100
2024-09-05,149.9989776611328,152.82000732421875,156.36000061035156,150.11000061035156,150.57000732421875,31548500
2024-09-06,134.4710235595703,137.0,143.5,136.60000610351562,143.25,76634600
2024-09-09,138.2205352783203,140.82000732421875,141.58999633789062,134.89999389648438,139.11000061035156,39516700
2024-09-10,145.47412109375,148.2100067138672,149.86000061035156,141.0399932861328,141.22000122070312,36067500
2024-09-11,155.348388671875,158.27000427246094,158.8699951171875,145.0399932861328,148.38999938964844,39700800
2024-09-12,161.52227783203125,164.55999755859375,166.32000732421875,156.8300018310547,158.10000610351562,43530700
2024-09-13,164.59449768066406,167.69000244140625,168.0800018310547,164.0399932861328,166.74000549316406,29850000
2024-09-16,160.99224853515625,164.02000427246094,165.5,160.41000366210938,165.19000244140625,26126900
2024-09-17,159.47085571289062,162.47000122070312,166.02000427246094,160.6999969482422,165.49000549316406,19844300
2024-09-18,158.6856231689453,161.6699981689453,167.47000122070312,161.36000061035156,163.77000427246094,26557600
2024-09-19,164.86996459960938,167.4199981689453,170.0,165.66000366210938,167.67999267578125,32453100
2024-09-20,168.4939422607422,171.10000610351562,172.02000427246094,166.47000122070312,167.17999267578125,91758500
2024-09-23,170.305908203125,172.94000244140625,173.32000732421875,168.35000610351562,172.0,29431100
2024-09-24,172.17697143554688,174.83999633789062,175.99000549316406,171.67999267578125,172.80999755859375,34223400
2024-09-25,172.84658813476562,175.52000427246094,177.13999938964844,173.75999450683594,174.64999389648438,16613800
2024-09-26,175.37745666503906,178.08999633789062,180.25,175.0,178.5,24340000
2024-09-27,170.0596923828125,172.69000244140625,178.47000122070312,171.75999450683594,178.1699981689453,20580900
2024-09-30,169.87258911132812,172.5,172.9199981689453,169.6300048828125,171.8699951171875,16902000
2024-10-01,164.91921997070312,167.47000122070312,172.25,165.8000030517578,172.16000366210938,23770400
2024-10-02,168.06065368652344,170.66000366210938,172.83999633789062,167.02000427246094,167.5500030517578,14317800
2024-10-03,169.27188110351562,171.88999938964844,174.94000244140625,169.19000244140625,169.6199951171875,13072300
2024-10-04,173.9495391845703,176.63999938964844,176.89999389648438,172.60000610351562,176.3000030517578,17921400
2024-10-07,172.41331481933594,175.0800018310547,178.30999755859375,173.86000061035156,174.82000732421875,15588300
2024-10-08,177.97723388671875,180.72999572753906,181.60000610351562,174.88999938964844,175.4199981689453,20774200
2024-10-09,183.11773681640625,185.9499969482422,186.4199981689453,176.4199981689453,179.24000549316406,25504100
2024-10-10,182.8616943359375,185.69000244140625,186.30999755859375,182.52999877929688,183.55999755859375,16318000
2024-10-11,178.71583557128906,181.47999572753906,182.58999633789062,177.39999389648438,181.13999938964844,23070000
2024-10-14,179.53318786621094,182.30999755859375,184.9499969482422,180.1300048828125,183.3000030517578,17195800
2024-10-15,173.2996063232422,175.97999572753906,181.6999969482422,173.3699951171875,180.7899932861328,27657500
2024-10-16,174.12681579589844,176.82000732421875,179.25,175.3300018310547,178.50999450683594,15285100
2024-10-17,178.7650604248047,181.52999877929688,185.50999450683594,180.69000244140625,181.3699951171875,25232400
2024-10-18,177.15003967285156,179.88999938964844,182.7100067138672,178.67999267578125,182.32000732421875,17835200
2024-10-21,177.24851989746094,179.99000549316406,181.72000122070312,178.25,179.3800048828125,13695100
2024-10-22,176.6478271484375,179.3800048828125,180.69000244140625,177.41000366210938,178.66000366210938,12062600
2024-10-23,170.86721801757812,173.50999450683594,178.97999572753906,172.57000732421875,177.58999633789062,19513700
2024-10-24,168.74012756347656,171.35000610351562,174.3000030517578,169.5,174.25999450683594,20485200
2024-10-25,170.36497497558594,173.0,176.8000030517578,172.72000122070312,174.19000244140625,19977700
2024-10-28,169.39991760253906,172.02000427246094,173.97000122070312,171.35000610351562,173.0,13195800
2024-10-29,176.5099334716797,179.24000549316406,180.22999572753906,171.2100067138672,172.44000244140625,23702300
2024-10-30,173.9495391845703,176.63999938964844,179.19000244140625,175.6199951171875,177.47000122070312,17911500
2024-10-31,167.1842041015625,169.77000427246094,174.4499969482422,167.3800048828125,174.4499969482422,26086600
2024-11-01,166.3471221923828,168.9199981689453,171.3300018310547,167.5,168.25999450683594,17847000
2024-11-04,165.98275756835938,168.5500030517578,172.4499969482422,168.4199981689453,169.27999877929688,13621300
2024-11-05,171.2512664794922,173.89999389648438,174.39999389648438,170.0500030517578,170.0500030517578,13441800
2024-11-06,176.81521606445312,179.5500030517578,180.2100067138672,175.9600067138672,179.6300048828125,24300800
2024-11-07,181.01031494140625,183.80999755859375,184.8699951171875,181.7899932861328,181.99000549316406,18970600
2024-11-08,180.84292602539062,183.63999938964844,185.0500030517578,181.8300018310547,182.99000549316406,13503200
2024-11-11,176.18496704101562,178.91000366210938,183.6300048828125,176.82000732421875,183.39999389648438,17036700
2024-11-12,173.53594970703125,176.22000122070312,179.55999755859375,173.1999969482422,178.89999389648438,15862000
2024-11-13,170.9361572265625,173.5800018310547,175.58999633789062,172.60000610351562,174.7100067138672,17472500
2024-11-14,167.78492736816406,170.3800048828125,175.57000732421875,169.8699951171875,174.77000427246094,20638900
2024-11-15,162.3292694091797,164.83999633789062,169.13999938964844,163.42999267578125,168.47000122070312,20836200
2024-11-18,163.14663696289062,165.6699981689453,166.35000610351562,162.22000122070312,165.66000366210938,17856900
2024-11-19,162.83151245117188,165.35000610351562,166.8000030517578,164.30999755859375,166.66000366210938,18003400
2024-11-20,160.76348876953125,163.25,165.5399932861328,160.86000061035156,165.5399932861328,17196700
2024-11-21,161.44297790527344,163.94000244140625,166.33999633789062,160.60000610351562,166.25,24835300
2024-11-22,161.7285614013672,164.22999572753906,164.91000366210938,162.39999389648438,164.3000030517578,17332500
2024-11-25,162.3095703125,164.82000732421875,167.22999572753906,162.88999938964844,165.39999389648438,26850600
2024-11-26,162.2307891845703,164.74000549316406,166.3699951171875,162.69000244140625,164.60000610351562,16308800
2024-11-27,157.23800659179688,159.6699981689453,163.1999969482422,157.5399932861328,163.1999969482422,19722700
2024-11-29,159.61131286621094,162.0800018310547,162.69000244140625,159.0800018310547,159.57000732421875,11024000
2024-12-02,163.97381591796875,166.50999450683594,168.3800048828125,162.75,162.9499969482422,21472400
2024-12-03,165.5888671875,168.14999389648438,168.27000427246094,164.02999877929688,164.47999572753906,17024400
2024-12-04,167.962158203125,170.55999755859375,175.38999938964844,168.55999755859375,173.44000244140625,32748200
2024-12-05,167.87351989746094,170.47000122070312,172.39999389648438,169.1999969482422,170.75,18490000
2024-12-06,176.79551696777344,179.52999877929688,180.67999267578125,169.3300018310547,170.10000610351562,27830800
2024-12-09,176.21450805664062,178.94000244140625,180.7899932861328,176.02000427246094,178.9499969482422,20886300
2024-12-10,169.19309997558594,171.80999755859375,178.5,169.72999572753906,177.80999755859375,27762600
2024-12-11,180.4096221923828,183.1999969482422,184.8699951171875,176.42999267578125,180.00999450683594,41295200
2024-12-12,177.90830993652344,180.66000366210938,182.0,175.99000549316406,180.92999267578125,46967200
2024-12-13,221.37599182128906,224.8000030517578,228.6999969482422,211.11000061035156,213.89999389648438,121336600
2024-12-16,246.19215393066406,250.0,251.8800048828125,230.80999755859375,231.7899932861328,111623200
2024-12-17,236.5709991455078,240.22999572753906,242.47000122070312,233.8000030517578,240.64999389648438,70382100
2024-12-18,220.2139892578125,223.6199951171875,239.85000610351562,219.22000122070312,239.41000366210938,53960100
2024-12-19,214.99472045898438,218.32000732421875,228.0500030517578,217.5800018310547,227.91000366210938,40845200
2024-12-20,217.42706298828125,220.7899932861328,230.2899932861328,218.91000366210938,220.36000061035156,131910400
2024-12-23,229.424072265625,232.35000610351562,233.39999389648438,225.1300048828125,226.69000244140625,40643800
2024-12-24,236.66175842285156,239.67999267578125,240.22999572753906,234.8000030517578,240.1199951171875,22827200
2024-12-26,242.27024841308594,245.36000061035156,247.27999877929688,237.60000610351562,240.0,28459000
2024-12-27,238.70570373535156,241.75,245.77999877929688,236.35000610351562,245.63999938964844,29282200
2024-12-30,232.61341857910156,235.5800018310547,238.77000427246094,231.6199951171875,234.6999969482422,27316800
2024-12-31,228.92050170898438,231.83999633789062,237.4600067138672,231.30999755859375,235.8800048828125,17927700
2025-01-02,229.05873107910156,231.97999572753906,239.5,230.24000549316406,236.16000366210938,31525800
2025-01-03,229.62155151367188,232.5500030517578,236.49000549316406,229.0,233.58999633789062,24973200
2025-01-06,233.43296813964844,236.41000366210938,241.75,233.3000030517578,236.5,34028400
2025-01-07,225.7607879638672,228.63999938964844,239.5,227.60000610351562,239.5,25928600
2025-01-08,226.42234802246094,229.30999755859375,232.47000122070312,226.05999755859375,229.6999969482422,18756500
2025-01-10,221.48532104492188,224.30999755859375,227.8300018310547,221.25,227.3000030517578,23864000
2025-01-13,222.45298767089844,225.2899932861328,229.25999450683594,219.50999450683594,219.99000549316406,23772100
2025-01-14,221.87039184570312,224.6999969482422,230.25999450683594,223.10000610351562,226.57000732421875,18143100
2025-01-15,225.1288604736328,228.0,230.33999633789062,225.5800018310547,228.5500030517578,21745600
2025-01-16,226.52110290527344,229.41000366210938,238.60000610351562,229.2100067138672,235.22000122070312,23471900
2025-01-17,234.44998168945312,237.44000244140625,238.10000610351562,232.66000366210938,237.0800018310547,31196600
2025-01-21,237.28382873535156,240.30999755859375,242.75,237.39999389648438,241.5,30903200
2025-01-22,237.87628173828125,240.91000366210938,246.99000549316406,240.69000244140625,246.75,29610500
2025-01-23,237.25421142578125,240.27999877929688,240.39999389648438,236.1199951171875,238.41000366210938,17653900
2025-01-24,241.61854553222656,244.6999969482422,249.58999633789062,241.91000366210938,244.6999969482422,25387800
2025-01-27,199.58465576171875,202.1300048828125,218.42999267578125,196.22999572753906,213.39999389648438,90569400
2025-01-28,204.748779296875,207.36000061035156,209.9499969482422,198.88999938964844,208.00999450683594,50316000
2025-01-29,203.75148010253906,206.35000610351562,211.4499969482422,202.77000427246094,208.83999633789062,32533700
2025-01-30,212.9442596435547,215.66000366210938,221.9600067138672,213.6999969482422,218.57000732421875,42449500
2025-01-31,218.48361206054688,221.27000427246094,226.8000030517578,216.3000030517578,219.66000366210938,41104700
2025-02-03,214.98817443847656,217.72999572753906,220.94000244140625,213.50999450683594,215.4600067138672,24507300
2025-02-04,219.62896728515625,222.42999267578125,223.02999877929688,215.3000030517578,219.35000610351562,23768500
2025-02-05,229.0784912109375,232.0,237.92999267578125,227.5,233.94000244140625,29196000
2025-02-06,228.44654846191406,231.36000061035156,234.8000030517578,228.55999755859375,234.5,21169500
2025-02-07,222.03826904296875,224.8699951171875,235.64999389648438,224.11000061035156,235.0,22117500
2025-02-10,232.0802001953125,235.0399932861328,235.82000732421875,227.1199951171875,227.42999267578125,23901600
2025-02-11,232.0802001953125,235.0399932861328,237.88999938964844,229.97000122070312,232.47999572753906,18476200
2025-02-12,233.37371826171875,236.35000610351562,236.47999572753906,230.0,230.36000061035156,16397300
2025-02-13,232.8306427001953,235.8000030517578,236.9499969482422,230.72999572753906,236.05999755859375,20962000
2025-02-14,230.10537719726562,233.0399932861328,235.74000549316406,228.89999389648438,234.52999877929688,16988800
2025-02-18,225.6521759033203,228.52999877929688,232.1999969482422,224.3000030517578,230.10000610351562,26080500
2025-02-19,225.84963989257812,228.72999572753906,229.07000732421875,224.39999389648438,227.85000610351562,16375500
2025-02-20,223.88473510742188,226.74000549316406,228.97999572753906,222.75,228.64999389648438,16104000
2025-02-21,215.90647888183594,218.66000366210938,227.75,215.6300048828125,225.64999389648438,24883600
2025-02-24,205.3115692138672,207.92999267578125,219.47999572753906,207.5399932861328,218.60000610351562,33050400
2025-02-25,199.9894561767578,202.5399932861328,208.63999938964844,200.9199981689453,207.0,33100800
2025-02-26,210.2584991455078,212.94000244140625,213.5399932861328,206.0,206.91000366210938,21368300
2025-02-27,195.3091583251953,197.8000030517578,219.25,197.39999389648438,217.27999877929688,27572900
2025-02-28,196.9186248779297,199.42999267578125,201.19000244140625,193.14999389648438,195.75999450683594,39747200
2025-03-03,185.010498046875,187.3699951171875,204.05999755859375,184.52999877929688,204.0,37435600
2025-03-04,185.11911010742188,187.47999572753906,193.9499969482422,180.47999572753906,189.22000122070312,37910500
2025-03-05,189.16744995117188,191.5800018310547,194.0800018310547,187.10000610351562,191.86000061035156,25644500
2025-03-06,177.1902313232422,179.4499969482422,186.8300018310547,177.61000061035156,181.0399932861328,56864100
2025-03-07,192.5049285888672,194.9600067138672,195.47999572753906,181.55999755859375,187.72999572753906,74528900
2025-03-10,182.12725830078125,184.4499969482422,191.97999572753906,180.42999267578125,189.60000610351562,44217100
2025-03-11,187.6962432861328,190.08999633789062,195.6199951171875,185.35000610351562,188.0500030517578,42153200
2025-03-12,191.7841033935547,194.22999572753906,199.97999572753906,192.4499969482422,196.22000122070312,30409700
2025-03-13,188.9502410888672,191.36000061035156,196.32000732421875,189.47000122070312,193.14999389648438,27236100
2025-03-14,193.07760620117188,195.5399932861328,197.5,193.1999969482422,196.1999969482422,25900900
2025-03-17,192.0507354736328,194.5,196.72000122070312,187.5,188.0500030517578,26830600
2025-03-18,186.2941436767578,188.6699981689453,192.88999938964844,186.89999389648438,190.44000244140625,24951000
2025-03-19,193.1072540283203,195.57000732421875,198.27000427246094,186.89999389648438,189.33999633789062,37962700
2025-03-20,188.70986938476562,190.5399932861328,193.83999633789062,188.94000244140625,191.52000427246094,31430000
2025-03-21,189.81912231445312,191.66000366210938,192.07000732421875,187.3699951171875,188.2100067138672,43086500
2025-03-24,189.41305541992188,191.25,196.69000244140625,190.6699981689453,194.3000030517578,33180300
2025-03-25,186.45176696777344,188.25999450683594,191.60000610351562,187.67999267578125,190.88999938964844,23417300
2025-03-26,177.5481414794922,179.27000427246094,188.05999755859375,177.5800018310547,186.66000366210938,30578500
2025-03-27,170.3380584716797,171.99000549316406,178.3800048828125,170.4600067138672,177.66000366210938,32151700
2025-03-28,167.49560546875,169.1199951171875,173.3000030517578,166.47000122070312,171.92999267578125,30391500
2025-03-31,165.8218536376953,167.42999267578125,167.94000244140625,160.6199951171875,164.49000549316406,35656400
2025-04-01,166.90138244628906,168.52000427246094,168.7100067138672,163.4199981689453,166.3699951171875,20472400
2025-04-02,170.4370880126953,172.08999633789062,173.42999267578125,165.5,166.0800018310547,19523700
2025-04-03,152.53074645996094,154.00999450683594,163.42999267578125,153.6999969482422,160.5399932861328,44354900
2025-04-04,144.8848876953125,146.2899932861328,152.8000030517578,139.1699981689453,148.1699981689453,72302200
2025-04-07,152.6595001220703,154.13999938964844,160.42999267578125,138.10000610351562,144.49000549316406,68503500
2025-04-08,154.53135681152344,156.02999877929688,169.77999877929688,153.08999633789062,167.6199951171875,58888200
2025-04-09,183.3716583251953,185.14999389648438,187.3300018310547,157.50999450683594,160.5,72708300
2025-04-10,170.6450958251953,172.3000030517578,176.9499969482422,166.39999389648438,175.3000030517578,51212200
2025-04-11,180.19248962402344,181.94000244140625,182.66000366210938,173.30999755859375,173.6199951171875,33964100
2025-04-14,176.6468505859375,178.36000061035156,186.0,175.82000732421875,185.0800018310547,25748300
2025-04-15,177.231201171875,178.9499969482422,182.25999450683594,178.0800018310547,179.72999572753906,17242400
2025-04-16,172.93289184570312,174.61000061035156,176.0800018310547,166.9199981689453,170.42999267578125,34638600
2025-04-17,169.34767150878906,170.99000549316406,176.25,169.9199981689453,176.25,22501800
2025-04-21,164.61358642578125,166.2100067138672,168.0,161.61000061035156,166.99000549316406,23469800
2025-04-22,167.9512176513672,169.5800018310547,170.52000427246094,165.22000122070312,167.42999267578125,18504900
2025-04-23,175.21080017089844,176.91000366210938,180.4499969482422,175.82000732421875,177.77999877929688,24380500
2025-04-24,186.34280395507812,188.14999389648438,188.57000732421875,178.3000030517578,179.69000244140625,27576900
2025-04-25,190.46287536621094,192.30999755859375,193.3699951171875,186.88999938964844,186.9199981689453,21242300
2025-04-28,190.621337890625,192.47000122070312,193.10000610351562,187.67999267578125,190.52999877929688,16385800
2025-04-29,189.33383178710938,191.1699981689453,193.25,190.10000610351562,191.72000122070312,14630000
2025-04-30,190.621337890625,192.47000122070312,193.1999969482422,184.02000427246094,185.89999389648438,22768900
2025-05-01,195.43467712402344,197.3300018310547,201.39999389648438,196.24000549316406,198.13999938964844,24939700
2025-05-02,201.6840362548828,203.63999938964844,205.67999267578125,201.0800018310547,203.89999389648438,17766800
2025-05-05,198.7921142578125,200.72000122070312,203.22999572753906,200.0,200.25,14025400
2025-05-06,198.16815185546875,200.08999633789062,201.91000366210938,195.94000244140625,196.44000244140625,16348800
2025-05-07,202.8428192138672,204.80999755859375,206.22999572753906,198.42999267578125,199.2899932861328,20253700
2025-05-08,205.77439880371094,207.77000427246094,211.16000366210938,203.69000244140625,208.0,18460900
2025-05-09,206.2002716064453,208.1999969482422,209.9600067138672,206.52000427246094,209.3300018310547,13289200
2025-05-12,219.45175170898438,221.5800018310547,221.8000030517578,215.8800048828125,219.49000549316406,25437700
2025-05-13,230.1876220703125,232.4199981689453,235.27999877929688,222.0,222.0,28790500
2025-05-14,229.8905029296875,232.1199951171875,233.5,228.35000610351562,230.22999572753906,19751400
2025-05-15,230.405517578125,232.63999938964844,234.4600067138672,228.07000732421875,230.16000366210938,18803700
2025-05-16,226.4142303466797,228.61000061035156,232.63999938964844,226.38999938964844,232.32000732421875,23094600
2025-05-19,228.41482543945312,230.6300048828125,231.25,221.60000610351562,221.85000610351562,15355500
2025-05-20,229.45474243164062,231.67999267578125,231.77000427246094,226.33999633789062,226.49000549316406,11787200
2025-05-21,227.52345275878906,229.72999572753906,236.5,227.8300018310547,228.38999938964844,17642900
2025-05-22,228.31578063964844,230.52999877929688,233.69000244140625,227.42999267578125,228.33999633789062,14340200
2025-05-23,226.52316284179688,228.72000122070312,230.64999389648438,226.17999267578125,226.94000244140625,15385600
2025-05-27,233.3865966796875,235.64999389648438,236.47999572753906,231.1300048828125,232.8699951171875,17941700
2025-05-28,237.13027954101562,239.42999267578125,240.99000549316406,234.42999267578125,237.14999389648438,20443000
2025-05-29,239.6459197998047,241.97000122070312,246.07000732421875,237.39999389648438,245.91000366210938,20743700
2025-05-30,239.74496459960938,242.07000732421875,243.1699981689453,234.89999389648438,241.22000122070312,27088600
2025-06-02,246.32118225097656,248.7100067138672,250.0,243.19000244140625,243.25,19197000
2025-06-03,254.38296508789062,256.8500061035156,257.8800048828125,249.39999389648438,250.0800018310547,30380200
2025-06-04,258.57232666015625,261.0799865722656,265.42999267578125,257.5899963378906,258.05999755859375,31536000
2025-06-05,257.43341064453125,259.92999267578125,264.8900146484375,259.05999755859375,262.95001220703125,41970900
2025-06-06,244.55824279785156,246.92999267578125,255.32000732421875,246.1300048828125,251.13999938964844,41146700
2025-06-09,241.9337158203125,244.27999877929688,248.1699981689453,241.11000061035156,245.0500030517578,25334100
2025-06-10,242.28033447265625,244.6300048828125,246.27999877929688,241.39999389648438,244.22000122070312,25491300
2025-06-11,250.4808349609375,252.91000366210938,254.77000427246094,243.8000030517578,246.36000061035156,24599000
2025-06-12,253.61048889160156,256.07000732421875,257.8900146484375,249.5,250.19000244140625,20410900
2025-06-13,246.31126403808594,248.6999969482422,254.0,248.35000610351562,250.66000366210938,19028400
2025-06-16,249.67860412597656,252.10000610351562,255.19000244140625,249.57000732421875,250.35000610351562,20363000
2025-06-17,246.97482299804688,249.3699951171875,253.9600067138672,247.9199981689453,250.9499969482422,22014300
2025-06-18,248.84666442871094,251.25999450683594,255.63999938964844,249.41000366210938,250.88999938964844,30435500
2025-06-20,248.171630859375,249.99000549316406,253.52000427246094,244.1699981689453,253.2100067138672,42134900
2025-06-23,251.92413330078125,253.77000427246094,254.2100067138672,246.4600067138672,249.11000061035156,19747000
2025-06-24,261.85137939453125,263.7699890136719,265.8699951171875,258.7699890136719,258.7699890136719,32764900
2025-06-25,262.7250061035156,264.6499938964844,269.8699951171875,263.42999267578125,266.0,18894200
2025-06-26,268.2048645019531,270.1700134277344,271.6700134277344,264.1300048828125,265.0799865722656,23569600
2025-06-27,267.3907775878906,269.3500061035156,271.8500061035156,266.8800048828125,270.29998779296875,27477600
2025-06-30,273.6449890136719,275.6499938964844,277.7099914550781,272.1300048828125,274.7300109863281,24708400
2025-07-01,262.8143310546875,264.739990234375,274.5,262.6600036621094,274.3999938964844,28847600
2025-07-02,267.93682861328125,269.8999938964844,272.0,262.7300109863281,263.989990234375,17582100
2025-07-03,273.1783752441406,275.17999267578125,275.79998779296875,270.1199951171875,270.7300109863281,10592700
2025-07-07,272.1856689453125,274.17999267578125,277.55999755859375,272.6600036621094,275.1300048828125,16760600
2025-07-08,269.8229675292969,271.79998779296875,276.3500061035156,271.1499938964844,276.3500061035156,14869400
2025-07-09,275.8786315917969,277.8999938964844,279.45001220703125,272.7200012207031,272.9599914550781,20133000
2025-07-10,273.39678955078125,275.3999938964844,281.17999267578125,272.70001220703125,279.7900085449219,17891600
2025-07-11,272.38421630859375,274.3800048828125,276.4700012207031,271.8900146484375,274.1400146484375,14274700
2025-07-14,273.5953674316406,275.6000061035156,278.3599853515625,269.5799865722656,274.1300048828125,11934200
2025-07-15,278.896484375,280.94000244140625,283.3599853515625,277.8500061035156,279.80999755859375,17918400
2025-07-16,278.7674255371094,280.80999755859375,281.510009765625,275.6700134277344,280.1099853515625,15031000
2025-07-17,284.3664245605469,286.45001220703125,288.2799987792969,279.9100036621094,281.1400146484375,17231100
2025-07-18,281.279052734375,283.3399963378906,287.5299987792969,281.0,287.1099853515625,15012400
2025-07-21,286.1136169433594,288.2099914550781,290.5400085449219,283.6300048828125,283.9599914550781,17726800
2025-07-22,276.5635986328125,278.5899963378906,288.0,276.42999267578125,287.6499938964844,16564800
2025-07-23,281.62652587890625,283.69000244140625,284.0,273.0,276.7799987792969,20556200
2025-07-24,286.6099853515625,288.7099914550781,291.20001220703125,283.5,289.7900085449219,16413800
2025-07-25,288.0693054199219,290.17999267578125,292.5899963378906,287.2699890136719,288.07000732421875,12476200
2025-07-28,292.1593017578125,294.29998779296875,295.45001220703125,290.5899963378906,292.4599914550781,13683400
2025-07-29,295.25665283203125,297.4200134277344,302.19000244140625,294.8699951171875,297.5,19210800
2025-07-30,300.4188232421875,302.6199951171875,303.260009765625,295.79998779296875,297.1499938964844,16738900
2025-07-31,291.5636901855469,293.70001220703125,306.95001220703125,290.2300109863281,302.79998779296875,25488500
2025-08-01,286.5404968261719,288.6400146484375,292.6400146484375,281.6099853515625,286.5400085449219,21428100
2025-08-04,295.554443359375,297.7200012207031,298.4800109863281,291.3999938964844,292.20001220703125,17164600
2025-08-05,290.79925537109375,292.92999267578125,301.20001220703125,291.45001220703125,297.80999755859375,18477500
2025-08-06,299.4757385253906,301.6700134277344,302.80999755859375,291.8999938964844,292.8999938964844,17392100
2025-08-07,301.550537109375,303.760009765625,310.3399963378906,299.8800048828125,306.1700134277344,16319400
2025-08-08,302.7517395019531,304.9700012207031,307.8699951171875,302.54998779296875,304.04998779296875,12458700
2025-08-11,301.68951416015625,303.8999938964844,308.30999755859375,301.2900085449219,305.04998779296875,12396400
2025-08-12,310.5545349121094,312.8299865722656,313.44000244140625,304.6700134277344,306.6300048828125,17609600
2025-08-13,306.84173583984375,309.0899963378906,317.3500061035156,304.75,316.75,17371200
2025-08-14,308.9661865234375,311.2300109863281,314.1700134277344,307.0,307.010009765625,15717600
2025-08-15,304.1117248535156,306.3399963378906,311.5,299.760009765625,311.0299987792969,22806900
2025-08-18,303.5359802246094,305.760009765625,306.1700134277344,299.0,302.70001220703125,14724700
2025-08-19,292.764892578125,294.9100036621094,302.8999938964844,292.3900146484375,302.4200134277344,20149600
2025-08-20,289.0520935058594,291.1700134277344,295.489990234375,281.8699951171875,295.4599914550781,23600500
2025-08-21,287.4934997558594,289.6000061035156,292.3900146484375,286.1700134277344,290.05999755859375,14946300
2025-08-22,291.86151123046875,294.0,300.0899963378906,289.010009765625,291.75,16301300
2025-08-25,292.08984375,294.2300109863281,298.3999938964844,291.7099914550781,292.80999755859375,15124700
2025-08-26,295.84234619140625,298.010009765625,300.25,293.989990234375,294.3500061035156,25689100
2025-08-27,298.0660705566406,300.25,301.17999267578125,293.7799987792969,297.5299987792969,13830300
2025-08-28,306.4049072265625,308.6499938964844,311.0,302.3299865722656,302.92999267578125,18907100
2025-08-29,295.2268371582031,297.3900146484375,307.010009765625,293.6600036621094,307.010009765625,21610700
2025-09-02,296.0706481933594,298.239990234375,298.7099914550781,287.1700134277344,289.3399963378906,19693000
2025-09-03,300.19049072265625,302.3900146484375,304.45001220703125,296.3999938964844,302.2900085449219,18529400
2025-09-04,303.87347412109375,306.1000061035156,308.7799987792969,302.25,305.05999755859375,31220800
2025-09-05,332.4541015625,334.8900146484375,356.3399963378906,331.4200134277344,355.7799987792969,78401600
2025-09-08,343.13580322265625,345.6499938964844,354.1700134277344,341.25,342.75,43535600
2025-09-09,334.2210998535156,336.6700134277344,350.9800109863281,335.8299865722656,349.54998779296875,26972300
2025-09-10,366.8818359375,369.57000732421875,372.9700012207031,350.54998779296875,351.5199890136719,51086800
2025-09-11,357.01416015625,359.6300048828125,374.2300109863281,358.760009765625,371.17999267578125,29430900
2025-09-12,357.25238037109375,359.8699951171875,364.3900146484375,357.1600036621094,362.9100036621094,31949800
2025-09-15,361.4416809082031,364.0899963378906,365.5,356.3399963378906,359.8699951171875,21792200
2025-09-16,357.3813781738281,360.0,365.69000244140625,356.989990234375,365.42999267578125,21306500
2025-09-17,343.6520690917969,346.1700134277344,359.92999267578125,341.5,358.8500061035156,45197100
2025-09-18,342.8380126953125,345.3500061035156,350.70001220703125,343.7900085449219,350.0,24663900
2025-09-19,342.43096923828125,344.94000244140625,346.2699890136719,336.42999267578125,344.6499938964844,41240100
2025-09-22,336.9019775390625,338.7900085449219,346.6700134277344,337.94000244140625,342.42999267578125,28660000
2025-09-23,337.0511169433594,338.94000244140625,345.2200012207031,337.0199890136719,340.239990234375,21944100
2025-09-24,337.4190673828125,339.30999755859375,340.0799865722656,333.80999755859375,339.760009765625,19677300
2025-09-25,334.2269592285156,336.1000061035156,338.05999755859375,327.29998779296875,332.989990234375,21678200
2025-09-26,332.6656799316406,334.5299987792969,339.0799865722656,330.5799865722656,337.42999267578125,15464700
2025-09-29,326.0726623535156,327.8999938964844,341.04998779296875,327.54998779296875,336.0,21336000
2025-09-30,328.0714111328125,329.9100036621094,331.04998779296875,324.6099853515625,330.1199951171875,20109500
2025-10-01,331.53204345703125,333.3900146484375,337.95001220703125,324.5,328.1499938964844,21122700
2025-10-02,336.29534912109375,338.17999267578125,347.6099853515625,335.25,347.6099853515625,19917600
2025-10-03,336.4842834472656,338.3699951171875,344.3999938964844,335.739990234375,341.5,14749100
2025-10-06,333.620361328125,335.489990234375,344.1300048828125,334.55999755859375,335.9200134277344,18465700
2025-10-07,334.53521728515625,336.4100036621094,338.1099853515625,326.5799865722656,337.0299987792969,18086700
2025-10-08,343.57452392578125,345.5,346.5400085449219,332.6199951171875,333.82000732421875,21478300
2025-10-09,343.0971984863281,345.0199890136719,347.30999755859375,340.3999938964844,345.75,17643700
2025-10-10,322.82086181640625,324.6300048828125,350.6000061035156,324.04998779296875,345.3900146484375,28941000
2025-10-13,354.712158203125,356.70001220703125,359.3800048828125,343.5199890136719,352.7699890136719,45984300
2025-10-14,342.2121887207031,344.1300048828125,350.6700134277344,339.6499938964844,350.1300048828125,22078000
2025-10-15,349.3720397949219,351.3299865722656,359.3999938964844,347.5,354.4700012207031,23918500
2025-10-16,352.17633056640625,354.1499938964844,363.239990234375,349.489990234375,356.79998779296875,20317200
2025-10-17,347.3832092285156,349.3299865722656,350.9700012207031,340.7799987792969,349.6099853515625,20937900
2025-10-20,347.2937316894531,349.239990234375,356.5899963378906,347.8399963378906,353.79998779296875,15640200
2025-10-21,340.7503967285156,342.6600036621094,351.1000061035156,341.30999755859375,350.0,16092600
2025-10-22,338.4035339355469,340.29998779296875,348.010009765625,335.510009765625,347.29998779296875,19268800
2025-10-23,342.3713073730469,344.2900085449219,346.57000732421875,340.3999938964844,340.3999938964844,12859200
2025-10-24,352.1564636230469,354.1300048828125,358.29998779296875,350.8800048828125,352.510009765625,16143700
2025-10-27,360.03228759765625,362.04998779296875,362.75,355.0799865722656,361.5400085449219,20065800
2025-10-28,370.8914794921875,372.9700012207031,374.05999755859375,362.5299987792969,362.6199951171875,21056000
2025-10-29,383.8289794921875,385.9800109863281,386.4800109863281,373.19000244140625,373.19000244140625,24975200
2025-10-30,374.3719787597656,376.4700012207031,386.3999938964844,370.05999755859375,386.3999938964844,24295300
2025-10-31,367.5700988769531,369.6300048828125,378.82000732421875,365.1000061035156,378.2699890136719,21598400
2025-11-03,360.5295104980469,362.54998779296875,374.8500061035156,361.9800109863281,372.0,17198900
2025-11-04,349.9786682128906,351.94000244140625,368.95001220703125,351.0,358.5199890136719,24047500
2025-11-05,356.97943115234375,358.9800109863281,364.8699951171875,350.0899963378906,350.8900146484375,17087600
2025-11-06,353.60833740234375,355.5899963378906,363.5,352.7099914550781,360.1099853515625,19896900
2025-11-07,347.482666015625,349.42999267578125,354.5,337.2699890136719,354.19000244140625,21903200
2025-11-10,356.3927307128906,358.3900146484375,360.0,354.6099853515625,357.8999938964844,16409000
2025-11-11,349.9985656738281,351.9599914550781,361.8900146484375,349.6700134277344,358.9700012207031,16446800
2025-11-12,353.2403869628906,355.2200012207031,358.8699951171875,351.67999267578125,358.0400085449219,12190500
2025-11-13,338.0853271484375,339.9800109863281,353.54998779296875,334.1600036621094,351.5799865722656,22616600
2025-11-14,340.5514831542969,342.4599914550781,344.739990234375,329.05999755859375,331.4700012207031,18500800
2025-11-17,340.74041748046875,342.6499938964844,352.20001220703125,337.5199890136719,339.82000732421875,14799600
2025-11-18,338.6024169921875,340.5,347.9700012207031,335.510009765625,343.20001220703125,21726800
2025-11-19,352.4448547363281,354.4200134277344,359.69000244140625,337.79998779296875,340.7099914550781,21851900
2025-11-20,344.88720703125,346.82000732421875,376.0799865722656,345.17999267578125,366.0,28867000
2025-11-21,338.30413818359375,340.20001220703125,348.6000061035156,331.79998779296875,345.1600036621094,30280300
2025-11-24,375.8536376953125,377.9599914550781,382.0,347.6600036621094,347.7300109863281,47262400
2025-11-25,382.8842468261719,385.0299987792969,388.1300048828125,371.75,384.92999267578125,33507600
2025-11-26,395.3543701171875,397.57000732421875,399.8699951171875,383.260009765625,385.54998779296875,28693000
2025-11-28,400.7143249511719,402.9599914550781,403.0,397.1600036621094,399.3500061035156,13365500
2025-12-01,383.92840576171875,386.0799865722656,395.4200134277344,385.1000061035156,394.8500061035156,23252000
2025-12-02,379.4435729980469,381.57000732421875,393.5,379.7900085449219,388.30999755859375,22207000
2025-12-03,378.4888916015625,380.6099853515625,382.29998779296875,370.6499938964844,380.0,21336400
2025-12-04,378.9065856933594,381.0299987792969,383.8900146484375,376.5299987792969,380.67999267578125,15845900
2025-12-05,388.0652160644531,390.239990234375,393.5299987792969,385.1499938964844,386.1700134277344,24779900
2025-12-08,398.8647155761719,401.1000061035156,407.2900085449219,397.3999938964844,402.4800109863281,30410600
2025-12-09,404.0257873535156,406.2900085449219,406.92999267578125,395.510009765625,398.75,24546000
2025-12-10,410.6685791015625,412.9700012207031,414.6099853515625,399.55999755859375,402.20001220703125,31531000
2025-12-11,404.1053161621094,406.3699951171875,409.29998779296875,394.19000244140625,404.8299865722656,45681600
2025-12-12,357.92413330078125,359.92999267578125,382.0,355.1499938964844,379.9599914550781,95588500
2025-12-15,337.916259765625,339.80999755859375,362.0,337.510009765625,361.8900146484375,65894900
2025-12-16,339.3979797363281,341.29998779296875,347.5,335.05999755859375,336.0199890136719,58061100
2025-12-17,324.203125,326.0199890136719,346.6099853515625,321.4200134277344,346.6099853515625,73300900
2025-12-18,328.0415954589844,329.8800048828125,336.0299987792969,323.6300048828125,336.0,54501900
2025-12-19,338.46319580078125,340.3599853515625,343.45001220703125,332.5799865722656,333.3399963378906,159095200
2025-12-22,340.19683837890625,341.45001220703125,346.239990234375,337.2200012207031,346.0299987792969,28739600
2025-12-23,348.0379333496094,349.32000732421875,350.1099853515625,338.5400085449219,340.80999755859375,28232600
2025-12-24,348.93463134765625,350.2200012207031,352.8599853515625,347.1400146484375,350.69000244140625,11424400
2025-12-26,350.8376159667969,352.1300048828125,353.25,347.75,351.05999755859375,15028100
2025-12-29,348.1076965332031,349.3900146484375,350.3299865722656,344.69000244140625,348.7200012207031,21946900
2025-12-30,348.56597900390625,349.8500061035156,352.67999267578125,349.29998779296875,349.9700012207031,16633600
2025-12-31,344.8297424316406,346.1000061035156,349.8800048828125,345.4200134277344,349.7300109863281,15346100
2026-01-02,346.3441467285156,347.6199951171875,360.6600036621094,345.55999755859375,352.7799987792969,25398600
2026-01-05,342.15960693359375,343.4200134277344,355.0299987792969,336.5,354.739990234375,31136000
2026-01-06,342.50830078125,343.7699890136719,349.04998779296875,338.0,343.6000061035156,27135500
2026-01-07,342.2392883300781,343.5,349.70001220703125,335.8800048828125,341.70001220703125,20249300
2026-01-08,331.2597351074219,332.4800109863281,343.67999267578125,330.5,342.7799987792969,24385200
2026-01-09,343.70391845703125,344.9700012207031,347.3900146484375,333.5,337.9200134277344,22482500
2026-01-12,350.9173278808594,352.2099914550781,353.8999938964844,340.95001220703125,340.95001220703125,20949600
2026-01-13,353.3085021972656,354.6099853515625,359.489990234375,350.9100036621094,352.8800048828125,18308000
2026-01-14,338.642578125,339.8900146484375,350.69000244140625,334.4200134277344,348.9700012207031,30094700
2026-01-15,341.76104736328125,343.0199890136719,349.67999267578125,341.6700134277344,349.1199951171875,22218800
2026-01-16,350.4191589355469,351.7099914550781,354.510009765625,344.04998779296875,346.2699890136719,31291200
2026-01-20,331.3793029785156,332.6000061035156,345.3999938964844,331.79998779296875,344.1000061035156,32293900
2026-01-21,327.5932312011719,328.79998779296875,335.79998779296875,324.20001220703125,335.510009765625,32006600
2026-01-22,324.2953796386719,325.489990234375,336.989990234375,324.8900146484375,335.3500061035156,24275400
2026-01-23,318.8753356933594,320.04998779296875,321.989990234375,314.1099853515625,319.29998779296875,30259500
2026-01-26,323.6577453613281,324.8500061035156,328.67999267578125,317.6000061035156,319.79998779296875,25006400
2026-01-27,331.568603515625,332.7900085449219,334.760009765625,327.0199890136719,329.760009765625,25537600
2026-01-28,332.0169372558594,333.239990234375,339.989990234375,326.70001220703125,338.8500061035156,23001700
2026-01-29,329.51617431640625,330.7300109863281,335.95001220703125,320.2799987792969,332.55999755859375,20447500
2026-01-30,330.0840759277344,331.29998779296875,338.20001220703125,328.3299865722656,332.44000244140625,28313000
2026-02-02,329.8947448730469,331.1099853515625,336.05999755859375,325.75,326.1099853515625,17278200
2026-02-03,319.1543273925781,320.3299865722656,338.8999938964844,308.6499938964844,336.739990234375,36914800
2026-02-04,306.91937255859375,308.04998779296875,319.510009765625,295.29998779296875,319.510009765625,43330300
2026-02-05,309.3703918457031,310.510009765625,326.5299987792969,306.70001220703125,314.3399963378906,42775800
2026-02-06,331.6981506347656,332.9200134277344,335.0,316.29998779296875,320.1000061035156,33003400
2026-02-09,342.67767333984375,343.94000244140625,352.3399963378906,330.6499938964844,330.7699890136719,30091000
2026-02-10,339.1905212402344,340.44000244140625,348.010009765625,339.8399963378906,347.4700012207031,19542700
2026-02-11,341.50201416015625,342.760009765625,347.20001220703125,333.739990234375,346.79998779296875,17004700
2026-02-12,329.9545593261719,331.1700134277344,346.2900085449219,329.55999755859375,343.8299865722656,22007300
2026-02-13,323.9765930175781,325.1700134277344,334.32000732421875,324.69000244140625,329.8500061035156,18397200
2026-02-17,331.31951904296875,332.5400085449219,335.75,316.30999755859375,319.67999267578125,23469700
2026-02-18,332.28594970703125,333.510009765625,337.8800048828125,327.2300109863281,329.5199890136719,13565300
2026-02-19,332.7641906738281,333.989990234375,338.44000244140625,329.67999267578125,333.010009765625,15180900
2026-02-20,331.4291076660156,332.6499938964844,340.1099853515625,329.5799865722656,332.3599853515625,17658900
2026-02-23,329.1275939941406,330.3399963378906,338.5,325.32000732421875,332.25,16472400
2026-02-24,324.2953796386719,325.489990234375,328.30999755859375,314.45001220703125,322.5400085449219,23614400
2026-02-25,331.0903625488281,332.30999755859375,335.9100036621094,329.2799987792969,330.739990234375,20182300
2026-02-26,320.5193176269531,321.70001220703125,326.5799865722656,307.92999267578125,326.5,33025300
2026-02-27,318.377197265625,319.54998779296875,320.0,310.0,310.70001220703125,28004200
2026-03-02,317.6498718261719,318.82000732421875,320.0400085449219,307.20001220703125,309.3599853515625,20567200
2026-03-03,312.68817138671875,313.8399963378906,315.8800048828125,307.3999938964844,313.0,20826200
2026-03-04,316.3646240234375,317.5299987792969,322.6400146484375,311.739990234375,315.67999267578125,34895800
2026-03-05,331.54864501953125,332.7699890136719,336.1199951171875,323.0299987792969,330.17999267578125,57076600
2026-03-06,329.26708984375,330.4800109863281,343.510009765625,327.3999938964844,328.2799987792969,39152200
2026-03-09,344.48101806640625,345.75,348.489990234375,323.6099853515625,327.25,40605800
2026-03-10,341.3226318359375,342.5799865722656,353.1400146484375,340.79998779296875,348.7300109863281,29531700
2026-03-11,340.3163757324219,341.57000732421875,345.80999755859375,338.2200012207031,342.5899963378906,20104100
2026-03-12,334.7369384765625,335.9700012207031,339.8299865722656,332.20001220703125,337.739990234375,21982700
2026-03-13,320.9776306152344,322.1600036621094,338.32000732421875,321.42999267578125,337.67999267578125,34725000
2026-03-16,323.7275085449219,324.9200134277344,329.20001220703125,320.05999755859375,326.0199890136719,31363100
2026-03-17,320.1307373046875,321.30999755859375,327.44000244140625,317.25,325.760009765625,38026500
2026-03-18,314.77044677734375,315.92999267578125,325.44000244140625,315.54998779296875,320.42999267578125,25460600
2026-03-19,318.6661376953125,319.8399963378906,323.2699890136719,308.510009765625,312.4700012207031,23524800
2026-03-20,309.3703918457031,310.510009765625,321.510009765625,309.9200134277344,320.1199951171875,43325900
2026-03-23,322.0003967285156,322.510009765625,326.4800109863281,314.92999267578125,318.0,27369200
2026-03-24,317.78704833984375,318.2900085449219,324.3999938964844,314.8399963378906,320.0,19799000
2026-03-25,318.30621337890625,318.80999755859375,324.29998779296875,316.7200012207031,322.5899963378906,19900000
2026-03-26,308.9310607910156,309.4200134277344,316.9200134277344,309.1700134277344,314.0199890136719,20343700
2026-03-27,300.2048645019531,300.67999267578125,307.5,298.8699951171875,307.05999755859375,23593900
2026-03-30,292.94635009765625,293.4100036621094,304.7699890136719,289.9599914550781,300.8699951171875,28054500
2026-03-31,309.02093505859375,309.510009765625,310.30999755859375,296.3399963378906,299.3900146484375,29289500
2026-04-01,312.99462890625,313.489990234375,315.7900085449219,310.4800109863281,313.3699951171875,19171000
2026-04-02,314.0529479980469,314.54998779296875,314.69000244140625,301.75,304.489990234375,14021100
2026-04-06,313.9331359863281,314.42999267578125,316.3999938964844,310.2799987792969,315.05999755859375,12111300
2026-04-07,333.4422607421875,333.9700012207031,334.1499938964844,321.79998779296875,326.7300109863281,33310900
2026-04-08,350.0759582519531,350.6300048828125,354.1400146484375,342.5299987792969,351.75,31573100
2026-04-09,354.34918212890625,354.9100036621094,358.70001220703125,351.5,352.29998779296875,20514900
2026-04-10,370.9628601074219,371.54998779296875,376.54998779296875,360.82000732421875,360.94000244140625,29958100
2026-04-13,379.1499328613281,379.75,380.8599853515625,369.4800109863281,369.6600036621094,24115800
2026-04-14,380.17828369140625,380.7799987792969,382.2799987792969,376.32000732421875,377.8999938964844,24423000
2026-04-15,396.0931091308594,396.7200012207031,397.0799865722656,385.57000732421875,389.8800048828125,29559300
2026-04-16,397.8403625488281,398.4700012207031,399.67999267578125,392.3500061035156,395.0,18872900
2026-04-17,405.8976135253906,406.5400085449219,406.7300109863281,399.80999755859375,400.8999938964844,20581700
2026-04-20,398.9985046386719,399.6300048828125,406.4200134277344,395.8999938964844,405.70001220703125,16922000
2026-04-21,401.5345153808594,402.1700134277344,403.6000061035156,394.57000732421875,399.4100036621094,16275500
2026-04-22,421.98211669921875,422.6499938964844,423.20001220703125,404.8599853515625,406.9800109863281,23702500
2026-04-23,419.27642822265625,419.94000244140625,429.30999755859375,417.79998779296875,422.3900146484375,19501600
2026-04-24,422.09197998046875,422.760009765625,425.0,408.8599853515625,424.9800109863281,22491100
2026-04-27,417.5391845703125,418.20001220703125,422.75,414.6300048828125,420.4800109863281,17451600
2026-04-28,399.19818115234375,399.8299865722656,405.80999755859375,394.6499938964844,400.30999755859375,25519200
2026-04-29,404.809326171875,405.45001220703125,405.6400146484375,396.7799987792969,403.5,15962500
2026-04-30,416.7703857421875,417.42999267578125,418.3800048828125,404.2300109863281,415.5199890136719,21821600
2026-05-01,420.6142883300781,421.2799987792969,423.1700134277344,413.2799987792969,415.0899963378906,11882600
2026-05-04,415.84185791015625,416.5,423.8299865722656,409.5299987792969,418.2200012207031,15140400
2026-05-05,426.6846923828125,427.3599853515625,433.3900146484375,419.3500061035156,421.6600036621094,21175200
2026-05-06,424.7677307128906,425.44000244140625,437.67999267578125,417.7799987792969,435.55999755859375,20707000
2026-05-07,411.9080810546875,412.55999755859375,426.489990234375,406.29998779296875,421.82000732421875,22791700
2026-05-08,429.3205261230469,430.0,435.0,414.0,419.79998779296875,22561400
2026-05-11,427.75299072265625,428.42999267578125,433.6499938964844,425.04998779296875,427.6199951171875,16825500
2026-05-12,418.6374206542969,419.29998779296875,429.3399963378906,408.4100036621094,423.42999267578125,19004300
2026-05-13,416.13140869140625,416.7900085449219,418.6300048828125,404.79998779296875,415.80999755859375,16981200
2026-05-14,439.0950622558594,439.7900085449219,442.3599853515625,415.5899963378906,416.7300109863281,19733800
2026-05-15,424.51812744140625,425.19000244140625,432.80999755859375,419.79998779296875,432.80999755859375,18957100
2026-05-18,420.0451965332031,420.7099914550781,422.010009765625,414.3699951171875,421.4100036621094,17863300
2026-05-19,410.4204406738281,411.07000732421875,417.95001220703125,405.8599853515625,409.82000732421875,20652100
2026-05-20,417.0998840332031,417.760009765625,424.1700134277344,411.4200134277344,412.80999755859375,16312600
2026-05-21,413.9149169921875,414.57000732421875,422.25,410.5,413.54998779296875,16865300
2026-05-22,413.485595703125,414.1400146484375,419.989990234375,410.2099914550781,417.489990234375,14086400
2026-05-26,421.3431701660156,422.010009765625,435.30999755859375,417.0,418.5,22562900
2026-05-27,421.193359375,421.8599853515625,432.79998779296875,416.489990234375,425.07000732421875,17601000
2026-05-28,425.9059143066406,426.5799865722656,429.67999267578125,414.010009765625,421.1400146484375,17855600
2026-05-29,446.06402587890625,446.7699890136719,448.8999938964844,431.4700012207031,432.95001220703125,41798400
2026-06-01,459.2431640625,459.9700012207031,466.04998779296875,442.2200012207031,450.0899963378906,30586000
2026-06-02,480.8090515136719,481.57000732421875,488.82000732421875,470.4599914550781,488.7900085449219,38306700
2026-06-03,478.4727478027344,479.2300109863281,495.0,472.6400146484375,494.7799987792969,50126400
2026-06-04,418.248046875,418.9100036621094,426.4800109863281,403.010009765625,408.989990234375,80979400
2026-06-05,385.1204833984375,385.7300109863281,410.5,385.5899963378906,407.6099853515625,51146100
2026-06-08,395.9732971191406,396.6000061035156,402.8399963378906,391.3500061035156,402.6199951171875,37099000
2026-06-09,391.5403137207031,392.1600036621094,407.8699951171875,370.3299865722656,401.6099853515625,37026900
2026-06-10,371.51202392578125,372.1000061035156,385.80999755859375,371.1700134277344,381.5,38193500
2026-06-11,384.9607238769531,385.57000732421875,389.5,370.54998779296875,372.82000732421875,35187600
2026-06-12,381.4662780761719,382.07000732421875,384.9800109863281,377.0,383.7200012207031,27600900
2026-06-15,393.3175048828125,393.94000244140625,396.20001220703125,388.6000061035156,395.510009765625,32394200
2026-06-16,376.1147155761719,376.7099914550781,391.7900085449219,376.4599914550781,390.2099914550781,31573700
2026-06-17,392.2791442871094,392.8999938964844,400.6499938964844,382.6499938964844,388.7099914550781,40005500
2026-06-18,410.70001220703125,411.3500061035156,412.70001220703125,405.3800048828125,409.5799865722656,45076100
2026-06-22,392.1300048828125,392.1300048828125,414.6400146484375,391.9100036621094,413.6600036621094,26403700
2026-06-23,380.1499938964844,380.1499938964844,391.0199890136719,376.6600036621094,377.8699951171875,33122200
2026-06-24,382.07000732421875,382.07000732421875,388.739990234375,376.9599914550781,386.6199951171875,29938700
2026-06-25,378.9100036621094,378.9100036621094,388.79998779296875,372.70001220703125,386.5799865722656,23353700
2026-06-26,365.0199890136719,365.0199890136719,373.69000244140625,363.8299865722656,370.45001220703125,34839300
2026-06-29,372.45001220703125,372.45001220703125,376.2099914550781,360.4599914550781,373.6199951171875,24285200
2026-06-30,377.75,377.75,379.6199951171875,370.6400146484375,374.7900085449219,28517400
2026-07-01,369.3399963378906,369.3399963378906,373.75,368.0299987792969,371.8699951171875,23712600
2026-07-02,360.45001220703125,360.45001220703125,374.0,356.42999267578125,365.7300109863281,26749500
2026-07-06,373.8999938964844,373.8999938964844,383.1600036621094,371.17999267578125,373.6099853515625,24544000
2026-07-07,370.7799987792969,370.7799987792969,372.9599914550781,362.010009765625,366.55999755859375,24116700
2026-07-08,388.69000244140625,388.69000244140625,395.0899963378906,376.8900146484375,377.5199890136719,31624100
2026-07-09,401.1099853515625,401.1099853515625,407.5199890136719,387.92999267578125,402.19000244140625,28074000
2026-07-10,399.9700012207031,399.9700012207031,402.44000244140625,395.70001220703125,398.5,14595900
2026-07-13,384.04998779296875,384.04998779296875,395.75,383.4200134277344,393.4800109863281,21294500
2026-07-14,389.1099853515625,389.1099853515625,397.3299865722656,384.6400146484375,395.7200012207031,20118700
2026-07-15,394.2799987792969,394.2799987792969,399.0,386.739990234375,396.0899963378906,16324100
2026-07-16,374.45001220703125,374.45001220703125,386.739990234375,371.8999938964844,384.5400085449219,23407200
2026-07-17,370.8299865722656,370.8299865722656,377.3500061035156,357.79998779296875,366.04998779296875,23272200
2026-07-20,378.1600036621094,378.1600036621094,383.5899963378906,375.9599914550781,378.760009765625,14420500
2026-07-21,386.5,386.5,390.5799865722656,379.2200012207031,390.2099914550781,17291100
2026-07-22,396.80999755859375,396.80999755859375,398.5899963378906,380.0,380.20001220703125,16910400
2026-07-23,392.7101135253906,392.7101135253906,397.6000061035156,386.82000732421875,392.19000244140625,6002935
